{
"type": "FeatureCollection",
"name": "osm_waterways",
"crs": { "type": "name", "properties": { "name": "urn:ogc:def:crs:EPSG::5347" } },
"features": [
{"type":"Feature","properties":{"osm_id":184150449,"waterway":"stream","name":"Arroyo de la Cruz"},"geometry":{"type":"LineString","coordinates":[[5562653.464320110157132,6180969.858697089366615],[5562656.675013025291264,6180981.607722954824567],[5562685.378310281783342,6181011.112512305378914],[5562729.180080151185393,6181065.276943474076688],[5562788.171228928491473,6181138.442274777218699],[5562831.393045260570943,6181200.364839481189847],[5562855.293057190254331,6181229.624271594919264],[5562885.723195322789252,6181267.115517236292362],[5562902.29718460328877,6181280.393669251352549],[5562907.411643017083406,6181284.363942097872496],[5562908.51497795432806,6181288.627642623148859],[5562908.009500129148364,6181292.635987315326929],[5562904.445246271789074,6181320.938641127198935],[5562904.503111715428531,6181329.480599199421704],[5562909.128350719809532,6181339.855401009321213],[5562921.259782786481082,6181349.369482396170497],[5562926.675110119394958,6181357.076371425762773],[5562930.512131527066231,6181370.385310055688024],[5562934.584956140257418,6181377.835037556476891],[5562951.276725522242486,6181388.128031794913113],[5562961.784831523895264,6181396.588046118617058],[5562965.045975637622178,6181403.510753958486021],[5562965.094793572090566,6181410.710403825156391],[5562960.070724262855947,6181420.085583825595677],[5562956.106463360600173,6181428.65481058973819],[5562956.146248885430396,6181434.523246055468917],[5562960.231681643985212,6181443.825568562373519],[5562961.419968253932893,6181461.96723120007664],[5562964.282326254062355,6181488.628797896206379],[5562969.453121669590473,6181499.532381299883127],[5562975.690977578051388,6181510.694980721920729],[5562978.703914931043983,6181520.281917206943035],[5562982.588325720280409,6181539.204056246206164],[5562990.244770594872534,6181561.828179009258747],[5563004.252344106324017,6181579.805215833708644],[5563020.392808082513511,6181594.051281936466694],[5563024.083412661217153,6181599.28477315697819],[5563024.322484210133553,6181604.741378796286881],[5563024.835935449227691,6181619.503954201005399],[5563021.538495847024024,6181643.788820183835924],[5563017.979610895738006,6181657.968861751258373],[5563017.432531210593879,6181666.670237444341183],[5563020.736938358284533,6181674.53561870008707],[5563029.933267920278013,6181683.159777472727001],[5563038.153862553648651,6181696.860489529557526],[5563047.867861221544445,6181720.857343447394669],[5563060.61745891906321,6181744.223408138379455],[5563076.789474082179368,6181761.70860218629241],[5563100.127623491920531,6181789.051987775601447],[5563105.675684300251305,6181797.312572023831308],[5563109.601392718032002,6181807.392492705024779],[5563108.667213386856019,6181819.93501338455826],[5563108.707090047188103,6181825.803446216508746],[5563111.045396948233247,6181840.14313842728734],[5563111.205178798176348,6181852.844634225592017],[5563112.710794411599636,6181858.170596574433148],[5563117.299347404390574,6181863.076225232332945],[5563123.896374329924583,6181867.568818542174995],[5563128.191396027803421,6181868.471518253907561],[5563137.035227492451668,6181867.080126603133976],[5563143.598704368807375,6181866.636122856289148],[5563154.18726265616715,6181866.564127635210752],[5563164.23309004958719,6181866.362683963030577],[5563176.717717723920941,6181869.60595540329814],[5563196.356724644079804,6181879.612222513183951],[5563209.642357779666781,6181881.796073684468865],[5563221.839859477244318,6181881.979306383058429],[5563234.022784817963839,6181880.021487989462912],[5563243.939151389524341,6181879.687712300568819],[5563257.362433163449168,6181883.201833434402943],[5563266.906543074175715,6181887.541126290336251],[5563276.875596740283072,6181894.939447606913745],[5563288.746413769200444,6181905.131571657955647],[5563298.480976021848619,6181918.544395280070603],[5563307.336194434203207,6181939.030056176707149],[5563316.270032272674143,6181952.182064598426223],[5563322.505875822156668,6181962.945069946348667],[5563340.055102933198214,6182000.445028644055128],[5563341.568240000866354,6182005.50464965775609],[5563342.845891762524843,6182016.43458167091012],[5563345.148930457420647,6182020.157539720647037],[5563347.290534380823374,6182020.409188538789749],[5563354.129622102715075,6182019.963158464059234],[5563359.63506028894335,6182021.922516763210297],[5563369.60349855851382,6182029.198712341487408],[5563380.762218066491187,6182034.59189569670707],[5563392.194643385708332,6182039.716942724771798],[5563402.117539505474269,6182040.314849996007979],[5563408.566171304322779,6182043.210728],[5563411.948276337236166,6182047.591941037215292],[5563414.521236747503281,6182051.834455858916044],[5563417.477451588027179,6182053.023513652384281],[5563423.65342512074858,6182053.646980833262205],[5563438.79483013600111,6182063.93861835077405],[5563449.464306523092091,6182070.300236948765814],[5563452.541903941892087,6182070.434528129175305],[5563455.766150538809597,6182069.181071056053042],[5563460.661397728137672,6182065.164893173612654],[5563466.044868568889797,6182064.051994893699884],[5563469.745893571525812,6182064.026704930700362],[5563477.136930307373405,6182065.052310288883746],[5563482.543449058197439,6182067.311809787526727],[5563487.493128022179008,6182071.260711304843426],[5563489.379703105427325,6182075.851810620166361],[5563489.55803570151329,6182080.44349248893559],[5563483.661619004793465,6182095.19439085572958],[5563479.391369218938053,6182101.968705839477479],[5563478.499229203909636,6182105.813314132392406],[5563478.534786737523973,6182111.016139612533152],[5563479.318037614226341,6182114.08381427731365],[5563484.434108337387443,6182118.186895948834717],[5563488.286265323869884,6182118.770734035409987],[5563493.370105641894042,6182119.501466501504183],[5563503.86262642685324,6182122.802300084382296],[5563508.489406962879002,6182123.846780204214156],[5563512.072254717350006,6182130.7116330685094],[5563513.648653727024794,6182135.604385489597917],[5563518.604678438976407,6182140.47402663435787],[5563522.948358613066375,6182144.438148058019578],[5563525.762674314901233,6182150.387452811002731],[5563529.769147855229676,6182152.046333033591509],[5563537.176806566305459,6182154.147892885841429],[5563545.658894774504006,6182156.231002401560545],[5563547.989979931153357,6182158.666820200160146],[5563552.482671131379902,6182162.929445695132017],[5563557.446093925274909,6182168.875130521133542],[5563561.801496391184628,6182175.889994050376117],[5563564.324395873583853,6182183.538658186793327],[5563567.237674682401121,6182205.28507755883038],[5563569.125301838852465,6182210.020375502295792],[5563577.65574077796191,6182219.158886695280671],[5563585.688431087881327,6182224.007433807477355],[5563594.487098519690335,6182226.709594920277596],[5563600.811061806045473,6182228.807430853135884],[5563606.735200606286526,6182232.871632066555321],[5563607.99105806555599,6182236.546228135935962],[5563607.25425454415381,6182241.610121158882976],[5563604.521671932190657,6182247.608479396440089],[5563602.571765933185816,6182253.901014529168606],[5563601.850681343115866,6182261.261249666102231],[5563602.957782465964556,6182266.012979296036065],[5563604.203083861619234,6182268.145587157458067],[5563609.908642035908997,6182269.792799383401871],[5563613.017524709925056,6182273.14407395850867],[5563614.273313691839576,6182276.807575630955398],[5563614.000947022810578,6182282.633771651424468],[5563614.505033621564507,6182287.844482121057808],[5563615.44439341686666,6182290.899982698261738],[5563619.794414722360671,6182295.773721881210804],[5563625.040796800516546,6182297.424070076085627],[5563636.280100356787443,6182298.423192866146564],[5563644.759227153845131,6182300.051382512785494],[5563648.937406612560153,6182302.629835314117372],[5563654.363035035319626,6182307.651503914035857],[5563656.704920301213861,6182312.993839817121625],[5563657.043478191830218,6182316.830031148158014],[5563656.798428688198328,6182326.63877435401082],[5563650.034240859560668,6182339.387714613229036],[5563631.116632210090756,6182355.803259772248566],[5563627.93879078142345,6182361.161223739385605],[5563627.699821210466325,6182366.499056455679238],[5563629.350929792970419,6182371.55768736358732],[5563642.309058749116957,6182384.80385912861675],[5563666.29525657184422,6182404.386745855212212],[5563674.98294048383832,6182420.346880122087896],[5563680.182519735768437,6182435.254804579541087],[5563681.317361262626946,6182444.044537045061588],[5563678.723447696305811,6182456.875845037400723],[5563675.850336789153516,6182467.834186192601919],[5563675.929040240123868,6182479.3158970028162],[5563677.322920879349113,6182487.038833478465676],[5563679.501220762729645,6182492.626351945102215],[5563684.63863417878747,6182498.459839058108628],[5563690.828634388744831,6182502.422321180813015],[5563701.081528536044061,6182512.225645341910422],[5563714.308194764889777,6182525.747227882035077],[5563724.063235014677048,6182540.623882566578686],[5563737.572756195440888,6182556.539788455702364],[5563741.396829002536833,6182566.387176260352135],[5563743.059019868262112,6182574.385611341334879],[5563742.302088622003794,6182580.525765898637474],[5563738.845050327479839,6182585.353171303868294],[5563739.148003352805972,6182590.687288090586662],[5563741.862751477397978,6182595.472346473485231],[5563744.289161181077361,6182597.05322777852416],[5563758.812974969856441,6182604.164632609114051],[5563766.854699361138046,6182603.576926161535084],[5563774.133981003426015,6182609.661918024532497],[5563786.313831453211606,6182627.195507830008864],[5563797.08864528965205,6182634.055245762690902],[5563814.914988259784877,6182653.946316928602755],[5563835.654729093424976,6182668.747395396232605],[5563841.637223371304572,6182679.911187366582453],[5563846.844565307721496,6182697.226358072832227],[5563849.596072236075997,6182707.347329277545214],[5563856.633009925484657,6182716.906334232538939],[5563864.706018529832363,6182720.855760737322271],[5563878.398021994158626,6182724.50029131770134],[5563889.386112361215055,6182723.614872541278601],[5563897.993664594367146,6182727.826849509961903],[5563909.600837461650372,6182739.495515261776745],[5563917.987937958911061,6182750.376462588086724],[5563929.578598588705063,6182759.637827689759433],[5563944.135796232149005,6182771.541312141343951],[5563951.696411090902984,6182779.765367281623185],[5563958.100680517964065,6182790.793056015856564],[5563964.919027623720467,6182801.928829188458622],[5563973.500626082532108,6182809.025347267277539],[5563983.463155483826995,6182819.25193901732564],[5563988.014400992542505,6182827.94044909067452],[5563989.427703465335071,6182837.105422899127007],[5563992.400701859034598,6182844.68431072961539],[5563998.336014330387115,6182858.289002296514809],[5564005.823396686464548,6182869.198258507996798],[5564013.518777851015329,6182876.966484071686864],[5564022.091232233680785,6182882.720652158372104],[5564035.40916402079165,6182890.683086634613574],[5564043.306586937978864,6182895.776250314898789],[5564056.655449813231826,6182909.551678998395801],[5564066.635154711082578,6182923.57220165617764],[5564072.536656321957707,6182932.251360713504255],[5564072.837265810929239,6182942.54448629450053],[5564074.078048365190625,6182959.975640624761581],[5564076.15420010779053,6182968.015540069900453],[5564080.915170732885599,6182973.795941259711981],[5564084.976439330726862,6182976.674547839909792],[5564090.828708930872381,6182978.209522563032806],[5564097.793619442731142,6182977.262863704003394],[5564104.971228269860148,6182975.194241649471223],[5564112.600564648397267,6182974.697839786298573],[5564118.227737652137876,6182975.557618771679699],[5564125.673624969087541,6182980.420857161283493],[5564134.725614601746202,6182989.089327032677829],[5564141.968092625029385,6182996.416817001067102],[5564150.983047517947853,6183001.047323902137578],[5564161.328156840987504,6183002.773111738264561],[5564171.676172005943954,6183003.589162892661989],[5564181.678863075561821,6183006.271374277770519],[5564195.789605711586773,6183007.960016705095768],[5564205.02800596319139,6183011.690316776745021],[5564208.203097259625793,6183015.251726245507598],[5564208.907538011670113,6183020.161485075950623],[5564208.061567422933877,6183027.999671445228159],[5564209.704728883691132,6183037.163025853224099],[5564212.249539479613304,6183047.873303807340562],[5564217.311066553927958,6183061.239832574501634],[5564226.153899358585477,6183076.832296121865511],[5564234.209100065752864,6183092.751921736635268],[5564238.739789197221398,6183105.057088279165328],[5564242.297079425305128,6183113.408437240868807],[5564245.816809955053031,6183117.655277343466878],[5564247.909686911851168,6183121.446036038920283],[5564249.875881687738001,6183129.497753029689193],[5564252.769468276761472,6183134.847222901880741],[5564258.049024348147213,6183139.880654266104102],[5564264.286947502754629,6183145.362306856550276],[5564268.76628974545747,6183150.234857432544231],[5564272.793634857982397,6183157.484641183167696],[5564276.792078729718924,6183161.883474023081362],[5564281.106544868089259,6183165.492447327822447],[5564285.88549873791635,6183167.20113689173013],[5564290.65240338165313,6183167.168154761195183],[5564297.151290687732399,6183165.226116936653852],[5564300.961901917122304,6183165.044431415386498],[5564305.887096663936973,6183165.320977077819407],[5564309.556922624818981,6183167.359055665321648],[5564318.49852616339922,6183173.298999982886016],[5564327.597434837371111,6183179.404256341047585],[5564334.607883252203465,6183182.362184052355587],[5564340.826292002573609,6183185.014960076659918],[5564346.713325708173215,6183186.238905114121735],[5564355.315984817221761,6183189.651737492531538],[5564361.367925329133868,6183192.139243446290493],[5564364.718457505106926,6183194.490143419243395],[5564371.126994390971959,6183202.045116032473743],[5564377.855857769027352,6183209.431455468758941],[5564385.561441238038242,6183221.237515228800476],[5564389.875977604649961,6183224.846438738517463],[5564397.071070062927902,6183231.907808761112392],[5564401.54217794816941,6183234.250929567031562],[5564405.364888655021787,6183235.810870891436934],[5564409.177680853754282,6183235.939757578074932],[5564414.887772802263498,6183234.158421446569264],[5564423.603956871666014,6183231.413252517580986],[5564434.949802876450121,6183227.729040550999343],[5564439.140816600061953,6183226.768083120696247],[5564444.543661841191351,6183227.041243512183428],[5564455.513680378906429,6183227.442193384282291],[5564466.494706345722079,6183229.429491576738656],[5564476.701567899435759,6183232.365136357024312],[5564485.272969342768192,6183236.554644940420985],[5564492.267739053815603,6183241.209941685199738],[5564499.274836642667651,6183247.640182902105153],[5564508.328976110555232,6183256.530163016170263],[5564518.846706714481115,6183264.544642466120422],[5564532.390814925543964,6183274.512819309718907],[5564546.38957404345274,6183283.812180446460843],[5564558.583416305482388,6183292.447329099290073],[5564573.040076555684209,6183302.863960662856698],[5564582.99460859131068,6183313.089983351528645],[5564586.871445121243596,6183321.106166135519743],[5564588.504297947511077,6183330.047650973312557],[5564586.339350916445255,6183341.023542141541839],[5564581.714655725285411,6183354.923148627392948],[5564577.2946691904217,6183365.237977284938097],[5564574.670449675992131,6183376.217056440189481],[5564573.821662214584649,6183383.611538683064282],[5564576.582649485208094,6183392.312211699783802],[5564582.72093438450247,6183403.230393716134131],[5564591.57983704097569,6183417.036281087435782],[5564599.943582463078201,6183424.355630418285728],[5564610.998490744270384,6183430.32498453464359],[5564623.623981215059757,6183436.272309395484626],[5564634.650832403451204,6183438.203625869005919],[5564642.749274144880474,6183440.38827464915812],[5564651.535132810473442,6183443.677530880086124],[5564656.95478586666286,6183447.666933818720281],[5564664.194943622685969,6183454.550285717472434],[5564670.783284386619925,6183464.122909384779632],[5564677.290229631587863,6183483.114876186475158],[5564688.180962261743844,6183498.470782476477325],[5564699.046860201284289,6183510.254590776748955],[5564706.041865298524499,6183514.898635904304683],[5564715.529381242580712,6183521.322541331872344],[5564722.974475285969675,6183525.963439512066543],[5564727.958197683095932,6183531.974941220134497],[5564732.06958928424865,6183540.666163966059685],[5564734.380860186181962,6183550.712295421399176],[5564736.712294777855277,6183562.333629653789103],[5564739.228242835961282,6183568.794981405138969],[5564747.632819343358278,6183581.938251903280616],[5564759.656824240460992,6183599.072310473769903],[5564766.454907121136785,6183607.079157096333802],[5564773.698438860476017,6183614.417255804874003],[5564777.805268249474466,6183622.442852512933314],[5564781.893484748899937,6183629.115112765692174],[5564786.861676978878677,6183632.885710119269788],[5564794.300707872956991,6183636.639077690429986],[5564801.964657695963979,6183639.714138776063919],[5564807.156229137443006,6183642.584556186571717],[5564812.135347864590585,6183647.919314103201032],[5564816.226772303692997,6183655.046390234492719],[5564817.642544171772897,6183664.433109320700169],[5564821.618071226403117,6183686.548946474678814],[5564823.276121268048882,6183699.062474333681166],[5564822.685216051526368,6183710.482291924767196],[5564822.589757353998721,6183729.719902535900474],[5564824.949353059753776,6183745.357035661116242],[5564827.021670984104276,6183752.731164300814271],[5564832.230415619909763,6183758.053216357715428],[5564839.000579314306378,6183762.033095509745181],[5564856.554421140812337,6183767.257902170531452],[5564868.961626655422151,6183773.428306893445551],[5564878.22925319802016,6183781.195957262068987],[5564884.575934631749988,6183788.983992238529027],[5564891.811798386275768,6183795.190470512025058],[5564899.921537215821445,6183798.93907317891717],[5564907.346456348896027,6183799.330978466197848],[5564921.770075084641576,6183806.163963279686868],[5564934.179004678502679,6183812.567244031466544],[5564952.000314404256642,6183823.181674968451262],[5564969.605867352336645,6183834.463219104334712],[5564983.39639131911099,6183845.327647933736444],[5564992.667289063334465,6183853.538923047482967],[5565001.95873430930078,6183865.999037016183138],[5565014.409282549284399,6183883.584646550938487],[5565017.141872885636985,6183888.147341224364936],[5565017.331580594182014,6183891.6295215068385],[5565016.242250910028815,6183894.798924301750958],[5565013.240159375593066,6183897.671076210215688],[5565011.342840702272952,6183899.581417574547231],[5565010.172263992018998,6183901.641990653239191],[5565010.344480697065592,6183903.937238271348178],[5565011.710816172882915,6183906.224132982082665],[5565014.185264622792602,6183908.026235106401145],[5565016.339102199301124,6183908.643524412997067],[5565018.88036216981709,6183909.491076303645968],[5565020.647526813670993,6183911.298124779015779],[5565024.732652948237956,6183916.173079994507134],[5565030.923807357437909,6183926.646847632713616],[5565036.469269318506122,6183936.736840630881488],[5565042.489932935684919,6183945.15940897166729],[5565046.437719221226871,6183952.720057447440922],[5565048.071622938849032,6183959.109844137914479],[5565048.884875691495836,6183962.432343944907188],[5565050.173240906558931,6183964.076328509487212],[5565052.416107958182693,6183966.911781088449061],[5565054.748246881179512,6183970.689595924690366],[5565056.517892039380968,6183974.160716307349503],[5565059.170653804205358,6183979.123340823687613],[5565059.911514424718916,6183982.601662046276033],[5565059.938616056926548,6183986.473268644884229],[5565060.169265024363995,6183995.801684639416635],[5565060.099128670990467,6184009.403385201469064],[5565061.183620842173696,6184016.041082737036049],[5565063.203130692243576,6184021.085796745494008],[5565066.131314060650766,6184031.271751897409558],[5565068.244606510736048,6184037.902246222831309],[5565071.603932189755142,6184041.439892308786511],[5565074.086448441259563,6184043.075513103976846],[5565077.280766980722547,6184045.349599722772837],[5565081.518796453252435,6184049.746419550850987],[5565084.628816709853709,6184051.788120582699776],[5565089.891549347899854,6184054.280691872350872],[5565096.585619062185287,6184056.530262032523751],[5565102.867674013599753,6184057.662222233600914],[5565107.31525250710547,6184057.875135283917189],[5565113.509446707554162,6184056.955318909138441],[5565118.982804347760975,6184055.419286329299212],[5565126.105397654697299,6184051.963531015440822],[5565131.391252765432,6184047.26702253613621],[5565136.768881435506046,6184042.558773756958544],[5565141.504352652467787,6184039.286145036108792],[5565145.391297729685903,6184038.149504249915481],[5565149.202258336357772,6184037.967476172372699],[5565153.105299325659871,6184039.127171874046326],[5565157.335905583575368,6184041.149899537675083],[5565160.767119096592069,6184044.454036735929549],[5565164.538352582603693,6184049.087065627798438],[5565169.265748584643006,6184055.144511400721967],[5565173.273095714859664,6184059.387592216022313],[5565176.231339675374329,6184062.051589897833765],[5565179.341930038295686,6184064.17091357242316],[5565183.495483933016658,6184066.992936114780605],[5565186.379387021996081,6184070.844507250003517],[5565192.485351355746388,6184080.919385506771505],[5565197.947323699481785,6184088.236377770081162],[5565200.02601208537817,6184091.228263146243989],[5565200.842912274412811,6184093.751958720386028],[5565201.106176602654159,6184097.233619773760438],[5565201.136137540452182,6184101.504589593037963],[5565203.083108796738088,6184107.980906128883362],[5565207.250292330048978,6184123.216979613527656],[5565210.655155296437442,6184133.233138030394912],[5565214.360433741472661,6184140.240720534697175],[5565218.703505624085665,6184147.809619022533298],[5565220.886525813490152,6184153.88489250652492],[5565222.616564938798547,6184162.171044879592955],[5565224.185777752660215,6184171.10177593305707],[5565225.438705835491419,6184179.468933545984328],[5565225.638770545832813,6184185.72453052457422],[5565224.567767832428217,6184191.500912209041417],[5565224.122878508642316,6184196.174596783705056],[5565224.155573611147702,6184200.83383599948138],[5565222.536220620386302,6184207.013448175042868],[5565220.51603577658534,6184213.672913365997374],[5565218.876438963226974,6184218.277322634123266],[5565219.058129378594458,6184221.914870747365057],[5565217.462894896045327,6184235.46071002446115],[5565218.540515108965337,6184242.409069427289069],[5565220.23678395524621,6184245.880674550309777],[5565223.209578296169639,6184250.608034848235548],[5565228.522128887474537,6184261.487223530188203],[5565231.519300074316561,6184269.68682343326509],[5565234.652470828033984,6184273.703040483407676],[5565236.885968331247568,6184275.185051275417209],[5565241.575213790871203,6184275.78449525963515],[5565246.429806063883007,6184276.382776247337461],[5565250.652522257529199,6184278.571928504854441],[5565253.05861240811646,6184281.084463321603835],[5565254.585660632699728,6184284.002551751211286],[5565257.060256015509367,6184285.804590406827629],[5565260.089585020206869,6184286.803967679850757],[5565264.691725071519613,6184286.771655280143023],[5565272.715768595226109,6184286.082955221645534],[5565280.651606257073581,6184284.607195609249175],[5565288.656487329863012,6184282.49858773034066],[5565297.624170184135437,6184280.139141847379506],[5565305.698934668675065,6184276.210616477765143],[5565310.687399537302554,6184273.635046885348856],[5565315.285090162418783,6184272.97038403339684],[5565319.900853266008198,6184273.570304953493178],[5565323.166368153877556,6184274.190806853584945],[5565325.71664487477392,6184276.302926910109818],[5565327.804055435582995,6184279.217065570876002],[5565329.744741193018854,6184283.474605922587216],[5565331.612190023995936,6184289.07503152359277],[5565333.783618998713791,6184293.486264885403216],[5565335.822828000411391,6184301.304277220740914],[5565339.969720939174294,6184313.611626942642033],[5565342.808366295881569,6184322.766388959251344],[5565345.54740374814719,6184328.205369074828923],[5565349.082814810797572,6184333.239366568624973],[5565353.249331074766815,6184337.880636506713927],[5565359.24465686827898,6184343.929074309766293],[5565363.801655209623277,6184347.924143498763442],[5565368.684691372327507,6184352.560368183068931],[5565373.484434421174228,6184357.108424382284284],[5565375.89036475867033,6184360.896736449562013],[5565381.202821735292673,6184370.422377191483974],[5565385.229361358098686,6184377.361070481128991],[5565388.432689,6184380.888608948327601],[5565392.505411949940026,6184383.944083330221474],[5565396.333760076202452,6184386.213603054173291],[5565399.290531753562391,6184388.644569029100239],[5565402.104201772250235,6184394.238323650322855],[5565405.081037921831012,6184399.520298087969422],[5565406.070885482244194,6184404.416869880631566],[5565406.728060636669397,6184407.729344060644507],[5565408.675521179102361,6184412.94090261310339],[5565411.02906846627593,6184419.724947539158165],[5565413.594442539848387,6184434.41750474460423],[5565416.371416049078107,6184445.23677512165159],[5565416.899758256971836,6184452.433046003803611],[5565417.439733440987766,6184461.282237011007965],[5565417.099848376587033,6184469.11697427649051],[5565416.022004217840731,6184475.215150834992528],[5565414.255460573360324,6184482.660544374026358],[5565411.462851841934025,6184493.119624312035739],[5565409.554368176497519,6184503.894207228906453],[5565408.710021221078932,6184507.927260514348745],[5565409.034728168509901,6184516.212173277512193],[5565408.684294952079654,6184522.54929733928293],[5565409.579225164838135,6184525.704782395623624],[5565411.424519668333232,6184528.143565818667412],[5565414.690311846323311,6184530.09531217534095],[5565420.277730043046176,6184532.984800728969276],[5565428.161066339351237,6184535.769374874420464],[5565435.398927254602313,6184536.905484114773571],[5565439.843934431672096,6184536.718878191895783],[5565444.684775744564831,6184535.342428278177977],[5565446.417883505113423,6184533.588472915813327],[5565447.929693880490959,6184533.023130409419537],[5565450.068974363617599,6184532.85275283548981],[5565452.614085856825113,6184532.912490747869015],[5565458.723159365355968,6184531.604761469177902],[5565462.523694741539657,6184529.913902375847101],[5565466.089920141734183,6184528.868142308667302],[5565469.901000672020018,6184528.674892355687916],[5565473.490318888798356,6184529.603694154880941],[5565479.065209633670747,6184532.01619512680918],[5565482.021501772105694,6184534.369481311179698],[5565485.046482349745929,6184534.736461323685944],[5565489.171066679991782,6184534.707404640503228],[5565492.916006875224411,6184535.55744484718889],[5565495.234550677239895,6184537.360521353781223],[5565498.353110199794173,6184540.577989188954234],[5565503.151370986364782,6184544.893017669208348],[5565513.883982253260911,6184556.998568821698427],[5565518.724636228755116,6184567.326224971562624],[5565522.213834661059082,6184577.508088774979115],[5565522.8324079439044,6184587.066734729334712],[5565525.063928302377462,6184598.677490716800094],[5565528.728234353475273,6184611.542859464883804],[5565528.055856210179627,6184621.720773209817708],[5565526.892188511788845,6184632.57888213172555],[5565527.388059506192803,6184639.065361407585442],[5565530.687030540779233,6184644.4115901440382],[5565534.772390846163034,6184650.539946172386408],[5565541.117779947817326,6184657.983643758110702],[5565544.617525847628713,6184660.532770843245089],[5565547.117029033601284,6184664.542259863577783],[5565549.514981432817876,6184669.783895366825163],[5565553.403518041595817,6184679.264011363498867],[5565554.239302455447614,6184685.748092297464609],[5565554.637049932964146,6184695.252822778187692],[5565554.353669478558004,6184701.966674925759435],[5565555.313068941235542,6184710.346953335218132],[5565557.746754663065076,6184721.956275278702378],[5565558.91062711365521,6184726.762851968407631],[5565561.512488093227148,6184729.651124151423573],[5565575.172999661415815,6184738.729492049664259],[5565577.99271182436496,6184739.941033127717674],[5565582.482494492083788,6184739.576541720889509],[5565586.304803097620606,6184739.660516089759767],[5565589.910053881816566,6184741.532150045968592],[5565593.965936115942895,6184742.169172027148306],[5565596.094041384756565,6184741.710397445596755],[5565602.275680742226541,6184741.55583808850497],[5565616.986674651503563,6184740.664343918673694],[5565622.715049262158573,6184740.069211212918162],[5565626.073835913091898,6184738.259371527470648],[5565629.533303130418062,6184735.09535491745919],[5565631.438583123497665,6184734.305325978435576],[5565635.368777059018612,6184734.055699246935546],[5565637.849384105764329,6184735.380556225776672],[5565640.680148148909211,6184738.156250893138349],[5565644.190213252790272,6184742.158579315058887],[5565653.803259675391018,6184750.4777403017506],[5565662.39271735958755,6184758.249422611668706],[5565668.490146856755018,6184761.77861403580755],[5565675.492140087299049,6184767.209575088694692],[5565679.91276462841779,6184772.658768549561501],[5565684.231857593171299,6184779.340108606033027],[5565685.735212987288833,6184785.375703291967511],[5565687.243273169733584,6184792.076902995817363],[5565686.431497061625123,6184804.607736620120704],[5565683.683701439760625,6184813.579988635145128],[5565682.692944432608783,6184816.382670153863728],[5565676.926231453195214,6184827.162378207780421],[5565675.195686802268028,6184835.783527483232319],[5565675.243882423266768,6184842.605981120839715],[5565676.164200599305332,6184846.737532045692205],[5565678.093167750164866,6184849.297706937417388],[5565681.591942276805639,6184850.393480398692191],[5565685.293306498788297,6184850.25639006216079],[5565688.788382609374821,6184852.12876517418772],[5565692.868072004057467,6184856.127051139250398],[5565699.532601310871542,6184861.893198987469077],[5565706.658109803684056,6184867.889057660475373],[5565709.048283100128174,6184872.010217117145658],[5565711.553400995209813,6184876.796202013269067],[5565712.823989102616906,6184882.389678413979709],[5565712.855588553473353,6184886.860326740890741],[5565712.318891330622137,6184890.214500452391803],[5565710.1034921342507,6184893.924452332779765],[5565707.86463503818959,6184895.615466140210629],[5565704.737115283496678,6184897.65667306818068],[5565701.260427991859615,6184899.689252479933202],[5565698.809793044812977,6184902.61319172475487],[5565697.59463407099247,6184904.862761432304978],[5565696.718106957152486,6184908.230429384857416],[5565696.959905979223549,6184911.246281537227333],[5565698.335646929219365,6184914.819913309067488],[5565703.214333051815629,6184921.375256754457951],[5565708.216187886893749,6184931.05822775233537],[5565710.817864395678043,6184939.105158526450396],[5565711.829171325080097,6184947.008013730868697],[5565710.591363107785583,6184952.552655063569546],[5565708.098114774562418,6184959.847922849468887],[5565705.11619783565402,6184964.295492300763726],[5565703.076106428168714,6184968.115142438560724],[5565702.147512529976666,6184971.915843385271728],[5565702.184358382597566,6184977.129750133492053],[5565703.008208761923015,6184980.607435465790331],[5565705.745995440520346,6184985.813348431140184],[5565708.307214588858187,6184989.434070434421301],[5565713.104075769893825,6184993.504937413148582],[5565720.124180994927883,6184997.571180739440024],[5565727.797394371591508,6185003.052830250933766],[5565738.029657498933375,6185011.844571768306196],[5565746.348843758925796,6185020.328105607070029],[5565752.61470767762512,6185029.458510301075876],[5565766.109491225332022,6185050.086605531163514],[5565773.962413648143411,6185058.884044862352312],[5565790.456001313403249,6185077.43850583396852],[5565799.909496542066336,6185087.811036193743348],[5565804.696398478001356,6185090.461899221874774],[5565812.184275387786329,6185093.104735643602908],[5565817.905086122453213,6185094.007227508351207],[5565826.95760996080935,6185093.155468095093966],[5565837.936600896529853,6185094.497759274207056],[5565844.467893987894058,6185096.980934017337859],[5565848.62438702210784,6185100.124374093487859],[5565853.257184449583292,6185104.362742282450199],[5565854.401458396576345,6185107.671735923737288],[5565854.592362341471016,6185112.573920448310673],[5565854.791123784147203,6185118.585446706041694],[5565853.546846874989569,6185121.911358010023832],[5565850.569271250627935,6185128.267106188461185],[5565844.600747225806117,6185137.79472350794822],[5565835.771595019847155,6185148.141358636319637],[5565827.57206710241735,6185156.586457778699696],[5565822.221760826185346,6185163.90198193769902],[5565816.047538046725094,6185167.739827651530504],[5565805.76194554194808,6185173.514931510202587],[5565801.33430012781173,6185177.495721152983606],[5565799.94504660461098,6185182.409088356420398],[5565799.499834407120943,6185187.005143333226442],[5565800.655087915249169,6185193.16521598957479],[5565801.168601632118225,6185198.220432913862169],[5565800.769237086176872,6185209.295042659156024],[5565802.082946691662073,6185215.775718805380166],[5565805.136741396039724,6185220.180601104162633],[5565810.405981708317995,6185223.471498863771558],[5565817.574546980671585,6185226.416130092926323],[5565825.051305565983057,6185227.472598872147501],[5565832.549351459369063,6185231.535377315245569],[5565847.373574211262167,6185237.443339165300131],[5565861.544599218294024,6185241.924782156944275],[5565871.7548499815166,6185247.554755739867687],[5565878.954019860364497,6185253.516684141010046],[5565883.916228375397623,6185258.851007430814207],[5565888.728004087693989,6185264.996254165656865],[5565890.982596630230546,6185269.406772490590811],[5565891.998565785586834,6185277.941931769251823],[5565891.719632867723703,6185283.956841543316841],[5565888.912894981913269,6185291.087967312894762],[5565886.262408846057951,6185298.229078856296837],[5565885.683456926606596,6185305.987867656163871],[5565885.091936917975545,6185313.269704573787749],[5565886.40256388951093,6185318.008637700229883],[5565889.772167520597577,6185322.88829617202282],[5565898.400965044274926,6185329.627751697786152],[5565907.178090299479663,6185335.256750875152647],[5565913.569119498133659,6185339.959668958559632],[5565921.543837251141667,6185343.852589249610901],[5565935.403884217143059,6185348.502537635155022],[5565950.21262395195663,6185352.191655309870839],[5565958.49642021022737,6185355.61640537250787],[5565973.788571123965085,6185360.100822920911014],[5565982.236568396911025,6185363.357977509498596],[5565986.699915137141943,6185365.70041473582387],[5565989.899947385303676,6185368.684171998873353],[5565991.521890607662499,6185373.265566275455058],[5565996.841754271648824,6185383.667238868772984],[5566000.72845546156168,6185394.079081145115197],[5566006.349438753910363,6185402.892172925174236],[5566014.545848915353417,6185414.704538627527654],[5566018.084099413827062,6185421.324708726257086],[5566020.961432601325214,6185424.144337171688676],[5566024.476347007788718,6185426.18285952322185],[5566032.292800568044186,6185429.766179489903152],[5566039.154704223386943,6185434.7763009108603],[5566041.574774765409529,6185439.185608873143792],[5566042.245791304856539,6185444.406104808673263],[5566041.488321927376091,6185449.004389671608806],[5566038.345521715469658,6185454.085561889223754],[5566032.655691580846906,6185458.874189061112702],[5566025.534876218065619,6185463.983604583889246],[5566020.787230337038636,6185465.603751918300986],[5566014.585948375053704,6185465.647778552956879],[5566006.307414336130023,6185464.275423952378333],[5566002.801755735650659,6185462.247922891750932],[5565999.609561679884791,6185460.373511291109025],[5565995.949718751013279,6185459.922446123324335],[5565991.336703203618526,6185459.799869223497808],[5565988.968428849242628,6185461.392020088620484],[5565987.717458590865135,6185463.775007563643157],[5565987.272321441210806,6185468.3710708161816],[5565987.467784491367638,6185473.905575721524656],[5565990.078817160800099,6185483.217076922766864],[5565995.426845596171916,6185497.579097994603217],[5565999.278787810355425,6185503.087651348672807],[5566003.279041626490653,6185507.48575328104198],[5566011.521316394209862,6185527.041388439945877],[5566016.052371545694768,6185537.615059203468263],[5566020.071786405518651,6185544.708853251300752],[5566025.82902192696929,6185549.405102897435427],[5566032.062972158193588,6185553.953742331825197],[5566035.88911955524236,6185555.823641491122544],[5566041.16063129901886,6185560.689740747213364],[5566044.829498230479658,6185562.405437690205872],[5566048.986185578629375,6185565.537696779705584],[5566054.2624053042382,6185569.771398968063295],[5566056.667734171263874,6185573.393135754391551],[5566058.135767458938062,6185578.286243047565222],[5566062.308228149078786,6185583.637178721837699],[5566064.248202290385962,6185589.003973143175244],[5566067.478678425773978,6185596.25866789650172],[5566072.133380508050323,6185602.238529561087489],[5566075.810073208995163,6185605.052462292835116],[5566078.988852376118302,6185605.029874875210226],[5566083.753710118122399,6185604.530068404972553],[5566089.772843385115266,6185602.113182148896158],[5566096.586767142638564,6185599.058286326006055],[5566101.82249591127038,6185597.589948017150164],[5566107.221266740001738,6185597.085623322054744],[5566115.172703951597214,6185597.661450296640396],[5566121.690936452709138,6185598.247461365535855],[5566129.654761370271444,6185600.564941763877869],[5566138.266000422649086,6185604.774880381301045],[5566146.08466575294733,6185609.933436607010663],[5566154.888360362499952,6185617.947224240750074],[5566165.310478656552732,6185631.31897209584713],[5566171.864734452217817,6185636.963544431142509],[5566177.453605629503727,6185639.930240618065],[5566186.690928820520639,6185643.026282556355],[5566202.916450367309153,6185645.606621529906988],[5566216.605110755190253,6185648.038586971350014],[5566226.948506336659193,6185650.339041210711002],[5566237.154845416545868,6185655.32520233374089],[5566244.657922557555139,6185660.01997834444046],[5566254.694582988508046,6185663.110259452834725],[5566261.851476507261395,6185663.059266588650644],[5566269.476921513676643,6185663.004929235205054],[5566278.067964238114655,6185664.363732718862593],[5566286.519826721400023,6185668.108725362457335],[5566293.228073872625828,6185673.430391101166606],[5566300.751520992256701,6185680.976129498332739],[5566305.061131946742535,6185683.630145408213139],[5566310.668110340833664,6185689.12606053147465],[5566312.122598377987742,6185693.386870170012116],[5566311.838469685986638,6185697.349445910193026],[5566311.38888980820775,6185701.302107409574091],[5566312.688381943851709,6185705.730431795120239],[5566317.027357263490558,6185712.500098341144621],[5566318.822721959091723,6185718.178505070507526],[5566322.026383191347122,6185721.639166660606861],[5566327.474826270714402,6185728.090284686535597],[5566332.736381772905588,6185731.52517100982368],[5566336.883113896474242,6185733.237346461974084],[5566341.043380064889789,6185736.846493587829173],[5566348.252086231485009,6185745.337428152561188],[5566351.638078355230391,6185751.170890076085925],[5566352.456449029035866,6185755.125600853934884],[5566352.650943294167519,6185760.493697931058705],[5566354.452037269249558,6185766.970823510549963],[5566357.670372202992439,6185772.483754234388471],[5566362.97946126293391,6185782.574670892208815],[5566365.706686477176845,6185784.929320110939443],[5566372.406115902587771,6185788.997374247759581],[5566379.587730914354324,6185793.683244673535228],[5566386.457060169428587,6185798.382432905957103],[5566390.139628500677645,6185801.994968809187412],[5566394.148273919709027,6185806.237532047554851],[5566398.806538389995694,6185813.958964333869517],[5566402.360020386055112,6185821.36655736900866],[5566406.207820681855083,6185826.242620741948485],[5566413.257140323519707,6185834.268697719089687],[5566415.195225168019533,6185838.048997355625033],[5566417.437762696295977,6185840.717724585905671],[5566423.846353408880532,6185847.794287635013461],[5566427.381647177040577,6185853.937287978827953],[5566427.421186503022909,6185859.472900160588324],[5566428.085629147477448,6185863.739335391670465],[5566426.995416665449739,6185866.753590240143239],[5566424.488910959102213,6185872.152071780525148],[5566421.492368685081601,6185874.547584726475179],[5566419.439839451573789,6185876.614629425108433],[5566417.87868594750762,6185880.586328390054405],[5566417.451798054389656,6185887.71170992963016],[5566418.614270115271211,6185894.814646814018488],[5566419.938791646622121,6185901.450479190796614],[5566421.725144373252988,6185907.140025001950562],[5566424.347240935079753,6185910.205423035658896],[5566426.691415420733392,6185912.951080112718046],[5566432.608759073540568,6185918.134076399728656],[5566441.878068190068007,6185925.656139780767262],[5566454.377405477687716,6185939.023828372359276],[5566462.044857702217996,6185944.815563731826842],[5566472.270914040505886,6185952.497170131653547],[5566483.787474310956895,6185963.331323876976967],[5566491.64643479231745,6185972.771584902890027],[5566497.140350323170424,6185985.545848774723709],[5566501.040301285684109,6185997.699150278232992],[5566504.899488668888807,6186004.150437599979341],[5566509.541107625700533,6186008.233111045323312],[5566513.524919310584664,6186010.268100918270648],[5566517.026517072692513,6186010.398373876698315],[5566520.841605212539434,6186010.681718994863331],[5566527.534661171026528,6186012.54200929030776],[5566531.996156417764723,6186014.562480457127094],[5566534.99247282743454,6186017.27016400359571],[5566538.991532376036048,6186021.435077736154199],[5566541.402799559757113,6186025.844323431141675],[5566545.2848662128672,6186034.203595032915473],[5566547.06560423783958,6186039.094391729682684],[5566547.42497480660677,6186045.659454914741218],[5566547.549573936499655,6186051.51618333067745],[5566547.05768577568233,6186059.817997682839632],[5566547.666731528937817,6186067.890055077150464],[5566548.664637797512114,6186073.807098489254713],[5566548.640289749018848,6186081.961345586925745],[5566548.743934263475239,6186084.889413815923035],[5566549.802405970171094,6186088.997705476358533],[5566551.352828169241548,6186093.801397405564785],[5566554.660211214795709,6186101.4547626869753],[5566557.796780104748905,6186105.781156254932284],[5566562.188180622644722,6186109.554963710717857],[5566568.326978174969554,6186112.273428945802152],[5566575.571301487274468,6186114.11864668969065],[5566581.295815332792699,6186114.155326521955431],[5566584.467464732937515,6186113.111975375562906],[5566586.839701373130083,6186112.063252381049097],[5566589.142406805418432,6186111.569725440815091],[5566592.252943253144622,6186112.257469596341252],[5566595.281293374486268,6186114.299266426824033],[5566600.323163197375834,6186119.089044709689915],[5566604.663646946661174,6186126.013886749744415],[5566610.787230210378766,6186138.151220220141113],[5566616.361310889013112,6186150.536553030833602],[5566621.762765312567353,6186160.626665811985731],[5566633.485777199268341,6186178.41508551966399],[5566639.525754885748029,6186189.132970597594976],[5566645.254903381690383,6186201.350766016170382],[5566653.092190191149712,6186219.255755355581641],[5566658.408726407214999,6186229.024730800651014],[5566663.711120992898941,6186236.819076739251614],[5566668.602420092560351,6186243.662284357473254],[5566676.374019671231508,6186252.393006480298936],[5566683.347443343140185,6186260.008952986449003],[5566687.675644692033529,6186265.203185287304223],[5566689.846487541683018,6186269.381144135259092],[5566691.874182901345193,6186275.379541152156889],[5566692.314721305854619,6186280.435236030258238],[5566691.491186036728323,6186287.319406693801284],[5566688.850628515705466,6186295.803043686784804],[5566687.226069593802094,6186302.459983323700726],[5566686.31363314576447,6186308.479460383765399],[5566684.952929240651429,6186318.618016289547086],[5566685.173348281532526,6186326.293467630632222],[5566686.030398636125028,6186335.617357099428773],[5566688.847938452847302,6186351.816549651324749],[5566692.916528151370585,6186364.367947138845921],[5566695.091372329741716,6186369.100574811920524],[5566697.899116669781506,6186372.397540892474353],[5566700.856854026205838,6186374.828100459650159],[5566706.037530912086368,6186377.165059910155833],[5566710.589887429960072,6186380.29419509973377],[5566712.525973908603191,6186383.763817947357893],[5566718.231540249660611,6186392.664640009403229],[5566724.662218027748168,6186402.73621869739145],[5566733.152858914807439,6186413.048176086507738],[5566745.812797669321299,6186426.880282154306769],[5566760.460196989588439,6186443.649105226621032],[5566770.761999676004052,6186454.092252038419247],[5566777.75387458410114,6186457.847294336184859],[5566783.608721018768847,6186459.369511635042727],[5566789.114769106730819,6186459.662798295728862],[5566792.381395834498107,6186460.316075431182981],[5566794.301358297467232,6186461.533720375970006],[5566795.665627921000123,6186463.420993910171092],[5566796.023722387850285,6186467.223656550981104],[5566795.837780806235969,6186472.039777705445886],[5566796.654483667574823,6186475.728207312524319],[5566798.245722754858434,6186478.512462746351957],[5566800.957114260643721,6186481.177733987569809],[5566803.23225852381438,6186484.511776035651565],[5566806.182199410162866,6186488.406764052808285],[5566808.807480229996145,6186494.434126481413841],[5566811.11235015001148,6186501.906006490811706],[5566812.975132662802935,6186510.512646888382733],[5566816.407416493631899,6186518.875039864331484],[5566820.854466380551457,6186527.795934995636344],[5566826.110649830661714,6186540.62718902900815],[5566828.623228829354048,6186546.311442385427654],[5566829.213434107601643,6186550.445255413651466],[5566829.361810606904328,6186554.471302846446633],[5566828.479859357699752,6186557.051441451534629],[5566826.805333508178592,6186559.304454528726637],[5566824.682522264309227,6186560.551135829649866],[5566823.572800911031663,6186562.123358324170113],[5566821.684928529895842,6186565.376360842958093],[5566821.929590556770563,6186568.736078027635813],[5566823.206971846520901,6186573.874506774358451],[5566827.001381624490023,6186586.594226894900203],[5566829.866050501354039,6186593.962234732694924],[5566833.190590305253863,6186602.669308799318969],[5566836.825746926479042,6186608.567374137230217],[5566842.609816970303655,6186615.570488814264536],[5566847.592546542175114,6186621.026201928965747],[5566849.413530649617314,6186623.80879794806242],[5566850.790669593960047,6186627.482101324945688],[5566852.062154392711818,6186633.0754215689376],[5566854.466905383393168,6186639.093262245878577],[5566857.659537787549198,6186644.783714501187205],[5566865.844084174372256,6186658.481417780742049],[5566871.066923696547747,6186665.377609728835523],[5566875.821919932961464,6186669.8253935566172],[5566881.240328387357295,6186673.247759661637247],[5566885.184960604645312,6186674.894589083269238],[5566888.227625930681825,6186676.337116760201752],[5566893.16524947527796,6186676.789747481234372],[5566903.724195057526231,6186676.935693618841469],[5566916.307370510883629,6186676.179548982530832],[5566925.540867056697607,6186678.564893957227468],[5566930.969835087656975,6186683.451560560613871],[5566932.368804667145014,6186690.153351061046124],[5566932.662924806587398,6186699.10407408606261],[5566937.485968003980815,6186714.279213022440672],[5566943.706022218801081,6186734.60299554746598],[5566953.29543378110975,6186755.790043061599135],[5566959.49135415814817,6186772.752514096908271],[5566962.984307713806629,6186789.512558029033244],[5566970.381751988083124,6186817.649100807495415],[5566974.717701907269657,6186827.691216254606843],[5566980.157962900586426,6186834.130930903367698],[5566987.839817894622684,6186839.223224845714867],[5566991.457829064689577,6186841.43815544154495],[5566995.500750670209527,6186841.409041570499539],[5567002.000906391069293,6186839.354219306260347],[5567007.378389947116375,6186837.074505264870822],[5567012.779602797701955,6186836.813720848411322],[5567016.388350833207369,6186839.017614617012441],[5567022.488216539844871,6186843.899396890774369],[5567035.649184258654714,6186860.811638466082513],[5567043.115365309640765,6186866.57108043693006],[5567049.02536060474813,6186875.703207271173596],[5567051.564786164090037,6186885.081503453664482],[5567052.961156862787902,6186892.681907278485596],[5567057.127792346291244,6186908.538450026884675],[5567063.491343865171075,6186918.122151870280504],[5567074.154934536665678,6186931.468988709151745],[5567080.709928903728724,6186937.013091461732984],[5567086.351082560606301,6186939.435277970507741],[5567091.991130700334907,6186942.977960754185915],[5567098.78713920339942,6186950.08456376940012],[5567104.458951381966472,6186956.755511619150639],[5567108.312539319507778,6186962.319079923443496],[5567112.428722142241895,6186971.164569607004523],[5567114.287784404121339,6186979.205386029556394],[5567114.125356785021722,6186987.260784918442369],[5567111.964574625715613,6186999.812565670348704],[5567112.957086296752095,6187012.563478942029178],[5567116.645073278807104,6187025.738706241361797],[5567122.101712915115058,6187034.419205845333636],[5567130.492826712317765,6187043.533382357098162],[5567137.271742574870586,6187049.530684211291373],[5567143.818272127769887,6187052.611942566931248],[5567153.279296662658453,6187055.905133975669742],[5567163.436386667191982,6187061.423180422745645],[5567169.548866272903979,6187066.748537709005177],[5567172.522607689723372,6187073.893777188844979],[5567174.611960301175714,6187083.275290481746197],[5567181.701395257376134,6187100.45304752048105],[5567188.748877286911011,6187111.817858515307307],[5567192.660236557014287,6187124.092831849120557],[5567193.851821147836745,6187132.582212278619409],[5567192.778166496194899,6187140.422313501127064],[5567191.248948649503291,6187146.257694733329117],[5567187.243063577450812,6187151.434228092432022],[5567183.689529735594988,6187158.171743811108172],[5567182.821311344392598,6187162.648885277099907],[5567182.856876977719367,6187167.57435364741832],[5567185.626228911802173,6187176.950953743420541],[5567189.981451416388154,6187188.335204348899424],[5567201.120054318569601,6187205.039945650845766],[5567214.269369038753211,6187221.497175451368093],[5567219.947916971519589,6187229.066619161516428],[5567224.919007165357471,6187232.835937379859388],[5567229.41716337762773,6187233.469075122848153],[5567238.649772770702839,6187235.643342537805438],[5567243.39713475946337,6187238.970508843660355],[5567250.851348449476063,6187244.286118060350418],[5567259.003349195234478,6187252.059540092013776],[5567267.187684409320354,6187264.303593878634274],[5567279.216233524493873,6187280.779931514523923],[5567293.335426636040211,6187305.517240552231669],[5567304.939654532819986,6187325.568875326775014],[5567314.928438175469637,6187338.254689050838351],[5567334.181189223192632,6187358.694711129181087],[5567364.341363149695098,6187394.287764290347695],[5567381.605205084197223,6187419.224057065322995],[5567402.913931658491492,6187444.352899330668151],[5567411.775932655669749,6187457.490533845499158],[5567415.925644955597818,6187470.89527577906847],[5567419.619048370979726,6187484.735987119376659],[5567427.1465481845662,6187500.124259790405631],[5567433.267582846805453,6187506.569879942573607],[5567440.942117838189006,6187510.541374241933227],[5567449.956664200872183,6187514.281269666738808],[5567459.433891554363072,6187518.461561338044703],[5567464.642018681392074,6187524.470020545646548],[5567466.265239482745528,6187531.613867100328207],[5567469.943637446500361,6187542.104287168942392],[5567475.190717623569071,6187553.481943198479712],[5567476.384293274953961,6187562.204248144291341],[5567475.090275037102401,6187570.045979077927768],[5567475.151892176829278,6187578.543518447317183],[5567474.335731585510075,6187590.187017906457186],[5567472.156868704594672,6187598.933776047080755],[5567472.434197730384767,6187606.764112363569438],[5567474.044486510567367,6187612.121920767240226],[5567477.69372197240591,6187618.585435589775443],[5567483.13647307921201,6187625.257822310552001],[5567489.147373433224857,6187630.439492645673454],[5567492.089024369604886,6187633.102899972349405],[5567498.438858848065138,6187640.667311131022871],[5567504.892456348985434,6187647.33235330786556],[5567512.592248096130788,6187654.764928437769413],[5567521.844019515439868,6187659.512588040903211],[5567534.809074332937598,6187664.344230473041534],[5567545.521963120438159,6187669.081262982450426],[5567559.397814808413386,6187676.579909148626029],[5567573.057334767654538,6187684.656992764212191],[5567581.414255253970623,6187690.187670597806573],[5567594.629178846254945,6187699.044530506245792],[5567604.809958662837744,6187707.690441462211311],[5567625.595975189469755,6187721.417979372665286],[5567642.774102841503918,6187734.384025201201439],[5567650.002750591374934,6187738.924386014230549],[5567661.388222110457718,6187743.878278096206486],[5567674.479150909930468,6187750.827764503657818],[5567687.787416944280267,6187757.331892879679799],[5567696.232219256460667,6187758.501896854490042],[5567703.760738329961896,6187758.779947119764984],[5567711.170913835056126,6187757.949454382993281],[5567716.576458499766886,6187759.474372790195048],[5567721.768806284293532,6187762.010391783900559],[5567725.287426251918077,6187766.910512615926564],[5567728.608272355981171,6187774.940573989413679],[5567729.559293864294887,6187781.86739011015743],[5567732.199325171299279,6187789.791465358808637],[5567735.850423051975667,6187796.476748946122825],[5567738.907396045513451,6187799.815973797813058],[5567742.404800957068801,6187801.798526057042181],[5567745.347467184066772,6187804.583881926722825],[5567747.171367464587092,6187807.69910681899637],[5567747.204720532521605,6187812.280677821487188],[5567748.707430899143219,6187817.983137986622751],[5567752.231739008799195,6187823.659786223433912],[5567757.661802106536925,6187828.545979128219187],[5567766.944005412049592,6187837.431233706884086],[5567773.379996593110263,6187841.633359805680811],[5567780.93732897285372,6187844.595882648602128],[5567796.153981607407331,6187850.642201023176312],[5567805.310451627708972,6187857.398290012031794],[5567815.468669237568974,6187864.158164490945637],[5567823.255555509589612,6187868.350412747822702],[5567829.00693522579968,6187870.660419763065875],[5567835.876120273023844,6187872.507422192953527],[5567846.907419830560684,6187874.224231272935867],[5567863.546061695553362,6187874.87949298415333],[5567875.236713903024793,6187875.016115006990731],[5567884.795485395938158,6187875.179367498494685],[5567893.229533995501697,6187876.11630033981055],[5567900.898098706267774,6187879.199949475936592],[5567907.890692981891334,6187882.84322409145534],[5567916.554930153302848,6187890.13530886080116],[5567924.037538856267929,6187897.95742735080421],[5567936.494815619662404,6187909.947846398688853],[5567955.296550087630749,6187933.718111531808972],[5567970.970312278717756,6187955.758336305618286],[5567977.68775260169059,6187967.014042530208826],[5567980.219390013255179,6187975.160722649656236],[5567982.083432110957801,6187983.756038003601134],[5567982.021452609449625,6187990.36850496288389],[5567979.725033635273576,6187999.327029772102833],[5567975.986338417977095,6188010.880986238829792],[5567975.291633196175098,6188015.168337716720998],[5567976.13501307927072,6188022.428736573085189],[5567978.419824695214629,6188028.236389239318669],[5567982.055631855502725,6188032.79164700768888],[5567987.043018682859838,6188038.690496069379151],[5567989.4317466923967,6188042.367342312820256],[5567992.634258679114282,6188050.509117900393903],[5567994.024365866556764,6188055.868449897505343],[5567995.983149702660739,6188062.333025252446532],[5568007.898496980778873,6188083.124840543605387],[5568015.292136019095778,6188093.83197433874011],[5568029.359881045296788,6188104.812046498991549],[5568045.637624550610781,6188113.867775501683354],[5568059.716897141188383,6188125.158350220881402],[5568076.652005780488253,6188137.382098463363945],[5568099.328536449000239,6188151.771512272767723],[5568118.52690364420414,6188168.083400272764266],[5568134.510990213602781,6188179.681649215519428],[5568147.275793895125389,6188187.143198908306658],[5568151.769971287809312,6188192.180243022739887],[5568156.087039025500417,6188195.621048168279231],[5568163.934587528929114,6188204.272356938570738],[5568172.765608709305525,6188215.4458844428882],[5568182.235456625930965,6188228.51179557479918],[5568187.85667987074703,6188235.592953811399639],[5568201.131015476770699,6188247.355165152810514],[5568214.075532822869718,6188255.492042098194361],[5568224.453657943755388,6188262.061273512430489],[5568234.684840985573828,6188269.896285254508257],[5568245.06421700771898,6188276.631894871592522],[5568259.123070288449526,6188285.071171700023115],[5568271.398933972232044,6188290.994077205657959],[5568285.589727401733398,6188296.115245129913092],[5568296.759332422167063,6188301.569192341528833],[5568305.0686951354146,6188307.998199758119881],[5568314.043429439887404,6188317.428787021897733],[5568321.587970337830484,6188327.33581149764359],[5568331.879736418835819,6188343.402013045735657],[5568341.008480404503644,6188352.520812938921154],[5568347.415593632496893,6188358.963750465773046],[5568351.91584243811667,6188366.053044135682285],[5568356.900902443565428,6188374.081764226779342],[5568359.469750013202429,6188377.224684803746641],[5568362.349820383824408,6188378.945288526825607],[5568366.803645826876163,6188379.711343348026276],[5568371.090648878365755,6188379.036403042264283],[5568375.229651992209256,6188379.483040710911155],[5568380.426747036166489,6188381.341933828778565],[5568390.96443831268698,6188387.077762943692505],[5568398.021839838474989,6188394.458877588622272],[5568409.40195891354233,6188418.526858417317271],[5568415.12862522341311,6188429.911576434038579],[5568415.878087929449975,6188435.597283661365509],[5568414.490844479762018,6188438.170191190205514],[5568412.649152379482985,6188441.434265835210681],[5568412.794224828481674,6188444.916711745783687],[5568414.679457921534777,6188447.576506561599672],[5568418.898072596639395,6188450.097116101533175],[5568423.006677973084152,6188453.905435027554631],[5568425.499652275815606,6188459.223317383788526],[5568428.393964146263897,6188471.627306903712451],[5568430.175149410963058,6188476.384627273306251],[5568430.482541155070066,6188486.943843667395413],[5568431.821269745007157,6188494.023059823550284],[5568434.649047789163888,6188497.374842616729438],[5568439.703554925508797,6188502.329974931664765],[5568447.229070534929633,6188510.86138678342104],[5568456.460606370121241,6188528.92107571195811],[5568459.82277921680361,6188541.199580981396139],[5568463.12880268227309,6188562.087432092987001],[5568467.77871280349791,6188575.754305507056415],[5568471.529750034213066,6188594.664150361903012],[5568478.023727522231638,6188604.135021051391959],[5568487.741987396031618,6188624.620682534761727],[5568492.637145633809268,6188640.382502910681069],[5568497.073622311465442,6188656.258635719306767],[5568502.581806883215904,6188675.388511900790036],[5568508.625324450433254,6188688.579162398353219],[5568516.625598487444222,6188696.652173277921975],[5568525.767616252414882,6188702.509069568477571],[5568532.580448122695088,6188709.082025996409357],[5568541.548272208310664,6188722.484100576490164],[5568549.068173265084624,6188730.216707834042609],[5568552.597062597051263,6188733.907207027077675],[5568554.160526432096958,6188740.285829800181091],[5568555.046847068704665,6188749.56496952008456],[5568553.96781787648797,6188761.543327139690518],[5568551.836751372553408,6188772.941450245678425],[5568548.622031483799219,6188779.466198346577585],[5568546.653161131776869,6188781.688399174250662],[5568542.227839261293411,6188783.573678804561496],[5568537.943268960341811,6188787.099829873070121],[5568535.394702230580151,6188790.480070600286126],[5568533.097987772896886,6188795.611306142993271],[5568530.934384161606431,6188802.594256621785462],[5568525.642387170344591,6188812.85077259875834],[5568520.700513080693781,6188823.226741924881935],[5568517.299872638657689,6188836.963935972191393],[5568517.363067868165672,6188845.550214491784573],[5568518.145114893093705,6188855.651077904738486],[5568519.284275743179023,6188868.067955313250422],[5568520.495966595597565,6188874.105258057825267],[5568524.0351856155321,6188879.193534175865352],[5568530.976927747949958,6188887.030258259736001],[5568543.58422904741019,6188904.133117576129735],[5568554.646872956305742,6188917.408816802315414],[5568560.698985257185996,6188930.488430907949805],[5568565.705311425030231,6188945.084525229409337],[5568571.247719254344702,6188952.59870685916394],[5568579.850319613702595,6188963.795733640901744],[5568592.784822901710868,6188977.878554937429726],[5568606.656725196167827,6188991.943357012234628],[5568626.919951259158552,6189017.69846364390105],[5568639.537824844941497,6189036.187867920845747],[5568646.192289656959474,6189052.402585209347308],[5568650.39540034160018,6189068.979287386871874],[5568655.623796792700887,6189081.255055190064013],[5568661.312560108490288,6189093.638364856131375],[5568669.689146168529987,6189105.314019895158708],[5568680.649827453307807,6189120.908969756215811],[5568687.845487240701914,6189130.729531251825392],[5568701.47227668762207,6189151.385832247324288],[5568709.785524358041584,6189168.165152546018362],[5568710.544274873100221,6189181.305923820473254],[5568703.499246482737362,6189210.59055885206908],[5568690.125994472764432,6189233.032512520439923],[5568684.988588443025947,6189251.79705445561558],[5568685.457599092274904,6189270.520235606469214],[5568688.646811134181917,6189300.394987941719592],[5568696.480855920352042,6189333.186468556523323],[5568705.660859201103449,6189370.250287032686174],[5568715.030607661232352,6189386.933054123073816],[5568732.077556458301842,6189416.372692029923201],[5568737.629736845381558,6189433.871289046481252],[5568746.738571800291538,6189461.261642369441688],[5568759.029282342642546,6189490.103990605100989],[5568770.328630865551531,6189527.82882862444967],[5568773.320827863179147,6189549.650774894282222],[5568769.878497554920614,6189562.711623919196427],[5568768.870996743440628,6189569.419827874749899],[5568771.395449494943023,6189576.445860439911485],[5568778.541750910691917,6189584.502777391113341],[5568786.485424344427884,6189605.933137321844697],[5568788.715375317260623,6189620.372118538245559],[5568786.672836838290095,6189631.303681777790189],[5568788.179414274170995,6189643.629056398756802],[5568799.019227106124163,6189673.857723517343402],[5568803.795859275385737,6189697.075409178622067],[5568807.162294912151992,6189721.013526692055166],[5568813.360902238637209,6189746.339649521745741],[5568816.027428230270743,6189771.336862807162106],[5568819.349646589718759,6189789.284554025158286],[5568833.236900318413973,6189848.745475121773779],[5568837.678679022006691,6189875.138493453152478],[5568839.661003334447742,6189903.313631900586188],[5568846.685946909710765,6189918.53810487408191],[5568855.360725451260805,6189930.632967606186867],[5568860.378693446516991,6189940.458409341983497],[5568860.789728678762913,6189951.294183789752424],[5568859.553095069713891,6189961.82041578926146],[5568869.595730402506888,6189981.127329443581402],[5568884.962473317980766,6190005.65339785348624],[5568889.666598660871387,6190017.777598495595157],[5568892.771145734935999,6190028.637822585180402],[5568902.927912843413651,6190050.928136521019042],[5568911.604609075933695,6190064.498433450236917],[5568915.108778156340122,6190069.731048272922635],[5568918.690691660158336,6190085.46908036340028],[5568923.256864855065942,6190100.05714768730104],[5568922.310380215756595,6190106.310059572570026],[5568920.876733144745231,6190112.566576383076608],[5568921.261077824980021,6190119.785909204743803],[5568925.687929417937994,6190139.145414790138602],[5568934.608680243603885,6190162.077198775485158],[5568941.791028550826013,6190173.683801821433008],[5568951.110235967673361,6190184.620035607367754],[5568969.563292372040451,6190202.555488094687462],[5568978.232406554743648,6190213.829328949563205],[5568989.239094151183963,6190229.19061769451946],[5569003.678269418887794,6190240.088874409906566],[5569018.107778394594789,6190249.678092],[5569025.397378321737051,6190253.407116379588842],[5569030.346215726807714,6190253.858573764562607],[5569036.613319078460336,6190252.336623725481331],[5569044.039106310345232,6190252.115169141441584],[5569058.249594136141241,6190254.472677433863282],[5569068.180899051018059,6190258.670216173864901],[5569076.146903824061155,6190264.357819135300815],[5569082.116529900580645,6190268.584724263288081],[5569085.2838727934286,6190272.998821527697146],[5569085.811913977377117,6190277.266085502691567],[5569085.863095212727785,6190284.166158802807331],[5569086.560294078662992,6190288.931396865285933],[5569090.41258592158556,6190296.45781896263361],[5569095.592741090804338,6190305.782706924714148],[5569098.946296577341855,6190312.991100182756782],[5569099.481588155031204,6190318.234579385258257],[5569097.549271623604,6190324.173097656108439],[5569097.917955872602761,6190329.26249719876796],[5569101.271438769064844,6190336.459796168841422],[5569108.467542011290789,6190349.87449153047055],[5569109.834423947148025,6190356.931211736984551],[5569108.910641215741634,6190364.992291956208646],[5569105.496462914161384,6190371.918076075613499],[5569102.560895094648004,6190377.68653457518667],[5569100.167505960911512,6190388.387788349762559],[5569101.055687239393592,6190396.59074012003839],[5569105.423907455056906,6190406.742600407451391],[5569112.423003369942307,6190415.898668237030506],[5569118.726041599176824,6190420.444802915677428],[5569131.303619186393917,6190424.456230964511633],[5569140.077023874036968,6190428.673384801484644],[5569150.362606783397496,6190435.985617191530764],[5569165.657664040103555,6190450.660322718322277],[5569181.652417146600783,6190470.421941767446697],[5569201.664452999830246,6190498.85136594530195],[5569221.02042309101671,6190526.8085833247751],[5569234.662307163700461,6190541.650780444964767],[5569240.460620467551053,6190545.05790728610009],[5569250.875250783748925,6190547.44334770180285],[5569260.951086669228971,6190547.534842671826482],[5569267.41001136880368,6190550.770631300285459],[5569274.062532468698919,6190557.788021721877158],[5569282.722602725960314,6190567.75256750639528],[5569287.244888997636735,6190577.5703811859712],[5569289.130955984815955,6190586.431532852351665],[5569289.715299574658275,6190598.253364843316376],[5569290.916890285909176,6190605.311289421282709],[5569296.47292688023299,6190619.392589679919183],[5569307.201024942100048,6190641.656042291782796],[5569320.82213796582073,6190675.901636170223355],[5569326.981403353624046,6190682.090612974949181],[5569338.271878063678741,6190692.201942158862948],[5569346.116971054114401,6190703.803312263451517],[5569363.9454759163782,6190726.513070282526314],[5569381.79720157571137,6190752.328935812227428],[5569392.25499018933624,6190760.471675963141024],[5569400.579486874863505,6190769.772977661341429],[5569410.097782894037664,6190783.835787065327168],[5569418.771001283079386,6190796.751111073419452],[5569424.672980945557356,6190812.804487857967615],[5569424.714565753005445,6190818.384448015131056],[5569421.95434545725584,6190825.471880987286568],[5569416.404497414827347,6190833.234645132906735],[5569414.634570184163749,6190839.981876968406141],[5569415.669015720486641,6190845.565532547421753],[5569420.012068185023963,6190852.267212540842593],[5569424.683657934889197,6190858.644716904498637],[5569428.205518672242761,6190866.173467244952917],[5569427.611041388474405,6190875.21948772482574],[5569428.157619484700263,6190881.949457257986069],[5569432.163649171590805,6190887.832689384929836],[5569440.834510261192918,6190900.415192126296461],[5569449.143298746086657,6190907.586526340804994],[5569456.775516543537378,6190912.788170070387423],[5569460.77785512804985,6190918.172188972122967],[5569461.643798536621034,6190924.57805020455271],[5569462.844903803430498,6190930.315773723646998],[5569467.355975677259266,6190937.348998966626823],[5569473.382544589228928,6190949.130235991440713],[5569482.288243170827627,6190969.765176487155259],[5569485.008673131465912,6190980.761203728616238],[5569491.389476612210274,6190995.657194453291595],[5569497.903416293673217,6191004.983012263663113],[5569503.437305471859872,6191017.256040803156793],[5569508.016433134675026,6191026.00830555986613],[5569516.784492515027523,6191040.498178947716951],[5569522.51488108932972,6191048.298858367837965],[5569530.024755444377661,6191059.259130764752626],[5569536.654723129235208,6191066.875584412366152],[5569542.453137538395822,6191073.932447952218354],[5569554.836007343605161,6191083.735833737999201],[5569563.47383613884449,6191096.773326396942139],[5569568.981102464720607,6191103.000299769453704],[5569580.17414441332221,6191120.888951938599348],[5569585.557133387774229,6191128.936256032437086],[5569589.947062244638801,6191135.726261598058045],[5569595.785341268405318,6191149.339334954507649],[5569597.219102083705366,6191154.20997379347682],[5569600.6284025227651,6191160.175251804292202],[5569609.095326281152666,6191170.007821661420166],[5569617.452302603051066,6191182.348444141447544],[5569627.48238970618695,6191194.676555839367211],[5569638.826063008978963,6191214.239204910583794],[5569650.178076020441949,6191234.911175927147269],[5569661.510646629147232,6191252.9761947626248],[5569673.012744612060487,6191274.035306035540998],[5569684.361833299510181,6191294.296781811863184],[5569691.183985088951886,6191307.902439124882221],[5569699.828429699875414,6191321.771809017285705],[5569703.090767812915146,6191327.738150406628847],[5569702.989389698952436,6191332.62025803886354],[5569699.870865731500089,6191345.87869995739311],[5569699.515789554454386,6191354.945133792236447],[5569698.859862081706524,6191360.663437621667981],[5569701.431845649145544,6191367.744341248646379],[5569707.534574827179313,6191378.570781102403998],[5569716.856939549557865,6191389.65047630853951],[5569726.182480864226818,6191401.151709800586104],[5569733.996911769732833,6191417.11292786244303],[5569743.873892731964588,6191427.356398052535951],[5569750.512039294466376,6191437.235815255902708],[5569756.779207039624453,6191449.137108739465475],[5569761.052440424449742,6191458.723592240363359],[5569762.941713819280267,6191469.159971424378455],[5569764.285443124361336,6191479.178863794542849],[5569762.935214999131858,6191486.710688054561615],[5569762.271008893847466,6191491.319660448469222],[5569763.418646218255162,6191494.794575931504369],[5569768.216137461364269,6191499.495782176963985],[5569776.741299741901457,6191507.219914842396975],[5569778.854137831367552,6191510.676506523042917],[5569779.38501413166523,6191514.045099160633981],[5569781.901690147817135,6191521.093113643117249],[5569786.196490089409053,6191526.186364771798253],[5569792.28955237660557,6191533.24087234120816],[5569799.39658063556999,6191539.422450562007725],[5569806.85746508743614,6191543.748678752221167],[5569815.151258600875735,6191550.032294066622853],[5569819.255361090414226,6191555.437590592540801],[5569824.781850574538112,6191564.171513180248439],[5569833.27427583374083,6191576.100457736290991],[5569839.913165671750903,6191584.82603479269892],[5569842.649471303448081,6191589.27639732696116],[5569845.368261384777725,6191595.069261366501451],[5569846.678259226493537,6191598.121379022486508],[5569849.168941959738731,6191600.465725610032678],[5569855.84626866132021,6191605.729683382436633],[5569862.995456077158451,6191608.937713283114135],[5569869.543263386934996,6191611.639924256131053],[5569876.019939553923905,6191617.116158008575439],[5569883.626225145533681,6191624.880368633195758],[5569892.201060220599174,6191635.521742246113718],[5569901.496610217727721,6191647.866174036636949],[5569906.008975758217275,6191656.208274697884917],[5569910.550433995202184,6191667.201615182682872],[5569916.182968514971435,6191683.922352517023683],[5569922.864048235118389,6191698.250013798475266],[5569926.892088324762881,6191708.204365429468453],[5569930.164095959626138,6191721.548051530495286],[5569933.33232160937041,6191734.537508091889322],[5569936.196342538110912,6191747.418306866660714],[5569936.260949460789561,6191756.026746580377221],[5569935.164255699142814,6191767.927718242630363],[5569933.946700565516949,6191777.200324581936002],[5569931.725184857845306,6191785.004966269247234],[5569927.834879981353879,6191793.41011072229594],[5569922.446709549054503,6191801.915244368836284],[5569915.112696097232401,6191813.308312861248851],[5569906.3505215998739,6191824.29051770735532],[5569903.757278680801392,6191830.34509224165231],[5569902.125891149975359,6191837.157935013994575],[5569901.977557628415525,6191844.347941908985376],[5569903.520818321965635,6191851.525259707123041],[5569906.635785598307848,6191857.414980184286833],[5569910.933051342144608,6191862.80769526399672],[5569915.892955656163394,6191867.063851754181087],[5569919.818709032610059,6191873.180458398535848],[5569922.963325878605247,6191883.019405381754041],[5569925.806719072163105,6191890.697286966256797],[5569929.288157428614795,6191895.18640979193151],[5569937.264446225948632,6191903.214058631099761],[5569942.355971969664097,6191909.077839801087976],[5569950.068018609657884,6191919.869860456325114],[5569954.064865918830037,6191925.65310042258352]]}},
{"type":"Feature","properties":{"osm_id":184444429,"waterway":"stream","name":null},"geometry":{"type":"LineString","coordinates":[[5540798.726364246569574,6195310.519711315631866],[5540878.34840826690197,6195467.318470918573439],[5540994.892790582031012,6195942.996777304448187],[5541134.684521337039769,6196314.86013276129961],[5541456.374021969735622,6196758.232172771357],[5541723.068968749605119,6197255.297611258924007],[5541898.314600526355207,6197600.32280642632395],[5541919.91107493173331,6198013.638002455234528],[5541996.596459126099944,6198385.848956112749875],[5542017.632905132137239,6198673.446406097151339],[5542028.435050174593925,6198912.9673135234043],[5542055.321570724248886,6198960.724695859476924],[5542058.265244998037815,6198983.108679332770407],[5542059.156341006048024,6199017.549153613857925],[5542064.893233498558402,6199030.935038706287742],[5542079.071564245969057,6199061.699272274971008],[5542079.893957084044814,6199089.04038326907903],[5542087.245907851494849,6199105.55836324673146],[5542113.84758978895843,6199128.723165821284056],[5542123.965865665115416,6199144.551958505064249],[5542134.367992719635367,6199180.469301108270884],[5542155.409333950839937,6199221.197462178766727],[5542150.897141086868942,6199250.914399411529303],[5542151.323148902505636,6199259.687221953645349],[5542161.418610376305878,6199290.802547007799149],[5542160.92505266238004,6199311.915189497172832],[5542166.223932115361094,6199340.301033082418144],[5542163.633017130196095,6199361.500793069601059],[5542160.64697848726064,6199384.854420844465494],[5542160.598611740395427,6199410.834978006780148],[5542162.921210500411689,6199421.917723508551717],[5542172.371001387014985,6199432.247238776646554],[5542183.532113620080054,6199454.793754024431109],[5542204.453354990109801,6199495.233918243087828],[5542213.910949238575995,6199513.372988352552056],[5542221.916097804903984,6199537.897218066267669],[5542239.286038874648511,6199557.96400292403996],[5542256.141404817812145,6199574.094987979158759],[5542261.137462946586311,6199588.327186147682369],[5542258.250391191802919,6199605.04664305690676],[5542248.716864161193371,6199614.918355965055525],[5542236.119738645851612,6199622.829314394854009],[5542225.302801512181759,6199631.719507217407227],[5542222.413445198908448,6199647.950859324075282],[5542224.963628569617867,6199666.60923108458519],[5542231.425749266520143,6199675.421324152499437],[5542285.411899937316775,6199716.943141815252602],[5542299.810735291801393,6199735.059760607779026],[5542300.868602024391294,6199751.262171930633485],[5542288.244634927250445,6199797.99960056040436],[5542285.8343599839136,6199810.290706723928452],[5542293.336771404370666,6199831.389340124092996],[5542298.832028794102371,6199846.096264466643333],[5542310.727083574049175,6199857.834504134021699],[5542311.290695236995816,6199872.574844521470368],[5542328.253629425540566,6199912.30049810744822],[5542359.172556593082845,6199981.925656354986131],[5542401.887043477036059,6200041.180499287322164],[5542412.359373951330781,6200063.740957712754607],[5542416.47838974557817,6200101.55014375038445],[5542425.558374996297061,6200145.737592308782041],[5542429.205418236553669,6200186.987810090184212],[5542441.217141033150256,6200224.284132852219045],[5542462.173245536163449,6200273.808901748619974],[5542468.723112464882433,6200301.789514007046819],[5542458.032850221730769,6200338.68975729867816],[5542459.131258517503738,6200363.744343878701329],[5542462.648802538402379,6200378.471246801316738],[5542473.546758364886045,6200387.263017368502915],[5542476.088971459306777,6200401.994347803294659],[5542493.010786131955683,6200434.342893053777516]]}},
{"type":"Feature","properties":{"osm_id":191910499,"waterway":"stream","name":"Arroyo Chico"},"geometry":{"type":"LineString","coordinates":[[5550953.977419943548739,6183663.347305743955076],[5551024.138592819683254,6183628.804990126751363],[5551021.189212101511657,6183543.322400953620672],[5551028.838260962627828,6183501.091234263032675],[5551014.897102641873062,6183474.687227210961282],[5551030.27972312644124,6183403.969460303895175],[5551027.992524362169206,6183347.0826565483585],[5551049.653347172774374,6183289.010410219430923],[5551014.323343460448086,6183249.72211829572916],[5551021.973965687677264,6183221.202689129859209],[5551023.611214173026383,6183134.652059528976679],[5551010.980529527179897,6183100.919029214419425],[5551031.172360951080918,6183068.12622348498553],[5551031.04239800106734,6183044.464156626723707],[5551047.931698588654399,6183027.47572922334075],[5551054.35369998216629,6182960.956118140369654],[5551041.68919672537595,6182922.719281148165464],[5551019.854435020126402,6182861.990463609807193],[5551019.637862658128142,6182822.553673418238759],[5551025.072562163695693,6182781.954290139488876],[5551026.291614721529186,6182711.269843199290335],[5551002.129652761854231,6182684.921939789317548],[5550980.459811314940453,6182644.060875678434968],[5550976.7484698491171,6182593.693802155554295],[5550938.45408083871007,6182492.296953344717622],[5550902.317805591970682,6182472.84815014526248],[5550906.325955559499562,6182421.595620931126177],[5550915.673520233482122,6182406.16856297198683],[5550890.480905642732978,6182347.399226826615632],[5550910.453364418819547,6182236.275408043526113],[5550928.3687943238765,6182217.395607422105968],[5550914.433244434185326,6182179.897732399404049],[5550916.939854020252824,6182141.255818172357976]]}},
{"type":"Feature","properties":{"osm_id":191915467,"waterway":"stream","name":"Arroyo de la Noria"},"geometry":{"type":"LineString","coordinates":[[5547858.166259133256972,6192430.571675102226436],[5547859.410190207883716,6192454.382912776432931],[5547854.278276245109737,6192473.756229000166059],[5547858.132805499248207,6192495.67926961183548],[5547863.472989675588906,6192516.86251200735569],[5547870.262111508287489,6192528.364827312529087],[5547873.343716033734381,6192546.575527033768594],[5547883.149537746794522,6192563.642340056598186],[5547888.834277098067105,6192578.500534994527698],[5547889.741472684778273,6192610.123278344981372],[5547898.469681182876229,6192635.74865544307977],[5547905.705079994164407,6192662.502134083770216],[5547921.220802120864391,6192699.263698721304536],[5547931.753965695388615,6192711.112804046832025],[5547947.501710555516183,6192721.448555182665586],[5547959.139761595986784,6192731.805425580590963],[5547991.588193903677166,6192789.31322353053838],[5548008.599617671221495,6192827.17628821823746],[5548026.374699233099818,6192866.899085620418191],[5548041.014146977104247,6192877.983652738854289],[5548066.886332145892084,6192893.858117994852364],[5548078.549674427136779,6192909.051452102139592],[5548079.012972205877304,6192925.789064669981599],[5548080.332598548382521,6192937.419277618639171]]}},
{"type":"Feature","properties":{"osm_id":249945754,"waterway":"stream","name":"Arroyo El Sauce"},"geometry":{"type":"LineString","coordinates":[[5558773.471096484921873,6185436.345275096595287],[5558774.123641603626311,6185445.10524660628289],[5558778.541648236103356,6185462.372542891651392],[5558782.317698643542826,6185494.354263166896999],[5558781.734699532389641,6185518.398194874636829],[5558783.277486832812428,6185529.91489137429744],[5558790.741300501860678,6185540.661964691244066],[5558797.208298531360924,6185550.683144858106971],[5558803.177522033452988,6185558.987930753268301],[5558804.211606218479574,6185565.604384892620146],[5558801.60544824693352,6185583.526243572123349],[5558810.599594411440194,6185602.350997839123011],[5558812.173365233466029,6185617.306568179279566],[5558810.760956519283354,6185627.86569535266608],[5558809.607471541501582,6185640.142722075805068],[5558811.122243392281234,6185645.768787680193782],[5558816.333415129221976,6185651.870695277117193],[5558828.706179471686482,6185660.134961881674826],[5558842.358131282962859,6185675.990364606492221],[5558847.814156354404986,6185680.127104838378727],[5558863.084667454473674,6185678.799047685228288],[5558879.842263700440526,6185680.168434891849756],[5558895.134550889022648,6185682.279262466356158],[5558904.542804775759578,6185688.110476458445191],[5558910.964908670634031,6185691.009650000371039],[5558913.462851618416607,6185696.64056534320116],[5558912.041196453385055,6185705.724293013103306],[5558908.386793839745224,6185711.882309415377676],[5558897.097882376052439,6185719.553059787489474],[5558890.989081640727818,6185726.958023875020444],[5558886.844726759940386,6185734.095387413166463],[5558886.390551484189928,6185740.721256088465452],[5558889.387694995850325,6185746.837143192067742],[5558907.695873541757464,6185758.003574191592634],[5558921.273528374731541,6185762.08882315736264],[5558929.233888180926442,6185774.29702275339514],[5558936.228381319902837,6185789.218221767805517],[5558935.820755302906036,6185801.734600625932217],[5558930.453192805871367,6185811.575525580905378],[5558921.87125632353127,6185817.276642112992704],[5558912.289276609197259,6185821.752674942836165],[5558905.665769309736788,6185827.685433019883931],[5558903.726097231730819,6185831.868983473628759],[5558900.110420240089297,6185844.150520520284772],[5558914.248142470605671,6185859.758681179955602],[5558920.00692340452224,6185873.955529215745628],[5558916.389703870750964,6185885.993018347769976],[5558901.438370968215168,6185898.601516920141876],[5558899.774860543198884,6185908.674118008464575],[5558905.519594876095653,6185920.652305580675602],[5558910.055009200237691,6185936.077224067412317],[5558909.858243723399937,6185944.176935235969722],[5558906.703114097937942,6185952.295384708791971],[5558888.123477700166404,6185975.2218724982813],[5558886.531370040029287,6185996.576397775672376],[5558887.402902569621801,6186016.683913119137287],[5558883.081844726577401,6186035.115861542522907],[5558882.643167965114117,6186044.193355091847479],[5558884.71169459912926,6186058.901711449027061],[5558886.239005602896214,6186066.491284064948559],[5558905.367275418713689,6186130.159416736103594],[5558917.545454333536327,6186146.75623772572726],[5558926.986796366050839,6186157.734740821644664],[5558932.238739779219031,6186170.215253575704992],[5558937.259710864163935,6186185.393016526475549],[5558947.827273631468415,6186218.940212712623179],[5558950.511903033591807,6186254.00174112804234],[5558954.82900218013674,6186274.087407316081226],[5558955.399816176854074,6186285.865386651828885],[5558954.61123017873615,6186318.009072813205421],[5558954.220672737807035,6186333.22112347651273],[5558954.802479304373264,6186348.182947552762926],[5558957.584407367743552,6186359.447690652683377],[5558963.794543081894517,6186366.519439758732915],[5558965.870992356911302,6186382.448040688410401],[5558966.012554847635329,6186404.778924874961376],[5558973.769034365192056,6186423.866523338481784],[5558980.767155671492219,6186439.275788833387196],[5558986.520113579928875,6186452.485282962210476],[5558992.003272882662714,6186462.268506427295506],[5558998.094537694938481,6186489.698074623942375],[5558997.580595016479492,6186526.011276517063379],[5558994.264253557659686,6186546.400488812476397],[5558994.822771150618792,6186557.679320188239217],[5559010.654046703130007,6186605.415279449895024],[5559033.105040892027318,6186647.961692096665502],[5559041.696423921734095,6186681.277253095060587],[5559041.877018909901381,6186709.731647501699626],[5559041.976644878275692,6186725.428710578009486],[5559060.049352733418345,6186777.332712351344526],[5559080.959299772977829,6186810.070801933296025],[5559111.176023508422077,6186832.443596437573433],[5559127.504879998974502,6186842.645948220975697],[5559144.401668652892113,6186864.127033251337707],[5559160.479427229613066,6186873.842798628844321],[5559171.138979466632009,6186882.605653636157513],[5559180.843676897697151,6186897.265367056243122],[5559177.980203398503363,6186912.249088355340064],[5559174.356667309068143,6186923.310445539653301],[5559175.558285736478865,6186957.649136448279023],[5559178.164389935322106,6186980.208395209163427],[5559188.132882794365287,6186997.318147776648402],[5559198.11079965904355,6187015.903302257880569],[5559207.083897978067398,6187032.531242485158145],[5559217.839091394096613,6187095.264658057130873],[5559227.072886074893177,6187151.384759617038071],[5559232.311707204207778,6187161.657525931484997],[5559239.01586052402854,6187169.71329852566123],[5559244.96621186286211,6187174.83401604462415],[5559253.350947875529528,6187175.51281048823148],[5559270.623112474568188,6187179.329992595128715],[5559297.647136526182294,6187203.686138419434428],[5559310.073990790173411,6187220.04790663253516],[5559319.751098942942917,6187230.292332286946476],[5559327.219965952448547,6187241.527081152424216],[5559329.773305533453822,6187255.744114061817527],[5559332.069769476540387,6187307.493025245144963],[5559333.377532722428441,6187318.034865668974817],[5559320.17404125444591,6187335.547371914610267],[5559293.491731318645179,6187363.440782424993813],[5559284.957182278856635,6187378.21660069283098],[5559281.814297308214009,6187388.287582761608064],[5559283.587184230796993,6187395.398489052429795],[5559298.913633773103356,6187402.411934986710548],[5559316.470333304256201,6187411.873956436291337],[5559325.395271068438888,6187419.416291747242212],[5559328.162375251762569,6187428.240385838784277],[5559333.734018884599209,6187451.756938450038433],[5559337.480242715217173,6187498.837206003256142],[5559343.34702720772475,6187529.718133841641247],[5559350.660385394468904,6187555.431227419525385],[5559353.962818953208625,6187570.375660488381982],[5559360.425486786291003,6187579.409140810370445],[5559383.892494522035122,6187587.601927200332284],[5559400.648714255541563,6187586.762790370732546],[5559412.746687886305153,6187590.368687636218965],[5559421.941938603296876,6187601.348276770673692],[5559428.428215108811855,6187614.064692747779191],[5559428.977704140357673,6187622.403699956834316],[5559421.421681608073413,6187636.441198972053826],[5559421.532896365039051,6187653.857709744013846],[5559426.041745158843696,6187664.867219350300729],[5559434.26817512139678,6187679.536115715280175],[5559456.730357353575528,6187684.307165816426277],[5559465.132796581834555,6187687.681451784446836],[5559487.921485253609717,6187704.708958869799972],[5559507.201836352236569,6187713.42742373328656],[5559524.746703223325312,6187720.914447972550988],[5559544.77457426302135,6187730.116180608049035],[5559559.127968421205878,6187738.610907435417175],[5559576.660355417989194,6187744.134317310526967],[5559596.666565393097699,6187751.372480720281601],[5559609.515415168367326,6187755.94957045186311],[5559639.224593687802553,6187775.883326003327966],[5559652.093907383270562,6187783.644140022806823],[5559666.39426780026406,6187785.271997739560902],[5559682.166009968146682,6187784.194609911181033],[5559690.55610098131001,6187785.61627003736794],[5559701.462370651774108,6187795.353206200525165],[5559707.446398257277906,6187805.620932090096176],[5559716.604687377810478,6187812.185152266174555],[5559732.147228707559407,6187814.049001974985003],[5559753.125648095272481,6187818.085585910826921],[5559767.6915064714849,6187822.407372320070863],[5559775.613494815304875,6187826.771813819184899],[5559785.250760049559176,6187830.637103252112865],[5559827.487673128955066,6187845.087108680978417],[5559840.129745410755277,6187856.055229647085071],[5559850.59502174705267,6187872.917035818099976],[5559861.292908923700452,6187888.789988114498556],[5559870.977662868797779,6187900.021153469569981],[5559881.616922622546554,6187905.344277492724359],[5559892.972734379582107,6187909.198399365879595],[5559926.66478671412915,6187935.240481231361628],[5559946.233597427606583,6187950.079959924332798],[5559963.069420685991645,6187961.497936232015491],[5559976.470632391981781,6187976.133026156574488],[5559982.508844227530062,6187994.742753461934626],[5559990.734865667298436,6188009.167113698087633],[5560018.268989464268088,6188035.004501210525632],[5560038.088176155462861,6188051.561712902039289],[5560044.314485150389373,6188060.840319761075079],[5560060.802786378189921,6188056.806730907410383],[5560080.945744153112173,6188046.625753597356379],[5560090.788653581403196,6188043.855324172414839],[5560119.615991291590035,6188042.204772394150496],[5560141.603421894833446,6188048.685700915753841],[5560151.59414516761899,6188070.209634091705084],[5560157.110797358676791,6188083.419953046366572],[5560164.586498842574656,6188096.872761770151556],[5560178.696071228012443,6188105.856253834441304],[5560185.630825206637383,6188110.970020006410778],[5560198.218074328266084,6188113.340339479967952],[5560211.974874671548605,6188106.140235192142427],[5560227.462386137805879,6188099.405943097546697],[5560256.272356011904776,6188095.048200379125774],[5560267.470661355182528,6188111.416680094785988],[5560274.489669082686305,6188129.531750124879181],[5560279.979881158098578,6188140.046381134539843],[5560287.278815180063248,6188163.063080968335271],[5560304.389085154980421,6188178.416967992670834],[5560328.840110972523689,6188186.345878862775862],[5560345.657848743721843,6188194.834535443224013],[5560366.696271527558565,6188207.944083756767213],[5560387.262404455803335,6188224.739786324091256],[5560396.991118344478309,6188242.593122956342995],[5560427.990733354352415,6188271.10262765083462],[5560452.286429127678275,6188293.265555362217128],[5560459.488694668747485,6188301.317237597890198],[5560483.187550738453865,6188306.56594049371779],[5560513.720912233926356,6188301.452930036000907],[5560533.560341509059072,6188319.484451588243246],[5560543.491233392618597,6188330.214114282280207],[5560542.578536798246205,6188342.489779157564044],[5560540.707658354192972,6188357.223402815870941],[5560549.636157692410052,6188365.019725720398128],[5560577.783882853575051,6188373.179103194735944],[5560593.130561740137637,6188382.897212255746126],[5560611.910280605778098,6188389.15386750549078],[5560633.277994212694466,6188416.005884786136448],[5560657.601387614384294,6188440.87499328982085],[5560683.891564272344112,6188465.731217836029828],[5560704.69257343467325,6188480.31704075075686],[5560735.335337111726403,6188491.89875281881541],[5560768.405831639654934,6188498.06184091232717],[5560791.624680861830711,6188504.28915804065764],[5560811.484736350364983,6188526.735295386053622],[5560827.625722744502127,6188535.57142711058259],[5560827.787439674139023,6188540.629138718359172],[5560830.165699101053178,6188545.93861645180732],[5560834.77138002589345,6188553.16385612078011],[5560839.465071486309171,6188561.19836503546685],[5560840.962454906664789,6188565.315468057990074],[5560841.092711871489882,6188571.183231671340764],[5560842.04166544880718,6188575.75876447185874],[5560843.170415016822517,6188578.314052178524435],[5560845.855335399508476,6188581.325107012875378],[5560849.468456642702222,6188584.330093515105546],[5560856.969756294973195,6188590.238420051522553],[5560871.607826689258218,6188602.523378385230899],[5560886.149245600216091,6188614.076756280846894],[5560894.436278806999326,6188622.076640362851322],[5560902.598946467041969,6188630.731864585541189],[5560906.590525764971972,6188635.387328173965216],[5560910.871605223044753,6188642.148715996183455],[5560915.416925647296011,6188647.155553823336959],[5560922.843259947374463,6188655.638078631833196],[5560926.288822768256068,6188661.118048029951751],[5560927.887164864689112,6188666.610106831416488],[5560929.884524828754365,6188675.494253531098366],[5560931.666094137355685,6188680.896362040191889],[5560936.61507049575448,6188691.403067751787603],[5560940.626518242992461,6188699.086991935037076],[5560943.068373806774616,6188705.671811272390187],[5560944.104498447850347,6188709.5145732043311],[5560947.630011196248233,6188713.163536104373634],[5560950.691802789457142,6188716.172094115056098],[5560953.585990003310144,6188721.655663847923279],[5560957.062176533043385,6188731.805907384492457],[5560959.3909728275612,6188736.560987478122115],[5560961.912766632623971,6188741.314803123474121],[5560965.997051051817834,6188746.080572853796184],[5560973.647567792795599,6188760.707550036720932],[5560977.761731903068721,6188770.032666818238795],[5560979.485194658860564,6188779.184848008677363],[5560981.756992114707828,6188789.265315199270844],[5560988.704756804741919,6188808.844714041799307],[5560993.766843508929014,6188822.567848054692149],[5560997.881053605116904,6188831.892955754883587],[5561008.735316847451031,6188857.137856291607022],[5561011.726282266899943,6188863.352964263409376],[5561014.873430459760129,6188865.351407678797841],[5561022.079496805556118,6188868.232935922220349],[5561028.370647998526692,6188873.15062000323087],[5561030.973580189980567,6188876.250910884700716],[5561032.686758247204125,6188885.225649040192366],[5561034.758708706125617,6188891.446774861775339],[5561039.021956882439554,6188895.456962592899799],[5561044.774877193383873,6188902.386140836402774],[5561051.040020362474024,6188911.741496453993022],[5561055.01055240444839,6188921.566742405295372],[5561059.372061340138316,6188930.745982586406171],[5561064.792545720003545,6188943.035629509016871],[5561066.022718908265233,6188949.828053222037852],[5561067.904470505192876,6188956.471983402967453],[5561071.631595361977816,6188964.213186644017696],[5561076.285051639191806,6188973.057690217159688],[5561082.783892295323312,6188982.999462774023414],[5561085.591990171931684,6188990.746690409258008],[5561088.407371688634157,6188999.603248318657279],[5561089.377376636490226,6189007.36253566108644],[5561089.421051917597651,6189014.018522398546338],[5561087.619343251921237,6189019.577239038422704],[5561084.920415384694934,6189028.469978754408658],[5561083.125979425385594,6189035.138025407679379],[5561082.236038725823164,6189039.581379638053477],[5561083.17692822124809,6189042.903342909179628],[5561086.882262080907822,6189047.316546535119414],[5561090.580320172011852,6189050.620417648926377],[5561096.109212457202375,6189052.802893958985806],[5561097.961883976124227,6189055.009493417106569],[5561102.593566582538188,6189060.525990474969149],[5561108.151592900045216,6189067.145783944986761],[5561111.85694813542068,6189071.558977773413062],[5561113.731472915969789,6189077.093567261472344],[5561116.554187506437302,6189087.059447294101119],[5561117.516940737143159,6189093.709400146268308],[5561117.597046578302979,6189105.912041179835796],[5561116.728961233049631,6189113.683391326107085],[5561118.603496728464961,6189119.217979647219181],[5561122.345291311852634,6189129.177824156358838],[5561128.873420605435967,6189143.556888260878623],[5561133.51244858559221,6189150.182701028883457],[5561137.21056346129626,6189153.486553920432925],[5561142.754098090343177,6189157.88766507897526],[5561149.202132543548942,6189160.064074831083417],[5561157.510163977742195,6189165.556398840621114],[5561164.899137875065207,6189171.054753445088863],[5561176.890749537386,6189177.632239111699164],[5561185.206103404983878,6189184.233869649469852],[5561195.38148205447942,6189194.151404110714793],[5561199.101511880755424,6189200.783225504681468],[5561200.064333783462644,6189207.433169695548713],[5561200.129960939288139,6189217.417147732339799],[5561198.328275258652866,6189222.975884505547583],[5561195.585640221834183,6189225.212669122032821],[5561191.923930863849819,6189227.455493404529989],[5561188.26221975684166,6189229.698316219262779],[5561183.688723362982273,6189233.056508089415729],[5561180.953371430747211,6189236.402619107626379],[5561180.048876467160881,6189238.627320092171431],[5561179.15167039539665,6189241.961351804435253],[5561179.166249066591263,6189244.18001345358789],[5561180.099902590736747,6189246.392635880038142],[5561182.886286227963865,6189250.811840957961977],[5561184.760886703617871,6189256.346415773965418],[5561186.650069680996239,6189264.099651799537241],[5561188.524674870073795,6189269.634225818328559],[5561190.421153981238604,6189278.4967917855829],[5561193.23671540338546,6189287.353316844440997],[5561193.280460793524981,6189294.009301405400038],[5561195.162366586737335,6189300.6532047316432],[5561194.308905193582177,6189310.643221990205348],[5561192.521777993068099,6189318.420618006028235],[5561190.727357125841081,6189325.088682848028839],[5561189.8520168652758,6189331.75070718023926],[5561188.976675223559141,6189338.412731345742941],[5561189.983243603259325,6189351.718659314326942],[5561192.864440809004009,6189370.559159595519304],[5561196.752230242826045,6189402.705585078336298],[5561199.669910797849298,6189427.092735006473958],[5561202.616771351546049,6189455.917205373756588],[5561203.616075678728521,6189468.113799533806741],[5561204.578923249617219,6189474.763741072267294],[5561207.372676143422723,6189480.292268918827176],[5561210.166432284750044,6189485.820795931853354],[5561218.547720173373818,6189502.406371945515275],[5561225.105421854183078,6189521.222688094712794],[5561230.678392355330288,6189530.061069805175066],[5561240.912555862218142,6189548.853198598138988],[5561247.40466306079179,6189557.685525499284267],[5561252.955783871002495,6189563.195902887731791],[5561256.646804354153574,6189565.390378843061626],[5561263.087848087772727,6189566.45738235488534],[5561269.514294777996838,6189565.305720672011375],[5561274.095227393321693,6189563.056820525787771],[5561280.499768638052046,6189558.577159991487861],[5561285.080695359967649,6189556.328254336491227],[5561289.676223361864686,6189556.298007220029831],[5561296.124567584134638,6189558.474318283610046],[5561301.66111199464649,6189561.766006201505661],[5561307.197660353966057,6189565.057690870948136],[5561314.601644961163402,6189572.774589936248958],[5561324.784883437678218,6189583.801315577700734],[5561331.247868443839252,6189588.196263423189521],[5561339.556385671719909,6189593.688428374007344],[5561347.879529872909188,6189601.399246792308986],[5561351.577897381037474,6189604.703015913255513],[5561356.209997358731925,6189610.219388262368739],[5561361.783144854009151,6189619.057692836038768],[5561362.731497833505273,6189623.488957602530718],[5561360.92251333873719,6189627.938392413780093],[5561358.187104151584208,6189631.284552819095552],[5561353.620775283314288,6189635.752154608257115],[5561349.958938576281071,6189637.995037961751223],[5561349.061750616878271,6189641.32908439449966],[5561350.002790798433125,6189644.651019933633506],[5561350.94383162073791,6189647.972955374978483],[5561354.678764433600008,6189656.823374888859689],[5561355.641736023128033,6189663.473300737328827],[5561359.347440152429044,6189667.886397154070437],[5561363.038527392782271,6189670.080831533297896],[5561368.567850705236197,6189672.263150091283023],[5561376.847216986119747,6189673.317961235530674],[5561385.126585290767252,6189674.372765039093792],[5561390.641289643011987,6189674.336409959942102],[5561396.155994019471109,6189674.300051615573466],[5561403.516248224303126,6189675.360899060964584],[5561408.111835797317326,6189675.330594320781529],[5561412.692791198380291,6189673.081626649014652],[5561418.17822798807174,6189668.60793386772275],[5561422.744543083012104,6189664.140300431288779],[5561426.406373306177557,6189661.897388443350792],[5561431.913752199150622,6189660.751678444445133],[5561439.266681103035808,6189660.703167182393372],[5561451.222511383704841,6189661.733654383569956],[5561458.575441278517246,6189661.685127884149551],[5561465.928371218033135,6189661.636595578864217],[5561473.295947883278131,6189663.806718273088336],[5561483.420878171920776,6189665.958629724569619],[5561490.803113410249352,6189670.347399488091469],[5561497.273564253933728,6189675.851563893258572],[5561504.663140991702676,6189681.349653214216232],[5561509.302697669714689,6189687.975280990824103],[5561511.170246616005898,6189692.400460085831583],[5561512.133333262056112,6189699.050371021963656],[5561513.096421156078577,6189705.700281811878085],[5561511.331457315012813,6189716.805728199891746],[5561513.242980304174125,6189727.886888825334609],[5561515.147179347462952,6189737.85871862526983],[5561518.874974709004164,6189745.599743491970003],[5561521.66166409291327,6189750.018848285079002],[5561526.271948199719191,6189752.207146368920803],[5561532.720485488884151,6189754.383295645937324],[5561540.095482653006911,6189757.662696757353842],[5561545.617569345980883,6189758.735580910928547],[5561549.316069575957954,6189762.039272592402995],[5561553.036570168100297,6189768.670953744091094],[5561554.93348634801805,6189777.53344523254782],[5561554.087685169652104,6189788.632823503576219],[5561554.124348414130509,6189794.179474835284054],[5561556.006604462862015,6189800.823305356316268],[5561556.96973230689764,6189807.473211199045181],[5561560.690255674533546,6189814.104889178648591],[5561566.2710504764691,6189824.052403378300369],[5561569.043116415850818,6189826.252833680249751],[5561573.638779612258077,6189826.22244830057025],[5561576.410847966559231,6189828.422876437194645],[5561579.182917636819184,6189830.623303758911788],[5561581.043191069737077,6189833.939138559624553],[5561581.065198318101466,6189837.267129214480519],[5561580.182742739096284,6189842.819858241826296],[5561578.395821978338063,6189850.597325294278562],[5561577.528033884242177,6189858.368714277632535],[5561572.976363115012646,6189865.055082366801798],[5561571.152759157121181,6189867.285896874032915],[5561568.410017411224544,6189869.52278777398169],[5561564.733469788916409,6189869.54709395673126],[5561561.078922015614808,6189872.899389113299549],[5561558.35817504953593,6189878.464267365634441],[5561557.468368577770889,6189882.907663538120687],[5561558.416838506236672,6189887.338908337056637],[5561559.343310190364718,6189888.442162687890232],[5561561.203587460331619,6189891.758001233451068],[5561563.071199487894773,6189896.183169513940811],[5561564.968147900886834,6189905.045657793991268],[5561566.828430349938571,6189908.361495206132531],[5561569.615189364179969,6189912.780585595406592],[5561571.475474956445396,6189916.096422089263797],[5561575.152040995657444,6189916.072113504633307],[5561580.659554570913315,6189914.926317820325494],[5561585.247925552539527,6189913.786597227677703],[5561591.689251489005983,6189914.853376816958189],[5561597.204099983908236,6189914.816901415586472],[5561603.623413436114788,6189912.555682430043817],[5561609.138260670006275,6189912.519199942238629],[5561613.733966718427837,6189912.488795374520123],[5561619.270834315568209,6189915.780297272838652],[5561625.72684773709625,6189919.065713648684323],[5561633.11669145245105,6189924.563702846877277],[5561642.352172705344856,6189931.158848682418466],[5561648.830235828645527,6189937.772239591926336],[5561652.543530869297683,6189943.294551145285368],[5561663.639370321296155,6189953.205496453680098],[5561671.03660973161459,6189959.812786087393761],[5561686.742919306270778,6189971.91192966978997],[5561695.978485662490129,6189978.507023059763014],[5561706.12586338724941,6189983.986687210388482],[5561716.273253191262484,6189989.466340428218246],[5561724.567651160061359,6189992.739506652578712],[5561730.089900003746152,6189993.812283306382596],[5561733.766497611999512,6189993.787912536412477],[5561739.29610244743526,6189995.970013858750463],[5561745.759569698944688,6190000.364678121171892],[5561753.149549429304898,6190005.862573322840035],[5561758.708592037670314,6190012.481983631849289],[5561765.179437203332782,6190017.985964690335095],[5561772.554726215079427,6190021.265184530057013],[5561779.952097411267459,6190027.87238884344697],[5561785.489093268290162,6190031.163793153129518],[5561791.930525816977024,6190032.230435531586409],[5561799.276390811428428,6190031.072314045391977],[5561809.364988379180431,6190027.677226074039936],[5561816.703484540805221,6190025.409760629758239],[5561823.13018892519176,6190024.257721171714365],[5561830.483409230597317,6190024.208905055187643],[5561835.998324489220977,6190024.172289158217609],[5561839.674934675917029,6190024.147876745089889],[5561844.292797318659723,6190027.445349616929889],[5561849.837183737196028,6190031.846046134829521],[5561853.535900169983506,6190035.149618719704449],[5561857.256723646074533,6190041.781180248595774],[5561867.46322241332382,6190056.13531145080924],[5561877.669752260670066,6190070.489431609399617],[5561880.464077893644571,6190076.017760783433914],[5561882.33924849703908,6190081.552196582779288],[5561883.273149037733674,6190083.76474929228425],[5561886.074853245168924,6190090.402406858280301],[5561887.957401522435248,6190097.046171562746167],[5561892.6121781533584,6190105.890271195210516],[5561894.487361549399793,6190111.424704493023455],[5561896.406782705336809,6190123.615117613226175],[5561899.215880470350385,6190131.362101159989834],[5561903.833816912956536,6190134.659545036964118],[5561909.370920518413186,6190137.950876695103943],[5561915.812442548573017,6190139.017434470355511],[5561919.48172321356833,6190137.883661163039505],[5561924.062790931202471,6190135.634444951079786],[5561926.812905753031373,6190134.506780132651329],[5561931.408723571337759,6190134.476220346987247],[5561942.468198603019118,6190138.840187810361385],[5561952.60851975530386,6190143.210256568156183],[5561955.388151832856238,6190146.51990351639688],[5561957.26338030397892,6190152.054324482567608],[5561957.285519618541002,6190155.382314590737224],[5561955.476706472225487,6190159.831863940693438],[5561954.594437508843839,6190165.384628514759243],[5561952.829896158538759,6190176.490157234482467],[5561951.057971294037998,6190186.486355400644243],[5561951.146518547087908,6190199.798315002582967],[5561951.183413156308234,6190205.344964760355651],[5561954.8822335684672,6190208.648497731424868],[5561958.56629703566432,6190209.733369369059801],[5561966.868359412997961,6190214.115652667358518],[5561971.486360721290112,6190217.413063517771661],[5561972.420295354910195,6190219.625607338733971],[5561973.368993447162211,6190224.056810941547155],[5561976.14865636266768,6190227.36645174305886],[5561980.76666749175638,6190230.663858069106936],[5561989.053992393426597,6190232.827461985871196],[5561994.583800555206835,6190235.009413821622729],[5562001.018015605397522,6190234.966583654284477],[5562008.393561230972409,6190238.245619287714362],[5562015.769112139940262,6190241.524649140425026],[5562028.659715844318271,6190244.766945079900324],[5562034.182152081280947,6190245.839543637819588],[5562039.72675771638751,6190250.2401288067922],[5562044.352193018421531,6190254.646833929233253],[5562052.661727663129568,6190260.138371560722589],[5562060.95648848079145,6190263.411241975612938],[5562083.083274214528501,6190273.248190583661199],[5562100.606818597763777,6190282.00640170276165],[5562112.58572915289551,6190286.364041106775403],[5562119.946558471769094,6190287.424329353496432],[5562136.499180025421083,6190288.423294255509973],[5562144.786595010198653,6190290.58676066622138],[5562155.838955554179847,6190293.841147814877331],[5562166.8913240628317,6190297.095521942712367],[5562175.186159691773355,6190300.368291488848627],[5562180.730865437537432,6190304.768793772906065],[5562185.363801817409694,6190310.284759832546115],[5562193.703101020306349,6190320.213493020273745],[5562203.917827867902815,6190335.676591256633401],[5562213.191173508763313,6190347.81782831531018],[5562223.36890740506351,6190357.734255748800933],[5562232.605239800177515,6190364.328824039548635],[5562240.003210661932826,6190370.935668094083667],[5562242.797838806174695,6190376.463890434242785],[5562243.75409332010895,6190382.004397442564368],[5562246.55614048987627,6190388.641948561184108],[5562250.269967224448919,6190394.16402567923069],[5562253.961554810404778,6190396.358111619949341],[5562257.675388946197927,6190401.880185828544199],[5562258.639069560915232,6190408.53002115804702],[5562258.683559691533446,6190415.186000478453934],[5562256.867420615628362,6190418.526278104633093],[5562255.058694776147604,6190422.975885208696127],[5562255.088353019207716,6190427.413204655982554],[5562253.316696124151349,6190437.409460546448827],[5562252.464230035431683,6190447.399572511203587],[5562252.50871516764164,6190454.055551420897245],[5562254.3915926637128,6190460.699243243783712],[5562258.12028128374368,6190468.439976719208062],[5562265.570261009037495,6190482.812109412625432],[5562275.785279607400298,6190498.275129360146821],[5562286.000331637449563,6190513.738138237968087],[5562287.86840757727623,6190518.163163741119206],[5562289.751322126016021,6190524.806848333217204],[5562294.414105912670493,6190534.760079743340611],[5562298.128017266280949,6190540.282137824222445],[5562301.86419243644923,6190549.132183556444943],[5562308.417356699705124,6190566.838419312611222],[5562311.249185775406659,6190577.913269291631877],[5562313.139549066312611,6190585.666278633289039],[5562315.94170334096998,6190592.303808462806046],[5562319.663071444258094,6190598.935187637805939],[5562324.303655353374779,6190605.560415086336434],[5562329.856034053489566,6190611.070159837603569],[5562337.239418860524893,6190615.458268765360117],[5562346.461234785616398,6190619.834067166782916],[5562361.213187887333333,6190626.391593971289694],[5562370.435026252642274,6190630.767368882894516],[5562380.583516001701355,6190636.246308634988964],[5562387.040301268920302,6190639.531204668805003],[5562398.108025173656642,6190645.003969055600464],[5562411.021625160239637,6190651.573732671327889],[5562419.31686329189688,6190654.846288814209402],[5562428.523888682946563,6190657.00334753561765],[5562432.21562216617167,6190659.197364061139524],[5562437.753225685097277,6190662.488386141136289],[5562443.298269523307681,6190666.888734608888626],[5562447.938975154422224,6190673.513901537284255],[5562453.5137805538252,6190682.35156253632158],[5562458.16193903516978,6190690.086054055951536],[5562460.04500708822161,6190696.729704760946333],[5562461.016295632347465,6190704.488848357461393],[5562464.745249619707465,6190712.229500172659755],[5562472.225494707934558,6190731.038788022473454],[5562475.969348266720772,6190740.99809443205595],[5562482.508089196868241,6190756.485550285317004],[5562487.156307324767113,6190764.220027361996472],[5562488.112741086632013,6190769.760508755221963],[5562490.907631084322929,6190775.288657211698592],[5562494.621752469800413,6190780.810638019815087],[5562499.240221423096955,6190784.1077911099419],[5562503.851250384002924,6190786.295612441375852],[5562508.477169185876846,6190790.702090512961149],[5562516.780010689981282,6190795.083890956826508],[5562524.148738737218082,6190797.253194878809154],[5562537.952080578543246,6190799.379297495819628],[5562542.548230782151222,6190799.348440833389759],[5562547.129484192468226,6190797.098922865465283],[5562550.79150581266731,6190794.855575029738247],[5562557.173965752124786,6190787.047059374861419],[5562565.394871079362929,6190779.226191600784659],[5562572.718889785930514,6190774.739479652605951],[5562579.138578844256699,6190772.477596255019307],[5562586.49239840451628,6190772.428191688843071],[5562594.765445467084646,6190772.372604609467089],[5562599.3690374372527,6190773.451049329712987],[5562603.068313078954816,6190776.754328612238169],[5562607.694275234825909,6190781.160758078098297],[5562611.415925149805844,6190787.79202289506793],[5562616.998409768566489,6190797.738917347975075],[5562623.492679583840072,6190806.570299420505762],[5562629.052813583053648,6190813.189198008738458],[5562636.451419805176556,6190819.795731916092336],[5562646.637575784698129,6190830.821033312939107],[5562652.205201325938106,6190838.549247841350734],[5562654.066052552312613,6190841.864871653728187],[5562655.022592614404857,6190847.405336808413267],[5562656.913291888311505,6190855.158278170973063],[5562657.002827757038176,6190868.470232349820435],[5562658.878609435632825,6190874.00451416336],[5562662.592869507148862,6190879.526429182849824],[5562667.22637259401381,6190885.042159046046436],[5562673.698359579779208,6190890.545518074184656],[5562682.023762211203575,6190898.255161447450519],[5562690.334248221479356,6190903.746138536371291],[5562696.791329980827868,6190907.030822793021798],[5562704.152723926119506,6190908.090656355954707],[5562711.506651966832578,6190908.041154636070132],[5562719.772352378815413,6190906.876128763891757],[5562724.368556911125779,6190906.845183153636754],[5562728.05299022141844,6190907.929754538461566],[5562736.341100743971765,6190910.092702484689653],[5562748.328597355633974,6190915.558865559287369],[5562755.712423549033701,6190919.946647104807198],[5562763.103730567730963,6190925.443752375431359],[5562767.737316288053989,6190930.959433055482805],[5562773.320051283575594,6190940.906235353089869],[5562778.895322352647781,6190949.743704852648079],[5562783.543881583027542,6190957.478036737069488],[5562791.891866809688509,6190968.515571742318571],[5562795.628675579093397,6190977.365422996692359],[5562798.423808820545673,6190982.893481001257896],[5562800.307174308225513,6190989.537064378149807],[5562800.366998801007867,6190998.411699818447232],[5562800.434301210567355,6191008.395664550364017],[5562800.464213342405856,6191012.83298216201365],[5562802.317672784440219,6191015.039247364737093],[5562805.097863583825529,6191018.348644488491118],[5562809.724040162749588,6191022.754975153133273],[5562815.276953772641718,6191028.264434843324125],[5562818.064633144065738,6191032.683157540857792],[5562820.867275907658041,6191039.320538168773055],[5562823.669922549277544,6191045.957917946390808],[5562829.237820730544627,6191053.686028172262013],[5562834.790764045901597,6191059.195476409047842],[5562841.27793606556952,6191066.917379474267364],[5562846.845861110836267,6191074.645479328930378],[5562854.229859326034784,6191079.033184236846864],[5562859.760377678088844,6191081.214629782363772],[5562867.114444156177342,6191081.165007193572819],[5562877.248746618628502,6191084.424754720181227],[5562897.52486280258745,6191092.053546319715679],[5562909.497707874514163,6191095.300846523605287],[5562923.294096912257373,6191096.317055465653539],[5562933.413449365645647,6191097.358083567582071],[5562939.840775004588068,6191096.205284016206861],[5562944.429579551331699,6191095.064901781268418],[5562949.937642707489431,6191093.918305970728397],[5562960.056996153667569,6191094.959305144846439],[5562980.303209746256471,6191098.150600037537515],[5562992.268593050539494,6191100.288464930839837],[5563008.837787806987762,6191103.504559407941997],[5563022.63420292083174,6191104.520621567033231],[5563029.995794780552387,6191105.580200128257275],[5563032.77609399612993,6191108.889530419372022],[5563037.402424392290413,6191113.295749635435641],[5563041.124509816989303,6191119.926845828071237],[5563042.081304795108736,6191125.467272683046758],[5563041.207080250605941,6191132.129469599574804],[5563038.509337936528027,6191141.022765382193029],[5563038.546868155710399,6191146.569412396289408],[5563040.430435691960156,6191153.212948562577367],[5563041.432271159254014,6191165.409351509995759],[5563041.529853348620236,6191179.830633171834052],[5563045.38708793092519,6191206.429655313491821],[5563046.516548810526729,6191237.48465459421277],[5563048.542770596221089,6191265.205444012768567],[5563050.508945276960731,6191284.051598601974547],[5563052.377531783655286,6191288.476473170332611],[5563055.142876537516713,6191289.567138432525098],[5563058.812485028989613,6191288.432922749780118],[5563062.497109713964164,6191289.517363989725709],[5563066.196753206662834,6191292.820462157018483],[5563074.515328198671341,6191299.420430856756866],[5563083.730662750080228,6191302.686180487275124],[5563089.261368992738426,6191304.867491765879095],[5563094.777053222060204,6191304.83014141023159],[5563098.439150511287153,6191302.586580962873995],[5563103.013013001531363,6191299.227463729679585],[5563112.160728130489588,6191292.509222334250808],[5563127.720833279192448,6191282.419385876506567],[5563145.111941707320511,6191271.207732998766005],[5563157.024949571117759,6191265.580084292218089],[5563166.202676957473159,6191263.29910581279546],[5563175.387922065332532,6191262.12744755949825],[5563183.653888547793031,6191260.962014424614608],[5563190.096347893588245,6191262.02770240791142],[5563194.715304004959762,6191265.324515334330499],[5563201.187868149019778,6191270.827513111755252],[5563209.536626351997256,6191281.864679952152073],[5563212.347146801650524,6191289.611274792812765],[5563213.289005599915981,6191292.933025760576129],[5563213.334164402447641,6191299.58900164347142],[5563214.276024464517832,6191302.910752483643591],[5563217.063974091783166,6191307.329357911832631],[5563221.690489456988871,6191311.735487011261284],[5563233.693851814605296,6191319.419692481867969],[5563240.181535406969488,6191327.141322201117873],[5563244.830661893822253,6191334.87542783934623],[5563257.821142582222819,6191352.537326075136662],[5563265.250752674415708,6191363.580684980377555],[5563268.05380973406136,6191370.217933865264058],[5563273.622268308885396,6191377.945782922208309],[5563273.644868618808687,6191381.273770624771714],[5563272.748180078342557,6191384.608001133427024],[5563270.939734795130789,6191389.05780338589102],[5563266.396016219630837,6191396.854319654405117],[5563262.779112778604031,6191405.753920973278582],[5563258.250441954471171,6191415.769091182388365],[5563254.633522951044142,6191424.668688870966434],[5563253.782008664682508,6191434.658891972154379],[5563251.084372208453715,6191443.55224700178951],[5563247.482495156116784,6191454.670499472878873],[5563245.711672876961529,6191464.666941368021071],[5563247.587916811928153,6191470.201106537133455],[5563249.471693205647171,6191476.844600369222462],[5563250.406051944941282,6191479.057018080726266],[5563253.171477055177093,6191480.147625415585935],[5563255.936902822926641,6191481.238231932744384],[5563262.37199124507606,6191481.19454284850508],[5563269.733910764567554,6191482.253936089575291],[5563275.257234922610223,6191483.325809482485056],[5563280.765492374077439,6191482.179021476767957],[5563285.361984740942717,6191482.147803199477494],[5563291.812144757248461,6191484.322751965373755],[5563301.954576625488698,6191488.691373153589666],[5563308.404745244421065,6191490.866310534067452],[5563312.081942724063993,6191490.841325236484408],[5563318.517038339748979,6191490.79759747069329],[5563321.259858817793429,6191488.560197442770004],[5563323.987599652260542,6191484.104138361290097],[5563323.038144691847265,6191479.67306955344975],[5563323.927286271005869,6191475.229505420662463],[5563326.662561282515526,6191471.882774529978633],[5563332.16326607670635,6191469.626626786775887],[5563334.898536480031908,6191466.279893384315073],[5563337.618723211809993,6191460.714500817470253],[5563339.434692875482142,6191457.374015003442764],[5563341.250661212019622,6191454.033528799191117],[5563345.83205643389374,6191451.783622119575739],[5563350.420991875231266,6191450.643042337149382],[5563355.936764649115503,6191450.605538624338806],[5563361.460081157274544,6191451.677360843867064],[5563367.932872572913766,6191457.180244575254619],[5563376.244265004992485,6191462.670618302188814],[5563381.775137313641608,6191464.851757799275219],[5563384.54812087956816,6191467.05165552161634],[5563385.490057582035661,6191470.373389360494912],[5563386.439541552215815,6191474.804452281445265],[5563388.308324702084064,6191479.229261090047657],[5563393.876947120763361,6191486.95703942514956],[5563400.402619675733149,6191500.225205102935433],[5563406.920761410146952,6191512.384037086740136],[5563413.401171218603849,6191518.996218881569803],[5563420.815994311124086,6191527.820797357708216],[5563432.850007589906454,6191539.942066754214466],[5563445.788250668905675,6191549.838403054513037],[5563463.360830998048186,6191565.250061684288085],[5563471.67993257753551,6191571.849680735729635],[5563481.814989320933819,6191575.108779073692858],[5563490.126554227434099,6191580.599052764475346],[5563505.837964570149779,6191592.695172823034227],[5563514.172244009561837,6191601.513412663713098],[5563517.887296041473746,6191607.034992256201804],[5563520.667916219681501,6191610.344179178588092],[5563529.898847609758377,6191615.828150944784284],[5563539.144918818026781,6191623.530771845951676],[5563546.537247628904879,6191629.027264610864222],[5563551.148946019820869,6191631.214574441313744],[5563554.826200282201171,6191631.189494147896767],[5563557.569007785990834,6191628.952024800702929],[5563561.215993013232946,6191624.489625579677522],[5563569.414128842763603,6191613.339892692863941],[5563574.907293680123985,6191609.97427334357053],[5563578.576970543712378,6191608.839854413643479],[5563584.100408746860921,6191609.911546144634485],[5563589.654130134731531,6191615.420551193878055],[5563594.280974457040429,6191619.82649805676192],[5563601.726336841471493,6191633.08825144264847],[5563605.449025827459991,6191639.719125925563276],[5563606.406202211976051,6191645.259496199898422],[5563608.282695222645998,6191650.79359089396894],[5563613.86674780305475,6191660.739898131228983],[5563619.465959797613323,6191672.90486020129174],[5563625.019739025272429,6191678.413844510912895],[5563626.888674567453563,6191682.838606378994882],[5563628.757611835375428,6191687.263367868959904],[5563637.114819657988846,6191699.40948661416769],[5563644.529997097328305,6191708.233889888972044],[5563651.930033241398633,6191714.83962928224355],[5563659.322501384653151,6191720.336033856496215],[5563663.964588105678558,6191726.960604739375412],[5563669.518425512127578,6191732.469562941230834],[5563675.976432890631258,6191735.753577831201255],[5563685.192418063990772,6191739.018739815801382],[5563691.658017945475876,6191743.412072984501719],[5563695.358065421693027,6191746.714924967847764],[5563700.00019074883312,6191753.339478204958141],[5563704.65749013889581,6191762.182687183842063],[5563709.299629568122327,6191768.807235846295953],[5563715.788016631267965,6191776.528539552353323],[5563719.503256658092141,6191782.050040093250573],[5563719.533598598092794,6191786.487356033176184],[5563718.652196303941309,6191792.040287152864039],[5563715.924547406844795,6191796.496461165137589],[5563713.196895856410265,6191800.952634312212467],[5563711.388572634197772,6191805.402521193027496],[5563710.491994704119861,6191808.736793418414891],[5563710.514747738838196,6191812.064780222252011],[5563711.517508220858872,6191824.261112975887954],[5563711.600936830043793,6191836.463730914518237],[5563713.50786648876965,6191846.435119868256152],[5563717.215546797960997,6191850.847292257472873],[5563720.915645119734108,6191854.150134324096143],[5563733.824281443841755,6191859.608761365525424],[5563742.121072654612362,6191862.88015606906265],[5563746.717756142839789,6191862.84871293976903],[5563748.556429542601109,6191862.836135054938495],[5563751.306850581429899,6191861.707938657142222],[5563754.976607452146709,6191860.573451808653772],[5563759.580879952758551,6191861.651331219822168],[5563768.797019427642226,6191864.916412158869207],[5563778.940095135942101,6191869.284520987421274],[5563784.486491408199072,6191873.68408283777535],[5563796.513827189803123,6191884.695560876280069],[5563809.475723193958402,6191897.919386448338628],[5563815.022150924429297,6191902.318930397741497],[5563824.26114371791482,6191908.911943830549717],[5563832.573209019377828,6191914.401916645467281],[5563839.054198617115617,6191921.013806957751513],[5563843.696510910987854,6191927.638289667665958],[5563847.419485826976597,6191934.269068827852607],[5563853.034361781552434,6191948.652550183236599],[5563856.764952771365643,6191956.392654458992183],[5563864.203346190042794,6191968.544872086495161],[5563865.153102846816182,6191972.975887019187212],[5563862.501487563364208,6191988.525390920229256],[5563862.623119004070759,6192006.274651263840497],[5563863.626092550344765,6192018.470967368222773],[5563866.429763376712799,6192025.108038888312876],[5563871.06454227026552,6192030.623179263435304],[5563879.391950267367065,6192038.331768780015409],[5563883.099784275516868,6192042.743876184336841],[5563887.704162346199155,6192043.82169353403151],[5563892.293330753222108,6192042.680851174518466],[5563896.882498084567487,6192041.540006538853049],[5563903.310373216867447,6192040.38655171636492],[5563906.060829507187009,6192039.258310433477163],[5563912.488702059723437,6192038.104849236086011],[5563922.609207631088793,6192039.144818022847176],[5563931.810361228883266,6192040.191082750447094],[5563937.326488019898534,6192040.153239981271327],[5563941.915649061091244,6192039.01237306650728],[5563949.278096153400838,6192040.071236105635762],[5563956.648158090189099,6192042.239422139711678],[5563963.098868642002344,6192044.413912368007004],[5563968.63784159719944,6192047.704037482850254],[5563972.360951998271048,6192054.334767556749284],[5563980.726545618847013,6192067.589911680668592],[5563987.253445543348789,6192080.857673101127148],[5563996.568913872353733,6192098.543805816210806],[5564002.161258793435991,6192109.599212490953505],[5564006.788541208021343,6192114.004957751370966],[5564012.335190282203257,6192118.404386106878519],[5564021.56691612675786,6192123.88787828758359],[5564028.017698754556477,6192126.062324372120202],[5564032.614514132961631,6192126.030742120929062],[5564036.284344132989645,6192124.896145965903997],[5564040.865913268178701,6192122.64590216986835],[5564043.62400153838098,6192122.626949275843799],[5564051.90589056443423,6192123.679414432495832],[5564062.026507595553994,6192124.719233282841742],[5564069.396664048545063,6192126.887331246398389],[5564076.751569794490933,6192126.83676591143012],[5564085.025838810950518,6192126.779872972518206],[5564088.695663175545633,6192125.645256091840565],[5564096.969931291416287,6192125.588352531194687],[5564108.017550564371049,6192127.731127264909446],[5564116.299452614970505,6192128.783535368740559],[5564123.646727696061134,6192127.623604238964617],[5564131.00163465179503,6192127.572996100410819],[5564141.114631790667772,6192127.50340042822063],[5564156.7438093572855,6192127.395821892656386],[5564172.395902642048895,6192130.616203674115241],[5564183.451186922378838,6192133.86821817420423],[5564198.214503003284335,6192141.532203810289502],[5564206.519356767646968,6192145.912518625147641],[5564211.154398563317955,6192151.427492709830403],[5564217.64346621837467,6192159.148452617228031],[5564222.301454118452966,6192167.991407744586468],[5564228.813477599062026,6192179.040346460416913],[5564230.713377205654979,6192187.9023048421368],[5564236.359574925154448,6192206.722875898703933],[5564240.144109058193862,6192222.228131284937263],[5564244.870970017276704,6192241.055033757351339],[5564247.659682888537645,6192245.473335915245116],[5564251.360126378946006,6192248.77597049344331],[5564256.884027665480971,6192249.847269124351442],[5564263.319657009094954,6192249.802896555513144],[5564269.747636603191495,6192248.649190804921091],[5564279.845465368591249,6192246.360789007507265],[5564285.354065574705601,6192245.213413270190358],[5564289.950941594317555,6192245.181704955175519],[5564298.24062483664602,6192247.343281813897192],[5564305.618590460158885,6192250.620523595251143],[5564318.520473546348512,6192254.969021834433079],[5564333.284094260074198,6192262.632796601392329],[5564346.193666382692754,6192268.090585683472455],[5564376.617412605322897,6192280.083688719198108],[5564392.300501817837358,6192287.741020584478974],[5564408.918329966254532,6192297.610630427487195],[5564420.916283020749688,6192304.183999397791922],[5564433.856642533093691,6192314.078983528539538],[5564440.307657857425511,6192316.253146989271045],[5564443.985187606886029,6192316.227719790302217],[5564445.80861135199666,6192313.996348056010902],[5564447.624363420531154,6192310.655647140927613],[5564449.440114161930978,6192307.31494583748281],[5564458.572552899830043,6192298.376735364086926],[5564464.962180401198566,6192291.676250944845378],[5564466.762574841268361,6192286.116888304241002],[5564469.474672527983785,6192279.441836862824857],[5564472.209787649102509,6192276.094771166332066],[5564474.921878348104656,6192269.419717940501869],[5564476.722262210212648,6192263.860353044234216],[5564479.457370041869581,6192260.513285037130117],[5564483.119527719914913,6192258.26918422523886],[5564495.944742526859045,6192251.524148732423782],[5564509.696992856450379,6192245.882060695439577],[5564514.293870842084289,6192245.85024173092097],[5564517.979052579030395,6192246.934113897383213],[5564520.752539036795497,6192249.133678290061653],[5564522.614330524578691,6192252.448935716412961],[5564522.645049994811416,6192256.886251572519541],[5564525.479981916956604,6192267.960446229204535],[5564527.364819821901619,6192274.603689515963197],[5564529.241979697719216,6192280.137603468261659],[5564530.192081477493048,6192284.568553683348],[5564530.276568945497274,6192296.771171727217734],[5564532.253585885278881,6192316.726360502652824],[5564534.130756447091699,6192322.260273294523358],[5564536.911950105801225,6192325.569161888211966],[5564542.458979237824678,6192329.968278906308115],[5564547.990648252889514,6192332.148734949529171],[5564553.506953234784305,6192332.110530011355877],[5564559.015574242919683,6192330.962992932647467],[5564564.516509301029146,6192328.706123694777489],[5564570.017441751435399,6192326.449251161888242],[5564580.130661739967763,6192326.379182286560535],[5564590.236194086261094,6192325.19977352116257],[5564604.930951812304556,6192322.879161727614701],[5564619.618011467158794,6192319.449197705835104],[5564626.046000570058823,6192318.295246411114931],[5564637.990285011939704,6192317.10303558409214],[5564648.118885227479041,6192319.251550753600895],[5564653.642878745682538,6192320.322615418583155],[5564657.335802800953388,6192322.515762024559081],[5564661.978897257708013,6192329.139844670891762],[5564668.445373579859734,6192333.532509084790945],[5564677.677708894014359,6192339.015358448959887],[5564690.602996756322682,6192346.691332389600575],[5564698.900570835918188,6192349.96188426297158],[5564709.933204561471939,6192349.885292790830135],[5564720.958135161548853,6192348.699359263293445],[5564730.144291347824037,6192347.526183158159256],[5564751.251634040847421,6192341.83265523519367],[5564760.430072322487831,6192339.550120062194765],[5564765.026998345740139,6192339.518178111873567],[5564771.470404068008065,6192340.582784628495574],[5564779.768002714030445,6192343.853264883160591],[5564791.750862934626639,6192348.207502644509077],[5564806.51503446418792,6192355.870534681715071],[5564811.142824617214501,6192360.275886382907629],[5564814.858945732936263,6192365.796958416700363],[5564820.444708041846752,6192375.742557302117348],[5564822.329777035862207,6192382.385743311606348],[5564823.303173711523414,6192390.144652275368571],[5564820.606722576543689,6192399.038466859608889],[5564818.82194337900728,6192406.816557702608407],[5564817.933409898541868,6192411.260267439298332],[5564814.286697121337056,6192415.723157552070916],[5564812.478767285123467,6192420.173259976319969],[5564811.582515520043671,6192423.507639999501407],[5564812.532764778472483,6192427.938562694936991],[5564814.417837577871978,6192434.581749864853919],[5564819.084242862649262,6192444.533742451108992],[5564824.66233919095248,6192453.370009491220117],[5564832.056092253886163,6192458.865496559999883],[5564843.127444596961141,6192464.335394021123648],[5564850.490344029851258,6192465.393550944514573],[5564857.860964470542967,6192467.561031009070575],[5564867.070384847931564,6192469.715708485804498],[5564880.876801803708076,6192471.838378798216581],[5564891.925029509700835,6192473.98023197054863],[5564901.126740453764796,6192475.025547022931278],[5564909.401329441927373,6192474.967926758341491],[5564920.418661567382514,6192472.672430350445211],[5564928.677793460898101,6192470.396134945563972],[5564935.105853578075767,6192469.241971747949719],[5564940.629972162656486,6192470.312867895700037],[5564951.678213347680867,6192472.454650426283479],[5564970.097115572541952,6192476.763811708427966],[5564983.93450643401593,6192483.323646015487611],[5564995.933116327039897,6192489.896282534115016],[5565007.939480337314308,6192497.578232819214463],[5565023.66216620337218,6192510.781158147379756],[5565029.201799557544291,6192514.070660301484168],[5565034.74917698930949,6192518.469488224945962],[5565044.893578167073429,6192522.83623425476253],[5565051.352630361914635,6192526.119307409971952],[5565059.650495908223093,6192529.389541520737112],[5565075.334584728814662,6192537.045735804364085],[5565100.228254704736173,6192546.856352798640728],[5565105.767937140539289,6192550.145809997804463],[5565113.185183983296156,6192558.969063975848258],[5565119.65203604940325,6192563.361419389955699],[5565126.118894251063466,6192567.753770378418267],[5565129.827532501891255,6192572.165390129201114],[5565134.44007967505604,6192574.351925735361874],[5565143.672933552414179,6192579.83431919105351],[5565149.243665461428463,6192587.561066986061633],[5565153.871733146719635,6192591.966251130215824],[5565159.403706785291433,6192594.146347904577851],[5565163.089105611667037,6192595.22996760904789],[5565170.459905923344195,6192597.397202683612704],[5565179.677289869636297,6192600.66090289875865],[5565194.418910833075643,6192604.995341235771775],[5565198.096558941528201,6192604.969618178904057],[5565201.774207063950598,6192604.943893671967089],[5565204.516922935843468,6192602.70594126638025],[5565208.186809648759663,6192601.570885170251131],[5565212.776107098907232,6192600.429395258426666],[5565221.043049463070929,6192599.26217092294246],[5565227.471167122013867,6192598.107807112857699],[5565232.044933881610632,6192594.747649490833282],[5565234.764348371885717,6192589.181700740940869],[5565236.56434955727309,6192583.622185920365155],[5565240.226460644975305,6192581.377787900157273],[5565244.792449587956071,6192576.908294631168246],[5565247.511851035989821,6192571.342341822572052],[5565247.480789764784276,6192566.905025295913219],[5565245.595382417552173,6192560.261922023259103],[5565244.652679704129696,6192556.940370238386095],[5565246.468198725953698,6192553.599511379376054],[5565251.041936540976167,6192550.239343790337443],[5565253.792390551418066,6192549.110705466009676],[5565260.228236776776612,6192549.06564758811146],[5565267.599025168456137,6192551.232805790379643],[5565279.59015990793705,6192556.695751608349383],[5565289.726952327415347,6192559.952904074452817],[5565300.775388422422111,6192562.09427532646805],[5565308.13842460885644,6192563.152072523720562],[5565322.84117946587503,6192561.939661905169487],[5565336.601195281371474,6192557.405685062520206],[5565348.537938633002341,6192555.103238082490861],[5565359.570826673880219,6192555.02588124293834],[5565374.312465987168252,6192559.360035552643239],[5565393.666726117022336,6192565.880574932321906],[5565411.158841429278255,6192569.085990823805332],[5565421.280124321579933,6192570.124342462979257],[5565448.862392307259142,6192569.930711274966598],[5565469.089389244094491,6192569.788663189858198],[5565491.147410170175135,6192568.524322213605046],[5565501.253112237900496,6192567.343928381800652],[5565508.569400373846292,6192561.745591313578188],[5565522.305937431752682,6192553.883350719697773],[5565534.219237144105136,6192548.25267687626183],[5565542.454897130839527,6192542.647848295979202],[5565550.698348760604858,6192538.152341712266207],[5565555.287576537579298,6192537.010681977495551],[5565558.965199961327016,6192536.98481612931937],[5565561.739023130387068,6192539.184074748307467],[5565564.520650731399655,6192542.492662029340863],[5565568.237294126302004,6192548.013439933769405],[5565576.597806501202285,6192560.157852516509593],[5565580.330073758028448,6192567.897284573875368],[5565582.223527645692229,6192575.649653082713485],[5565585.994833229109645,6192588.935729988850653],[5565588.792095667682588,6192594.462968969717622],[5565592.493160870857537,6192597.765078483149409],[5565598.033053163439035,6192601.054245930165052],[5565602.630114349536598,6192601.021892788819969],[5565612.743649020791054,6192600.950707893818617],[5565621.92996172606945,6192599.776655397377908],[5565636.632744585163891,6192598.563750167377293],[5565646.746277144178748,6192598.492528340779245],[5565654.085946341976523,6192596.222064814530313],[5565658.667377191595733,6192593.971025035716593],[5565665.079813729040325,6192590.597699598409235],[5565668.749643551185727,6192589.462461256422102],[5565675.16988961584866,6192587.198458264581859],[5565688.953236634843051,6192585.991948075592518],[5565702.744399986229837,6192585.894746985286474],[5565721.132618044503033,6192585.765113786794245],[5565732.173371974378824,6192586.796646011993289],[5565738.617072908207774,6192587.860587774775922],[5565745.060775408521295,6192588.924525102600455],[5565759.802660535089672,6192593.258073049597442],[5565773.61731981113553,6192596.488756050355732],[5565787.439818575046957,6192600.828748296014965],[5565796.665265896357596,6192605.201171290129423],[5565805.890722012147307,6192609.573585255071521],[5565816.043433615937829,6192615.048827946186066],[5565821.575584298931062,6192617.228534195572138],[5565826.180489183403552,6192618.305400519631803],[5565833.535803419537842,6192618.253454574383795],[5565846.42327637039125,6192620.381194430403411],[5565858.391340846195817,6192622.515412650071084],[5565865.754497542977333,6192623.572770963422954],[5565873.101976777426898,6192622.411464214324951],[5565879.530039657838643,6192621.256649830378592],[5565889.627917611971498,6192618.966505508869886],[5565896.967548158019781,6192616.695850170217454],[5565901.548933212645352,6192614.444690362550318],[5565907.945612244307995,6192608.852537463419139],[5565912.519146491773427,6192605.492042435333133],[5565916.188954258337617,6192604.3567063389346],[5565919.866606404073536,6192604.330698493868113],[5565924.455825809389353,6192603.188856932334602],[5565935.496628153137863,6192604.220148962922394],[5565951.1344990786165,6192605.218902957625687],[5565957.570391301065683,6192605.173364157788455],[5565961.255894182249904,6192606.256669735535979],[5565964.029835036024451,6192608.455810153856874],[5565968.642604669556022,6192610.641936051659286],[5565975.117759788408875,6192616.14303395524621],[5565976.972292371094227,6192618.348678109236062],[5565977.907411099411547,6192620.560829789377749],[5565977.923115312121809,6192622.779489262960851],[5565977.02725634444505,6192626.113986250944436],[5565974.316120461560786,6192632.789487413130701],[5565973.451665261760354,6192640.56130279507488],[5565973.483071346767247,6192644.99862158857286],[5565974.441746585071087,6192650.538762629032135],[5565976.311989267356694,6192654.963066273368895],[5565979.10950437374413,6192660.490191356278956],[5565980.987603504210711,6192666.023823731578887]]}},
{"type":"Feature","properties":{"osm_id":250241898,"waterway":"river","name":"Arroyo de Giles"},"geometry":{"type":"LineString","coordinates":[[5550997.99979857262224,6190287.3252456728369],[5551038.311685247346759,6190343.648213295266032],[5551124.665070397779346,6190469.962712723761797],[5551131.991645692847669,6190478.420148440636694],[5551146.652601992711425,6190488.379309574142098],[5551168.761786947958171,6190497.132712330669165],[5551177.478603548370302,6190499.292437337338924],[5551185.927450157701969,6190507.887881244532764],[5551195.55569042917341,6190525.351668988354504],[5551200.078511709347367,6190537.108150560408831],[5551199.690030788071454,6190551.720480377785861],[5551200.14999561291188,6190571.852729770354927],[5551202.593911495991051,6190586.682454033754766],[5551205.669628602452576,6190606.079243135638535],[5551212.376147313974798,6190627.120100761763752],[5551219.868304367177188,6190650.608305891044438],[5551223.545852961950004,6190662.424890995956957],[5551227.199313016608357,6190669.859658709727228],[5551230.458212412893772,6190674.07946836296469],[5551236.290213420055807,6190678.16309520509094],[5551243.286069075576961,6190681.59689065720886],[5551249.900099438615143,6190687.473360563628376],[5551264.172599754296243,6190698.588206896558404],[5551279.352246724069118,6190710.840672673657537],[5551286.879939441569149,6190717.366606001742184],[5551292.19082236289978,6190720.288245842792094],[5551305.527161777019501,6190724.973931066691875],[5551317.295176640152931,6190728.636538120917976],[5551325.700288283638656,6190729.233655877411366],[5551333.57790650613606,6190729.190247570164502],[5551343.914764601737261,6190730.03185479529202],[5551353.100515604019165,6190732.166647375561297],[5551366.817327847704291,6190737.493573539890349],[5551379.127077399753034,6190744.370243020355701],[5551388.080305313691497,6190752.674293409101665],[5551393.81422670930624,6190760.618916933424771],[5551395.650646423920989,6190766.909916838631034],[5551395.703833589330316,6190776.549911362119019],[5551394.859740380197763,6190786.838281714357436],[5551391.945329511538148,6190796.760893348604441],[5551388.099530830048025,6190802.816995928063989],[5551382.720151260495186,6190810.822925645858049],[5551378.370286010205746,6190818.823173880577087],[5551376.979469566605985,6190823.323728699237108],[5551376.483857153914869,6190826.798740347847342],[5551377.817567449994385,6190835.277943179942667],[5551381.407764472067356,6190852.874683739617467],[5551388.670109746977687,6190882.920305416919291],[5551393.141356164589524,6190896.917873754166067],[5551394.224757166579366,6190905.010180805809796],[5551394.126543284393847,6190910.535305416211486],[5551392.107241592369974,6190919.421277154237032],[5551389.588772564195096,6190931.138854396529496],[5551386.309511470608413,6190946.588056300766766],[5551385.954641567543149,6190952.247718571685255],[5551386.890930831432343,6190957.001682123169303],[5551389.232911138795316,6190961.614768990315497],[5551393.266280828043818,6190966.218524505384266],[5551403.258463487029076,6190974.51682979427278],[5551423.002580561675131,6190994.209832329303026],[5551434.942246752791107,6191003.917327238246799],[5551441.413781619630754,6191007.231843619607389],[5551450.218711642548442,6191010.267224155366421],[5551461.974337044171989,6191011.611172802746296],[5551485.747207885608077,6191011.734972210600972],[5551493.886745082214475,6191012.466532770544291],[5551498.547343011945486,6191014.115894994698465],[5551500.887914585880935,6191016.798686420544982],[5551502.719417939893901,6191020.51599083095789],[5551503.522180307656527,6191026.047229310497642],[5551503.560571712441742,6191032.991573067381978],[5551504.149246418848634,6191046.356034038588405],[5551504.31915285717696,6191053.809953334741294],[5551502.943322979845107,6191061.017266594804823],[5551498.390074217692018,6191078.79209996573627],[5551496.262004332616925,6191091.27300095744431],[5551496.552811364643276,6191097.31737211253494],[5551498.263482691720128,6191102.455318049527705],[5551500.87072448246181,6191106.811759755946696],[5551504.506788889877498,6191111.029390602372587],[5551515.912710379809141,6191117.267457226291299],[5551549.814219728112221,6191128.65049506444484],[5551560.042065208777785,6191132.964751021005213],[5551566.662981224246323,6191138.330660168081522],[5551576.794883472844958,6191148.558285609818995],[5551587.716792462393641,6191161.998652301728725],[5551592.671915641054511,6191170.335742124356329],[5551594.128763596527278,6191176.10740840062499],[5551594.170783691108227,6191183.695156594738364],[5551592.805036960169673,6191194.374704499728978],[5551590.915943210944533,6191201.851117291487753],[5551586.195578477345407,6191212.671268278732896],[5551578.637582593597472,6191224.028522768057883],[5551554.992213984951377,6191247.04536490701139],[5551546.657737453468144,6191257.641434329561889],[5551544.235346495173872,6191263.445662543177605],[5551543.093475644476712,6191268.077984598465264],[5551543.125449531711638,6191273.857540370896459],[5551544.737368148751557,6191284.398576088249683],[5551545.674517959356308,6191290.949671464040875],[5551545.717172062024474,6191298.659443303011358],[5551543.307595545426011,6191306.782148895785213],[5551540.526098254136741,6191317.469517934136093],[5551540.807671386748552,6191321.838813452981412],[5551542.377557222731411,6191324.781009421683848],[5551546.394906257279217,6191328.109032184816897],[5551550.033885090611875,6191331.172901869751513],[5551551.464473366737366,6191333.860715731978416],[5551554.181807930581272,6191338.161065747030079],[5551557.173528113402426,6191350.51380364689976],[5551558.348919597454369,6191365.228421236388385],[5551558.247629548422992,6191380.149786862544715],[5551556.332129045389593,6191396.157264027744532],[5551552.761985355056822,6191412.184989145025611],[5551550.272805670276284,6191424.201965793967247],[5551549.605925718322396,6191434.933103089220822],[5551550.391505731269717,6191445.656204235740006],[5551552.853949909098446,6191460.374793066643178],[5551559.338530371896923,6191477.611544253304601],[5551566.346525331027806,6191489.753462253138423],[5551567.839375544339418,6191495.380715296603739],[5551568.982686728239059,6191504.293588556349277],[5551569.238991457037628,6191517.382539369165897],[5551572.215679476968944,6191527.00634453818202],[5551578.883319516666234,6191542.422729214653373],[5551585.710599668323994,6191555.120309767313302],[5551598.027872608043253,6191569.773228149861097],[5551614.964620324783027,6191591.866490507498384],[5551630.793155997060239,6191614.698036598041654],[5551649.579480248503387,6191642.050416825339198],[5551659.372767482884228,6191660.733104801736772],[5551667.660858147777617,6191674.886874000541866],[5551674.295414818450809,6191684.290680358186364],[5551683.80101905670017,6191695.841796999797225],[5551698.935045299120247,6191714.394978284835815],[5551706.12522513139993,6191726.169695771299303],[5551712.262588845565915,6191738.737891316413879],[5551713.875135775655508,6191744.375550373457372],[5551713.367423485033214,6191748.971090430393815],[5551711.190320959314704,6191759.222502548247576],[5551711.239876852370799,6191768.152520895935595],[5551714.520326369442046,6191789.400616648606956],[5551721.163073788397014,6191821.790142185986042],[5551722.793125940486789,6191830.578265069052577],[5551722.05860426928848,6191840.688548861071467],[5551721.430989560671151,6191846.871129108592868],[5551720.782193949446082,6191849.237652182579041],[5551718.4212466487661,6191851.214310635812581],[5551714.869327395223081,6191852.287908425554633],[5551709.321457795798779,6191851.531054485589266],[5551704.179505492560565,6191851.027096257545054],[5551699.966412985697389,6191852.237479163333774],[5551695.365273452363908,6191854.759049412794411],[5551690.247662647627294,6191860.300922375172377],[5551685.413384294137359,6191868.858661030419171],[5551682.163741430267692,6191876.364816823042929],[5551682.049837056547403,6191880.691925090737641],[5551683.520578202791512,6191883.967452981509268],[5551687.11302443780005,6191888.540249243378639],[5551695.060006087645888,6191895.851177761331201],[5551701.421106810681522,6191900.674854150041938],[5551705.650962950661778,6191902.481818124651909],[5551710.137268291786313,6191902.456924760714173],[5551717.777308964170516,6191900.839245898649096],[5551728.451118152588606,6191899.204720897600055],[5551736.228604012168944,6191899.161545163951814],[5551748.764850169420242,6191900.145823517814279],[5551761.163939949125051,6191901.263969256542623],[5551769.216782976873219,6191902.794517962262034],[5551772.791775826364756,6191904.216816069558263],[5551777.02750333212316,6191907.077600748278201],[5551782.731856644153595,6191912.82563447766006],[5551793.095688962377608,6191926.546205216087401],[5551796.961710321716964,6191934.012851193547249],[5551801.893722243607044,6191943.048851475119591],[5551806.676866859197617,6191950.111028268001974],[5551811.044970587827265,6191953.625580251216888],[5551816.869014832191169,6191956.089242898859084],[5551823.596598620526493,6191957.360869517549872],[5551831.528877421282232,6191960.345288349315524],[5551841.844637188129127,6191965.402025417424738],[5551852.032013931311667,6191972.167869427241385],[5551866.326975990086794,6191980.230972489342093],[5551871.616356875747442,6191982.431332311592996],[5551876.363820011727512,6191983.070517863146961],[5551881.3704794626683,6191982.377034168690443],[5551886.111016311682761,6191980.120841438882053],[5551896.757832324132323,6191973.627308026887476],[5551912.795718889683485,6191964.485658359713852],[5551923.443240434862673,6191958.125212147831917],[5551928.319013596512377,6191957.044158511795104],[5551934.910613354295492,6191957.007425841875374],[5551940.588014440611005,6191957.896547235548496],[5551947.198660678230226,6191961.276508127339184],[5551952.499739159829915,6191965.573434934951365],[5551957.821356510743499,6191973.553297487087548],[5551962.612676925957203,6191982.057510066777468],[5551973.806332709267735,6192002.739996485412121],[5551978.480731097981334,6192013.352624508552253],[5551982.598879361525178,6192018.188622036017478],[5551989.366483096033335,6192024.973393027670681],[5552000.497235228307545,6192034.36298177856952],[5552017.717228647321463,6192049.23205731343478],[5552028.052265100181103,6192057.705291926860809],[5552031.900938658043742,6192062.02137647010386],[5552038.284318945370615,6192070.782906895503402],[5552044.537119843065739,6192080.854199255816638],[5552054.394413121044636,6192097.605849453248084],[5552063.314401653595269,6192112.787443936802447],[5552067.694454725831747,6192118.409582445397973],[5552072.345172638073564,6192123.1094433311373],[5552078.963298941031098,6192127.798308001831174],[5552089.552237113937736,6192135.615538592450321],[5552095.392593118362129,6192140.963257437571883],[5552097.910089387558401,6192143.96662581898272],[5552099.909449487924576,6192148.026775828562677],[5552101.787420298904181,6192153.396641032770276],[5552104.077645285986364,6192161.792735747992992],[5552105.039928863756359,6192167.82223810441792],[5552105.344358982518315,6192176.229434500448406],[5552104.585221962071955,6192181.869193686172366],[5552102.779928578995168,6192189.500543872825801],[5552099.275609218515456,6192199.104946940205991],[5552095.398716513067484,6192212.782757523469627],[5552093.361208607442677,6192226.572313822805882],[5552093.931498660705984,6192234.844901295378804],[5552094.890867778100073,6192240.353024339303374],[5552096.763706301338971,6192244.802155612967908],[5552099.550076953135431,6192248.203387781046331],[5552104.456124596297741,6192252.513532197102904],[5552116.645208777859807,6192262.019097901880741],[5552118.899851158261299,6192265.68954255990684],[5552120.118532449938357,6192269.887176145799458],[5552120.152280155569315,6192275.921868930570781],[5552118.995260654017329,6192282.7508614519611],[5552116.516614904627204,6192286.702925890684128],[5552111.814182071015239,6192295.792635498568416],[5552105.282498568296432,6192306.589879583567381],[5552098.081600960344076,6192316.092916348949075],[5552089.296339280903339,6192325.061219101771712],[5552079.584048754535615,6192334.312031531706452],[5552074.468954588286579,6192338.66708910651505],[5552071.97525518015027,6192341.576433067210019],[5552071.07274413574487,6192344.598915502429008],[5552071.358449916355312,6192348.014126521535218],[5552073.892107374966145,6192353.901728794910014],[5552079.360359732061625,6192365.031266238540411],[5552085.210397329181433,6192372.087341544218361],[5552091.03804412856698,6192376.780616544187069],[5552101.358870224095881,6192382.63577960524708],[5552121.319443609565496,6192390.921979871578515],[5552146.969536858610809,6192402.204841086640954],[5552153.846445769071579,6192405.450047907419503],[5552158.483746374957263,6192409.362301469780505],[5552160.618858767673373,6192413.022311517968774],[5552161.831300795078278,6192417.741370256058872],[5552162.674176730215549,6192427.066312319599092],[5552164.041037554852664,6192436.377228112891316],[5552166.06768071372062,6192445.296177362091839],[5552166.789858903735876,6192456.052859706804156],[5552169.126468098722398,6192472.713357214815915],[5552172.863803592510521,6192504.730551848188043],[5552175.607506362721324,6192523.485445249825716],[5552178.014113560318947,6192529.651069095358253],[5552181.61729441024363,6192536.054051162675023],[5552188.253467232920229,6192543.904396229423583],[5552199.141891442239285,6192557.48846569750458],[5552208.956578879617155,6192566.496909517794847],[5552222.857052103616297,6192576.136970774270594],[5552237.310634016990662,6192589.312747815623879],[5552245.656520419754088,6192595.433974009938538],[5552252.805028457194567,6192601.173631792888045],[5552270.827079652808607,6192616.170878664590418],[5552280.762525110505521,6192623.736412342637777],[5552286.337413774803281,6192629.218626266345382],[5552296.286827127449214,6192639.269016049802303],[5552307.168235788121819,6192651.555058501660824],[5552318.987046989612281,6192665.400014764629304],[5552328.696499141864479,6192680.188654828816652],[5552338.172840514220297,6192699.305070485919714],[5552345.130333197303116,6192716.849247058853507],[5552349.264141875319183,6192726.022568413987756],[5552351.288776618428528,6192734.542121989652514],[5552352.263856188394129,6192742.812418580986559],[5552352.444907640106976,6192752.129966275766492],[5552353.405971397645772,6192757.904297265224159],[5552355.664499477483332,6192762.229182076640427],[5552359.775005443952978,6192765.61180742457509],[5552366.788327584043145,6192770.165131605230272],[5552378.452165651135147,6192779.296134932897985],[5552388.117500836960971,6192786.197462947107852],[5552396.19709434453398,6192792.33114751894027],[5552405.058476523496211,6192796.874055435881019],[5552417.220565041527152,6192801.398395247757435],[5552426.863055019639432,6192804.228486801497638],[5552440.871753187850118,6192808.487259034067392],[5552453.424042638391256,6192812.088593953289092],[5552468.098850146867335,6192818.706499407999218],[5552486.887257277034223,6192829.239424409344792],[5552496.030156758613884,6192836.409828688018024],[5552509.157626589760184,6192849.071265023201704],[5552520.971048264764249,6192861.862115765921772],[5552530.134009656496346,6192872.58230413403362],[5552539.983044245280325,6192889.200375305488706],[5552553.278204379603267,6192907.119139368645847],[5552563.667213472537696,6192924.910056162625551],[5552569.508082081563771,6192931.843857155181468],[5552573.752653189003468,6192936.146397017873824],[5552580.50432662665844,6192939.913398296572268],[5552590.025738622061908,6192944.064137025736272],[5552595.582917811349034,6192947.970988493412733],[5552600.624915208667517,6192953.456025060266256],[5552611.505138636566699,6192963.767078236676753],[5552620.663105895742774,6192973.566444715484977],[5552626.370515978895128,6192981.277511372230947],[5552635.008885884657502,6192991.867438025772572],[5552641.916782557964325,6193000.492480250075459],[5552648.940068372525275,6193006.753943669609725],[5552660.08900314476341,6193019.038072348572314],[5552666.061901060864329,6193024.906089391559362],[5552672.552241905592382,6193029.595264780335128],[5552681.411039863713086,6193033.616533409804106],[5552689.340062480419874,6193035.812616074457765],[5552696.594426904805005,6193035.771612311713398],[5552704.497829291038215,6193035.061321658082306],[5552711.752945963293314,6193035.153424218297005],[5552717.434032118879259,6193036.563459064811468],[5552725.895302325487137,6193040.198660193011165],[5552739.531354418024421,6193048.386208925396204],[5552742.975736713036895,6193050.995889706537127],[5552747.892167744226754,6193057.014048276469111],[5552756.807461885735393,6193071.008012136444449],[5552763.199330627918243,6193082.653327527455986],[5552765.73621894326061,6193087.375907368026674],[5552767.221589172258973,6193093.136136834509671],[5552768.979349755682051,6193101.535084879025817],[5552771.78878759779036,6193107.29891237989068],[5552780.969020260497928,6193122.600390648469329],[5552785.5206134095788,6193134.000958384014666],[5552790.885996789671481,6193149.468241954222322],[5552794.895349999889731,6193159.285500520840287],[5552800.367455436848104,6193169.238689014688134],[5552806.761705603450537,6193181.283328645862639],[5552812.873954094946384,6193188.991990632377565],[5552819.103811964392662,6193194.736427292227745],[5552825.725603230297565,6193198.24883923586458],[5552831.666454033926129,6193200.045607930980623],[5552839.320022382773459,6193200.656751531176269],[5552850.284871879033744,6193203.090644642710686],[5552859.802963975816965,6193206.586613547988236],[5552864.041880736127496,6193209.846264103427529],[5552870.288140702992678,6193218.474892593920231],[5552878.124057354405522,6193228.536660145968199],[5552886.621308371424675,6193238.472640897147357],[5552891.797838544473052,6193243.30224188324064],[5552896.562322297133505,6193246.814047548919916],[5552903.181221717968583,6193249.805025768466294],[5552912.297277754172683,6193252.116215364076197],[5552920.749060643836856,6193254.031799579039216],[5552930.122574209235609,6193256.341510474681854],[5552937.394308226183057,6193259.32875831797719],[5552942.956543455831707,6193262.447737258858979],[5552949.054782401770353,6193267.660346586257219],[5552958.071008151397109,6193276.67255294136703],[5552963.6585942376405,6193284.250976122915745],[5552969.39786243531853,6193297.486236168071628],[5552975.954163191840053,6193313.723197710700333],[5552983.222636627033353,6193330.688280679285526],[5552985.112563374452293,6193338.032552566379309],[5552985.689922286197543,6193345.783650761470199],[5552983.10400087479502,6193355.116913755424321],[5552977.901570521295071,6193368.403247679583728],[5552973.514515142887831,6193386.022516395896673],[5552971.348586068488657,6193399.690959693863988],[5552972.297423308715224,6193403.235498937778175],[5552976.665950926020741,6193406.627485615201294],[5552982.228799522854388,6193411.454842609353364],[5552986.090623832307756,6193416.291863433085382],[5552990.858950654044747,6193420.458118736743927],[5553000.264746292494237,6193428.414185964502394],[5553006.095264730043709,6193431.797848328016698],[5553010.847966682165861,6193433.212986576370895],[5553016.000067858025432,6193433.716181767173111],[5553022.731857215054333,6193435.508333971723914],[5553035.685142616741359,6193439.90535447653383],[5553046.50792452506721,6193441.552189216017723],[5553058.799372806213796,6193444.366568215191364],[5553065.140348509885371,6193446.959648424759507],[5553069.649062601849437,6193450.739068069495261],[5553072.046702821739018,6193455.185020789504051],[5553082.299665785394609,6193471.411959883756936],[5553092.520286599174142,6193483.567745645530522],[5553102.491691762581468,6193497.167099071666598],[5553110.576036299578846,6193503.943575192242861],[5553118.38953878171742,6193508.369758493267],[5553127.241464785300195,6193511.070520913228393],[5553135.701810390688479,6193514.439118565991521],[5553143.373617301695049,6193518.20047674421221],[5553157.374746299348772,6193520.882954174652696],[5553176.263333871029317,6193526.022489440627396],[5553194.228784911334515,6193530.523828443139791],[5553202.558166317641735,6193533.493746022693813],[5553211.419891241937876,6193537.902777666226029],[5553218.840103335678577,6193544.294677985832095],[5553223.089810655452311,6193549.395633766427636],[5553228.948224921710789,6193557.637967786751688],[5553233.717493262141943,6193561.93721828982234],[5553240.869830711744726,6193566.500197654590011],[5553250.791301105171442,6193571.302508555352688],[5553264.948204697109759,6193578.69868887308985],[5553273.41468424256891,6193583.121014003641903],[5553282.269771007820964,6193586.354102656245232],[5553290.735441698692739,6193590.632200946100056],[5553298.939793592318892,6193595.8436423772946],[5553305.838219929486513,6193602.626731166616082],[5553311.932444125413895,6193607.062583613209426],[5553324.235999663360417,6193613.548508388921618],[5553334.418951347470284,6193617.428472811356187],[5553350.817406612448394,6193624.434522633440793],[5553364.712325351312757,6193632.619693827815354],[5553375.84192831069231,6193641.231135590933263],[5553386.440577825531363,6193648.647502407431602],[5553396.225812033750117,6193653.71668579056859],[5553407.742531089112163,6193660.872620081529021],[5553417.142298646271229,6193666.066018607467413],[5553428.122157194651663,6193670.99520280584693],[5553447.283139079809189,6193677.05339886341244],[5553464.601289175450802,6193684.053979698568583],[5553479.27890040166676,6193690.792335158213973],[5553489.86948065739125,6193696.777566301636398],[5553501.386326046660542,6193703.933386008255184],[5553510.011267025955021,6193711.893428910523653],[5553517.157590411603451,6193716.966537090949714],[5553523.112690102308989,6193719.561525118537247],[5553533.448711487464607,6193727.644847457297146],[5553543.900678365491331,6193733.497691622003913],[5553555.800129590556026,6193738.410353560000658],[5553565.855204686522484,6193743.999208101071417],[5553571.42552618868649,6193748.437903482466936],[5553594.596509423106909,6193764.190701858140528],[5553612.089790388941765,6193777.613165243528783],[5553625.4739347724244,6193788.041785792447627],[5553638.336149164475501,6193800.448039727285504],[5553645.481977916322649,6193803.812649205327034],[5553656.457590399309993,6193807.953951785340905],[5553666.103045331314206,6193811.049010723829269],[5553675.094884380698204,6193814.014699628576636],[5553681.444589847698808,6193818.049476834945381],[5553685.828834581188858,6193822.494933102279902],[5553690.741553891450167,6193829.289174946025014],[5553693.966841454617679,6193838.467148307710886],[5553697.320743524469435,6193849.219662536866963],[5553702.169143855571747,6193865.599086926318705],[5553709.79657396953553,6193885.512435240671039],[5553714.901132402010262,6193900.059943532571197],[5553720.077571370638907,6193906.331254838965833],[5553724.707263331860304,6193908.678600469604135],[5553729.589174889959395,6193908.517350747250021],[5553735.514039320871234,6193907.429324827156961],[5553748.309288288466632,6193906.567943090572953],[5553760.857570721767843,6193909.124777846038342],[5553773.007393890060484,6193911.151403609663248],[5553782.891524788923562,6193910.961279670707881],[5553795.545946814119816,6193908.003966182470322],[5553808.18585302028805,6193904.125955226831138],[5553817.003536308184266,6193900.791382868774235],[5553821.887683941051364,6193901.018345771357417],[5553826.512085187248886,6193902.444907901808619],[5553830.482690743170679,6193905.306308740749955],[5553835.526699339039624,6193910.923802897334099],[5553840.716969192959368,6193917.98261031229049],[5553844.727042413316667,6193927.677398865111172],[5553845.300529787316918,6193934.629737887531519],[5553843.915954934433103,6193946.463447376154363],[5553841.863165774382651,6193957.236034578643739],[5553841.781443357467651,6193965.379165335558355],[5553844.592466385103762,6193972.851074852049351],[5553849.267640040256083,6193983.063417269848287],[5553852.463538018986583,6193987.116291487589478],[5553857.22575462423265,6193990.106232433579862],[5553861.985731777735054,6193992.707909999415278],[5553869.271226201206446,6193997.924165785312653],[5553881.053095244802535,6194004.678626987151802],[5553886.74636821821332,6194008.062541045248508],[5553892.953907857649028,6194009.735074382275343],[5553900.080306610092521,6194009.693887438625097],[5553909.986627098172903,6194011.733304247260094],[5553918.960436761379242,6194013.123583375476301],[5553925.177181272767484,6194014.796042195521295],[5553930.334900484420359,6194017.794752886518836],[5553939.617155520245433,6194026.40512425173074],[5553947.188317142426968,6194034.892262693494558],[5553949.185859530232847,6194038.430640330538154],[5553949.607829546555877,6194043.02092547994107],[5553949.23373394832015,6194046.706145499832928],[5553947.403685490600765,6194049.867298088036478],[5553944.385119541548193,6194052.635957888327539],[5553938.086019729264081,6194057.398241728544235],[5553930.075006739236414,6194063.490552666597068],[5553924.568920088931918,6194070.222891281358898],[5553921.829900276847184,6194075.219728673808277],[5553920.552156646735966,6194081.661370094865561],[5553920.443088136613369,6194086.654093909077346],[5553921.396905527450144,6194090.986153260804713],[5553928.059119357727468,6194102.895372949540615],[5553939.941448456607759,6194126.988384398631752],[5553943.284309997223318,6194135.766226291656494],[5553943.313184567727149,6194140.758152280934155],[5553942.030890008434653,6194146.412181115709245],[5553937.35316922981292,6194154.870326521806419],[5553930.130016937851906,6194163.642714934423566],[5553922.885363813489676,6194168.698886131867766],[5553918.427545358426869,6194172.252405589446425],[5553914.719947402365506,6194176.733443008735776],[5553913.636700148694217,6194183.418015613220632],[5553915.930880108848214,6194192.135367595590651],[5553919.716922606341541,6194201.221274048089981],[5553923.669629434123635,6194207.322053481824696],[5553928.355378355830908,6194211.377381407655776],[5553936.769202332012355,6194214.490383106283844],[5553945.352954925969243,6194215.184002929367125],[5553956.366453970782459,6194216.229644672945142],[5553969.437049027532339,6194218.383816928602755],[5553979.541193910874426,6194222.784942622296512],[5553989.452241536229849,6194227.187175366096199],[5554002.94285171572119,6194236.76044765021652],[5554008.202493211254478,6194243.042214545421302],[5554012.534984733909369,6194251.193062810227275],[5554015.581633563153446,6194261.203977596946061],[5554015.448285265825689,6194269.935365482233465],[5554013.821382944472134,6194279.596167103387415],[5554014.03433487098664,6194284.60921348258853],[5554015.943001385778189,6194291.842240182682872],[5554019.203713337890804,6194307.054783441126347],[5554022.260088781826198,6194318.740763692185283],[5554027.332013115286827,6194325.944371148012578],[5554032.795626272447407,6194334.088657473213971],[5554039.931770439259708,6194342.034659654833376],[5554056.125085304491222,6194368.864836828783154],[5554069.697834517806768,6194392.559614155441523],[5554090.426265310496092,6194427.539378430694342],[5554104.906401608139277,6194447.512507875449955],[5554113.919157740660012,6194457.122692765668035],[5554125.560729656368494,6194469.679588875733316],[5554137.510390192270279,6194486.195075768046081],[5554165.405556151643395,6194508.930183658376336],[5554189.386428733356297,6194525.874937820248306],[5554205.526049850508571,6194541.755850938148797],[5554212.63980221375823,6194545.796928480267525],[5554221.243359422311187,6194549.840433732606471],[5554228.748695219866931,6194557.961645260453224],[5554244.600535581819713,6194587.589060498401523],[5554263.830006147734821,6194622.388576203025877],[5554281.203675964847207,6194659.062567550688982],[5554303.467537044547498,6194701.6431018197909],[5554323.471043041907251,6194739.788239312358201],[5554337.492904558777809,6194777.224914271384478],[5554351.460709932260215,6194805.36549845431],[5554368.820453172549605,6194837.95698843896389],[5554380.956274343654513,6194872.054342809133232],[5554390.81642176117748,6194899.120554354041815],[5554398.368250922299922,6194913.564678081311285],[5554402.686180624179542,6194919.108452597633004],[5554408.120115457102656,6194922.049828392453492],[5554415.407363103702664,6194924.237123278900981],[5554419.341213808394969,6194926.998652864247561],[5554422.733574876561761,6194933.102494676597416],[5554422.761727443896234,6194937.928019125945866],[5554424.840715061873198,6194942.752672108821571],[5554429.738617197610438,6194949.968174762092531],[5554437.981776813045144,6194956.786973368376493],[5554440.432386487722397,6194960.677597163245082],[5554443.083109718747437,6194967.340436719357967],[5554450.398632450029254,6194974.364322136156261],[5554472.556656521745026,6194998.563087497837842],[5554481.390665582381189,6195008.906143323518336],[5554486.857791168615222,6195019.091360294260085],[5554494.031710262410343,6195033.349025649949908],[5554501.396124302409589,6195048.726019907742739],[5554505.364793112501502,6195057.433446585200727],[5554521.018657929264009,6195085.941111142747104],[5554539.489467144943774,6195116.473492597229779],[5554547.183868441730738,6195125.347709661349654],[5554557.1292137298733,6195133.831576784141362],[5554567.989877516403794,6195141.566812668927014],[5554586.15591988991946,6195152.975628822110593],[5554604.504898134618998,6195164.205842886120081],[5554626.033147900365293,6195176.515666315332055],[5554643.823867191560566,6195186.628625872544944],[5554660.871364024467766,6195198.598527569323778],[5554676.059677414596081,6195211.88833252992481],[5554689.56769192032516,6195224.067516203969717],[5554696.15818955283612,6195234.423524969257414],[5554701.084810400381684,6195246.475502980872989],[5554706.937542974948883,6195259.620308079756796],[5554707.755933380685747,6195270.575924614444375],[5554708.725122328847647,6195277.448234735988081],[5554711.927358639426529,6195282.443735141307116],[5554718.664832947775722,6195286.486643365584314],[5554739.053517348133028,6195294.165796372108161],[5554759.602842990309,6195299.436664612963796],[5554774.747186398133636,6195303.618775302544236],[5554782.415779544040561,6195308.033351742662489],[5554787.304309854283929,6195313.573602010495961],[5554794.460339481942356,6195324.669489177875221],[5554805.247748151421547,6195351.175152390263975],[5554820.704865471459925,6195377.265091892331839],[5554837.669478836469352,6195406.330307827331126],[5554850.805286532267928,6195419.254718380980194],[5554870.122147226706147,6195436.968451090157032],[5554885.143588467501104,6195453.043383238837123],[5554900.961778713390231,6195476.346590799279511],[5554909.602531788870692,6195486.512891426682472],[5554921.42385055590421,6195497.958406636491418],[5554932.08928647916764,6195503.653165902011096],[5554943.865173908881843,6195505.813628539443016],[5554957.49229524936527,6195506.853818356990814],[5554964.38992702960968,6195506.813186809420586],[5554970.185655505396426,6195508.631663386709988],[5554978.792588773183525,6195513.040553501807153],[5554990.228630490601063,6195521.51518483273685],[5555001.301877308636904,6195532.41033280827105],[5555011.269547311589122,6195546.096465007402003],[5555020.656480077654123,6195556.435762335546315],[5555027.407932916656137,6195561.232730396091938],[5555039.571489813737571,6195566.729943105019629],[5555051.17362349294126,6195573.716987119056284],[5555071.221237956546247,6195587.343577856197953],[5555085.653764992952347,6195598.595980201847851],[5555096.363660084083676,6195610.225336723960936],[5555106.286607577465475,6195616.301465006545186],[5555115.632040763273835,6195619.585421969182789],[5555122.731675216928124,6195621.030016208998859],[5555127.763939254917204,6195619.70234108529985],[5555133.148676254786551,6195615.765598247759044],[5555139.289787360467017,6195612.201562810689211],[5555145.256443353369832,6195611.800213731825352],[5555153.645585023798048,6195610.452684062533081],[5555160.175417347811162,6195610.414083297364414],[5555165.41135118342936,6195612.424339831806719],[5555170.099457326345146,6195616.667634717188776],[5555179.672098758630455,6195625.707733047194779],[5555188.124959052540362,6195635.131625508889556],[5555203.160459990613163,6195653.435775894671679],[5555215.37590607535094,6195667.663073844276369],[5555222.124908960424364,6195673.569272332824767],[5555232.436838837340474,6195681.628710681572556],[5555239.952822221443057,6195691.246693251654506],[5555245.258111011236906,6195704.960182782262564],[5555247.210890618152916,6195719.436787149868906],[5555243.893568892963231,6195726.145834069699049],[5555238.327757613733411,6195732.124923513270915],[5555235.772921074181795,6195741.791428983211517],[5555238.074206568300724,6195751.440280731767416],[5555247.106913714669645,6195764.011254412122071],[5555262.463315404951572,6195774.3260617274791],[5555275.205926376394928,6195782.79261308722198],[5555283.835276045836508,6195790.9174311934039],[5555289.123067330569029,6195801.657930444926023],[5555291.809923636727035,6195814.277553980238736],[5555291.510267397388816,6195825.794425824657083],[5555288.580608408898115,6195835.840346328914165],[5555280.45776610262692,6195851.119903343729675],[5555273.064820521511137,6195862.301612567156553],[5555264.541059747338295,6195872.014571847394109],[5555251.533440691418946,6195882.497340251691639],[5555242.965638159774244,6195884.777868115343153],[5555231.021017167717218,6195883.728126632981002],[5555222.440013503655791,6195883.778912319801748],[5555214.473377785645425,6195885.068531232886016],[5555210.006859947927296,6195888.766920186579227],[5555207.140843686647713,6195894.04221407417208],[5555206.384074886329472,6195899.826424852013588],[5555206.672640046104789,6195905.071961323730648],[5555210.672420090064406,6195911.094275429844856],[5555227.676736896857619,6195930.962021469138563],[5555254.282942430116236,6195967.8347497433424],[5555257.747759183868766,6195973.593966850079596],[5555257.7913105674088,6195980.948724861256778],[5555256.774082716554403,6195987.788367859087884],[5555252.881436069495976,6195998.316997387446463],[5555247.927999419160187,6196008.330509070307016],[5555237.699935101903975,6196019.162882472388446],[5555229.830716218799353,6196027.607266811653972],[5555218.580562517046928,6196042.916362427175045],[5555208.104339924640954,6196056.900734100490808],[5555203.930905896238983,6196065.068078628741205],[5555201.855926724150777,6196071.913971018046141],[5555202.183218679390848,6196082.151368184946477],[5555204.40276618860662,6196099.743678962811828],[5555205.316460129804909,6196120.483184292912483],[5555201.699926900677383,6196134.171812254935503],[5555197.273699940182269,6196144.703570229932666],[5555196.034569987095892,6196157.579398779198527],[5555193.981279172003269,6196168.097119398415089],[5555189.278865216299891,6196175.47994251921773],[5555180.632518623955548,6196186.302891986444592],[5555175.672669772058725,6196195.262511525303125],[5555173.078035835176706,6196202.899108428508043],[5555173.143290511332452,6196213.936787615530193],[5555175.324032087810338,6196226.526147758588195],[5555177.529586441814899,6196241.755621227435768],[5555189.384133358485997,6196264.826633162796497],[5555194.213935754261911,6196278.975604243576527],[5555201.91457138210535,6196287.083804687485099],[5555208.273448815569282,6196290.718149376101792],[5555218.838672320358455,6196293.284810949116945],[5555232.06988656707108,6196298.720001788809896],[5555240.812672182917595,6196304.181742453016341],[5555247.188909125514328,6196312.297745451331139],[5555252.009368794038892,6196323.296179796569049],[5555256.550694029778242,6196332.199586728587747],[5555256.5989023828879,6196340.341954058036208],[5555254.539460727013648,6196349.816930060274899],[5555255.91679678671062,6196358.739068834111094],[5555259.937089852057397,6196369.742236346937716],[5555276.402358046732843,6196407.15196289960295],[5555279.945084310136735,6196444.671490116044879],[5555282.391241102479398,6196457.004101337864995],[5555282.726576304994524,6196470.136855590157211],[5555281.48126775957644,6196481.958841835148633],[5555281.799385933205485,6196490.632098407484591],[5555285.782439365051687,6196495.334349595941603],[5555291.609593787230551,6196499.23803399130702],[5555303.814547479152679,6196509.937540782615542],[5555311.267332525923848,6196521.186591278761625],[5555319.532841318286955,6196534.538589756935835],[5555327.750246255658567,6196541.323496190831065],[5555334.627375774085522,6196543.90079998690635],[5555341.783810574561357,6196548.59530704561621],[5555344.701400768943131,6196551.994814552366734],[5555345.264412646181881,6196556.972471343353391],[5555351.795246034860611,6196566.296682854183018],[5555354.718885261565447,6196569.163661965169013],[5555365.504190143197775,6196588.613211616873741],[5555373.985322375781834,6196594.87511797901243],[5555387.319943749345839,6196617.648671014234424],[5555391.338982603512704,6196628.396638887934387],[5555390.850577691569924,6196634.445511430501938],[5555389.823950269259512,6196639.698843717575073],[5555386.413384145125747,6196643.135889887809753],[5555377.715348057448864,6196645.284176949411631],[5555371.914588063023984,6196645.851080728694797],[5555366.393005258403718,6196648.513001966290176],[5555361.153833610936999,6196655.366598950698972],[5555350.201176298782229,6196677.507678118534386],[5555342.378252328373492,6196693.839364836923778],[5555338.892487497068942,6196707.871157914400101],[5555344.785099598579109,6196721.237202094867826],[5555350.899565467610955,6196730.131235268898308],[5555356.734576935879886,6196733.779683141969144],[5555375.251000538468361,6196741.54625609703362],[5555387.428320530802011,6196747.519978208467364],[5555400.164183598943055,6196759.259004481136799],[5555405.735735271126032,6196765.005662857554853],[5555410.506753765977919,6196767.606508100405335],[5555420.805674318224192,6196768.599250079132617],[5555428.188645937480032,6196768.034015555866063],[5555435.337392369285226,6196771.397275560535491],[5555439.860389702022076,6196777.150141259655356],[5555442.010439376346767,6196784.49238074105233],[5555442.835805460810661,6196790.267206945456564],[5555441.25878997053951,6196794.225870152935386],[5555438.882456246763468,6196806.087872894480824],[5555431.204139900393784,6196828.176314055919647],[5555422.219579727388918,6196850.261409753002226],[5555421.005778793245554,6196865.821741891093552],[5555411.951946308836341,6196876.247939976863563],[5555401.647299316711724,6196894.458114587701857],[5555391.379557410255075,6196920.444619150832295],[5555391.533392693847418,6196946.369275371544063],[5555419.272285770624876,6197012.310951340943575],[5555429.963401245884597,6197057.619990524835885],[5555423.966572894714773,6197144.506791671738029],[5555416.572592530399561,6197214.550810500979424],[5555413.178711355663836,6197301.422129073180258],[5555401.752021595835686,6197350.756264450028539],[5555388.972787045873702,6197392.310754872858524],[5555390.694288406521082,6197462.300635786727071],[5555414.348198269493878,6197498.458259494043887],[5555419.839444999583066,6197546.394030816853046],[5555417.420791080221534,6197577.514605035074055],[5555413.803647438064218,6197626.80237352848053],[5555419.281038812361658,6197670.844396232627332],[5555419.781174240633845,6197755.107754370197654],[5555403.62257363460958,6197886.140358714386821],[5555416.840998628176749,6197918.4771564360708],[5555439.18361590243876,6197952.046616737730801],[5555439.460687268525362,6197998.715365633368492],[5555424.285037360154092,6198075.295188035815954],[5555390.560498310253024,6198098.824931987561285],[5555363.295251938514411,6198113.252864367328584],[5555353.019858934916556,6198136.654511495493352],[5555390.407585287466645,6198293.294975245371461],[5555428.512023149989545,6198348.824844263494015],[5555447.09208302013576,6198407.055283448658884],[5555459.089635725133121,6198453.654411041177809],[5555465.012720151804388,6198574.19449988566339],[5555467.85139655508101,6198599.8258136510849],[5555481.020615332759917,6198637.620803094469011],[5555493.926446639932692,6198654.295316274277866],[5555522.273361446335912,6198674.56107771769166],[5555531.501662774011493,6198690.103676519356668],[5555540.753566096536815,6198728.177023287862539],[5555541.315829471684992,6198760.844034205190837],[5555538.207271027378738,6198767.230186345055699],[5555538.189735872671008,6198776.659764252603054],[5555550.037024980410933,6198794.749370187520981],[5555568.724621405825019,6198846.045483824796975],[5555587.518516753800213,6198871.881350331939757],[5555605.043171439319849,6198891.59003137703985],[5555609.291247751563787,6198903.523532841354609],[5555611.423266801051795,6198937.101950686424971],[5555620.524389899335802,6198949.760910945013165],[5555641.062003356404603,6198967.077576910145581],[5555645.355969316326082,6198971.256434094160795],[5555652.626296988688409,6199000.91041418723762],[5555656.633974833413959,6199071.308053421787918],[5555662.350930193439126,6199101.204241912811995],[5555671.445671708323061,6199157.52718950714916],[5555675.162743885070086,6199172.958275496959686],[5555683.676110818050802,6199179.574723902158439],[5555700.427852258086205,6199179.086584037169814],[5555711.954855093732476,6199177.276168156415224],[5555717.346248068846762,6199183.400903731584549],[5555736.349823548458517,6199251.911903824657202],[5555738.18476233817637,6199266.455621183849871],[5555735.302725446410477,6199281.515594613738358],[5555724.993109421804547,6199320.848064669407904],[5555723.944812012836337,6199331.748128061182797],[5555731.84048371296376,6199367.433170687407255],[5555745.453681476414204,6199389.849555006250739],[5555765.199169497005641,6199408.368782917037606],[5555777.751911145634949,6199431.911893951706588],[5555787.040398846380413,6199446.555312522687018],[5555794.41274353582412,6199454.642817788757384],[5555801.65588394459337,6199461.122532622888684],[5555845.202788471244276,6199488.529507908970118],[5555861.348528417758644,6199502.01142077613622],[5555895.503696757368743,6199534.41092040296644],[5555911.931577181443572,6199567.337954384274781],[5555916.684753501787782,6199588.220743675716221],[5555940.128864199854434,6199628.083542705513537],[5555955.25657244771719,6199674.3193842722103],[5555966.342039623297751,6199730.807614225894213],[5555978.40957903303206,6199768.431009502150118],[5555996.215237286873162,6199797.766444886103272],[5556025.794081015512347,6199892.294271496124566],[5556042.000404793769121,6199960.211276567541063],[5556058.74612235929817,6199990.695581411011517],[5556070.385603698901832,6200042.742960889823735],[5556117.737367440015078,6200177.588505075313151],[5556130.381697703152895,6200179.298616860993207],[5556140.60988503601402,6200190.852057972922921],[5556154.684194819070399,6200272.803838873282075],[5556172.381380931474268,6200322.118967241607606],[5556186.190969197079539,6200359.964583372697234],[5556205.479523973539472,6200375.468227977864444],[5556227.979342881590128,6200393.981035484932363],[5556249.91358351521194,6200408.714314996264875],[5556263.605596888810396,6200440.71426023170352],[5556277.006238707341254,6200522.11523516010493],[5556282.841687127947807,6200537.610975546762347],[5556319.029998708516359,6200593.492735688574612],[5556335.242744214832783,6200664.992381588555872],[5556350.279003395698965,6200703.107701473869383],[5556362.205936190672219,6200729.172036617062986],[5556388.140964676626027,6200798.283324453979731],[5556414.15901910699904,6200841.446381262503564],[5556425.362794071435928,6200890.955532271414995],[5556427.157135897316039,6200950.383581152185798],[5556436.366407549008727,6200962.16472874302417],[5556459.418071230873466,6200971.177645450457931],[5556485.276117349043489,6200992.298724840395153],[5556501.93456628266722,6201030.648057802580297],[5556505.464679879136384,6201051.349344687536359],[5556497.032142928801477,6201085.88994980789721],[5556495.278655449859798,6201109.429821616970003],[5556488.982238621450961,6201118.27609683945775],[5556471.508069828152657,6201130.762000581249595],[5556467.710697853937745,6201227.298211229033768],[5556472.498060517944396,6201251.9855622863397],[5556476.204983208328485,6201257.776150941848755],[5556484.512593298219144,6201261.919293182902038],[5556491.021361286751926,6201276.01305522583425],[5556489.117611339315772,6201294.495200310833752],[5556462.738582578487694,6201362.480079314671457],[5556459.663832255639136,6201379.08339605294168],[5556461.416351371444762,6201401.07117445487529],[5556467.291457847692072,6201424.520578023977578],[5556472.746039207093418,6201433.196008830331266],[5556480.108469818718731,6201437.766418285667896],[5556494.607431060634553,6201443.025868735276163],[5556511.608645098283887,6201457.255887388251722],[5556522.588588206097484,6201483.248085306026042],[5556518.91746252309531,6201500.143455709330738],[5556519.838995883241296,6201515.568908630870283],[5556520.537793239578605,6201536.775408083572984],[5556518.681999155320227,6201561.669290371239185],[5556528.983525621704757,6201575.895404472947121],[5556539.225194755010307,6201586.305714337155223],[5556561.772399039939046,6201618.151822604238987],[5556568.889090411365032,6201623.145203171297908],[5556583.745225909166038,6201626.538655539043248],[5556591.492630106396973,6201633.857831750065088],[5556602.175500041805208,6201644.154469012282789],[5556624.251014304347336,6201669.480322988703847],[5556638.18275789078325,6201690.418072749860585],[5556649.211381384171546,6201707.634891448542476],[5556653.741350319236517,6201714.030565639026463],[5556662.731691979803145,6201736.595680618658662],[5556658.734878928400576,6201746.803711191751063],[5556653.852567250840366,6201761.243718905374408],[5556649.476090279407799,6201781.704414932057261],[5556654.265627413988113,6201797.516875207424164],[5556652.647755696438253,6201813.024260362610221],[5556641.969530884176493,6201826.323467321693897],[5556640.040260554291308,6201836.008662515319884],[5556644.752288174815476,6201852.69798045232892],[5556653.646233660168946,6201885.159062704071403],[5556679.912737098522484,6201915.484738552011549],[5556684.917892966419458,6201921.300656951963902],[5556692.48129469063133,6201930.096299709752202],[5556701.39182910695672,6201950.077080910094082],[5556711.733423354104161,6201972.312242669984698],[5556713.279752920381725,6201992.060337136499584],[5556716.518899189308286,6202013.218127623200417],[5556718.456065419130027,6202051.878217569552362],[5556724.819192140363157,6202072.162857458926737],[5556729.4215122833848,6202082.862323516048491],[5556746.498405452817678,6202092.631896199658513],[5556755.926103320904076,6202105.276703278534114],[5556765.696348341181874,6202125.829066216945648],[5556768.668035336770117,6202148.386238427832723],[5556765.254007656127214,6202192.448038754053414],[5556759.20764443743974,6202224.378463692963123],[5556755.073859252035618,6202243.883683989755809],[5556746.403748739510775,6202265.102636940777302],[5556734.650258868001401,6202290.866421983577311],[5556730.545461026951671,6202315.163829716853797],[5556736.997818681411445,6202350.12457193993032],[5556741.381804540753365,6202371.841166958212852],[5556756.046892777085304,6202404.211657978594303],[5556759.836281379684806,6202421.971485253423452],[5556773.953168794512749,6202458.017212642356753],[5556779.122269884683192,6202469.556315384805202],[5556792.52879340108484,6202481.056489421054721],[5556823.821420092135668,6202497.517700167372823],[5556844.606422318145633,6202511.502277050167322],[5556858.027892154641449,6202526.951542248949409],[5556862.427610191516578,6202551.197296314872801],[5556858.321325836703181,6202575.217427279800177],[5556853.687268061563373,6202606.296207036823034],[5556856.42380641028285,6202637.052841730415821],[5556864.736188651993871,6202650.835855636745691],[5556883.223084072582424,6202659.187750027514994],[5556896.598463401198387,6202667.016031946055591],[5556904.600881873629987,6202678.249400224536657],[5556904.972122176550329,6202692.369121789932251],[5556897.750859228894114,6202717.25132077280432],[5556898.39811922237277,6202740.432722148485482],[5556897.205749053508043,6202754.739449946209788]]}},
{"type":"Feature","properties":{"osm_id":251288406,"waterway":"stream","name":"Arroyo Vagues"},"geometry":{"type":"LineString","coordinates":[[5548475.578917358070612,6200631.995916754938662],[5548490.062206093221903,6200672.64436867274344],[5548493.979922034777701,6200693.468392227776349],[5548501.761876855045557,6200726.574854287318885],[5548508.537073099985719,6200748.315881242975593],[5548519.117715753614902,6200771.002268514595926],[5548523.988173879683018,6200792.753171302378178],[5548530.748779443092644,6200811.665460945107043],[5548540.366931905969977,6200831.505838383920491],[5548552.83279887586832,6200850.377388554625213],[5548562.396918547339737,6200859.801397579722106],[5548576.713559365831316,6200868.24667380657047],[5548591.089994365349412,6200889.959227601066232],[5548598.738839130848646,6200895.599241337738931],[5548608.31781910546124,6200907.863016757182777],[5548612.211857687681913,6200925.836129515431821],[5548625.659712601453066,6200949.450417835265398],[5548634.024452956393361,6200965.325812568888068],[5548673.683036307804286,6201028.229278238490224],[5548696.197479060851038,6201087.527830201201141],[5548717.425506784580648,6201164.804205901920795],[5548744.042013705708086,6201211.190827737562358],[5548767.963326638564467,6201271.868534018285573],[5548781.402571833692491,6201304.246365518309176],[5548793.517011305317283,6201354.313837721943855],[5548803.659163795411587,6201407.331317341886461],[5548826.561051671393216,6201443.575620207935572],[5548843.690650353208184,6201509.336056370288134],[5548833.077910303138196,6201556.571358069777489],[5548843.178339179605246,6201599.760329296812415],[5548871.25504763238132,6201682.181131839752197],[5548884.437310542911291,6201747.962114213034511],[5548907.382527535781264,6201794.034666332416236],[5548932.214018117636442,6201822.403461249545217],[5548944.288709651678801,6201864.605775068514049],[5548934.681372648105025,6201915.774030812084675],[5548928.01672753598541,6201962.988749020732939],[5548943.122951680794358,6202019.918200834654272],[5548944.554171719588339,6202103.454403635114431],[5548950.826910386793315,6202171.246040279045701],[5548962.886652450077236,6202210.497576215304434],[5548959.123672311194241,6202245.904919416643679],[5548958.70598678290844,6202355.985954119823873],[5548961.952590997330844,6202410.03771040122956],[5548979.00244526937604,6202460.079059280455112],[5549005.102894766256213,6202540.546252416446805],[5549033.152742199599743,6202617.065029201097786],[5549030.307644747197628,6202639.688088762573898],[5549033.49284687358886,6202681.936858369037509],[5549058.502395941875875,6202743.739592859521508],[5549072.20256915781647,6202795.451235895045102],[5549077.928919268772006,6202815.000859838910401],[5549079.757080094888806,6202842.402803597040474],[5549082.70226152613759,6202868.678461518138647],[5549099.39402015786618,6202883.544618494808674],[5549116.065211068838835,6202894.483827278017998],[5549121.734272828325629,6202918.87040204834193],[5549118.364124049432576,6202937.890916510485113],[5549123.464249931275845,6202962.602182378061116],[5549115.301817759871483,6202985.741286898963153],[5549120.39327905792743,6203008.799697565846145],[5549140.404806085862219,6203031.790827884338796],[5549158.707095460966229,6203046.537487796507776],[5549173.739254076033831,6203069.543622255325317],[5549162.306694568134844,6203100.953365749679506],[5549162.54940240830183,6203147.133471668697894],[5549172.819509075023234,6203209.756595209240913],[5549176.436551905237138,6203267.467072854749858],[5549196.639011140912771,6203328.385044652037323],[5549209.305667632259429,6203363.561807736754417],[5549216.875530400313437,6203409.725539727136493],[5549218.259646659716964,6203440.113871861249208],[5549208.650670384988189,6203471.780294532887638],[5549192.926169961690903,6203501.049433746375144],[5549193.034838306717575,6203521.715657671913505],[5549198.075996723026037,6203550.875588272698224],[5549204.334995431825519,6203578.808848878368735],[5549228.809103009290993,6203587.188650351949036],[5549255.773730576969683,6203605.284089892171323],[5549268.071678292006254,6203621.027270482853055],[5549280.458384328521788,6203636.137650310993195],[5549292.955614914186299,6203642.51701439358294],[5549307.932953841052949,6203647.895988796837628],[5549315.469986330717802,6203659.759361284784973],[5549327.608883230015635,6203692.442753861658275],[5549332.188382956199348,6203710.766905627213418],[5549358.69269581977278,6203727.000809272751212],[5549386.145369267091155,6203736.285234874114394],[5549409.621585766784847,6203745.590581214055419],[5549418.209325244650245,6203766.37842084094882],[5549429.750666026026011,6203781.692751236259937],[5549430.339508411474526,6203799.061729251407087],[5549435.374418633058667,6203809.451725151389837],[5549442.877681819722056,6203814.869975254870951],[5549446.455469758249819,6203831.712865359149873],[5549453.978457314893603,6203839.116701032035053],[5549472.928826442919672,6203841.989519496448338],[5549491.411066149361432,6203850.333767066709697],[5549508.928019414655864,6203864.129890923388302],[5549514.934873765334487,6203868.557606255635619],[5549524.909186640754342,6203869.503212513402104],[5549534.39424167200923,6203871.926805761642754],[5549544.382968572899699,6203877.331817140802741],[5549556.938575945794582,6203894.637415092438459],[5549558.027315235696733,6203912.491843211464584],[5549564.596993245184422,6203929.31884266063571],[5549582.587645818479359,6203938.652820009738207],[5549611.617884610779583,6203962.316230993717909],[5549639.238604502752423,6204001.362329471856356],[5549647.908658085390925,6204037.524823721498251],[5549646.62145131174475,6204077.722635267302394],[5549670.256772110238671,6204116.789787963032722],[5549700.237113062292337,6204132.005895514041185],[5549719.186871009878814,6204132.903623170219362],[5549723.159551058895886,6204130.397617396898568],[5549729.642715687863529,6204130.862362771295011],[5549735.15676209423691,6204137.777455180883408],[5549735.212125576101243,6204148.193758512847126],[5549740.2409588098526,6204155.61062487680465],[5549747.757886042818427,6204163.513459213078022],[5549785.457382768392563,6204222.850636716932058],[5549813.645348981954157,6204274.794705965556204],[5549862.310735869221389,6204336.04780457355082],[5549925.848460547626019,6204380.85872351936996],[5549944.412836246192455,6204402.591254909522831],[5549952.525228115729988,6204428.850141637027264],[5549947.155166141688824,6204450.699300868436694],[5549954.708176579326391,6204463.560479262843728],[5549973.282115074805915,6204488.765102463774383],[5549989.329601475037634,6204508.026089895516634],[5550000.932418645359576,6204532.779788876883686],[5550011.989146575331688,6204550.081703058443964],[5550029.101257639937103,6204580.751926577650011],[5550065.583141254261136,6204599.415422850288451],[5550081.107359849847853,6204613.720355968922377],[5550087.750165392644703,6204643.947294095531106],[5550100.560042162425816,6204708.375097420997918],[5550113.071383385919034,6204718.735803673043847],[5550140.082310164347291,6204735.952130344696343],[5550169.736178867518902,6204768.75137444678694],[5550179.584250157698989,6204769.996494352817535],[5550183.548658889718354,6204776.22075901646167],[5550188.970506090670824,6204788.128062795847654],[5550180.881794380955398,6204816.259634885005653],[5550179.259586387313902,6204824.488457017578185],[5550176.168677845969796,6204838.671153529547155],[5550178.992938642390072,6204845.156677694059908],[5550185.334789515472949,6204860.375942876562476],[5550190.46780642028898,6204866.483005627989769],[5550191.029534378089011,6204871.660557619296014],[5550209.467991345562041,6204890.220569863915443],[5550213.25957808829844,6204896.82292081322521],[5550215.275654500350356,6204903.667755035683513],[5550218.226534590125084,6204932.028546195477247],[5550221.169338115490973,6204948.586124169640243],[5550227.628563011065125,6204963.349906265735626],[5550234.715647172182798,6204976.734746992588043],[5550241.85196081828326,6204992.426721315830946],[5550260.939663852564991,6205020.390254684723914],[5550277.373595320619643,6205054.757736281491816],[5550293.477073258720338,6205080.718255740590394],[5550309.721731697209179,6205122.652317626401782],[5550326.963403197005391,6205158.213446262292564],[5550332.604962619021535,6205176.664522685110569],[5550333.644058658741415,6205188.417815326713026],[5550335.107144556008279,6205203.68539840914309],[5550347.679554622620344,6205218.382944200187922],[5550356.166251109912992,6205224.893424103967845],[5550364.271737180650234,6205244.396181525662541],[5550372.403961418196559,6205258.596199034713209],[5550376.678542606532574,6205281.336611408740282],[5550382.107575371861458,6205323.561704230494797],[5550385.09758904017508,6205374.474865649826825],[5550397.847270036116242,6205408.362767074257135],[5550404.941928102634847,6205431.598272131755948],[5550412.040926496498287,6205440.246084774844348],[5550414.655319306068122,6205448.729458477348089],[5550424.427047460339963,6205461.300982534885406],[5550428.02899079117924,6205478.775683354586363],[5550433.137564154341817,6205487.090310245752335],[5550442.507548357360065,6205503.690840694122016],[5550444.474122810177505,6205501.29518901836127],[5550448.133456746116281,6205505.490916726179421],[5550455.857643621973693,6205508.83273995295167],[5550457.996217569336295,6205516.142778466455638],[5550460.733168595470488,6205525.146863001398742],[5550457.371433907188475,6205547.129676189273596],[5550457.511393084190786,6205562.848098678514361],[5550461.430821024812758,6205574.297424060292542],[5550463.328671289607882,6205589.895437865518034],[5550473.237573365680873,6205602.255400254391134],[5550483.149242861196399,6205611.70889838039875],[5550495.553253846243024,6205617.233016244135797],[5550509.084703365340829,6205614.996833067387342],[5550526.13112441636622,6205617.489584565162659],[5550535.448258925229311,6205620.833839767612517],[5550540.697018833830953,6205622.680270289070904],[5550547.197573075070977,6205627.870109906420112],[5550552.040498488582671,6205632.991242903284729],[5550558.352890758775175,6205645.958480165340006],[5550567.533622135408223,6205653.019689382053912],[5550577.729047271423042,6205657.024756066501141],[5550582.215779417194426,6205664.377547341398895],[5550593.030071527697146,6205673.85933437012136],[5550599.496269099414349,6205676.087418232113123],[5550603.979996243491769,6205684.582823415286839],[5550606.160407586023211,6205692.791158377192914],[5550604.818211479112506,6205698.278493606485426],[5550600.863106466829777,6205702.415477620437741],[5550592.172173894941807,6205707.631914135999978],[5550589.130310474894941,6205710.388391307555139],[5550587.77575427480042,6205713.590574983507395],[5550586.881383000873029,6205718.465357131324708],[5550588.133884835988283,6205723.639150904491544],[5550589.883198480121791,6205728.743700301274657],[5550592.559962688945234,6205738.502414865419269],[5550592.954291387461126,6205750.13713360670954],[5550591.292032533325255,6205762.847920126281679],[5550590.699879040941596,6205772.535552023909986],[5550592.680898142047226,6205779.624545507133007],[5550598.373820296488702,6205792.084812220185995],[5550608.172987661324441,6205804.511787475086749],[5550622.304211117327213,6205819.500064871273935],[5550634.49869052041322,6205835.585936948657036],[5550649.787416668608785,6205863.69126192945987],[5550654.40568080265075,6205878.309404580853879],[5550655.320051559247077,6205887.345479173585773],[5550654.29054240975529,6205896.170204811729491],[5550651.284716950729489,6205900.490657838061452],[5550650.238939862698317,6205906.309192596003413],[5550652.650455291382968,6205914.671571293845773],[5550665.369780704379082,6205935.835285538807511],[5550687.398036437109113,6205948.539889072068036],[5550702.142379019409418,6205976.370744769461453],[5550701.979111543856561,6205995.529718548059464],[5550694.946741622872651,6206035.026580927893519],[5550698.568054931238294,6206074.654342086054385],[5550722.360361810773611,6206134.185124795883894],[5550746.251059755682945,6206171.040659979917109],[5550780.008873171173036,6206185.156883754767478],[5550794.236381967552006,6206195.673795511946082],[5550803.092504745349288,6206214.051682130433619],[5550833.433457250706851,6206268.67670929338783],[5550856.945936232805252,6206288.306164841167629],[5550866.812359312549233,6206312.957299038767815],[5550878.515149777755141,6206323.088441802188754],[5550892.666824854910374,6206343.312235191464424],[5550921.016721988096833,6206366.886634456925094],[5550949.570449662394822,6206416.052026690915227],[5550956.535377773456275,6206445.522241678088903],[5550987.67464560829103,6206504.413345322944224],[5551010.145463894121349,6206570.994832657277584],[5551029.915558150038123,6206582.934422490186989],[5551063.956422817893326,6206582.748873649165034],[5551090.02327574044466,6206575.8287144433707],[5551119.586365440860391,6206586.96034466009587],[5551131.041271580383182,6206607.231785413809121],[5551133.475899479351938,6206636.582392871379852],[5551118.903879361227155,6206669.420383458957076],[5551104.27630873862654,6206692.097212502732873],[5551083.152212628163397,6206700.399291921406984],[5551076.014907998032868,6206713.716866685077548],[5551077.265684300102293,6206726.94431964494288],[5551083.323750305920839,6206740.289765313267708],[5551102.340995435602963,6206754.241195626556873],[5551129.065355638973415,6206768.161609810777009],[5551144.34704456012696,6206791.063433433882892],[5551146.680824942886829,6206825.539673548191786],[5551150.906122100539505,6206835.422890601679683],[5551172.565687849186361,6206852.610079176723957],[5551208.910842565819621,6206867.808893225155771],[5551232.433822109363973,6206892.307317480444908],[5551260.442125563509762,6206915.261358599178493],[5551289.674483136273921,6206936.38931783568114],[5551296.767490051686764,6206957.039428570307791],[5551315.626882937736809,6206987.42043667845428],[5551309.083024393767118,6207013.23705228138715],[5551319.337164372205734,6207049.478062503039837],[5551339.450002937577665,6207078.332377044484019],[5551347.993089069612324,6207104.776281543076038],[5551365.66920830309391,6207122.484067028388381],[5551385.303830686956644,6207139.648598910309374],[5551406.256891499273479,6207150.382850213907659],[5551416.980693687684834,6207147.950030634179711],[5551422.783064668998122,6207154.840380405075848],[5551448.651997898705304,6207170.317656780593097],[5551448.857870260253549,6207170.915562743321061]]}},
{"type":"Feature","properties":{"osm_id":254297075,"waterway":"stream","name":null},"geometry":{"type":"LineString","coordinates":[[5549192.926169961690903,6203501.049433746375144],[5549187.600761911831796,6203501.853964826092124],[5549181.701368810608983,6203507.287411353550851],[5549176.288699544034898,6203510.754783671349287],[5549165.88035811856389,6203502.456243634223938],[5549155.939189492724836,6203490.217120498418808],[5549144.034611268900335,6203480.950208924710751],[5549118.362907201983035,6203481.085029232315719],[5549090.23576482757926,6203485.159687273204327],[5549063.071808211505413,6203483.338674296624959],[5549024.540150151588023,6203481.577159781008959],[5549008.278819059021771,6203487.55289419926703],[5548997.455988899804652,6203494.986618085764349],[5548987.112127806991339,6203498.96780975535512],[5548968.838357071392238,6203498.57537392899394],[5548941.128477898426354,6203487.416319707408547],[5548914.257051375694573,6203448.231167005375028],[5548900.855408331379294,6203436.020964308641851],[5548880.578543457202613,6203429.23800410144031],[5548863.312924238853157,6203433.26631661131978],[5548836.710325130261481,6203443.721980768255889],[5548805.140258661471307,6203451.263764732517302],[5548789.802241349592805,6203445.442143682390451],[5548777.38456650916487,6203431.25203103851527],[5548764.525230596773326,6203425.91664269939065],[5548744.308472484350204,6203432.411732541397214],[5548732.464727501384914,6203432.961540495976806],[5548721.513723839074373,6203415.812902294099331],[5548707.114674204960465,6203401.144912678748369],[5548680.861763528548181,6203385.063186994753778],[5548656.663061275146902,6203385.18907948769629],[5548634.991473227739334,6203395.130416865460575],[5548617.217512839473784,6203395.222803615964949],[5548563.333237459883094,6203384.686735050752759],[5548536.134016745723784,6203375.986549571156502],[5548493.538505707867444,6203350.149343340657651],[5548480.191023051738739,6203348.255014250986278],[5548467.376221359707415,6203353.235737789422274],[5548438.68251181114465,6203342.080307091586292],[5548416.394226211123168,6203328.928130004554987],[5548376.19239972345531,6203288.834241677075624],[5548357.865697213448584,6203278.113053866662085],[5548348.983433312736452,6203278.158965647220612],[5548336.168661523610353,6203283.139510258100927],[5548315.474238083697855,6203291.599652716889977],[5548314.979719680733979,6203292.090310891158879],[5548286.802162457257509,6203286.345271266996861],[5548278.354426533915102,6203276.061034892685711],[5548273.857047121971846,6203264.292094091884792],[5548286.108824136666954,6203246.535088617354631],[5548289.422505347058177,6203218.00826693046838],[5548284.918453305959702,6203206.727469219826162],[5548261.029655065387487,6203170.48699042852968],[5548256.997282641939819,6203154.278331532143056],[5548252.972591418772936,6203139.55613006465137],[5548243.655280683189631,6203123.041927488520741],[5548228.555576950311661,6203113.280055985786021],[5548205.655967071652412,6203090.290802486240864],[5548187.961919265799224,6203075.406049448996782],[5548159.680473300628364,6203047.552274463698268],[5548146.182895066216588,6203039.645693668164313]]}},
{"type":"Feature","properties":{"osm_id":257777155,"waterway":"stream","name":null},"geometry":{"type":"LineString","coordinates":[[5563785.863495110534132,6184934.483537329360843],[5563857.405603275634348,6184946.994504199363291],[5563912.573626874946058,6184977.767164495773613],[5564063.988328769803047,6185048.957627045921981],[5564210.573606568388641,6185114.920496571809053],[5564250.312206783331931,6185142.114549704827368],[5564270.78305181208998,6185145.034992842935026],[5564286.746527768671513,6185155.108862078748643],[5564307.801734978333116,6185170.783207340165973],[5564324.350583230145276,6185195.075387210585177],[5564328.639075702056289,6185209.401267299428582],[5564322.104860090650618,6185226.364719803445041],[5564308.657799566164613,6185241.423448910936713],[5564300.901000641286373,6185259.626766510307789],[5564312.33358964510262,6185274.757478037849069],[5564332.848780923523009,6185282.714129070751369],[5564355.56371667329222,6185289.912217264994979],[5564370.909475406631827,6185299.624122779816389],[5564381.865460271947086,6185316.222450010478497],[5564386.91267507057637,6185332.628709627315402],[5564398.206817935220897,6185362.226765409111977],[5564404.514984958805144,6185384.260000016540289],[5564424.847012386657298,6185401.536625576205552],[5564437.467484605498612,6185409.048520291224122],[5564488.198828461579978,6185440.591882433742285],[5564513.941261229105294,6185456.355301070027053],[5564546.356680236756802,6185476.487718533724546],[5564562.431773628108203,6185483.986560744233429],[5564587.13794363476336,6185493.377963260747492],[5564628.893897616304457,6185509.040924821980298],[5564685.471200407482684,6185530.225239094346762],[5564707.681350413709879,6185534.730168207548559],[5564730.242047691717744,6185553.954260020516813],[5564747.343168622814119,6185567.580593406222761],[5564758.97701629716903,6185575.831129983067513],[5564778.45321733225137,6185576.926904696971178],[5564794.49783653113991,6185579.999083195813],[5564805.92890208773315,6185593.420750659890473],[5564809.967623979784548,6185607.37096703518182],[5564811.499725714325905,6185614.959637174382806],[5564822.677621589042246,6185627.639755385927856],[5564840.707284775562584,6185633.404939955100417],[5564853.528580624610186,6185634.047732801176608],[5564866.86079029366374,6185638.12606552336365],[5564876.884334319271147,6185644.679223638027906],[5564892.799180683679879,6185664.681493589654565],[5564902.231225540861487,6185674.677874152548611],[5564900.455655258148909,6185684.874502890743315],[5564899.800439932383597,6185697.626012396998703],[5564895.301755652762949,6185706.000049436464906],[5564904.47182381618768,6185712.68116831406951],[5564916.209912655875087,6185717.391819106414914],[5564967.152270626276731,6185743.151210006326437],[5564991.128054102882743,6185753.045889401808381],[5565010.45711850002408,6185751.435293206013739],[5565021.780582014471292,6185749.392500569112599],[5565030.87965014949441,6185745.900848724879324],[5565037.381253654137254,6185742.793453738093376],[5565042.554303208366036,6185741.525846768170595],[5565050.955430303700268,6185744.651046307757497],[5565057.282490719109774,6185750.741736887954175],[5565060.650376442819834,6185756.731092780828476],[5565061.680610954761505,6185763.469002454541624],[5565071.633041608147323,6185776.889603572897613],[5565093.551186305470765,6185792.068043109029531],[5565118.207475167699158,6185812.50797704141587],[5565132.611339517869055,6185810.809581249020994],[5565159.409139103256166,6185818.221213202923536],[5565178.225076950155199,6185831.213497458957136],[5565215.495248436927795,6185839.660963229835033],[5565245.779715013690293,6185835.898482579737902],[5565279.782970302738249,6185834.428434890694916],[5565301.110756616108119,6185836.12029791623354],[5565323.272873112931848,6185833.634927262552083],[5565339.280575685203075,6185832.668240373954177],[5565354.238326584920287,6185839.186226127669215],[5565377.853295020759106,6185849.936691402457654],[5565394.240533004514873,6185850.675710654817522],[5565401.703290263190866,6185843.145909678190947],[5565405.848763903602958,6185836.859767751768231],[5565418.00739274173975,6185830.761327615007758],[5565432.438870955258608,6185832.989531548693776],[5565438.504367996938527,6185837.118179701268673],[5565439.922810360789299,6185845.450850241817534],[5565440.61432212870568,6185856.240398894995451],[5565441.640548374503851,6185862.3681326424703],[5565443.296075677499175,6185870.443973330780864],[5565446.063891420140862,6185877.29165180772543],[5565452.590517406351864,6185877.744948418810964],[5565459.004239555448294,6185877.821840798482299],[5565468.127672208473086,6185879.099988735280931],[5565475.648267512209713,6185879.790339030325413],[5565481.937662792392075,6185880.478258287534118],[5565494.059237358160317,6185887.382092103362083],[5565502.484876625239849,6185893.945841914974153],[5565526.469381850212812,6185904.937400073744357],[5565543.127040749415755,6185907.526944194920361],[5565560.048711884766817,6185896.73528965935111],[5565565.296250823885202,6185889.087844039313495],[5565571.418746170587838,6185883.042849582619965],[5565579.76774176210165,6185880.032988355495036],[5565593.145272902213037,6185889.135535133071244],[5565607.642704383470118,6185900.693020841106772],[5565616.203450905159116,6185909.463413458317518],[5565627.356817938387394,6185918.459570841863751],[5565634.567031699232757,6185927.239477072842419],[5565643.86426713783294,6185934.906345779076219],[5565652.28481038659811,6185940.726703674532473],[5565663.017957863397896,6185942.248459863476455],[5565677.034542613662779,6185937.734093111939728],[5565691.686092367395759,6185937.264513990841806],[5565705.55304832290858,6185945.38717735838145],[5565707.820936545729637,6185952.97051496617496],[5565714.201405155472457,6185966.537718743085861],[5565722.974193183705211,6185987.088299329392612],[5565728.345980438403785,6185998.332890818826854],[5565737.746821383014321,6186002.437775912694633],[5565764.884944636374712,6186007.149447125382721],[5565801.493973706848919,6186008.976172053255141],[5565825.691640542820096,6186014.939899778924882],[5565838.308056867681444,6186021.59572368953377],[5565853.394633192569017,6186029.343436860479414],[5565877.431547737680376,6186048.920458289794624],[5565892.262739141471684,6186054.32909322809428],[5565908.84513857588172,6186064.395852294750512],[5565915.301937901414931,6186071.827423250302672],[5565912.096830576658249,6186088.901553991250694],[5565911.446168907918036,6186100.809983654879034],[5565914.312462690286338,6186105.937267961911857],[5565922.492261686362326,6186112.7464554682374],[5565929.571353810839355,6186119.818599550053477],[5565938.731668607331812,6186126.254721995443106],[5565949.217801125720143,6186127.88884412497282],[5565956.719524891115725,6186125.883111941628158],[5565963.480876816436648,6186123.128235217183828],[5565969.619268880225718,6186120.63293316680938],[5565985.64613442029804,6186121.007377187721431],[5566002.860174317844212,6186116.469837977550924],[5566014.915107127279043,6186112.590147916227579],[5566036.178326730616391,6186105.072811246849597],[5566049.030180002562702,6186093.088824953883886],[5566054.480628479272127,6186080.414092763327062],[5566056.712003200314939,6186064.700286357663572],[5566056.131328124552965,6186052.800587167963386],[5566056.093036627396941,6186047.409192565828562],[5566057.801958304829895,6186044.812161400914192],[5566061.000649959780276,6186043.691139574162662],[5566065.685487793758512,6186043.535828958265483],[5566084.606065367348492,6186054.195837468840182],[5566106.516068956814706,6186067.896495153196156],[5566124.996881857514381,6186085.182646309025586],[5566138.388348133303225,6186096.125923705287278],[5566149.411220851354301,6186104.756295844912529],[5566155.268875882029533,6186113.179328844882548],[5566166.464054771699011,6186127.943418849259615],[5566178.292292479425669,6186145.154757934622467],[5566188.342668532393873,6186155.267502361908555],[5566195.048694809898734,6186162.819144539535046],[5566205.938280861824751,6186169.486768361181021],[5566212.601239624433219,6186169.694499203935266],[5566219.710450055077672,6186165.472555507905781],[5566224.377813351340592,6186162.854430116713047],[5566228.386937671341002,6186154.25024726614356],[5566234.921803814359009,6186137.762453278526664],[5566261.93739231582731,6186125.17806407622993],[5566292.213667179457843,6186120.180817273445427],[5566310.398014537058771,6186112.57385400403291],[5566318.91818502638489,6186080.739974400959909],[5566328.004443305544555,6186058.72021165676415],[5566342.885192567482591,6186040.120426129549742],[5566345.465604004450142,6186023.17261781077832],[5566347.814900660887361,6186017.61996659077704],[5566350.024775222875178,6186015.707132290117443],[5566353.827433129772544,6186014.248880819417536],[5566356.670308713801205,6186010.911500249058008],[5566359.643166494555771,6186005.187987153418362],[5566364.634952844120562,6185991.395842334255576],[5566365.718393411487341,6185987.427562749013305],[5566364.597669096663594,6185986.170846956782043],[5566364.418756112456322,6185984.275054172612727],[5566365.521595087833703,6185981.73775870539248],[5566369.765892455354333,6185975.217496865428984],[5566373.232318656519055,6185971.709251211024821],[5566378.922378779388964,6185966.931514780037105],[5566383.481254594400525,6185960.719632224179804],[5566387.570528599433601,6185954.366877698339522],[5566390.243483272381127,6185950.398342272266746],[5566393.845887318253517,6185942.773253096267581],[5566398.536298339255154,6185931.823296063579619],[5566401.521697278134525,6185926.576719172298908],[5566405.934646775014699,6185921.808083161711693],[5566410.357652048580348,6185918.448308028280735],[5566419.218624063767493,6185912.538504589349031],[5566424.347240935079753,6185910.205423035658896]]}},
{"type":"Feature","properties":{"osm_id":260047901,"waterway":"stream","name":null},"geometry":{"type":"LineString","coordinates":[[5548140.999094110913575,6203033.948244183324277],[5548132.497617157176137,6203029.244072603061795],[5548130.903069666586816,6203014.509314657188952],[5548114.151006611064076,6202989.447043823078275],[5548104.118297046050429,6202960.822527768090367],[5548079.31128581892699,6202901.479021225124598],[5548074.896455961279571,6202878.827056586742401],[5548071.34862176887691,6202858.311636007390916],[5548066.764459074474871,6202802.702409685589373],[5548055.737675882875919,6202747.137375267222524],[5548028.692138254642487,6202671.120939696207643],[5548018.073715851642191,6202612.558573524467647],[5548014.908098617568612,6202582.190331768244505],[5547999.069923495873809,6202510.819810057990253],[5547972.397044517099857,6202421.112180734053254],[5547954.245327582582831,6202402.812614069320261],[5547924.997727177105844,6202397.826353951357305],[5547908.674557631835341,6202400.472538275644183],[5547883.538325346074998,6202378.769697920419276],[5547712.200775098986924,6201922.369255406782031],[5547617.24831716902554,6201764.785071758553386],[5547587.290995743125677,6201672.364116162993014],[5547554.877396716736257,6201543.824715214781463],[5547538.859179863706231,6201515.6737592946738],[5547483.923044343478978,6201418.864479511976242],[5547468.872683859430254,6201401.812872079201043],[5547446.393573600798845,6201395.215544822625816],[5547408.9420052068308,6201388.705197552219033],[5547396.905262436717749,6201376.097695210948586],[5547398.261800593696535,6201347.791838025674224],[5547409.958546050824225,6201293.364314279519022],[5547407.607387052848935,6201272.52085224352777],[5547401.531363528221846,6201253.926028737798333],[5547388.017470618709922,6201245.796601425856352],[5547354.319450028240681,6201240.753516633063555],[5547337.058155271224678,6201230.413247399032116],[5547331.74279947578907,6201214.798623122274876],[5547306.226654066704214,6201200.783838484436274],[5547282.176623109728098,6201180.050129530951381],[5547261.036248347721994,6201141.419266808778048],[5547257.155365974642336,6201114.626405255869031],[5547263.010485736653209,6201087.784320224076509],[5547287.406240189447999,6201029.565372725948691]]}},
{"type":"Feature","properties":{"osm_id":260047903,"waterway":"stream","name":null},"geometry":{"type":"LineString","coordinates":[[5548146.182895066216588,6203039.645693668164313],[5548140.999094110913575,6203033.948244183324277]]}},
{"type":"Feature","properties":{"osm_id":264995054,"waterway":"stream","name":"Arroyo Suero"},"geometry":{"type":"LineString","coordinates":[[5551993.237615536898375,6198687.36230602953583],[5552068.761540188454092,6198723.538797144778073],[5552088.08434597030282,6198730.541945055127144],[5552137.88434134516865,6198768.259076399728656],[5552139.640360080637038,6198771.333246506750584],[5552159.100170911289752,6198783.072377680800855],[5552189.303053862415254,6198818.979491407051682],[5552210.794966397807002,6198828.832373650744557],[5552228.235372164286673,6198846.306858835741878],[5552234.281096993945539,6198866.241219189018011],[5552256.433140041306615,6198877.299490415491164],[5552263.228137250989676,6198889.719391355291009],[5552266.176439585164189,6198923.349255351349711],[5552269.68160102237016,6198936.464257783256471],[5552283.87401322927326,6198945.625653470866382],[5552308.234784564934671,6198973.17845943570137],[5552317.924809505231678,6198989.941825554706156],[5552327.637949726544321,6198997.686097348108888],[5552349.088835888542235,6199019.819320808164775],[5552372.119968430139124,6199039.891352759674191],[5552390.037849756889045,6199053.790782491676509],[5552394.471504972316325,6199061.80864957999438],[5552414.434470571577549,6199082.707607923075557],[5552421.952915231697261,6199094.457731136120856],[5552443.447710575535893,6199117.777492792345583],[5552456.137026559561491,6199124.617450898513198],[5552486.71317327208817,6199141.407554635778069],[5552496.159564784727991,6199154.023167747072875],[5552496.147583848796785,6199182.999264683574438],[5552491.17909702565521,6199199.356706747785211],[5552499.753554460592568,6199215.615859196521342],[5552527.297471044585109,6199236.327760470099747],[5552532.345296893268824,6199242.267639582045376],[5552538.95892477221787,6199243.594938343390822],[5552579.308801424689591,6199278.711581013165414],[5552583.510443089529872,6199283.0587421907112],[5552588.97682973742485,6199286.522401349619031],[5552614.733267371542752,6199298.546865340322256],[5552626.523708783090115,6199309.085770268924534],[5552639.101101100444794,6199328.650275927968323],[5552654.24453195091337,6199344.761340564116836],[5552662.158127437345684,6199353.070085532031953],[5552670.390763508155942,6199359.213807023130357],[5552678.329536442644894,6199370.351220494136214],[5552701.274857782758772,6199394.505323305726051],[5552714.667373264208436,6199416.616619567386806],[5552724.939333322457969,6199423.791569134220481],[5552757.113300301134586,6199441.392702509649098],[5552772.242785205133259,6199477.771350299939513],[5552816.615773881785572,6199506.441169674508274],[5552821.264839206822217,6199516.654119987040758],[5552818.008198448456824,6199533.024243174120784],[5552788.231973711401224,6199575.092400255613029],[5552791.163562485016882,6199610.286368888802826],[5552815.321335349231958,6199646.935638193041086],[5552845.396590556018054,6199667.477006012573838],[5552858.433552916161716,6199685.163834478706121],[5552882.984744043089449,6199708.332195281982422],[5552889.68330095987767,6199729.471628907136619],[5552886.885017346590757,6199747.159294735640287],[5552888.487016330473125,6199755.459202167578042],[5552901.77380065061152,6199770.104958961717784],[5552913.591216555796564,6199778.746382159180939],[5552927.063673825003207,6199796.918761473149061],[5552941.288046923466027,6199825.991698239929974],[5552951.367125262506306,6199839.612778335809708],[5552959.059668124653399,6199854.256876147352159],[5552966.557518809102476,6199857.276162185706198],[5552992.635791108943522,6199868.898423192091286],[5553003.860761443153024,6199884.986782984808087],[5553009.179332769475877,6199915.829613725654781],[5553006.566738715395331,6199941.891795528121293],[5553007.77274426445365,6199969.574140764772892],[5553038.886545679531991,6200026.928084525279701],[5553078.34261785633862,6200077.101473955437541],[5553113.108272414654493,6200090.393539866432548],[5553131.396949043497443,6200107.462193354032934],[5553153.272895116358995,6200142.071298561990261],[5553158.430844112299383,6200168.832577647641301],[5553188.405453158542514,6200198.747384816408157],[5553194.272579421289265,6200211.049876683391631],[5553178.757771626114845,6200270.76532722543925],[5553184.757900378666818,6200282.179593680426478],[5553193.137579274363816,6200292.936893763951957],[5553203.388614486902952,6200294.586926389485598],[5553218.447488751262426,6200293.791203661821783],[5553235.157261870801449,6200300.119123641401529],[5553233.780942440032959,6200308.890768012963235],[5553245.148648164235055,6200328.871822750195861],[5553252.384860515594482,6200381.169360121712089],[5553271.231248532421887,6200408.76222718693316],[5553283.288616725243628,6200439.92147446423769],[5553286.970336553640664,6200444.925803106278181],[5553306.090808373875916,6200455.998933191411197],[5553320.45071538630873,6200472.967606762424111],[5553322.88148152641952,6200486.121630383655429],[5553314.646532944403589,6200512.082844346761703],[5553312.469034012407064,6200530.421597730368376],[5553308.247644015587866,6200545.355234574526548],[5553311.591185848228633,6200557.206123195588589],[5553361.699984734877944,6200607.761309989728034],[5553388.133982241153717,6200621.599153960123658],[5553402.093639088794589,6200623.205602868460119],[5553407.323953207582235,6200627.036227570846677],[5553415.6218730667606,6200628.220177141949534],[5553442.460874514654279,6200625.958999301306903],[5553465.029562179930508,6200630.045424230396748],[5553475.263252339325845,6200635.023291430436075],[5553498.530749007128179,6200639.005796989426017],[5553516.463625999167562,6200638.625796315260231],[5553551.849885031580925,6200647.331130036152899],[5553572.056742967106402,6200648.735128269530833],[5553597.307669057510793,6200656.777307339943945],[5553609.075873110443354,6200664.552866388112307],[5553631.156497646123171,6200703.830037561245263],[5553681.374818283133209,6200734.558965181000531],[5553712.591083114035428,6200746.138657867908478],[5553744.474606884643435,6200766.522591384127736],[5553765.347467224113643,6200771.671925399452448],[5553777.611476918682456,6200768.007100781425834],[5553797.50556858908385,6200758.185867518186569],[5553809.211472284048796,6200758.284885227680206],[5553846.71602741163224,6200778.347683258354664],[5553867.155548438429832,6200794.515062502585351],[5553873.748864879831672,6200792.091974773444235],[5553888.435416005551815,6200800.005674472078681],[5553904.072577352635562,6200802.012164921499789],[5553927.027790520340204,6200831.510302533395588],[5553948.987577434629202,6200847.957164153456688],[5553964.579216229729354,6200870.752904784865677],[5553974.004563819617033,6200909.359084798954427],[5553960.454191714525223,6200961.210349397733808],[5553969.478108269162476,6200981.281729993410408],[5553990.186331316828728,6200991.279349895194173],[5554010.480562383309007,6201001.290410099551082],[5554027.078798273578286,6201015.072368646040559],[5554039.377022366970778,6201017.286525326780975],[5554065.079913025721908,6201012.53412505518645],[5554094.224874965846539,6200998.299039074219763],[5554103.695756173692644,6200995.371027478016913],[5554109.391635089181364,6200988.9260548138991],[5554130.855046698823571,6200981.513401149772108],[5554160.729027169756591,6200978.777770793065429],[5554167.679662563838065,6200979.247792786918581],[5554193.193012272007763,6200971.989019528031349],[5554218.817387683317065,6200974.358631944283843],[5554281.997298486530781,6201013.173958761617541],[5554296.009023196063936,6201017.274805550463498],[5554339.951646132394671,6201023.664425402879715],[5554359.094108288176358,6201023.852648189291358],[5554376.067172766663134,6201021.291186208836734],[5554410.024760761298239,6201030.789251936599612],[5554417.126077353954315,6201030.259803000837564],[5554443.054272591136396,6201026.292683237232268],[5554453.532895723357797,6201028.916258600540459],[5554473.887053679674864,6201036.474323999136686],[5554495.310594035312533,6201049.084719059057534],[5554521.688566514290869,6201051.227244176901877],[5554549.871398279443383,6201048.833039530552924],[5554603.4526063259691,6201063.629468739032745],[5554644.376797707751393,6201068.371280273422599],[5554668.380842503160238,6201067.41001311223954],[5554677.579750085249543,6201062.053545298986137],[5554710.184754190966487,6201030.623636833392084],[5554722.314685493707657,6201027.63505853433162],[5554741.822608244605362,6201032.080240849405527],[5554770.793261786922812,6201027.517532709985971],[5554791.178472254425287,6201041.897198465652764],[5554817.604961408302188,6201046.024331851862371],[5554854.794788745231926,6201044.807754465378821],[5554863.684010809287429,6201049.425926337949932],[5554894.438825177960098,6201102.649218264035881],[5554897.151008886285126,6201111.607888389378786],[5554908.101470533758402,6201120.884254559874535],[5554921.448038545437157,6201121.3383345939219],[5554930.340812330134213,6201118.712403239682317],[5554959.792872438207269,6201125.561441304162145],[5554986.728039052337408,6201122.241407923400402],[5555012.46259596105665,6201133.83795636612922],[5555022.133434274233878,6201150.831667993217707],[5555057.306917334906757,6201193.134664379060268],[5555087.270987595431507,6201199.35905747115612],[5555105.91870950628072,6201207.657984464429319],[5555127.154651070013642,6201206.967011814936996],[5555137.054865472950041,6201211.312723217532039],[5555173.78952965606004,6201252.929382897913456],[5555179.278253650292754,6201269.171077060513198],[5555181.753968461416662,6201284.787133604288101],[5555206.900294056162238,6201301.06806465331465],[5555222.701835781335831,6201302.660940242931247],[5555243.380652168765664,6201293.309013918973505],[5555268.580872344784439,6201290.664035825058818],[5555285.818460326641798,6201281.432199445553124],[5555296.767162224277854,6201270.085402579978108],[5555307.921517207287252,6201265.504381363280118],[5555329.149210704490542,6201249.404195006936789],[5555355.234340533614159,6201239.254568392410874],[5555360.889725042507052,6201241.628358059562743],[5555373.114476767368615,6201260.847470712848008],[5555390.297872439026833,6201265.793193724937737],[5555399.53214143589139,6201264.884278762154281],[5555419.887217319570482,6201249.088577945716679],[5555432.094942855648696,6201235.925921059213579],[5555439.561313885264099,6201234.861046966165304],[5555451.14424248598516,6201237.388216115534306],[5555463.866112302988768,6201256.604264823719859],[5555487.565089464187622,6201277.041988988406956],[5555510.37156920786947,6201295.942963621579111],[5555550.479464547708631,6201308.628596909344196],[5555579.467337341047823,6201314.613169156014919],[5555593.183753043413162,6201319.945218396373093],[5555618.024147532880306,6201320.241204271093011],[5555658.701143477112055,6201337.271627582609653],[5555670.728085660375655,6201346.32993156183511],[5555706.974441898055375,6201365.738344700075686],[5555717.686312683857977,6201379.57461316511035],[5555714.610383759252727,6201386.936815030872822],[5555709.709151894785464,6201393.777406949549913],[5555709.262286704033613,6201405.272893210873008],[5555725.62885993719101,6201439.853503016754985],[5555747.1649314109236,6201456.997624318115413],[5555755.809845102950931,6201459.087108809500933],[5555815.573013555258512,6201460.394517742097378],[5555841.299098302610219,6201485.644915972836316],[5555851.026017484255135,6201488.604233797639608],[5555864.165042445994914,6201481.947309945710003],[5555874.76015483122319,6201479.26593704521656],[5555894.156704650260508,6201481.756956144236028],[5555905.543907609768212,6201479.181747174821794],[5555944.950722352601588,6201468.296293577179313],[5555966.084781175479293,6201455.101701939478517],[5555977.646837520413101,6201458.682229810394347],[5555980.497059457935393,6201473.596965694800019],[5555984.199471085332334,6201480.208686728030443],[5555984.677038317546248,6201487.727195242419839],[5555995.079654605127871,6201506.690185768529773],[5556000.851184331811965,6201509.961468391120434],[5556017.77203637175262,6201518.568466879427433],[5556031.979487312026322,6201505.925527028739452],[5556049.59372188244015,6201501.238342070952058],[5556080.198010753840208,6201523.385958843864501],[5556110.258173299022019,6201536.118390914052725],[5556171.608937753364444,6201558.014573756605387],[5556196.155461300164461,6201550.645215674303472],[5556237.676995182409883,6201527.188011231832206],[5556272.798789951018989,6201538.336391028948128],[5556316.851630255579948,6201540.966529158875346],[5556337.908511720597744,6201550.147086841054261],[5556346.41886685974896,6201555.831124406307936],[5556361.966213236562908,6201554.838839089497924],[5556368.329024885781109,6201550.829016095027328],[5556376.983438177034259,6201534.613645180128515],[5556413.128105135634542,6201520.018477407284081],[5556422.266474503092468,6201523.014036667533219],[5556432.42530435975641,6201531.92734207585454],[5556518.681999155320227,6201561.669290371239185]]}},
{"type":"Feature","properties":{"osm_id":486226906,"waterway":"stream","name":null},"geometry":{"type":"LineString","coordinates":[[5549067.042730486951768,6188936.279857431538403],[5549103.712382876314223,6188944.872585711069405],[5549139.088855819776654,6188959.185162700712681],[5549146.682636521756649,6188961.374875991605222],[5549158.48524181637913,6188965.217482346110046]]}},
{"type":"Feature","properties":{"osm_id":581670121,"waterway":"stream","name":null},"geometry":{"type":"LineString","coordinates":[[5554689.543894439004362,6187465.94547623116523],[5554805.416819387115538,6187593.340110666118562],[5554861.485583118163049,6187628.398515474051237],[5554887.122731694951653,6187668.694845520891249],[5554972.221545774489641,6187745.715074266307056],[5555040.594470598734915,6187856.536045053042471],[5555120.324311865493655,6187883.032857873477042],[5555154.376706113107502,6187914.84743557870388],[5555184.92852989025414,6187928.145128013566136],[5555225.754714929498732,6187961.60551829636097],[5555276.704714779742062,6187988.271750279702246],[5555327.675058336928487,6188018.310062854550779],[5555354.856619132682681,6188034.999717833474278],[5555392.282077209092677,6188065.107142228633165],[5555457.160100706852973,6188155.733266082592309],[5555484.793509079143405,6188246.569958441890776],[5555680.675879834219813,6188444.276459952816367],[5555738.604609793052077,6188504.601046409457922],[5555801.738310118205845,6188586.804083216935396],[5555832.465145247988403,6188628.753602622076869],[5555873.44760350883007,6188685.817615885287523],[5555892.329891067929566,6188729.524266994558275],[5555941.726682448759675,6188778.106271493248641],[5555986.366072487086058,6188880.642972759902477],[5556069.641770304180682,6188932.392983637750149],[5556168.20698781311512,6188992.481221874244511],[5556184.968483096919954,6189001.210644855163991],[5556186.514649887569249,6189004.60707149002701]]}},
{"type":"Feature","properties":{"osm_id":586139118,"waterway":"stream","name":null},"geometry":{"type":"LineString","coordinates":[[5545775.548973097465932,6184763.819884126074612],[5545799.577770533971488,6184763.268887654878199],[5545853.145361772738397,6184750.624444998800755],[5545936.239396564662457,6184721.592902627773583],[5546008.017575387842953,6184661.443778110668063],[5546010.979131487198174,6184652.887096152640879],[5546007.472421310842037,6184636.67460569459945],[5546015.485110029578209,6184609.300467049703002],[5546006.268655647523701,6184567.92280977871269],[5545994.619698941707611,6184554.745862434618175],[5545979.125309960916638,6184544.139436090365052],[5545971.300707719288766,6184524.109922744333744],[5545955.317678178660572,6184501.97968652099371],[5545925.856355012394488,6184444.039517184719443],[5545917.536922553554177,6184411.199364537373185],[5545912.641054389066994,6184374.060187338851392],[5545921.869370029307902,6184245.041080405935645],[5545925.224603950046003,6184228.794649054296315],[5545934.469568830914795,6184214.737819480709732],[5545930.734143366105855,6184193.079494284465909],[5545935.267619230784476,6184173.621200605295599],[5545926.773114337585866,6184151.786707977764308],[5545928.692821416072547,6184086.702485049143434],[5545913.557144669815898,6184063.003798458725214],[5545912.331342037767172,6184054.734068512916565],[5545919.337839880026877,6184030.127249233424664],[5545920.728688627481461,6184014.167857109569013],[5545883.165401854552329,6183935.356228708289564],[5545874.668705523014069,6183898.123852355405688],[5545859.56445846427232,6183873.260100356303155],[5545852.305331570096314,6183865.286376064643264],[5545825.61185347661376,6183865.185071969404817],[5545820.658698209561408,6183859.152417032048106],[5545811.109470698051155,6183831.942646468989551],[5545824.18930449616164,6183798.364552184939384],[5545822.859756771475077,6183776.483535958454013],[5545811.719350104220212,6183765.6002202834934],[5545813.156041439622641,6183749.596240031532943],[5545834.959887076169252,6183728.666134430095553],[5545848.587591272778809,6183718.681277157738805],[5545838.659201202914119,6183703.975832377560437],[5545805.094369553029537,6183692.44872999470681],[5545796.506171230226755,6183664.502029731869698],[5545796.575622446835041,6183615.22413476370275],[5545810.716484946198761,6183578.93398900795728],[5545830.221680426038802,6183561.332186974585056],[5545837.089503507129848,6183547.753085053525865],[5545836.048644382506609,6183532.260525376535952],[5545824.045713699422777,6183497.286281067878008],[5545823.574653771705925,6183457.640242060646415],[5545809.684548038057983,6183423.640422973781824],[5545806.23558253236115,6183411.532170115970075],[5545784.746123719029129,6183395.463675926439464],[5545779.855076397769153,6183387.067766119726002],[5545779.425182654522359,6183361.332836769521236],[5545774.861766799353063,6183342.99548461008817],[5545763.127158659510314,6183299.000776399858296],[5545767.066164474003017,6183267.031933897174895],[5545773.713461493141949,6183260.919920830987394],[5545790.487200893461704,6183261.358670593239367],[5545801.628941155038774,6183255.86791336350143],[5545810.717348838225007,6183247.480754205957055],[5545807.921853639185429,6183230.044370238669217],[5545809.126975271850824,6183213.664337376132607],[5545829.473435807973146,6183186.15181996114552],[5545843.820535062812269,6183152.733803405426443],[5545836.279865399934351,6183121.08779922593385],[5545826.171707032248378,6183107.048838609829545],[5545826.823213376104832,6183095.752380903810263],[5545842.951818150468171,6183084.634723223745823],[5545841.458176790736616,6183072.306053068488836],[5545807.643743108026683,6183009.694367242045701],[5545790.652613143436611,6182925.921890519559383],[5545758.827623164281249,6182892.243326168507338],[5545754.363246588036418,6182873.45063144620508],[5545761.514399249106646,6182827.976175568066537],[5545751.53584120888263,6182782.353119572624564],[5545744.992906543426216,6182776.017633454874158],[5545728.504766209051013,6182773.713690215721726],[5545720.720123232342303,6182768.870836708694696],[5545714.950324970297515,6182755.398363271728158],[5545725.478761734440923,6182716.851880459114909],[5545746.176314767450094,6182684.345679619349539],[5545746.97548539377749,6182671.317898038774729],[5545741.184045689180493,6182660.907370061613619],[5545734.440627492964268,6182654.872390204109251],[5545727.035389251075685,6182654.320884740911424],[5545723.808010618202388,6182646.105344388633966],[5545727.911468775942922,6182627.059680669568479],[5545739.329246303066611,6182610.629366385750473],[5545740.981851417571306,6182603.055416788905859],[5545732.246850455179811,6182587.966797381639481],[5545731.330619481392205,6182580.949079964309931],[5545738.942138864658773,6182574.909986562095582],[5545754.935348424129188,6182560.709115591831505],[5545768.448995632119477,6182559.599749865941703],[5545788.676334251649678,6182562.229087926447392],[5545797.544862553477287,6182559.678223700262606],[5545804.88395956531167,6182548.692686465568841],[5545805.0073920506984,6182529.023179793730378],[5545801.185805439949036,6182515.785207418724895],[5545802.809078706428409,6182502.276329591870308],[5545814.706411708146334,6182482.58204104565084],[5545815.919081589207053,6182473.346209579147398],[5545813.438694918528199,6182465.759347121231258],[5545801.845214908011258,6182446.491517893970013],[5545797.997994782403111,6182420.595905242487788],[5545803.444934169761837,6182387.232866820879281],[5545805.503476922400296,6182326.041665741242468],[5545801.812064907513559,6182311.249948780983686],[5545791.441776969470084,6182301.605295175686479],[5545777.66977559030056,6182296.803099649958313],[5545761.985228774137795,6182293.397003039717674],[5545756.693958670832217,6182285.668662593699992],[5545754.619563048705459,6182272.854711206629872],[5545750.833502632565796,6182264.930362112820148],[5545750.640515239909291,6182249.988270156085491],[5545746.244691267609596,6182239.459932843223214],[5545745.925370218232274,6182228.700739631429315],[5545751.765853136777878,6182217.42308999132365],[5545766.207477585412562,6182210.906577938236296],[5545776.658265708014369,6182214.549238847568631],[5545783.745391871780157,6182213.981816819868982],[5545787.154458087868989,6182201.318337903358042],[5545783.927828582935035,6182191.372213195078075],[5545775.828114371746778,6182184.001626780256629],[5545758.826186121441424,6182181.589347667060792],[5545745.918951337225735,6182175.185372241772711],[5545733.631636309437454,6182165.982746128924191],[5545725.853917983360589,6182154.982932676561177],[5545720.713716662488878,6182140.608777227811515],[5545722.68158080521971,6182126.199630890972912],[5545731.182106425054371,6182106.81058734189719],[5545735.39025975111872,6182082.971961150877178],[5545743.791378856636584,6182069.518456337973475],[5545753.865491208620369,6182063.844392429105937],[5545763.384866137057543,6182059.282408288680017],[5545770.48777606151998,6182043.305938871577382],[5545766.059553178027272,6182024.324462978169322],[5545769.21394703257829,6182010.308824867941439],[5545775.947997689247131,6181995.89836151432246],[5545774.909718018956482,6181986.473937792703509],[5545772.15223724488169,6181980.397153567522764],[5545754.779918739572167,6181964.241754817776382],[5545747.811024431139231,6181951.485188731923699],[5545745.224074373953044,6181940.870283308438957],[5545748.072838746011257,6181902.095289116725326],[5545752.318327324464917,6181891.457820946350694],[5545758.994642639532685,6181882.117416508495808],[5545811.514539541676641,6181844.761570223607123],[5545819.970164189115167,6181833.115971601568162],[5545822.429996046237648,6181821.677446754649282],[5545816.719966642558575,6181807.20630710106343],[5545800.219478705897927,6181779.709051623009145],[5545797.878200571984053,6181764.910666099749506],[5545800.170327916741371,6181751.121133760549128],[5545804.975108254700899,6181744.053012393414974],[5545825.15378952305764,6181739.039008683525026],[5545830.047543187625706,6181733.257290417328477],[5545833.115734159946442,6181724.14541068021208],[5545827.557507801800966,6181682.738306507468224],[5545830.597394051030278,6181669.754905599169433],[5545877.648474256508052,6181622.441411402076483],[5545883.222533202730119,6181611.25372551009059],[5545882.649010049179196,6181597.400670310482383],[5545880.284330373629928,6181589.036695864982903],[5545882.44963879417628,6181579.352390591986477],[5545892.547939479351044,6181569.407012289389968],[5545909.492130583152175,6181556.643290425650775],[5545911.501321150921285,6181548.823471819981933],[5545888.93346485029906,6181512.548052797093987],[5545885.653703899122775,6181482.53391738049686],[5545889.046366892755032,6181453.629448647610843],[5545889.421227838844061,6181412.414913419634104],[5545891.831293264403939,6181405.813410943374038],[5545904.894609786570072,6181391.97060327604413],[5545912.675479643978179,6181377.687965456396341],[5545909.009048749692738,6181349.33978227339685],[5545914.304180786944926,6181337.498927241191268],[5545921.446544451639056,6181327.812183937989175],[5545926.274136797524989,6181312.423684146255255],[5545912.277997904457152,6181282.440358257852495],[5545892.330792349763215,6181265.33280507940799],[5545887.356166234239936,6181256.549078390002251],[5545885.575635744258761,6181243.733685160055757],[5545891.896333804354072,6181220.16184535715729],[5545897.872491903603077,6181190.05757674947381],[5545896.718372132629156,6181151.635074205696583],[5545874.823083687573671,6181071.004100852645934],[5545861.629148108884692,6181056.459016268141568],[5545843.903967211022973,6181055.936403645202518],[5545831.91708617657423,6181051.513769169338048],[5545831.138083868660033,6181036.940631629899144],[5545837.298942822962999,6181023.775402603670955],[5545852.240212421864271,6181001.680841451510787],[5545857.8920175479725,6180985.855648247525096],[5545850.888731826096773,6180975.318039068952203],[5545824.526899632066488,6180955.146907044574618],[5545818.554105395451188,6180915.239439441822469],[5545819.690970747731626,6180875.807187024503946],[5545836.538902014493942,6180860.525795667432249],[5545842.297966938465834,6180847.839566329494119],[5545848.637508983723819,6180815.104334435425699],[5545857.08846106287092,6180798.99906546715647],[5545866.940136185847223,6180793.203915075398982],[5545871.048126587644219,6180784.608266789466143],[5545872.128206441178918,6180774.618690758012235],[5545843.505080886185169,6180740.835847503505647],[5545839.775177457369864,6180727.442103149369359],[5545850.444235463626683,6180704.958158202469349],[5545848.6045240489766,6180695.005190957337618],[5545842.928100702352822,6180683.495878539048135],[5545825.271821621805429,6180668.884028506465256],[5545817.96289477031678,6180657.759941634722054],[5545818.783545874990523,6180645.430901234969497],[5545827.32508135214448,6180608.635640431195498],[5545825.960924604907632,6180594.564594202674925],[5545778.87640018761158,6180514.900782971642911],[5545779.592739574611187,6180500.031823509372771],[5545785.311881110072136,6180481.144493490457535],[5545795.382997837848961,6180471.498849234543741],[5545814.566330258734524,6180466.301135684363544],[5545830.584877545014024,6180480.322035382501781],[5545843.191495805978775,6180478.373874973505735],[5545849.033050548285246,6180465.709410310722888],[5545851.526719788089395,6180450.055111603811383],[5545821.925055202096701,6180418.717628342099488],[5545811.869673601351678,6180398.044405253604054],[5545801.250277820974588,6180387.735380912199616],[5545791.618263544514775,6180383.99998137447983],[5545770.044632276520133,6180384.838556642644107],[5545757.236983531154692,6180379.510206559672952],[5545744.584994990378618,6180325.646553939208388],[5545744.122220397926867,6180306.268307151272893],[5545750.76392540987581,6180297.593656144104898],[5545763.344489168375731,6180288.545821039937437],[5545773.588865924626589,6180274.972204149700701],[5545783.950244234874845,6180255.340889065526426],[5545792.140251185745001,6180247.845585623756051],[5545803.72231868468225,6180246.734548267908394],[5545814.455403399653733,6180263.366364295594394],[5545824.015401625074446,6180269.276441504247487],[5545834.539099344052374,6180269.524010916240513],[5545841.909904172644019,6180263.485970882698894],[5545849.942238297313452,6180216.642367349006236],[5545866.37978526763618,6180194.751123973168433],[5545870.689324977807701,6180174.972110119648278],[5545878.031089967116714,6180170.509475106373429],[5545878.724288497120142,6180152.856115851551294],[5545886.953322256915271,6180145.859744610264897],[5545906.747306566685438,6180145.462341404519975],[5545914.0155588099733,6180137.283681106753647],[5545908.47401368431747,6180121.436134186573327],[5545896.380659027025104,6180106.38644231762737],[5545897.766590901650488,6180095.141761176288128],[5545907.791788220405579,6180087.459777506999671],[5545965.117440590634942,6180080.863802459090948],[5545989.381934609264135,6180059.909802897833288],[5546000.345893914811313,6180054.552724523469806],[5546013.65544556453824,6180038.944599257782102],[5546017.356039983220398,6180022.352393001317978],[5546008.647720415145159,6180004.856559441424906],[5546017.777271911501884,6179986.939486056566238],[5546028.36271002329886,6179981.184878983534873],[5546043.591027688235044,6179967.419824881479144],[5546042.769474147818983,6179953.579067652113736],[5546037.910007487051189,6179943.84079085662961],[5546039.13103393651545,6179934.560470953583717],[5546016.088798078708351,6179914.905917190015316],[5546016.413579788058996,6179900.782133267261088],[5546034.468047611415386,6179877.429286550730467],[5546040.598487888462842,6179847.246424974873662],[5546043.770098743028939,6179836.946907139383256]]}},
{"type":"Feature","properties":{"osm_id":586139120,"waterway":"stream","name":null},"geometry":{"type":"LineString","coordinates":[[5547440.061154009774327,6182499.594983304850757],[5547421.442394087091088,6182418.152084990404546],[5547387.689502693712711,6182428.674663595855236],[5547361.511875089257956,6182393.863328818231821],[5547373.559080236591399,6182206.142519985325634],[5547363.002209796570241,6182176.421124053187668],[5547377.169054985977709,6182150.467494279146194],[5547360.126088410615921,6182122.077127284370363],[5547380.649574359878898,6182067.624881060793996],[5547355.061766901984811,6181894.329014702700078],[5547332.828196480870247,6181867.263012289069593],[5547305.997143661603332,6181705.632703576236963],[5547318.782836941070855,6181662.857162323780358],[5547321.170633946545422,6181621.432541272602975],[5547293.480640526860952,6181545.227356150746346],[5547274.851748021319509,6181461.19933867175132],[5547278.471169414930046,6181405.535339968279004],[5547289.794460033997893,6181331.716228293254972],[5547317.937124567106366,6181240.982377694919705],[5547322.883940921165049,6181191.79024734441191],[5547307.018949798308313,6181140.108260881155729],[5547347.096837888471782,6181095.895584413781762],[5547324.737287793308496,6181045.544691284187138],[5547350.534922865219414,6181006.596578280441463],[5547333.164235106669366,6180913.50980503950268],[5547357.402722370810807,6180822.806749048642814],[5547326.583462880924344,6180651.134712495841086],[5547305.744661343283951,6180538.607306183315814],[5547317.532746180891991,6180495.004728301428258],[5547293.286637356504798,6180450.731572354212403],[5547311.04916812479496,6180401.130181928165257],[5547288.289861765690148,6180311.609597371891141],[5547247.123733690008521,6180310.965010580606759],[5547231.346079805865884,6180243.607109092175961],[5547230.21853403840214,6180189.830908940173686],[5547177.424326068721712,6180096.191777892410755],[5547142.398268823511899,6180121.973848425783217],[5547092.527524179778993,6180095.768690289929509],[5547035.957944269292057,6180102.87811419647187],[5547041.729064160957932,6180056.754823504947126],[5546977.278787947259843,6180030.622935035265982],[5546973.57273698784411,6179976.85976080968976],[5546915.947710460051894,6179942.150812699459493],[5546876.620321268215775,6179967.099415814504027],[5546838.863814579322934,6179961.321657816879451],[5546826.807141073979437,6179951.986189059913158],[5546758.692114017903805,6179879.766161383129656],[5546712.98686733096838,6179828.788115753792226],[5546687.99514671228826,6179803.298677452839911],[5546685.136093100532889,6179747.822717398405075],[5546714.093625674024224,6179707.562432175502181],[5546729.99473690148443,6179628.95054801274091],[5546698.071657977066934,6179590.693982671014965],[5546670.350503919646144,6179535.343075167387724],[5546622.968041363172233,6179493.658401232212782]]}},
{"type":"Feature","properties":{"osm_id":586744756,"waterway":"stream","name":"Arroyo Giles"},"geometry":{"type":"LineString","coordinates":[[5547189.560904922895133,6186583.268370163626969],[5547199.889335257001221,6186576.204858500510454],[5547213.924965838901699,6186564.574172564782202],[5547230.437131067737937,6186552.109969419427216],[5547242.358585627749562,6186533.079495365731418],[5547248.585036573931575,6186508.952722848393023],[5547251.373681452125311,6186480.927392331883311],[5547265.34839447773993,6186462.773936768062413],[5547275.251620698720217,6186451.630077984184027],[5547289.235153290443122,6186435.229317625053227],[5547292.688824598677456,6186422.376541373319924],[5547311.978677440434694,6186412.360826392658055],[5547337.649991896934807,6186388.889419944025576],[5547363.980479285120964,6186379.414624341763556],[5547386.830666426569223,6186377.545462657697499],[5547417.288606935180724,6186373.895779706537724],[5547436.581475504674017,6186362.71496519818902],[5547461.103088449686766,6186344.496315666474402],[5547489.212025300599635,6186339.682465556077659],[5547527.227016217075288,6186322.570651415735483],[5547559.042958971112967,6186295.251040894538164],[5547573.28875430021435,6186285.360405260697007],[5547593.412092168815434,6186269.560097371228039],[5547604.189852782525122,6186255.271928468719125],[5547614.444713419303298,6186237.558518663048744],[5547617.79878734704107,6186217.916871610097587],[5547623.149147481657565,6186204.15567244309932],[5547630.95170318800956,6186188.41835490334779],[5547646.167766873724759,6186176.070960211567581],[5547658.432963145896792,6186165.214102144353092],[5547667.237741264514625,6186151.435173562727869],[5547680.485944421030581,6186140.573247049935162],[5547695.734574714675546,6186134.604389657266438],[5547705.512258964590728,6186118.856875993311405],[5547705.401531166397035,6186097.269403796643019],[5547709.761062713339925,6186082.037789706140757],[5547721.5223672632128,6186069.707986894994974],[5547728.361737906932831,6186057.902637846767902],[5547734.195319393649697,6186041.676120088435709],[5547751.848054327070713,6186024.412689064629376],[5547778.428679735399783,6186017.409269059076905],[5547795.191561358049512,6186018.310464460402727],[5547807.015739619731903,6186018.249691721051931],[5547816.587014632299542,6186016.026151532307267],[5547823.773459498770535,6186005.638918742537498],[5547835.5387890227139,6186004.857331340201199]]}},
{"type":"Feature","properties":{"osm_id":674638837,"waterway":"stream","name":null},"geometry":{"type":"LineString","coordinates":[[5555391.827544628642499,6191397.396560375578701],[5555502.001174907200038,6191584.68899245839566],[5555518.697091902606189,6191654.268530337139964],[5555522.308628461323678,6191714.19690711889416],[5555511.45932122785598,6191806.615878209471703],[5555511.884034191258252,6191877.911993661895394],[5555538.623871968127787,6191994.424175919033587],[5555571.660741124302149,6192075.243866601958871],[5555683.47304433118552,6192262.535503868944943],[5555706.583761996589601,6192315.879687134176493],[5555714.962301244027913,6192356.332369710318744],[5555780.442736572586,6192689.758435955271125],[5555790.516673707403243,6192739.929985238239169],[5555813.513192180544138,6192775.447162039577961],[5555842.989691569469869,6192804.435708526521921],[5555903.51241001021117,6192852.696211365051568],[5556111.736059715971351,6193096.14794191904366],[5556198.759456219151616,6193218.784964282996953],[5556272.883339582011104,6193362.565815723501146],[5556306.126993011683226,6193475.808303733356297],[5556306.704384663142264,6193571.420573951676488],[5556313.694041243754327,6193650.797450745478272],[5556378.380519251339138,6193846.508126679807901],[5556388.606416874565184,6193922.614940052852035],[5556387.292433780618012,6193974.485451271757483],[5556392.3613843889907,6194005.250623361207545],[5556381.164281508885324,6194037.733813292346895],[5556358.662693344987929,6194086.493051934987307],[5556336.023757471702993,6194112.5555668938905],[5556332.856671850197017,6194127.162772961892188],[5556345.965635331347585,6194141.671653890050948],[5556477.132835586555302,6194291.606905695982277],[5556529.530169050209224,6194339.912682739086449],[5556606.736247790046036,6194452.89859695546329],[5556677.924279240891337,6194512.005594148300588],[5556749.002456979826093,6194552.90813902951777],[5556887.836032588966191,6194623.372054982930422],[5556905.83882958162576,6194637.850319523364305],[5556936.262506505474448,6194687.918655758723617],[5556974.863868658430874,6194742.784850935451686],[5556988.455103106796741,6194756.147264880128205]]}},
{"type":"Feature","properties":{"osm_id":674639270,"waterway":"stream","name":null},"geometry":{"type":"LineString","coordinates":[[5561431.180438895709813,6196724.909737797454],[5561454.41741634812206,6196732.122974422760308]]}},
{"type":"Feature","properties":{"osm_id":674639274,"waterway":"stream","name":null},"geometry":{"type":"LineString","coordinates":[[5563630.021688553504646,6196035.469723495654762],[5563631.787845694459975,6196032.795184106566012],[5563632.254888608120382,6196029.796690726652741],[5563629.311908004805446,6196025.800825348123908],[5563571.104661665856838,6195975.410409349948168],[5563566.051889178343117,6195961.444535148330033],[5563638.956797298043966,6195891.73380271717906],[5563649.021375629119575,6195890.711097222752869],[5563664.840796280652285,6195890.60318124294281],[5563679.677008501254022,6195885.243515499867499],[5563692.071021609008312,6195875.141280885785818],[5563720.241391212679446,6195857.287724637426436],[5563781.382709420286119,6195821.536443122662604],[5563792.812829686328769,6195809.044409356079996],[5563795.610627792775631,6195798.530600029975176],[5563790.714433983899653,6195783.287987550720572],[5563782.981913936324418,6195774.266163718886673],[5563767.153490358963609,6195774.374345732852817],[5563759.889553364366293,6195763.929301870986819],[5563767.484978150576353,6195752.894592189230025],[5563783.264379811473191,6195745.620184942148626],[5563805.787137729115784,6195742.604014656506479],[5563824.429565955884755,6195734.366990334354341],[5563849.619282108731568,6195701.734354413114488],[5563889.133651760406792,6195658.97482452634722],[5563907.762696398422122,6195648.818500559777021],[5563939.164010189473629,6195611.372747887857258],[5563963.337559160776436,6195570.149088935926557],[5563994.309905873611569,6195541.303735501132905],[5564000.48649880848825,6195532.663711014203727],[5564017.637894679792225,6195516.315884799696505],[5564031.963036645203829,6195507.631019070744514],[5564041.466994300484657,6195494.674846748821437],[5564053.820721972733736,6195478.836911053396761],[5564080.089350310154259,6195462.903399524278939],[5564108.821269224397838,6195457.458674937486649],[5564139.386620506644249,6195439.099216130562127],[5564169.476971841417253,6195421.231046495959163],[5564203.36947675794363,6195398.566296169534326],[5564249.169670166447759,6195364.836599859409034],[5564277.28486037440598,6195339.349163046106696],[5564293.462439006194472,6195320.611263017170131],[5564295.744379528798163,6195303.411295460537076],[5564299.42484088242054,6195280.954337178729475],[5564306.38310019671917,6195247.014923254027963],[5564314.857605528086424,6195223.570846007205546],[5564326.240894805639982,6195205.831087530590594],[5564342.899730190634727,6195187.577898416668177],[5564359.558500020764768,6195169.324678112752736],[5564366.61518080253154,6195149.695490775629878],[5564386.6635926021263,6195136.200245890766382],[5564422.414640041068196,6195105.878220696933568],[5564431.02057380322367,6195101.525497956201434],[5564440.125179064460099,6195101.462612314149737],[5564452.120803277939558,6195101.856777007691562],[5564485.715363400056958,6195106.871973563916981],[5564497.229477868415415,6195106.792376562021673],[5564517.360085213556886,6195105.222082808613777],[5564534.110838755965233,6195100.335900349542499],[5564548.012754136696458,6195099.76269007101655],[5564561.944378808140755,6195103.4825444445014],[5564576.390558000653982,6195112.446172242052853],[5564586.517035119235516,6195120.496714167296886],[5564595.179769682697952,6195125.684092652052641],[5564605.718356508761644,6195124.18001973349601],[5564619.567439783364534,6195115.974551259540021],[5564635.816729472950101,6195107.741338392719626],[5564671.214389930479228,6195095.559114685282111],[5564698.954613534733653,6195083.917990414425731],[5564714.779310550540686,6195084.762293219566345],[5564721.054289146326482,6195090.443151948042214],[5564726.847744127735496,6195095.650314995087683],[5564728.803733731620014,6195101.849260202609003],[5564733.644065580330789,6195107.540064840577543],[5564742.798414204269648,6195114.64312048535794],[5564748.56872137170285,6195116.511203388683498],[5564757.181878599338233,6195114.543289390392601],[5564763.852261919528246,6195108.284467891789973],[5564769.088047374971211,6195102.046695332974195],[5564783.893324940465391,6195093.823246385902166],[5564797.293809296563268,6195089.91391805652529],[5564813.114469457417727,6195088.849952051416039],[5564843.306039416231215,6195087.209048956632614],[5564867.758946405723691,6195085.60795277915895],[5564875.883879331871867,6195082.212224661372602],[5564884.934554995037615,6195073.07456429861486],[5564891.087622128427029,6195062.537046254612505],[5564911.158265376463532,6195052.368633060716093],[5564926.909057930111885,6195041.276176393963397],[5564939.33969100471586,6195035.465259563177824],[5564951.276251620613039,6195028.70370012242347],[5564958.408055106177926,6195020.056357773952186],[5564965.998208373785019,6195008.554714296013117],[5564974.06903388723731,6194996.084556663408875],[5564984.57087002042681,6194989.332945324480534],[5564996.048986830748618,6194985.425623323768377],[5565038.258996217511594,6194987.516600129194558],[5565051.702547831460834,6194989.819122177548707],[5565057.951061085797846,6194991.683679076842964],[5565063.273085968568921,6194997.847990429960191],[5565074.379600106738508,6195009.230406163260341],[5565079.682465995661914,6195013.963743180967867],[5565090.277440742589533,6195020.568285612389445],[5565098.929598621092737,6195022.893077150918543],[5565109.474658603779972,6195022.342451580800116],[5565120.461307665333152,6195016.541368362493813],[5565131.971991894766688,6195015.98397646471858],[5565161.19019708968699,6195011.963668788783252],[5565178.422020077705383,6195007.549990802071989],[5565193.704211465083063,6194997.891447830013931],[5565212.28386842738837,6194981.054331415332854],[5565278.128488558344543,6194934.299397554248571],[5565296.242189307697117,6194917.942400173284113],[5565308.55629619397223,6194896.855637824162841],[5565319.519217871129513,6194887.704152202233672],[5565327.188167887739837,6194886.219349008984864],[5565337.262362965382636,6194888.056926469318569],[5565356.462709079496562,6194890.307591142132878],[5565373.212667006067932,6194885.419888318516314],[5565403.793858977034688,6194869.929360764101148],[5565424.856846348382533,6194865.011322564445436],[5565441.683693014085293,6194871.094725700095296],[5565464.688788528554142,6194869.025173365138471],[5565476.648204215802252,6194865.602001418359578],[5565498.633995966054499,6194855.895888883620501],[5565533.129407810978591,6194850.406244625337422],[5565607.765479505993426,6194827.44993167091161],[5565635.033088251948357,6194818.183375678025186],[5565659.873626780696213,6194805.128646623343229],[5565676.097979416139424,6194793.554525322280824],[5565698.564085430465639,6194782.890482883900404],[5565707.611276151612401,6194774.717182468622923],[5565721.889087375253439,6194758.386351360939443],[5565756.220067515969276,6194730.942374819889665],[5565771.481933613307774,6194719.851899824105203],[5565788.228017621673644,6194714.486432516016066],[5565797.85331208538264,6194719.18888102658093],[5565817.040881903842092,6194720.961649363860488],[5565850.098560987971723,6194716.435029607266188],[5565867.851528047583997,6194718.217821083031595],[5565916.305760174058378,6194721.691811252385378],[5565931.671106987632811,6194723.968388033099473],[5565944.657480436377227,6194730.566159646958113],[5565951.898598592728376,6194736.239374496042728],[5565969.675241932272911,6194741.361045206896961],[5565978.301313760690391,6194741.300034997053444],[5565989.784633268602192,6194736.925496031530201],[5565999.798062284477055,6194730.176172035746276],[5566024.623356871306896,6194713.770228003151715],[5566039.440454189665616,6194707.452797628007829],[5566050.924641652032733,6194704.509278344921768],[5566062.902977546676993,6194702.516313614323735],[5566082.087196288630366,6194703.81152667850256],[5566094.116303615272045,6194708.984770840033889],[5566103.222985446453094,6194707.966170282103121],[5566108.950252276845276,6194705.05228117108345],[5566115.602622534148395,6194696.418512799777091],[5566119.359588456340134,6194685.408998062834144],[5566121.193675261922181,6194672.993103026412427],[5566124.981058720499277,6194666.276679246686399],[5566134.064021613448858,6194661.918974807485938],[5566146.050004380755126,6194662.311019495129585],[5566161.428852123208344,6194666.495259173214436],[5566172.936641951091588,6194666.890661302022636],[5566184.919249193742871,6194666.80564571171999],[5566198.790002073161304,6194661.936869846656919],[5566214.141785567626357,6194662.304939231835306],[5566263.542132361792028,6194664.339302861131728],[5566287.530099741183221,6194666.076999998651445],[5566304.285982414148748,6194662.141631447710097],[5566316.257434013299644,6194659.194318604655564],[5566346.393167312256992,6194649.91635674610734],[5566362.168763496913016,6194642.637518990784883],[5566372.648858500644565,6194633.022257268428802],[5566379.768871359527111,6194622.942767408676445],[5566388.800671894103289,6194611.418560375459492],[5566398.829671840183437,6194605.62275611422956],[5566410.7578643001616,6194597.90527974255383],[5566437.098313861526549,6194592.947352275252342],[5566453.385926601476967,6194590.435057195834816],[5566468.263894729316235,6194592.725314961746335],[5566481.24260195530951,6194596.926131896674633],[5566492.31633685156703,6194603.525685426779091],[5566505.274663888849318,6194604.864405494183302],[5566515.34100500587374,6194604.31559166777879],[5566531.137902566231787,6194601.340719138272107],[5566569.009867283515632,6194600.116438045166433],[5566585.314567470923066,6194600.000058885663748],[5566607.874667693860829,6194602.701193085871637],[5566623.729458349756896,6194607.835344789549708],[5566643.892890856601298,6194611.041639855131507],[5566660.655276820063591,6194608.048555185087025],[5566676.881565855816007,6194596.960770037956536],[5566696.946956979110837,6194587.742550945840776],[5566722.805634583346546,6194582.310222549363971],[5566737.646042998880148,6194579.341840079985559],[5566746.233383381739259,6194572.601901149377227],[5566759.584475005976856,6194562.000483699142933],[5566767.230098534375429,6194558.606511233374476],[5566776.339989311993122,6194558.064260751008987],[5566784.504784569144249,6194560.390979726798832],[5566797.001987451687455,6194564.117772140540183],[5566802.718787806108594,6194559.783512775786221],[5566808.93322454765439,6194556.87679110839963],[5566812.713235711678863,6194549.206057157367468],[5566811.189812553115189,6194536.814052588306367],[5566811.117979526519775,6194526.785732511430979],[5566817.308471349999309,6194520.539929067716002],[5566831.206038523465395,6194519.486290044151247],[5566835.997171619907022,6194519.451959406025708],[5566840.344294426962733,6194524.191161326132715],[5566860.080727918073535,6194534.555577078834176],[5566870.669633598998189,6194540.204091158695519],[5566882.201260644942522,6194543.937692240811884],[5566890.354742961004376,6194543.402187925763428],[5566897.983199536800385,6194537.623053063638508],[5566910.415404684841633,6194532.286487879231572],[5566928.516316663473845,6194515.926322615705431],[5566942.823510117828846,6194505.317774859257042],[5566962.450356070883572,6194500.406533782370389],[5566994.448615275323391,6194482.992381029762328],[5567031.164783285930753,6194454.095356192439795],[5567052.663008248433471,6194443.434950849041343],[5567086.634325475431979,6194433.16182235814631],[5567094.238551829941571,6194424.043445861898363],[5567115.677182548679411,6194403.842606095597148],[5567131.900257061235607,6194393.708100662566721],[5567147.224117364734411,6194390.247446766123176],[5567176.814662319608033,6194371.895911619998515],[5567198.369927643798292,6194367.924345945008099],[5567222.343610343523324,6194367.75158651266247],[5567245.826472160406411,6194367.105268397368491],[5567266.392050415277481,6194359.801428788341582],[5567300.269906600937247,6194336.64821170642972],[5567356.913129437714815,6194278.484661081805825],[5567386.39829418528825,6194244.379915473051369],[5567394.903199959546328,6194227.611100976355374],[5567394.796341386623681,6194212.823751932010055],[5567391.312281494028866,6194195.187495966441929],[5567397.949238653294742,6194184.633644594810903],[5567407.467962867580354,6194174.547089640051126],[5567435.213599008508027,6194165.748761641792953],[5567445.238037045113742,6194159.474799944087863],[5567468.546588531695306,6194133.535151223652065],[5567487.085954246111214,6194111.923281013965607],[5567521.873727948404849,6194082.550065874122083],[5567552.428105997852981,6194064.190313564613461],[5567604.406495762057602,6194025.162603261880577],[5567633.04785390663892,6194006.816445290111005],[5567654.066208767704666,6193996.158088213764131],[5567690.892773007042706,6193983.010859877802432],[5567737.241968682035804,6193961.67360051907599],[5567775.50963413529098,6193949.458543526008725],[5567787.905894958414137,6193939.350668150931597],[5567823.648413353599608,6193909.96934353094548],[5567838.482750036753714,6193905.091071262024343],[5567854.786269427277148,6193904.972453989088535],[5567872.004453122615814,6193899.122707672417164],[5567886.902477866970003,6193904.261670158244669],[5567892.251422706060112,6193915.205673077143729],[5567893.366360353305936,6193935.721238858997822],[5567885.906986944377422,6193965.839964374899864],[5567883.256826093420386,6193995.923675172030926],[5567889.080511600710452,6194006.387186855077744],[5567901.594819793477654,6194012.497555780224502],[5567914.507414404302835,6194007.633158536627889],[5567922.14523018989712,6194003.284199927933514],[5567939.231420557945967,6193979.296796300448477],[5567958.303184215910733,6193965.312666211277246],[5567977.425893211737275,6193957.063662476837635],[5568005.620713699609041,6193944.444037132896483],[5568026.160435580648482,6193933.7994120484218],[5568041.943998843431473,6193927.948722256347537],[5568059.668131183832884,6193925.911233584396541],[5568077.364398051984608,6193920.057617077603936],[5568095.991252400912344,6193909.415705147199333],[5568128.913868489675224,6193888.174503573216498],[5568150.349127048626542,6193867.982309425249696],[5568170.306848549284041,6193844.439415656030178],[5568201.313023551367223,6193822.746013753116131],[5568220.871433041058481,6193808.757767977192998],[5568234.753864240832627,6193805.79397012386471],[5568253.980754820629954,6193811.854745998047292],[5568280.841675558127463,6193813.089212049730122],[5568293.255970975384116,6193806.796814391389489],[5568300.348827173933387,6193793.376721241511405],[5568306.457394977100194,6193776.147531730122864],[5568309.202745366841555,6193757.999993963167071],[5568321.030366651713848,6193736.912595294415951],[5568353.465425778180361,6193713.288954000920057],[5568387.844417118467391,6193693.944277795031667],[5568421.741615667007864,6193674.125968588516116],[5568446.976362365297973,6193650.554821125231683],[5568496.156964552588761,6193622.037349787540734],[5568526.28722567204386,6193612.741152567788959],[5568545.967527776025236,6193615.458725698292255],[5568557.477778596803546,6193616.339273478835821],[5568586.186223497614264,6193607.530372668989003],[5568601.55884618498385,6193612.187665254808962],[5568616.497715167701244,6193621.629598894156516],[5568640.371133206412196,6193608.085728807374835],[5568646.075968034565449,6193602.319274619221687],[5568662.755179919302464,6193588.351268086582422],[5568674.124800166115165,6193570.140088324435055],[5568699.012694124132395,6193563.267124575562775],[5568716.72898530587554,6193560.274348394013941],[5568728.706705310381949,6193559.709030098281801],[5568741.642877864651382,6193558.182553920894861],[5568750.245435649529099,6193553.825784474611282],[5568755.921948332339525,6193544.232069295831025],[5568766.40188661403954,6193535.091057884506881],[5568780.753499105572701,6193529.737781105563045],[5568785.470158354379237,6193519.674088724888861],[5568780.426089358516037,6193485.3534469101578],[5568797.628870315849781,6193477.593917340040207],[5568832.625176385045052,6193477.335627985186875],[5568844.078775540925562,6193470.561435],[5568846.89694204274565,6193462.430973500944674],[5568840.114138796925545,6193452.940286659635603],[5568840.518237321637571,6193442.908402583561838],[5568846.228215785697103,6193425.415511175058782]]}},
{"type":"Feature","properties":{"osm_id":674650139,"waterway":"stream","name":null},"geometry":{"type":"LineString","coordinates":[[5558027.546520273201168,6195440.562686269171536],[5558038.406428329646587,6195452.076866070739925]]}},
{"type":"Feature","properties":{"osm_id":674650140,"waterway":"stream","name":null},"geometry":{"type":"LineString","coordinates":[[5558038.406428329646587,6195452.076866070739925],[5558598.463885076344013,6196054.609421715140343],[5558607.134756706655025,6196060.046308828517795],[5558615.671160628087819,6196061.645642498508096],[5558645.704879536293447,6196054.789685383439064],[5558653.301259437575936,6196054.631007465533912],[5558853.500961544923484,6196196.178703068755567],[5558860.387925688177347,6196201.648796305991709]]}},
{"type":"Feature","properties":{"osm_id":674650143,"waterway":"stream","name":null},"geometry":{"type":"LineString","coordinates":[[5558860.387925688177347,6196201.648796305991709],[5558875.955168340355158,6196213.997637457214296]]}},
{"type":"Feature","properties":{"osm_id":674650144,"waterway":"stream","name":null},"geometry":{"type":"LineString","coordinates":[[5558875.955168340355158,6196213.997637457214296],[5558891.459508403204381,6196220.744573591277003],[5558934.477085088379681,6196230.734613828361034],[5559184.350394414737821,6196212.046958546154201],[5559540.64556289371103,6196176.433150696568191],[5559786.07163352239877,6196132.963421143591404],[5559851.251420251093805,6196116.293439564295113],[5559893.370337433181703,6196119.44005908165127],[5559954.199745836667717,6196094.255166097544134],[5559980.086535929702222,6196112.049430850893259],[5560023.082833136431873,6196118.606669214554131],[5560045.370423036627471,6196111.629606110043824],[5560068.379379849880934,6196082.405083447694778],[5560125.865571751259267,6196070.919044216163456],[5560159.245147222653031,6196051.034879917278886],[5560255.42830927297473,6196046.986392492428422],[5560339.477970886044204,6196024.211629788391292],[5560359.256206044927239,6196027.511663035489619],[5560480.864779848605394,6196101.97257643379271],[5560492.895111463963985,6196101.894600843079388],[5560526.497815793380141,6196117.928928670473397],[5560594.399576877243817,6196122.613555440679193],[5560631.492434590123594,6196146.323847462423146],[5560665.226971932686865,6196181.16058034170419],[5560686.18348871730268,6196234.040930038318038],[5560706.032692115753889,6196246.747201156802475],[5560737.888462381437421,6196258.509992795065045],[5560786.051561214029789,6196265.8954176902771],[5560834.47865747846663,6196315.179636946879327],[5560848.468929780647159,6196351.852828441187739],[5560853.703358348459005,6196364.654066178016365],[5560958.96430669631809,6196433.235973523929715],[5560978.078140405938029,6196465.60445252340287],[5561010.810852370224893,6196479.080119607970119],[5561052.14000843372196,6196493.342564193531871],[5561092.574750762432814,6196501.631197146140039],[5561114.2982397088781,6196539.118691262789071],[5561123.800536236725748,6196547.609682681970298],[5561205.755985643714666,6196599.235029902309179],[5561220.502621987834573,6196620.51581219304353],[5561251.589148509316146,6196645.117301469668746],[5561301.615124491974711,6196673.865383642725646],[5561330.126575941219926,6196698.483529105782509],[5561358.230735119432211,6196736.682916445657611],[5561370.642970431596041,6196748.393884811550379],[5561380.048201439902186,6196753.246537047438323],[5561393.821804024279118,6196746.766000881791115],[5561412.49924642406404,6196734.850564358755946],[5561431.180438895709813,6196724.909737797454]]}},
{"type":"Feature","properties":{"osm_id":674650147,"waterway":"drain","name":null},"geometry":{"type":"LineString","coordinates":[[5558784.139633057639003,6200919.206602140329778],[5558625.890967973507941,6201040.831543238833547],[5558553.909188167192042,6201076.371548807248473],[5558340.48613113630563,6201171.823433701880276],[5558282.190588474273682,6201196.13798101618886],[5558104.594077282585204,6201249.438535432331264],[5558046.207159606739879,6201259.208558202721179],[5558015.296164709143341,6201265.390938541851938],[5557904.747082190588117,6201318.271311367861927],[5557778.64385612308979,6201359.265505719929934],[5557764.061793621629477,6201364.491910949349403],[5557749.511373774148524,6201374.843297124840319],[5557740.345602181740105,6201421.104359627701342],[5557736.961955039761961,6201430.543642214499414],[5557725.83739732299,6201438.311230529099703],[5557707.854200836271048,6201448.683743054978549],[5557677.891884106211364,6201468.548515648581088],[5557658.183794700540602,6201479.79686454217881],[5557647.085516427643597,6201491.846285557374358],[5557615.560202631168067,6201537.390847966074944],[5557606.193255096673965,6201551.137946270406246],[5557559.071092894300818,6201576.244329329580069],[5557522.170307468622923,6201585.878721041604877],[5557491.342089767567813,6201605.748203088529408],[5557467.323872909881175,6201613.594750224612653],[5557425.369113394059241,6201639.522879808209836],[5557387.686964348889887,6201662.861994747072458],[5557340.500667869113386,6201677.695071064867079],[5557271.100433514453471,6201714.052249604836106],[5557239.347341903485358,6201722.810868978500366],[5557183.65907886531204,6201753.092946045100689],[5557163.932830629870296,6201760.058251091279089],[5557152.751149268820882,6201760.126607508398592],[5557106.387358653359115,6201768.119869829155505],[5557048.768627128563821,6201764.189524502493441],[5557023.837612207978964,6201764.34160843025893],[5556980.092197180725634,6201779.151857021264732],[5556896.993751680478454,6201825.862241368740797],[5556866.193491339683533,6201849.157329102046788],[5556845.62256115488708,6201859.554974780417979],[5556826.788145560771227,6201872.504613543860614],[5556809.617445776239038,6201876.025744266808033],[5556794.991310054436326,6201872.697806682437658],[5556788.951640529558063,6201869.306606787256896],[5556770.106756556779146,6201880.547797813080251],[5556762.346104172989726,6201877.167029622942209],[5556737.434367299079895,6201879.026622109115124],[5556721.129947884008288,6201884.261821240186691],[5556704.855501408688724,6201892.924692960456014],[5556684.917892966419458,6201921.300656951963902]]}},
{"type":"Feature","properties":{"osm_id":674672138,"waterway":"stream","name":null},"geometry":{"type":"LineString","coordinates":[[5546043.140577785670757,6184476.773217912763357],[5545996.557753041386604,6184426.605880634859204],[5545988.790964987128973,6184416.393877701833844],[5545986.56333786342293,6184400.607695364393294],[5545990.774882377125323,6184384.778561348095536],[5545983.360983623191714,6184360.476009199395776],[5545976.749288289807737,6184323.777995673939586],[5545976.69227681774646,6184312.252086560241878],[5545981.79186749458313,6184303.252184189856052],[5545983.890607516281307,6184292.991367499344051],[5545974.369603099301457,6184277.241258968599141],[5545948.058186226524413,6184248.750021239742637],[5545939.021755103953183,6184243.66947053745389],[5545937.695689868181944,6184235.566644135862589],[5545934.469568830914795,6184214.737819480709732]]}},
{"type":"Feature","properties":{"osm_id":674708401,"waterway":"stream","name":null},"geometry":{"type":"LineString","coordinates":[[5542506.43324922118336,6200453.939032757654786],[5542507.478161894716322,6200467.201766426675022],[5542504.063334419392049,6200475.082387493923306],[5542497.698677658103406,6200487.879622432403266],[5542500.270009799860418,6200509.000504487194121],[5542532.621933118440211,6200569.289163858629763],[5542539.644505938515067,6200591.865173571743071],[5542540.693920764140785,6200606.104084058664739],[5542538.822889029048383,6200629.696772870607674],[5542544.343622163869441,6200649.816919872537255],[5542556.318594928830862,6200676.796563267707825],[5542552.894476140849292,6200684.666148317046463],[5542538.630399801768363,6200694.559666169807315],[5542537.654526398517191,6200698.502198084257543],[5542538.717642299830914,6200713.728340206667781],[5542547.65109199564904,6200725.479761886410415],[5542560.606271929107606,6200751.467640271410346],[5542565.135797792114317,6200770.11688934918493],[5542566.238967807032168,6200796.147633066400886],[5542570.775295089930296,6200816.283337968401611],[5542599.787713290192187,6200900.670328100211918],[5542615.292261812835932,6200944.817188273184001],[5542628.935306354425848,6201012.567767313681543],[5542640.472051147371531,6201054.281077985651791],[5542639.642106143757701,6201088.196801110170782],[5542633.778622807003558,6201101.979123117402196],[5542638.330866927281022,6201125.542518759146333],[5542647.757294955663383,6201136.315394153818488],[5542663.588950730860233,6201143.120940394699574],[5542674.009031739085913,6201155.852752344682813],[5542676.081715384498239,6201176.476655487902462],[5542692.558283309452236,6201217.679243911989033],[5542715.979913835413754,6201264.263555203564465],[5542746.348482804372907,6201320.63353227917105],[5542787.614581840112805,6201385.306724473834038],[5542818.548476396128535,6201456.42784396931529],[5542864.344092121347785,6201537.298218932002783],[5542919.106688139028847,6201638.771663994528353],[5542979.720472452230752,6201721.548033996485174],[5543033.297264280728996,6201776.834170251153409],[5543065.566397118382156,6201817.475303105078638],[5543083.618228322826326,6201874.37792357057333],[5543100.866531375795603,6201912.647632109932601],[5543169.002086354419589,6202021.190903596580029],[5543193.100174164399505,6202061.85822831094265],[5543220.449892798438668,6202097.119167066179216],[5543235.81910025794059,6202118.912816517986357],[5543242.265552555210888,6202125.760792647488415],[5543271.694575499743223,6202136.928628155961633],[5543279.872407028451562,6202144.012617083266377],[5543280.953282121568918,6202154.834578891284764],[5543273.864808789454401,6202170.353493547998369],[5543267.758753912523389,6202185.36866251192987],[5543271.512688954360783,6202203.033853877335787],[5543281.730580606497824,6202225.339364979416132],[5543294.230375453829765,6202259.437465262599289],[5543305.913232794962823,6202276.100821890868247],[5543316.131826887838542,6202288.588810429908335],[5543319.374107878655195,6202303.061510318890214],[5543317.456830551847816,6202316.337858042679727],[5543316.805846489034593,6202336.741266572847962],[5543318.602122418582439,6202350.987706540152431],[5543328.856828257441521,6202379.194576312787831],[5543339.90982816554606,6202412.822308886796236],[5543347.812872452661395,6202422.115059642121196],[5543349.374800739809871,6202431.459385596215725],[5543345.178708049468696,6202439.576869354583323],[5543340.291157961823046,6202449.428094315342605],[5543340.368579097092152,6202466.134090708568692],[5543345.522616845555604,6202513.777670880779624],[5543349.297745486721396,6202528.014930598437786],[5543361.458534982986748,6202542.457362961024046],[5543364.711652052588761,6202551.294650095514953],[5543366.052430610172451,6202566.530484555289149],[5543378.141082044690847,6202573.341111137531698],[5543388.576355847530067,6202586.81531060859561],[5543394.808965690433979,6202601.041150566190481],[5543396.890346613712609,6202623.14023204986006],[5543399.938314516097307,6202641.307836039923131],[5543398.281001199036837,6202657.045677303336561],[5543395.931092243641615,6202674.27321954537183],[5543387.321405896916986,6202689.28897652681917],[5543385.412110980600119,6202704.284738887101412],[5543385.486209832131863,6202720.258594424463809],[5543392.462145848199725,6202733.992885721847415],[5543400.417241112329066,6202744.516695329919457],[5543409.862115263938904,6202758.7276173485443],[5543418.075240472331643,6202765.345410410314798],[5543434.411324451677501,6202782.941019038669765],[5543443.87911413051188,6202802.06608553044498],[5543446.170403720811009,6202815.822095522657037],[5543443.996694452129304,6202827.380206407979131],[5543438.847960364073515,6202834.525949870236218],[5543423.08028004039079,6202840.256694223731756],[5543408.576970086432993,6202846.724787656217813],[5543402.148890721611679,6202851.901859369128942],[5543400.453910392709076,6202859.530747264623642],[5543403.009891361929476,6202870.833942386321723],[5543410.200999308377504,6202885.288278371095657],[5543421.416287505067885,6202908.088194534182549],[5543429.902792719192803,6202927.961072227917612],[5543431.437127222307026,6202939.257909641601145],[5543430.533665234223008,6202948.857714792713523],[5543433.307012828066945,6202961.369049530476332],[5543437.533390984870493,6202975.593080212362111],[5543435.882921867072582,6202992.806282916106284],[5543431.779447252862155,6203012.98166351672262],[5543434.854212867096066,6203028.952672514133155],[5543448.520464636385441,6203048.302284589968622],[5543452.256680398248136,6203063.992885457351804],[5543451.412252916954458,6203094.225748226046562],[5543455.430522507056594,6203109.205072828568518],[5543461.447416403330863,6203120.492171106860042],[5543473.808200036175549,6203132.215698080137372],[5543495.635290484875441,6203154.72214886918664],[5543509.011095714755356,6203163.013115003705025],[5543522.889942122623324,6203166.653675645589828],[5543534.002623438835144,6203175.188092892989516],[5543541.715447918511927,6203188.91884233802557],[5543540.301042667590082,6203203.424223466776311],[5543539.674781613051891,6203219.168372746556997],[5543531.113948828540742,6203244.744733383879066],[5543526.527526238001883,6203260.019207969307899],[5543528.769572982564569,6203271.05759006831795],[5543536.963446195237339,6203281.336122893728316],[5543565.25949037913233,6203305.309884930960834],[5543589.304327283985913,6203327.561742065474391],[5543602.704504113644361,6203341.010795533657074],[5543607.677947133779526,6203357.438809793442488],[5543607.714609351940453,6203365.303708557039499],[5543601.078089412301779,6203371.236217731609941],[5543587.073383474722505,6203378.190348885953426],[5543577.93658350314945,6203384.855547426268458],[5543572.809439362958074,6203396.682579632848501],[5543568.712884579785168,6203418.322278207167983],[5543566.81087364628911,6203426.950541194528341],[5543556.923848292790353,6203432.631918136030436],[5543545.584936269558966,6203436.866835464723408],[5543541.189489594660699,6203447.703149113804102],[5543545.70844629779458,6203463.401158072985709],[5543547.013939726166427,6203478.881166508421302],[5543551.266167470254004,6203490.66452004481107],[5543563.652948084287345,6203499.93621597904712],[5543580.965748857706785,6203497.659131121821702],[5543598.417755556292832,6203489.701654740609229],[5543616.456552239134908,6203485.202483336441219],[5543632.020110635086894,6203494.703328358009458],[5543640.225777281448245,6203507.444404000416398],[5543638.566455163061619,6203520.730686785653234],[5543631.826848599128425,6203557.868824097327888],[5543635.66601577680558,6203579.737770728766918],[5543650.838352236896753,6203603.994345127604902],[5543667.148872779682279,6203615.710285106673837],[5543674.643532483838499,6203633.857029623351991],[5543681.905800249427557,6203655.45483320672065],[5543686.443622041493654,6203667.236792462877929],[5543684.196397048421204,6203670.919129164889455],[5543682.777716685086489,6203676.594369801692665],[5543684.77968592196703,6203681.499302508309484],[5543680.584439682774246,6203689.86096381302923],[5543674.730149977840483,6203697.764454128220677],[5543670.493619962595403,6203697.285036642104387],[5543660.118682156316936,6203695.114821299910545],[5543654.940954462625086,6203698.089768661186099],[5543648.552753104828298,6203704.021146900951862],[5543639.175350261852145,6203704.552990861237049],[5543637.206668384373188,6203706.780809617601335],[5543634.287424801848829,6203716.378933927975595],[5543633.620933530852199,6203731.368930625729263],[5543635.376685983501375,6203736.774214736185968],[5543646.543052242137492,6203748.758231577463448],[5543651.292539319954813,6203762.502711924724281],[5543657.016650933772326,6203772.060512816533446],[5543655.825643100775778,6203781.162478655576706],[5543652.437995489686728,6203794.933829039335251],[5543647.783665410242975,6203803.563851275481284],[5543646.573135012760758,6203808.48377738147974],[5543647.337056703865528,6203814.38178567122668],[5543656.312682000920177,6203832.277582517825067],[5543672.271369621157646,6203859.248279915191233],[5543679.21069139894098,6203864.873409108258784],[5543687.842489718459547,6203870.224394438788295],[5543693.299830798059702,6203875.856432978995144],[5543694.338724359869957,6203885.43608905095607],[5543692.699982079677284,6203905.100856363773346],[5543686.363260663114488,6203924.055409027263522],[5543682.530215661041439,6203948.899839332327247],[5543683.11004401370883,6203958.736781841143966],[5543689.789261722005904,6203969.754402651451528],[5543691.843084442429245,6203977.865019151009619],[5543687.693797755986452,6203988.212142404168844],[5543679.357290777377784,6204000.786353453062475],[5543672.179472289979458,6204005.223849389702082],[5543660.61561640817672,6204006.764300902374089],[5543650.691388430073857,6204004.591968018561602],[5543645.057928636670113,6204004.629340053535998],[5543640.88219184614718,6204009.319044315256178],[5543628.623880591243505,6204037.630530164577067],[5543627.184266785159707,6204044.759061673656106],[5543626.548659927211702,6204068.357210559770465],[5543624.877671009860933,6204081.144339626654983],[5543625.97495502140373,6204103.259015589021146],[5543626.311675827018917,6204124.145894358865917],[5543624.93508845102042,6204146.771295503713191],[5543622.027166885323822,6204156.857454420998693],[5543614.725790415890515,6204180.242620186880231],[5543613.353930165991187,6204195.990227648988366],[5543617.329149225726724,6204209.48318440746516],[5543632.765867002308369,6204236.933381301350892],[5543646.977230134420097,6204266.119803394190967],[5543648.766303295269608,6204278.646743825636804],[5543647.097578107379377,6204291.921961800195277],[5543647.63937187474221,6204301.503935710527003],[5543651.688243026845157,6204322.872685831971467],[5543665.918114407919347,6204355.985974715091288],[5543669.422899597324431,6204367.273562195710838],[5543674.915057314559817,6204372.417349372990429],[5543676.135788059793413,6204377.558883675374091],[5543675.478511497378349,6204394.523410454392433],[5543671.797429719939828,6204398.72271531727165],[5543670.63054449763149,6204407.092411771416664],[5543671.873113758862019,6204414.940578192472458],[5543677.603338113985956,6204427.6931680906564],[5543699.478730937466025,6204457.831027654930949],[5543704.201075644232333,6204465.674033121205866],[5543704.020415313541889,6204470.356194810010493],[5543701.571682678535581,6204476.269196878187358],[5543702.594382762908936,6204490.252908824943006],[5543699.994668202474713,6204515.091563151217997],[5543695.948569927364588,6204539.704012473113835],[5543691.009557398967445,6204548.557234414853156],[5543679.972008579410613,6204556.496000092476606],[5543668.614366061985493,6204564.891065885312855],[5543659.537569403648376,6204568.871489578858018],[5543655.077533203177154,6204565.952605655416846],[5543648.151476468890905,6204563.27817784063518],[5543638.251853940077126,6204566.508082943037152],[5543634.815773546695709,6204569.962986306287348],[5543634.143660332076252,6204577.842269037850201],[5543636.113516472280025,6204583.723556526936591],[5543635.980920591391623,6204600.696720858104527],[5543639.225769300945103,6204607.559354640543461],[5543643.158770645968616,6204611.956095140427351],[5543648.630411878228188,6204612.673819727264345],[5543658.207777858711779,6204609.423221507109702],[5543665.651808239519596,6204608.667436745017767],[5543673.03348546475172,6204612.304831437766552],[5543689.343636191450059,6204613.704097035340965],[5543699.732332735322416,6204610.715904639102519],[5543705.862306337803602,6204600.614682643674314],[5543710.50075645186007,6204598.363292872905731],[5543716.186405837535858,6204599.568077825941145],[5543723.63371454179287,6204607.398344032466412],[5543737.009467459283769,6204617.164391491562128],[5543748.219676566310227,6204630.401611884124577],[5543751.708501266315579,6204644.140831789001822],[5543756.2536605540663,6204665.252068543806672],[5543760.751718149520457,6204678.254417114891112],[5543759.3224963163957,6204689.576131111942232],[5543757.394992189481854,6204698.681540781632066],[5543759.3868621699512,6204703.342451417818666],[5543775.758188078179955,6204709.91069898288697],[5543806.187867521308362,6204722.547649598680437],[5543821.063300170004368,6204736.000584550201893],[5543833.214913600124419,6204755.589682216756046],[5543838.724661510437727,6204770.317789809778333],[5543837.520997098647058,6204778.676583079621196],[5543802.544415641576052,6204848.89368921238929],[5543799.133603827096522,6204859.725487875752151],[5543799.708901669830084,6204876.42910323292017],[5543803.525944783352315,6204893.383783293887973],[5543810.27394431270659,6204909.093401750549674],[5543821.186438140459359,6204919.603010566905141],[5543836.497095067054033,6204927.629326494410634],[5543848.400533873587847,6204931.522736333310604],[5543858.280834069475532,6204939.818504958413541],[5543870.909226663410664,6204947.136277654208243],[5543886.305270861834288,6204957.646981988102198],[5543896.949791925027966,6204971.840691284276545],[5543910.646309290081263,6204996.847000923939049],[5543918.424529581330717,6205022.125111329369247],[5543920.940221318043768,6205032.441043951548636],[5543919.04504088126123,6205040.570133371278644],[5543911.909251619130373,6205054.115087248384953],[5543911.438609544187784,6205059.76371593028307],[5543914.477954085916281,6205067.880746591836214],[5543939.514318364672363,6205096.261592677794397],[5543949.732295352965593,6205115.637752553448081],[5543950.046645033173263,6205129.646942894905806],[5543945.234422512352467,6205149.836908183060586],[5543933.440261015668511,6205169.294213842600584],[5543928.33097804710269,6205187.011787376366556],[5543921.071037991903722,6205217.285815085284412],[5543919.660339190624654,6205232.534438544884324],[5543922.892965707927942,6205238.664882523939013],[5543933.894740274176002,6205258.281429182738066],[5543957.206648197025061,6205280.058797269128263],[5543976.028130258433521,6205300.359627554193139],[5543984.029901266098022,6205320.223165440373123],[5543985.350184409879148,6205338.653796015307307],[5543984.719967498444021,6205363.239201974123716],[5543982.387714844197035,6205384.16076775547117],[5543984.868982183746994,6205394.953847773373127],[5543990.615202331915498,6205408.937508279457688],[5543998.119907992891967,6205420.960504402406514],[5544007.791448699310422,6205429.756292162463069],[5544009.867702642455697,6205434.68298773933202],[5544009.826679775491357,6205457.291040411219001],[5544007.059761201031506,6205481.708998483605683],[5544003.161827060393989,6205492.720641816034913],[5543991.493035981431603,6205499.741986087523401],[5543979.476844685152173,6205515.129188856109977],[5543977.672942506149411,6205534.861298036761582],[5543981.558597741648555,6205564.339750230312347],[5543993.144448595121503,6205586.671304831281304],[5544008.276855073869228,6205654.445930901914835],[5544012.827743772417307,6205668.723616101779044],[5544029.139206486754119,6205699.36386916320771],[5544037.624221605248749,6205708.342697604559362],[5544045.219635164365172,6205727.842015512287617],[5544040.085393320769072,6205736.36352545581758],[5544037.181222471408546,6205745.307176251895726],[5544041.795959572307765,6205755.524451592937112],[5544045.842800661921501,6205776.149775891564786],[5544061.019905032590032,6205775.024513164535165],[5544092.849728340283036,6205769.39464499335736],[5544101.970869746059179,6205768.752653826959431],[5544108.619833434000611,6205776.885894476436079],[5544124.44457324128598,6205803.778790327720344],[5544139.253722320310771,6205826.150440067052841],[5544160.24808550439775,6205834.426773717626929],[5544163.292601122520864,6205849.399267218075693],[5544159.540482911281288,6205862.040976191870868],[5544141.759189194068313,6205877.167143359780312],[5544132.943481361493468,6205885.983387093991041],[5544127.981107303872705,6205901.670310830697417],[5544128.019355764612556,6205917.599900175817311],[5544136.716156097128987,6205928.474571467377245],[5544166.158339782617986,6205957.244496332481503],[5544185.779138368554413,6205967.047017071396112],[5544202.858471693471074,6205976.783843555487692],[5544246.051398441195488,6206012.233232511207461],[5544286.702074534259737,6206043.501237351447344],[5544295.178359243087471,6206071.926177714020014],[5544293.900336074642837,6206103.447874937206507],[5544293.993373433127999,6206123.115596688352525],[5544310.866368264891207,6206139.753147579729557],[5544326.234166647307575,6206163.2311767116189],[5544328.882873627357185,6206189.820019850507379],[5544338.270017601549625,6206200.547027656808496],[5544356.058519936166704,6206202.426269429735839],[5544382.229723583906889,6206191.530808558687568],[5544403.93540904391557,6206184.550147751346231],[5544415.780438642948866,6206183.506679262034595],[5544431.120460983365774,6206199.119624705985188],[5544434.768655007705092,6206228.654477630741894],[5544433.571390491910279,6206300.388491936028004],[5544424.477843210101128,6206349.651955686509609],[5544427.062536967918277,6206385.969766511581838],[5544440.032933590933681,6206412.465228236280382],[5544461.372143354266882,6206423.224132633768022],[5544475.197128835134208,6206422.182286197319627],[5544484.058821910992265,6206415.251347441226244],[5544496.954625307582319,6206426.005903539247811],[5544525.879617910832167,6206484.87289527989924],[5544543.776287083514035,6206509.370210957713425],[5544551.319990138523281,6206548.61517615430057],[5544545.112324397079647,6206583.122218497097492],[5544514.641852146014571,6206613.751078300178051],[5544497.921820874325931,6206629.560622940771282],[5544493.047392105683684,6206644.337670025415719],[5544502.477183168753982,6206663.905552460812032],[5544482.453186806291342,6206701.417869773693383],[5544469.82317866012454,6206746.715702685527503],[5544445.765639806166291,6206788.085311776958406],[5544430.634458733722568,6206814.758467679843307],[5544437.122662843205035,6206839.254628754220903],[5544456.924791551195085,6206848.012984434142709],[5544476.257333728484809,6206852.890927917324007],[5544489.628158853389323,6206870.476617546752095],[5544508.571355546824634,6206905.795934217981994],[5544523.986528190784156,6206917.57014565449208],[5544602.164291575551033,6206944.731371134519577],[5544622.460100527852774,6206964.258474801667035],[5544633.470808527432382,6206994.689975720830262],[5544627.639195153489709,6207015.362106421031058],[5544649.055021580308676,6207041.861405194737017],[5544670.950098984874785,6207074.215550633147359],[5544700.675668383017182,6207093.74188341666013],[5544721.430966119281948,6207095.60629631113261],[5544746.601646402850747,6207100.355975337326527],[5544783.186356088146567,6207108.046171838417649],[5544800.567902762442827,6207116.870849383994937],[5544806.582591980695724,6207134.535647973418236],[5544796.805725127458572,6207156.225138626992702],[5544791.481792934238911,6207188.653676170855761],[5544782.680674909614027,6207208.36390332877636],[5544783.858738612383604,6207248.681850447319448],[5544778.055319382809103,6207273.292000751942396],[5544761.2875618012622,6207279.273692549206316],[5544748.451340949162841,6207281.298507744446397],[5544740.179505672305822,6207298.110851011238992],[5544740.804230774752796,6207334.437907390296459],[5544738.565842408686876,6207372.85305364895612],[5544755.996420060284436,6207413.04898573923856],[5544774.946351516060531,6207449.343931083567441],[5544777.090880564413965,6207485.719180585816503],[5544760.059504413045943,6207529.119281153194606],[5544727.09627452865243,6207568.568614659830928],[5544681.383621816523373,6207605.227705835364759],[5544668.162828670814633,6207640.644575719721615],[5544668.341015898622572,6207678.016498357988894],[5544660.134297325275838,6207708.595022820867598],[5544620.291530613787472,6207753.978292679414153],[5544612.540253173559904,6207785.486422652378678],[5544621.600046634674072,6207821.828750100918114],[5544658.810572616755962,6207844.325815536081791],[5544670.221987213008106,6207865.858649253845215],[5544669.944283863529563,6207900.326332783326507],[5544661.264147775247693,6207945.616593345999718],[5544635.233534663915634,6207986.99598685093224],[5544610.201031005010009,6208011.753043967299163],[5544599.967940793372691,6208050.106330277398229],[5544599.146601090207696,6208086.5067900987342],[5544621.100028135813773,6208130.652751893736422],[5544665.270200612023473,6208163.932453230023384],[5544698.03475518617779,6208196.234703308902681],[5544702.485385933890939,6208223.779891398735344],[5544696.481675561517477,6208285.741452873684466],[5544702.520422997884452,6208308.342621931806207],[5544689.767210848629475,6208328.071563221514225],[5544685.390060966834426,6208352.630428354255855],[5544680.124759018421173,6208378.280651109293103],[5544667.888071490451694,6208411.72928861156106],[5544665.091405012644827,6208447.151865786872804],[5544669.731194599531591,6208477.669114566408098],[5544678.730695671401918,6208499.257798850536346],[5544673.850865632295609,6208513.058719856664538],[5544646.692679246887565,6208524.93576284404844],[5544613.236754007637501,6208554.602793857455254],[5544582.299613519571722,6208583.325896780006588],[5544574.552292420528829,6208617.784694927744567],[5544579.0852524144575,6208645.251878569833934],[5544597.929440318606794,6208660.903354585170746],[5544599.608276946470141,6208692.422004186548293],[5544578.408785065636039,6208712.146590564399958],[5544561.633617824874818,6208717.140619707293808],[5544527.632098353467882,6208725.222714900970459],[5544463.98041820526123,6208752.026370919309556],[5544440.283958880230784,6208756.076821342110634],[5544423.485349357128143,6208756.156462854705751],[5544412.725013802759349,6208778.826317489147186],[5544404.916255667805672,6208798.542499498464167],[5544392.091853664256632,6208803.517501289024949],[5544375.780916197225451,6208791.84714128356427],[5544359.447310982272029,6208796.783247902058065],[5544318.598536031320691,6208819.650819800794125],[5544177.175065033137798,6208908.797130292281508],[5544112.683818362653255,6208947.505218006670475],[5544084.575332061387599,6208969.235743603669107],[5544058.423775588162243,6208966.45231965277344],[5543996.279835496097803,6208989.374165688641369],[5543981.544040815904737,6209007.147914764471352],[5543972.098944605328143,6209006.160572848282754],[5543943.377395871095359,6208991.530359551310539],[5543906.781515813432634,6208984.824144606478512],[5543890.037775825709105,6208996.70562475733459],[5543864.406337294727564,6209008.628672901540995],[5543840.681386924348772,6209006.776197468861938],[5543815.473896766081452,6208995.135387200862169],[5543784.832289039157331,6208993.315102552063763],[5543772.062463475391269,6209008.12856809142977],[5543777.518979355692863,6209024.776008725166321],[5543778.186615906655788,6209051.374136508442461],[5543764.891443560831249,6209072.047198142856359],[5543749.105296407826245,6209076.047850877046585],[5543729.893296464346349,6209078.15644851513207],[5543725.025522387586534,6209092.932974579744041],[5543720.185259381309152,6209115.585466399788857],[5543695.616697597317398,6209144.220377467572689],[5543655.671413311734796,6209171.895192545838654],[5543632.622586864046752,6209196.65136388130486],[5543601.564829335547984,6209222.321088054217398],[5543578.971205377951264,6209251.933777653612196],[5543567.848702062852681,6209292.364326601848006],[5543558.043750409036875,6209309.127178779803216],[5543515.172776544466615,6209345.678343547508121],[5543473.324912895448506,6209366.572216238826513],[5543454.631648758426309,6209385.350741129368544],[5543435.335487693548203,6209389.322752309963107],[5543406.654680445790291,6209383.554083857685328],[5543386.934767032973468,6209393.484943626448512],[5543359.905995475128293,6209414.320793430320919],[5543333.801712357439101,6209443.893638315610588],[5543318.617538331076503,6209460.7365582594648],[5543320.661315971054137,6209476.468196676112711],[5543330.145982105284929,6209507.851060825400054],[5543342.099947044625878,6209529.438400943763554],[5543329.460555303841829,6209572.782030824571848],[5543333.557354297488928,6209604.234162430278957],[5543336.618645438924432,6209624.875325662083924],[5543349.066390197724104,6209635.688992774114013],[5543354.076205929741263,6209649.443430575542152],[5543329.505024544894695,6209680.051902793347836],[5543315.163316243328154,6209687.938797789625823],[5543300.89154508151114,6209689.036383770406246],[5543295.02800830360502,6209703.81725784484297],[5543299.070370743982494,6209721.503140197135508],[5543319.881181028671563,6209734.197319050319493],[5543334.225777640007436,6209748.840445654466748],[5543329.388715444132686,6209772.468870914541185],[5543320.231164888478816,6209809.939230357296765],[5543306.541980294510722,6209841.484622843563557],[5543308.119384814053774,6209873.891302122734487],[5543315.633186051622033,6209895.299504295922816]]}},
{"type":"Feature","properties":{"osm_id":674708402,"waterway":"stream","name":null},"geometry":{"type":"LineString","coordinates":[[5542493.010786131955683,6200434.342893053777516],[5542506.43324922118336,6200453.939032757654786]]}},
{"type":"Feature","properties":{"osm_id":674815940,"waterway":"stream","name":"Arroyo Suero"},"geometry":{"type":"LineString","coordinates":[[5540834.620974472723901,6192184.060382305644453],[5540905.371503468602896,6192306.886016580276191],[5540912.323930728249252,6192342.942080250009894],[5540913.751833754591644,6192410.616171661764383],[5540932.109534074552357,6192462.419033893384039],[5540975.594921559095383,6192560.3483871454373],[5541034.067320745438337,6192714.621099445968866],[5541048.16180523391813,6192827.344807028770447],[5541063.750257200561464,6193022.418667697347701],[5541066.657949166372418,6193169.037270467728376],[5541090.50530908536166,6193437.40138747356832],[5541103.206965646706522,6193490.360317481681705],[5541122.619093358516693,6193524.109306994825602],[5541276.380111635662615,6193699.403025574982166],[5541309.382688380777836,6193730.85061259008944],[5541395.737871306017041,6193783.482559743337333],[5541470.750688613392413,6193832.780708088539541],[5541556.087375243194401,6193910.242540737614036],[5541673.243772010318935,6194006.730697597377002],[5541700.589511696249247,6194039.322620991617441],[5541801.872835518792272,6194134.759726470336318],[5541908.755746276117861,6194213.242197723127902],[5541996.33022736851126,6194281.671141992323101],[5542139.535799316130579,6194373.53230151720345],[5542179.282055910676718,6194390.269932108931243],[5542198.633620130829513,6194409.362728743813932],[5542201.00290556345135,6194433.036225534044206],[5542198.837795460596681,6194454.489389383234084],[5542214.807513019070029,6194478.101337065920234],[5542248.921504270285368,6194503.894121151417494],[5542701.049618547782302,6194735.37160115968436],[5542726.062500561587512,6194753.305882879532874],[5542805.706714449450374,6194820.632133496925235],[5542869.468059735372663,6194883.515741688199341],[5542955.920752704143524,6194953.061378949321806],[5543026.516453834250569,6195023.810895635746419],[5543108.312763813883066,6195066.308929211460054],[5543125.384473185054958,6195080.895387263037264],[5543132.352659190073609,6195118.09233620762825],[5543159.706794424913824,6195150.691101837903261],[5543177.946447264403105,6195173.170501709915698],[5543214.316256482154131,6195194.43438367638737],[5543248.378152121789753,6195207.821478030644357],[5543288.297534653916955,6195260.662380330264568],[5543355.553040932863951,6195343.83836198784411],[5543379.421905900351703,6195358.39277284219861],[5543401.028486721217632,6195372.957647654227912],[5543418.228562271222472,6195416.884798303246498],[5543531.152481403201818,6195569.801336557604373],[5543591.478846040554345,6195623.677246689796448],[5543707.662967771291733,6195744.982690996490419],[5543831.677356868050992,6195844.828743224963546],[5543938.469546994194388,6195896.221026127226651],[5544061.255925919860601,6195974.626472655683756],[5544128.214032869786024,6195992.369995289482176],[5544252.068794259801507,6196054.959931533783674],[5544280.491253262385726,6196072.885030739940703],[5544344.202950179576874,6196123.356620278209448],[5544372.588188359513879,6196133.372083108872175],[5544404.349694420583546,6196137.735989453271031],[5544451.971270881593227,6196140.892736143432558],[5544486.033043376170099,6196153.143852854147553],[5544496.247509552165866,6196154.2266740584746],[5544523.40642838831991,6196146.198694202117622],[5544532.501964534632862,6196151.801796052604914],[5544549.599444448016584,6196170.900546051561832],[5544655.199581068940461,6196209.88807203900069],[5544688.108977878466249,6196217.62898909766227],[5544825.1617819564417,6196194.396784876473248],[5544841.065257067792118,6196202.218831798061728],[5544859.289365816861391,6196220.191184516996145],[5544961.459484022110701,6196251.293307622894645],[5545019.363520300015807,6196271.326046112924814],[5545136.37282629404217,6196323.786988279782236],[5545213.550351722165942,6196342.604872968047857],[5545277.093829358927906,6196356.962198289111257],[5545336.117793230339885,6196372.472569121979177],[5545404.168676406145096,6196381.171724538318813],[5545439.122067604213953,6196389.077559326775372]]}},
{"type":"Feature","properties":{"osm_id":674815941,"waterway":"stream","name":"Arroyo Suero"},"geometry":{"type":"LineString","coordinates":[[5545439.122067604213953,6196389.077559326775372],[5545451.580471476539969,6196391.901161732152104]]}},
{"type":"Feature","properties":{"osm_id":674815942,"waterway":"stream","name":"Arroyo Suero"},"geometry":{"type":"LineString","coordinates":[[5545451.580471476539969,6196391.901161732152104],[5545492.005471549928188,6196408.998712528496981],[5545511.348610629327595,6196414.672941868193448],[5545523.150197476148605,6196414.82615854497999],[5545536.443580183200538,6196411.566427775658667],[5545548.212843507528305,6196405.097048854455352],[5545566.833968983963132,6196394.755909548141062],[5545579.465881310403347,6196389.779879059642553],[5545588.470160724595189,6196387.816752878949046],[5545605.434896441176534,6196390.50720405485481],[5545624.797917940653861,6196400.241263289935887],[5545637.040318719111383,6196404.019702175632119],[5545653.574737180024385,6196405.225663365796208],[5545681.058708271943033,6196409.151342726312578],[5545695.644024775363505,6196408.647301970981061],[5545705.721270860172808,6196406.035395507700741],[5545716.430825195275247,6196401.068592907860875],[5545723.043041323311627,6196393.348517174832523],[5545729.873042091727257,6196386.90310344658792],[5545735.4455506792292,6196384.745876056142151],[5545751.110100856982172,6196384.879872901365161],[5545766.14550702739507,6196388.012130526825786],[5545774.748854118399322,6196392.451647483743727],[5545788.981313625350595,6196406.270693606697023],[5545799.552880950272083,6196418.177442871965468],[5545805.573637114837766,6196421.143097370862961],[5545814.816452731378376,6196422.806104322895408],[5545823.603079330176115,6196421.476139997132123],[5545835.38790635112673,6196418.212295357137918],[5545854.484094033949077,6196416.631984580308199],[5545873.151330001652241,6196417.605211611837149],[5545913.093246881850064,6196422.323156006634235],[5545943.348494106903672,6196423.028455813415349],[5545963.108451978303492,6196425.493725439533591],[5545973.830774889327586,6196425.008273770101368],[5545983.490433256141841,6196425.393326345831156],[5545994.872389739379287,6196428.110576833598316],[5546021.965112117119133,6196438.449136568233371],[5546037.221714415587485,6196443.49901785235852],[5546046.884515156038105,6196444.516310282982886],[5546056.325261493213475,6196443.404766350984573],[5546071.313395234756172,6196436.918838353827596],[5546081.599983112886548,6196433.872851186431944],[5546086.953779826872051,6196432.138040277175605],[5546092.316011399030685,6196432.111559816636145],[5546100.485945798456669,6196434.42299735173583],[5546114.8925203057006,6196440.553005466237664],[5546136.18874501530081,6196450.487234304659069],[5546143.070226059295237,6196454.502285972237587],[5546151.262409070506692,6196461.306374679319561],[5546157.075930697843432,6196465.115923469886184],[5546183.722132638096809,6196474.380171210505068],[5546217.691165778785944,6196485.749100023880601],[5546226.80982955172658,6196486.458287922665477],[5546234.415475316345692,6196484.390532002784312],[5546239.982050000689924,6196481.046044033952057],[5546249.797753228805959,6196470.214674427174032],[5546254.079331387765706,6196467.420119432732463],[5546259.649392283521593,6196466.638165501877666],[5546264.916298979893327,6196467.78795356489718],[5546270.940924067050219,6196471.496545596979558],[5546277.953533886000514,6196479.681947660632432],[5546283.241134237498045,6196485.002721823751926],[5546288.616601396352053,6196487.638466998003423],[5546298.932343673892319,6196490.471570385619998],[5546316.015844823792577,6196494.768682098947465],[5546324.727839064784348,6196498.785610583610833],[5546338.825411742553115,6196507.468280243687332],[5546349.151823943480849,6196512.442291994579136],[5546375.788272301666439,6196519.675961374305189],[5546395.663578851148486,6196524.924177493900061],[5546400.281895897351205,6196525.111992516554892],[5546405.85588326305151,6196523.264970653690398],[5546410.564232455566525,6196521.211476256139576],[5546414.748709458857775,6196521.090827586129308],[5546422.69325936306268,6196522.437984621152282],[5546430.112840718589723,6196525.496122417040169],[5546438.930891336873174,6196530.47753922175616],[5546462.533754537813365,6196550.971516600809991],[5546474.373329446651042,6196558.7111961459741],[5546484.371541053988039,6196562.399865482933819],[5546499.088723878376186,6196566.164855775423348],[5546514.229203994385898,6196568.119497275911272],[5546534.624838672578335,6196570.691329157911241],[5546566.507426558062434,6196572.983946142718196],[5546586.137684006243944,6196573.318627255037427],[5546596.448797742836177,6196575.186305806040764],[5546603.973535962402821,6196577.178819879889488],[5546610.317632989026606,6196580.353119352832437],[5546617.108436712995172,6196586.409455165266991],[5546626.166014086455107,6196595.116867284290493],[5546632.187652952969074,6196598.181829436682165],[5546643.915056615136564,6196603.680999679490924],[5546651.753053637221456,6196605.77175035327673],[5546657.437312471680343,6196605.743337203748524],[5546666.01582822855562,6196603.248819286003709],[5546674.03498118929565,6196599.259487873874605],[5546691.163478390313685,6196590.410068753175437],[5546718.679726147092879,6196578.524515334516764],[5546733.74531570263207,6196567.344644256867468],[5546744.979999561794102,6196560.776584538631141],[5546750.124870214611292,6196559.574920234270394],[5546755.924254070967436,6196560.499898605048656],[5546761.299401809461415,6196563.0355354398489],[5546764.535802414640784,6196566.447167218662798],[5546767.250961715355515,6196572.301947951316833],[5546770.073748319409788,6196579.443017832934856],[5546773.868282921612263,6196585.935802484862506],[5546777.735564649105072,6196588.5899199815467],[5546786.663760929368436,6196591.640215737745166],[5546796.120577116496861,6196595.553134435787797],[5546808.062242045998573,6196601.572413419373333],[5546817.097034489735961,6196605.698201317340136],[5546823.959674163721502,6196605.874549720436335],[5546835.972667872905731,6196604.105899362824857],[5546855.146663409657776,6196597.819571377709508],[5546863.402020771987736,6196596.923936784267426],[5546869.633236484602094,6196597.746836567297578],[5546873.829499963670969,6196599.966621755622327],[5546875.453604725189507,6196602.842738138511777],[5546875.684431241825223,6196606.679880461655557],[5546875.71128452103585,6196612.026743731461465],[5546876.707644136622548,6196618.111992734484375],[5546882.010039340704679,6196628.124848885461688],[5546890.108039180748165,6196638.012724495492876],[5546896.575527002103627,6196643.748776884749532],[5546905.082275317050517,6196648.942096001468599],[5546916.577839891426265,6196652.190140361897647],[5546937.936324439942837,6196654.112840729765594],[5546960.801094613969326,6196655.595272967591882],[5546981.836052410304546,6196657.197793507948518],[5546990.753063513897359,6196659.826404513791203],[5546999.249658031389117,6196662.989605253562331],[5547004.847860656678677,6196665.956621247343719],[5547009.366581507958472,6196670.09387341607362],[5547012.185314974747598,6196674.561393426731229],[5547015.329184557311237,6196681.490000465884805],[5547016.437637327238917,6196687.896378251723945],[5547016.347176771610975,6196693.676473653875291],[5547017.379755660891533,6196708.75823955796659],[5547019.34200070053339,6196714.838608626276255],[5547023.216392152011395,6196718.879259803332388],[5547029.895043602213264,6196722.683913178741932],[5547037.084064300172031,6196723.723743729293346],[5547047.383084616623819,6196723.139356521889567],[5547056.391147295944393,6196721.918051471933722],[5547061.658302580006421,6196723.067392089404166],[5547068.324530685320497,6196726.228666069917381],[5547086.297095987014472,6196737.031697324477136],[5547097.802070646546781,6196742.109877581708133],[5547104.892568139359355,6196743.671541250310838],[5547111.542700841091573,6196743.637978482991457],[5547117.113493731245399,6196741.158226982690394],[5547129.524345768615603,6196734.361900743097067],[5547137.984856269322336,6196732.178159358911216],[5547143.568578010424972,6196732.260892712511122],[5547148.728064736351371,6196733.94320953823626],[5547152.604713907465339,6196736.597126479260623],[5547155.6215760698542,6196740.209414512850344],[5547159.648006527684629,6196750.661204090341926],[5547163.999009816907346,6196761.632739811204374],[5547173.006161831319332,6196778.426943997852504],[5547178.863654724322259,6196785.352876184508204],[5547183.126930707134306,6196788.060293337330222],[5547189.507212014868855,6196789.226122474297881],[5547196.496190753765404,6196790.710576979443431],[5547202.276306333951652,6196793.243915355764329],[5547208.514814496971667,6196797.29472220223397],[5547214.31788688711822,6196804.365121472626925],[5547225.628155246376991,6196820.016103337518871],[5547231.570789575576782,6196825.577088984660804],[5547243.899868860840797,6196833.513008469715714],[5547258.212731816805899,6196842.659138203598559],[5547265.680721707642078,6196849.721076788380742],[5547275.750969679094851,6196860.242052090354264],[5547290.549793109297752,6196876.33011551015079],[5547298.633320726454258,6196883.233602676540613],[5547317.838877169415355,6196901.262818082235754],[5547327.893153436481953,6196908.611117960885167],[5547334.12718088272959,6196911.752209397032857],[5547339.753375699743629,6196912.93285446241498],[5547346.270243067294359,6196911.990146638825536],[5547356.121474852785468,6196910.131956670433283],[5547370.517335773445666,6196906.586690258234739],[5547376.744472442194819,6196906.555086994543672],[5547383.124917024746537,6196907.731877804733813],[5547388.909774826839566,6196911.174733735620975],[5547408.402202320285141,6196925.87430083937943],[5547417.992105098441243,6196932.326301081106067],[5547428.66665012575686,6196942.245003025047481],[5547436.750337838195264,6196949.148371639661491],[5547444.502129510045052,6196952.281677141785622],[5547454.840138498693705,6196955.701349855400622],[5547475.670290189795196,6196963.90436093788594],[5547496.355624029412866,6196974.371108893305063],[5547524.192654278129339,6196987.519278427585959],[5547535.606265377253294,6196994.41670264210552],[5547554.498897427693009,6197008.664195743389428],[5547571.269165682606399,6197023.388388426974416],[5547583.311427942477167,6197034.498029675334692],[5547587.725897532887757,6197037.947749404236674],[5547593.202788519673049,6197040.493488071486354],[5547599.901547063142061,6197044.541690677404404],[5547610.580205140635371,6197055.203422491438687],[5547615.603365866467357,6197058.960638963617384],[5547620.473925485275686,6197061.653668317012489],[5547628.989332165569067,6197064.782927158288658],[5547636.730473996140063,6197065.797296900302172],[5547644.015522591769695,6197065.760118468664587],[5547661.908402089960873,6197062.496077790856361],[5547674.951542104594409,6197060.621255855076015],[5547681.013951136730611,6197060.734506294131279],[5547686.483911620453,6197061.915742279961705],[5547690.745876311324537,6197064.312323343940079],[5547695.316771314479411,6197067.761193764396012],[5547698.376922031864524,6197072.582265289500356],[5547706.63128315936774,6197084.021718096919358],[5547712.129042282700539,6197090.638546087779105],[5547718.837132189422846,6197096.494835263118148],[5547734.821157040074468,6197106.685571599751711],[5547747.449196103960276,6197113.565437100827694],[5547757.791414596140385,6197117.750198839232326],[5547779.686144509352744,6197127.145176875405014],[5547801.295148549601436,6197138.216665457934141],[5547808.741347616538405,6197140.89640889223665],[5547821.350963290780783,6197144.159832687117159],[5547834.72945321444422,6197148.473169654607773],[5547847.649571821093559,6197153.088357882574201],[5547859.655863648280501,6197155.289859441109002],[5547875.447363220155239,6197158.381590404547751],[5547884.106915065087378,6197159.091525630094111],[5547900.664969961158931,6197162.778324048966169],[5547910.239975707605481,6197166.212506208568811],[5547918.606152398511767,6197170.6956602120772],[5547930.099595153704286,6197176.915503328666091],[5547931.338560573756695,6197181.734757061116397],[5547931.831060130149126,6197188.077634658664465],[5547930.790413862094283,6197193.219206846319139],[5547929.911607216112316,6197199.424911215901375],[5547930.402511759661138,6197205.457182626239955],[5547929.265090625733137,6197220.416881185024977],[5547928.109099323861301,6197231.760236990638077],[5547926.616923537105322,6197236.74881923943758],[5547923.161823747679591,6197244.620659740641713],[5547918.375494891777635,6197256.58169063180685],[5547917.791625684127212,6197261.110780900344253],[5547917.964423748664558,6197266.101908693090081],[5547921.477017330005765,6197271.220107150264084],[5547928.344020913355052,6197277.519167336635292],[5547933.53388592787087,6197283.238885435275733],[5547934.484864422120154,6197291.088105787523091],[5547933.167823491618037,6197301.52263190690428],[5547934.27050787769258,6197308.461417202837765],[5547937.490453543141484,6197315.699945122003555],[5547940.703253915533423,6197319.754712712019682],[5547945.115655170753598,6197322.749448914080858],[5547953.777050111442804,6197325.578145273961127],[5547959.157804762013257,6197325.472851863130927],[5547978.295563762076199,6197328.092394636943936],[5547995.167603402398527,6197333.740942199714482],[5548007.328357805497944,6197337.305947574786842],[5548015.849626382812858,6197341.499791473150253],[5548032.11152602545917,6197346.552369115874171],[5548053.551718488335609,6197355.050490585155785],[5548064.816598521545529,6197361.482121686451137],[5548082.769215718843043,6197371.517922774888575],[5548096.952844392508268,6197383.825061066076159],[5548107.161667405627668,6197392.380915522575378],[5548121.024887535721064,6197403.192064261995256],[5548129.402301081456244,6197409.793808178044856],[5548143.775343880988657,6197414.212515583261847],[5548147.729341846890748,6197415.700823182240129],[5548152.90929127112031,6197419.456946582533419],[5548162.343786261044443,6197425.897902101278305],[5548170.557759035378695,6197429.338842885568738],[5548177.404783505946398,6197431.710773735307157],[5548180.905902769416571,6197434.565888720564544],[5548185.943525874055922,6197441.040603800676763],[5548192.373517695814371,6197451.723609052598476],[5548198.163710728287697,6197456.075599645264447],[5548204.701958640478551,6197459.214547271840274],[5548210.477326060645282,6197460.693424480967224],[5548218.523887285031378,6197460.208135679364204],[5548234.295741213485599,6197459.372317442670465],[5548244.005600505508482,6197458.556705654598773],[5548247.652981418184936,6197459.447513866238296],[5548252.973925657570362,6197461.99367668479681],[5548261.507864139042795,6197468.594494892284274],[5548273.990410353057086,6197475.629717949777842],[5548292.865642379969358,6197486.104084907099605],[5548300.919379558414221,6197488.780298659577966],[5548307.439720678143203,6197488.447043012827635],[5548320.930118108168244,6197485.80357064679265],[5548348.365426579490304,6197479.471436496824026],[5548356.257114556618035,6197479.275258817709982],[5548365.06734723597765,6197480.594108015298843],[5548370.690284816548228,6197482.828025579452515],[5548374.202233766205609,6197485.98253405187279],[5548376.801383135840297,6197490.506255625747144],[5548377.431950428523123,6197495.029083712026477],[5548380.643509773537517,6197498.795281718485057],[5548388.88493893109262,6197507.505241424776614],[5548395.431166389025748,6197512.163807374425232],[5548403.059234996326268,6197519.667756675742567],[5548408.553890652954578,6197525.54094264190644],[5548415.100083075463772,6197530.188401850871742],[5548424.937849382869899,6197539.832988836802542],[5548430.571079714223742,6197544.04143766593188],[5548447.85002373624593,6197557.064157519489527],[5548463.24182266741991,6197569.819307344965637],[5548473.151354446075857,6197577.322451242245734],[5548478.487346670590341,6197582.741592317819595],[5548485.805699386633933,6197589.037905870936811],[5548497.101011598482728,6197601.21523111872375],[5548503.055910347960889,6197608.894191473722458],[5548509.016294019296765,6197617.626989908516407],[5548514.07986968755722,6197627.263007554225624],[5548517.437904000282288,6197630.873091124929488],[5548522.462491747923195,6197634.774033810943365],[5548528.093202736228704,6197636.708296766504645],[5548535.371062625199556,6197636.969988440163434],[5548555.558105741627514,6197637.774685664102435],[5548562.998431533575058,6197637.43646883405745],[5548567.2569634700194,6197639.078324171714485],[5548570.453102176077664,6197641.62426739372313],[5548572.292541401460767,6197645.086923995986581],[5548572.311412028968334,6197648.714358581230044],[5548570.97825432009995,6197654.157046228647232],[5548566.627786276862025,6197664.906967274844646],[5548566.652944006025791,6197669.743546560406685],[5548567.737327004782856,6197673.065917577594519],[5548570.327907614409924,6197675.914531830698252],[5548573.224212187342346,6197677.408163570798934],[5548578.992193033918738,6197679.197468355298042],[5548585.677642763592303,6197680.516073919832706],[5548590.231103069148958,6197680.492378560826182],[5548599.047046890482306,6197682.864850874990225],[5548623.080472729168832,6197694.465420893393457],[5548633.732733244076371,6197699.690388029441237],[5548641.042729833163321,6197704.344806392677128],[5548648.057193373329937,6197712.306583994068205],[5548655.690426292829216,6197720.73105369694531],[5548666.362451415508986,6197729.738721337169409],[5548683.13340487703681,6197744.00611864682287],[5548703.709320944733918,6197761.11573042254895],[5548715.431452392600477,6197768.609166747890413],[5548725.929087812080979,6197774.145451543852687],[5548734.60028796363622,6197776.962287831120193],[5548743.549357622861862,6197776.616054135374725],[5548752.795680644921958,6197775.059082073159516],[5548762.047260403633118,6197772.747723922133446],[5548776.576134813018143,6197766.326428441330791],[5548788.096664001233876,6197763.39305564481765],[5548797.198160209693015,6197762.29162435233593],[5548804.786517367698252,6197762.09665666334331],[5548810.561418330296874,6197763.430955226533115],[5548813.903284698724747,6197765.676533510908484],[5548816.349972395226359,6197769.135968649759889],[5548821.264697742648423,6197780.137087411247194],[5548827.104349549859762,6197793.851243835873902],[5548828.805430614389479,6197798.978580902330577],[5548831.395429993979633,6197801.69400661252439],[5548838.409058772027493,6197807.692120952531695],[5548847.252870014868677,6197815.355755588039756],[5548860.949298625811934,6197823.892553864978254],[5548880.494402441196144,6197839.054742228239775],[5548893.451616410166025,6197850.468547441996634],[5548902.303414518944919,6197859.64078807644546],[5548907.965466787107289,6197869.273463136516511],[5548908.296752234920859,6197874.563267892226577],[5548910.146646450273693,6197879.989332176744938],[5548913.814829651266336,6197884.806829175911844],[5548917.634636299684644,6197888.713873690925539]]}},
{"type":"Feature","properties":{"osm_id":674815946,"waterway":"stream","name":"Arroyo de la Noria"},"geometry":{"type":"LineString","coordinates":[[5548081.65228509157896,6192949.060583364218473],[5548082.895044770091772,6192960.047772591933608],[5548094.662031884305179,6192970.359438565559685],[5548113.661518239416182,6192994.223228754475713],[5548130.732896472327411,6193023.943178775720298],[5548157.497628382407129,6193038.060026399791241],[5548162.172610928304493,6193061.997705950401723],[5548181.858794445171952,6193092.347474408335984],[5548191.711175479926169,6193111.088836169801652],[5548180.670376888476312,6193115.028607009910047],[5548174.251136786304414,6193132.556133897975087],[5548191.278532743453979,6193151.903836034238338],[5548204.436077669262886,6193180.345950894057751],[5548222.03017691988498,6193184.792179231531918],[5548233.167357473634183,6193197.691702952608466],[5548249.010049385949969,6193240.363839293830097],[5548262.797217225655913,6193264.265398132614791],[5548275.970990874804556,6193293.994168234989047],[5548293.786853520199656,6193341.204320516437292],[5548304.218622904270887,6193345.676402082666755],[5548316.645882689394057,6193357.282305203378201],[5548321.31721633952111,6193378.635150725021958],[5548335.00416430272162,6193407.961814612150192],[5548344.877665227279067,6193409.374957114458084],[5548371.527479005046189,6193411.699476604349911],[5548378.973491579294205,6193421.966647164896131],[5548389.980235348455608,6193450.386383824050426],[5548405.295062493532896,6193456.696707581169903],[5548410.286148116923869,6193466.976598363369703],[5548428.07694242335856,6193473.762140590697527],[5548438.962434533052146,6193480.572432822547853],[5548443.459645380266011,6193491.354076780378819],[5548438.129123356193304,6193509.552822403609753],[5548438.208191026933491,6193524.77260825689882],[5548455.493919036351144,6193528.121757794171572],[5548481.130587425082922,6193526.513064114376903],[5548490.556294367648661,6193537.269058116711676],[5548501.110379738733172,6193574.033286014571786],[5548487.475983305834234,6193581.481334291398525],[5548490.879688132554293,6193601.221045907586813],[5548505.634596751071513,6193616.497617974877357],[5548507.851418024860322,6193639.626995725557208],[5548514.29406810645014,6193649.62194396648556],[5548521.647572064772248,6193712.727522442117333],[5548533.678338962607086,6193725.744071945548058],[5548551.987083023414016,6193720.634524808265269],[5548570.377926948480308,6193715.402485905215144],[5548586.428374693728983,6193728.664272116497159],[5548590.482154827564955,6193758.406840096227825],[5548588.090265840291977,6193789.95794363040477],[5548614.102220333181322,6193867.254551546648145],[5548608.934417033568025,6193891.953291148878634],[5548613.134296027943492,6193917.945501963607967],[5548595.057040886022151,6193949.900065584108233],[5548579.601728091016412,6193959.165955094620585],[5548580.42308082152158,6193982.679754318669438],[5548594.804821957834065,6193982.671382188796997],[5548606.540282196365297,6193993.637093528173864],[5548610.849619090557098,6194008.868101631291211],[5548602.670876721851528,6194023.99779999256134],[5548603.67569393850863,6194035.063808688893914],[5548624.730921288952231,6194078.651077788323164],[5548624.523443256504834,6194116.458575214259326],[5548630.076519006863236,6194149.754287607967854],[5548656.776147235184908,6194201.743056422099471],[5548679.37075256370008,6194244.157359971664846],[5548700.570463544689119,6194255.384167122654617],[5548718.865957025438547,6194302.125076184049249],[5548753.240223400294781,6194316.244881570339203],[5548768.607645265758038,6194332.294385123066604],[5548778.927678488194942,6194353.82823162060231],[5548774.019604706205428,6194387.722142643295228],[5548755.421401142142713,6194404.537182359024882],[5548757.249404174275696,6194414.711394311860204],[5548771.142383391037583,6194416.069808075204492],[5548813.824369731359184,6194434.328172983601689],[5548821.992544850334525,6194454.065004989504814],[5548852.662926221266389,6194487.761557000689209],[5548854.679894831962883,6194526.966265733353794],[5548875.734089589677751,6194608.536878660321236],[5548860.30245681386441,6194706.750185317359865],[5548901.427025022916496,6194785.497684665955603],[5548880.224850782193244,6194884.639814707450569],[5548899.11402939260006,6194937.223484734073281],[5548942.747358165681362,6194975.045101343654096],[5548964.73690789937973,6195024.239972986280918],[5548989.26187073905021,6195039.575444938614964],[5549026.03946478292346,6195036.176236570812762],[5549057.614817257039249,6195050.842150357551873],[5549064.337047267705202,6195083.976136238314211],[5549015.431808974593878,6195131.679791205562651],[5549006.898643056862056,6195158.193526390939951],[5549011.6849823333323,6195176.472527680918574],[5549135.461714207194746,6195249.492854570038617],[5549194.78842511959374,6195238.708013775758445],[5549204.13366262242198,6195247.677684240043163],[5549199.226377930492163,6195328.618995003402233],[5549213.143719365820289,6195356.989128129556775],[5549262.364450810477138,6195421.248711991123855],[5549277.39821454230696,6195462.425758671946824],[5549279.639932722784579,6195510.736863592639565],[5549267.189358438365161,6195554.699281947687268],[5549269.822812729515135,6195567.476089655421674],[5549289.531321614980698,6195588.20543962996453],[5549306.6211446095258,6195591.986747757531703],[5549328.305734437890351,6195588.08927377872169],[5549342.633596394211054,6195593.072113879024982],[5549359.405843394808471,6195609.834308270365],[5549355.987861855886877,6195633.070919366553426],[5549393.519345412030816,6195681.317283125594258],[5549426.139771160669625,6195693.081066179089248],[5549472.596936047077179,6195724.684075108729303],[5549514.094524971209466,6195747.138915546238422],[5549524.711997991427779,6195765.187033224850893],[5549516.438184805214405,6195790.157861680723727],[5549531.597662436775863,6195806.185051696375012],[5549581.634199182502925,6195827.529298699460924],[5549602.894783562980592,6195849.325814312323928],[5549598.697617256082594,6195879.877221408300102],[5549612.728174489922822,6195915.323770149610937],[5549686.825498837977648,6195967.656556772999465],[5549690.320914688520133,6196066.180804144591093],[5549763.965138747356832,6196076.360405749641359],[5549765.442992051132023,6196156.868574],[5549811.128901340998709,6196232.881007822230458],[5549859.597684266977012,6196233.96448780130595],[5549874.584641561843455,6196324.17375529743731],[5549948.73636509757489,6196366.886223421432078],[5549973.462962417863309,6196408.609331913292408],[5549929.020126257091761,6196448.450700993649662],[5549932.855402934364974,6196460.433261826634407],[5549990.813343952409923,6196495.045088580809534],[5549988.707252979278564,6196606.722716930322349],[5549999.449514868669212,6196620.243520596064627],[5550004.564886694774032,6196670.258520755916834],[5550043.365883840247989,6196677.68284057173878],[5550052.128113549202681,6196707.876512981951237],[5550032.668522302061319,6196739.486144619062543],[5550137.045283120125532,6196793.328196812421083],[5550157.172392170876265,6196817.514650030061603],[5550198.716602739877999,6196823.481449679471552],[5550225.182888091541827,6196923.124371546320617],[5550298.845754475332797,6196952.458096059970558],[5550295.901660155504942,6196998.445081098005176],[5550356.950770010240376,6197037.386650189757347],[5550388.511117346584797,6197170.326258660294116],[5550403.037995499558747,6197186.055955504998565],[5550419.353673082776368,6197205.969280679710209],[5550425.670075665228069,6197215.608623671345413],[5550432.178250201977789,6197219.87771312519908],[5550440.826108675450087,6197221.772339819930494],[5550449.251915020868182,6197221.726810660213232],[5550457.441848837770522,6197218.887007772922516],[5550462.410069365985692,6197217.351449183188379],[5550468.671891616657376,6197216.884956133551896],[5550473.220713606104255,6197219.44512988999486],[5550475.177846142090857,6197222.440864321775734],[5550475.646221583709121,6197229.10547545272857],[5550472.322472047060728,6197254.07253952883184],[5550472.581619611009955,6197261.170924891717732],[5550475.428971585817635,6197268.887641594745219],[5550479.987117775715888,6197273.167241415940225],[5550487.582024279981852,6197279.360671195201576],[5550497.982394168153405,6197283.819440786726773],[5550506.853431530296803,6197286.145443423651159],[5550511.83805038779974,6197289.335565907880664],[5550514.670377255417407,6197294.267904768697917],[5550514.914431569166481,6197298.570829820819199],[5550512.12524226307869,6197303.311716753989458],[5550507.825204975903034,6197307.639226923696697],[5550501.80617159884423,6197312.186808909289539],[5550494.271707820706069,6197317.1752266343683],[5550489.763568185269833,6197322.147271798923612],[5550486.777908843010664,6197329.684753871522844],[5550485.95397384930402,6197337.221638512797654],[5550488.148218128830194,6197343.233496895059943],[5550492.2763512711972,6197347.936966201290488],[5550499.865565378218889,6197353.065449392423034],[5550509.175905130803585,6197356.664817207492888],[5550516.515257237479091,6197356.414332350715995],[5550526.012633865699172,6197353.778171837329865],[5550532.684783953242004,6197349.227039687335491],[5550540.863156011328101,6197344.235105466097593],[5550546.65897239651531,6197337.53658430185169],[5550555.047640689648688,6197330.613244167529047],[5550563.026072724722326,6197327.774495509453118],[5550566.705506475642323,6197327.754567036405206],[5550572.334129442460835,6197330.952262980863452],[5550579.496810716576874,6197337.14796063862741],[5550585.589095627889037,6197344.425514234229922],[5550591.694313138723373,6197355.785371349193156],[5550598.707262899726629,6197373.385898665525019],[5550604.836986933834851,6197389.260635120794177],[5550605.314840820617974,6197397.655761431902647],[5550604.702382005751133,6197403.460938054136932],[5550601.944589917548001,6197412.295151777565479],[5550598.720726763829589,6197416.605776634067297],[5550593.559367560781538,6197419.861932009458542],[5550583.638919219374657,6197424.219931815750897],[5550562.321858796291053,6197437.237045524641871],[5550558.03560552187264,6197442.418695607222617],[5550556.559749239124358,6197450.169891182333231],[5550557.247818338684738,6197456.622532611712813],[5550560.521869357675314,6197463.271944885142148],[5550568.137951204553246,6197473.336797972209752],[5550574.871881512925029,6197480.178239938803017],[5550580.10077378153801,6197487.682342308573425],[5550587.064926921389997,6197497.961486971005797],[5550590.996813611127436,6197505.472610763274133],[5550595.560897821560502,6197510.817091141827404],[5550600.546928545460105,6197514.240121811628342],[5550610.722152717411518,6197517.834703485481441],[5550620.01291264500469,6197517.784336039796472],[5550634.698719553649426,6197516.850508911535144],[5550648.067638755775988,6197512.262975363060832],[5550664.459386429749429,6197507.004507929086685],[5550670.942225966602564,6197506.547776616178453],[5550678.722164463251829,6197507.792386282235384],[5550687.809670209884644,6197510.971238670870662],[5550691.948320819996297,6197515.885339309461415],[5550693.914980438537896,6197520.611550058238208],[5550696.339644493535161,6197530.06106885150075],[5550697.04998145904392,6197540.595957200042903],[5550692.144486934877932,6197552.015530675649643],[5550688.721930614672601,6197558.70125534106046],[5550684.883404581807554,6197568.406645752489567],[5550683.4448311496526,6197581.31609708070755],[5550684.782695706933737,6197588.830169986002147],[5550692.861774141900241,6197604.49458469171077],[5550696.132418308407068,6197610.489457490853965],[5550700.257339390926063,6197614.560529554262757],[5550708.9264468671754,6197618.595827701501548],[5550718.893950017169118,6197624.565412594005466],[5550729.303155641071498,6197632.252066520042717],[5550738.632551210932434,6197639.290065528824925],[5550748.385023962706327,6197644.617369879968464],[5550754.468290962278843,6197650.175385231152177],[5550758.611949814483523,6197657.685288958251476],[5550766.691149840131402,6197673.338547235354781],[5550770.16529736481607,6197677.834677153266966],[5550773.44406905118376,6197683.61870441865176],[5550779.081181506626308,6197688.324937232770026],[5550788.006438215263188,6197700.534617377445102],[5550788.452848326414824,6197703.11695494223386],[5550790.107526867650449,6197709.664162716828287],[5550791.749803493730724,6197712.239994995296001],[5550794.998339961282909,6197714.152577382512391],[5550797.696534350514412,6197714.670382428914309],[5550800.942623408511281,6197714.441946925595403],[5550804.076730912551284,6197715.611889937892556],[5550806.687198221683502,6197718.604001378640532],[5550807.574115016497672,6197722.681552178226411],[5550810.364352954551578,6197728.279637010768056],[5550816.226807725615799,6197738.886318575590849],[5550818.250256415456533,6197745.575728877447546],[5550820.622739172540605,6197760.616580578498542],[5550821.917394346557558,6197773.688670189119875],[5550823.20943508297205,6197787.969955856911838],[5550823.245844028890133,6197794.659086672589183],[5550823.431210127659142,6197799.982916673645377],[5550824.822579768486321,6197803.780384487472475],[5550828.377983330748975,6197811.360020089894533],[5550833.775743272155523,6197819.39554800465703],[5550841.622805104590952,6197829.536579102277756],[5550843.180537189356983,6197835.163551742210984],[5550845.061653844080865,6197844.427403052337468],[5550848.497130166739225,6197858.69701277744025],[5550851.287415072321892,6197865.981284026987851],[5550859.28765662573278,6197875.522422027774155],[5550867.577271077781916,6197884.14122358430177],[5550874.177861641161144,6197888.365135],[5550889.479932304471731,6197894.061421344056726],[5550908.00916394777596,6197901.104579333215952],[5550920.423523119650781,6197908.646971967071295],[5550933.585640808567405,6197913.289888414554298],[5550947.193628177978098,6197915.345588127151132],[5550957.749979488551617,6197917.872751945629716],[5550966.312655178830028,6197919.190510096028447],[5550969.209546558558941,6197919.019390340894461],[5550970.887181915342808,6197917.945265099406242],[5550971.792989975772798,6197915.355554810725152],[5550972.374399448744953,6197910.63767943251878],[5550972.357807530090213,6197907.59817411378026],[5550973.72690259385854,6197905.616072454489768],[5550975.396183660253882,6197904.69729975797236],[5550979.677910211496055,6197905.428276732563972],[5550984.578525022603571,6197906.621796072460711],[5550988.40035580471158,6197907.366373538970947],[5550992.227094042114913,6197909.009489354677498],[5550995.761105458252132,6197912.639923761598766],[5551000.211764813400805,6197915.666305959224701],[5551009.095469947904348,6197920.177175456658006],[5551014.617362805642188,6197923.952051347121596],[5551019.051258359104395,6197925.59183925203979],[5551026.55272582732141,6197927.991401909850538],[5551034.202960489317775,6197930.678574367426336],[5551042.925441738218069,6197932.616620576009154],[5551053.179014408029616,6197936.964652669616044],[5551066.649888259358704,6197940.851342757232487],[5551081.80910630710423,6197947.302450607530773],[5551090.235410110093653,6197952.270576166920364],[5551098.975406671874225,6197957.403378912247717],[5551106.64815085567534,6197964.194933985359967],[5551112.189236338250339,6197971.4640745325014],[5551114.817604414187372,6197977.695281534455717],[5551115.773293550126255,6197984.224072999320924],[5551115.802440699189901,6197989.548753753304482],[5551113.996747717261314,6197994.118032346479595],[5551111.412486871704459,6197997.626604002900422],[5551108.399985548108816,6198005.253176391124725],[5551105.384079402312636,6198012.258534938097],[5551103.724775818176568,6198016.682795649394393],[5551102.858121540397406,6198024.741358849219978],[5551103.348074956797063,6198030.218825248070061],[5551102.926416914910078,6198037.221078449860215],[5551101.269535663537681,6198042.089061854407191],[5551098.077313648536801,6198045.456741784699261],[5551093.676547693088651,6198049.884907682426274],[5551089.278291477821767,6198056.454086891375482],[5551084.725315056741238,6198061.64852674677968],[5551082.920441785827279,6198066.373101672157645],[5551082.346504027023911,6198074.130538526922464],[5551083.595804672688246,6198078.838405928574502],[5551085.597849327139556,6198081.567527361214161],[5551088.198736983351409,6198082.773574348539114],[5551091.262115295045078,6198082.756814593449235],[5551098.435896434821188,6198082.406947245821357],[5551102.553070103749633,6198081.630065171979368],[5551108.059249819256365,6198082.509591724723577],[5551114.79058164358139,6198083.681931253522635],[5551121.205069039948285,6198084.112741626799107],[5551123.343473714776337,6198083.18028144352138],[5551125.470249322243035,6198081.804147793911397],[5551127.310116070322692,6198081.794074648991227],[5551130.217867302708328,6198083.597474398091435],[5551133.289540403522551,6198086.775559265166521],[5551137.756971881724894,6198092.841381468810141],[5551140.517539031803608,6198094.645584074780345],[5551145.266867673024535,6198096.74950943980366],[5551148.332717284560204,6198098.862653406336904],[5551152.777596654370427,6198102.488040558993816],[5551155.106603655032814,6198107.800122378394008],[5551157.645155486650765,6198111.058773711323738],[5551158.193668205291033,6198113.784749179147184],[5551157.290443358942866,6198116.840386660769582],[5551155.25184334628284,6198120.878464228473604],[5551152.747439339756966,6198123.85412491671741],[5551148.153498899191618,6198126.608268161304295],[5551146.005801235325634,6198129.204797070473433],[5551142.142105164937675,6198134.273461549542844],[5551139.795757571235299,6198139.23397430870682],[5551138.952215763740242,6198143.110195640474558],[5551139.403419180773199,6198146.546683474443853],[5551140.935083811171353,6198150.731606564484537],[5551141.935553509742022,6198155.352081672288477],[5551142.18282672110945,6198160.18745643645525],[5551144.802612569183111,6198166.518542242236435],[5551148.072973379865289,6198170.693941588513553],[5551153.937247360125184,6198176.474770060740411],[5551159.469521190039814,6198180.427000248804688],[5551162.499271922744811,6198182.662365154363215],[5551171.931729068048298,6198188.201764871366322],[5551176.691364990547299,6198188.81910078600049],[5551182.737160082906485,6198189.107676193118095],[5551189.128911365754902,6198192.090051309205592],[5551192.275955096818507,6198193.903213980607688],[5551198.023309568874538,6198198.486567345447838],[5551201.712805232964456,6198201.916391608305275],[5551207.908251846209168,6198207.684277669526637],[5551216.581343118101358,6198213.982149135321379],[5551224.60044326633215,6198218.453186391852796],[5551230.125104551203549,6198221.007646795362234],[5551234.988876979798079,6198222.156866014935076],[5551242.775222675874829,6198222.768656081520021],[5551251.7449467247352,6198224.438913210295141],[5551257.364608669653535,6198224.186201982200146],[5551262.86687396094203,6198222.658388903364539],[5551267.728885501623154,6198223.485891743563116],[5551271.305407451465726,6198224.764186395332217],[5551273.158823668956757,6198227.216749093495309],[5551274.156074781902134,6198232.913289848715067],[5551276.222360602580011,6198235.597644940018654],[5551280.34628761280328,6198237.716030214913189],[5551284.143238168209791,6198240.601655044592917],[5551287.506048081442714,6198243.167953538708389],[5551291.942824852652848,6198245.295709045603871],[5551298.648894078098238,6198246.867419948801398],[5551308.711323905736208,6198249.829550293274224],[5551312.397833260707557,6198252.70467718038708],[5551321.409901357255876,6198260.398360835388303],[5551332.266286039724946,6198270.555730624124408],[5551353.88561714719981,6198292.26871747430414],[5551358.343467170372605,6198296.548449002206326],[5551361.811051304452121,6198299.757563230581582],[5551365.625136153772473,6198305.74921811465174],[5551368.038573630154133,6198311.327025821432471],[5551370.776636985130608,6198319.055170162580907],[5551372.969290996901691,6198324.634191047400236],[5551373.215526988729835,6198329.258791400119662],[5551371.958598576486111,6198336.576267249882221],[5551370.702888439409435,6198344.115604447200894],[5551367.391549607738853,6198347.572777355089784],[5551360.537812597118318,6198350.949590387754142],[5551354.284595721401274,6198353.113913794979453],[5551352.004751741886139,6198355.101078054867685],[5551351.261251931078732,6198358.754900090396404],[5551356.643862850964069,6198365.569939962588251],[5551364.306327759288251,6198370.397810126654804],[5551379.001448969356716,6198374.26623348519206],[5551388.167632426135242,6198374.825939696282148],[5551400.690012741833925,6198373.392537657171488],[5551409.721521207131445,6198376.227114411070943],[5551418.287251712754369,6198378.010372311808169],[5551429.134408407844603,6198378.094859916716814],[5551444.874206970445812,6198379.539062366820872],[5551457.42164580989629,6198382.65374750085175],[5551468.140169885009527,6198387.775310397148132],[5551476.125527288764715,6198394.420631076209247],[5551482.270109483040869,6198400.920784563757479],[5551491.010680905543268,6198406.042131382972002],[5551501.888152972795069,6198411.617609961889684],[5551514.439876968972385,6198415.497641670517623],[5551521.776234145276248,6198416.222618321888149],[5551528.33469822909683,6198414.356021201238036],[5551535.20433905068785,6198413.863286264240742],[5551542.851816097274423,6198415.951020114123821],[5551550.669957840815187,6198420.622572377324104],[5551554.666873498819768,6198424.705074683763087],[5551561.15794231928885,6198437.293551668524742],[5551567.616308460012078,6198445.622331898659468],[5551581.289860447868705,6198459.380317050032318],[5551592.521412025205791,6198474.072526596486568],[5551597.329013032838702,6198486.67027847841382],[5551600.139429313130677,6198497.459741618484259],[5551602.771519843488932,6198502.614732413552701],[5551606.296792170964181,6198506.244988851249218],[5551614.747364484705031,6198513.797283087857068],[5551622.120779994875193,6198521.211309107020497],[5551628.712964906357229,6198525.434743366204202],[5551645.268645253032446,6198534.617309099063277],[5551667.484017347916961,6198545.754260243847966],[5551675.134947459213436,6198548.440913319587708],[5551692.596461707726121,6198556.708724092692137],[5551713.1418283181265,6198570.284269901923835],[5551720.192422345280647,6198574.205580119974911],[5551727.08230890147388,6198575.687222722917795],[5551734.268251283094287,6198577.466742749325931],[5551741.155702731572092,6198580.168664773926139],[5551748.366032423451543,6198584.688113795593381],[5551758.478560750372708,6198589.956920792348683],[5551770.277193622663617,6198595.671201456338167],[5551784.195015448145568,6198598.633643067441881],[5551789.843723693862557,6198598.602322639897466],[5551797.18867772910744,6198600.846836681477726],[5551805.304700390435755,6198602.776452387683094],[5551809.88622812461108,6198602.751039105467498],[5551815.05469926726073,6198599.072631724178791],[5551821.457669325172901,6198595.697987788356841],[5551831.689466721378267,6198594.265627768822014],[5551843.300535477697849,6198594.356492871418595],[5551849.723790539428592,6198596.295466021634638],[5551856.164686011150479,6198599.754135726951063],[5551863.377776433713734,6198606.414512280374765],[5551867.692857809364796,6198613.079883964732289],[5551868.194248902611434,6198620.531879400834441],[5551870.221958328969777,6198627.820090455934405],[5551872.68348138127476,6198630.391187303699553],[5551880.498580915853381,6198634.452346668578684],[5551890.306023609824479,6198641.08719839528203],[5551898.730814336799085,6198643.935772405005991],[5551906.541683005169034,6198647.231487640179694],[5551922.479799241758883,6198656.117478512227535],[5551932.102063031867146,6198662.531448024325073],[5551942.710281922481954,6198667.564340245909989],[5551958.487811109982431,6198675.685717474669218],[5551968.746835726313293,6198679.134163522161543],[5551976.392038977704942,6198680.755635933019221],[5551993.237615536898375,6198687.36230602953583]]}},
{"type":"Feature","properties":{"osm_id":674815953,"waterway":"stream","name":"Arroyo de la Noria"},"geometry":{"type":"LineString","coordinates":[[5548080.332598548382521,6192937.419277618639171],[5548081.65228509157896,6192949.060583364218473]]}},
{"type":"Feature","properties":{"osm_id":674815970,"waterway":"stream","name":"Arroyo Suero"},"geometry":{"type":"LineString","coordinates":[[5548925.867436232045293,6197895.61519330739975],[5548933.792302866466343,6197903.438869649544358],[5548945.374707471579313,6197912.286145723424852],[5548950.877785751596093,6197919.65658001601696],[5548960.204194772057235,6197933.352375876158476],[5548976.645325636491179,6197961.753944360651076],[5548987.180235331878066,6197972.570191038772464],[5549003.787812642753124,6197985.329180595465004],[5549021.600939934141934,6197996.406712763011456],[5549027.396635944955051,6198001.667825382202864],[5549032.591537930071354,6198008.141267084516585],[5549035.667712913826108,6198015.823916524648666],[5549041.088347767479718,6198037.250037941150367],[5549040.968132679350674,6198042.386901896446943],[5549040.273626948706806,6198055.536198368296027],[5549040.604176132008433,6198060.67069493047893],[5549043.360950664617121,6198065.337621103040874],[5549048.851492763496935,6198070.289708915166557],[5549057.687798368744552,6198076.444488672539592],[5549068.796287235803902,6198082.576227694749832],[5549077.616701840423048,6198085.702581041492522],[5549084.008502649143338,6198088.841691771522164],[5549088.889534117653966,6198093.342131773941219],[5549094.244431799277663,6198102.233054547570646],[5549105.301917823031545,6198126.646900903433561],[5549107.442835837602615,6198129.653040747158229],[5549111.244930829852819,6198131.907187922857702],[5549118.079549852758646,6198133.524154648184776],[5549124.468245943076909,6198136.064212306402624],[5549128.737435955554247,6198139.6692870631814],[5549135.318249366246164,6198148.997472239658237],[5549138.842171082273126,6198156.078690126538277],[5549142.38361066672951,6198166.487826989032328],[5549143.784501357004046,6198172.215729745104909],[5549146.074267109856009,6198175.531692096032202],[5549150.199445576407015,6198179.736557393334806],[5549159.0676882667467,6198191.925870870240033],[5549166.725161410868168,6198206.539906400255859],[5549182.692791206762195,6198240.900753905065358],[5549191.302133643999696,6198261.555645449087024],[5549193.76340511534363,6198267.732783475890756],[5549196.509972332976758,6198270.436191809363663],[5549203.813508347608149,6198273.725726666860282],[5549209.275943651795387,6198275.050336725078523],[5549215.648860362358391,6198274.573018765076995],[5549219.590652565471828,6198273.642588037997484],[5549223.822520933113992,6198270.148057117126882],[5549228.042398727498949,6198264.379445554688573],[5549230.725292008370161,6198255.002494185231626],[5549231.903775469399989,6198248.196042557246983],[5549233.535428878851235,6198241.842029991559684],[5549233.207927304320037,6198237.306565993465483],[5549233.794389179907739,6198233.376419246196747],[5549236.359552726149559,6198229.591147628612816],[5549241.046905694529414,6198226.992770230397582],[5549246.814964197576046,6198226.962354706600308],[5549252.144242838956416,6198229.208391833119094],[5549256.71106718480587,6198233.410881700925529],[5549258.8576754136011,6198237.481921655125916],[5549260.855455555021763,6198241.2431316440925],[5549266.679293897002935,6198251.784397106617689],[5549272.806786897592247,6198262.33515025023371],[5549280.434172577224672,6198271.202884987927973],[5549284.566654511727393,6198276.772138734348118],[5549286.730028276331723,6198284.015789388678968],[5549288.275054684840143,6198289.143868250772357],[5549290.443996118381619,6198297.441359309479594],[5549291.982644642703235,6198301.36029324773699],[5549295.486774001270533,6198304.658716734498739],[5549300.054948302917182,6198307.363573032431304],[5549305.218230180442333,6198307.780049867928028],[5549310.071602120995522,6198307.000075603835285],[5549315.366963752545416,6198304.553758442401886],[5549320.990280137397349,6198304.978890651836991],[5549332.669702445156872,6198304.162852303124964],[5549343.321119856089354,6198303.795966000296175],[5549347.91573095601052,6198304.537131768651307],[5549351.744792412035167,6198306.646826201118529],[5549353.442787270061672,6198309.377917042933404],[5549354.69892561994493,6198317.280856222845614],[5549354.470086378976703,6198331.426120567135513],[5549355.127435536123812,6198339.17691664583981],[5549357.124630747362971,6198342.816082434728742],[5549361.282560442574322,6198347.963620139285922],[5549364.195671991445124,6198350.832500414922833],[5549369.404693107120693,6198352.934893616475165],[5549373.241051247343421,6198356.42011958360672],[5549377.371221114881337,6198361.534516901709139],[5549379.234139774926007,6198367.614930775947869],[5549379.25584127381444,6198371.719365226104856],[5549377.14481829572469,6198376.13459696341306],[5549373.501563929021358,6198381.334465038962662],[5549363.765768887475133,6198389.595028101466596],[5549350.521327252499759,6198398.939085707068443],[5549347.031160417944193,6198403.516904944553971],[5549345.688549295067787,6198408.848818931728601],[5549345.867450193502009,6198413.107729626819491],[5549347.569098837673664,6198418.26825116854161],[5549351.104289929382503,6198422.209905881434679],[5549355.566601328551769,6198427.500051505863667],[5549361.397321791388094,6198432.339227687567472],[5549369.062006556428969,6198437.778841537423432],[5549374.270255838520825,6198439.725929407402873],[5549380.222439998760819,6198439.694460265338421],[5549389.691643428057432,6198438.424117574468255],[5549397.937347781844437,6198437.171330040320754],[5549405.111442722380161,6198436.822767467238009],[5549411.237259646877646,6198438.310152484104037],[5549418.132771307602525,6198442.688831884413958],[5549427.179034654982388,6198448.420609274879098],[5549442.348344140686095,6198456.848935540765524],[5549470.100897738710046,6198475.261192922480404],[5549473.783298891037703,6198479.19092895835638],[5549475.80105210468173,6198484.959889210760593],[5549476.585607660003006,6198488.916068320162594],[5549479.053653815761209,6198492.852235338650644],[5549481.669720412231982,6198496.942924761213362],[5549484.142649075947702,6198501.799814805388451],[5549487.223585577681661,6198506.80878987070173],[5549490.595948812551796,6198509.519890823401511],[5549494.423539245501161,6198511.330014694482088],[5549498.398649259470403,6198511.464255381375551],[5549503.59808901976794,6198511.736218923702836],[5549510.634745865128934,6198513.218711814843118],[5549517.365083325654268,6198515.923094923608005],[5549521.818710957653821,6198519.549202254973352],[5549525.816354552283883,6198523.932075087912381],[5549533.34613470453769,6198531.657507169991732],[5549539.784138509072363,6198536.482259716838598],[5549560.011356560513377,6198547.934246934019029],[5549566.599364733323455,6198551.54900723695755],[5549568.764696596190333,6198555.642064884305],[5549571.52838465757668,6198558.067939705215394],[5549574.439211874268949,6198560.481939347460866],[5549576.907376826740801,6198564.429173838347197],[5549581.240164060145617,6198574.74520102981478],[5549583.547050885856152,6198577.772539678029716],[5549587.375453285872936,6198579.726835628040135],[5549597.016241057775915,6198583.025845264084637],[5549601.463451309129596,6198585.431677915155888],[5549607.753564502112567,6198590.112955934368074],[5549616.034911665134132,6198595.549095035530627],[5549621.233277049846947,6198597.340792289935052],[5549627.824585944414139,6198601.56562833674252],[5549633.492973679676652,6198603.510128641501069],[5549638.692231316119432,6198605.468212207779288],[5549644.372711156494915,6198609.686784096062183],[5549650.208531410433352,6198615.435412912629545],[5549660.947290915064514,6198624.508170343004167],[5549671.238463809713721,6198634.18233837466687],[5549677.223456434905529,6198638.565671869553626],[5549685.646361243911088,6198642.924939705058932],[5549699.744255814701319,6198650.459990533068776],[5549711.391756608150899,6198657.397926826030016],[5549717.684394798241556,6198662.533947109244764],[5549721.990689383819699,6198667.835845019668341],[5549724.617422947660089,6198673.901032430119812],[5549727.898647653870285,6198687.117963305674493],[5549732.381558219902217,6198696.212851416319609],[5549738.9972666176036,6198704.996858769096434],[5549747.748200720176101,6198713.924796490930021],[5549753.113634074106812,6198717.701246365904808],[5549761.69877780880779,6198723.135640352033079],[5549771.653343915008008,6198726.57701475918293],[5549780.222248280420899,6198728.960799499414861],[5549786.637869636528194,6198729.536740296520293],[5549791.677021251060069,6198729.0550502166152],[5549797.339075050316751,6198729.790308094583452],[5549802.535125961527228,6198731.127089742571115],[5549809.128476682119071,6198733.976210121065378],[5549820.002862734720111,6198739.098821854218841],[5549829.785358944907784,6198741.320780977606773],[5549838.809437364339828,6198742.792426995001733],[5549845.079530516639352,6198743.679718997329473],[5549849.066054688766599,6198745.932586682960391],[5549852.604009035043418,6198750.328869073651731],[5549856.59705119766295,6198753.801970537751913],[5549863.024894406087697,6198756.663030137307942],[5549872.991736758500338,6198762.389468249864876],[5549879.12001948710531,6198766.006466225720942],[5549885.395760817453265,6198767.947572371922433],[5549888.753759156912565,6198767.929637345485389],[5549892.254351223818958,6198765.32618194911629],[5549894.823564913123846,6198760.597771554253995],[5549898.298966398462653,6198753.279761804267764],[5549901.769443268887699,6198745.041026330552995],[5549902.978459933772683,6198742.30559538025409],[5549903.412439850158989,6198737.433282702229917],[5549904.881905345246196,6198726.620478802360594],[5549908.469572338275611,6198712.767863330431283],[5549911.642176656983793,6198705.606772914528847],[5549915.437384775839746,6198701.326633153483272],[5549920.01267565973103,6198698.40680846106261],[5549924.590978316031396,6198697.772201983258128],[5549929.177463691681623,6198698.668436174280941],[5549932.243225847370923,6198700.781976561993361],[5549935.622313474304974,6198704.713155435398221],[5549939.022821883670986,6198710.929455206729472],[5549940.579312290996313,6198716.401263598352671],[5549942.586786141619086,6198720.184466318227351],[5549943.069560673087835,6198724.441743418574333],[5549942.180468020029366,6198730.22614914458245],[5549941.132786700502038,6198733.881473456509411],[5549941.297068228013813,6198737.075488883070648],[5549942.532052017748356,6198739.198814738541842],[5549946.215829955413938,6198741.608567449264228],[5549950.33824713435024,6198741.741829806007445],[5549955.392883396707475,6198744.155341142788529],[5549961.215926496312022,6198747.463303529657423],[5549967.187302701175213,6198749.261768926866353],[5549972.38529025670141,6198749.233960342593491],[5549982.916831247508526,6198748.722780384123325],[5549989.636315362527966,6198747.62185543589294],[5549993.145006494596601,6198746.538111561909318],[5549995.880301641300321,6198743.628098057582974],[5550001.797107881866395,6198735.232015057466924],[5550008.319496896117926,6198726.533164394088089],[5550009.823882082477212,6198722.265250716358423],[5550011.643268316984177,6198720.125579638406634],[5550016.072773138992488,6198719.192203796468675],[5550025.839019351638854,6198718.374458121135831],[5550035.016240552067757,6198719.2349584819749],[5550039.453658644109964,6198721.496423565782607],[5550043.45246524643153,6198726.03438019938767],[5550049.59736305102706,6198731.026757781393826],[5550057.565406414680183,6198736.297788765281439],[5550065.068865527398884,6198738.997638273984194],[5550074.097918659448624,6198741.389781783334911],[5550078.535297456197441,6198743.640135391615331],[5550084.667754230089486,6198748.02242086827755],[5550086.222055487334728,6198751.353194871917367],[5550088.70329803135246,6198759.404779389500618],[5550093.011455812491477,6198765.006021152250469],[5550099.306878320872784,6198770.607695464976132],[5550110.483345691114664,6198775.406643744558096],[5550131.753129005432129,6198780.317812595516443],[5550150.414387555792928,6198784.322188351303339],[5550157.290074723772705,6198784.895405391231179],[5550164.472843966446817,6198784.402003204450011],[5550170.287825082428753,6198786.19008628744632],[5550176.112640954554081,6198789.808521497063339],[5550180.099899998866022,6198793.891654028557241],[5550183.033271568827331,6198798.745890652760863],[5550187.370114058256149,6198809.671760535798967],[5550194.47906306385994,6198824.543070477433503],[5550199.774330758489668,6198842.607923983596265],[5550204.603692864067852,6198861.285414663143456],[5550207.57716665789485,6198873.594182447530329],[5550210.042402144521475,6198876.931133294478059],[5550214.019873001612723,6198879.183895890600979],[5550217.536759704351425,6198879.619817957282066],[5550223.191606051288545,6198878.990372105501592],[5550229.447872558608651,6198877.281630417332053],[5550237.237917113117874,6198876.784907875582576],[5550246.702320611104369,6198876.268078723922372],[5550259.543870178982615,6198877.574571243487298],[5550272.551616854965687,6198880.699466919526458],[5550288.772478971630335,6198885.936976527795196],[5550311.422393738292158,6198892.504318828694522],[5550326.261781750246882,6198895.763488576747477],[5550341.543856087140739,6198897.511548530310392],[5550347.65865280199796,6198896.868455137126148],[5550354.369005192071199,6198895.767318370752037],[5550357.884290845133364,6198895.903674989007413],[5550361.869391678832471,6198897.856812726706266],[5550364.932028795592487,6198899.360093802213669],[5550370.743053731508553,6198900.393724663183093],[5550378.849041217938066,6198902.180418303236365],[5550386.202236463315785,6198904.270687144249678],[5550394.784575861878693,6198909.083292314782739],[5550402.908592938445508,6198914.20897766482085],[5550406.284724188968539,6198917.54096270352602],[5550409.96300689317286,6198918.896692935377359],[5550422.816078848205507,6198922.321737215854228],[5550439.185082638636231,6198927.70240234863013],[5550446.530104611068964,6198928.272874142043293],[5550453.558247738517821,6198928.090701337903738],[5550463.328817305155098,6198928.037922048009932],[5550475.714481397531927,6198930.089838945306838],[5550487.804040538147092,6198933.530013582669199],[5550497.299940790049732,6198937.128408466465771],[5550505.428957929834723,6198943.163636698387563],[5550510.499446523375809,6198948.461046700365841],[5550514.510097996331751,6198955.128672340884805],[5550517.766197987832129,6198963.47547881025821],[5550518.872896803542972,6198970.768943547271192],[5550517.854207495227456,6198979.749004444107413],[5550516.199364372529089,6198985.082780502736568],[5550513.327630556188524,6198989.968307833187282],[5550512.276698650792241,6198994.688680938445032],[5550511.277734752744436,6199007.318358721211553],[5550510.858031928539276,6199014.775385053828359],[5550511.799411077983677,6199018.719540832564235],[5550515.94991790316999,6199024.021922702901065],[5550522.858047533780336,6199028.854559452272952],[5550531.891385439783335,6199033.664601647295058],[5550535.870880796574056,6199034.563824810087681],[5550540.759660216979682,6199033.472410150803626],[5550548.835303166881204,6199029.623681234195828],[5550557.979009915143251,6199025.924471979960799],[5550563.307906799949706,6199022.856040062382817],[5550577.192323874682188,6199017.910876617766917],[5550595.339872067794204,6199011.877637129276991],[5550609.049637172371149,6199005.269363137893379],[5550617.893118876032531,6199000.506755382753909],[5550623.080366926267743,6199000.168030339293182],[5550628.895634177140892,6199001.966922987252474],[5550638.391660191118717,6199005.565175515599549],[5550643.454019129276276,6199009.342764244414866],[5550647.000629171729088,6199015.247406288050115],[5550648.406110730953515,6199021.629578927531838],[5550648.906542491167784,6199029.081624123267829],[5550647.412258845753968,6199035.168904145248234],[5550644.097042107954621,6199043.096465676091611],[5550637.595695864409208,6199055.611774502322078],[5550635.78774843737483,6199061.545445077121258],[5550632.923447821289301,6199067.795455916784704],[5550628.841994363814592,6199076.947437265887856],[5550628.266939180903137,6199082.885517281480134],[5550630.590765583328903,6199088.952099773101509],[5550634.125911954790354,6199092.737971158698201],[5550639.186631806194782,6199096.204956467263401],[5550643.473023143596947,6199097.701513711363077],[5550650.345668824389577,6199097.664252084679902],[5550667.903495681472123,6199094.840061409398913],[5550685.756616952829063,6199090.483347437344491],[5550697.807632596231997,6199086.768226513639092],[5550703.608036196790636,6199085.815993333235383],[5550708.347042934037745,6199085.945577125996351],[5550715.84682200383395,6199087.879486463963985],[5550730.078562647104263,6199092.672208470292389],[5550741.412214324809611,6199097.480651430785656],[5550755.803643683902919,6199102.871510395780206],[5550767.429357600398362,6199105.548404054716229],[5550777.682539269328117,6199107.922129161655903],[5550785.18735670670867,6199110.776707474142313],[5550794.508149036206305,6199110.881337756291032],[5550801.221926480531693,6199110.390000054612756],[5550805.190682933665812,6199109.303450543433428],[5550809.145380186848342,6199105.632215318270028],[5550813.982727793976665,6199096.775562660768628],[5550824.134155291132629,6199080.446329423226416],[5550831.570272201672196,6199070.676962367258966],[5550835.830182462930679,6199067.303575972095132],[5550841.013356341980398,6199066.210401840507984],[5550853.391926932148635,6199066.908466656692326],[5550866.082464250735939,6199067.449508850462735],[5550873.880919475108385,6199068.472006959840655],[5550880.764300723560154,6199070.409141235984862],[5550887.812369052320719,6199073.865168423391879],[5550893.787464966997504,6199076.273163680918515],[5550899.280050433240831,6199076.243237383663654],[5550903.860185064375401,6199074.232562379911542],[5550908.705769593827426,6199066.906702120788395],[5550914.622822976671159,6199058.665340771898627],[5550915.667685497552156,6199054.555089358240366],[5550915.772565430961549,6199046.789140708744526],[5550915.907444995827973,6199042.839156628586352],[5550918.474592179991305,6199037.810948754660785],[5550922.87592433206737,6199031.696681991219521],[5550931.244256725534797,6199025.871399667114019],[5550936.278559889644384,6199024.479462013579905],[5550942.850025990046561,6199024.898455812595785],[5550952.496797229163349,6199027.430603220127523],[5550960.154559755697846,6199031.338079589419067],[5550968.125198502093554,6199035.25493604876101],[5550972.557974291965365,6199036.595236600376666],[5550981.119252679869533,6199037.469268308021128],[5550988.147413900122046,6199037.27560109551996],[5550998.226734720170498,6199036.45513456966728],[5551003.576272347010672,6199037.191371951252222],[5551012.910264357924461,6199039.725165204145014],[5551023.151807580143213,6199039.968752115033567],[5551034.751768664456904,6199037.930759735405445],[5551041.624373740516603,6199037.893209715373814],[5551050.350310394540429,6199040.274980617687106],[5551056.015953882597387,6199043.294700676575303],[5551080.187899033538997,6199050.406544281169772],[5551097.00261149648577,6199053.054652626626194],[5551118.089676617644727,6199052.939282737672329],[5551132.447990116663277,6199052.250562415458262],[5551144.043754297308624,6199049.447012574411929],[5551151.066152654588223,6199048.199381403625011],[5551156.410668317228556,6199048.014806828461587],[5551162.228564544580877,6199050.26818466745317],[5551165.92111037671566,6199054.19721061270684],[5551166.863621476106346,6199058.296606352552772],[5551168.7711644731462,6199072.286029239185154],[5551168.085011345334351,6199086.433873179368675],[5551168.156650483608246,6199099.51259954366833],[5551169.547492055222392,6199103.154709683731198],[5551172.462274006567895,6199104.503231233917177],[5551177.044894988648593,6199104.633434228599072],[5551181.619979610666633,6199103.388094639405608],[5551189.846850208938122,6199098.628321148455143],[5551195.491742799058557,6199096.167931559495628],[5551203.730255846865475,6199095.213118250481784],[5551214.414369638077915,6199092.259171207435429],[5551223.868187819607556,6199089.77788108587265],[5551230.591133121401072,6199089.286183901131153],[5551239.762143475003541,6199090.600371910259128],[5551246.805374132469296,6199093.146498303860426],[5551250.648596593178809,6199096.020791641436517],[5551256.18124664761126,6199103.289894297719002],[5551259.566102460026741,6199106.466220908798277],[5551264.768428916111588,6199108.867127769626677],[5551272.579510544426739,6199112.174465875141323],[5551285.158804203383625,6199120.924668420106173],[5551293.574568994343281,6199123.762746586464345],[5551300.311730103567243,6199125.855684297159314],[5551304.609943446703255,6199129.481808526441455],[5551306.318712238222361,6199134.042905443347991],[5551307.28212901763618,6199143.611220193095505],[5551308.22142041195184,6199147.111576319672167],[5551312.371587650850415,6199152.258306305855513],[5551327.267775807529688,6199165.710422521457076],[5551333.856919248588383,6199169.323945948854089],[5551339.983542397618294,6199170.810073466971517],[5551347.46432850882411,6199170.924265315756202],[5551356.326814635656774,6199169.655273405835032],[5551373.263950157910585,6199166.067723560146987],[5551388.539964153431356,6199164.918736102990806],[5551406.268304781988263,6199166.340992121957242],[5551423.833568034693599,6199164.879827214404941],[5551434.204028039239347,6199161.77204823307693],[5551443.188594356179237,6199155.942912065424025],[5551449.110250067897141,6199148.610840027220547],[5551452.880692329257727,6199139.926124130375683],[5551454.069148492068052,6199133.529776688665152],[5551454.158552353270352,6199123.03492272272706],[5551452.131925910711288,6199115.901932200416923],[5551448.571324007585645,6199107.557115129195154],[5551439.758085967972875,6199087.681893608532846],[5551435.894688867032528,6199079.482953385449946],[5551431.584719510748982,6199073.727019609883428],[5551426.208395792171359,6199069.807366412132978],[5551417.163618522696197,6199063.012524054385722],[5551415.766843256540596,6199059.980618976056576],[5551415.90395416598767,6199056.47434807382524],[5551418.928349621593952,6199050.988651820458472],[5551426.651498396880925,6199038.321840598247945],[5551432.567188171669841,6199031.588853501714766],[5551442.592896167188883,6199021.039284153841436],[5551446.412690781056881,6199019.653758521191776],[5551451.144130201078951,6199020.082528813742101],[5551456.671062720008194,6199024.622568807564676],[5551462.217190144583583,6199032.645829702727497],[5551462.705682807601988,6199037.812666239216924],[5551465.018370884470642,6199041.760271298699081],[5551469.171941897831857,6199047.517051757313311],[5551475.325343988835812,6199053.872947957366705],[5551480.846378052607179,6199057.336945982649922],[5551485.126167779788375,6199057.612880761735141],[5551487.555075644515455,6199055.935482352040708],[5551491.199945681728423,6199051.189600312151015],[5551494.348840740509331,6199039.923527154140174],[5551497.342118320986629,6199028.802524822764099],[5551497.312763947993517,6199023.477850819006562],[5551495.148982892744243,6199019.840048040263355],[5551490.372325394302607,6199012.877531934529543],[5551489.277396783232689,6199007.858253451064229],[5551489.706408093683422,6199002.231530758552253],[5551491.962903183884919,6198995.984596930444241],[5551498.189675750210881,6198988.950329734012485],[5551507.629030054435134,6198982.208959717303514],[5551509.579368232749403,6198977.172890914604068],[5551508.487002120353281,6198972.619523363187909],[5551505.867401965893805,6198968.074576837942004],[5551502.03169973846525,6198964.90082398802042],[5551496.059079415164888,6198962.959125401452184],[5551491.168694660998881,6198962.065331275574863],[5551488.098361526615918,6198960.873073974624276],[5551485.180181615054607,6198957.239427103661001],[5551479.652479301206768,6198952.555193898268044],[5551473.515002544037998,6198947.4083944959566],[5551465.239023339934647,6198943.205220041796565],[5551459.580881125293672,6198941.561287816613913],[5551452.852185537107289,6198940.988216395489872],[5551443.081615032628179,6198942.717135097831488],[5551438.661334958858788,6198943.651137080974877],[5551435.923062487505376,6198945.951457775197923],[5551430.914829712361097,6198952.058221647515893],[5551427.416295567527413,6198954.972863078117371],[5551423.450970612466335,6198956.658704652450979],[5551418.554816067218781,6198956.3861352680251],[5551400.190358093939722,6198949.642573843710124],[5551387.943225475028157,6198946.060226459987462],[5551384.109220616519451,6198943.185938591137528],[5551382.255806328728795,6198939.091573311015964],[5551379.148641223087907,6198931.199065267108381],[5551376.374408428557217,6198925.29044490493834],[5551374.812050518579781,6198920.584339907392859],[5551374.330248879268765,6198914.951538912020624],[5551375.985458357259631,6198911.448011902160943],[5551380.850651082582772,6198906.096415881067514],[5551391.362224004231393,6198900.258924000896513],[5551397.286272482015193,6198895.056801124475896],[5551403.056397191248834,6198888.635246475227177],[5551406.099974123761058,6198886.643870300613344],[5551410.831324920989573,6198885.39755570050329],[5551421.367161056026816,6198883.975072314031422],[5551428.687080840580165,6198881.649530837312341],[5551432.64143920969218,6198877.978026445023715],[5551436.113186948932707,6198870.204616450704634],[5551439.580713589675725,6198861.665782961063087],[5551443.363628167659044,6198855.266239068470895],[5551445.924513643607497,6198849.161852826364338],[5551448.327623897232115,6198841.139174865558743],[5551453.037871742621064,6198832.726611553691328],[5551455.903941691853106,6198823.569853160530329],[5551458.045851709321141,6198819.908321412280202],[5551460.51208455581218,6198816.666551927104592],[5551465.369443297386169,6198814.920311130583286],[5551473.572901288047433,6198814.331530422903597],[5551486.101608974859118,6198813.940770559944212],[5551493.777454913593829,6198814.442034621722996],[5551499.0668776454404,6198814.301938899792731],[5551503.170374033041298,6198812.659675373695791],[5551506.279431067407131,6198809.203574138693511],[5551510.474703598767519,6198805.852415827102959],[5551516.518242382444441,6198803.988672506064177],[5551530.765284017659724,6198801.547187196090817],[5551541.776516607031226,6198801.264564658515155],[5551557.868333213962615,6198799.678144235163927],[5551569.324717748910189,6198800.036449979990721],[5551573.754717609845102,6198800.877277029678226],[5551580.471342128701508,6198804.279146939516068],[5551596.950482310727239,6198814.516099199652672],[5551600.966726360842586,6198817.067584736272693],[5551605.285172136500478,6198817.698238410055637],[5551612.411053805612028,6198816.904514191672206],[5551619.314604679122567,6198814.170665750280023],[5551630.078624669462442,6198807.444031841121614],[5551639.012433003634214,6198800.838437812402844],[5551642.761514559388161,6198795.004761005751789],[5551644.361156334169209,6198791.457117281854153],[5551644.131093845702708,6198788.11927142739296],[5551643.446979244239628,6198782.53197277430445],[5551643.524075403809547,6198776.507822135463357],[5551644.014558536931872,6198767.042427077889442],[5551645.687977447174489,6198758.535618282854557],[5551645.876698355190456,6198752.732718487270176],[5551645.955571040511131,6198747.030266762711108],[5551646.894826972857118,6198742.188344018533826],[5551650.324272180907428,6198736.78907380066812],[5551654.089393089525402,6198733.861777635291219],[5551663.975979894399643,6198724.876897260546684],[5551676.018334563821554,6198713.095631597563624],[5551682.465337870642543,6198707.679653383791447],[5551686.130166203714907,6198706.583312578499317],[5551688.407896068878472,6198707.53583531267941],[5551692.084633897989988,6198708.591549196280539],[5551694.899820981547236,6198708.575968576595187],[5551699.755618046969175,6198708.227383131161332],[5551705.917574512772262,6198709.491203538142145],[5551709.18118879571557,6198712.368518174625933],[5551712.773756611160934,6198718.161579243838787],[5551714.636966616846621,6198722.344575143419206],[5551715.305962592363358,6198726.855891970917583],[5551714.138205447234213,6198730.30131690017879],[5551712.860047621652484,6198733.747352886945009],[5551712.894625355489552,6198739.992755321785808],[5551713.815375974401832,6198750.093760483898222],[5551715.774448981508613,6198753.311098049394786],[5551720.978115311823785,6198755.966891921125352],[5551725.734517789445817,6198755.940552884712815],[5551732.966565693728626,6198754.391795330680907],[5551741.694322577677667,6198750.471848735585809],[5551746.105264570564032,6198747.87374007422477],[5551749.003164298832417,6198744.518566374666989],[5551752.20908980909735,6198736.979466472752392],[5551759.549628953449428,6198716.826424310915172],[5551760.802132382057607,6198708.75456812325865],[5551761.308312091045082,6198703.804098282940686],[5551760.851447344757617,6198699.391449440270662],[5551757.795751788653433,6198692.530463092029095],[5551757.225539281032979,6198687.585958033800125],[5551758.064085029065609,6198682.844421422109008],[5551761.607184428721666,6198679.707536078058183],[5551769.692647495307028,6198676.112830099649727],[5551775.084703039377928,6198674.585330332629383],[5551781.030806725844741,6198675.084851626306772],[5551786.762140462175012,6198676.672715078108013],[5551796.162682346068323,6198676.298879559151828],[5551807.288010539487004,6198675.050181027501822],[5551815.697573444806039,6198673.494826473295689],[5551821.109529477544129,6198673.89744473900646],[5551827.05542263109237,6198676.016577340662479],[5551830.845518695190549,6198677.604091893881559],[5551833.677995746023953,6198680.70562453661114],[5551838.467580420896411,6198688.322410100139678],[5551849.449710450135171,6198701.052166378125548],[5551858.151987992227077,6198710.788251308724284],[5551860.855953505262733,6198712.281943405978382],[5551868.642141073942184,6198712.782285762950778],[5551874.477875494398177,6198713.28236096445471],[5551884.193303010426462,6198711.619851771742105],[5551891.852883352898061,6198709.203308280557394],[5551895.619151646271348,6198706.497775188647211],[5551901.515461557544768,6198699.686932035721838],[5551908.076563186943531,6198693.305033848620951],[5551913.334285630844533,6198687.47395287733525],[5551921.157646706327796,6198676.459072118625045],[5551925.231162482872605,6198669.447570621967316],[5551932.102063031867146,6198662.531448024325073]]}},
{"type":"Feature","properties":{"osm_id":674815987,"waterway":"stream","name":"Arroyo Suero"},"geometry":{"type":"LineString","coordinates":[[5548917.634636299684644,6197888.713873690925539],[5548925.867436232045293,6197895.61519330739975]]}},
{"type":"Feature","properties":{"osm_id":774864434,"waterway":"stream","name":null},"geometry":{"type":"LineString","coordinates":[[5549176.549817892722785,6188971.401012954302132],[5549186.389926423318684,6188974.311000816524029],[5549187.248988236300647,6188969.913425222039223],[5549196.057749124243855,6188967.226620566099882],[5549197.34404730796814,6188960.19762013759464],[5549213.166858322918415,6188949.131396904587746],[5549221.569220430217683,6188951.283494278788567],[5549261.721675590611994,6188951.071113514713943],[5549273.669480830430984,6188958.030087875202298],[5549330.643199515528977,6188966.958180955611169],[5549371.323049160651863,6188982.994556709192693],[5549384.610689395107329,6188993.019192919135094],[5549406.333487736992538,6189011.352478155866265],[5549418.750648135319352,6189023.589298718608916],[5549426.319851033389568,6189034.975453375838697],[5549444.070333217270672,6189054.638777296058834],[5549448.561096790246665,6189069.557912326417863],[5549455.290167409926653,6189090.599877782166004],[5549465.506320420652628,6189101.971940021961927],[5549480.514465298503637,6189103.644965506158769],[5549513.679404361173511,6189116.647758631035686],[5549528.769243235699832,6189131.943129042163491],[5549542.015236240811646,6189134.069171839393675],[5549548.611372751183808,6189130.084772204048932],[5549575.457773713395,6189116.318998814560473],[5549592.197799730114639,6189111.836805444210768],[5549642.100428034551442,6189118.160413272678852],[5549665.539428540505469,6189127.265225791372359],[5549677.450299047864974,6189127.201678748242557],[5549684.428849914111197,6189112.221448405645788],[5549694.450902691110969,6189088.893722204491496],[5549711.57309792842716,6189071.662799580954015],[5549728.704882055521011,6189057.959537394344807],[5549736.584188892506063,6189044.73832511715591],[5549750.200825306586921,6189033.682968340814114],[5549781.9767074175179,6189034.389498511329293],[5549791.287615416571498,6189043.125788321718574],[5549811.619786738418043,6189048.730197230353951],[5549827.500816309824586,6189048.645213731564581],[5549853.99252778571099,6189051.143651766702533],[5549865.042176336050034,6189055.03377487603575],[5549876.577466573566198,6189065.510845684446394],[5549885.428511734120548,6189070.73285457957536],[5549896.938244568184018,6189078.148220654577017],[5549917.666913105174899,6189075.396839407272637],[5549940.153112092986703,6189071.326946490444243],[5549957.855296675115824,6189081.770835904404521],[5549984.295208492316306,6189074.595615189522505],[5550013.436273907311261,6189077.523118603043258],[5550020.541737204417586,6189086.271030378527939],[5550044.410319897346199,6189093.164971486665308],[5550059.914051621221006,6189104.940617839805782],[5550069.623899892903864,6189105.764793048612773],[5550098.762706202454865,6189108.248301793821156],[5550126.611190013587475,6189116.88449009694159],[5550161.074488995596766,6189125.041217148303986],[5550184.535323387943208,6189138.093916070647538],[5550214.59915594290942,6189148.470682132989168],[5550234.514650419354439,6189160.222246140241623],[5550247.347885503433645,6189165.866169734857976],[5550266.777273556217551,6189169.277943097986281],[5550282.528783872723579,6189163.890171283856034]]}},
{"type":"Feature","properties":{"osm_id":774864435,"waterway":"stream","name":null},"geometry":{"type":"LineString","coordinates":[[5549158.48524181637913,6188965.217482346110046],[5549176.549817892722785,6188971.401012954302132]]}},
{"type":"Feature","properties":{"osm_id":775110841,"waterway":"stream","name":null},"geometry":{"type":"LineString","coordinates":[[5556486.704291277565062,6189269.759901576675475],[5556812.865472787991166,6189457.776894763112068],[5556902.407319322228432,6189456.398093626834452],[5557007.879973630420864,6189459.913066599518061],[5557112.455118993297219,6189453.448032842949033],[5557151.04784959834069,6189468.209901967085898],[5557220.64176866505295,6189490.269393848255277],[5557273.600801045075059,6189527.440468850545585],[5557306.248189622536302,6189528.903654800727963],[5557370.655294862575829,6189523.503790262155235],[5557409.951545238494873,6189516.594280896708369],[5557439.340800957754254,6189532.243734756484628],[5557455.133251858875155,6189514.651546877808869],[5557482.638962971046567,6189496.155000179074705],[5557532.043635324575007,6189500.853131337091327],[5557576.445534380152822,6189508.078019018284976],[5557589.170397896319628,6189535.489509006030858],[5557601.730431196279824,6189536.243847051635385],[5557618.374410847201943,6189521.142191036604345],[5557633.299166336655617,6189498.551804922521114],[5557655.926651797257364,6189504.247008718550205],[5557749.613542582839727,6189495.335058842785656],[5557806.518729438073933,6189494.149927049875259],[5557875.226396926678717,6189507.889783947728574],[5557946.359268357045949,6189506.615355265326798],[5558000.833196896128356,6189517.935681070201099],[5558085.322184470482171,6189512.405752625316381],[5558111.257906526327133,6189510.579870683141053],[5558182.494914725422859,6189525.965742526575923],[5558223.386506116017699,6189508.215357631444931],[5558272.800883418880403,6189512.909506848081946],[5558307.345505158416927,6189550.178914131596684],[5558351.837015707045794,6189571.555139142088592],[5558390.458450670354068,6189590.48297405987978],[5558428.318064372055233,6189622.73898371309042],[5558483.640150061808527,6189635.715243773534894],[5558544.885273782536387,6189659.492502750828862],[5558696.784250248223543,6189725.18732691463083],[5558784.219193629920483,6189787.115626119077206],[5558832.106030656024814,6189815.978608860634267],[5558878.220192115753889,6189829.010722646489739],[5558922.846269669011235,6189871.228517472743988],[5558947.231319946236908,6189888.568996217101812],[5558979.207494031637907,6189915.85678387619555],[5559014.561231865547597,6189948.126330843195319],[5559025.697331705130637,6189988.048628579825163],[5559067.614681310020387,6189998.610334244556725],[5559109.733076609671116,6190040.832066862843931],[5559116.577859047800303,6190064.950752163305879],[5559123.047065584920347,6190076.236377962864935]]}},
{"type":"Feature","properties":{"osm_id":775110842,"waterway":"stream","name":null},"geometry":{"type":"LineString","coordinates":[[5556473.094126938842237,6189262.476262260228395],[5556486.704291277565062,6189269.759901576675475]]}},
{"type":"Feature","properties":{"osm_id":775113034,"waterway":"stream","name":null},"geometry":{"type":"LineString","coordinates":[[5556198.714413424022496,6189046.312211766839027],[5556209.587368102744222,6189052.436841556802392],[5556232.277809569612145,6189062.80552783049643],[5556373.653284983709455,6189208.853005114011467],[5556415.609348525293171,6189226.925623400136828],[5556439.97371166292578,6189243.440660360269248],[5556473.094126938842237,6189262.476262260228395]]}},
{"type":"Feature","properties":{"osm_id":775113035,"waterway":"stream","name":null},"geometry":{"type":"LineString","coordinates":[[5556186.514649887569249,6189004.60707149002701],[5556198.714413424022496,6189046.312211766839027]]}},
{"type":"Feature","properties":{"osm_id":775115541,"waterway":"stream","name":null},"geometry":{"type":"LineString","coordinates":[[5559813.818296148441732,6190632.813554124906659],[5559825.833575073629618,6190638.64935168903321],[5559859.406098122708499,6190651.768335480242968],[5559878.606186998076737,6190644.145570020191371],[5559898.792741537094116,6190659.846541491337121],[5559911.451000126078725,6190675.595892830751836],[5559940.848220116458833,6190691.23753066547215],[5559955.061615248210728,6190688.649969420395792],[5559967.50547787733376,6190671.075049571692944],[5559979.246882770210505,6190674.327574852854013],[5559986.88790428917855,6190691.773190901614726],[5559986.190933548845351,6190713.443742101080716],[5559987.971210655756295,6190730.095066003501415],[5560003.932734429836273,6190739.155688125640154],[5560020.67174128908664,6190739.04784934502095],[5560037.437631156295538,6190743.111051507294178],[5560041.763558936305344,6190763.917203434742987],[5560046.048063345253468,6190779.720345926471055],[5560058.647656112909317,6190786.306456213817],[5560081.16157978400588,6190773.65863682795316],[5560102.076208531856537,6190771.027630101889372],[5560137.264927150681615,6190776.624740171246231],[5560169.955025934614241,6190783.913011883385479],[5560197.561614693142474,6190781.238563728518784],[5560229.361420613713562,6190780.200983633287251],[5560238.502040701918304,6190769.314390444196761],[5560290.327468209899962,6190758.972559072077274],[5560319.5637695370242,6190749.619860637001693],[5560353.218347520567477,6190775.228107014670968],[5560381.655970141291618,6190771.71569686755538],[5560420.158481105230749,6190772.298077040351927],[5560492.903728957287967,6190760.166435624472797],[5560534.669316807761788,6190746.560436710715294],[5560550.582674263976514,6190748.121073476038873],[5560556.497686420567334,6190757.246058388613164],[5560583.262204451486468,6190753.743906419724226],[5560621.74671864695847,6190750.154319836758077],[5560644.422599161975086,6190762.509378360584378],[5560667.161989309825003,6190783.195374847389758],[5560679.638823255896568,6190772.275516883470118],[5560690.386786407791078,6190751.38253010623157],[5560698.712041365914047,6190743.828910865820944],[5560711.252274197526276,6190741.240002079866827],[5560722.208163256756961,6190753.671249473467469],[5560757.439060509204865,6190764.269030777737498],[5560784.199771727435291,6190761.598356767557561],[5560812.588261297903955,6190750.585570489987731],[5560824.259387059137225,6190743.00999370124191],[5560839.987752395682037,6190716.237896325066686],[5560854.113854758441448,6190700.314835860393941],[5560873.411283346824348,6190707.688128154724836],[5560886.84243911318481,6190713.435663190670311],[5560921.866325050592422,6190692.372595516964793],[5560925.097855942323804,6190674.856605302542448],[5560929.171300401911139,6190658.167138203978539],[5560962.67629464622587,6190662.108082436956465],[5560982.759425497613847,6190660.312561854720116],[5560990.145935760810971,6190638.598089571110904],[5561000.067463427782059,6190619.374199169687927],[5561017.566315252333879,6190607.588952544145286],[5561034.408835439011455,6190623.309406239539385],[5561096.328873319551349,6190620.407382897101343],[5561113.825883870944381,6190606.95790065638721],[5561115.416889544576406,6190594.45588472019881],[5561127.863924055360258,6190577.711377038620412],[5561164.856903051026165,6190603.294822200201452],[5561206.746820326894522,6190608.85498324688524],[5561248.499805451370776,6190593.581763992086053],[5561267.715112006291747,6190588.45210716035217],[5561281.928022214211524,6190585.862513784319162],[5561291.067163615487516,6190574.96377179119736],[5561289.308301898650825,6190563.315794778987765],[5561302.635338478721678,6190553.232610154896975],[5561326.856665913946927,6190544.741750467568636],[5561347.029002474620938,6190557.932533264160156],[5561362.111280801706016,6190560.340380541048944],[5561376.29664062615484,6190553.579565514810383],[5561390.586312073282897,6190562.648851700127125],[5561393.26047089509666,6190587.625491494312882],[5561405.018832935020328,6190593.383308691903949],[5561412.479398239403963,6190581.66347748041153],[5561427.424346396699548,6190563.23802300915122],[5561447.459509673528373,6190555.60648647416383],[5561460.05983299203217,6190562.190712958574295],[5561460.125781941227615,6190572.185766570270061],[5561481.987876977771521,6190587.872304901480675],[5561504.607748112641275,6190590.230168492533267],[5561527.884259850718081,6190566.746241199783981],[5561566.43377875816077,6190573.147789863869548],[5561589.0168686946854,6190571.334431876428425],[5561602.343601467087865,6190561.250814208760858],[5561609.759870521724224,6190542.874846017919481],[5561617.981302189640701,6190521.15431771427393],[5561630.405252409167588,6190501.070041877217591],[5561657.119051618501544,6190490.065721779130399],[5561683.045980374328792,6190486.565929165109992],[5561733.361168710514903,6190501.231383112259209],[5561749.318549355491996,6190509.457038682885468],[5561753.58739972114563,6190521.088301136158407],[5561772.054254775866866,6190529.297281068749726],[5561792.288068888708949,6190551.661261354573071],[5561815.749870718456805,6190554.83372397813946],[5561823.189731276594102,6190541.460715835914016],[5561833.995630946010351,6190529.718330114148557],[5561844.724092069081962,6190506.316879749298096],[5561854.645584842190146,6190488.756103965453804],[5561873.033087581396103,6190483.630683661438525],[5561894.663196875713766,6190464.32801101077348],[5561921.337801935151219,6190447.487853305414319],[5561933.777674342505634,6190429.910244925878942],[5561947.873752570711076,6190409.814407623372972],[5561961.223961898125708,6190404.733403243124485],[5561971.935272922739387,6190378.824710416607559],[5561974.311644940637052,6190358.81789259146899],[5562006.032242948189378,6190346.10407474078238],[5562016.748972199857235,6190321.038416099734604],[5562029.144090095534921,6190296.793599625118077],[5562038.209962029010057,6190275.067043787799776],[5562040.636112011037767,6190262.559274008497596],[5562039.72675771638751,6190250.2401288067922]]}},
{"type":"Feature","properties":{"osm_id":775115542,"waterway":"stream","name":null},"geometry":{"type":"LineString","coordinates":[[5559801.058620407246053,6190625.573616482317448],[5559813.818296148441732,6190632.813554124906659]]}},
{"type":"Feature","properties":{"osm_id":775115590,"waterway":"stream","name":null},"geometry":{"type":"LineString","coordinates":[[5559131.684472383931279,6190091.690567201003432],[5559144.526411825791001,6190116.425682826898992],[5559179.15627215243876,6190166.205115304328501],[5559191.002644448541105,6190186.120724691078067],[5559236.30395829770714,6190202.495481771416962],[5559265.190748620778322,6190269.794838450849056],[5559303.954920677468181,6190310.384095607325435],[5559325.908139487728477,6190341.062655420042574],[5559345.421256859786808,6190382.606374947354198],[5559366.616588682867587,6190424.128238942474127],[5559383.440025602467358,6190437.355652363039553],[5559432.024917955510318,6190443.702007501386106],[5559463.040325456298888,6190451.003414295613766],[5559495.073217783123255,6190486.631596610881388],[5559537.020031380467117,6190501.362290496006608],[5559569.847142962738872,6190530.30672193877399],[5559586.671063554473221,6190543.533772753551602],[5559637.839344159699976,6190559.869083809666336],[5559683.137956216000021,6190575.409698400646448],[5559763.710133927874267,6190609.893813449889421],[5559793.080117635428905,6190621.364841861650348],[5559801.058620407246053,6190625.573616482317448]]}},
{"type":"Feature","properties":{"osm_id":775115591,"waterway":"stream","name":null},"geometry":{"type":"LineString","coordinates":[[5559123.047065584920347,6190076.236377962864935],[5559131.684472383931279,6190091.690567201003432]]}},
{"type":"Feature","properties":{"osm_id":804642064,"waterway":"stream","name":null},"geometry":{"type":"LineString","coordinates":[[5553167.899903725832701,6204421.595768311060965],[5553177.355861401185393,6204434.820785442367196],[5553169.444858258590102,6204476.399250410497189]]}},
{"type":"Feature","properties":{"osm_id":804642067,"waterway":"stream","name":null},"geometry":{"type":"LineString","coordinates":[[5552587.579478898085654,6204367.610960597172379],[5552607.41620915569365,6204426.238716364838183]]}},
{"type":"Feature","properties":{"osm_id":815495951,"waterway":"drain","name":null},"geometry":{"type":"LineString","coordinates":[[5547316.749727531336248,6186792.179034290835261],[5547302.512072430923581,6186803.877456420101225]]}},
{"type":"Feature","properties":{"osm_id":815495952,"waterway":"drain","name":null},"geometry":{"type":"LineString","coordinates":[[5547329.782729941420257,6186787.520015068352222],[5547343.200718545354903,6186775.459635017439723]]}},
{"type":"Feature","properties":{"osm_id":815930965,"waterway":"drain","name":null},"geometry":{"type":"LineString","coordinates":[[5550470.315703666768968,6186481.724182938225567],[5550467.244930225424469,6186498.303579381667078]]}},
{"type":"Feature","properties":{"osm_id":815930966,"waterway":"drain","name":null},"geometry":{"type":"LineString","coordinates":[[5550529.495410373434424,6186488.269830157049],[5550525.901993066072464,6186505.029584136791527]]}},
{"type":"Feature","properties":{"osm_id":815930967,"waterway":"drain","name":null},"geometry":{"type":"LineString","coordinates":[[5550499.45034393761307,6186445.999992386437953],[5550501.195857925340533,6186427.342182093299925]]}},
{"type":"Feature","properties":{"osm_id":815930968,"waterway":"drain","name":null},"geometry":{"type":"LineString","coordinates":[[5550558.511731996200979,6186452.79015333764255],[5550560.029739992693067,6186437.938670387491584]]}},
{"type":"Feature","properties":{"osm_id":816328461,"waterway":"drain","name":null},"geometry":{"type":"LineString","coordinates":[[5555367.351903703995049,6186680.20919063873589],[5555359.352769550867379,6186693.23641902115196]]}},
{"type":"Feature","properties":{"osm_id":816328462,"waterway":"drain","name":null},"geometry":{"type":"LineString","coordinates":[[5555373.77149722725153,6186670.419622332789004],[5555379.574746661819518,6186660.511687822639942]]}},
{"type":"Feature","properties":{"osm_id":816328463,"waterway":"drain","name":null},"geometry":{"type":"LineString","coordinates":[[5555289.414053792133927,6186630.518155278638005],[5555280.7148053413257,6186641.707923912443221]]}},
{"type":"Feature","properties":{"osm_id":816328464,"waterway":"drain","name":null},"geometry":{"type":"LineString","coordinates":[[5555311.107346910983324,6186628.880451298318803],[5555316.915129641070962,6186613.547712607309222]]}},
{"type":"Feature","properties":{"osm_id":817051558,"waterway":"drain","name":null},"geometry":{"type":"LineString","coordinates":[[5553707.621797860600054,6186961.368108437396586],[5553720.691261915490031,6186966.684165889397264]]}},
{"type":"Feature","properties":{"osm_id":817051559,"waterway":"drain","name":null},"geometry":{"type":"LineString","coordinates":[[5553691.383788390085101,6186964.279622952453792],[5553690.214941273443401,6186963.953558909706771],[5553674.734776232391596,6186959.660890009254217]]}},
{"type":"Feature","properties":{"osm_id":817051560,"waterway":"drain","name":null},"geometry":{"type":"LineString","coordinates":[[5553755.773147611878812,6186898.200079679489136],[5553765.39008878543973,6186905.532880523242056]]}},
{"type":"Feature","properties":{"osm_id":817051561,"waterway":"drain","name":null},"geometry":{"type":"LineString","coordinates":[[5553739.868630546145141,6186899.967107864096761],[5553739.048690039664507,6186899.594659948721528],[5553719.739464466460049,6186890.964378219097853]]}},
{"type":"Feature","properties":{"osm_id":817051564,"waterway":"drain","name":null},"geometry":{"type":"LineString","coordinates":[[5553739.048690039664507,6186899.594659948721528],[5553745.715502430684865,6186890.925283392891288],[5553752.546153702773154,6186881.988707344047725],[5553759.536775147542357,6186873.705727212131023],[5553765.874289201572537,6186866.890878697857261],[5553772.281562197953463,6186861.018583218567073],[5553779.432245003059506,6186854.997768083587289],[5553786.723693158477545,6186849.486441596411169],[5553794.679190611466765,6186844.403921975754201],[5553804.178309754468501,6186839.312467887997627],[5553814.625543124042451,6186834.515048152767122],[5553825.161365171894431,6186830.737720446661115],[5553834.591690019704401,6186828.053956545889378],[5553845.063686236739159,6186825.952117788605392],[5553860.430901647545397,6186823.455836248584092],[5553885.329995614476502,6186819.950267829932272],[5553893.962780505418777,6186819.179172244854271],[5553934.262981943786144,6186817.447972381487489],[5553972.92944906745106,6186814.450305232778192],[5553983.644609001465142,6186813.090174186043441],[5553998.791123281233013,6186810.572756396606565],[5554004.966765548102558,6186809.150199945084751],[5554022.746069738641381,6186794.813801444135606],[5554025.103347170166671,6186795.676511527039111]]}},
{"type":"Feature","properties":{"osm_id":817051565,"waterway":"drain","name":null},"geometry":{"type":"LineString","coordinates":[[5553690.214941273443401,6186963.953558909706771],[5553616.591318860650063,6187057.376226419582963],[5553579.801983109675348,6187099.311381840147078],[5553575.599227211438119,6187095.519369196146727]]}},
{"type":"Feature","properties":{"osm_id":817686009,"waterway":"drain","name":null},"geometry":{"type":"LineString","coordinates":[[5547288.380326456390321,6186740.616356747224927],[5547301.438158256933093,6186728.20287377294153]]}},
{"type":"Feature","properties":{"osm_id":817686010,"waterway":"drain","name":null},"geometry":{"type":"LineString","coordinates":[[5547275.828366585075855,6186747.713450340554118],[5547259.915112697519362,6186756.946467046625912]]}},
{"type":"Feature","properties":{"osm_id":817918116,"waterway":"stream","name":null},"geometry":{"type":"LineString","coordinates":[[5546905.991720101796091,6186837.679236585274339],[5546954.508719283156097,6186830.811652838252485],[5547004.000098558142781,6186822.219396051950753],[5547040.686835179105401,6186814.434897002764046],[5547066.255517778918147,6186803.012366075068712],[5547083.711806037463248,6186793.605473131872714],[5547115.666398197412491,6186776.759028897620738],[5547134.57773769274354,6186764.393791612237692]]}},
{"type":"Feature","properties":{"osm_id":817918117,"waterway":"stream","name":null},"geometry":{"type":"LineString","coordinates":[[5547149.325391848571599,6186757.208107837475836],[5547184.955972878262401,6186736.914889392443001],[5547188.48462840821594,6186733.358155898749828],[5547190.511401674710214,6186728.977025490254164],[5547196.563076545484364,6186708.378926996141672],[5547197.116330465301871,6186701.520320764742792],[5547197.484076799824834,6186687.07468344643712],[5547188.790745766833425,6186670.53396410215646],[5547157.250120529904962,6186634.817443889565766],[5547160.351466653868556,6186632.161461959592998]]}},
{"type":"Feature","properties":{"osm_id":817918118,"waterway":"stream","name":null},"geometry":{"type":"LineString","coordinates":[[5547134.57773769274354,6186764.393791612237692],[5547149.325391848571599,6186757.208107837475836]]}},
{"type":"Feature","properties":{"osm_id":817918119,"waterway":"stream","name":null},"geometry":{"type":"LineString","coordinates":[[5547417.464187868870795,6186628.236335310153663],[5547477.683645248413086,6186597.588364217430353],[5547507.772524021565914,6186577.311073041521013],[5547549.225157728418708,6186545.88206525053829],[5547616.030504223890603,6186486.311939646489918],[5547669.813822858035564,6186438.955486865714192],[5547730.923305905424058,6186390.562700909562409],[5547774.60308619774878,6186360.152925280854106],[5547828.643296050839126,6186325.529590571299195],[5547893.03601476829499,6186292.328074893914163],[5547966.308568549342453,6186260.056547231972218],[5548055.852827101014555,6186229.663933909498155],[5548125.757749624550343,6186212.628883142024279],[5548201.114550857804716,6186203.408192799426615],[5548267.625524752773345,6186198.148824510164559],[5548330.019963,6186199.899311411194503],[5548371.648690575733781,6186203.177375381812453],[5548393.361876102164388,6186207.157948496751487],[5548408.568071244284511,6186210.750785076059401]]}},
{"type":"Feature","properties":{"osm_id":817918120,"waterway":"stream","name":null},"geometry":{"type":"LineString","coordinates":[[5547402.855721614323556,6186635.610332785174251],[5547417.464187868870795,6186628.236335310153663]]}},
{"type":"Feature","properties":{"osm_id":817918121,"waterway":"stream","name":null},"geometry":{"type":"LineString","coordinates":[[5547177.589822111651301,6186616.099372365511954],[5547180.006277703680098,6186614.278871678747237],[5547217.992516892030835,6186649.097305736504495],[5547237.711741188541055,6186665.626389780081809],[5547257.392488826066256,6186674.567655110731721],[5547272.645535724237561,6186678.28414196614176],[5547293.463839029893279,6186679.631577459163964],[5547318.357784725725651,6186676.587385491468012],[5547343.80711680278182,6186667.128239921294153],[5547402.855721614323556,6186635.610332785174251]]}},
{"type":"Feature","properties":{"osm_id":817918122,"waterway":"stream","name":null},"geometry":{"type":"LineString","coordinates":[[5547160.351466653868556,6186632.161461959592998],[5547177.589822111651301,6186616.099372365511954]]}},
{"type":"Feature","properties":{"osm_id":817918123,"waterway":"stream","name":null},"geometry":{"type":"LineString","coordinates":[[5547252.211356269195676,6186864.714828160591424],[5547260.115036315284669,6186863.221428380347788],[5547278.13866950199008,6186864.217014737427235],[5547307.201230335980654,6186873.143776725046337],[5547378.618843531236053,6186897.5410863077268],[5547390.651779705658555,6186900.364114540629089],[5547395.275849419645965,6186900.806486248970032],[5547400.185013734735548,6186899.494625831954181]]}},
{"type":"Feature","properties":{"osm_id":817918124,"waterway":"stream","name":null},"geometry":{"type":"LineString","coordinates":[[5547057.933504645712674,6186894.365240460261703],[5547079.481792379170656,6186892.802966472692788],[5547110.760293961502612,6186889.349849279969931],[5547124.834359747357666,6186887.004395702853799],[5547139.753992394544184,6186886.518347909674048],[5547169.196488090790808,6186888.842968488112092],[5547186.616603415459394,6186890.407562389969826],[5547236.03481915127486,6186869.190014213323593]]}},
{"type":"Feature","properties":{"osm_id":817918125,"waterway":"stream","name":null},"geometry":{"type":"LineString","coordinates":[[5547236.03481915127486,6186869.190014213323593],[5547252.211356269195676,6186864.714828160591424]]}},
{"type":"Feature","properties":{"osm_id":819803403,"waterway":"stream","name":null},"geometry":{"type":"LineString","coordinates":[[5549245.263328288681805,6186110.798367152921855],[5549357.178481225855649,6186285.483631099574268]]}},
{"type":"Feature","properties":{"osm_id":819803404,"waterway":"stream","name":null},"geometry":{"type":"LineString","coordinates":[[5549429.980273275636137,6186411.053475645370781],[5549440.679884023964405,6186430.953950591385365],[5549310.885118896141648,6186549.800557099282742],[5549257.19126542005688,6186593.549638002179563],[5549174.55208910536021,6186650.874669814482331],[5549156.580090299248695,6186661.364327147603035]]}},
{"type":"Feature","properties":{"osm_id":819803405,"waterway":"stream","name":null},"geometry":{"type":"LineString","coordinates":[[5549418.928873871453106,6186394.105748401023448],[5549429.980273275636137,6186411.053475645370781]]}},
{"type":"Feature","properties":{"osm_id":819803406,"waterway":"stream","name":null},"geometry":{"type":"LineString","coordinates":[[5549409.277040818706155,6186370.793955731205642],[5549418.928873871453106,6186394.105748401023448]]}},
{"type":"Feature","properties":{"osm_id":819803407,"waterway":"stream","name":null},"geometry":{"type":"LineString","coordinates":[[5549382.768875512294471,6186327.392449296079576],[5549409.277040818706155,6186370.793955731205642]]}},
{"type":"Feature","properties":{"osm_id":819803408,"waterway":"stream","name":null},"geometry":{"type":"LineString","coordinates":[[5549367.254156979732215,6186302.137082706205547],[5549382.768875512294471,6186327.392449296079576]]}},
{"type":"Feature","properties":{"osm_id":819803409,"waterway":"stream","name":null},"geometry":{"type":"LineString","coordinates":[[5549357.178481225855649,6186285.483631099574268],[5549367.254156979732215,6186302.137082706205547]]}},
{"type":"Feature","properties":{"osm_id":819916682,"waterway":"stream","name":null},"geometry":{"type":"LineString","coordinates":[[5550459.845132745802402,6185676.363416626118124],[5550454.523935783654451,6185689.593680986203253],[5550443.01010614912957,6185706.152335770428181],[5550428.584197991527617,6185721.084913480095565],[5550421.191596740856767,6185731.852515147067606],[5550417.553274220786989,6185748.77889531198889],[5550399.455598964355886,6185850.782838312909007],[5550390.47793073579669,6185877.644724568352103],[5550367.878694226965308,6185913.666042482480407],[5550327.952026144601405,6185963.381837531924248],[5550311.453620040789247,6185979.146359331905842],[5550308.077276623807847,6185981.716151411645114]]}},
{"type":"Feature","properties":{"osm_id":819916683,"waterway":"stream","name":null},"geometry":{"type":"LineString","coordinates":[[5550303.057768574915826,6185984.549982637166977],[5550290.805231372825801,6185992.048956658691168],[5550253.24926957115531,6186021.550153019838035],[5550208.306277415715158,6186064.69182220287621],[5550165.459349205717444,6186111.549406598322093],[5550141.531288824044168,6186133.133446941152215],[5550115.089123601093888,6186148.540745681151748],[5550089.514006012119353,6186169.711965554393828],[5550068.504425457678735,6186194.164426525123417],[5549951.497880644164979,6186324.344467477872968],[5549937.490333859808743,6186340.516475244425237],[5549934.604696379974484,6186343.826762148179114],[5549933.342991265468299,6186350.123598426580429]]}},
{"type":"Feature","properties":{"osm_id":819916684,"waterway":"stream","name":null},"geometry":{"type":"LineString","coordinates":[[5550308.077276623807847,6185981.716151411645114],[5550303.057768574915826,6185984.549982637166977]]}},
{"type":"Feature","properties":{"osm_id":819916685,"waterway":"stream","name":null},"geometry":{"type":"LineString","coordinates":[[5549931.388323477469385,6186362.547813371755183],[5549930.196798076853156,6186366.514619396999478],[5549928.202065385878086,6186369.764653679914773],[5549918.984357046894729,6186379.643043598160148],[5549917.673759748227894,6186381.968636324629188],[5549916.575016527436674,6186384.39293419662863]]}},
{"type":"Feature","properties":{"osm_id":819916686,"waterway":"stream","name":null},"geometry":{"type":"LineString","coordinates":[[5549933.342991265468299,6186350.123598426580429],[5549931.388323477469385,6186362.547813371755183]]}},
{"type":"Feature","properties":{"osm_id":819916687,"waterway":"stream","name":null},"geometry":{"type":"LineString","coordinates":[[5549913.365359291434288,6186400.950692287646234],[5549912.274389816448092,6186406.536619246937335]]}},
{"type":"Feature","properties":{"osm_id":819916688,"waterway":"stream","name":null},"geometry":{"type":"LineString","coordinates":[[5549916.575016527436674,6186384.39293419662863],[5549913.365359291434288,6186400.950692287646234]]}},
{"type":"Feature","properties":{"osm_id":819916689,"waterway":"stream","name":null},"geometry":{"type":"LineString","coordinates":[[5549909.154213729314506,6186422.650151589885354],[5549881.717047826386988,6186442.921088060364127]]}},
{"type":"Feature","properties":{"osm_id":819916690,"waterway":"stream","name":null},"geometry":{"type":"LineString","coordinates":[[5549912.274389816448092,6186406.536619246937335],[5549909.154213729314506,6186422.650151589885354]]}},
{"type":"Feature","properties":{"osm_id":819916691,"waterway":"stream","name":null},"geometry":{"type":"LineString","coordinates":[[5549872.419177230447531,6186458.435398440808058],[5549858.119568974711001,6186469.894071442075074],[5549847.320096564479172,6186477.82839381787926],[5549838.607007649727166,6186492.751574484631419],[5549829.319948491640389,6186510.306999513879418],[5549822.044068547897041,6186519.098807625472546],[5549638.329904933460057,6186691.92046230006963],[5549628.401257957331836,6186699.550347248092294]]}},
{"type":"Feature","properties":{"osm_id":819916692,"waterway":"stream","name":null},"geometry":{"type":"LineString","coordinates":[[5549881.717047826386988,6186442.921088060364127],[5549872.419177230447531,6186458.435398440808058]]}},
{"type":"Feature","properties":{"osm_id":819916693,"waterway":"stream","name":null},"geometry":{"type":"LineString","coordinates":[[5549617.313575924374163,6186708.661848532035947],[5549588.739299762994051,6186736.525955940596759],[5549444.017317005433142,6186873.902484660036862],[5549434.647209299728274,6186881.229660069569945],[5549425.578390704467893,6186881.277845473960042],[5549418.610031528398395,6186880.627063376829028],[5549406.75899566244334,6186881.033909912221134],[5549399.720961973071098,6186882.835161795839667]]}},
{"type":"Feature","properties":{"osm_id":819916694,"waterway":"stream","name":null},"geometry":{"type":"LineString","coordinates":[[5549628.401257957331836,6186699.550347248092294],[5549617.313575924374163,6186708.661848532035947]]}},
{"type":"Feature","properties":{"osm_id":819979219,"waterway":"river","name":"Arroyo de Giles"},"geometry":{"type":"LineString","coordinates":[[5548862.840783595107496,6185818.658243907615542],[5548866.975447368808091,6185855.433899255469441],[5548870.712113180197775,6185909.129339637234807],[5548875.455493045970798,6185921.862019770778716],[5548878.014416046440601,6185940.252806196920574],[5548879.342185369692743,6185958.638968713581562],[5548888.124362017959356,6185989.876677565276623],[5548894.674933461472392,6186017.798039003275335],[5548894.803591938689351,6186038.77530365716666],[5548892.905682511627674,6186053.506448339670897],[5548883.881998254917562,6186070.726727029308677],[5548870.235794906504452,6186099.985621010884643],[5548868.096181025728583,6186115.938320970162749],[5548871.874814950861037,6186130.395572663284838],[5548891.94871652405709,6186152.854387722909451],[5548903.094830839894712,6186163.589830494485795],[5548917.680032791569829,6186171.367377428337932],[5548934.974108284339309,6186180.595000955276191],[5548944.427891377359629,6186197.962159125134349],[5548954.863693998195231,6186213.371671098284423],[5548963.997124402783811,6186216.995564792305231],[5548982.011501424014568,6186223.401544014923275],[5548997.10526757594198,6186233.505939517170191],[5549012.27429136633873,6186249.167792311869562],[5549020.435592732392251,6186263.57970276940614],[5549021.994846218265593,6186278.758580185472965],[5549021.33026859909296,6186283.410287983715534],[5549017.236861598677933,6186312.142015192657709],[5549016.345559163950384,6186329.563613463193178],[5549017.358401225879788,6186335.204901771619916],[5549018.248560724779963,6186345.461760480888188],[5549018.581405205652118,6186349.342754928395152],[5549017.285634926520288,6186371.958273134194314],[5549016.9035783438012,6186377.917531854473054],[5549018.34419787209481,6186386.274489265866578],[5549059.271292896009982,6186475.805670935660601],[5549079.738140493631363,6186516.788271348923445],[5549092.839195405133069,6186535.700228145346045],[5549099.585965664125979,6186544.905558686703444],[5549102.09682188834995,6186555.819467167370021],[5549104.276806245557964,6186568.454624137841165],[5549107.951155045069754,6186580.460651863366365],[5549118.807607938535511,6186597.099147696048021],[5549143.354119186289608,6186624.082174897193909],[5549149.121576827019453,6186633.991538369096816],[5549153.39312734734267,6186647.713895578868687],[5549156.083729538135231,6186657.850290008820593],[5549156.580090299248695,6186661.364327147603035],[5549157.248167335055768,6186666.075561827979982],[5549163.041897170245647,6186677.471315558068454],[5549163.350328387692571,6186685.412677749060094],[5549166.011753399856389,6186690.024628200568259],[5549167.04665653873235,6186694.600800542160869],[5549171.142974364571273,6186696.021312506869435],[5549177.227925906889141,6186699.927362111397088],[5549181.338792577385902,6186704.098996745422482],[5549185.839785896241665,6186709.06730351690203],[5549187.850046851672232,6186713.904562053270638],[5549188.008536332286894,6186719.55034835357219],[5549187.264814466238022,6186728.340383775532246],[5549184.155482520349324,6186738.074785957112908],[5549181.558020430617034,6186745.565580796450377],[5549179.871743718162179,6186751.609394415281713],[5549179.643622836098075,6186757.124101563356817],[5549180.066452479921281,6186762.369121816940606],[5549182.073808544315398,6186768.393408011645079],[5549184.732978357933462,6186772.572716028429568],[5549189.624228216707706,6186776.618191927671432],[5549195.307871608063579,6186779.339340895414352],[5549202.044754429720342,6186781.411489251069725],[5549210.087156761437654,6186781.89034725818783],[5549218.509391378611326,6186779.482862093485892],[5549228.100927266292274,6186774.05173212569207],[5549236.487041715532541,6186764.821879379451275],[5549243.437530655413866,6186756.908658880740404],[5549252.615203243680298,6186747.940846292302012],[5549264.026418246328831,6186737.385910001583397],[5549270.970495224930346,6186730.005193005315959],[5549276.471264334395528,6186722.4878996219486],[5549281.432944037951529,6186713.808634193614125],[5549285.728840164840221,6186704.334156472235918],[5549288.73381364159286,6186699.204101075418293],[5549291.491216270253062,6186695.905794965103269],[5549295.695318966172636,6186693.387465012259781],[5549300.968629609793425,6186693.237489990890026],[5549307.694817237555981,6186695.032278972677886],[5549313.114109633490443,6186698.15412565227598],[5549317.497784807346761,6186703.511266649700701],[5549320.037997270934284,6186711.241109258495271],[5549328.822831956669688,6186726.980676028877497],[5549334.674960136413574,6186735.480595273897052],[5549339.965524172410369,6186740.311518684960902],[5549351.874004858545959,6186749.034455324523151],[5549362.593116992153227,6186756.987138452939689],[5549368.16206023003906,6186762.32687305752188],[5549373.081355782225728,6186769.910952930338681],[5549377.239620462991297,6186784.720981902442873],[5549382.369894639588892,6186806.082147262059152],[5549384.531112627126276,6186816.831434395164251],[5549387.20640629529953,6186824.028050513938069],[5549393.996258276514709,6186836.061802642419934],[5549397.742760814726353,6186847.723435404710472],[5549399.507672688923776,6186856.511261929757893],[5549399.989123559556901,6186872.771873473189771],[5549399.720961973071098,6186882.835161795839667],[5549399.66023832000792,6186885.242788040079176],[5549398.933428298681974,6186897.183324156329036],[5549394.915027826093137,6186910.461471445858479],[5549383.918094855733216,6186924.641961123794317],[5549381.184446144849062,6186930.691370909102261],[5549380.418507502414286,6186936.996581195853651],[5549381.636660089716315,6186941.449728311039507],[5549383.893801645375788,6186946.030482904985547],[5549388.548981435596943,6186952.306915709748864],[5549395.303998033516109,6186959.492963398806751],[5549400.324839604087174,6186961.951262746937573],[5549406.268876231275499,6186963.494984445162117],[5549418.796069937758148,6186964.082969485782087],[5549426.30295005440712,6186964.043090351857245],[5549429.739987775683403,6186965.866361416876316],[5549435.595125153660774,6186974.887599753215909],[5549440.257908238098025,6186984.314539313316345],[5549446.604279773309827,6187013.146267153322697],[5549447.455858966335654,6187024.690141875296831],[5549450.535440010949969,6187033.592999528162181],[5549454.522016813978553,6187040.261228480376303],[5549462.605176632292569,6187048.360934105701745],[5549477.165226859040558,6187059.6987922238186],[5549491.986171687021852,6187069.981351455673575],[5549502.169455625116825,6187075.573799191974103],[5549511.681382644921541,6187079.3282769639045],[5549523.563233212567866,6187082.937007561326027],[5549532.279264305718243,6187087.350221353583038],[5549541.272375694476068,6187092.028197244741023],[5549545.382927822880447,6187096.077646629884839],[5549547.108053963631392,6187099.085909397341311],[5549548.076618244871497,6187106.690937011502683],[5549552.207296281121671,6187116.242684572003782],[5549554.66398786380887,6187130.662327978760004],[5549555.478661771863699,6187135.250724649056792],[5549557.34850953053683,6187141.275664309039712]]}},
{"type":"Feature","properties":{"osm_id":819986870,"waterway":"stream","name":null},"geometry":{"type":"LineString","coordinates":[[5547492.831654069945216,6186730.112032673321664],[5547507.006132625974715,6186706.110907982103527],[5547531.707517651841044,6186672.571006605401635],[5547556.012389006093144,6186644.180462083779275],[5547574.357468892820179,6186623.663461686111987],[5547593.32861834205687,6186605.206617630086839],[5547630.257787562906742,6186573.245713392272592],[5547721.227318183518946,6186492.129441106691957],[5547771.375142393633723,6186450.814837308600545],[5547804.193315223790705,6186425.474985891021788],[5547842.20599471218884,6186402.593252364546061],[5547881.061997644603252,6186381.149179425090551],[5547924.868511129170656,6186357.604941778816283],[5547958.99295265506953,6186343.406812770292163],[5547990.212229731492698,6186330.665707426145673],[5548025.169725833460689,6186317.694417583756149],[5548065.925585069693625,6186304.892716192640364],[5548094.277147771790624,6186297.324576303362846],[5548127.198093277402222,6186290.342852293513715],[5548171.502561178989708,6186283.313155435957015],[5548200.496846060268581,6186279.235829433426261],[5548233.015385942533612,6186276.182931591756642],[5548264.496737717650831,6186273.334985789842904],[5548302.629817540757358,6186273.969048656523228],[5548346.980756239965558,6186274.149082177318633],[5548381.183669005520642,6186275.213712700642645],[5548400.672188008204103,6186275.400752873159945]]}},
{"type":"Feature","properties":{"osm_id":819986871,"waterway":"stream","name":null},"geometry":{"type":"LineString","coordinates":[[5547477.364375912584364,6186745.666461266577244],[5547492.831654069945216,6186730.112032673321664]]}},
{"type":"Feature","properties":{"osm_id":819986872,"waterway":"stream","name":null},"geometry":{"type":"LineString","coordinates":[[5547421.747000649571419,6186875.38944061473012],[5547424.333896751515567,6186870.949936091899872],[5547425.937334159389138,6186861.046335091814399],[5547425.848999118432403,6186843.718694333918393],[5547427.420559023506939,6186825.761353305540979],[5547432.721749285236001,6186809.437931613065302],[5547440.726331733167171,6186793.511180908419192],[5547455.958203672431409,6186773.209986582398415],[5547477.364375912584364,6186745.666461266577244]]}},
{"type":"Feature","properties":{"osm_id":819986873,"waterway":"stream","name":null},"geometry":{"type":"LineString","coordinates":[[5547400.185013734735548,6186899.494625831954181],[5547421.747000649571419,6186875.38944061473012]]}},
{"type":"Feature","properties":{"osm_id":819986875,"waterway":"stream","name":null},"geometry":{"type":"LineString","coordinates":[[5548412.489881304092705,6186275.794085277244449],[5548431.705716103315353,6186278.3121267426759],[5548456.984958070330322,6186282.473668919876218],[5548481.402491055428982,6186287.005721737630665],[5548511.11942704487592,6186291.14398554712534],[5548538.120295077562332,6186294.198066592216492],[5548593.60060958750546,6186300.165147085674107],[5548649.071368985809386,6186304.290416692383587],[5548706.279751011170447,6186310.369817811995745],[5548793.565792055800557,6186319.230927324853837],[5548858.417112246155739,6186326.744742831215262],[5548913.411549811251462,6186332.834503623656929],[5548966.4228007895872,6186339.17843943554908],[5549018.248560724779963,6186345.461760480888188]]}},
{"type":"Feature","properties":{"osm_id":819986876,"waterway":"stream","name":null},"geometry":{"type":"LineString","coordinates":[[5548400.672188008204103,6186275.400752873159945],[5548412.489881304092705,6186275.794085277244449]]}},
{"type":"Feature","properties":{"osm_id":819986895,"waterway":"stream","name":null},"geometry":{"type":"LineString","coordinates":[[5548419.570239434950054,6186211.581000459380448],[5548434.175855690613389,6186210.994650541804731],[5548452.71693851146847,6186210.997922693379223],[5548522.759806929156184,6186218.797635976225138],[5548599.587836744263768,6186227.437763736583292],[5548887.241475711576641,6186257.147567850537598],[5548993.38957423530519,6186267.671516124159098],[5549006.301363493315876,6186271.685928069986403],[5549015.414089823141694,6186276.596735249273479],[5549021.33026859909296,6186283.410287983715534]]}},
{"type":"Feature","properties":{"osm_id":819986896,"waterway":"stream","name":null},"geometry":{"type":"LineString","coordinates":[[5548408.568071244284511,6186210.750785076059401],[5548419.570239434950054,6186211.581000459380448]]}},
{"type":"Feature","properties":{"osm_id":820211010,"waterway":"stream","name":null},"geometry":{"type":"LineString","coordinates":[[5561821.655501351691782,6204516.838655767031014],[5561894.491718841716647,6204303.372084019705653]]}},
{"type":"Feature","properties":{"osm_id":820211011,"waterway":"stream","name":null},"geometry":{"type":"LineString","coordinates":[[5561902.424246606417,6204268.119760016910732],[5561910.465543351136148,6204217.313538944348693],[5561914.223757145926356,6204203.732346198521554],[5561918.699970077723265,6204194.317578432150185],[5561925.613306144252419,6204183.144991726614535]]}},
{"type":"Feature","properties":{"osm_id":820211012,"waterway":"stream","name":null},"geometry":{"type":"LineString","coordinates":[[5561894.491718841716647,6204303.372084019705653],[5561902.424246606417,6204268.119760016910732]]}},
{"type":"Feature","properties":{"osm_id":993979225,"waterway":"drain","name":null},"geometry":{"type":"LineString","coordinates":[[5543004.589772696606815,6186994.201941272243857],[5543006.1447709267959,6186956.89858674723655]]}},
{"type":"Feature","properties":{"osm_id":994051391,"waterway":"drain","name":null},"geometry":{"type":"LineString","coordinates":[[5545078.888989203609526,6187020.447227317839861],[5545082.248991300351918,6187002.759028993546963],[5545088.561431777663529,6186981.883784266188741]]}},
{"type":"Feature","properties":{"osm_id":994051907,"waterway":"stream","name":"Arroyo Giles"},"geometry":{"type":"LineString","coordinates":[[5547835.5387890227139,6186004.857331340201199],[5547848.306629722006619,6186009.639533564448357],[5547863.123500677756965,6186014.455547786317766],[5547875.902972785755992,6186008.998305422253907],[5547895.072818163782358,6185997.37340425606817],[5547911.500353772193193,6185981.336263203062117],[5547920.567458973266184,6185972.215022762306035],[5547930.652049160562456,6185967.99187948089093],[5547953.761137310415506,6185963.091431764885783],[5547964.583584128879011,6185957.644155801273882],[5547982.756832437589765,6185947.000442082993686],[5548003.947264213114977,6185940.634324375540018],[5548022.402689577080309,6185936.611927350051701],[5548035.906158828176558,6185925.504103261977434],[5548043.430551709607244,6185904.121235197409987],[5548043.851935552433133,6185889.653061613440514],[5548045.505309389904141,6185877.13098890054971],[5548057.75952668953687,6185867.871114504523575],[5548075.450616486370564,6185858.205938313156366],[5548104.240871713496745,6185850.457976206205785],[5548131.282527301460505,6185833.267262400127947],[5548141.350392360240221,6185825.86012102290988],[5548158.935901746153831,6185795.838647638447583],[5548181.972512595355511,6185769.960075544193387],[5548197.682993026450276,6185759.328688519075513],[5548217.576715603470802,6185745.735791427083313],[5548241.451073321513832,6185739.72129181958735],[5548274.662628459744155,6185730.718470418825746],[5548290.950870145112276,6185734.072906542569399],[5548308.45081155654043,6185735.457459184341133],[5548338.236516285687685,6185728.435766129754484],[5548359.608791552484035,6185716.543283591978252],[5548367.688373449258506,6185706.694552483037114],[5548375.309068310074508,6185702.239673865959048],[5548381.472036742605269,6185703.671962752938271],[5548386.193181914277375,6185710.514316121116281],[5548389.203782571479678,6185720.560514869168401],[5548392.913567829877138,6185723.725063694640994],[5548399.556145031005144,6185721.982085277326405],[5548402.742006476037204,6185718.038381481543183],[5548412.027031889185309,6185703.268887079320848],[5548424.504280057735741,6185685.787023596465588],[5548432.540319197811186,6185667.596098519861698],[5548447.934787767007947,6185642.24476130399853],[5548471.957100292667747,6185617.103579431772232],[5548488.134981026872993,6185601.077778817154467],[5548496.250079105608165,6185598.084571242332458],[5548532.227656744420528,6185598.152024215087295],[5548552.919513001106679,6185596.812623059377074],[5548565.451449560001493,6185589.880261558108032],[5548583.840835319831967,6185571.635119470767677],[5548594.889731111004949,6185563.967196057550609],[5548618.043666244484484,6185562.625875347293913],[5548637.76142364833504,6185563.010880515910685],[5548650.550047212280333,6185559.50497371237725],[5548659.437471396289766,6185561.910151560790837],[5548671.822672535665333,6185574.358884855173528],[5548705.228706878609955,6185600.919486796483397],[5548715.375544652342796,6185608.720585798844695],[5548732.154493289068341,6185612.803854120895267],[5548751.358238591812551,6185609.75230591930449],[5548771.821364458650351,6185612.09668356180191],[5548791.818194755353034,6185618.370588481426239],[5548798.712517553009093,6185617.358177312649786],[5548811.715726488269866,6185607.472117491997778],[5548828.452519989572465,6185607.018161553889513],[5548841.328652301803231,6185614.926822616718709],[5548850.776366206817329,6185633.026286165229976],[5548847.90450273361057,6185649.482051297090948],[5548843.769496789202094,6185658.090198429301381],[5548836.627424419857562,6185662.664981205016375],[5548822.855169484391809,6185664.323679498396814],[5548814.015455692075193,6185669.284538914449513],[5548812.837145332247019,6185679.341502400115132],[5548815.846918627619743,6185689.143516562879086],[5548822.565342554822564,6185701.865856828168035],[5548830.52382736839354,6185716.290091323666275],[5548843.868168727494776,6185722.354758252389729],[5548854.222013702616096,6185729.28932236880064],[5548856.005411549471319,6185738.232467595487833],[5548849.909783131442964,6185751.388187614269555],[5548845.299095965921879,6185765.645461031235754],[5548848.349640751257539,6185781.4488734472543],[5548862.840783595107496,6185818.658243907615542]]}},
{"type":"Feature","properties":{"osm_id":994073022,"waterway":"drain","name":null},"geometry":{"type":"LineString","coordinates":[[5554392.900577762164176,6186968.203131675720215],[5554398.169715901836753,6186984.602046238258481]]}},
{"type":"Feature","properties":{"osm_id":994073023,"waterway":"drain","name":null},"geometry":{"type":"LineString","coordinates":[[5554381.647086538374424,6186919.933806580491364],[5554390.641341555863619,6186940.116078414954245]]}},
{"type":"Feature","properties":{"osm_id":994073024,"waterway":"drain","name":null},"geometry":{"type":"LineString","coordinates":[[5554367.071166785433888,6186872.305128810927272],[5554378.645378857851028,6186912.585156454704702]]}},
{"type":"Feature","properties":{"osm_id":994073025,"waterway":"drain","name":null},"geometry":{"type":"LineString","coordinates":[[5554011.781904662959278,6186783.351149572059512],[5554037.984909019432962,6186774.978574255481362]]}},
{"type":"Feature","properties":{"osm_id":994073026,"waterway":"drain","name":null},"geometry":{"type":"LineString","coordinates":[[5553225.509888777509332,6186942.195585557259619],[5553203.080893815495074,6186963.179926415905356],[5553185.82201927062124,6186983.635441773571074]]}},
{"type":"Feature","properties":{"osm_id":994073027,"waterway":"drain","name":null},"geometry":{"type":"LineString","coordinates":[[5552959.826856480911374,6186962.848327185027301],[5552967.323058671317995,6187002.886963132768869]]}},
{"type":"Feature","properties":{"osm_id":994073028,"waterway":"drain","name":null},"geometry":{"type":"LineString","coordinates":[[5552834.816088450141251,6186997.050799484364688],[5552837.515208560973406,6187016.049959569238126]]}},
{"type":"Feature","properties":{"osm_id":994073029,"waterway":"drain","name":null},"geometry":{"type":"LineString","coordinates":[[5552394.721108193509281,6186880.915566947311163],[5552369.885969335213304,6186912.217400123365223]]}},
{"type":"Feature","properties":{"osm_id":994073030,"waterway":"drain","name":null},"geometry":{"type":"LineString","coordinates":[[5551706.669529433362186,6186579.823912578634918],[5551683.457719351164997,6186594.308048413135111],[5551677.768063308671117,6186612.122726019471884]]}},
{"type":"Feature","properties":{"osm_id":994073031,"waterway":"drain","name":null},"geometry":{"type":"LineString","coordinates":[[5551043.442098221741617,6186506.208814950659871],[5551041.053891149349511,6186526.434467882849276]]}},
{"type":"Feature","properties":{"osm_id":994926666,"waterway":"drain","name":null},"geometry":{"type":"LineString","coordinates":[[5556711.441848792135715,6184980.572259010747075],[5556727.991099911741912,6184987.216297995299101]]}},
{"type":"Feature","properties":{"osm_id":994926667,"waterway":"drain","name":null},"geometry":{"type":"LineString","coordinates":[[5556743.05234554503113,6184992.393920519389212],[5556753.441475465893745,6184998.221290426328778]]}},
{"type":"Feature","properties":{"osm_id":1051130234,"waterway":"stream","name":"Arroyo El Sauce"},"geometry":{"type":"LineString","coordinates":[[5558531.928301074542105,6184191.857928454875946],[5558530.911236436106265,6184193.728092825971544],[5558532.686111310496926,6184202.791650312021375],[5558541.356299025937915,6184209.848177350126207],[5558562.336895888671279,6184215.606823543086648],[5558571.256671541370451,6184222.905814467929304],[5558576.214280731976032,6184228.277257287874818],[5558580.698893538676202,6184235.84825255535543],[5558583.694660894572735,6184281.203044200316072],[5558583.758006697520614,6184291.253634177148342],[5558589.000942886807024,6184381.235733152367175],[5558589.500961760058999,6184421.214655883610249],[5558592.274238247424364,6184431.259256540797651],[5558585.947346101514995,6184443.313725161366165],[5558581.094766077585518,6184454.626706784591079],[5558579.491470350883901,6184474.261750057339668],[5558580.308214226737618,6184487.247447276487947],[5558591.163946979679167,6184527.649224748834968],[5558584.014985558576882,6184566.700092367827892],[5558560.798058781772852,6184636.260294475592673],[5558558.513801173307002,6184664.475124660879374],[5558554.710439127869904,6184686.33168030064553],[5558545.14251568261534,6184732.264800749719143],[5558543.00285348109901,6184745.524270826950669],[5558550.248631487600505,6184761.176363867707551],[5558550.073193184100091,6184772.703925280831754],[5558546.952023855410516,6184784.738165342248976],[5558545.052696235477924,6184796.775803369469941],[5558549.867458393797278,6184817.346663688309491],[5558563.565595573745668,6184840.801422330550849],[5558573.159867153503001,6184877.783169110305607],[5558576.317227441817522,6184909.402784929610789],[5558583.05474179983139,6184923.094452525489032],[5558591.524013611488044,6184937.518486076034606],[5558600.490919057279825,6184952.183439028449357],[5558621.021914442069829,6184965.044843843206763],[5558630.711429854854941,6184977.741610209457576],[5558632.773137516342103,6184991.462728575803339],[5558628.932649524882436,6185007.428733083419502],[5558621.131162531673908,6185021.711266367696226],[5558620.191498013213277,6185028.584250605665147],[5558625.430047261528671,6185039.101419571787119],[5558642.283798507414758,6185054.448789232410491],[5558652.236867101863027,6185069.584506622515619],[5558659.216483452357352,6185082.298338951542974],[5558665.193061867728829,6185091.834575785323977],[5558675.158598038367927,6185108.933792480267584],[5558683.938236831687391,6185134.638175372965634],[5558694.979698202572763,6185164.987665760330856],[5558699.699072390794754,6185171.82493135984987],[5558716.912753031589091,6185204.831219444982708],[5558724.174648222513497,6185222.934805925935507],[5558729.407183786854148,6185232.464607974514365],[5558742.560663013719022,6185246.614855677820742],[5558752.238223202526569,6185257.34797294344753],[5558758.720413004979491,6185269.809718301519752],[5558758.79486296698451,6185281.590857933275402],[5558758.602621420286596,6185290.422733334824443],[5558760.002605064772069,6185317.1499307109043],[5558765.473814275115728,6185362.977098080329597],[5558769.126640285365283,6185395.824921393766999],[5558771.695729796774685,6185412.73781181126833],[5558773.070242717862129,6185431.067163492552936]]}},
{"type":"Feature","properties":{"osm_id":1051130235,"waterway":"stream","name":"Arroyo El Sauce"},"geometry":{"type":"LineString","coordinates":[[5558773.070242717862129,6185431.067163492552936],[5558773.471096484921873,6185436.345275096595287]]}},
{"type":"Feature","properties":{"osm_id":1059986788,"waterway":"stream","name":null},"geometry":{"type":"LineString","coordinates":[[5557000.390302290208638,6194767.889020461589098],[5557025.64855653885752,6194792.728514987975359],[5557056.678635660558939,6194807.93667802773416],[5557094.994224572554231,6194817.420226839371026],[5557256.146709780208766,6194862.626213039271533],[5557794.911178544163704,6195193.765018532052636],[5558027.546520273201168,6195440.562686269171536]]}},
{"type":"Feature","properties":{"osm_id":1059986789,"waterway":"stream","name":null},"geometry":{"type":"LineString","coordinates":[[5556988.455103106796741,6194756.147264880128205],[5557000.390302290208638,6194767.889020461589098]]}},
{"type":"Feature","properties":{"osm_id":1059993417,"waterway":"river","name":"Arroyo de Giles"},"geometry":{"type":"LineString","coordinates":[[5556895.614375539124012,6202763.978891835547984],[5556893.549882190302014,6202772.611070745624602],[5556868.366923039779067,6202828.653081363067031],[5556858.807466327212751,6202841.413211217150092],[5556851.23886707983911,6202856.135865980759263],[5556853.951445303857327,6202882.943365073762834],[5556857.685188786126673,6202889.976109783165157],[5556868.196790710091591,6202893.018375049345195],[5556882.336830345913768,6202887.285822954960167],[5556893.98398813419044,6202890.886920001357794],[5556909.129423297010362,6202909.709134307689965],[5556917.132756166160107,6202919.54471043124795],[5556928.558170633390546,6202933.586061413399875],[5556929.81116140820086,6202951.927019450813532],[5556904.289397644810379,6202999.229522936046124],[5556890.66052118409425,6203043.630791916511953],[5556888.124330727383494,6203092.76804771181196],[5556889.746083022095263,6203126.349172906018794],[5556885.704811812378466,6203161.09626870136708],[5556878.75987555552274,6203184.567878531292081],[5556857.314625358209014,6203203.046824811026454],[5556824.568878575228155,6203228.095136059448123],[5556730.414059713482857,6203322.395175600424409],[5556695.485539321787655,6203367.113843795843422],[5556687.471423366107047,6203391.978453028947115],[5556688.436349956318736,6203409.943991349078715],[5556695.82524502556771,6203423.166977959685028],[5556698.475159536115825,6203435.131841426715255],[5556695.150724036619067,6203453.123373541049659],[5556682.014218938536942,6203484.874764611944556],[5556654.770755873993039,6203529.535596079193056],[5556642.950011006556451,6203564.274185990914702],[5556632.804946451447904,6203593.001061448827386],[5556608.900045328773558,6203620.535444212146103],[5556575.115251570008695,6203650.692096150480211],[5556557.230042810551822,6203678.189935742877424],[5556552.244512721896172,6203707.73971573356539],[5556548.077753029763699,6203729.596789286471903],[5556537.513939175754786,6203759.180271063931286],[5556509.304424057714641,6203785.886195106431842],[5556481.146377294324338,6203821.144758643582463],[5556439.498533772304654,6203973.309563369490206],[5556432.481234616599977,6204021.708158981055021],[5556423.283763564191759,6204136.025959990918636],[5556433.894590241834521,6204184.318232079036534],[5556431.869306875392795,6204275.906696821562946],[5556430.128082340583205,6204344.385828221216798],[5556431.321179770864546,6204398.736420933157206],[5556441.962524556554854,6204595.525057725608349],[5556439.928554085083306,6204613.941311743110418],[5556433.622358764521778,6204638.373774418607354],[5556429.009269279427826,6204658.092412599362433],[5556426.495773534290493,6204738.989695719443262],[5556433.904165346175432,6204827.104430994018912],[5556430.054662180133164,6204973.494187853299081],[5556437.419341282919049,6205054.331877212040126],[5556422.768480435945094,6205119.483075341209769],[5556406.9094781242311,6205199.606533262878656],[5556389.720050101168454,6205272.89333001896739],[5556391.598967339843512,6205298.995898576453328],[5556399.053289958275855,6205322.912755479104817],[5556395.276834404096007,6205337.922703149728477],[5556378.908630464226007,6205403.927235721610487],[5556372.523982159793377,6205629.51681122649461],[5556360.145691767334938,6205716.053319364786148],[5556341.064619702287018,6205831.728121447376907],[5556330.931552164256573,6205863.039198506623507],[5556314.720334157347679,6205884.968526478856802],[5556298.905687676742673,6205900.89391151163727],[5556296.930316471494734,6205929.160672537982464],[5556283.660599838942289,6206082.0408821310848],[5556279.89902522508055,6206099.613241625018418],[5556273.065973427146673,6206108.639958186075091],[5556261.973164142109454,6206122.828506420366466],[5556244.056487357243896,6206146.054772648029029],[5556239.900640674866736,6206170.052554734051228],[5556240.426982655189931,6206187.166497174650431],[5556240.090855509974062,6206201.723045808263123],[5556240.273340510204434,6206232.106748482212424],[5556239.603248996660113,6206264.647688052617013],[5556232.864042254164815,6206287.795691974461079],[5556210.680495240725577,6206316.616384380497038],[5556179.4435945590958,6206342.052388089708984],[5556168.324743652716279,6206351.970014661550522],[5556157.345473398454487,6206386.702696710824966],[5556160.528318244963884,6206415.360013177618384],[5556169.76377344224602,6206449.117263563908637],[5556166.058306181803346,6206476.107508610934019],[5556156.767382506281137,6206505.272268966771662],[5556148.75413515791297,6206531.001501726917922],[5556147.150343401357532,6206550.701873637735844],[5556167.72583067137748,6206611.359141631983221],[5556167.973385613411665,6206724.7985834563151],[5556172.065542255528271,6206760.727688833139837],[5556176.17167333047837,6206800.517203602008522],[5556179.004083297215402,6206842.876925716176629],[5556174.853913724422455,6206940.068722323514521],[5556169.203974614851177,6207072.801578229293227],[5556172.801863430999219,6207098.461166208609939],[5556181.517957729287446,6207117.67808426450938],[5556198.48910771869123,6207151.388884805142879],[5556206.427048315294087,6207185.164956270717084],[5556214.932866613380611,6207239.904089303687215],[5556220.436443189159036,6207297.667535236105323],[5556228.517352741211653,6207353.69603157043457],[5556241.31209365464747,6207407.987839533947408],[5556252.408075991086662,6207466.139229034073651],[5556249.266258575953543,6207514.957831189036369],[5556244.295526689849794,6207547.524529224261642],[5556243.353213672526181,6207605.315545354038477],[5556263.062261397019029,6207663.847839367575943],[5556276.615269126370549,6207700.16377683263272],[5556306.677234657108784,6207765.045751444064081],[5556302.112360456958413,6207794.64810124784708],[5556290.988456926308572,6207833.120176318101585],[5556275.343876412138343,6207873.327766579575837],[5556264.307960001751781,6207926.486886759288609],[5556260.076547173783183,6207977.918940628878772],[5556273.93437248468399,6208017.383558033034205],[5556286.554355766624212,6208039.339172134175897],[5556291.832723770290613,6208068.682685021311045],[5556301.26941917091608,6208127.94219134747982],[5556307.178277557715774,6208260.66092639323324],[5556327.876029162667692,6208383.80593029037118],[5556370.52420312538743,6208537.991194853559136],[5556418.566259106621146,6208722.007096419110894],[5556427.058849988505244,6208832.279365595430136],[5556406.91687170881778,6208951.809441064484417],[5556381.193022759631276,6209011.668622175231576],[5556311.375428535975516,6209109.432453668676317],[5556206.353007187135518,6209208.704810805618763],[5556130.936102063395083,6209282.550263284705579],[5556058.795442434959114,6209369.98700868524611]]}},
{"type":"Feature","properties":{"osm_id":1059993418,"waterway":"river","name":"Arroyo de Giles"},"geometry":{"type":"LineString","coordinates":[[5556897.205749053508043,6202754.739449946209788],[5556895.614375539124012,6202763.978891835547984]]}},
{"type":"Feature","properties":{"osm_id":1060164092,"waterway":"stream","name":null},"geometry":{"type":"LineString","coordinates":[[5561454.41741634812206,6196732.122974422760308],[5561486.565705199725926,6196743.204616230912507],[5561491.12168273050338,6196760.369793211109936],[5561507.970332197844982,6196771.064019153825939],[5561515.442852778360248,6196781.331889862194657],[5561544.149101763963699,6196794.898815899156034],[5561585.216147650033236,6196812.311270389705896],[5561628.757674604654312,6196829.707209979183972],[5561666.365945956669748,6196845.666689625009894],[5561698.031160759739578,6196858.714386293664575],[5561715.815744802355766,6196862.035858154296875],[5561739.556532179936767,6196870.232401298359036],[5561752.371908476576209,6196867.695928174071014],[5561761.21193431597203,6196860.75936424266547],[5561765.086497047916055,6196849.928487497381866],[5561771.922885528765619,6196839.07800898514688],[5561777.843251856043935,6196838.53961287252605],[5561797.62555740121752,6196846.274084137752652],[5561809.518449396826327,6196853.073420912958682],[5561822.840762418694794,6196853.473317807540298],[5561841.654589471407235,6196862.190354879945517],[5561859.997769322246313,6196874.837635572999716],[5561882.68345954734832,6196873.711026555858552],[5561890.55867257155478,6196869.720559266395867],[5561908.281479557044804,6196863.712291838601232],[5561931.97026782296598,6196864.04327529668808],[5561946.80613998696208,6196869.347453811205924],[5561954.269433910027146,6196878.139585209079087],[5561965.669612194411457,6196886.905577512457967],[5561985.471178512088954,6196896.114987214095891],[5561997.887666249647737,6196908.313233285211027],[5562022.386608,6196955.797845980152488],[5562035.339080053381622,6196973.883226961828768],[5562048.739963137544692,6196986.074865628033876],[5562078.899151441641152,6196995.204136040061712],[5562107.12588304746896,6197009.748790265060961],[5562129.461693724617362,6197029.258164409548044],[5562157.182068509981036,6197042.330580644309521],[5562174.012352995574474,6197050.072829273529351],[5562197.276983527466655,6197061.222315542399883],[5562224.549368954263628,6197080.19935947842896],[5562237.496460014954209,6197098.772626369260252],[5562321.132818304002285,6197134.568660927936435],[5562324.209541505202651,6197151.743332264944911],[5562326.282327000983059,6197165.973784940317273],[5562337.734999498352408,6197181.117851972579956],[5562390.195800361223519,6197204.352574604563415],[5562409.521395330317318,6197216.504111068323255],[5562413.546441838145256,6197228.269790339283645],[5562426.47044915985316,6197241.92845484148711],[5562435.883344071917236,6197247.767348461784422],[5562445.273174502886832,6197250.156250718981028],[5562471.460441993549466,6197253.908216732554138],[5562490.2369469050318,6197258.208933522924781],[5562531.689417824149132,6197258.419496109709144],[5562555.395763925276697,6197261.211600344628096],[5562572.733400691300631,6197270.425203986465931],[5562585.553091116249561,6197269.851149627007544],[5562611.619310802780092,6197256.907532926648855],[5562627.936497584916651,6197260.725251628085971],[5562657.51474760659039,6197257.087738455273211],[5562709.287936128675938,6197250.350149466656148],[5562724.029184677638113,6197241.409445810131729],[5562731.864860509522259,6197231.538878192193806],[5562730.795450047589839,6197220.241590369492769],[5562736.567516937851906,6197197.60494860354811],[5562745.308136170729995,6197175.935689159668982],[5562759.476589963771403,6197155.705393309704959],[5562785.024963895790279,6197138.338375042192638],[5562797.241278565488756,6197120.572853731922805],[5562809.407987138256431,6197095.44143352098763],[5562833.972596150822937,6197079.556355184875429],[5562853.014115793630481,6197049.464088234119117],[5562875.474373976700008,6197013.44690368603915],[5562898.50478951446712,6196989.717639384791255],[5562920.617033660411835,6196975.812430593185127],[5562951.47907105460763,6196941.713093696162105],[5562978.43858827650547,6196915.494321441277862],[5563003.519062650389969,6196902.556222018785775],[5563042.779360407963395,6196869.875343337655067],[5563111.483235418796539,6196813.898162928409874],[5563136.98098052944988,6196790.639720966108143],[5563172.884904854930937,6196773.212638885714114],[5563189.111686555668712,6196763.761898192577064],[5563201.266944418661296,6196737.165629173628986],[5563224.739272768609226,6196705.567082604393363],[5563241.917660850100219,6196692.68184173386544],[5563272.360745893791318,6196670.365750546567142],[5563285.993145109154284,6196643.26012924592942],[5563299.251189683564007,6196632.853069343604147],[5563308.487452108412981,6196612.655328785069287],[5563323.693787772208452,6196599.284088010899723],[5563349.793796855024993,6196591.740748548880219],[5563360.594149408861995,6196583.813084154389799],[5563373.755314260721207,6196559.162234309129417],[5563390.786460530944169,6196524.667136701755226],[5563406.248969820328057,6196475.927226389758289],[5563415.454839424230158,6196451.314271543174982],[5563414.734520632773638,6196418.404087093658745],[5563418.076077997684479,6196401.186109269037843],[5563414.467545781284571,6196379.111929076723754],[5563415.360810937359929,6196364.373392929323018],[5563429.553242466412485,6196348.069014834240079],[5563443.761457958258688,6196332.740754327736795],[5563463.770253796130419,6196300.676968931220472],[5563504.117505754344165,6196283.706454924307764],[5563518.322178238071501,6196267.889974782243371],[5563527.034181621856987,6196243.768376991152763],[5563528.94980747718364,6196211.694456899538636],[5563548.398559774272144,6196173.111170817166567],[5563565.492356990464032,6196160.170401274226606],[5563574.909123877994716,6196155.824075137265027],[5563585.161356422118843,6196147.200959752313793],[5563591.054274465888739,6196129.211146358400583],[5563615.309199147857726,6196057.668750200420618],[5563623.302697168663144,6196045.599740400910378]]}},
{"type":"Feature","properties":{"osm_id":1060164093,"waterway":"stream","name":null},"geometry":{"type":"LineString","coordinates":[[5563623.302697168663144,6196045.599740400910378],[5563630.021688553504646,6196035.469723495654762]]}},
{"type":"Feature","properties":{"osm_id":1074992656,"waterway":"stream","name":"Arroyo El Sauce"},"geometry":{"type":"LineString","coordinates":[[5558613.793802994303405,6183974.679902468807995],[5558614.564184318296611,6183980.310700922273099],[5558535.26637105923146,6184103.441442811861634],[5558533.858534572646022,6184114.732712681405246],[5558547.651445122435689,6184153.396512934938073],[5558546.021836189553142,6184167.396070108748972],[5558534.807129630818963,6184186.592428122647107]]}},
{"type":"Feature","properties":{"osm_id":1074992657,"waterway":"stream","name":"Arroyo El Sauce"},"geometry":{"type":"LineString","coordinates":[[5558534.807129630818963,6184186.592428122647107],[5558531.928301074542105,6184191.857928454875946]]}},
{"type":"Feature","properties":{"osm_id":1197470560,"waterway":"river","name":"Arroyo de Giles"},"geometry":{"type":"LineString","coordinates":[[5550081.771634599193931,6188698.7216194299981],[5550085.169653970748186,6188722.188381367363036],[5550088.4700619103387,6188748.007499110884964],[5550093.226295362226665,6188777.934487586840987],[5550100.715729048475623,6188803.409344161860645],[5550110.079069575294852,6188835.530236384831369],[5550122.753437151201069,6188874.921752967871726],[5550131.551070149056613,6188897.538498541340232],[5550139.551916763186455,6188917.253017839975655],[5550148.004949439316988,6188933.892181957140565],[5550176.118742659687996,6188981.609353628009558],[5550201.165974577888846,6189024.739156341180205],[5550218.784315496683121,6189053.675948081538081],[5550236.392169486731291,6189080.649205973371863],[5550264.229607223533094,6189129.787581359036267],[5550277.966965747997165,6189156.493225348182023],[5550282.528783872723579,6189163.890171283856034],[5550286.256091115996242,6189169.92711625341326],[5550296.544961240142584,6189186.045928651466966],[5550317.781964169815183,6189228.008996556513011]]}},
{"type":"Feature","properties":{"osm_id":1197470564,"waterway":"river","name":"Arroyo de Giles"},"geometry":{"type":"LineString","coordinates":[[5550429.292804365977645,6189407.53158582188189],[5550434.475694728083909,6189417.554264984093606],[5550443.116161745041609,6189438.074890728108585],[5550459.924290958791971,6189469.866664510220289],[5550479.528561715967953,6189505.403961542993784],[5550491.100979275070131,6189525.886460688896477],[5550504.712986554019153,6189546.20257368683815],[5550518.445058953016996,6189564.920545443892479],[5550525.833552367053926,6189576.550865484401584],[5550536.301455477252603,6189593.322965474799275],[5550552.469046679325402,6189622.144981597550213],[5550560.22248512506485,6189636.646521415561438],[5550566.191479391418397,6189649.205281533300877],[5550571.32100706640631,6189659.505514069460332],[5550579.134258502162993,6189676.547134971246123],[5550593.979692512191832,6189702.19241463765502],[5550600.635089475661516,6189714.192746380344033],[5550608.816016006283462,6189727.837720565497875],[5550627.474211510270834,6189754.837824850343168],[5550644.901705924421549,6189780.302583360113204]]}},
{"type":"Feature","properties":{"osm_id":1197470566,"waterway":"river","name":"Arroyo de Giles"},"geometry":{"type":"LineString","coordinates":[[5550317.781964169815183,6189228.008996556513011],[5550318.645922218449414,6189229.712733312509954],[5550327.104405915364623,6189247.250284996815026],[5550356.46348637342453,6189293.762087184004486],[5550376.137490247376263,6189323.641513096168637],[5550404.683098739944398,6189370.900834905914962],[5550423.24605272244662,6189395.82736324518919],[5550429.292804365977645,6189407.53158582188189]]}},
{"type":"Feature","properties":{"osm_id":1197470580,"waterway":"river","name":"Arroyo de Giles"},"geometry":{"type":"LineString","coordinates":[[5550066.0844561830163,6188610.002136781811714],[5550074.107305302284658,6188654.377558277919888],[5550076.481734498403966,6188668.664371174760163],[5550081.771634599193931,6188698.7216194299981]]}},
{"type":"Feature","properties":{"osm_id":1197470584,"waterway":"river","name":"Arroyo de Giles"},"geometry":{"type":"LineString","coordinates":[[5549917.316524542868137,6188221.705896619707346],[5549917.541373700834811,6188232.787151167169213],[5549913.434091338887811,6188258.601690880022943],[5549911.305973267182708,6188273.045816040597856],[5549910.94559411238879,6188288.101700013503432],[5549913.286677556112409,6188299.659721395000815],[5549917.016090821474791,6188309.623918468132615],[5549924.447079969570041,6188317.504859308712184],[5549932.861463637091219,6188323.683205171488225],[5549939.402432782575488,6188328.396152896806598],[5549945.954421195201576,6188335.161344250664115],[5549952.048974368721247,6188345.734074649401009],[5549967.138371732085943,6188373.020876096561551],[5549976.644439917989075,6188397.652994050644338],[5549979.094120143912733,6188408.877609171904624],[5549982.494583983905613,6188420.884760201908648],[5549988.966103870421648,6188441.739165151491761],[5549992.205240622162819,6188452.793133419007063],[5549997.189619278535247,6188463.682416559197009],[5550003.599997341632843,6188473.144061985425651],[5550013.35476918052882,6188484.163018273189664],[5550022.470395877957344,6188494.242447470314801],[5550028.544686333276331,6188501.010149152949452],[5550035.444921488873661,6188512.687850589863956],[5550040.278282131999731,6188524.531968296505511],[5550043.763183643110096,6188536.83816887345165],[5550049.770643840543926,6188558.515949282795191],[5550063.470281545072794,6188595.561300213448703],[5550066.0844561830163,6188610.002136781811714]]}},
{"type":"Feature","properties":{"osm_id":1197470587,"waterway":"river","name":"Arroyo de Giles"},"geometry":{"type":"LineString","coordinates":[[5549834.421838499605656,6188047.959129389375448],[5549833.261269489303231,6188068.05577212292701],[5549833.461563960649073,6188076.286117386072874],[5549832.901204708963633,6188090.05621921736747],[5549832.728277244605124,6188097.234674927778542],[5549831.395981376059353,6188109.289408489130437],[5549826.902202840894461,6188128.172509915195405],[5549825.248932843096554,6188148.93739977106452],[5549826.155479641631246,6188160.34781298507005],[5549830.102045339532197,6188171.420237233862281],[5549836.516197500750422,6188179.939023393206298],[5549845.884074114263058,6188184.01565885450691],[5549860.909832299686968,6188184.09048383962363],[5549879.573679331690073,6188182.248790068551898],[5549890.192044170573354,6188184.732301256619394],[5549901.600121835246682,6188190.528539053164423],[5549909.940622569993138,6188196.662926537916064],[5549914.65824409481138,6188205.834183667786419],[5549917.230778899043798,6188217.712677004747093],[5549917.316524542868137,6188221.705896619707346]]}},
{"type":"Feature","properties":{"osm_id":1197470598,"waterway":"river","name":"Arroyo de Giles"},"geometry":{"type":"LineString","coordinates":[[5549557.34850953053683,6187141.275664309039712],[5549560.298233883455396,6187149.924026168882847],[5549561.641563425771892,6187155.430372044444084],[5549563.924815662205219,6187163.16151708830148],[5549576.123945749364793,6187174.556174420751631],[5549577.851874183863401,6187178.085814148187637],[5549580.775736044161022,6187181.875326100736856],[5549585.172948212362826,6187191.425638724118471],[5549589.475821782834828,6187207.410719433799386],[5549590.600386879406869,6187220.140137351118028],[5549591.22657049447298,6187229.0116510624066],[5549591.093375601805747,6187236.77785574644804],[5549591.141682060435414,6187245.84103989508003],[5549591.159597403369844,6187249.202294205315411],[5549592.184064471162856,6187251.770540555939078],[5549594.779197599738836,6187254.21947911195457],[5549598.527183398604393,6187260.911106357350945],[5549600.785556579940021,6187262.241388516500592],[5549604.953136310912669,6187264.903812767937779],[5549608.680846201255918,6187267.790451769717038],[5549612.971826291643083,6187272.914985690265894],[5549615.69535574875772,6187277.038362003862858],[5549617.521356470882893,6187281.721202038228512],[5549617.883206131868064,6187287.543393282219768],[5549619.158284551464021,6187294.026328177191317],[5549620.206605600193143,6187301.065150330774486],[5549619.904782318510115,6187308.222108287736773],[5549619.933415554463863,6187313.591240185312927],[5549621.424294516444206,6187319.185538705438375],[5549623.806616328656673,6187323.077767501585186],[5549625.972416512668133,6187329.44501509424299],[5549626.676284668967128,6187333.923060404136777],[5549629.965733971446753,6187339.052928378805518],[5549632.677083144895732,6187342.610593020915985],[5549636.990436727181077,6187350.197767714969814],[5549641.735268798656762,6187355.985481238923967],[5549647.729243062436581,6187361.666685194708407],[5549651.816450548358262,6187369.920673598535359],[5549656.025888916105032,6187380.414907603524625],[5549660.344015055336058,6187388.889531204476953],[5549665.102865976281464,6187395.575736811384559],[5549667.845924702472985,6187405.06827817671001],[5549668.102527996525168,6187410.103385859169066],[5549666.903845943510532,6187417.941839361563325],[5549665.382121394388378,6187427.235273513942957],[5549664.182498454116285,6187433.176732297055423],[5549662.072529477067292,6187439.001020444557071],[5549661.635421213693917,6187441.466124128550291],[5549661.985532036982477,6187443.361254598014057],[5549662.90995685197413,6187447.838119682855904],[5549663.723216937854886,6187453.868676635436714],[5549662.861148693598807,6187459.353497250936925],[5549662.919705136679113,6187470.324717074632645],[5549663.064548661932349,6187476.802583857439458],[5549665.349616420455277,6187484.844313060864806],[5549665.291336474940181,6187494.584770836867392],[5549665.118585693649948,6187503.538196627981961],[5549664.031338209286332,6187511.597924867644906],[5549662.181161232292652,6187521.336852367036045],[5549655.650666839443147,6187540.840902293100953],[5549653.66906114295125,6187548.339629672467709],[5549654.524774673394859,6187553.715440004132688],[5549659.637475175783038,6187564.704061104916036],[5549666.296370933763683,6187574.419761002063751],[5549683.156797844916582,6187586.133301974274218],[5549686.223013996146619,6187597.62095183134079],[5549701.100744727067649,6187614.891827385872602],[5549713.949545593932271,6187627.347820815630257],[5549729.647925035096705,6187641.685567499138415],[5549748.079341025091708,6187651.571253506466746],[5549752.739098256453872,6187663.749256983399391],[5549752.822133301757276,6187679.279796904884279],[5549755.632233116775751,6187689.248975905589759],[5549763.013148535043001,6187694.756288294680417],[5549778.646441268734634,6187696.891386209987104],[5549787.53371215518564,6187698.829588565044105],[5549795.5680290190503,6187704.510876584798098],[5549802.309042731299996,6187707.203818120062351],[5549817.979824039153755,6187714.619184611365199],[5549825.86029255297035,6187722.45342125184834],[5549833.74077430088073,6187730.287651280872524],[5549841.030809359624982,6187739.400796639733016],[5549846.007732577621937,6187747.283847972750664],[5549851.300622805953026,6187757.539226000197232],[5549854.697172819636762,6187767.17242765519768],[5549856.336045423522592,6187776.338021890260279],[5549856.854675122536719,6187785.664927422069013],[5549856.476720751263201,6187802.595724808052182],[5549851.935552560724318,6187845.186040185391903],[5549847.530764572322369,6187913.246428669430315],[5549842.570046942681074,6187966.743944527581334],[5549838.467595980502665,6188002.054518126882613],[5549836.863946216180921,6188028.643265782855451],[5549834.421838499605656,6188047.959129389375448]]}},
{"type":"Feature","properties":{"osm_id":1197470623,"waterway":"drain","name":null},"geometry":{"type":"LineString","coordinates":[[5551041.053891149349511,6186526.434467882849276],[5551038.850159216672182,6186545.117096222005785]]}},
{"type":"Feature","properties":{"osm_id":1197470636,"waterway":"river","name":"Arroyo de Giles"},"geometry":{"type":"LineString","coordinates":[[5550742.778518620878458,6189914.778188643045723],[5550766.953645694069564,6189952.120419254526496],[5550783.138387142680585,6189975.417364598251879],[5550796.465107950381935,6189995.43508960492909],[5550820.946220536716282,6190034.8721933811903],[5550835.990800507366657,6190061.414584862999618],[5550847.120804205536842,6190079.724730422720313],[5550861.176400425843894,6190098.50700198020786],[5550909.552570207044482,6190162.418828177265823],[5550938.113307294435799,6190203.086899138055742],[5550970.961937067098916,6190249.566621923819184],[5550997.99979857262224,6190287.3252456728369]]}},
{"type":"Feature","properties":{"osm_id":1197470641,"waterway":"river","name":"Arroyo de Giles"},"geometry":{"type":"LineString","coordinates":[[5550685.426631894893944,6189851.2249905904755],[5550704.892641291953623,6189872.884552021510899],[5550719.821259323507547,6189886.681278298608959],[5550735.335009747184813,6189903.270366101525724],[5550742.778518620878458,6189914.778188643045723]]}},
{"type":"Feature","properties":{"osm_id":1197850101,"waterway":"ditch","name":null},"geometry":{"type":"LineString","coordinates":[[5550660.417827383615077,6189817.65889269951731],[5550762.068747740238905,6189742.268282775767148],[5550826.637379094026983,6189711.808193020522594],[5550897.427937841042876,6189689.722551568411291]]}},
{"type":"Feature","properties":{"osm_id":1198394173,"waterway":"river","name":"Arroyo de Giles"},"geometry":{"type":"LineString","coordinates":[[5550644.901705924421549,6189780.302583360113204],[5550651.655871090479195,6189790.16128836106509],[5550655.761894247494638,6189806.590677859261632],[5550660.417827383615077,6189817.65889269951731],[5550668.370555041357875,6189829.873989929445088],[5550678.380065345205367,6189843.386925652623177],[5550685.426631894893944,6189851.2249905904755]]}}
]
}
