<?xml version="1.0" encoding="utf-8" ?>
<kml xmlns="http://www.opengis.net/kml/2.2">
<Document id="root_doc">
<Folder><name>rog_P200_24h_agua5cm</name>
  <Placemark id="rog_P200_24h_agua5cm.1">
	<name>200 mm en 24 h · h&gt;5 cm</name>
	<Style><LineStyle><color>ff0000ff</color></LineStyle><PolyStyle><fill>0</fill></PolyStyle></Style>
      <Polygon><outerBoundaryIs><LinearRing><coordinates>-59.4253576266083,-34.3817438063044 -59.4253557791734,-34.3820142351924 -59.4250295993702,-34.3820127030777 -59.4250314478536,-34.3817422742052 -59.4253576266083,-34.3817438063044</coordinates></LinearRing></outerBoundaryIs></Polygon>
  </Placemark>
  <Placemark id="rog_P200_24h_agua5cm.2">
	<name>200 mm en 24 h · h&gt;5 cm</name>
	<Style><LineStyle><color>ff0000ff</color></LineStyle><PolyStyle><fill>0</fill></PolyStyle></Style>
      <Polygon><outerBoundaryIs><LinearRing><coordinates>-59.4240529117374,-34.3817376726917 -59.4240510601085,-34.3820081015179 -59.4237248804039,-34.382006565926 -59.4237267330814,-34.3817361371152 -59.4240529117374,-34.3817376726917</coordinates></LinearRing></outerBoundaryIs></Polygon>
  </Placemark>
  <Placemark id="rog_P200_24h_agua5cm.3">
	<name>200 mm en 24 h · h&gt;5 cm</name>
	<Style><LineStyle><color>ff0000ff</color></LineStyle><PolyStyle><fill>0</fill></PolyStyle></Style>
      <Polygon><outerBoundaryIs><LinearRing><coordinates>-59.4230706662698,-34.3822739209019 -59.4230688114459,-34.3825443496575 -59.4227426297184,-34.3825428114267 -59.4227444855908,-34.3822723826865 -59.4230706662698,-34.3822739209019</coordinates></LinearRing></outerBoundaryIs></Polygon>
  </Placemark>
  <Placemark id="rog_P200_24h_agua5cm.4">
	<name>200 mm en 24 h · h&gt;5 cm</name>
	<Style><LineStyle><color>ff0000ff</color></LineStyle><PolyStyle><fill>0</fill></PolyStyle></Style>
      <Polygon><outerBoundaryIs><LinearRing><coordinates>-59.4390210838473,-34.3872159577442 -59.4390192799689,-34.387486387031 -59.4386930781704,-34.387484891127 -59.4386948830976,-34.3872144618552 -59.4390210838473,-34.3872159577442</coordinates></LinearRing></outerBoundaryIs></Polygon>
  </Placemark>
  <Placemark id="rog_P200_24h_agua5cm.5">
	<name>200 mm en 24 h · h&gt;5 cm</name>
	<Style><LineStyle><color>ff0000ff</color></LineStyle><PolyStyle><fill>0</fill></PolyStyle></Style>
      <Polygon><outerBoundaryIs><LinearRing><coordinates>-59.4393454817915,-34.3874878820655 -59.4393436789379,-34.3877583113553 -59.4390174760666,-34.3877568163057 -59.4390192799689,-34.387486387031 -59.4393454817915,-34.3874878820655</coordinates></LinearRing></outerBoundaryIs></Polygon>
  </Placemark>
  <Placemark id="rog_P200_24h_agua5cm.6">
	<name>200 mm en 24 h · h&gt;5 cm</name>
	<Style><LineStyle><color>ff0000ff</color></LineStyle><PolyStyle><fill>0</fill></PolyStyle></Style>
      <Polygon><outerBoundaryIs><LinearRing><coordinates>-59.4301861865902,-34.3912316954396 -59.4301843540282,-34.3915021241358 -59.4298581371507,-34.3915006045257 -59.4298599707617,-34.3912301758448 -59.4301861865902,-34.3912316954396</coordinates></LinearRing></outerBoundaryIs></Polygon>
  </Placemark>
  <Placemark id="rog_P200_24h_agua5cm.7">
	<name>200 mm en 24 h · h&gt;5 cm</name>
	<Style><LineStyle><color>ff0000ff</color></LineStyle><PolyStyle><fill>0</fill></PolyStyle></Style>
      <Polygon><outerBoundaryIs><LinearRing><coordinates>-59.3982171536662,-34.3910786418526 -59.3982152183042,-34.391349069008 -59.397889003888,-34.3913474641748 -59.3978909402989,-34.3910770370355 -59.3982171536662,-34.3910786418526</coordinates></LinearRing></outerBoundaryIs></Polygon>
  </Placemark>
  <Placemark id="rog_P200_24h_agua5cm.8">
	<name>200 mm en 24 h · h&gt;5 cm</name>
	<Style><LineStyle><color>ff0000ff</color></LineStyle><PolyStyle><fill>0</fill></PolyStyle></Style>
      <Polygon><outerBoundaryIs><LinearRing><coordinates>-59.4305105709302,-34.3915036428763 -59.4305087393928,-34.3917740715757 -59.4301825214418,-34.3917725528199 -59.4301843540282,-34.3915021241358 -59.4305105709302,-34.3915036428763</coordinates></LinearRing></outerBoundaryIs></Polygon>
  </Placemark>
  <Placemark id="rog_P200_24h_agua5cm.9">
	<name>200 mm en 24 h · h&gt;5 cm</name>
	<Style><LineStyle><color>ff0000ff</color></LineStyle><PolyStyle><fill>0</fill></PolyStyle></Style>
      <Polygon><outerBoundaryIs><LinearRing><coordinates>-59.4285404045505,-34.3933875173888 -59.4285385665476,-34.3936579459119 -59.4282123413999,-34.3936564218309 -59.4282141804519,-34.3933859933231 -59.4285404045505,-34.3933875173888</coordinates></LinearRing></outerBoundaryIs></Polygon>
  </Placemark>
  <Placemark id="rog_P200_24h_agua5cm.10">
	<name>200 mm en 24 h · h&gt;5 cm</name>
	<Style><LineStyle><color>ff0000ff</color></LineStyle><PolyStyle><fill>0</fill></PolyStyle></Style>
      <Polygon><outerBoundaryIs><LinearRing><coordinates>-59.4432133508124,-34.3945369169529 -59.4432079780759,-34.3953482043856 -59.4425555130374,-34.3953452334481 -59.4425590990825,-34.3948043752315 -59.4428853294914,-34.3948058611052 -59.4428871214288,-34.3945354319639 -59.4432133508124,-34.3945369169529</coordinates></LinearRing></outerBoundaryIs></Polygon>
  </Placemark>
  <Placemark id="rog_P200_24h_agua5cm.11">
	<name>200 mm en 24 h · h&gt;5 cm</name>
	<Style><LineStyle><color>ff0000ff</color></LineStyle><PolyStyle><fill>0</fill></PolyStyle></Style>
      <Polygon><outerBoundaryIs><LinearRing><coordinates>-59.4259195337053,-34.3949978707321 -59.4259176871619,-34.3952682990599 -59.4255914559158,-34.3952667679288 -59.4255933035084,-34.3949963396164 -59.4259195337053,-34.3949978707321</coordinates></LinearRing></outerBoundaryIs></Polygon>
  </Placemark>
  <Placemark id="rog_P200_24h_agua5cm.12">
	<name>200 mm en 24 h · h&gt;5 cm</name>
	<Style><LineStyle><color>ff0000ff</color></LineStyle><PolyStyle><fill>0</fill></PolyStyle></Style>
      <Polygon><outerBoundaryIs><LinearRing><coordinates>-59.4399456538407,-34.3953333149076 -59.4399438523886,-34.3956037438779 -59.4396176190477,-34.3956022501313 -59.4396194215489,-34.3953318211761 -59.4399456538407,-34.3953333149076</coordinates></LinearRing></outerBoundaryIs></Polygon>
  </Placemark>
  <Placemark id="rog_P200_24h_agua5cm.13">
	<name>200 mm en 24 h · h&gt;5 cm</name>
	<Style><LineStyle><color>ff0000ff</color></LineStyle><PolyStyle><fill>0</fill></PolyStyle></Style>
      <Polygon><outerBoundaryIs><LinearRing><coordinates>-59.4034077896787,-34.3951606105826 -59.4034058707166,-34.3954310378143 -59.4030796401532,-34.3954294466547 -59.4030815601644,-34.395159019439 -59.4034077896787,-34.3951606105826</coordinates></LinearRing></outerBoundaryIs></Polygon>
  </Placemark>
  <Placemark id="rog_P200_24h_agua5cm.14">
	<name>200 mm en 24 h · h&gt;5 cm</name>
	<Style><LineStyle><color>ff0000ff</color></LineStyle><PolyStyle><fill>0</fill></PolyStyle></Style>
      <Polygon><outerBoundaryIs><LinearRing><coordinates>-59.4396176190477,-34.3956022501313 -59.4396158165223,-34.3958726790745 -59.4392895821562,-34.3958711844431 -59.4392913857308,-34.395600755515 -59.4396176190477,-34.3956022501313</coordinates></LinearRing></outerBoundaryIs></Polygon>
  </Placemark>
  <Placemark id="rog_P200_24h_agua5cm.15">
	<name>200 mm en 24 h · h&gt;5 cm</name>
	<Style><LineStyle><color>ff0000ff</color></LineStyle><PolyStyle><fill>0</fill></PolyStyle></Style>
      <Polygon><outerBoundaryIs><LinearRing><coordinates>-59.402427179103,-34.3954262617262 -59.4024252569678,-34.3956966888977 -59.4020990254319,-34.3956950951128 -59.4021009486163,-34.3954246679573 -59.402427179103,-34.3954262617262</coordinates></LinearRing></outerBoundaryIs></Polygon>
  </Placemark>
  <Placemark id="rog_P200_24h_agua5cm.16">
	<name>200 mm en 24 h · h&gt;5 cm</name>
	<Style><LineStyle><color>ff0000ff</color></LineStyle><PolyStyle><fill>0</fill></PolyStyle></Style>
      <Polygon><outerBoundaryIs><LinearRing><coordinates>-59.4392895821562,-34.3958711844431 -59.4392877785576,-34.3961416133591 -59.439614013973,-34.3961431080055 -59.4396122113996,-34.3964135369246 -59.4386335020779,-34.3964090503309 -59.438635307799,-34.396138621457 -59.4389615431663,-34.396140117843 -59.4389633478141,-34.395869688942 -59.4392895821562,-34.3958711844431</coordinates></LinearRing></outerBoundaryIs></Polygon>
  </Placemark>
  <Placemark id="rog_P200_24h_agua5cm.17">
	<name>200 mm en 24 h · h&gt;5 cm</name>
	<Style><LineStyle><color>ff0000ff</color></LineStyle><PolyStyle><fill>0</fill></PolyStyle></Style>
      <Polygon><outerBoundaryIs><LinearRing><coordinates>-59.4409189558746,-34.3961490778933 -59.4409171574982,-34.3964195068724 -59.4402646844009,-34.3964165236381 -59.4402628839021,-34.3966869525751 -59.4399366463402,-34.3966854596382 -59.439934844768,-34.3969558885482 -59.4396086061808,-34.3969543947265 -59.4396122113996,-34.3964135369246 -59.4399384478883,-34.3964150307162 -59.4399402494124,-34.3961446017822 -59.4409189558746,-34.3961490778933</coordinates></LinearRing></outerBoundaryIs></Polygon>
  </Placemark>
  <Placemark id="rog_P200_24h_agua5cm.18">
	<name>200 mm en 24 h · h&gt;5 cm</name>
	<Style><LineStyle><color>ff0000ff</color></LineStyle><PolyStyle><fill>0</fill></PolyStyle></Style>
      <Polygon><outerBoundaryIs><LinearRing><coordinates>-59.4396086061808,-34.3969543947265 -59.4396068035354,-34.3972248236093 -59.4392805639229,-34.3972233289027 -59.4392823676177,-34.3969529000349 -59.4396086061808,-34.3969543947265</coordinates></LinearRing></outerBoundaryIs></Polygon>
  </Placemark>
  <Placemark id="rog_P200_24h_agua5cm.19">
	<name>200 mm en 24 h · h&gt;5 cm</name>
	<Style><LineStyle><color>ff0000ff</color></LineStyle><PolyStyle><fill>0</fill></PolyStyle></Style>
      <Polygon><outerBoundaryIs><LinearRing><coordinates>-59.4004524397691,-34.3978505293087 -59.4004505111074,-34.3981209562753 -59.4001242702822,-34.398119357127 -59.4001261999932,-34.3978489301765 -59.4004524397691,-34.3978505293087</coordinates></LinearRing></outerBoundaryIs></Polygon>
  </Placemark>
  <Placemark id="rog_P200_24h_agua5cm.20">
	<name>200 mm en 24 h · h&gt;5 cm</name>
	<Style><LineStyle><color>ff0000ff</color></LineStyle><PolyStyle><fill>0</fill></PolyStyle></Style>
      <Polygon><outerBoundaryIs><LinearRing><coordinates>-59.4363425953315,-34.3974802661214 -59.4363353424396,-34.3985619808806 -59.4353566086577,-34.3985574678295 -59.435358425065,-34.3982870392032 -59.4356846685854,-34.3982885444083 -59.4356864839192,-34.3980181157548 -59.4360127264145,-34.3980196200749 -59.4360163549107,-34.3974787627014 -59.4363425953315,-34.3974802661214</coordinates></LinearRing></outerBoundaryIs></Polygon>
  </Placemark>
  <Placemark id="rog_P200_24h_agua5cm.21">
	<name>200 mm en 24 h · h&gt;5 cm</name>
	<Style><LineStyle><color>ff0000ff</color></LineStyle><PolyStyle><fill>0</fill></PolyStyle></Style>
      <Polygon><outerBoundaryIs><LinearRing><coordinates>-59.4379683739049,-34.3982990564877 -59.4379665658925,-34.398569485235 -59.4376403211537,-34.3985679861038 -59.4376421302155,-34.3982975573717 -59.4379683739049,-34.3982990564877</coordinates></LinearRing></outerBoundaryIs></Polygon>
  </Placemark>
  <Placemark id="rog_P200_24h_agua5cm.22">
	<name>200 mm en 24 h · h&gt;5 cm</name>
	<Style><LineStyle><color>ff0000ff</color></LineStyle><PolyStyle><fill>0</fill></PolyStyle></Style>
      <Polygon><outerBoundaryIs><LinearRing><coordinates>-59.4444968267143,-34.3977879980079 -59.4444950397369,-34.3980584270792 -59.4451475260471,-34.3980613878775 -59.4451421712683,-34.3988726751086 -59.4448159249532,-34.3988711950997 -59.4448177109527,-34.3986007660496 -59.4444914657107,-34.3985992851857 -59.4444932527358,-34.3983288561385 -59.444167008567,-34.3983273744196 -59.4441687966176,-34.3980569453753 -59.4438425535221,-34.3980554628015 -59.4438443425981,-34.39778503376 -59.4444968267143,-34.3977879980079</coordinates></LinearRing></outerBoundaryIs></Polygon>
  </Placemark>
  <Placemark id="rog_P200_24h_agua5cm.23">
	<name>200 mm en 24 h · h&gt;5 cm</name>
	<Style><LineStyle><color>ff0000ff</color></LineStyle><PolyStyle><fill>0</fill></PolyStyle></Style>
      <Polygon><outerBoundaryIs><LinearRing><coordinates>-59.4092533219158,-34.398975086603 -59.4092514214844,-34.3992455139525 -59.4089251757727,-34.3992439382264 -59.4089270772534,-34.3989735108927 -59.4092533219158,-34.398975086603</coordinates></LinearRing></outerBoundaryIs></Polygon>
  </Placemark>
  <Placemark id="rog_P200_24h_agua5cm.24">
	<name>200 mm en 24 h · h&gt;5 cm</name>
	<Style><LineStyle><color>ff0000ff</color></LineStyle><PolyStyle><fill>0</fill></PolyStyle></Style>
      <Polygon><outerBoundaryIs><LinearRing><coordinates>-59.4373086459608,-34.3993777721816 -59.4373068357532,-34.3996482008505 -59.436980586865,-34.3996466999192 -59.4369823981221,-34.3993762712654 -59.4373086459608,-34.3993777721816</coordinates></LinearRing></outerBoundaryIs></Polygon>
  </Placemark>
  <Placemark id="rog_P200_24h_agua5cm.25">
	<name>200 mm en 24 h · h&gt;5 cm</name>
	<Style><LineStyle><color>ff0000ff</color></LineStyle><PolyStyle><fill>0</fill></PolyStyle></Style>
      <Polygon><outerBoundaryIs><LinearRing><coordinates>-59.4412380019579,-34.3972322840949 -59.441236204535,-34.3975027130408 -59.4415624453407,-34.3975042025434 -59.4415588525217,-34.398045060429 -59.44188509545,-34.3980465490918 -59.441881504634,-34.3985874069591 -59.4412290146038,-34.3985844287038 -59.4412272170611,-34.3988548575894 -59.4409009710326,-34.3988533671419 -59.4408973737766,-34.399394224847 -59.4402448775938,-34.3993912412823 -59.440243076831,-34.3996616700867 -59.4392643295886,-34.3996571881704 -59.4392625256534,-34.3999276169177 -59.4379575254691,-34.3999216287904 -59.437959333602,-34.3996512001034 -59.4376330846655,-34.3996497009119 -59.4376367029578,-34.399108843532 -59.4373104561443,-34.3991073435008 -59.4373122663037,-34.3988369148078 -59.4366597748479,-34.398833912166 -59.4366633992918,-34.3982930548043 -59.4369896429089,-34.39829455653 -59.4369878317484,-34.3985649852319 -59.4376403211537,-34.3985679861038 -59.4376385120678,-34.398838414824 -59.4382910036683,-34.3988414122466 -59.4382928106555,-34.3985709834963 -59.4386190554425,-34.3985724808877 -59.4386208613561,-34.3983020521103 -59.4392733489036,-34.3983050442534 -59.4392751526945,-34.3980346154338 -59.4396013954549,-34.3980361101855 -59.4396031981725,-34.3977656813389 -59.4399294399076,-34.3977671752057 -59.4399312415518,-34.3974967463319 -59.4405837229954,-34.397499731426 -59.4405855225169,-34.3972293025101 -59.4412380019579,-34.3972322840949</coordinates></LinearRing></outerBoundaryIs></Polygon>
  </Placemark>
  <Placemark id="rog_P200_24h_agua5cm.26">
	<name>200 mm en 24 h · h&gt;5 cm</name>
	<Style><LineStyle><color>ff0000ff</color></LineStyle><PolyStyle><fill>0</fill></PolyStyle></Style>
      <Polygon><outerBoundaryIs><LinearRing><coordinates>-59.4405693259598,-34.399663162319 -59.4405675262224,-34.3999335911264 -59.4402412760442,-34.3999320988791 -59.440243076831,-34.3996616700867 -59.4405693259598,-34.399663162319</coordinates></LinearRing></outerBoundaryIs></Polygon>
  </Placemark>
  <Placemark id="rog_P200_24h_agua5cm.27">
	<name>200 mm en 24 h · h&gt;5 cm</name>
	<Style><LineStyle><color>ff0000ff</color></LineStyle><PolyStyle><fill>0</fill></PolyStyle></Style>
      <Polygon><outerBoundaryIs><LinearRing><coordinates>-59.4376330846655,-34.3996497009119 -59.4376312754832,-34.3999201295837 -59.4373050255215,-34.3999186295072 -59.4373068357532,-34.3996482008505 -59.4376330846655,-34.3996497009119</coordinates></LinearRing></outerBoundaryIs></Polygon>
  </Placemark>
  <Placemark id="rog_P200_24h_agua5cm.28">
	<name>200 mm en 24 h · h&gt;5 cm</name>
	<Style><LineStyle><color>ff0000ff</color></LineStyle><PolyStyle><fill>0</fill></PolyStyle></Style>
      <Polygon><outerBoundaryIs><LinearRing><coordinates>-59.4379575254691,-34.3999216287904 -59.4379557173121,-34.4001920574653 -59.4376294662768,-34.4001905582436 -59.4376312754832,-34.3999201295837 -59.4379575254691,-34.3999216287904</coordinates></LinearRing></outerBoundaryIs></Polygon>
  </Placemark>
  <Placemark id="rog_P200_24h_agua5cm.29">
	<name>200 mm en 24 h · h&gt;5 cm</name>
	<Style><LineStyle><color>ff0000ff</color></LineStyle><PolyStyle><fill>0</fill></PolyStyle></Style>
      <Polygon><outerBoundaryIs><LinearRing><coordinates>-59.394894687697,-34.3994457857344 -59.3948888476522,-34.4002570655559 -59.3945625988711,-34.4002554514905 -59.3945684420641,-34.3994441717177 -59.394894687697,-34.3994457857344</coordinates></LinearRing></outerBoundaryIs></Polygon>
  </Placemark>
  <Placemark id="rog_P200_24h_agua5cm.30">
	<name>200 mm en 24 h · h&gt;5 cm</name>
	<Style><LineStyle><color>ff0000ff</color></LineStyle><PolyStyle><fill>0</fill></PolyStyle></Style>
      <Polygon><outerBoundaryIs><LinearRing><coordinates>-59.4402412760442,-34.3999320988791 -59.4402376743985,-34.4004729564276 -59.4399114221454,-34.4004714632803 -59.4399150258899,-34.3999306057619 -59.4402412760442,-34.3999320988791</coordinates></LinearRing></outerBoundaryIs></Polygon>
  </Placemark>
  <Placemark id="rog_P200_24h_agua5cm.31">
	<name>200 mm en 24 h · h&gt;5 cm</name>
	<Style><LineStyle><color>ff0000ff</color></LineStyle><PolyStyle><fill>0</fill></PolyStyle></Style>
      <Polygon><outerBoundaryIs><LinearRing><coordinates>-59.4026842343856,-34.4051632257748 -59.4026823123777,-34.4054336525279 -59.402356043036,-34.4054320590354 -59.4023579660936,-34.4051616322983 -59.4026842343856,-34.4051632257748</coordinates></LinearRing></outerBoundaryIs></Polygon>
  </Placemark>
  <Placemark id="rog_P200_24h_agua5cm.32">
	<name>200 mm en 24 h · h&gt;5 cm</name>
	<Style><LineStyle><color>ff0000ff</color></LineStyle><PolyStyle><fill>0</fill></PolyStyle></Style>
      <Polygon><outerBoundaryIs><LinearRing><coordinates>-59.4173569597172,-34.4065861689047 -59.4173550848209,-34.4068565963101 -59.4170288090916,-34.4068550418928 -59.4170306850377,-34.4065846145031 -59.4173569597172,-34.4065861689047</coordinates></LinearRing></outerBoundaryIs></Polygon>
  </Placemark>
  <Placemark id="rog_P200_24h_agua5cm.33">
	<name>200 mm en 24 h · h&gt;5 cm</name>
	<Style><LineStyle><color>ff0000ff</color></LineStyle><PolyStyle><fill>0</fill></PolyStyle></Style>
      <Polygon><outerBoundaryIs><LinearRing><coordinates>-59.4176813605752,-34.4068581498573 -59.4176794867037,-34.4071285772663 -59.4173532098996,-34.4071270237035 -59.4173550848209,-34.4068565963101 -59.4176813605752,-34.4068581498573</coordinates></LinearRing></outerBoundaryIs></Polygon>
  </Placemark>
  <Placemark id="rog_P200_24h_agua5cm.34">
	<name>200 mm en 24 h · h&gt;5 cm</name>
	<Style><LineStyle><color>ff0000ff</color></LineStyle><PolyStyle><fill>0</fill></PolyStyle></Style>
      <Polygon><outerBoundaryIs><LinearRing><coordinates>-59.4101732285154,-34.4073630522137 -59.4101713304482,-34.4076334792367 -59.4098450521227,-34.4076319056292 -59.4098469512398,-34.407361478622 -59.4101732285154,-34.4073630522137</coordinates></LinearRing></outerBoundaryIs></Polygon>
  </Placemark>
  <Placemark id="rog_P200_24h_agua5cm.35">
	<name>200 mm en 24 h · h&gt;5 cm</name>
	<Style><LineStyle><color>ff0000ff</color></LineStyle><PolyStyle><fill>0</fill></PolyStyle></Style>
      <Polygon><outerBoundaryIs><LinearRing><coordinates>-59.4421449316456,-34.4080539001775 -59.4421431364138,-34.408324328686 -59.4418168535762,-34.4083228403239 -59.4418186498578,-34.4080524118304 -59.4421449316456,-34.4080539001775</coordinates></LinearRing></outerBoundaryIs></Polygon>
  </Placemark>
  <Placemark id="rog_P200_24h_agua5cm.36">
	<name>200 mm en 24 h · h&gt;5 cm</name>
	<Style><LineStyle><color>ff0000ff</color></LineStyle><PolyStyle><fill>0</fill></PolyStyle></Style>
      <Polygon><outerBoundaryIs><LinearRing><coordinates>-59.4365945183358,-34.4085693364263 -59.4365927052079,-34.4088397646548 -59.4362664206794,-34.4088382614694 -59.4362682348571,-34.4085678332559 -59.4365945183358,-34.4085693364263</coordinates></LinearRing></outerBoundaryIs></Polygon>
  </Placemark>
  <Placemark id="rog_P200_24h_agua5cm.37">
	<name>200 mm en 24 h · h&gt;5 cm</name>
	<Style><LineStyle><color>ff0000ff</color></LineStyle><PolyStyle><fill>0</fill></PolyStyle></Style>
      <Polygon><outerBoundaryIs><LinearRing><coordinates>-59.4075534784373,-34.4087025734763 -59.4075496652263,-34.4092434271357 -59.4072233808046,-34.4092418464716 -59.4072271961154,-34.408700992844 -59.4075534784373,-34.4087025734763</coordinates></LinearRing></outerBoundaryIs></Polygon>
  </Placemark>
  <Placemark id="rog_P200_24h_agua5cm.38">
	<name>200 mm en 24 h · h&gt;5 cm</name>
	<Style><LineStyle><color>ff0000ff</color></LineStyle><PolyStyle><fill>0</fill></PolyStyle></Style>
      <Polygon><outerBoundaryIs><LinearRing><coordinates>-59.4153748545257,-34.4100923835505 -59.4153729730048,-34.4103628107051 -59.4150466837774,-34.410361250863 -59.4150485663482,-34.4100908237241 -59.4153748545257,-34.4100923835505</coordinates></LinearRing></outerBoundaryIs></Polygon>
  </Placemark>
  <Placemark id="rog_P200_24h_agua5cm.39">
	<name>200 mm en 24 h · h&gt;5 cm</name>
	<Style><LineStyle><color>ff0000ff</color></LineStyle><PolyStyle><fill>0</fill></PolyStyle></Style>
      <Polygon><outerBoundaryIs><LinearRing><coordinates>-59.4137415271187,-34.4103550027922 -59.4137339797845,-34.4114367109754 -59.413081393206,-34.4114335815926 -59.4130851711234,-34.4108927275881 -59.4134114623001,-34.4108942926832 -59.4134152380169,-34.4103534385989 -59.4137415271187,-34.4103550027922</coordinates></LinearRing></outerBoundaryIs></Polygon>
  </Placemark>
  <Placemark id="rog_P200_24h_agua5cm.40">
	<name>200 mm en 24 h · h&gt;5 cm</name>
	<Style><LineStyle><color>ff0000ff</color></LineStyle><PolyStyle><fill>0</fill></PolyStyle></Style>
      <Polygon><outerBoundaryIs><LinearRing><coordinates>-59.4120930525422,-34.4127810155549 -59.4120911602696,-34.4130514424314 -59.4117648607934,-34.4130498737291 -59.4117667541161,-34.4127794468684 -59.4120930525422,-34.4127810155549</coordinates></LinearRing></outerBoundaryIs></Polygon>
  </Placemark>
  <Placemark id="rog_P200_24h_agua5cm.41">
	<name>200 mm en 24 h · h&gt;5 cm</name>
	<Style><LineStyle><color>ff0000ff</color></LineStyle><PolyStyle><fill>0</fill></PolyStyle></Style>
      <Polygon><outerBoundaryIs><LinearRing><coordinates>-59.4287195949807,-34.4150232855503 -59.4287177560673,-34.4152937131238 -59.4283914469214,-34.4152921886855 -59.4283932868849,-34.4150217611273 -59.4287195949807,-34.4150232855503</coordinates></LinearRing></outerBoundaryIs></Polygon>
  </Placemark>
  <Placemark id="rog_P200_24h_agua5cm.42">
	<name>200 mm en 24 h · h&gt;5 cm</name>
	<Style><LineStyle><color>ff0000ff</color></LineStyle><PolyStyle><fill>0</fill></PolyStyle></Style>
      <Polygon><outerBoundaryIs><LinearRing><coordinates>-59.4280669788138,-34.4150202358339 -59.4280651377999,-34.4152906633768 -59.4277388287031,-34.4152891371976 -59.4277406707671,-34.4150187096701 -59.4280669788138,-34.4150202358339</coordinates></LinearRing></outerBoundaryIs></Polygon>
  </Placemark>
  <Placemark id="rog_P200_24h_agua5cm.43">
	<name>200 mm en 24 h · h&gt;5 cm</name>
	<Style><LineStyle><color>ff0000ff</color></LineStyle><PolyStyle><fill>0</fill></PolyStyle></Style>
      <Polygon><outerBoundaryIs><LinearRing><coordinates>-59.4427472785636,-34.41562886878 -59.4427454847624,-34.4158992969808 -59.4424191724748,-34.4158978099401 -59.4424209673262,-34.4156273817543 -59.4427472785636,-34.41562886878</coordinates></LinearRing></outerBoundaryIs></Polygon>
  </Placemark>
  <Placemark id="rog_P200_24h_agua5cm.44">
	<name>200 mm en 24 h · h&gt;5 cm</name>
	<Style><LineStyle><color>ff0000ff</color></LineStyle><PolyStyle><fill>0</fill></PolyStyle></Style>
      <Polygon><outerBoundaryIs><LinearRing><coordinates>-59.4293593530412,-34.4169193247611 -59.4293575160569,-34.4171897522808 -59.42903119951,-34.417188229476 -59.4290330375446,-34.4169178019716 -59.4293593530412,-34.4169193247611</coordinates></LinearRing></outerBoundaryIs></Polygon>
  </Placemark>
  <Placemark id="rog_P200_24h_agua5cm.45">
	<name>200 mm en 24 h · h&gt;5 cm</name>
	<Style><LineStyle><color>ff0000ff</color></LineStyle><PolyStyle><fill>0</fill></PolyStyle></Style>
      <Polygon><outerBoundaryIs><LinearRing><coordinates>-59.4424155827,-34.4164386662757 -59.4424119928297,-34.4169795225629 -59.4427383093185,-34.4169810096635 -59.4427347214531,-34.4175218659324 -59.442082084298,-34.417518890801 -59.4420802882287,-34.4177893188874 -59.4414276490686,-34.417786340244 -59.4414312453847,-34.417245484119 -59.441757562852,-34.417246973846 -59.4417593599238,-34.4169765457504 -59.4420856763648,-34.4169780345919 -59.4420892683358,-34.4164371783346 -59.4424155827,-34.4164386662757</coordinates></LinearRing></outerBoundaryIs></Polygon>
  </Placemark>
  <Placemark id="rog_P200_24h_agua5cm.46">
	<name>200 mm en 24 h · h&gt;5 cm</name>
	<Style><LineStyle><color>ff0000ff</color></LineStyle><PolyStyle><fill>0</fill></PolyStyle></Style>
      <Polygon><outerBoundaryIs><LinearRing><coordinates>-59.4153165157166,-34.4184756197304 -59.4153146334182,-34.4187460465109 -59.4149883116351,-34.4187444861821 -59.4149901949839,-34.4184740594173 -59.4153165157166,-34.4184756197304</coordinates></LinearRing></outerBoundaryIs></Polygon>
  </Placemark>
  <Placemark id="rog_P200_24h_agua5cm.47">
	<name>200 mm en 24 h · h&gt;5 cm</name>
	<Style><LineStyle><color>ff0000ff</color></LineStyle><PolyStyle><fill>0</fill></PolyStyle></Style>
      <Polygon><outerBoundaryIs><LinearRing><coordinates>-59.4195493440544,-34.4198479593836 -59.4195474752866,-34.4201183863071 -59.4192211479263,-34.420116837217 -59.4192230177445,-34.4198464103091 -59.4195493440544,-34.4198479593836</coordinates></LinearRing></outerBoundaryIs></Polygon>
  </Placemark>
  <Placemark id="rog_P200_24h_agua5cm.48">
	<name>200 mm en 24 h · h&gt;5 cm</name>
	<Style><LineStyle><color>ff0000ff</color></LineStyle><PolyStyle><fill>0</fill></PolyStyle></Style>
      <Polygon><outerBoundaryIs><LinearRing><coordinates>-59.4136735866248,-34.42009036949 -59.4136716989235,-34.4203607961194 -59.4133453709634,-34.4203592313436 -59.4133472597152,-34.4200888047299 -59.4136735866248,-34.42009036949</coordinates></LinearRing></outerBoundaryIs></Polygon>
  </Placemark>
  <Placemark id="rog_P200_24h_agua5cm.49">
	<name>200 mm en 24 h · h&gt;5 cm</name>
	<Style><LineStyle><color>ff0000ff</color></LineStyle><PolyStyle><fill>0</fill></PolyStyle></Style>
      <Polygon><outerBoundaryIs><LinearRing><coordinates>-59.4051871801774,-34.4203198290162 -59.4051852651384,-34.4205902552213 -59.4048589367868,-34.4205886677951 -59.4048608528763,-34.4203182416059 -59.4051871801774,-34.4203198290162</coordinates></LinearRing></outerBoundaryIs></Polygon>
  </Placemark>
  <Placemark id="rog_P200_24h_agua5cm.50">
	<name>200 mm en 24 h · h&gt;5 cm</name>
	<Style><LineStyle><color>ff0000ff</color></LineStyle><PolyStyle><fill>0</fill></PolyStyle></Style>
      <Polygon><outerBoundaryIs><LinearRing><coordinates>-59.4345476373719,-34.4218112689121 -59.4345439961161,-34.4223521239932 -59.4342176592203,-34.4223506148274 -59.4342213025772,-34.4218097597766 -59.4345476373719,-34.4218112689121</coordinates></LinearRing></outerBoundaryIs></Polygon>
  </Placemark>
  <Placemark id="rog_P200_24h_agua5cm.51">
	<name>200 mm en 24 h · h&gt;5 cm</name>
	<Style><LineStyle><color>ff0000ff</color></LineStyle><PolyStyle><fill>0</fill></PolyStyle></Style>
      <Polygon><outerBoundaryIs><LinearRing><coordinates>-59.4355230069491,-34.422356646267 -59.4355211894367,-34.4226270738349 -59.4345421754519,-34.4226225515157 -59.4345439961161,-34.4223521239932 -59.4355230069491,-34.422356646267</coordinates></LinearRing></outerBoundaryIs></Polygon>
  </Placemark>
  <Placemark id="rog_P200_24h_agua5cm.52">
	<name>200 mm en 24 h · h&gt;5 cm</name>
	<Style><LineStyle><color>ff0000ff</color></LineStyle><PolyStyle><fill>0</fill></PolyStyle></Style>
      <Polygon><outerBoundaryIs><LinearRing><coordinates>-59.4296489452343,-34.422329395089 -59.429647108811,-34.4225998223828 -59.4293207712302,-34.4225983001421 -59.4293226087042,-34.4223278728636 -59.4296489452343,-34.422329395089</coordinates></LinearRing></outerBoundaryIs></Polygon>
  </Placemark>
  <Placemark id="rog_P200_24h_agua5cm.53">
	<name>200 mm en 24 h · h&gt;5 cm</name>
	<Style><LineStyle><color>ff0000ff</color></LineStyle><PolyStyle><fill>0</fill></PolyStyle></Style>
      <Polygon><outerBoundaryIs><LinearRing><coordinates>-59.4316435622019,-34.4169299599145 -59.43164173257,-34.4172003875413 -59.431315415852,-34.4171988708298 -59.4313135851453,-34.4174692984292 -59.4309872674013,-34.4174677808319 -59.4309854356199,-34.4177382084041 -59.43065911685,-34.417736689921 -59.4306572839938,-34.4180071174658 -59.430330964198,-34.418005598097 -59.4303291302669,-34.4182760256144 -59.4296764886479,-34.4182729842347 -59.4296746525916,-34.4185434117095 -59.4293483307684,-34.4185418896985 -59.4293464936373,-34.4188123171459 -59.4290201707881,-34.4188107942491 -59.4290183325821,-34.4190812216691 -59.428692008707,-34.4190796978865 -59.4286791332253,-34.4209726893811 -59.4290054644537,-34.4209742132711 -59.4289981106985,-34.4220559224925 -59.4293244461536,-34.4220574455731 -59.4293226087042,-34.4223278728636 -59.4289962721985,-34.4223263497677 -59.4289925951248,-34.4228672042818 -59.4286662565424,-34.4228656802846 -59.4286754542956,-34.4215135439853 -59.4283491209906,-34.4215120191941 -59.4283454398618,-34.4220528737193 -59.4280191044802,-34.4220513480268 -59.4280209461075,-34.4217809207855 -59.427694611801,-34.4217793942378 -59.4277019822669,-34.4206976852137 -59.4273756521871,-34.4206961578568 -59.4273793393737,-34.420155303303 -59.4270530114195,-34.4201537751063 -59.4270585451665,-34.4193424932314 -59.4267322203883,-34.4193409642103 -59.4267359115309,-34.4188001095975 -59.4264095888781,-34.4187985797366 -59.4264169750697,-34.4177168704277 -59.4273959304971,-34.4177214572142 -59.4273940871373,-34.4179918846057 -59.4283730459369,-34.4179964636039 -59.4283748861457,-34.4177260361663 -59.429353842015,-34.4177306072841 -59.4293556790482,-34.4174601797885 -59.4296819966699,-34.4174617017381 -59.4296838326283,-34.4171912742151 -59.4303364658445,-34.4171943154724 -59.4303382996778,-34.4169238879067 -59.4316435622019,-34.4169299599145</coordinates></LinearRing></outerBoundaryIs></Polygon>
  </Placemark>
  <Placemark id="rog_P200_24h_agua5cm.54">
	<name>200 mm en 24 h · h&gt;5 cm</name>
	<Style><LineStyle><color>ff0000ff</color></LineStyle><PolyStyle><fill>0</fill></PolyStyle></Style>
      <Polygon><outerBoundaryIs><LinearRing><coordinates>-59.4175520048397,-34.4255176127694 -59.4175463779786,-34.4263288924622 -59.4172200266034,-34.426327337789 -59.4172256566168,-34.4255160581431 -59.4175520048397,-34.4255176127694</coordinates></LinearRing></outerBoundaryIs></Polygon>
  </Placemark>
  <Placemark id="rog_P200_24h_agua5cm.55">
	<name>200 mm en 24 h · h&gt;5 cm</name>
	<Style><LineStyle><color>ff0000ff</color></LineStyle><PolyStyle><fill>0</fill></PolyStyle></Style>
      <Polygon><outerBoundaryIs><LinearRing><coordinates>-59.4434495386792,-34.3588401625089 -59.4434477509387,-34.3591105932562 -59.443773843025,-34.3591120754192 -59.4437720563081,-34.3593825061694 -59.4440981494655,-34.3593839874786 -59.4440963637721,-34.3596544182317 -59.4444224580007,-34.3596558986873 -59.4444206733309,-34.3599263294432 -59.4447467686306,-34.3599278090451 -59.4447449849844,-34.3601982398039 -59.4450710813553,-34.360199718552 -59.4450692987327,-34.3604701493136 -59.4453953961748,-34.360471627208 -59.4453936145759,-34.3607420579725 -59.4457197130891,-34.3607435350131 -59.4457179325139,-34.3610139657804 -59.4460440320983,-34.3610154419672 -59.4460422525467,-34.3612858727374 -59.4463683532023,-34.3612873480704 -59.4463665746745,-34.3615577788433 -59.4466926764012,-34.3615592533225 -59.4466908988972,-34.3618296840983 -59.4470170016951,-34.3618311577237 -59.4470152252149,-34.3621015885022 -59.447341329084,-34.3621030612737 -59.4473395536275,-34.362373492055 -59.4476656585678,-34.3623749639727 -59.447662109679,-34.3629158255288 -59.4479882167379,-34.3629172966074 -59.4479864433056,-34.3631877273822 -59.4483125514357,-34.3631891976069 -59.4483107790274,-34.3634596283844 -59.4486368882286,-34.3634610977552 -59.4486351168442,-34.3637315285355 -59.4492873374128,-34.3637344647004 -59.4492855680999,-34.3640048954982 -59.4496116794671,-34.3640063622923 -59.4496081428659,-34.3645472238813 -59.4502603698615,-34.3645501549223 -59.4502568373565,-34.3650910165222 -59.4505829529849,-34.365092480769 -59.4505811877447,-34.3653629115656 -59.4509073044443,-34.3653643749584 -59.4509037759888,-34.3659052365449 -59.4512298948073,-34.3659066990983 -59.451228131592,-34.3661771298883 -59.4515542514816,-34.3661785915876 -59.4515507270759,-34.3667194531607 -59.4518768490845,-34.3667209140207 -59.4518733266804,-34.367261775575 -59.4521994508079,-34.3672632355955 -59.4521976906184,-34.3675336663693 -59.4525238158172,-34.3675351255357 -59.4525202974634,-34.3680759870765 -59.4528464247813,-34.3680774454034 -59.452844666617,-34.3683478761704 -59.4531707950061,-34.368349333643 -59.4531672807029,-34.3688901951704 -59.4534934112111,-34.3688916518034 -59.45348989891,-34.3694325133118 -59.4538160315373,-34.3694339691053 -59.4538125212384,-34.3699748305949 -59.4541386559849,-34.3699762855487 -59.4541351476882,-34.3705171470194 -59.4544612845539,-34.3705186011336 -59.4544595314184,-34.3707890318655 -59.4547856693554,-34.3707904851253 -59.4547839172446,-34.3710609158598 -59.4551100562529,-34.3710623682653 -59.4551065540571,-34.3716032297274 -59.4554326951847,-34.3716046812931 -59.4554309450997,-34.3718751120207 -59.4557570872987,-34.371876562732 -59.4557553382385,-34.3721469934622 -59.4560814815087,-34.3721484433191 -59.4560779854144,-34.3726893047725 -59.456404130804,-34.3726907537896 -59.4564023837699,-34.3729611845128 -59.4567285302309,-34.3729626326754 -59.4567250381891,-34.3735034941148 -59.4570511867695,-34.3735049414375 -59.4570494417617,-34.3737753721537 -59.4573755914135,-34.373776818622 -59.4573721034245,-34.3743176800474 -59.4576982551957,-34.3743191256756 -59.4576947692101,-34.3748599870819 -59.4580209231009,-34.3748614318702 -59.4580174391186,-34.3754022932574 -59.458343595129,-34.3754037372057 -59.4583401131503,-34.3759445985738 -59.4586662712802,-34.3759460416819 -59.4586627913052,-34.3764869030309 -59.4589889515548,-34.376488345299 -59.4589854735835,-34.3770292066288 -59.4593116359528,-34.3770306480568 -59.4593081599854,-34.3775715093674 -59.4599604889866,-34.3775743896738 -59.4599587530648,-34.37784482034 -59.4606110842551,-34.3778476971986 -59.4606093504068,-34.3781181278817 -59.4635448513406,-34.3781310308494 -59.463546575754,-34.3778606000363 -59.4638727415912,-34.3778620293389 -59.4638744649333,-34.3775915984994 -59.4642006297451,-34.3775930269184 -59.4642023520159,-34.3773225960524 -59.4648546796119,-34.3773254502541 -59.4648563997631,-34.3770550193473 -59.4655087253542,-34.3770578700435 -59.4655104433861,-34.376787439096 -59.4664889287995,-34.3767917085785 -59.4664906436637,-34.3765212775759 -59.4668168044656,-34.3765226989841 -59.4668150906498,-34.3767931300009 -59.4677935763374,-34.3767973890532 -59.4677918656435,-34.3770678201009 -59.4681180286333,-34.3770692380609 -59.4681163189649,-34.3773396691108 -59.4684424830258,-34.3773410862159 -59.4684390657172,-34.3778819483082 -59.4690913981005,-34.3778847799678 -59.4690896915087,-34.3781552110244 -59.4687635242574,-34.3781537956149 -59.4687618165945,-34.3784242266452 -59.4677833118321,-34.3784199751586 -59.4677816010014,-34.378690406134 -59.4674554317445,-34.3786889872191 -59.4674537198426,-34.3789594181681 -59.4671275495601,-34.3789579983697 -59.467125836587,-34.3792284292924 -59.466799665279,-34.3792270086104 -59.466791094829,-34.3805791629718 -59.4664649183017,-34.3805777413489 -59.4664683486471,-34.3800368796691 -59.4661421742395,-34.3800354572057 -59.4661438904264,-34.379765026362 -59.4658177170901,-34.3797636030435 -59.4658194343025,-34.3794931722022 -59.4648409175763,-34.3794888970743 -59.4648391972186,-34.3797593278726 -59.464513023974,-34.3797579010771 -59.464511302545,-34.380028331849 -59.4638589540277,-34.3800254756214 -59.4638572304789,-34.3802959063524 -59.4632048799566,-34.3802930466189 -59.4632031542879,-34.3805634773092 -59.4628769780127,-34.380562046124 -59.4628752512726,-34.3808324767878 -59.462549073972,-34.380831044719 -59.462543890468,-34.3816423365948 -59.4628700709141,-34.3816437687069 -59.4628666172267,-34.3821846299261 -59.4631927997928,-34.3821860611976 -59.4631910739631,-34.3824564918036 -59.4635172576008,-34.3824579222202 -59.4635155327967,-34.3827283528284 -59.4638417175059,-34.3827297823901 -59.4638399937274,-34.3830002130007 -59.4641661795082,-34.3830016417074 -59.4641644567552,-34.3832720723203 -59.4644906436076,-34.383273500172 -59.4644889218803,-34.3835439307873 -59.4648151098042,-34.3835453577839 -59.4648116683781,-34.3840862190071 -59.4651378584222,-34.3840876451631 -59.4651344190017,-34.3846285063667 -59.465460611166,-34.384629931682 -59.4654571737512,-34.3851707928661 -59.4657833680358,-34.3851722173407 -59.4657799326267,-34.3857130785053 -59.4661061290317,-34.3857145021391 -59.4661026956285,-34.3862553632842 -59.4664288941538,-34.3862567860771 -59.4664271784667,-34.3865272166459 -59.4667533780636,-34.3865286385837 -59.4667516634024,-34.3867990691548 -59.467077864071,-34.3868004902374 -59.4670761504357,-34.3870709208107 -59.4674023521759,-34.3870723410381 -59.4673989269345,-34.3876132021772 -59.4677251307951,-34.3876146215637 -59.467723419189,-34.3878850521295 -59.4680496241212,-34.3878864706607 -59.4680479135412,-34.3881569012287 -59.4683741195451,-34.3881583189046 -59.4683724099911,-34.3884287494749 -59.4686986170667,-34.3884301662955 -59.4686969085387,-34.388700596868 -59.4690231166859,-34.3887020128334 -59.4690214091842,-34.388972443408 -59.469347618403,-34.3889738585181 -59.4693459119274,-34.3892442890949 -59.4696721222179,-34.3892457033497 -59.4696704167684,-34.3895161339287 -59.4699966281306,-34.3895175473281 -59.4699949237073,-34.3897879779093 -59.4703211361411,-34.3897893904533 -59.4703194327441,-34.3900598210367 -59.4706456462496,-34.3900612327253 -59.4706439438788,-34.3903316633109 -59.4716225876781,-34.3903358932017 -59.4716208884316,-34.3906063238178 -59.4719471041257,-34.3906077320563 -59.4719454059055,-34.3908781626745 -59.4729240562704,-34.3908823822149 -59.4729223611746,-34.3911528128635 -59.4742272328401,-34.3911584267989 -59.4742255419178,-34.3914288574921 -59.4745517609396,-34.3914302588159 -59.4745500710438,-34.3917006895111 -59.4712878713516,-34.3916866369968 -59.4712895717377,-34.3914162064431 -59.4703109154184,-34.391411973773 -59.4703092118851,-34.3916824042841 -59.4699829921084,-34.3916809916406 -59.4699727641376,-34.393303574369 -59.4702989902089,-34.3933049870979 -59.4702938790642,-34.3941162783421 -59.4706201083056,-34.3941176902439 -59.4706167028606,-34.3946585510415 -59.4709429342231,-34.394659962102 -59.4709395307857,-34.3952008228799 -59.4712657642693,-34.395202233099 -59.4712606620909,-34.396013524218 -59.4715868987449,-34.3960149336099 -59.4715834992779,-34.396555794324 -59.471909738053,-34.3965572028745 -59.4719046418305,-34.3973684938979 -59.4722308837763,-34.397369901621 -59.4722173012487,-34.3995333439333 -59.4725435516121,-34.3995347508999 -59.4725350670444,-34.4008869020243 -59.4728613226779,-34.4008883081918 -59.4728545388147,-34.401970028931 -59.473180798669,-34.4019714342851 -59.4731791036963,-34.4022418644539 -59.4735053646228,-34.4022432689521 -59.4735019767088,-34.402784129282 -59.473828239757,-34.4027855329384 -59.4738231608656,-34.4035968233852 -59.4744756933276,-34.4035996281727 -59.4744723114859,-34.4041404884668 -59.47479857985,-34.4041418895837 -59.4747935100675,-34.4049531799767 -59.4741409670636,-34.4049503767881 -59.4741477351261,-34.4038686563529 -59.4734952006099,-34.403865849797 -59.4734968946685,-34.4035954196863 -59.473170628494,-34.4035940151174 -59.4731723235796,-34.4033235850088 -59.4728460584773,-34.403322179584 -59.4728494506801,-34.4027813193589 -59.4725231876996,-34.4027799130924 -59.4725248848167,-34.402509482976 -59.4721986229085,-34.4025080758536 -59.472202019174,-34.4019672156129 -59.4718757593876,-34.4019658076488 -59.4718791576617,-34.4014249473883 -59.4715528999971,-34.4014235385826 -59.4715563002797,-34.4008826783022 -59.4712300447367,-34.4008812686549 -59.4712334470277,-34.4003404083547 -59.4709071936064,-34.4003389978659 -59.4709123000212,-34.3995277073678 -59.4705860497711,-34.3995262960516 -59.4705928622042,-34.3984445752756 -59.4702666161744,-34.3984431631464 -59.4702700243536,-34.3979023027145 -59.4699437804452,-34.3979008897439 -59.4699454855501,-34.3976304595241 -59.4696192427138,-34.3976290456978 -59.4696260671033,-34.3965473247551 -59.4692998284871,-34.396545910116 -59.4693032426439,-34.3960050496008 -59.468977006149,-34.3960036341203 -59.4689821303614,-34.3951923433 -59.4686558970369,-34.3951909269925 -59.4686576061114,-34.3949204967092 -59.4683313738589,-34.3949190795462 -59.4683330839598,-34.3946486492651 -59.4680068527794,-34.3946472312466 -59.4680102750112,-34.3941063706768 -59.4676840459518,-34.3941049518171 -59.4676908943383,-34.3930232305902 -59.4673646694984,-34.3930218109179 -59.4673800864746,-34.390587937581 -59.4670538710989,-34.3905865171677 -59.4670572989404,-34.3900456563223 -59.4667310856854,-34.390044235068 -59.4667328006209,-34.3897738046415 -59.4664065884377,-34.3897723825319 -59.4664100203379,-34.3892315216714 -59.4660838102754,-34.3892300987209 -59.4660855272401,-34.3889596682869 -59.4647806914149,-34.3889539678465 -59.4647789702546,-34.3892243982231 -59.4644527603067,-34.3892229709247 -59.4644510380746,-34.3894934012749 -59.4641248271007,-34.3894919730926 -59.4641231037967,-34.3897624034163 -59.46347067982,-34.3897595444141 -59.4634689543951,-34.390029974697 -59.4631427413923,-34.3900285438771 -59.4631410148955,-34.3902989741336 -59.4624885868611,-34.3902961098561 -59.4624868582433,-34.3905665400717 -59.4621606432116,-34.3905651066141 -59.4621589135218,-34.3908355368032 -59.4618326974643,-34.3908341024616 -59.4618309667024,-34.3911045326242 -59.4615047496189,-34.3911030973985 -59.461503017785,-34.3913735275346 -59.4611767996755,-34.3913720914248 -59.4611733338403,-34.391912951632 -59.4608471136559,-34.3919115146236 -59.4608436456302,-34.3924523747536 -59.4605174233708,-34.3924509368466 -59.4605156882742,-34.3927213668791 -59.4601894649889,-34.3927199280879 -59.4601859926281,-34.3932607880878 -59.4595335419304,-34.3932579078384 -59.4595387567314,-34.3924466179075 -59.458886312421,-34.3924437342664 -59.4588897930353,-34.3919028743103 -59.4582373530139,-34.3918999872486 -59.4582425800556,-34.3910886973113 -59.4585687969077,-34.3910901412334 -59.4585705381595,-34.3908197112156 -59.4588967539858,-34.3908211542535 -59.4588984941654,-34.3905507242092 -59.4595509237896,-34.3905536076471 -59.4595526618481,-34.3902831775618 -59.460205089467,-34.3902860574922 -59.4602068254044,-34.3900156273658 -59.4605330381996,-34.3900170660121 -59.4605347730649,-34.3897466358591 -59.4608609848343,-34.3897480736214 -59.4608644523978,-34.3892072132503 -59.4611906620925,-34.389208650114 -59.4611923947907,-34.388938219896 -59.4615186034595,-34.3889396558757 -59.4615203350858,-34.3886692256311 -59.4618465427288,-34.3886706607268 -59.4618482732831,-34.3884002304557 -59.4621744799003,-34.3884016646674 -59.4621762093826,-34.3881312343698 -59.4628286205885,-34.3881341001557 -59.4628320752887,-34.3875932394667 -59.4634844823913,-34.3875961017168 -59.4634862076093,-34.3873256713254 -59.4638124101463,-34.3873271011318 -59.463819306593,-34.3862453793882 -59.4634931082511,-34.3862439496394 -59.4634965584341,-34.3857030887241 -59.4631703622127,-34.3857016581346 -59.4631738144011,-34.3851607972 -59.4628476203002,-34.3851593657699 -59.4628493474086,-34.3848889352989 -59.4625231543793,-34.3848875030137 -59.4625266106244,-34.3843466420644 -59.4622004197155,-34.3843452089387 -59.4622021488522,-34.3840747784604 -59.461875959015,-34.3840733444797 -59.4618776891772,-34.3838029140038 -59.4615515004118,-34.3838014791682 -59.4615532315995,-34.3835310486946 -59.4612270439057,-34.3835296130041 -59.4612287761191,-34.383259182533 -59.460902589497,-34.3832577459874 -59.4609060559515,-34.382716885038 -59.4605798714497,-34.382715447652 -59.4605816056909,-34.3824450171737 -59.4602554222607,-34.3824435789329 -59.4602588927708,-34.381902717969 -59.4599327114609,-34.3819012788878 -59.4599344477298,-34.3816308484023 -59.4596082674915,-34.3816294084662 -59.4596100047857,-34.3813589779832 -59.4592838256191,-34.3813575371923 -59.4592855639387,-34.3810871067117 -59.4589593858437,-34.381085665066 -59.4589628645104,-34.3805448040977 -59.4586366885355,-34.3805433616117 -59.4586384288825,-34.3802729311241 -59.4583122539793,-34.3802714877833 -59.4583157367006,-34.3797306268008 -59.4579895639174,-34.3797291826199 -59.4579930486426,-34.3791883216183 -59.4576668779795,-34.3791868765972 -59.4576703647086,-34.3786460155765 -59.4573441961655,-34.3786445697153 -59.4573476848983,-34.3781037086755 -59.4570215184751,-34.3781022619742 -59.4570232638549,-34.3778318314508 -59.4566970985033,-34.3778303838949 -59.4566988449082,-34.377559953374 -59.4560465163714,-34.3775570556837 -59.4560447678699,-34.3778274861754 -59.4557186025881,-34.3778260360118 -59.455716853015,-34.3780964664769 -59.4553906867082,-34.3780950154295 -59.4553889360634,-34.3783654458679 -59.4550627687316,-34.3783639939367 -59.4550610170151,-34.3786344243484 -59.4547348486584,-34.3786329715334 -59.4547313430586,-34.3791738322914 -59.4544051726285,-34.3791723785778 -59.4544034187452,-34.3794428089242 -59.45407724729,-34.3794413543267 -59.4540614518522,-34.3818752267694 -59.4543876327435,-34.3818766814986 -59.454384124486,-34.3824175419382 -59.4537317585326,-34.3824146315517 -59.4537335147702,-34.3821442013673 -59.4534073328772,-34.3821427448847 -59.4534090901398,-34.3818723147029 -59.4537352709843,-34.3818737711708 -59.4537440517039,-34.3805216200075 -59.4534178761018,-34.3805201636129 -59.4534161189562,-34.380790593855 -59.4530899423292,-34.3807891365764 -59.4530881841117,-34.3810595667918 -59.4527620064596,-34.3810581086292 -59.4527584878574,-34.3815989689944 -59.4524323081317,-34.3815975099332 -59.452427026907,-34.3824088003466 -59.4530793926729,-34.3824117176878 -59.4530776343149,-34.3826821478309 -59.4524252664518,-34.3826792304602 -59.4524182243965,-34.3837609507945 -59.4520920363058,-34.3837594907463 -59.4520885130401,-34.3843003508117 -59.4524147032281,-34.3843018108892 -59.4524129426087,-34.3845722409186 -59.4520867513721,-34.3845707808263 -59.4520849896805,-34.3848412108289 -59.4524111819658,-34.3848426709358 -59.4524094212995,-34.385113100941 -59.4520832279655,-34.3851116408194 -59.452081466227,-34.3853820707979 -59.4517552718678,-34.385380609792 -59.4517605601589,-34.3845693198646 -59.4514343689693,-34.3845678580335 -59.4514273136727,-34.3856495778538 -59.4511011183118,-34.3856481150943 -59.4510993533802,-34.3859185450045 -59.4507731569941,-34.3859170813609 -59.4507713909902,-34.3861875112443 -59.4501189961912,-34.3861845813192 -59.4501207642925,-34.3859141514653 -59.4497945679771,-34.3859126852132 -59.4497981062065,-34.3853718254988 -59.4501243004245,-34.3853732917213 -59.4501260684552,-34.3851028618312 -59.4497998752859,-34.3851013956235 -59.4498034133739,-34.3845605358367 -59.4494772223254,-34.3845590687891 -59.4494754522446,-34.3848294986737 -59.4488230681212,-34.3848265619406 -59.448819523694,-34.3853674216146 -59.4484933295704,-34.3853659519144 -59.4484738219952,-34.3883406790968 -59.4488000276554,-34.3883421489598 -59.4487805287583,-34.3913168748466 -59.4491067459803,-34.3913183440027 -59.4491032025172,-34.3918592031278 -59.4494294218609,-34.3918606714439 -59.449427651143,-34.3921311010031 -59.4497538715592,-34.3921325684643 -59.4497521018668,-34.3924029980262 -59.4504045448682,-34.3924059303692 -59.4504027772503,-34.3926763599486 -59.451707667732,-34.3926822142575 -59.4517094311536,-34.3924117846191 -59.4520356527838,-34.3924132460074 -59.4520409397605,-34.391601956976 -59.452367158267,-34.3916034174505 -59.4523724418854,-34.3907921282665 -59.4530248726748,-34.3907950465184 -59.4530231135901,-34.3910654762878 -59.453349330069,-34.3910669341241 -59.4533458139273,-34.3916077936561 -59.4536720325276,-34.391609250652 -59.4536685183903,-34.3921501101652 -59.4539947391121,-34.3921515663208 -59.4539894708778,-34.3929628555442 -59.4552943665877,-34.3929686716455 -59.4552961184929,-34.3926982418579 -59.4562747873734,-34.3927025947582 -59.456276536108,-34.3924321649147 -59.4569289800466,-34.3924350624707 -59.4569307266598,-34.392164632586 -59.457256947615,-34.3921660800449 -59.4572586931559,-34.3918956501336 -59.457911133038,-34.3918985424133 -59.4579076461292,-34.3924394022821 -59.4575814240784,-34.392437956548 -59.4575796795401,-34.3927083864498 -59.4572534564636,-34.3927069398314 -59.4572517108529,-34.3929773697066 -59.4565992626713,-34.3929744738317 -59.4565957671838,-34.3935153334876 -59.4562695410297,-34.3935138842164 -59.4562712898342,-34.3932434544091 -59.4559450647526,-34.3932420042828 -59.4559433148989,-34.3935124340755 -59.4552908627073,-34.3935095311846 -59.4552891107321,-34.393779960936 -59.4549628836222,-34.3937785081714 -59.4549611305745,-34.3940489378962 -59.4546349024388,-34.3940474842471 -59.454631394175,-34.3945883436313 -59.4543051639643,-34.3945868890833 -59.4543016535086,-34.3951277483899 -59.4546278858176,-34.3951292029672 -59.4546261316039,-34.3953996326171 -59.4552785983905,-34.3954025391917 -59.4552768462518,-34.3956729688588 -59.4556030807294,-34.3956744208561 -59.4555995784805,-34.3962152801833 -59.4559258150799,-34.39621673134 -59.4559240649697,-34.3964871610002 -59.4562503026417,-34.3964886113017 -59.4562468044499,-34.397029470615 -59.4565730442438,-34.3970309200758 -59.4565712961623,-34.3973013497291 -59.4568975370288,-34.3973027983347 -59.4568957899733,-34.3975732279904 -59.4575482738748,-34.3975761226213 -59.4575465288947,-34.3978465522941 -59.4581990149879,-34.3978494434746 -59.4581972720832,-34.3981198731645 -59.4598284929693,-34.3981270859661 -59.4598302306272,-34.3978566562037 -59.4601564738245,-34.3978580961399 -59.4601582104099,-34.3975876663509 -59.4604844525811,-34.3975891054028 -59.4604879235837,-34.3970482457597 -59.4608141636794,-34.3970496839128 -59.4608176324909,-34.3965088241925 -59.4617963466207,-34.396513133346 -59.4617859587966,-34.3981357126226 -59.4614597144343,-34.3981342770212 -59.4614562495429,-34.3986751366547 -59.4611300031049,-34.3986737001545 -59.4611213352253,-34.4000258489552 -59.4614475869104,-34.4000272855277 -59.4614458543147,-34.4002977152661 -59.4617721070724,-34.4002991509831 -59.461770375503,-34.400569580724 -59.4620966293333,-34.4005710155855 -59.4620931682243,-34.4011118750599 -59.461766912295,-34.4011104401695 -59.4617651806564,-34.4013808698742 -59.4614389237007,-34.4013794340993 -59.4614371909894,-34.4016498637775 -59.4611109330072,-34.4016484271182 -59.4611091992234,-34.4019188567699 -59.4607829402147,-34.4019174192262 -59.4607794704785,-34.4024582784644 -59.4604532093938,-34.4024568400217 -59.4604497374659,-34.4029976991828 -59.4601234743052,-34.4029962598411 -59.4601217372569,-34.4032666893891 -59.4597954730697,-34.4032652491629 -59.4597937349486,-34.4035356786844 -59.4594674697349,-34.4035342375737 -59.459465730541,-34.4038046670685 -59.4591394643008,-34.4038032250733 -59.4591377240341,-34.4040736545416 -59.458485189524,-34.4040707679119 -59.4584869318901,-34.4038003384726 -59.4575081334482,-34.4037960020464 -59.4575063879331,-34.4040664314419 -59.4571801207826,-34.4040649842118 -59.4571783741946,-34.4043354135808 -59.4568521060178,-34.4043339654661 -59.4568503583568,-34.4046043948084 -59.4555452816836,-34.4045985935905 -59.4555435298005,-34.4048690228624 -59.4542384493021,-34.4048632076648 -59.4542366931968,-34.4051336368662 -59.4532578799195,-34.4051292662882 -59.453261398405,-34.4045884079615 -59.4535876673746,-34.4045898656616 -59.4535894255324,-34.4043194364655 -59.4542419614425,-34.4043223492261 -59.4542454734893,-34.4037814907391 -59.4548980052943,-34.4037843999609 -59.4548997591833,-34.4035139706701 -59.4555522889825,-34.4035168763824 -59.4555540407489,-34.4032464470503 -59.4558803046338,-34.4032478985868 -59.4558820553272,-34.402977469228 -59.4562083181859,-34.4029789198799 -59.4562100678064,-34.4027084904944 -59.4565363296388,-34.4027099402617 -59.4565450721434,-34.4013577930805 -59.4562188155589,-34.4013563433862 -59.4562223144966,-34.4008154844586 -59.4558960600344,-34.4008140339235 -59.4558978105178,-34.4005436044562 -59.4555715571284,-34.4005421530658 -59.455573308638,-34.400271723601 -59.4549208040281,-34.4002688182396 -59.4549225576133,-34.399998388792 -59.4523125485056,-34.3999867326664 -59.4523107865247,-34.4002571619967 -59.4510057783362,-34.4002513129969 -59.4510040121339,-34.4005217422562 -59.4506777590961,-34.4005202778167 -59.4506759918208,-34.4007907070492 -59.4503497377571,-34.400789241725 -59.4503479694087,-34.4010596709307 -59.4500217143191,-34.4010582047219 -59.4500075582873,-34.4032216378154 -59.4509863488166,-34.4032260341862 -59.4509845823554,-34.4034964633129 -59.4500057886772,-34.4034920668978 -59.4500004797054,-34.4043033540728 -59.4503267473902,-34.4043048204588 -59.4503249787355,-34.4045752495078 -59.449998710001,-34.404573783107 -59.449996940273,-34.4048442121292 -59.4506494798649,-34.4048471440901 -59.4506530150986,-34.4043062859747 -59.451305550586,-34.4043092143964 -59.4513073160682,-34.4040387852912 -59.4516335827975,-34.4040402481822 -59.451631818365,-34.4043106773022 -59.4526106218431,-34.4043150607991 -59.4526088605362,-34.4045854899512 -59.4529351294589,-34.4045869493914 -59.4529333691781,-34.404857378546 -59.4519545593314,-34.4048529975711 -59.4519527958781,-34.4051234266696 -59.4516265249265,-34.4051219645898 -59.4516247603999,-34.4053923936616 -59.4512984884221,-34.4053909306969 -59.4512949571989,-34.4059317887748 -59.4509686831451,-34.4059303249106 -59.4509669164485,-34.4062007539167 -59.450314366312,-34.4061978235484 -59.4503161351082,-34.4059273945718 -59.4496635871655,-34.4059244607526 -59.4496618162697,-34.4061948896997 -59.449335541284,-34.4061934214701 -59.4493195927119,-34.4086272813186 -59.4512772996713,-34.408636078441 -59.4512755337891,-34.4089065073413 -59.4525806764325,-34.4089123547444 -59.4525824381151,-34.4086419257852 -59.4535612921945,-34.4086463021563 -59.4535577751054,-34.4091871601507 -59.4538840619453,-34.40918861723 -59.4538858194516,-34.4089181882242 -59.454212105265,-34.4089196444186 -59.4542085923287,-34.4094605024475 -59.4545348802654,-34.409461957801 -59.4545331248121,-34.409732386812 -59.4548594138221,-34.4097338413099 -59.4548611682254,-34.4094634122842 -59.4551874562088,-34.4094648658973 -59.4551857028555,-34.4097352949376 -59.4555119919122,-34.409736747695 -59.4555102395855,-34.4100071767378 -59.4561628198689,-34.4100100796712 -59.4561663202992,-34.4094692215151 -59.456492608376,-34.4094706716472 -59.4564838623753,-34.4108228170202 -59.4568101557253,-34.410824266355 -59.456801414392,-34.4121764114996 -59.4571277130156,-34.412177860037 -59.4571294602788,-34.4119074310177 -59.4574557578756,-34.4119088786702 -59.4574575040654,-34.4116384496242 -59.4577838006354,-34.4116398963919 -59.4577820554957,-34.4119103254525 -59.4587609484954,-34.4119146605774 -59.458762690485,-34.4116442314732 -59.4594152838341,-34.4116471171759 -59.4594187635433,-34.4111062588733 -59.4590924689572,-34.4111048164861 -59.4590976914972,-34.4102935289853 -59.4594239829332,-34.4102949713289 -59.4594222431598,-34.4105654005224 -59.459748535669,-34.4105668420103 -59.4597554904237,-34.4094851251059 -59.4600817787562,-34.4094865656655 -59.4600852538946,-34.408945707112 -59.4604115401504,-34.4089471467724 -59.4604080671118,-34.4094880053549 -59.4610606438924,-34.4094908821229 -59.4610571749611,-34.4100317407151 -59.461709756034,-34.4100346140601 -59.4617080236337,-34.410305043367 -59.4613817320357,-34.4103036071152 -59.4613782650657,-34.410844465664 -59.4610519713908,-34.410843028513 -59.4610502368211,-34.4111134577549 -59.4607239421192,-34.4111120197191 -59.4607169994091,-34.4121937365081 -59.4613695972365,-34.412196611825 -59.4613678636013,-34.4124670410211 -59.4620204636213,-34.4124699128857 -59.4620187320632,-34.4127403420986 -59.4629976354166,-34.4127446434113 -59.4629959069859,-34.4130150726554 -59.4633222091999,-34.4130165047 -59.4633204817963,-34.4132869339465 -59.4636467850834,-34.4132883651352 -59.463645058707,-34.4135587943841 -59.4639713630673,-34.4135602247168 -59.463969637718,-34.4138306539679 -59.4642959431515,-34.4138320834447 -59.4642942188294,-34.4141025126982 -59.4652731384183,-34.4141067959493 -59.4652748595898,-34.4138363666527 -59.4659274706634,-34.4138392177729 -59.4659291897117,-34.4135687884355 -59.4665817987766,-34.4135716360455 -59.466586949483,-34.4127603478751 -59.4672395523385,-34.4127631919177 -59.4672412670946,-34.4124927624748 -59.4669149667056,-34.412491340903 -59.4669183982495,-34.4119504820097 -59.4672446965383,-34.4119519035529 -59.4672498405325,-34.4111406150797 -59.465944660115,-34.4111349238568 -59.4659463789342,-34.4108644943989 -59.4665989669971,-34.4108673417223 -59.4666006836933,-34.4105969122237 -59.4669269767091,-34.4105983345657 -59.4669252610629,-34.4108687640786 -59.467577849263,-34.4108716061803 -59.4675795628092,-34.4106011766388 -59.4685584421306,-34.4106054332214 -59.4685601525038,-34.410335003625 -59.4688864446065,-34.4103364207311 -59.4688881539071,-34.4100659911083 -59.4692144449825,-34.4100674073299 -59.4692178614152,-34.4095265480198 -59.4695441504136,-34.4095279633426 -59.4695475646553,-34.4089871039558 -59.4698738515765,-34.4089885183799 -59.4698806755873,-34.4079067994047 -59.4705332410986,-34.4079096255284 -59.4705366487682,-34.4073687659117 -59.4702103681009,-34.4073673533133 -59.4702120729514,-34.407096923501 -59.470864632209,-34.4070997477992 -59.4708663349372,-34.4068293179464 -59.4705400563469,-34.4068279062467 -59.4705417601022,-34.4065574763961 -59.4708680376427,-34.4065588880817 -59.470873145623,-34.405747598415 -59.4711994200368,-34.4057490091878 -59.4711977184492,-34.406019439103 -59.4715239939354,-34.4060208490199 -59.4715188921859,-34.4068321387355 -59.4718451708442,-34.4068335478249 -59.4718434712655,-34.4071039777202 -59.4715171915573,-34.4071025686167 -59.4715154909062,-34.4073729984857 -59.4711892101708,-34.4073715884979 -59.4711841049317,-34.4081828779902 -59.4708578210694,-34.4081814670896 -59.4708544153634,-34.4087223266625 -59.4711807013255,-34.4087237375915 -59.4711755957461,-34.4095350269031 -59.4715018848808,-34.4095364370045 -59.4715001840256,-34.4098068667651 -59.4718264742328,-34.4098082760104 -59.471824774405,-34.4100787057732 -59.4721510656849,-34.4100801141624 -59.4721493668844,-34.4103505439273 -59.4724756592369,-34.4103519514605 -59.4724739614637,-34.4106223812275 -59.4728002548889,-34.4106237879046 -59.4727985581432,-34.4108942176736 -59.473124852641,-34.4108956234946 -59.4731231569227,-34.4111660532658 -59.4737757480862,-34.4111688623251 -59.473772360782,-34.4117097218879 -59.4734460630889,-34.4117083177651 -59.4734426735942,-34.4122491772514 -59.4737689733876,-34.4122505814025 -59.4737571167959,-34.4141435893239 -59.4734308096515,-34.4141421850739 -59.4734291147122,-34.4144126147146 -59.4731028065401,-34.4144112095802 -59.473101110528,-34.4146816391947 -59.4727748013284,-34.4146802331757 -59.4727731042434,-34.414950662764 -59.4724467940161,-34.4149492558604 -59.4724484921513,-34.4146788262862 -59.4721221829969,-34.4146774185264 -59.4721170853726,-34.4154887071702 -59.4717907730901,-34.4154872984975 -59.4717856721111,-34.4162985869904 -59.4714593567004,-34.4162971774046 -59.4714525508765,-34.4173788951696 -59.4717788704887,-34.4173803048121 -59.4717601641571,-34.4203550278277 -59.4711075018457,-34.42035220736 -59.4711057990331,-34.4206226366243 -59.4707794668609,-34.4206212250704 -59.4707726511811,-34.4217029419505 -59.4704463148294,-34.4217015294691 -59.470442904752,-34.4222423878084 -59.470769243205,-34.4222438003182 -59.4707675391829,-34.422514229484 -59.4710938787092,-34.4225156411374 -59.471092175715,-34.4227860703053 -59.4714185163146,-34.4227874811022 -59.4714168143484,-34.4230579102723 -59.4717431560213,-34.4230593202127 -59.4717414550831,-34.4233297493849 -59.4720677978294,-34.4233311584689 -59.4720660979192,-34.4236015876432 -59.4723924417388,-34.4236029958706 -59.4723907428567,-34.4238734250471 -59.4720643979863,-34.4238720168055 -59.4720626980308,-34.4241424459557 -59.4717363521323,-34.4241410368292 -59.4717346511034,-34.4244114659532 -59.4704292635337,-34.4244058206834 -59.4704275582791,-34.4246762497386 -59.4697748625291,-34.4246734218509 -59.4697697403245,-34.4254847088586 -59.4694433893313,-34.425483293566 -59.4694536398402,-34.4238607195275 -59.4688009505311,-34.4238578865009 -59.468804371388,-34.4233170284487 -59.468478028869,-34.4233156106579 -59.4684763174013,-34.4235860396758 -59.4681499738544,-34.423584621 -59.4681448361621,-34.4243959079385 -59.4684711828611,-34.4243973266571 -59.4684694713022,-34.4246677556268 -59.4681431235524,-34.4246663368939 -59.4681379855863,-34.4254776236878 -59.4678116347071,-34.4254762040414 -59.467818489486,-34.4243944883493 -59.4674921428326,-34.4243930678893 -59.4674955721865,-34.4238522099995 -59.4671692276574,-34.4238507886973 -59.4671726590212,-34.423309930788 -59.4668463166164,-34.4233085086438 -59.4668480333147,-34.4230380796853 -59.4665216919834,-34.4230366566847 -59.4665234097094,-34.4227662277285 -59.4661970694517,-34.4227648038716 -59.4662005069364,-34.4222239459517 -59.4655478306922,-34.4222210956833 -59.4655564345089,-34.4208689508159 -59.4658827673666,-34.4208703763137 -59.4658982433377,-34.418436514664 -59.4655719199343,-34.4184350892953 -59.4655753608877,-34.417894231047 -59.4652490396081,-34.4178928048365 -59.4652507611008,-34.4176223757086 -59.4649244408944,-34.4176209486419 -59.4649261634146,-34.4173505195163 -59.4645998442816,-34.4173490915935 -59.4646050148553,-34.4165378041876 -59.4642786988963,-34.4165363754375 -59.4642804234252,-34.4162659462924 -59.4639541085395,-34.4162645166862 -59.4639558340958,-34.4159940875435 -59.4636295202834,-34.4159926570812 -59.4636312468669,-34.4157222279408 -59.4633049341278,-34.4157207966225 -59.4633066617386,-34.4154503674845 -59.46265403843,-34.4154475022654 -59.4626557681184,-34.4151770731442 -59.4620031470025,-34.4151742044722 -59.4620048787682,-34.4149037753678 -59.4616785692951,-34.4149023397407 -59.461680302088,-34.4146319106386 -59.4613539936883,-34.4146304741555 -59.4613557275083,-34.4143600450559 -59.4607031128785,-34.4143571695074 -59.4607048487758,-34.4140867404247 -59.460052236339,-34.4140838614237 -59.4600539743135,-34.4138134323578 -59.458422448878,-34.4138062196962 -59.4584241920802,-34.4135357906909 -59.4571189763505,-34.4135300049531 -59.4571172289476,-34.4138004339002 -59.4558120093899,-34.4137946341782 -59.455810257763,-34.4140650630549 -59.4561365636676,-34.4140665143055 -59.4561313117975,-34.4148778009069 -59.4564576208761,-34.4148792513309 -59.4564506222569,-34.415960966689 -59.455797995721,-34.4159580648537 -59.4557962439074,-34.4162284936338 -59.4551436153642,-34.4162255882875 -59.4551401074656,-34.4167664457532 -59.4554664238261,-34.4167678988909 -59.4554611649539,-34.4175791850429 -59.4557874844888,-34.4175806373539 -59.4557857325351,-34.4178510660617 -59.4554594119498,-34.4178496137361 -59.4554559058715,-34.4183904710864 -59.4551295832088,-34.418389017861 -59.45513133731,-34.4181185892065 -59.4544786941555,-34.4181156801735 -59.4544804503342,-34.4178452515362 -59.4541541298425,-34.4178437957286 -59.4541523726134,-34.4181142243512 -59.4534997295994,-34.4181113100951 -59.4534979702461,-34.4183817386764 -59.4531716477239,-34.4183802802279 -59.4531663663721,-34.4191915658552 -59.4534926920456,-34.4191930243477 -59.4534909325986,-34.4194634528807 -59.453817259346,-34.4194649105174 -59.4538137424825,-34.4200057675765 -59.4541400713544,-34.4200072243719 -59.454138313938,-34.4202776528981 -59.4544646438837,-34.4202791088376 -59.4544628874944,-34.4205495373663 -59.4547892185141,-34.4205509924499 -59.4547874631519,-34.4208214209812 -59.4554401273625,-34.4208243285658 -59.4554436338614,-34.4202834714325 -59.4557699639007,-34.4202849238897 -59.4557734682051,-34.419744066679 -59.4554471402668,-34.4197426142511 -59.4554506465788,-34.4192017570214 -59.4561032982769,-34.4192046609482 -59.4560997961668,-34.4197455182364 -59.4567524521601,-34.4197484187394 -59.456750703171,-34.4200188473946 -59.4570770322532,-34.4200202963549 -59.4570735363061,-34.4205611536582 -59.4573998675125,-34.4205626017771 -59.4573963735734,-34.4211034590613 -59.4577227069042,-34.4211049063387 -59.4577209609502,-34.4213753349774 -59.4583736297827,-34.4213782269494 -59.4583753736355,-34.4211077982817 -59.4587017070361,-34.4211092429472 -59.4586999642338,-34.4213796716295 -59.4590262987082,-34.421381115439 -59.4590280404599,-34.4211106867422 -59.4596807073771,-34.4211135717203 -59.4596824470045,-34.4208431429824 -59.4600087794473,-34.420844584151 -59.4600139950388,-34.4200332978216 -59.4609929830516,-34.4200376159735 -59.4609912476957,-34.4203080448055 -59.4613175781301,-34.4203094824628 -59.4613106406777,-34.4213911977281 -59.4619633100201,-34.4213940705466 -59.4619615777004,-34.4216644993617 -59.4616352419671,-34.4216630633733 -59.4616335085737,-34.4219334921619 -59.4613071718129,-34.4219320552884 -59.4613089062569,-34.4216616265143 -59.4609825705698,-34.4216601887847 -59.4609860414895,-34.4211193312292 -59.4606597079267,-34.4211178926579 -59.4606579714278,-34.4213883214272 -59.4603316368375,-34.4213868819708 -59.4603298992649,-34.4216573107135 -59.4600035636473,-34.421655870372 -59.4600018250009,-34.4219262990882 -59.4603281616692,-34.4219277394442 -59.4603264240502,-34.4221981681629 -59.4606527617923,-34.4221996076627 -59.4606510252008,-34.4224700363838 -59.4609773640166,-34.4224714750275 -59.4609721572553,-34.4232827611618 -59.4612984992462,-34.4232841989783 -59.4612967646635,-34.42355462768 -59.4616231077282,-34.4235560646403 -59.4616213741731,-34.4238264933445 -59.4619477183115,-34.4238279294484 -59.461945985784,-34.424098358155 -59.4622723309963,-34.4240997934028 -59.4622705994964,-34.4243702221118 -59.4629232920915,-34.424373090024 -59.4629215626701,-34.4246435187498 -59.463247910053,-34.4246449514142 -59.4632461816592,-34.4249153801423 -59.4635725301158,-34.4249168119505 -59.4635708027498,-34.425187240681 -59.4642235018337,-34.4251901017138 -59.4642217765461,-34.4254605304611 -59.4645481271733,-34.4254619596858 -59.4645464029136,-34.4257323884353 -59.4651991063386,-34.4257352443012 -59.4651973841574,-34.4260056730674 -59.4655237369552,-34.4260070997086 -59.4655220158019,-34.4262775284771 -59.4658483696734,-34.4262789542619 -59.4658466495481,-34.4265493830327 -59.4664993594614,-34.4265522320185 -59.4664976414148,-34.4268226608059 -59.4661712853959,-34.4268212367341 -59.4661695662756,-34.4270916654951 -59.4668222804382,-34.4270945127967 -59.4668205633967,-34.4273649415743 -59.4671469215632,-34.4273663639332 -59.4671452055497,-34.4276367927131 -59.46747156479,-34.4276382142154 -59.4674698498045,-34.4279086429976 -59.4687752911976,-34.4279143203559 -59.468773580393,-34.4281847491832 -59.4684472189596,-34.4281833311356 -59.4684455070812,-34.4284537599365 -59.4687718695656,-34.4284551779983 -59.4687684478423,-34.4289960355925 -59.4684420832561,-34.4289946175021 -59.4684403713093,-34.4292650462668 -59.4687667369465,-34.4292664643715 -59.4687650260279,-34.4295368931385 -59.4690913927389,-34.4295383103865 -59.4690948124514,-34.428997452812 -59.4694211770833,-34.4289988691607 -59.4694194682894,-34.4292692979682 -59.469745833995,-34.4292707134603 -59.4697475417379,-34.4290002846385 -59.4704002711154,-34.4290031129815 -59.4704019767336,-34.4287326841192 -59.4707283404055,-34.4287340969702 -59.47073004495,-34.4284636680817 -59.4717091329491,-34.4284679013669 -59.4717108343181,-34.4281974724236 -59.4720371959789,-34.4281988817628 -59.4720388962743,-34.4279284527934 -59.4723652569068,-34.4279298612475 -59.4723635576623,-34.4282002902312 -59.4730162810972,-34.4282031045553 -59.4730111895336,-34.4290143915188 -59.472684824652,-34.4290129847496 -59.4726831263679,-34.4292834136992 -59.472356760458,-34.429282006045 -59.4723550611003,-34.4295524349684 -59.472028694162,-34.4295510264292 -59.4720269937307,-34.4298214553263 -59.471700625764,-34.429820045902 -59.4716938196078,-34.4309017613132 -59.4713674474597,-34.4309003509613 -59.4713657448129,-34.4311707797698 -59.4703866253515,-34.4311665434458 -59.4703832136832,-34.4317074009413 -59.4697304632849,-34.4317045723137 -59.4697270473211,-34.4322454297041 -59.4694006700538,-34.4322440140554 -59.4694023790982,-34.4319735853805 -59.4690760029048,-34.431972168875 -59.4690742928093,-34.4322425975357 -59.4687479155876,-34.4322411801451 -59.4687444932259,-34.4327820374017 -59.4693972518968,-34.4327848713691 -59.4693938336486,-34.4333257286346 -59.4710257412358,-34.4333327984529 -59.4710274451153,-34.4330623697551 -59.4720065867867,-34.4330666011514 -59.4720099881707,-34.4325257436344 -59.4726627451936,-34.4325285601537 -59.4726610466152,-34.4327989889465 -59.4729874262118,-34.4328003959138 -59.4729840310896,-34.4333412534917 -59.4733104128112,-34.4333426596163 -59.4733087162674,-34.4336130884012 -59.4736350990627,-34.433614493669 -59.4736334035475,-34.4338849224561 -59.4733070197009,-34.4338835171742 -59.4733053231119,-34.4341539459351 -59.472652553384,-34.43415113273 -59.4726508546699,-34.4344215614505 -59.471345311281,-34.4344159245312 -59.4713436083392,-34.4346863531829 -59.4710172214974,-34.4346849417613 -59.4710155174816,-34.4349553703868 -59.4706891296113,-34.4349539580799 -59.4706874245215,-34.4352243866791 -59.4703610356226,-34.4352229734869 -59.4703576232722,-34.4357638306208 -59.4700312322935,-34.4357624165291 -59.4700261104434,-34.4365737020968 -59.4696997163333,-34.4365722870913 -59.4696980079531,-34.4368427155755 -59.4693716128144,-34.4368412996846 -59.4693681938829,-34.4373821565884 -59.4696945911243,-34.4373835725078 -59.4696928826757,-34.4376540009559 -59.4700192809914,-34.4376554160183 -59.4700158661288,-34.4381962729068 -59.470668667034,-34.4381991004751 -59.4706669616715,-34.4384695289297 -59.4716461663541,-34.4384737637911 -59.4716444641233,-34.4387441922762 -59.4726236721645,-34.4387484193396 -59.4726219730655,-34.4390188478551 -59.4693579365414,-34.4390047270105 -59.4693596461552,-34.438734298637 -59.4687068412264,-34.4387314640422 -59.4687085529204,-34.4384610356852 -59.4683821515416,-34.4384596170953 -59.4683804387961,-34.4387300454381 -59.4677276340041,-34.4387272056163 -59.4677259191329,-34.4389976339185 -59.4670731123293,-34.4389947905833 -59.4670713953322,-34.4392652188448 -59.4667449909133,-34.4392637958561 -59.4667432728418,-34.4395342240913 -59.4664168673942,-34.4395328002171 -59.4664151482483,-34.4398032284258 -59.4657623353189,-34.4398003780351 -59.465760614047,-34.4400708062032 -59.4647813916703,-34.4400665240399 -59.4647796672209,-34.4403369521528 -59.4641268503149,-34.4403340929924 -59.4641251237393,-34.4406045210645 -59.4634723048223,-34.4406016583903 -59.463474033501,-34.4403312303471 -59.4628212167792,-34.4403283642168 -59.4628142935135,-34.4414100762022 -59.4624878809809,-34.4414086417725 -59.4624826851345,-34.4422199255916 -59.462809100822,-34.4422213600646 -59.4628073698787,-34.4424917879946 -59.463133786641,-34.4424932216108 -59.4631320567263,-34.4427636495431 -59.4637848924233,-34.4427665141903 -59.4637831645889,-34.4430369421394 -59.4650888404658,-34.4430426610355 -59.4650871168152,-34.4433130890301 -59.4654135368936,-34.4433145165902 -59.4654152594925,-34.4430440885812 -59.4657416785421,-34.4430455152556 -59.4657399569949,-34.443315943279 -59.4663927972664,-34.4433187940425 -59.4663910777997,-34.4435892220824 -59.4673703415339,-34.4435934917357 -59.4673686251995,-34.4438639198065 -59.4676950475417,-34.4438653412959 -59.4676933322362,-34.444135769369 -59.4683461790927,-34.4441386097622 -59.4683444658678,-34.4444090378519 -59.4689973149192,-34.4444118747882 -59.468995603775,-34.4446823028943 -59.4693220293867,-34.4446837200697 -59.4693237394791,-34.4444132919494 -59.4696501640618,-34.4444147082391 -59.4696467459578,-34.4449555644962 -59.4699731726668,-34.4449569799431 -59.4699697565753,-34.4454978361805 -59.4702961854108,-34.4454992507845 -59.4702944783827,-34.4457696788993 -59.4706209082927,-34.4457710926461 -59.4706192022938,-34.4460415207631 -59.4709456332783,-34.4460429336526 -59.4709439283085,-34.4463133617718 -59.4712703603676,-34.4463147738041 -59.4712669524636,-34.4468556300347 -59.4715933866492,-34.446857041224 -59.4715950895607,-34.4465866131006 -59.4722479558963,-34.4465894328365 -59.4722462550886,-34.4468598609883 -59.4728991236185,-34.4468626772668 -59.4728957261428,-34.4474035335909 -59.470937108202,-34.4473950741279 -59.4709388132627,-34.4471246460569 -59.4706123780706,-34.4471232331105 -59.4706140841605,-34.4468528050417 -59.4699612159483,-34.446849976563 -59.4699629241193,-34.4465795485106 -59.4693100581019,-34.4465767165745 -59.4693117683538,-34.4463062885386 -59.4689853364312,-34.4463048712777 -59.4689870477122,-34.4460344432439 -59.4686606168643,-34.4460330251258 -59.4686623291743,-34.4457625970943 -59.4680094696505,-34.4457597582724 -59.4680111840414,-34.4454893302573 -59.4676847553656,-34.4454879095536 -59.4676864707855,-34.4452174815408 -59.4670336156061,-34.4452146375476 -59.4670353331067,-34.4449442095514 -59.4663824801225,-34.4449413621013 -59.4663807605183,-34.445211790069 -59.4660543330088,-34.4452103650225 -59.4660526123299,-34.4454807929637 -59.4657261837915,-34.4454793670316 -59.4657279055223,-34.4452089391047 -59.4650750506179,-34.4452060846549 -59.4650716029262,-34.4457469404391 -59.4637658849788,-34.4457412209677 -59.4637624287804,-34.4462820765886 -59.4634359972474,-34.4462806445134 -59.4634342680618,-34.4465510722914 -59.4637607006467,-34.446552504381 -59.4637572443102,-34.4470933599296 -59.4634308096215,-34.4470919278112 -59.4634325388532,-34.4468215000574 -59.4631061052394,-34.4468200670819 -59.4631043749559,-34.4470904948214 -59.4627779403133,-34.4470890609601 -59.4627762089547,-34.447359488673 -59.4624497732834,-34.4473580539258 -59.4624532380812,-34.4468171985167 -59.4627796716488,-34.446818633235 -59.4627831342505,-34.4462777777488 -59.4631095657374,-34.4462792115668 -59.4631130261432,-34.4457383560035 -59.46278659676,-34.4457369222143 -59.4627848655168,-34.4460073499876 -59.4624584351048,-34.4460059153126 -59.4624601673998,-34.4457354875537 -59.4618073087488,-34.4457326156183 -59.4618090431244,-34.4454621878763 -59.4631147563115,-34.4454679282038 -59.4631164864567,-34.445197500392 -59.4634429137594,-34.4451989332809 -59.4634411846659,-34.4454693611072 -59.4644204698675,-34.4454736545889 -59.4644239217204,-34.444932798838 -59.4640974954005,-34.4449313685776 -59.4641009492651,-34.4443905128073 -59.4634481009014,-34.44438764973 -59.4634463718771,-34.4446580775924 -59.463119946678,-34.4446566447322 -59.4631216767541,-34.4443862168842 -59.4627952526298,-34.4443847831672 -59.4627969837346,-34.4441143553215 -59.4621441376589,-34.4441114853022 -59.4621476040061,-34.4435706296325 -59.4614947622297,-34.4435677561855 -59.4614964974721,-34.4432973283615 -59.4592115593458,-34.4432872439515 -59.4592098167414,-34.4435576716741 -59.4582305547374,-34.4435533366706 -59.4582288089546,-34.4438237643375 -59.4575759656314,-34.4438208699493 -59.4575742177219,-34.444091297575 -59.4569213723884,-34.4440883996724 -59.4569178722925,-34.4446292548293 -59.4565914475572,-34.4446278045418 -59.4565844428782,-34.4457095146526 -59.4562580139591,-34.4457080634353 -59.4562527570493,-34.446519345848 -59.4559263249979,-34.4465178937154 -59.4559245715961,-34.4467883211476 -59.4565774378258,-34.4467912245704 -59.4565739351596,-34.447332079457 -59.4555946295386,-34.447327722928 -59.4555928750148,-34.4475981503093 -59.4549400026138,-34.4475952415701 -59.4549417592415,-34.447324814218 -59.4542888890381,-34.4473219020222 -59.4542906477462,-34.4470514746873 -59.4539642137315,-34.4470500172969 -59.453971252537,-34.4459683078955 -59.4536448227532,-34.4459668496923 -59.4536465834478,-34.4456964223264 -59.4539730121797,-34.445697880515 -59.453974771799,-34.4454274531224 -59.4536483441189,-34.4454259949485 -59.4536518653908,-34.4448851401566 -59.4539782909673,-34.4448865983011 -59.4539870884776,-34.4435344610366 -59.4533342478655,-34.443531544023 -59.4533360094006,-34.4432611165633 -59.4526831709858,-34.4432581960936 -59.4526849346008,-34.4429877686512 -59.4523585164804,-34.4429863071242 -59.4523620457432,-34.4424454522326 -59.4520356297496,-34.4424439898636 -59.4520373953975,-34.4421735624144 -59.451710980479,-34.4421720991889 -59.4517145138073,-34.4416312442838 -59.4513881010157,-34.4416297802164 -59.4513898686961,-34.4413593527605 -59.4510634569797,-34.4413578878366 -59.4510652256881,-34.4410874603833 -59.4507388150468,-34.4410859946029 -59.4507405847833,-34.4408155671524 -59.4504141752171,-34.4408141005155 -59.4504159459816,-34.4405436730676 -59.4500895374906,-34.4405422055742 -59.450091309283,-34.440271778129 -59.4497649018672,-34.4402703097792 -59.4497684474842,-34.4397294548822 -59.4494420421951,-34.4397279856907 -59.4494438160197,-34.4394575582389 -59.4491174118056,-34.439456088191 -59.4491209614869,-34.4389152332808 -59.4487945593995,-34.4389137623913 -59.4487963352561,-34.4386433349329 -59.4474907313491,-34.4386374427223 -59.4474889512867,-34.4389078701213 -59.4471625493178,-34.4389063948759 -59.4471607681801,-34.4391768222481 -59.4468343651835,-34.4391753461167 -59.4468325829706,-34.4394457734619 -59.4465061789462,-34.4394442964445 -59.4465043956581,-34.4397147237628 -59.4458515855776,-34.4397117670845 -59.445848014724,-34.4402526216255 -59.4455216076164,-34.4402511419498 -59.4455180345645,-34.4407919964128 -59.4451916253776,-34.440790515836 -59.4451880501273,-34.441331370221 -59.4445352276187,-34.4413284063942 -59.4445316480667,-34.4418692606713 -59.4442052347449,-34.4418677774211 -59.4442016529942,-34.4424086316201 -59.4438752375931,-34.4424071474688 -59.4438716536436,-34.4429480015897 -59.443545236163,-34.4429465165372 -59.4435398569046,-34.4437577975833 -59.4432134362928,-34.4437563116147 -59.4432044651255,-34.4451084463754 -59.4428780392788,-34.4451069594606 -59.4428798346119,-34.4448365325476 -59.442553409841,-34.4448350447764 -59.4425516134561,-34.4451054716745 -59.4422251876574,-34.445103983017 -59.4422233901968,-34.4453744098881 -59.4418969633702,-34.4453729203442 -59.4418915676893,-34.44618420084 -59.4415651377312,-34.4461827103798 -59.4415633380711,-34.4464531371726 -59.4412369070851,-34.446451645826 -59.4412351063492,-34.4467220725917 -59.4409086743353,-34.4467205803587 -59.4409068725235,-34.4469910070973 -59.4399275734705,-34.4469865251245 -59.4399384029143,-34.445363964782 -59.4402648295969,-34.4453654595542 -59.440272044538,-34.4442837523578 -59.4405984670376,-34.4442852461984 -59.4406056773872,-34.4432035387489 -59.4409320957039,-34.4432050316581 -59.440937500059,-34.4423937508992 -59.4412639152447,-34.4423952428921 -59.4412657155967,-34.4421248159333 -59.4415921297548,-34.4421263070399 -59.4415957282836,-34.4415854530561 -59.4419221403625,-34.4415869432615 -59.4419239385393,-34.4413165162365 -59.4422503495905,-34.4413180055556 -59.4422557408226,-34.4405067243634 -59.442582148743,-34.4405082127663 -59.442583944721,-34.4402377856631 -59.4429103516138,-34.4402392731798 -59.4429121465162,-34.4399688460497 -59.4432385523815,-34.4399703326802 -59.4432421400116,-34.4394294783537 -59.4435685437977,-34.4394309640832 -59.4435721292293,-34.4388901096785 -59.4438985309364,-34.4388915945068 -59.4439021141695,-34.4383507400241 -59.4442285137975,-34.4383522239514 -59.4442320948323,-34.4378113693905 -59.4445584923813,-34.4378128524168 -59.4445620712179,-34.4372719977778 -59.444888466688,-34.4372734799032 -59.4448902550191,-34.4370030525507 -59.4452166494616,-34.4370045337901 -59.4452184367176,-34.4367341064106 -59.4448920433264,-34.4367326251861 -59.4448938316098,-34.4364621978095 -59.4452202239497,-34.4364636790191 -59.4452237983425,-34.4359228241998 -59.4445710178919,-34.4359198609692 -59.4445745963946,-34.4353790061614 -59.4449009845054,-34.4353804881824 -59.4449081370196,-34.4342987783622 -59.4452345209492,-34.4343002594526 -59.4452380949609,-34.4337594044403 -59.4449117131337,-34.4337579233798 -59.4449099250886,-34.434028350877 -59.4436043938136,-34.4340224178651 -59.4436008092419,-34.434563272704 -59.4429480395428,-34.4345603009122 -59.4429408617028,-34.4356420103257 -59.4422880836891,-34.4356390349299 -59.4422862870668,-34.4359094622232 -59.4426126771129,-34.4359109503716 -59.4426108815179,-34.4361813776678 -59.4422844904204,-34.4361798895045 -59.4422826937501,-34.4364503167736 -59.4416299095244,-34.4364473378037 -59.4416353057713,-34.4356360560499 -59.4419616947182,-34.4356375459255 -59.4419670875956,-34.4348262640182 -59.4416407018024,-34.4348247741876 -59.4416389031494,-34.4350952014871 -59.4413125163289,-34.4350937107705 -59.4413107166006,-34.4353641380429 -59.4409843287529,-34.4353626464402 -59.4409861295325,-34.4350922191828 -59.44065974276,-34.4350907267241 -59.4406561390743,-34.4356315811969 -59.4400033613963,-34.4356285936061 -59.4400015574148,-34.4358990207944 -59.4390223879243,-34.4358945328301 -59.4390205807649,-34.4361649599611 -59.4386941899315,-34.4361634622158 -59.4386923816966,-34.4364338893197 -59.4377132061873,-34.436429390812 -59.4377077718759,-34.4372406719156 -59.4373813769336,-34.4372391706255 -59.4373795643968,-34.4375095976207 -59.4367267724821,-34.4375065923971 -59.4367249578183,-34.43777701935 -59.4363985608458,-34.4377755154163 -59.4363967451064,-34.4380459423421 -59.4360703471067,-34.4380444375222 -59.4360685302918,-34.4383148644207 -59.4357421312648,-34.4383133587145 -59.4357384954594,-34.4388542124451 -59.4354120943538,-34.4388527058374 -59.4354084563485,-34.4393935594895 -59.4350820531642,-34.4393920519802 -59.4350802330737,-34.439662478773 -59.4344274246749,-34.4396594611106 -59.4344256024571,-34.439929887861 -59.4340991972427,-34.4399283777078 -59.434093727289,-34.4407396578409 -59.4347465440515,-34.4407426773671 -59.4347429015005,-34.4412835307896 -59.4353957225663,-34.4412865468916 -59.4353939033576,-34.4415569736151 -59.4357203149784,-34.4415584803743 -59.4357166785915,-34.4420993338154 -59.4360430923398,-34.4421008397337 -59.4360412751617,-34.4423712664513 -59.435388445586,-34.442368253713 -59.4353902648674,-34.4420978270258 -59.4350638511676,-34.4420963193649 -59.435067491761,-34.4415554659845 -59.4344146686405,-34.4415524481096 -59.434416491004,-34.4412820214317 -59.4337636700839,-34.4412790001022 -59.4337654945262,-34.4410085734426 -59.4334390851542,-34.4410070614861 -59.4334409106238,-34.4407366348297 -59.4327880940559,-34.4407336083336 -59.4327862664831,-34.4410040349596 -59.4321334479095,-34.4410010049481 -59.4321297884847,-34.441541858103 -59.4324561998625,-34.4415433735748 -59.4324543711651,-34.4418138001494 -59.4321279587357,-34.4418122846623 -59.4321224693425,-34.4426235642679 -59.4324488849268,-34.4426250798008 -59.4324470561319,-34.4428955063271 -59.4327734727922,-34.4428970210039 -59.4327698172328,-34.4434378740508 -59.4334226548331,-34.4434409008513 -59.4334171776215,-34.4442521804226 -59.4337435996134,-34.4442536925615 -59.4337417748792,-34.4445241190763 -59.4340681979471,-34.4445256303591 -59.4340645505095,-34.4450664833829 -59.4343909757052,-34.4450679938248 -59.4343891530017,-34.4453384203338 -59.4340627267542,-34.4453369098768 -59.4340590791707,-34.4458777628282 -59.4343855075218,-34.4458792733156 -59.4343818619447,-34.4464201262491 -59.4340554314899,-34.4464186157313 -59.4340426638418,-34.4483116005122 -59.4320840374443,-34.4483025184661 -59.4320913586351,-34.4472208133149 -59.4324177920995,-34.4472223291069 -59.4324196212843,-34.4469519027737 -59.4327460537211,-34.4469534176791 -59.4327570220073,-34.4453308593348 -59.4324305958814,-34.4453293445209 -59.4324324248957,-34.4450589181032 -59.432105999846,-34.4450574024331 -59.4321078298876,-34.4447869760186 -59.4301492864127,-34.4447778637911 -59.4301511227404,-34.4445074374561 -59.4298246999652,-34.4445059157171 -59.4298265373202,-34.4442354893854 -59.4295001156213,-34.4442339667904 -59.4295019540035,-34.4439635404619 -59.4291755333808,-34.4439620170108 -59.4291773727903,-34.4436915906856 -59.4295037923613,-34.4436931141214 -59.4295074690033,-34.4431522614042 -59.4291810515357,-34.4431507379991 -59.4291828908716,-34.4428803116377 -59.4295093072875,-34.4428818350275 -59.4295111455473,-34.4426114086387 -59.429184730183,-34.4426098852642 -59.4291865694699,-34.4423394588787 -59.4278809124645,-34.4423333567294 -59.4278735383432,-34.4434150619535 -59.4275471199466,-34.4434135341765 -59.4275434306352,-34.4439543866854 -59.4272170101598,-34.4439528580063 -59.4272151644155,-34.4442232842273 -59.4275415859426,-34.4442248129218 -59.4275360517174,-34.4450360915584 -59.427209627035,-34.4450345628178 -59.4272133186466,-34.4444937104362 -59.4268868960923,-34.444492180855 -59.4268887429129,-34.4442217546615 -59.426562321435,-34.4442202242244 -59.4265660171059,-34.4436793718319 -59.4268924364804,-34.4436809022382 -59.426897976647,-34.4428696235129 -59.4272243928911,-34.4428711530017 -59.4272280841091,-34.442330300427 -59.4269016699683,-34.4423287709689 -59.4269035165921,-34.4420583446788 -59.4262506904876,-34.4420552831796 -59.4262525391899,-34.4417848569083 -59.4259261272262,-34.4417833248672 -59.4259298266603,-34.4412424723191 -59.4252770070132,-34.4412394056848 -59.4252788587963,-34.4409689794235 -59.4249524500614,-34.440967444815 -59.4249505972266,-34.4412378710608 -59.4246241874648,-34.4412363355655 -59.4246260413511,-34.4409659093352 -59.4242996326655,-34.4409643729841 -59.4242977777277,-34.4412347991991 -59.4236449583276,-34.4412317238523 -59.4236505293763,-34.4404204452641 -59.423324122868,-34.4404189063304 -59.4233278388798,-34.4398780539088 -59.4230014344993,-34.4398765141348 -59.423005152515,-34.439335661696 -59.4226787502623,-34.4393341210818 -59.4226806102844,-34.4390636948598 -59.4220278079562,-34.4390606110488 -59.4220296700565,-34.4387901848458 -59.4213768699305,-34.4387870975812 -59.4213750057273,-34.4390575237532 -59.4210486046501,-34.4390559787986 -59.4210448740663,-34.4395968310754 -59.4213712772465,-34.439598376061 -59.4213656843388,-34.4404096544322 -59.4216920906983,-34.4404111985933 -59.4216865007217,-34.4412224769024 -59.4213600912076,-34.4412209326947 -59.4213582267808,-34.4414913587581 -59.4210318162399,-34.4414898136637 -59.4210299507367,-34.4417602396994 -59.4207035391691,-34.4417586937182 -59.4207016725894,-34.4420291197263 -59.4203752599951,-34.4420275728583 -59.4203771276264,-34.4417571468657 -59.4200507161085,-34.4417555991419 -59.4200451099851,-34.4425668770367 -59.4203715246578,-34.4425684248072 -59.4203677892211,-34.4431092767079 -59.4206942060219,-34.4431108236382 -59.420690472589,-34.4436516755217 -59.4210168915181,-34.4436532216118 -59.4210038310812,-34.4455462029327 -59.4203509785234,-34.4455431096633 -59.420347242539,-34.4460839612984 -59.4200208141939,-34.4460824133255 -59.4200226832503,-34.4458119875296 -59.4196962559819,-34.4458104387008 -59.4196981260652,-34.4455400129084 -59.4193716998735,-34.4455384632239 -59.4193735709837,-34.445268037435 -59.4177414456583,-34.4452602760198 -59.4177395692891,-34.4455307017306 -59.4170867172303,-34.4455275910337 -59.417088595703,-34.4452571653541 -59.4167621707629,-34.4452556087143 -59.4167659297368,-34.4447147573503 -59.4164395069252,-34.4447131998704 -59.4164451483533,-34.4439019227808 -59.416118728722,-34.4439003644766 -59.4161243730796,-34.4430890873255 -59.4157979566285,-34.4430875281969 -59.4158017215114,-34.4425466767339 -59.4154753071887,-34.4425451167654 -59.4154809574798,-34.4417338395273 -59.415154546337,-34.4417322787347 -59.4151564307688,-34.4414618529803 -59.4148300207026,-34.4414602913321 -59.4148319061608,-34.4411898655813 -59.4145054971714,-34.4411883030776 -59.4145073836561,-34.4409178773305 -59.412875344344,-34.4409100518223 -59.4128734526016,-34.4411804774908 -59.4125470437632,-34.4411789097597 -59.4125413652299,-34.4419901866454 -59.412214953262,-34.4419886179957 -59.4122111653437,-34.4425294691609 -59.4125375794149,-34.4425310378421 -59.4125356864696,-34.4428014634223 -59.4122092713468,-34.4427998947253 -59.4122073773246,-34.4430703202777 -59.412533793499,-34.4430718889905 -59.4125281144359,-34.4438831656226 -59.4122016951065,-34.4438815968625 -59.4121960126612,-34.4446928733386 -59.4125224351458,-34.4446944421461 -59.4125129691578,-34.4460465694436 -59.4121865414143,-34.4460450005572 -59.4121846470891,-34.4463154259648 -59.4112053608547,-34.4463107140299 -59.4112034633488,-34.446581139378 -59.4105506038819,-34.4465779936994 -59.4105525034914,-34.446307568383 -59.4098996462294,-34.4463044192505 -59.4099015479172,-34.4460339939537 -59.4095751203761,-34.4460324180962 -59.4095770230904,-34.4457619928032 -59.4079448910242,-34.4457541005242 -59.4079429830508,-34.4460245257379 -59.407616555662,-34.446022944652 -59.4076146466115,-34.4462933698377 -59.4069617898065,-34.44629020502 -59.4069598786269,-34.4465606301617 -59.4066334492108,-34.4465590464299 -59.4066315369538,-34.4468294715436 -59.4056522457029,-34.4468247150717 -59.4056503302649,-34.4470951401255 -59.4049974674549,-34.4470919647553 -59.4049955498876,-34.447362389765 -59.4046691174691,-34.4473608007568 -59.4046671988243,-34.4476312257385 -59.4040143319602,-34.4476280450757 -59.4040124111861,-34.4478984700134 -59.4036859767405,-34.4478968783588 -59.4036840548889,-34.4481673032684 -59.4030311839708,-34.4481641173129 -59.4030350318559,-34.4476232675458 -59.4033614651984,-34.4476248609272 -59.4033633880507,-34.4473544360095 -59.4036898203668,-34.4473560285035 -59.4036917421416,-34.4470856035577 -59.4040181734315,-34.4470871951642 -59.4040220148005,-34.4465463452044 -59.4043484440124,-34.4465479359075 -59.4043522831753,-34.4460070858673 -59.4046787103091,-34.446008675667 -59.4046825472662,-34.4454678255466 -59.4050089723219,-34.445469414443 -59.4050108897103,-34.4451989893486 -59.4053373137399,-34.4452005773577 -59.405339230051,-34.4449301522353 -59.4059920760832,-34.4449333256073 -59.4059939902653,-34.444662900441 -59.4063204122679,-34.444664485804 -59.4063223253727,-34.4443940606096 -59.4066487463491,-34.4443956450854 -59.4066506583768,-34.444125219863 -59.4069770783269,-34.4441268034514 -59.4069809002024,-34.4435859529385 -59.4073073180746,-34.4435875356239 -59.4073149573133,-34.4425058343895 -59.4069885436476,-34.4425042517679 -59.4069942759642,-34.4416929757631 -59.4066678654789,-34.4416913923179 -59.4066697772517,-34.4414209669748 -59.4063433678434,-34.4414193826744 -59.4063471934158,-34.4408785319837 -59.4060207861361,-34.4408769468439 -59.4060226999356,-34.4406065214964 -59.4056962937329,-34.4406049355014 -59.4057001233584,-34.4400640848021 -59.4053737192843,-34.4400624979678 -59.4053756351102,-34.439792072616 -59.4050492321131,-34.4397904849264 -59.4050530657914,-34.4392496342186 -59.4047266649228,-34.4392480456898 -59.4047305006017,-34.4387071949656 -59.4044041018615,-34.4387056055976 -59.4044060207141,-34.4384351802334 -59.4040796230509,-34.4384335900103 -59.4040815429293,-34.43816316465 -59.4037551463431,-34.4381615735717 -59.4037609089789,-34.4373502974664 -59.4034345155724,-34.4373487055651 -59.4034364374512,-34.4370782801885 -59.4037628298063,-34.4370798720738 -59.4037724335593,-34.4357277449296 -59.4040988206835,-34.4357293358638 -59.4041026599031,-34.4351884848896 -59.4037762748814,-34.4351868939875 -59.4037839572183,-34.4341051919582 -59.4034575764271,-34.4341036002491 -59.4034594979985,-34.4338331747276 -59.4031331182841,-34.4338315821635 -59.4031350408811,-34.4335611566459 -59.4028086622435,-34.4335595632268 -59.402810585866,-34.4332891377133 -59.4024842083051,-34.4332875434392 -59.4024861329532,-34.4330171179296 -59.4021597564691,-34.4330155228007 -59.4021616821426,-34.4327450972951 -59.4008561806675,-34.4327387081339 -59.4008542507895,-34.4330091335753 -59.4005278744339,-34.4330075340915 -59.4005259434791,-34.4332779595047 -59.4001995660981,-34.4332763591339 -59.4001976340664,-34.4335467845189 -59.3998712556599,-34.433545183261 -59.3998693225513,-34.4338156086178 -59.3995429431195,-34.4338140064728 -59.3995371404855,-34.4346252824225 -59.3998635230708,-34.4346268846158 -59.3998615898592,-34.4348973099244 -59.4001879735216,-34.4348989112628 -59.4001860413353,-34.4351693365754 -59.4005124260747,-34.4351709370589 -59.4005085637275,-34.43571178768 -59.4008349505951,-34.4357133873247 -59.4008330204342,-34.4359838126332 -59.4011594083788,-34.4359854114229 -59.4011574792435,-34.4362558367355 -59.4014838682651,-34.4362574346702 -59.4014819401553,-34.4365278599868 -59.4021347203782,-34.4365310532752 -59.4021327943454,-34.4368014786118 -59.4031119680261,-34.4368062620594 -59.4031100451216,-34.4370766874321 -59.4027836528178,-34.4370750938046 -59.4027817288363,-34.4373455191491 -59.4024553355067,-34.4373439246345 -59.4024514853642,-34.4378847752552 -59.4021250899575,-34.4378831798374 -59.4021173851589,-34.4389648808698 -59.4027701844092,-34.4389680709627 -59.4027663360617,-34.4395089214706 -59.4030927378282,-34.4395105152424 -59.4030908146675,-34.4397809404943 -59.4034172175111,-34.439782533411 -59.4034133732157,-34.4403233839105 -59.4030869682691,-34.4403217909618 -59.4030811984793,-34.4411330665726 -59.4027547904037,-34.4411314727046 -59.4027528660377,-34.441401897868 -59.4024264569362,-34.4414003031127 -59.4024226060239,-34.4419411533712 -59.402096194845,-34.4419395577126 -59.4020942682987,-34.4422099828076 -59.4017678560938,-34.4422083862617 -59.4017697836917,-34.4419379611827 -59.4011169614621,-34.4419347655092 -59.4011188911374,-34.4416643404502 -59.399160431376,-34.4416547326163 -59.399150751194,-34.443006857307 -59.3994771663479,-34.4430084608714 -59.3994694259446,-34.444090160471 -59.399143006584,-34.4440885568421 -59.3991391341242,-34.4446294065372 -59.398812712686,-34.4446278020046 -59.3988146499806,-34.4443573771793 -59.3981618092851,-34.4443541655325 -59.3981598698871,-34.4446245903255 -59.3975070271916,-34.4446213751611 -59.3975050856643,-34.4448917999097 -59.3942408632239,-34.4448756716449 -59.3942428152685,-34.4446052470585 -59.393916394219,-34.4446036294559 -59.3939144411227,-34.444874054026 -59.3926087529783,-34.4448675748371 -59.392606795649,-34.4451379993299 -59.3929332186977,-34.4451396204505 -59.3929273497085,-34.4459508939055 -59.3932537759386,-34.4459525142036 -59.3932479098702,-34.4467637875988 -59.3935743392818,-34.4467654070744 -59.3935723849254,-34.4470358315316 -59.393245954462,-34.4470342120397 -59.3932439990277,-34.4473046364686 -59.3929175675384,-34.447303016089 -59.3929195240245,-34.4470325916764 -59.3925930936132,-34.4470309704417 -59.3925950511251,-34.4467605460334 -59.3919421924844,-34.4467573009824 -59.3919461116373,-34.4462164521948 -59.3916196844598,-34.4462148283949 -59.3916216450488,-34.4459444039993 -59.3912952189492,-34.4459427793443 -59.3912971805639,-34.445672354953 -59.3909707555422,-34.445670729443 -59.3909746807968,-34.4451298806569 -59.3906482579047,-34.4451282543082 -59.3906521851581,-34.4445874055065 -59.3903257643958,-34.4445857783192 -59.3903277290349,-34.4443153539166 -59.3896748896921,-34.4443120969608 -59.3896768564085,-34.4440416725788 -59.3890240192739,-34.4440384121705 -59.3890259880675,-34.4437679878093 -59.3883731531412,-34.4437647239486 -59.3883692113211,-34.4443055725933 -59.3877163722932,-34.4443023051816 -59.3877183453197,-34.4440318808982 -59.3880447637689,-34.4440335150232 -59.3880487076398,-34.4434926663872 -59.387722291294,-34.4434910322951 -59.38772031832,-34.4437614566027 -59.3873939009488,-34.4437598216227 -59.3873978489738,-34.4432189730283 -59.3857657730294,-34.4432107852239 -59.3857677522607,-34.442940360991 -59.387073408757,-34.4429469129112 -59.3870753837553,-34.4426764886002 -59.3864225575577,-34.4426732144156 -59.386424534633,-34.4424027901255 -59.385771710644,-34.4423995124888 -59.3857736897961,-34.4421290882196 -59.3854472788928,-34.4421274481109 -59.3854452986891,-34.4423978723636 -59.3844660629827,-34.4423929467603 -59.3844601127486,-34.4432042192972 -59.3841336977445,-34.4432025756373 -59.3841297286863,-34.4437434239018 -59.3844561457938,-34.4437450675947 -59.3844462279441,-34.4450971881271 -59.3847726503365,-34.4450988310314 -59.3847686851151,-34.4456396791929 -59.3850951096374,-34.4456413212589 -59.3850911464139,-34.446182169405 -59.3837854400687,-34.4461755957807 -59.3837874259009,-34.4459051717797 -59.3834610004325,-34.4459035262118 -59.3834768945507,-34.4437401339019 -59.3831504775226,-34.4437384875951 -59.3831544528907,-34.4431976394299 -59.3834808678155,-34.4431992857037 -59.3834967598158,-34.4410358924272 -59.3828439468181,-34.4410325992735 -59.382845935302,-34.4407621750927 -59.3821931245134,-34.4407588784873 -59.3821951150739,-34.4404884543276 -59.3812159022444,-34.4404835029352 -59.3812119147878,-34.4410243511429 -59.3805591021616,-34.4410210457922 -59.3805551103926,-34.4415618938851 -59.3802287020163,-34.4415602398697 -59.3802267050404,-34.4418306638813 -59.3799002956391,-34.441829008978 -59.3798903051021,-34.4431811287719 -59.3802167197614,-34.4431827837585 -59.3802147226257,-34.4434532076977 -59.3798883069148,-34.4434515526944 -59.379878315579,-34.4448036721258 -59.3792254737202,-34.4448003593389 -59.379227474144,-34.4445299355101 -59.3795538940084,-34.4445315923226 -59.3795558933539,-34.444261168465 -59.3792294745412,-34.4442595116692 -59.3792354755729,-34.4434482400741 -59.3789090599419,-34.443446582457 -59.3789110612841,-34.4431761585845 -59.3792374758635,-34.4431778161849 -59.3792454767592,-34.4420961205073 -59.3795718871588,-34.4420977771697 -59.379581882421,-34.4407456572175 -59.3799082875895,-34.4407473129254 -59.3799142812726,-34.4399360407591 -59.3795878792587,-34.4399343851011 -59.3795898781513,-34.4396639610381 -59.377631472936,-34.4396540088957 -59.3776334781107,-34.4393835849208 -59.3769806786888,-34.4393802606041 -59.3769826859396,-34.4391098366506 -59.3760034901617,-34.4391048436921 -59.3760014797566,-34.4393752675954 -59.3753486806024,-34.4393719345672 -59.3753466680676,-34.4396423584249 -59.3711034625165,-34.4396206085849 -59.371101436286,-34.4398910322117 -59.3704486337333,-34.4398876729812 -59.3704466053729,-34.4401580965622 -59.3710994100285,-34.4401614558264 -59.3710973837439,-34.4404318794291 -59.3714237871637,-34.4404335577713 -59.3714217619037,-34.4407039813787 -59.3717481664019,-34.4407056588667 -59.3717461421664,-34.4409760824789 -59.3720725477432,-34.4409777591125 -59.3720705245322,-34.4412481827295 -59.3723969311874,-34.4412498585088 -59.3723949090011,-34.4415202821306 -59.3727213167348,-34.4415219570555 -59.372719295573,-34.441792380682 -59.3730457043852,-34.4417940547525 -59.3730436842481,-34.4420644783838 -59.3733700941388,-34.4420661515999 -59.3733640367206,-34.4428774224718 -59.3740168628923,-34.4428807663912 -59.3740148458023,-34.4431511900247 -59.3746676741848,-34.4431545304926 -59.3746656591712,-34.4434249541475 -59.3749920744544,-34.4434266230914 -59.3749900604656,-34.443697046751 -59.3753164768273,-34.4436987148404 -59.3753064117393,-34.4450508330413 -59.3756328333863,-34.4450525003432 -59.3756288092668,-34.4455933475725 -59.3759552330441,-34.4455950140366 -59.3759532219959,-34.4458654376499 -59.3766060717344,-34.4458687679975 -59.376604062763,-34.4461391916322 -59.379215471201,-34.4461524783015 -59.3792134706171,-34.4464229020578 -59.3808456070168,-34.4464311779896 -59.3808436116654,-34.4467016018171 -59.3814964685151,-34.4467049061233 -59.3814904886124,-34.4475161776329 -59.3818169202326,-34.4475178285287 -59.3818149279305,-34.4477882523577 -59.3814884952583,-34.4477866014452 -59.3814865018778,-34.4480570252455 -59.3805072008652,-34.4480520672297 -59.3805091974014,-34.4477816434793 -59.3801827648357,-34.4477799890811 -59.3801847623972,-34.4475095653352 -59.3795318994492,-34.4475062539579 -59.3795338990879,-34.4472358302333 -59.3779017474439,-34.4472275366234 -59.377899742546,-34.4474979602646 -59.3765940175042,-34.4474913096244 -59.3765920083722,-34.4477617331866 -59.3762655761268,-34.4477600683313 -59.3762675863107,-34.4474896447858 -59.3759411551439,-34.4474879790758 -59.3759391439081,-34.4477584026045 -59.3746334153018,-34.4477517309832 -59.3746313998317,-34.4480221544327 -59.3707142039722,-34.4480020557095 -59.3707182601305,-34.4474612092028 -59.3710446908667,-34.4474628888555 -59.3710467178534,-34.4471924655671 -59.3713731475649,-34.4471941443315 -59.3713751734727,-34.4469237210141 -59.3717016021593,-34.4469253988902 -59.3716995773033,-34.4471958222244 -59.3720260070686,-34.447197499246 -59.3720280308729,-34.4469270758949 -59.3726808883809,-34.4469304272901 -59.3726829100545,-34.4466600038932 -59.3736621933631,-34.4466650244 -59.3736642118543,-34.4463946009405 -59.3739906386258,-34.4463962726832 -59.3739946734241,-34.4458554256943 -59.3743210981189,-34.445857096532 -59.3743251307061,-34.4453162494611 -59.3746515533243,-34.4453179193938 -59.3746555837006,-34.444777072241 -59.3743291631858,-34.4447754023419 -59.3743311793854,-34.4445049787642 -59.3740047599492,-34.4445033080106 -59.3740067771736,-34.4442328844376 -59.3733539404853,-34.44422954035 -59.3733579790601,-34.443688693235 -59.3730315628597,-34.4436870199179 -59.3730335831584,-34.4434165963591 -59.3727071680366,-34.4434149221875 -59.37270918936,-34.4431444986335 -59.3723827753167,-34.4431428236075 -59.372386819986,-34.4426019764969 -59.3710811724954,-34.4425952678151 -59.371083198996,-34.4423248443092 -59.3691247348803,-34.4423147552503 -59.3691206692329,-34.4428556020471 -59.3687942565385,-34.4428539174541 -59.3687901886795,-34.4433947641687 -59.3691166034772,-34.4433964487956 -59.3691145705587,-34.4436668721517 -59.3687881547093,-34.4436651875078 -59.3687820526363,-34.4444764574528 -59.3678027957859,-34.4444713981406 -59.3678109444491,-34.4433897050601 -59.3671581150979,-34.4433863279646 -59.3671621934732,-34.4428454814198 -59.3668357809416,-34.4428437915991 -59.3668398613113,-34.4423029450399 -59.3665134509101,-34.442301254382 -59.3665175332742,-34.4417604078084 -59.3668439415723,-34.4417620984323 -59.366845981662,-34.4414916751104 -59.3665195744155,-34.4414899845036 -59.3665481475372,-34.4377040569657 -59.3737287893739,-34.4377410438552 -59.3737308069776,-34.4374706199969 -59.3740571990474,-34.4374722911847 -59.374059215573,-34.4372018672974 -59.3747119976904,-34.4372052070261 -59.3747140120865,-34.4369347830932 -59.3750404021341,-34.4369364516342 -59.3750444287431,-34.4363956036985 -59.375370816715,-34.4363972713348 -59.3753808775117,-34.4350451512004 -59.3750544947961,-34.435043483648 -59.3750585210294,-34.4345026355432 -59.374732140443,-34.4345009671533 -59.3747361686714,-34.4339601190337 -59.3744097902142,-34.4339584498065 -59.3744158355089,-34.4331471775868 -59.3737630849818,-34.4331438366202 -59.3737671192484,-34.4326029884806 -59.3705033892498,-34.4325862317276 -59.3705054168536,-34.4323158078082 -59.3701790450532,-34.4323141273597 -59.370181073681,-34.4320437034452 -59.3698547029587,-34.4320420221427 -59.3698567326105,-34.431771598233 -59.3695303629663,-34.4317699160764 -59.3695323936421,-34.4314994921716 -59.369206025076,-34.4314978091611 -59.3692080567758,-34.4312273852611 -59.3688816892877,-34.4312257013967 -59.3688877873775,-34.430414429675 -59.3685614230696,-34.4304127449905 -59.3685654904292,-34.4298718971495 -59.3682391282503,-34.4298702116281 -59.3682411629404,-34.4295997877065 -59.3675884407657,-34.429596414085 -59.3675904775305,-34.4293259901852 -59.3669377575663,-34.4293226131144 -59.3669397964057,-34.4290521892365 -59.3666134375153,-34.4290504994118 -59.3666542296149,-34.4236420196561 -59.3673069053928,-34.4236453977546 -59.3673089426112,-34.423374973606 -59.3676352794902,-34.4233766613323 -59.3676332433225,-34.423647085498 -59.3699176095892,-34.4236588753233 -59.3699196384026,-34.423388451039 -59.3705723126212,-34.423391811691 -59.3705743393064,-34.4231213873608 -59.3709006754056,-34.4231230663639 -59.3709067521476,-34.4223117932501 -59.371233085122,-34.422313471332 -59.3712351095982,-34.4220430469196 -59.3722141055318,-34.4220480758909 -59.3722120842073,-34.4223185003538 -59.3728647503988,-34.4223218486821 -59.3728627311484,-34.4225922731666 -59.3731890653351,-34.4225939460417 -59.3731870471085,-34.4228643705309 -59.3735133823726,-34.4228660425522 -59.3735073306831,-34.423677315998 -59.3754653617429,-34.4236873301449 -59.375467372696,-34.4234169055743 -59.376446385436,-34.4234219008437 -59.3764443776348,-34.4236923254646 -59.3770970550299,-34.4236956513245 -59.3770930435499,-34.424236500597 -59.3774193843888,-34.4242381622544 -59.3774073556113,-34.4258607098821 -59.3777337027811,-34.4258623707691 -59.3777316989421,-34.4261327953482 -59.3780580471894,-34.4261344553812 -59.3780560443744,-34.4264048799649 -59.3796877912647,-34.4264131671524 -59.3796897888259,-34.4261427424853 -59.3800161372331,-34.426144397294 -59.3800181337168,-34.4258739725982 -59.3803444810999,-34.4258756265194 -59.3803464765063,-34.4256052017949 -59.3809991692508,-34.425608506992 -59.3810011625292,-34.4253380822222 -59.3813275078905,-34.425339733498 -59.3813295000916,-34.4250693086995 -59.3819821887925,-34.4250726086059 -59.3819841788657,-34.4248021837621 -59.3842685827987,-34.4248137058916 -59.3842666000804,-34.4250841308514 -59.3858983232218,-34.4250923349059 -59.3859003006866,-34.4248219098635 -59.3862266443433,-34.4248235480459 -59.3862286207311,-34.424553122975 -59.3868813060221,-34.4245563966946 -59.3868911770595,-34.4232042709942 -59.3865648396541,-34.4232026346521 -59.3865668148332,-34.4229322094923 -59.3859141422025,-34.4229289342291 -59.3859161194565,-34.4226585090901 -59.3852634490324,-34.4226552303774 -59.3852654283612,-34.4223848052593 -59.3842864260745,-34.4223798807101 -59.3842923733576,-34.4215686054322 -59.3865766903342,-34.421580083512 -59.3865747152866,-34.4218505087322 -59.3872273796181,-34.4218537803812 -59.3872254066453,-34.4221242056223 -59.387551739901,-34.4221258401573 -59.3875497679525,-34.4223962654028 -59.388202436644,-34.422399531894 -59.3882044064913,-34.4221291066157 -59.3891834065736,-34.4221339997736 -59.3891853732431,-34.421863574434 -59.3895117056057,-34.421865203729 -59.3895136711985,-34.4215947783609 -59.3898400025368,-34.421596406769 -59.3898478604438,-34.4205147051103 -59.3895215333075,-34.4205130767678 -59.3895234987693,-34.4202426513393 -59.3891971727096,-34.4202410221426 -59.3891991391957,-34.4199705967185 -59.3882201643254,-34.4199657039544 -59.3882221339365,-34.4196952785674 -59.3878958100827,-34.4196936459214 -59.387897780718,-34.4194232205388 -59.388876749207,-34.4194281158159 -59.3888787166648,-34.4191576903719 -59.3895313603545,-34.4191609495046 -59.3895333256853,-34.4188905240158 -59.3901859673789,-34.4188937796337 -59.3901879305827,-34.4186233541 -59.3905142504184,-34.4186249805868 -59.3905162125457,-34.4183545550247 -59.3911688501948,-34.4183578053541 -59.3911708101953,-34.4180873797472 -59.3914971280086,-34.4180890035899 -59.3914990869326,-34.4178185779545 -59.392151720537,-34.4178218229958 -59.3921575908505,-34.4170105459194 -59.3924839045409,-34.4170121670854 -59.3924995491609,-34.4148487608863 -59.3921732438725,-34.4148471398508 -59.3921771568672,-34.4143062882129 -59.3918508537052,-34.4143046663397 -59.3918528112136,-34.414034240519 -59.3915265091278,-34.4140326177918 -59.3915304261666,-34.4134917661467 -59.3902252264854,-34.4134852666652 -59.3902232637786,-34.4137556924284 -59.3895706619947,-34.4137524374329 -59.3895667323021,-34.4142932888574 -59.3889141264223,-34.4142900303151 -59.3889101924243,-34.4148308816257 -59.3885838874234,-34.4148292510162 -59.3885779830791,-34.4156405278423 -59.3882516749539,-34.4156388963132 -59.3882497057364,-34.4159093218813 -59.3875970874643,-34.415906056179 -59.3875951161201,-34.4161764817022 -59.3869424958525,-34.4161732124853 -59.3869444692972,-34.415902786995 -59.3853129243399,-34.415894598803 -59.3853109456441,-34.4161650242109 -59.3849846356814,-34.4161633839448 -59.384982655909,-34.4164338093241 -59.3846563449225,-34.4164321681711 -59.3846543640734,-34.4167025935218 -59.384328052063,-34.4167009514819 -59.3843260701372,-34.416971376804 -59.383999757103,-34.4169697338771 -59.3839938080163,-34.4177810097214 -59.3836674918575,-34.4177793658744 -59.3836615393819,-34.4185906415604 -59.3833352200986,-34.4185889967932 -59.3833332348368,-34.4188594219812 -59.3830069145296,-34.418857776327 -59.3830049281909,-34.4191282014864 -59.3826786068598,-34.4191265549452 -59.3826766194442,-34.4193969800758 -59.3816976524585,-34.4193920351794 -59.3816956618653,-34.4196624602482 -59.3813693385393,-34.4196608101918 -59.3813673468691,-34.4199312352319 -59.3810410225193,-34.4199295842883 -59.3810390297721,-34.4202000092998 -59.3807127043984,-34.4201983574691 -59.3807087167234,-34.4207392074225 -59.3803823892753,-34.4207375546879 -59.3803783993931,-34.4212784045598 -59.3800520698706,-34.4212767509214 -59.3800500738391,-34.4215471758226 -59.3797237432927,-34.421545521297 -59.379721746184,-34.4218159461694 -59.3784164200627,-34.4218093192946 -59.3784184213735,-34.4215388944889 -59.3780920909603,-34.4215372356104 -59.3780940932949,-34.4212668108092 -59.3777677639589,-34.4212651510769 -59.377771770649,-34.4207243014718 -59.3774454434407,-34.4207226409023 -59.3774474477962,-34.4204522160983 -59.377121121665,-34.420450554675 -59.3771231270442,-34.4201801298756 -59.3764704769631,-34.4201768044508 -59.376468469483,-34.4204472292166 -59.3758158174079,-34.4204439002761 -59.375817826989,-34.4201734755438 -59.3754915020421,-34.4201718097845 -59.3754935126467,-34.4199013850568 -59.375167188777,-34.4198997184438 -59.3751712120068,-34.4193588689857 -59.3748448902648,-34.4193572015357 -59.3748469028899,-34.4190867768053 -59.3745205822251,-34.4190851085016 -59.3745246094955,-34.4185442590381 -59.3735456539643,-34.4185392490048 -59.3735476707103,-34.4182688243054 -59.3725687185721,-34.4182638064882 -59.372566698675,-34.4185342311371 -59.3699561524225,-34.4185208118555 -59.3699541240956,-34.4187912363573 -59.3696278048851,-34.418789555013 -59.3696318636126,-34.4182487060312 -59.3693055465299,-34.4182470238503 -59.3693096072498,-34.417706174854 -59.3689832922948,-34.4177044918365 -59.3689853236645,-34.4174340673372 -59.3686590097869,-34.4174323834662 -59.3686630745455,-34.4168915344652 -59.3680104510727,-34.4168881641797 -59.368012485512,-34.4166177396949 -59.3673598642481,-34.4166143659617 -59.3673394976292,-34.4193186099257 -59.3679921398995,-34.4193219839985 -59.3679901051891,-34.4195924083623 -59.3689690719491,-34.4195974629936 -59.3689711035083,-34.4193270385788 -59.3692974247654,-34.4193287216979 -59.3692893025679,-34.4204104193522 -59.3689629771091,-34.4204087361653 -59.3689609454416,-34.4206791605318 -59.3683082925044,-34.4206757915125 -59.3683062587089,-34.420946215833 -59.3679799312305,-34.4209445300006 -59.3679778963574,-34.421214954292 -59.3676515678555,-34.421213267572 -59.3676495319048,-34.4214836918344 -59.3666705434108,-34.4214786264002 -59.3666868554674,-34.419315232371 -59.3670131765347,-34.4193169215836 -59.3670355912198,-34.4163422533436 -59.3667092817059,-34.416340564318 -59.366758200271,-34.4098503744001 -59.3680633376824,-34.4098571236499 -59.3680613039208,-34.4101275484367 -59.3693664459655,-34.4101342838311 -59.3693684755274,-34.4098638589765 -59.3703473291952,-34.4098689013344 -59.3703493555803,-34.409598476417 -59.3706756391404,-34.4096001554457 -59.3706776644486,-34.4093297304993 -59.3710039469858,-34.4093314086409 -59.3710079954216,-34.4087905586781 -59.371334275886,-34.4087922359158 -59.3713362990136,-34.4085218108994 -59.3716625784552,-34.40852348725 -59.3716666225299,-34.4079826371472 -59.3719928998987,-34.407984312594 -59.3719989626592,-34.4071730372986 -59.3716726884398,-34.4071713619024 -59.3716747103558,-34.4069009367967 -59.3703696179466,-34.4068942265785 -59.3703716440347,-34.4066238015282 -59.3697191000915,-34.4066204412323 -59.3697211282521,-34.4063500162037 -59.3693948573708,-34.4063483347676 -59.3694009448394,-34.4055370596602 -59.3700534803309,-34.4055404215609 -59.3700555073337,-34.4052699964671 -59.3703817740702,-34.4052716760955 -59.3703837999964,-34.4050012509727 -59.3707100657103,-34.4050029297141 -59.3707120905597,-34.4047325045623 -59.371038355251,-34.4047341824168 -59.3710403790238,-34.4044637572361 -59.3713666426924,-34.4044654342037 -59.3713686653887,-34.404195008994 -59.3720211907075,-34.4041983602854 -59.3720232112775,-34.4039279350299 -59.3726757346048,-34.4039312828075 -59.3726777530488,-34.4036608575062 -59.3739827958277,-34.4036675425541 -59.3739807815821,-34.4039379679226 -59.3746333052319,-34.4039413052602 -59.3746353173783,-34.403670879858 -59.3749615781938,-34.403672547205 -59.3749635892638,-34.403402121774 -59.3752898490565,-34.4034037882342 -59.3752918590502,-34.4031333627743 -59.3762706354403,-34.4031383568847 -59.3762766558146,-34.4023270802819 -59.3766029115162,-34.4023287431951 -59.3766049172046,-34.40205831762 -59.3769311718835,-34.4020599796466 -59.3769331764957,-34.4017895540426 -59.3779119375438,-34.4017945348526 -59.3779139389809,-34.4015241091863 -59.3788926971207,-34.4015290821168 -59.3788887005169,-34.4020699335373 -59.3792149553825,-34.4020715894742 -59.3792129580901,-34.402342015183 -59.3795392140318,-34.4023436702667 -59.3795332251438,-34.4031549473705 -59.3792069660535,-34.4031532922369 -59.3792049686547,-34.4034237178973 -59.3788787085415,-34.403422061877 -59.3788767100665,-34.4036924875087 -59.3795292324188,-34.4036957987127 -59.3795312287946,-34.4034253730477 -59.3801837491542,-34.4034286807383 -59.3801857434042,-34.4031582550279 -59.3808382617709,-34.4031615592053 -59.3808402538953,-34.4028911334495 -59.3814927702691,-34.4028944341138 -59.3814987401857,-34.4020831566744 -59.3818249952638,-34.4020848056517 -59.3818269841335,-34.4018143797979 -59.3821532381885,-34.4018160278887 -59.3821552259822,-34.4015456020062 -59.3824814790143,-34.4015472492105 -59.382483465732,-34.4012768232992 -59.3828097177411,-34.401278469617 -59.3828117033828,-34.4010080436772 -59.3831379543689,-34.4010096891085 -59.3831399389347,-34.40073926314 -59.3834661888978,-34.4007409076848 -59.3834721392883,-34.3999296296573 -59.3837983861296,-34.3999312732826 -59.3838063154161,-34.3988495690106 -59.3841325580862,-34.3988512116998 -59.3841385016257,-34.3980399333194 -59.3854434599784,-34.3980464951799 -59.3854414830222,-34.3983169213848 -59.3857677237256,-34.3983185596918 -59.3857637718328,-34.3988594120985 -59.3860900146612,-34.3988610495686 -59.3860919895714,-34.3985906233549 -59.3864182313767,-34.3985922599387 -59.3864202052113,-34.3983218336964 -59.3867464459936,-34.398323469394 -59.3867484187525,-34.3980530431231 -59.3877271381093,-34.3980579449475 -59.387729107694,-34.3977875186152 -59.3880553464828,-34.3977891508005 -59.3880514093857,-34.3983300034858 -59.3883776502994,-34.3983316348342 -59.388373715196,-34.3988724875041 -59.3886999582345,-34.3988741180154 -59.3886979916929,-34.3991445443487 -59.389024235807,-34.3991461740066 -59.3890222702885,-34.3994166003442 -59.3893485154782,-34.3994182291486 -59.3893465509829,-34.3996886554905 -59.3899990435396,-34.3996919105226 -59.3899970811169,-34.3999623368852 -59.3909758232962,-34.3999672129583 -59.3909738639956,-34.4002376393579 -59.3913001124904,-34.4002392629921 -59.3912981542132,-34.400509689396 -59.3919506533798,-34.4005129340875 -59.3919486971754,-34.4007833605119 -59.3922749478473,-34.4007849815691 -59.3922710374591,-34.4013258344144 -59.3925972902559,-34.4013274546344 -59.3925933818625,-34.4018683074639 -59.3929196367844,-34.4018699268465 -59.3929176835982,-34.4021403532595 -59.3932439395956,-34.4021419717885 -59.3932419874329,-34.4024123982057 -59.3935682445059,-34.4024140158809 -59.3935662933666,-34.4026844423024 -59.3938925515152,-34.4026860591239 -59.3938906013995,-34.4029564855495 -59.3945431198737,-34.4029597166152 -59.3945411718312,-34.4032301430613 -59.3951936925084,-34.4032333706796 -59.3951917465391,-34.4035037971461 -59.3958442694192,-34.4035070213168 -59.3958423255232,-34.4037774478037 -59.3955160630206,-34.4037758361371 -59.395514118049,-34.4040462625956 -59.3958403816013,-34.4040478742784 -59.3958384376534,-34.4043183007412 -59.3955121730516,-34.4043166890421 -59.3954771586641,-34.4091843630148 -59.3958034421617,-34.4091859750058 -59.3957976087636,-34.4099972536697 -59.3961238954369,-34.4099988648391 -59.3961200084751,-34.4105397172538 -59.3964462972742,-34.4105413275854 -59.3964443548044,-34.4108117537909 -59.3967706446793,-34.4108133632685 -59.3967648202647,-34.4116246418609 -59.3970911133155,-34.4116262505169 -59.3970872323431,-34.4121671028838 -59.3974135275198,-34.4121687107019 -59.3974115880449,-34.4124391368834 -59.3977378842975,-34.4124407438474 -59.3977340073702,-34.4129815962065 -59.3980603057488,-34.4129832023326 -59.3980564308184,-34.4135240546758 -59.3983827313231,-34.4135256599638 -59.3983788583896,-34.414066512291 -59.3987051610203,-34.414068116741 -59.3987032255651,-34.4143385429026 -59.3990295292717,-34.4143401464984 -59.3990275948408,-34.4146105726641 -59.3996802044318,-34.4146137772768 -59.3996782720755,-34.4148842034627 -59.4006571898056,-34.4148890039023 -59.4006552605741,-34.4151594301244 -59.4009815675858,-34.4151610285463 -59.4009757828877,-34.4159723071885 -59.4006494727254,-34.4159707087184 -59.4006475433911,-34.4162411348923 -59.4003212322042,-34.4162395355356 -59.4003077187918,-34.4181325183019 -59.4006340373308,-34.4181341177712 -59.400630178225,-34.4186749699137 -59.4009564988905,-34.4186765685447 -59.4009545703495,-34.4189469946139 -59.4019335356513,-34.418951785332 -59.4019316102358,-34.4192222114374 -59.4022579331048,-34.4192238066185 -59.402256008714,-34.4194942327278 -59.4025823326591,-34.4194958270544 -59.4025765624842,-34.4203071053581 -59.4022502353878,-34.4203055109834 -59.4022348387227,-34.4224689191336 -59.4025611742233,-34.4224705136368 -59.4025592505754,-34.4227409396173 -59.4028855871523,-34.4227425332658 -59.4028836645292,-34.4230129592502 -59.4032100021824,-34.4230145520442 -59.4032061589608,-34.4235554040089 -59.4035324987407,-34.4235569959642 -59.4035267368682,-34.4243682738689 -59.4032003939363,-34.4243666818655 -59.4031984722102,-34.4246371077936 -59.4025457843218,-34.4246339211427 -59.4025400126856,-34.4254451987582 -59.4022136656277,-34.4254436040786 -59.4022078906085,-34.4262548815373 -59.4025342408188,-34.4262564762651 -59.4025303927793,-34.4267973278759 -59.4028567451167,-34.426798921765 -59.4028528990764,-34.4273397733597 -59.4031792535411,-34.4273413664101 -59.4031773315333,-34.4276117922053 -59.4041563982336,-34.4276165661798 -59.4041525604463,-34.4281574178301 -59.404478918166,-34.4281590074453 -59.4044770002849,-34.4284294332684 -59.404803359081,-34.4284310220288 -59.4048014422253,-34.4287014478558 -59.4054541619959,-34.4287046227961 -59.4054522472164,-34.4289750486429 -59.4057786081909,-34.4289766348228 -59.4057766944369,-34.4292470606735 -59.4061030564879,-34.4292486459985 -59.4061011437593,-34.4295190718531 -59.4064275068866,-34.4295206563232 -59.4064198599212,-34.4306023596847 -59.406746227278,-34.4306039433477 -59.406744316524,-34.4308743691738 -59.4070706849572,-34.4308759519818 -59.4070687752288,-34.4311463778118 -59.4080478838343,-34.4311511210581 -59.4080459772335,-34.4314215469238 -59.4100042014364,-34.4314310099972 -59.4100061017309,-34.4311605840364 -59.4106588412325,-34.4311637313952 -59.4106569430401,-34.4314341573877 -59.411309684745,-34.4314373012946 -59.4113077886294,-34.4317077273066 -59.4119605325375,-34.4317108677614 -59.4119586384988,-34.4319812937929 -59.4122850115418,-34.4319828627297 -59.4122831185289,-34.432253288765 -59.4135886151574,-34.4322595558658 -59.4135867263237,-34.4325299819521 -59.4139131015949,-34.4325315465656 -59.4139112137872,-34.4328019726556 -59.4145639665073,-34.4328050993013 -59.4145658522128,-34.4325346731799 -59.415544978328,-34.4325393565692 -59.415546860855,-34.4322689303886 -59.4161996096217,-34.4322720482619 -59.4162014900214,-34.4320016220379 -59.4165278633913,-34.4320031796524 -59.4165316220135,-34.4314623271368 -59.4162052507457,-34.4314607695536 -59.4162090113699,-34.430919917021 -59.4165353805354,-34.4309214745729 -59.4165372597589,-34.4306510482728 -59.4168636278985,-34.4306526049382 -59.4168655060459,-34.4303821786104 -59.4175182402982,-34.430385289297 -59.4175201163186,-34.4301148629259 -59.4181728485689,-34.4301179700977 -59.4181747224623,-34.4298475436832 -59.4185010875739,-34.4298490959472 -59.4185029603914,-34.429578669505 -59.418829324477,-34.4295802208825 -59.4188311962185,-34.4293097944127 -59.4194839223627,-34.4293128945239 -59.4194857919774,-34.4290424680108 -59.4198121540359,-34.4290440167446 -59.4198140225748,-34.4287735902038 -59.4201403836073,-34.4287751380511 -59.4201553226147,-34.4266117251658 -59.4204816752651,-34.4266132720178 -59.4205133975064,-34.4220160168074 -59.4208397323199,-34.4220175625242 -59.4208434617747,-34.4214767087096 -59.4205171290623,-34.4214751630239 -59.4205227262097,-34.4206638822583 -59.4201963966737,-34.4206623357487 -59.4201982633903,-34.4203919088182 -59.4205245918758,-34.4203934553122 -59.4205301887248,-34.4195821744018 -59.4208565140838,-34.4195837199785 -59.4208583785999,-34.4193132929687 -59.4211847029333,-34.4193148376594 -59.4211902931815,-34.4185035565108 -59.4215166143884,-34.4185051002844 -59.421522201262,-34.4176938189806 -59.4218485193427,-34.4176953618371 -59.4218522417003,-34.4171545075432 -59.4221785577051,-34.4171560494982 -59.4221841379046,-34.4163447679203 -59.4225104507833,-34.4163463089583 -59.4225141686918,-34.4158054544816 -59.4228404794947,-34.4158069946182 -59.422846053021,-34.4149957127663 -59.4231723606979,-34.414997251986 -59.423179787519,-34.4139155426192 -59.42350609102,-34.4139170809065 -59.4235172242086,-34.4122945164015 -59.4238435214335,-34.4122960537257 -59.4238565016783,-34.4104030611459 -59.4241827915778,-34.4104045974915 -59.4241902041171,-34.4093228871186 -59.4245164898416,-34.4093244225322 -59.4245201938632,-34.4087835672425 -59.4241939102386,-34.4087820318598 -59.4241976162613,-34.4082411765527 -59.4235450532856,-34.4082381032387 -59.4235431981869,-34.4085085308674 -59.4232169156862,-34.4085069928896 -59.4232150595129,-34.4087774204907 -59.4225624924861,-34.4087743418937 -59.4225606341882,-34.4090447694517 -59.4219080651607,-34.4090416873429 -59.4219062047382,-34.4093121148579 -59.4215799192118,-34.4093105724827 -59.4215780577146,-34.40958099997 -59.421251771163,-34.4095794567091 -59.4212499085911,-34.4098498841688 -59.4209236210143,-34.4098483400221 -59.4209217573676,-34.4101187674543 -59.4205954687658,-34.4101172224218 -59.4205936040443,-34.4103876498263 -59.4199410248153,-34.4103845571195 -59.419939157969,-34.4106549844809 -59.4196128673418,-34.4106534368065 -59.4196091314745,-34.4111942914619 -59.4192828387722,-34.4111927428862 -59.4192809697513,-34.4114631701801 -59.4189546760239,-34.4114616207185 -59.418952805928,-34.4117320479849 -59.4186265111754,-34.4117304976374 -59.4186227688087,-34.4122713521027 -59.418296471981,-34.4122698008537 -59.4182945997102,-34.4125402280526 -59.4179683018574,-34.4125386759176 -59.4179589348783,-34.4138908116532 -59.4182852379817,-34.4138923638662 -59.4182702579185,-34.4160557805405 -59.4179439464134,-34.4160542282025 -59.4179401990475,-34.4165950822192 -59.4176138854669,-34.4165935289795 -59.4176063862341,-34.4176752368055 -59.4179327040161,-34.4176767901077 -59.4179308301958,-34.4179472170496 -59.418257149053,-34.417948769497 -59.4182552762581,-34.4182191964425 -59.4185815961906,-34.418220748035 -59.4185741089631,-34.4193024557589 -59.4179214607197,-34.4192993515784 -59.4179195867495,-34.419569778448 -59.4175932616149,-34.4195682250364 -59.4175913865693,-34.4198386518782 -59.4172650604092,-34.4198370975804 -59.4172669365052,-34.4195666707542 -59.4169406114205,-34.4195651156015 -59.416938734274,-34.419835542412 -59.4166124081639,-34.4198339863731 -59.416610529942,-34.4201044131559 -59.4162842028064,-34.4201028562308 -59.4162785648389,-34.4209141364599 -59.41562590434,-34.420911019904 -59.4156240228664,-34.4211814465915 -59.4149713603667,-34.4211783265218 -59.4149732439414,-34.4209078998656 -59.4143205836432,-34.420904776345 -59.4143224692938,-34.4206343497083 -59.414975127491,-34.4206374731974 -59.4149770110155,-34.4203670465172 -59.4153033391012,-34.4203686069402 -59.4153052215501,-34.4200981802322 -59.4156315486105,-34.4200997397689 -59.4156390739534,-34.4190180327533 -59.4153127510948,-34.4190164732793 -59.4153146334182,-34.4187460465109 -59.4156409552264,-34.4187476059692 -59.4156428364744,-34.4184771791731 -59.4159691572573,-34.4184787377452 -59.4159672770597,-34.418749164557 -59.416293598918,-34.4187507222743 -59.4162954780652,-34.4184802954468 -59.4166217988982,-34.4184818522779 -59.4166311890068,-34.417129717881 -59.4163048734256,-34.4171281611282 -59.4163067524225,-34.4168577342283 -59.4159804379166,-34.4168561766207 -59.4159841979359,-34.416315322816 -59.4156578855557,-34.4163137643694 -59.4156597665781,-34.4160433374646 -59.4153334552732,-34.4160417781633 -59.4153372193432,-34.4155009243489 -59.4150109101639,-34.4154993642085 -59.4150127932115,-34.4152289372989 -59.4146864851075,-34.4152273763038 -59.4146827168867,-34.4157682300795 -59.4143564067074,-34.4157666681826 -59.4143469804646,-34.4171188023319 -59.4146732958954,-34.4171203643075 -59.4146714116218,-34.4173907911168 -59.4140187786848,-34.4173876662639 -59.4140168922854,-34.4176580930298 -59.4136905748042,-34.4176565292819 -59.413692462254,-34.4173861025317 -59.4133661458483,-34.4173845379291 -59.4133680343232,-34.4171141111827 -59.412715403688,-34.4171109793975 -59.4127210752634,-34.4162996991803 -59.4123947631345,-34.4162981320293 -59.4124061119065,-34.4146755713636 -59.412732417734,-34.4146771384199 -59.4127380886292,-34.4138658578768 -59.4124117859522,-34.4138642908678 -59.4124155685233,-34.4133234371436 -59.4120892679717,-34.4133218692958 -59.4120911602696,-34.4130514424314 -59.4127437592977,-34.4130545772251 -59.4127399788773,-34.413595431005 -59.4130662805293,-34.4135969971279 -59.4130643913315,-34.4138674240155 -59.4133906940589,-34.4138689892838 -59.413388805886,-34.414139416175 -59.4137151096887,-34.4141409805887 -59.4137113353678,-34.4146818343666 -59.414037641296,-34.4146833979414 -59.4140432995891,-34.4138721172093 -59.4137169968114,-34.4138705536817 -59.413718883909,-34.4136001267626 -59.4133925822066,-34.4135985623804 -59.4133944703292,-34.413328135465 -59.413068169702,-34.4133265702282 -59.4130738370691,-34.4125152894568 -59.4134001345459,-34.4125168546463 -59.4134020225679,-34.4122464276827 -59.4143809119991,-34.4122511179822 -59.4143827968457,-34.4119806909592 -59.4150353878254,-34.4119838134427 -59.4150372705467,-34.4117133863763 -59.4153635650242,-34.4117149462969 -59.4153673282917,-34.4111740920964 -59.4156936206941,-34.4111756511153 -59.4156955012402,-34.4109052239813 -59.4160217926178,-34.4109067821142 -59.4160236720888,-34.4106363549524 -59.4163499624414,-34.4106379121995 -59.4163518408375,-34.41036748501 -59.4166781301651,-34.4103690413711 -59.4166800074862,-34.4100986141538 -59.4173325841166,-34.4101017242341 -59.4173344593127,-34.4098312969735 -59.4176607466154,-34.4098328506927 -59.4176626207367,-34.4095624234043 -59.4179889070145,-34.4095639762376 -59.4179907800608,-34.4092935489216 -59.4183170653136,-34.4092951008691 -59.4183208092315,-34.4087542461696 -59.4186470924095,-34.4087557972156 -59.4186489632812,-34.4084853698322 -59.4189752454342,-34.4084869199924 -59.4189771152311,-34.4082164925813 -59.4193033963592,-34.4082180418558 -59.4193071337785,-34.4076771869662 -59.4196334128318,-34.4076787353393 -59.4196371480519,-34.4071378803703 -59.4199634250304,-34.4071394278421 -59.4199671580514,-34.4065985727936 -59.4202934329552,-34.4066001193642 -59.4202990291508,-34.4057888366543 -59.4206253009302,-34.4057903823081 -59.4206327579775,-34.4047086717971 -59.4203064903968,-34.4047071262055 -59.4203083556462,-34.4044366985631 -59.4199820891401,-34.4044351521171 -59.4199839554143,-34.4041647244782 -59.4196576899827,-34.4041631771777 -59.4196595572816,-34.4038927495423 -59.4193332929246,-34.4038912013873 -59.4193351612483,-34.4036207737555 -59.4186826347081,-34.4036176748666 -59.4186845051061,-34.4033472472539 -59.4183582429231,-34.4033456965201 -59.4183601143458,-34.4030752689109 -59.4180338532372,-34.4030737173226 -59.4180357256846,-34.402803289717 -59.4177094656506,-34.4028017372744 -59.4177113391225,-34.4025313096724 -59.4173850801631,-34.4025297563754 -59.4173869546596,-34.4022593287769 -59.4170606967747,-34.4022577746256 -59.4170625722958,-34.4019873470307 -59.4167363154854,-34.401985792025 -59.416738192031,-34.4017153644337 -59.4160856805844,-34.4017122518438 -59.416087559204,-34.4014418242718 -59.4154350499565,-34.4014387082334 -59.4154369306501,-34.4011682806807 -59.4151106771135,-34.4011667213723 -59.4151125588315,-34.4008962938232 -59.4144600539324,-34.400893172628 -59.4144619377243,-34.4006227450982 -59.4131569324253,-34.4006164923316 -59.4131550444356,-34.4008869197984 -59.4128287921243,-34.4008853544162 -59.4128269030599,-34.4011557818552 -59.4125006497242,-34.4011542155873 -59.4124987595852,-34.4014246429984 -59.4121725052252,-34.4014230758449 -59.4121687227725,-34.4019639305994 -59.4118424663387,-34.4019623625443 -59.411840574025,-34.4022327898877 -59.4115143165669,-34.4022312209468 -59.4115105297647,-34.4027720755659 -59.4111842702328,-34.4027705057234 -59.4111823757443,-34.403040932999 -59.410856115188,-34.4030393622708 -59.4108504284221,-34.4038506439778 -59.4111766921272,-34.4038522147535 -59.4111729029229,-34.4043930691961 -59.4118254346074,-34.4043962082007 -59.4118216495008,-34.4049370626582 -59.4121479174802,-34.404938630887 -59.4121441343721,-34.4054794853278 -59.4124704044762,-34.4054810527181 -59.412468513934,-34.4057514799362 -59.412794785113,-34.4057530464721 -59.4127910060526,-34.4062939009036 -59.4131172793562,-34.406295466601 -59.413115390838,-34.4065658938145 -59.4134416652165,-34.4065674586574 -59.4134397777229,-34.4068378858746 -59.4147448796876,-34.4068441366084 -59.414742996368,-34.4071145638763 -59.4150692729718,-34.4071161244002 -59.4150636260119,-34.4079274061788 -59.4153899057902,-34.4079289658796 -59.4153861431245,-34.4084698203698 -59.4157124250275,-34.4084713792318 -59.4157067839907,-34.4092826609235 -59.4153804989379,-34.4092811020144 -59.4153767360215,-34.4098219563839 -59.415050448894,-34.4098203965732 -59.4150485663482,-34.4100908237241 -59.4147222781958,-34.4100892630275 -59.414720394575,-34.4103596901506 -59.4143941053978,-34.410358128568 -59.4143978747142,-34.4098172743411 -59.4147241617915,-34.4098188358923 -59.4147260453622,-34.409548408745 -59.4150523314146,-34.4095499694102 -59.4150542139102,-34.4092795422351 -59.4147279289077,-34.4092779815856 -59.4147316959234,-34.4087371272307 -59.4144054130457,-34.4087355657424 -59.4144035285005,-34.4090059929102 -59.4134246768685,-34.409001303177 -59.4134265645633,-34.4087308760565 -59.4117951509295,-34.4087230425096 -59.4117932579852,-34.4089934695513 -59.4114669742841,-34.4089919002156 -59.4114650802647,-34.4092623272294 -59.411138795539,-34.4092607570077 -59.4111369004445,-34.4095311839937 -59.4108106146941,-34.409529612886 -59.4108087185243,-34.4098000398441 -59.4104824317493,-34.4097984678503 -59.4104805345044,-34.4100688947806 -59.4101542467047,-34.4100673219007 -59.410150450039,-34.4106081756933 -59.4088452906938,-34.410601875345 -59.4088471932391,-34.4103314485182 -59.4085209045162,-34.4103298712714 -59.4085285186438,-34.4092481639068 -59.4082022341459,-34.4092465858533 -59.408207947625,-34.4084353052507 -59.4078816663021,-34.4084337263747 -59.4078873827023,-34.4076224457113 -59.4075611045543,-34.4076208660128 -59.4075630110201,-34.4073504391167 -59.4065841798782,-34.4073456948481 -59.4065803606224,-34.4078865485326 -59.4062540815263,-34.4078849653376 -59.406250260069,-34.408425818942 -59.4059239788987,-34.408424234845 -59.4059201552399,-34.4089650883692 -59.4062464385099,-34.4089666724981 -59.4062407059802,-34.4097779527418 -59.4068932788961,-34.4097811184847 -59.4068913701018,-34.4100515452403 -59.4075439452193,-34.4100547075342 -59.4075363181875,-34.4111364145633 -59.4078626099843,-34.4111379944685 -59.4078416451012,-34.4141126879775 -59.4075153417535,-34.4141111078974 -59.4075077131969,-34.4151928142023 -59.4078340207453,-34.415194394346 -59.4078302084149,-34.4157352474578 -59.4081565180892,-34.415736826763 -59.4081546129361,-34.4160072533166 -59.408480923686,-34.4160088317673 -59.4084790195578,-34.4162792583248 -59.4091316432341,-34.4162824126465 -59.4091297411812,-34.4165528392236 -59.4094560541076,-34.4165544150947 -59.4094541530796,-34.4168248416757 -59.4097804670817,-34.4168264166922 -59.4097785670786,-34.4170968432769 -59.4101048821563,-34.4170984174388 -59.4101010841749,-34.4176392706038 -59.4104274013785,-34.4176408439268 -59.4104236053965,-34.4181816970752 -59.4107499247262,-34.4181832695595 -59.4107461307438,-34.4187241226912 -59.4110724521995,-34.4187256943367 -59.4110705562208,-34.4189961209002 -59.4113968787522,-34.4189976916909 -59.4113930888198,-34.4195385448135 -59.4117194134773,-34.4195401147653 -59.4117099434567,-34.4208922474395 -59.4120362733918,-34.4208938165997 -59.4120305942281,-34.4217050961067 -59.4123569273401,-34.4217066644437 -59.4123588193693,-34.4214362379377 -59.4126851514559,-34.4214378053883 -59.4126832604772,-34.4217082319101 -59.4130095936396,-34.4217097985059 -59.4130133734707,-34.4211689454186 -59.4133397045571,-34.4211705111123 -59.4133378157047,-34.4214409376777 -59.4136641478669,-34.4214425025165 -59.4136622600398,-34.4217129290856 -59.4139885932777,-34.4217144930696 -59.4139848196492,-34.422255346203 -59.4136584843102,-34.4222537821876 -59.4136565964077,-34.4225242087205 -59.4133302600432,-34.4225226438187 -59.413322703979,-34.4236043497666 -59.4136490445459,-34.4236059147314 -59.4136452684641,-34.4241467676644 -59.4139716111575,-34.42414833179 -59.4139697241295,-34.4244187582541 -59.4142960678988,-34.4244203215248 -59.4142941818963,-34.4246907479926 -59.4152732165069,-34.4246954326275 -59.4152713336315,-34.4249658591304 -59.4155976796026,-34.4249674189497 -59.415593915878,-34.4255082719506 -59.4159202639757,-34.4255098309306 -59.4159165022522,-34.4260506839146 -59.4155901520531,-34.4260491249033 -59.4155845061275,-34.4268604042417 -59.415258152801,-34.4268588443125 -59.4152543866236,-34.4273996971131 -59.4146016758425,-34.4273965745797 -59.4145997906145,-34.4276670009304 -59.4142734342107,-34.4276654383418 -59.4142715479067,-34.4279358646647 -59.413618833073,-34.4279327368436 -59.413616944642,-34.428203163123 -59.413290586212,-34.4282015978905 -59.413288696705,-34.4284720241421 -59.4126359778187,-34.4284688910331 -59.4126321945255,-34.429009743437 -59.4123058330183,-34.4290081755447 -59.4123020475223,-34.4295490278688 -59.4119756839385,-34.4295474590741 -59.4119718962397,-34.4300883113184 -59.4116455305792,-34.4300867416212 -59.4116417406774,-34.4306275937856 -59.4109890052282,-34.4306244517154 -59.4109909022937,-34.4303540256709 -59.4113172689547,-34.4303555971256 -59.4113248527601,-34.4292738927635 -59.410998490303,-34.429272321372 -59.4110079747458,-34.4279201907269 -59.4106816175685,-34.4279186185437 -59.4106835154321,-34.4276481923942 -59.4113362277102,-34.4276513358582 -59.4113419148442,-34.4268400572426 -59.4119946209184,-34.4268431971286 -59.4119984080115,-34.4263023445947 -59.4123247589848,-34.4263039132 -59.4123285438755,-34.4257630605862 -59.4120021950037,-34.4257614920125 -59.412005981895,-34.4252206393819 -59.4116796351499,-34.4252190699691 -59.4116815296084,-34.4249486436515 -59.4103761470838,-34.4249423573561 -59.4103742484224,-34.4252127836104 -59.4100479018037,-34.4252112098439 -59.4100460020662,-34.4254816360704 -59.4097196544221,-34.4254800614173 -59.4097177536086,-34.4257504876158 -59.4093914049391,-34.4257489120762 -59.4093895030495,-34.4260193382468 -59.4087368036849,-34.4260161845237 -59.4087329956265,-34.4265570367651 -59.4084066438808,-34.4265554585657 -59.4084104540407,-34.426014606356 -59.4080841044219,-34.4260130273176 -59.4080860105146,-34.4257426012106 -59.407759661972,-34.4257410213173 -59.4077634761826,-34.4252001690987 -59.4074371297669,-34.4251985883666 -59.4074390378848,-34.4249281622551 -59.4071126925452,-34.4249265806681 -59.4071203289653,-34.4238448761651 -59.4067939878539,-34.4238432937711 -59.4067997180538,-34.4230320153149 -59.4064733801197,-34.4230304320981 -59.4064752911861,-34.4227600059378 -59.4045172704208,-34.4227504884489 -59.4045191877652,-34.4224800623723 -59.4058245306377,-34.4224864107836 -59.4058264437542,-34.422215984631 -59.4061527784855,-34.4222175695413 -59.406154690526,-34.4219471433608 -59.4071336917211,-34.4219518928202 -59.4071375094223,-34.4214110403272 -59.4074638411038,-34.4214126217073 -59.4074771949036,-34.4195196374905 -59.4071508705755,-34.4195180562218 -59.4071527792099,-34.4192476298727 -59.4068264559576,-34.4192460477494 -59.406828365617,-34.4189756214042 -59.4065020434406,-34.4189740384263 -59.406503954125,-34.4187036120849 -59.4058513119494,-34.4187004435495 -59.4058532247091,-34.4184300172279 -59.4055269047099,-34.4184284316704 -59.4055288184944,-34.4181580053527 -59.4052024995711,-34.4181564189407 -59.4052063291644,-34.4176155663011 -59.4048800123673,-34.4176139790505 -59.4048819281759,-34.4173435527286 -59.4045556124547,-34.4173419646235 -59.4045594460961,-34.4168011119754 -59.404233132501,-34.4167995230318 -59.4042388859223,-34.4159882440171 -59.4039125755036,-34.4159866542511 -59.4039164130904,-34.4154458015462 -59.4035901047978,-34.4154442109418 -59.403592024603,-34.4151737845873 -59.4032657173862,-34.4151721931285 -59.4032714797991,-34.4143609140405 -59.4029451757584,-34.4143593217594 -59.4029490193393,-34.4138184690058 -59.4032753212797,-34.4138200612549 -59.4032791626579,-34.4132792084209 -59.4036054625237,-34.4132807997675 -59.4036112212488,-34.412469520378 -59.4039375179899,-34.4124711108064 -59.4039528650645,-34.4103076984418 -59.4036265767235,-34.4103061081415 -59.4036380922552,-34.4086835484572 -59.4039643742967,-34.4086851386614 -59.4039701285677,-34.4078738586083 -59.4042964074852,-34.4078754478943 -59.4042983244746,-34.4076050211698 -59.4039720466069,-34.4076034318997 -59.4039739646205,-34.4073330051791 -59.4023425809148,-34.4073250458567 -59.4023445041519,-34.4070546192042 -59.402670779792,-34.4070562127929 -59.4026727019537,-34.4067857861122 -59.4036515258784,-34.4067905616095 -59.4036534448651,-34.4065201348687 -59.4039797185081,-34.406521724945 -59.4039816364195,-34.4062512981761 -59.4043079090383,-34.4062528873662 -59.4043098258744,-34.4059824605692 -59.404636097469,-34.4059840488733 -59.4046456760179,-34.4046319146276 -59.4049719423896,-34.4046335019816 -59.4049700277805,-34.4049039288709 -59.4059488301975,-34.4049086857606 -59.4059507416575,-34.4046382588235 -59.4072558077047,-34.4046445890986 -59.4072577149407,-34.4043741620857 -59.4075839804664,-34.4043757424635 -59.4075858866273,-34.4041053154226 -59.4079121511288,-34.4041068949144 -59.4079140562146,-34.4038364678455 -59.4082403196918,-34.4038380464514 -59.4082422237027,-34.4035676193546 -59.4085684861557,-34.4035691970746 -59.408572292002,-34.403028342813 -59.4088985523812,-34.4030299196313 -59.4089004542167,-34.4027594924665 -59.4092267135717,-34.4027610683989 -59.4092305150677,-34.4022202140014 -59.4095567723488,-34.4022217890321 -59.4095586720093,-34.4019513617994 -59.4098849282662,-34.4019529359443 -59.4098868268518,-34.4016825086837 -59.4102130820846,-34.4016840819428 -59.4102168770809,-34.4011432273537 -59.4105431302399,-34.4011447997112 -59.4105469230361,-34.4006039450422 -59.4108731741215,-34.4006055164981 -59.4108769647178,-34.4000646617492 -59.4112032137295,-34.4000662323035 -59.4112126845311,-34.3987140951411 -59.4108864407664,-34.3987125246658 -59.4108921260924,-34.3979012422709 -59.410565885501,-34.3978996709732 -59.4105696776907,-34.3973588160146 -59.4102434392231,-34.3973572438787 -59.4102472334103,-34.3968163889035 -59.4099209970666,-34.3968148159294 -59.4099247932512,-34.3962739609376 -59.4095985590312,-34.3962723871254 -59.409602357213,-34.3957315321171 -59.4092761251168,-34.3957299574668 -59.4092742249894,-34.3960003849612 -59.4086217587745,-34.3959972330197 -59.4086198565233,-34.3962676604703 -59.4082936224046,-34.3962660831791 -59.4082917190788,-34.3965365106017 -59.4079654839363,-34.3965349324248 -59.4079635795359,-34.3968053598194 -59.4076373433695,-34.3968037807568 -59.4076335323939,-34.3973446354782 -59.4073072941544,-34.397343055514 -59.4073053875792,-34.3976134828407 -59.4069791483158,-34.3976119019908 -59.4069715175636,-34.3986936111132 -59.4066452741283,-34.3986920293297 -59.4066376387718,-34.3997737381953 -59.4063113911645,-34.3997721554783 -59.4063094812123,-34.4000425826486 -59.405983232581,-34.4000409990458 -59.4059813215539,-34.4003114261881 -59.4056550718986,-34.4003098416994 -59.4056531597966,-34.4005802688136 -59.4053269091174,-34.4005786834391 -59.4053192562568,-34.4016603917117 -59.4046667465789,-34.401657218225 -59.4046686619313,-34.4013867912069 -59.4043424081801,-34.4013852031747 -59.4043404917782,-34.4016556301768 -59.4040142370031,-34.4016540412586 -59.4040161544545,-34.4013836142725 -59.4033636470799,-34.4013804338582 -59.4033617275295,-34.4016508608123 -59.4027092181582,-34.4016476768863 -59.4027015313046,-34.4027293844539 -59.4030277901756,-34.402730976916 -59.4030258694477,-34.4030014037937 -59.4033521293938,-34.4030029954018 -59.4033463702055,-34.4038142760107 -59.4026938440412,-34.4038110918283 -59.4026957658954,-34.4035406650028 -59.4023695039013,-34.4035390716226 -59.4023675809974,-34.4038094984321 -59.4020413179794,-34.4038079041658 -59.4020432419329,-34.4035374773724 -59.40171697999,-34.4035358822522 -59.4017150549869,-34.4038063090295 -59.4013887920201,-34.4038047130232 -59.4013868659417,-34.4040751397725 -59.401060601951,-34.4040735428801 -59.4010586747973,-34.4043439696012 -59.4007324097826,-34.4043423718226 -59.4007266250184,-34.4051536518652 -59.4010528931821,-34.405155249692 -59.4010490386436,-34.4056961030255 -59.4013753089324,-34.4056977000144 -59.4013733826743,-34.4059681266791 -59.4020259254283,-34.4059713180786 -59.402024001244,-34.4062417447634 -59.4016977288045,-34.4062401494826 -59.4016958035448,-34.4065105761393 -59.4020220770341,-34.4065121714361 -59.4020201527986,-34.4067825980968 -59.401367603746,-34.4067794066009 -59.4013695300811,-34.4065089799724 -59.4007169832308,-34.4065057850281 -59.4007189116397,-34.4062353584197 -59.4000663669917,-34.4062321600273 -59.4000702279314,-34.4056913068386 -59.3997439577454,-34.4056897063694 -59.3997574775714,-34.4037967199415 -59.4000837404097,-34.4037983202979 -59.4000798798302,-34.4043391736555 -59.4004061447935,-34.4043407731741 -59.4004119324753,-34.4035294930712 -59.4007381943155,-34.4035310916714 -59.4007420505422,-34.4029902381769 -59.4010683103089,-34.402991835875 -59.4010798720753,-34.4013692750053 -59.4014061255705,-34.401370871737 -59.4014138287033,-34.4002891641848 -59.401087579406,-34.4002875675175 -59.4010895061745,-34.4000171406153 -59.4007632579523,-34.4000155430941 -59.4007651857445,-34.399745116196 -59.4004389385974,-34.399743517821 -59.4004408674134,-34.3994730909269 -59.4001146213414,-34.3994714916981 -59.4001184809949,-34.3989306379059 -59.3997922370474,-34.3989290378394 -59.3997941678849,-34.3986586109413 -59.3991416821658,-34.398655408231 -59.3991397492296,-34.3989258350969 -59.3988135053593,-34.3989242324209 -59.3988154393449,-34.3986538055711 -59.3984891965497,-34.3986522020414 -59.3984872615148,-34.398922628875 -59.3981610176961,-34.3989210244592 -59.3981629537804,-34.3986505976418 -59.3978367110368,-34.3986489923724 -59.3978405852267,-34.3981081387335 -59.3975143446076,-34.3981065326266 -59.3975182207928,-34.3975656789718 -59.3978444593133,-34.3975672850465 -59.3978463963178,-34.3972968581848 -59.3975201588467,-34.3972952521263 -59.3975220968747,-34.3970248252688 -59.3978483332966,-34.3970264313111 -59.3978502702496,-34.3967560044253 -59.398176505648,-34.3967576095816 -59.3981784415259,-34.3964871826676 -59.3985046759009,-34.396488786938 -59.3985104802321,-34.3956775060751 -59.3981842490048,-34.3956759018531 -59.3981861847795,-34.3954054748908 -59.3985124149576,-34.3954070790966 -59.3985143496574,-34.3951366521061 -59.3978618914251,-34.3951334428571 -59.3978638281974,-34.3948630158868 -59.3981900562514,-34.39486462093 -59.3981919919487,-34.3945941939315 -59.3978657649438,-34.3945925889045 -59.3978715750283,-34.393781307885 -59.3981977988859,-34.3937829128636 -59.3982055411075,-34.392701204604 -59.3995104200105,-34.3927076155634 -59.3995123513053,-34.3924371884037 -59.3998385700463,-34.3924387889533 -59.3998405002664,-34.3921683617655 -59.4001667179842,-34.3921699614294 -59.4001686471295,-34.3918995342134 -59.400494863824,-34.3919011329915 -59.4004967918946,-34.3916307057474 -59.4011492232626,-34.3916339006625 -59.4011511492096,-34.3913634733742 -59.4014773638831,-34.3913650695112 -59.4014792887554,-34.3910946421947 -59.4018055024057,-34.3910962374461 -59.4018074262034,-34.3908258101015 -59.4021336388303,-34.3908274044672 -59.402137484251,-34.3902865497097 -59.4024636948057,-34.3902881431737 -59.402467538026,-34.3897472883358 -59.4021413295691,-34.3897456949039 -59.4021470973541,-34.3889344126046 -59.4018208920695,-34.3889328183513 -59.4018228156621,-34.3886623909101 -59.4014966114519,-34.3886607958032 -59.4015004606578,-34.3881199409168 -59.4011742585709,-34.3881183449726 -59.4011761841842,-34.3878479175273 -59.4008499831718,-34.3878463207297 -59.4008519098082,-34.3875758932884 -59.4005257098703,-34.3875742956373 -59.4005295651636,-34.3870334407508 -59.4002033673488,-34.3870318422624 -59.4002052960057,-34.3867614148172 -59.3998790992654,-34.3867598154754 -59.3998810289453,-34.3864893880342 -59.3989024420249,-34.3864845848404 -59.3989005091988,-34.3867550122333 -59.3982481159499,-34.3867518057246 -59.3982461810006,-34.3870222330731 -59.3975937857573,-34.3870190230542 -59.3975918486847,-34.3872894503583 -59.3972656500531,-34.3872878440285 -59.3972637119059,-34.3875582713044 -59.3969375122513,-34.3875566640889 -59.3969355730295,-34.3878270913365 -59.3966093723519,-34.3878254832353 -59.3966074320555,-34.3880959104547 -59.396281230355,-34.3880943014679 -59.3962792889839,-34.388364728659 -59.395626883563,-34.3883615080443 -59.3956249400684,-34.3886319351909 -59.395298736348,-34.3886303235631 -59.3952967917786,-34.3889007506814 -59.3946443823178,-34.3888975247847 -59.3946365953903,-34.3899792330074 -59.3949628043032,-34.3899808464555 -59.3949608585553,-34.3902512734972 -59.3952870685431,-34.390252886092 -59.3952851238182,-34.3905233131379 -59.3949589127816,-34.3905217005269 -59.3949569669819,-34.3907921275445 -59.3946307549222,-34.3907905140477 -59.3946249142206,-34.3916017949793 -59.39429869904,-34.3916001805641 -59.3942948030112,-34.3921410344257 -59.3939685857586,-34.3921394191084 -59.3939627383736,-34.3929506997615 -59.3936365179999,-34.3929490835257 -59.3936345677705,-34.3932195103696 -59.3933083463737,-34.393217893248 -59.3933063950693,-34.3934883200635 -59.3929801726495,-34.3934867020559 -59.3929762678645,-34.3940275556183 -59.3926500433725,-34.3940259367083 -59.3926422292937,-34.3951076436231 -59.3923160006312,-34.3951060237782 -59.3923120913372,-34.3956468771305 -59.3919858606024,-34.3956452563833 -59.3919741258,-34.3972678160526 -59.3913216518178,-34.397264571753 -59.3913255677199,-34.3967237186435 -59.3909993328665,-34.3967220952217 -59.3910130450463,-34.3948291090725 -59.3906868175633,-34.3948274848954 -59.3906907371923,-34.3942866316339 -59.3903645118337,-34.3942850066198 -59.3903625509832,-34.3945554332402 -59.3897100982462,-34.39455218057 -59.3897081352712,-34.3948226071456 -59.3884032259147,-34.3948160913031 -59.388401258717,-34.395086517801 -59.3870963455833,-34.3950799879773 -59.3870983169776,-34.3948095615451 -59.386772089809,-34.3948079269313 -59.3867740622262,-34.3945375005035 -59.386447836133,-34.3945358650365 -59.386449809573,-34.3942654386131 -59.3861235845552,-34.3942638022928 -59.386125559018,-34.3939933758738 -59.3857993350757,-34.3939917387003 -59.3858013105612,-34.3937213122857 -59.3854750876943,-34.393719674259 -59.3854770642026,-34.3934492478488 -59.3851508424111,-34.3934476089689 -59.3851528199422,-34.3931771825631 -59.3854790406846,-34.3931788214265 -59.3854810171403,-34.3929083949922 -59.3861334566061,-34.392911670077 -59.3861314822486,-34.3931820965443 -59.3867839239177,-34.3931853681834 -59.386781951632,-34.3934557946716 -59.3874343955044,-34.393459062865 -59.3874324252906,-34.393729489374 -59.3884110944434,-34.3937343851907 -59.38841306151,-34.3934639586325 -59.3890655056448,-34.3934672181291 -59.3890674705871,-34.3931967915259 -59.3897199127285,-34.393200047511 -59.3897238383383,-34.3926591942029 -59.3900500573502,-34.3926608208583 -59.3900520190669,-34.3923903941697 -59.3903782370559,-34.392392019939 -59.3903801976974,-34.3921215932221 -59.3910326316557,-34.392124842119 -59.3910345901731,-34.3918544153572 -59.3913608061424,-34.391856038485 -59.3913627635847,-34.3915856116948 -59.3916889785311,-34.3915872339365 -59.3916909348983,-34.3913168071179 -59.3920171488219,-34.3913184284737 -59.3920210593802,-34.3907775747678 -59.3923472712319,-34.3907791952213 -59.3923492254231,-34.3905087683339 -59.3926754362519,-34.3905103879016 -59.3926793424582,-34.3899695340579 -59.3930055512152,-34.3899711527234 -59.3930114071829,-34.3891598718185 -59.3933376128194,-34.3891614895656 -59.3933454162168,-34.3880797814583 -59.3936716176839,-34.3880813982707 -59.3936735674195,-34.3878109711974 -59.3939997678638,-34.3878125871241 -59.3940036651594,-34.3872717329088 -59.3946560619308,-34.3872749620885 -59.3946580084422,-34.3870045349303 -59.3949842058181,-34.3870061481997 -59.3949861512548,-34.3867357210131 -59.3953123476079,-34.3867373333968 -59.3953142919699,-34.386466906182 -59.3956404873002,-34.38646851768 -59.3956424305876,-34.3861980904368 -59.395968624895,-34.3861997010492 -59.3959705671079,-34.3859292737777 -59.3962967603925,-34.3859308835045 -59.3962987015308,-34.3856604562047 -59.3966248937926,-34.3856620650458 -59.3966268338563,-34.3853916377178 -59.3969530250953,-34.3853932456733 -59.3969569030479,-34.3848523909487 -59.3972830922155,-34.3848539980024 -59.3972850301044,-34.3845835706058 -59.3976112182491,-34.3845851767739 -59.3976131550636,-34.3843147493491 -59.3979393421856,-34.3843163546316 -59.3979412779256,-34.3840459271786 -59.3982674640248,-34.3840475315756 -59.3982713333303,-34.383506676601 -59.3979451493283,-34.3835050722363 -59.3979528918242,-34.3824233622069 -59.3976267120421,-34.3824217570375 -59.3976286486501,-34.3821513295161 -59.3973024699423,-34.3821497234935 -59.3973005322859,-34.3824201509987 -59.3966481728508,-34.3824169363132 -59.3966462330715,-34.382687363774 -59.3956676909674,-34.3826825351772 -59.3956696338923,-34.3824121077651 -59.3963219931721,-34.3824153276665 -59.3963258747502,-34.3818744727412 -59.3969782299395,-34.3818776891005 -59.3969801685928,-34.3816072615874 -59.3973063451778,-34.3816088684469 -59.3973082827568,-34.3813384409055 -59.3976344583191,-34.3813400468796 -59.3976383313028,-34.3807991917283 -59.3973121578373,-34.3807975857865 -59.3973179702645,-34.3799863030175 -59.3969917999701,-34.379984696255 -59.3969956768891,-34.3794438410477 -59.3953648362885,-34.3794357943587 -59.3953628926001,-34.3797062218874 -59.3930797095091,-34.3796949199016 -59.3930777584562,-34.3799653473044 -59.3924254185672,-34.3799621103099 -59.3924234653915,-34.3802325376681 -59.3920972944377,-34.3802309178507 -59.3920953401876,-34.3805013451804 -59.3917691682114,-34.3804997244775 -59.3917652575362,-34.3810405790681 -59.3914390834893,-34.3810389574633 -59.3914351706129,-34.381579811973 -59.3911089944951,-34.3815781894662 -59.3911070369694,-34.3818486166866 -59.3907808598293,-34.3818469932941 -59.3907769426025,-34.3823878476661 -59.3897984050478,-34.3823829721747 -59.3898042902851,-34.3815716907459 -59.3901304662985,-34.3815733167299 -59.3901324269435,-34.3813028895464 -59.3904586019345,-34.3813045146448 -59.3904683995256,-34.3799523784647 -59.3901422297767,-34.3799507534481 -59.3901441902649,-34.3796803261923 -59.38916568432,-34.3796754459763 -59.3891676479272,-34.3794050187575 -59.3878629778938,-34.3793984996994 -59.3878649456682,-34.3791280725341 -59.3865602802477,-34.3791215396342 -59.38655830828,-34.3793919667337 -59.3859059736308,-34.3793886950355 -59.3859039995401,-34.37965912209 -59.3855778312066,-34.3796574849206 -59.3855798063456,-34.3793870578826 -59.3852536390868,-34.3793854198605 -59.3852516628994,-34.379655846882 -59.3849254946185,-34.3796542079741 -59.3849235173564,-34.379924634967 -59.3845973480536,-34.3799229951734 -59.384599326364,-34.379652568197 -59.3826423173912,-34.3796427112808 -59.3826403327906,-34.379913138158 -59.381987994581,-34.3799098455323 -59.3819860078572,-34.3801802723642 -59.3816598377438,-34.3801786247309 -59.3816518863901,-34.3812603318715 -59.3819780606971,-34.3812619795711 -59.3819721000491,-34.3820732598495 -59.3816459225966,-34.3820716121001 -59.3816379705011,-34.3831533189026 -59.3813117888811,-34.3831516702176 -59.3813097997425,-34.3834220968714 -59.381962165106,-34.3834253934055 -59.3819601780379,-34.3836958200804 -59.3796768923899,-34.3836842668813 -59.3796788867978,-34.3834138403226 -59.3790265218059,-34.3834105316177 -59.3790285182844,-34.3831401050803 -59.3787023368769,-34.3831384494405 -59.3787003393499,-34.3834088759613 -59.3783741569205,-34.3834072194354 -59.378376155496,-34.3831367929314 -59.3780499741418,-34.3831351355529 -59.3780519737392,-34.3828647090535 -59.3767472527829,-34.382858070913 -59.3767452489914,-34.3831284973456 -59.3764190677706,-34.3831268356205 -59.3764170629038,-34.3833972620243 -59.3760908806612,-34.383395599413 -59.3760788446082,-34.3850181574819 -59.3764050331423,-34.3850198201936 -59.3764010230081,-34.38556067282 -59.3767272136663,-34.3855623346958 -59.3767252096077,-34.3858327610076 -59.3770514013412,-34.3858344220307 -59.3770473952414,-34.3863752746516 -59.377373589099,-34.3863769348387 -59.3773715870577,-34.3866473611478 -59.3793287570554,-34.3866573041119 -59.3793267612798,-34.386927730509 -59.3796529574213,-34.3869293846433 -59.379646973081,-34.3877406638121 -59.3799731723954,-34.3877423171268 -59.3799711786109,-34.3880127435089 -59.3796449782478,-34.3880110901775 -59.3796409885015,-34.3885519428722 -59.3799671909622,-34.3885535962369 -59.3799632032072,-34.3890944489166 -59.3802894077921,-34.389096101445 -59.3802874149236,-34.3893665277834 -59.380613620584,-34.3893681794589 -59.3806116287378,-34.3896386058018 -59.3812640422358,-34.3896419065775 -59.3812620524608,-34.3899123329416 -59.3832192998842,-34.389922214499 -59.383217316376,-34.3901926409505 -59.3835435254214,-34.3901942848498 -59.3835395604236,-34.3907351377496 -59.3841919827892,-34.3907384230057 -59.3841900023486,-34.3910088494706 -59.3845162146199,-34.3910104908108 -59.3845142352018,-34.3912809172801 -59.3848404485485,-34.3912825577672 -59.384838470153,-34.391552984241 -59.384186041388,-34.3915497023641 -59.3841840608682,-34.3918201287928 -59.3838578454763,-34.3918184865334 -59.3838558638811,-34.3920889129335 -59.3825509983819,-34.3920823351335 -59.3825490125642,-34.3923527614552 -59.3822227952065,-34.3923511148146 -59.3822188213938,-34.3928919673888 -59.3818926019645,-34.3928903198453 -59.3818906139694,-34.3931607460977 -59.3815643935176,-34.393159097668 -59.3815604153497,-34.3936999501033 -59.3812341928262,-34.3936983007708 -59.3812302124541,-34.3942391531246 -59.3815564370757,-34.3942408024904 -59.381554447899,-34.3945112286658 -59.3818806735962,-34.3945128771784 -59.3818826617238,-34.3942424509864 -59.3822088863984,-34.3942440986128 -59.3822108734504,-34.3939736723921 -59.3828633207809,-34.3939769650027 -59.382861335827,-34.3942473912565 -59.383187560581,-34.3942490362737 -59.3831855766499,-34.394519462532 -59.3835118024794,-34.3945211066962 -59.383509819571,-34.3947915329589 -59.3838360464761,-34.3947931762699 -59.3838320826781,-34.3953340287923 -59.384158311708,-34.3953356712666 -59.3841543499027,-34.3958765237737 -59.3838281187745,-34.3958748812664 -59.3838241547653,-34.3964157336922 -59.3834979215651,-34.396414090282 -59.3834999046321,-34.3961436640916 -59.3825212083378,-34.396138728692 -59.3825231945261,-34.3958683025393 -59.3818707325606,-34.3958650079573 -59.3818727208207,-34.3955945818257 -59.3815464909269,-34.3955929332466 -59.3815345546734,-34.3972154897557 -59.3812083185108,-34.3972138402072 -59.381204337449,-34.3977546922471 -59.3808780992143,-34.3977530417957 -59.3808761075943,-34.3980234677809 -59.3779399552351,-34.3980085744266 -59.3779419562987,-34.3977381485913 -59.378268194294,-34.3977398068711 -59.3782701942817,-34.397469381007 -59.3785964312543,-34.3974710384002 -59.3785984301661,-34.3972006125074 -59.378924666116,-34.3972022690142 -59.3789266639519,-34.3969318430926 -59.3795791338333,-34.3969351534634 -59.3795831252283,-34.3963943015174 -59.3792568923727,-34.3963926468002 -59.3792628824133,-34.3955813688406 -59.378936652732,-34.3955797133036 -59.3789426456805,-34.3947684352853 -59.3786164191732,-34.3947667789286 -59.378624413595,-34.3936850748019 -59.3782981913108,-34.3936834176422 -59.3783041899946,-34.3928721394703 -59.3779779708842,-34.3928704814911 -59.3779799714412,-34.3926000554263 -59.3773275353985,-34.3925967368923 -59.3773295380268,-34.3923263108489 -59.37635088731,-34.3923213265756 -59.3763468757325,-34.39286217855 -59.3760206567823,-34.3928605153528 -59.3760166429998,-34.3934013672454 -59.3756904219782,-34.3933997031451 -59.3756884139977,-34.3936701290565 -59.3753621919539,-34.3936684640697 -59.3753601828976,-34.3939388899523 -59.3750339598315,-34.3939372240791 -59.3750299395403,-34.3944780757746 -59.3747037144028,-34.3944764089981 -59.3747177922963,-34.3925834279703 -59.3750440100904,-34.3925850946293 -59.3750480300065,-34.3920442427648 -59.3747218143104,-34.3920425761393 -59.3747238252772,-34.3917721502057 -59.3734189669569,-34.391765475075 -59.3734209820928,-34.3914950491965 -59.3730947686287,-34.3914933782566 -59.3731008170221,-34.3906821005992 -59.3727746067318,-34.3906804288402 -59.37278065803,-34.3898691511246 -59.3721282438234,-34.3898658050989 -59.3721302629668,-34.3895953792033 -59.3718040569526,-34.3895937049029 -59.3718020367604,-34.3898641307817 -59.3714758297244,-34.389862455595 -59.3714717871613,-34.3904033072827 -59.3711455780544,-34.3904016311926 -59.3711435556836,-34.3906720570015 -59.3708173455547,-34.390670380025 -59.370815322108,-34.3909408058049 -59.3704891109573,-34.390939127942 -59.3704830373085,-34.3917504051585 -59.3701568230378,-34.3917487263752 -59.3701426429031,-34.393641706006 -59.3704688645169,-34.3936433849075 -59.3704607651852,-34.3947250873556 -59.3707869910224,-34.394726765455 -59.3707849671711,-34.3949971910537 -59.3711111940844,-34.3949988683003 -59.3711091712553,-34.3952692939038 -59.3717616272609,-34.3952726458216 -59.3717575857186,-34.3958134970599 -59.3720838158601,-34.3958151717479 -59.3720817960977,-34.3960855973658 -59.3724080273154,-34.3960872712009 -59.3724019710143,-34.3968985480327 -59.3730544398256,-34.3969018931947 -59.3730564565211,-34.3966314675625 -59.3737089233415,-34.3966348092118 -59.3737109379116,-34.3963643835339 -59.3740371703129,-34.3963660530371 -59.3740351567919,-34.3966364787318 -59.3743613902692,-34.396638147382 -59.3743573652453,-34.3971789987687 -59.3750098364773,-34.397182333527 -59.3750058155432,-34.3977231849325 -59.3756582910795,-34.3977265162787 -59.3756562826708,-34.3979969419969 -59.3759825215284,-34.397998606382 -59.3759805141422,-34.3982690321049 -59.3727181162797,-34.398252348944 -59.3727201341589,-34.3979819233891 -59.3717414184718,-34.3979769015298 -59.3717434394719,-34.3977064760134 -59.3714172020127,-34.3977048003376 -59.3714192240351,-34.3974343748259 -59.370440514967,-34.3974293426302 -59.3704384897967,-34.3976997680912 -59.3701122524454,-34.3976980889361 -59.3701102261988,-34.3979685143682 -59.3697839878252,-34.3979668343264 -59.3697799331525,-34.3985076851204 -59.3691274522891,-34.3985043223598 -59.3691254228136,-34.3987747477048 -59.3687991813731,-34.3987730650028 -59.368801211898,-34.3985026396747 -59.3684749715339,-34.3985009561198 -59.3684810660939,-34.3976896801138 -59.3681548289048,-34.39768799574 -59.368160926369,-34.3968767196762 -59.3678346923547,-34.3968750344834 -59.3678367258378,-34.3966046091216 -59.3675104928999,-34.396602923076 -59.3675145618832,-34.3960620723501 -59.3671883310707,-34.3960603854687 -59.3671964729087,-34.3949786839399 -59.36687024632,-34.3949769962568 -59.3668926456761,-34.3920023162428 -59.3672188607251,-34.3920040037391 -59.3672229308846,-34.3914631526364 -59.3675491438629,-34.3914648392292 -59.367553211816,-34.3909239880442 -59.3678794227234,-34.3909256737334 -59.3678855213031,-34.3901143968146 -59.3682117290909,-34.3901160815833 -59.3682157925775,-34.3895752302097 -59.3685419982947,-34.389576914075 -59.3685460595753,-34.3890360626192 -59.3688722632219,-34.389037745581 -59.3688783517933,-34.388226468256 -59.3692045523205,-34.3882281502975 -59.3692106375023,-34.3874168728128 -59.3695368349103,-34.3874185539341 -59.3695388622014,-34.3871481280648 -59.3692126658422,-34.3871464469605 -59.369214694155,-34.3868760210961 -59.3688884988716,-34.3868743391392 -59.3688905282061,-34.3866039132796 -59.3685643339984,-34.3866022304703 -59.3685663643546,-34.3863318046156 -59.3682401712226,-34.3863301209537 -59.3682422026004,-34.3860596951039 -59.3679160105442,-34.3860580105896 -59.3679180429436,-34.3857875847446 -59.3675918519632,-34.3857858993778 -59.3675938853841,-34.3855154735378 -59.3672676954795,-34.3855137873185 -59.3672717643373,-34.3849729356361 -59.366945576557,-34.3849712485815 -59.3670290072279,-34.3738837791416 -59.3673551520267,-34.3738854654999 -59.3673592185534,-34.3733446127789 -59.3676853612832,-34.3733462982342 -59.3676894256056,-34.3728054454309 -59.3680155662665,-34.3728071299834 -59.368017597339,-34.3725367035466 -59.368343736979,-34.3725383872131 -59.3683498268904,-34.3717271077796 -59.3686759634136,-34.3717287905262 -59.3686800211234,-34.3711879374763 -59.3690061555778,-34.3711896193201 -59.3690183217711,-34.3695670597788 -59.368692193604,-34.3695653780366 -59.3686982794792,-34.3687540981538 -59.3683721544825,-34.3687524155935 -59.3683782432577,-34.3679411356528 -59.3680521214312,-34.3679394522745 -59.3680602436103,-34.3668577455856 -59.3683863612459,-34.3668594288961 -59.3683904200778,-34.3663185754453 -59.3687165356451,-34.3663202578531 -59.3687205922734,-34.3657794043202 -59.3690467057725,-34.3657810858253 -59.3690507601975,-34.3652402322102 -59.3693768716284,-34.3652419128127 -59.3693910539321,-34.363348924661 -59.3697171580571,-34.3633506042763 -59.3697374057215,-34.3606463342926 -59.3700634993992,-34.3606480128703 -59.3700796872095,-34.3584845958788 -59.3717101141098,-34.3584929750626 -59.3716939681918,-34.3606563927292 -59.3720200620311,-34.3606580660952 -59.3720160273774,-34.3611989204249 -59.3716899314433,-34.3611972470252 -59.3716818576236,-34.3622789554722 -59.3713557575268,-34.3622772811364 -59.371349698737,-34.3630885622943 -59.3710235955247,-34.3630868870392 -59.3710175333502,-34.3638981680378 -59.3706914270223,-34.3638964918635 -59.3706792956607,-34.3655190534334 -59.3703531830743,-34.365517376289 -59.3703491369763,-34.3660582300153 -59.3700230223216,-34.3660565519683 -59.3700189740204,-34.3665974056125 -59.3696928572974,-34.3665957266629 -59.3696867815002,-34.3674070069879 -59.3700129013663,-34.3674086859882 -59.3700068284693,-34.3682199662553 -59.3703329515056,-34.3682216444374 -59.3703289048682,-34.3687624979222 -59.370655030027,-34.3687641752693 -59.3706530077157,-34.3690346020105 -59.3709791339492,-34.3690362785056 -59.3709771126587,-34.3693067052515 -59.3726077494691,-34.3693150747782 -59.3726037172855,-34.3698559284025 -59.372277587774,-34.3698542562013 -59.3722755705941,-34.3701246829785 -59.3726017011535,-34.3701263551965 -59.3725976688087,-34.3706672087484 -59.3729238014907,-34.3706688801312 -59.3729258166286,-34.3703984533445 -59.3742303434334,-34.3704051301193 -59.3742343652459,-34.3698642763752 -59.3745604949184,-34.369865943363 -59.3745685340305,-34.3687842356627 -59.3739162830947,-34.3687809009525 -59.3739223184341,-34.3679696201512 -59.3742484407453,-34.3679712878904 -59.3742584938695,-34.3666191528962 -59.3745846109689,-34.3666208196826 -59.3745866204657,-34.3663503926308 -59.3749127365443,-34.3663520585316 -59.3749087196193,-34.3668929126568 -59.3745826014454,-34.3668912467224 -59.3745785823179,-34.3674321007657 -59.3758830635557,-34.3674387594244 -59.3758850689419,-34.3671683323417 -59.3762111882705,-34.3671699948176 -59.3762131925824,-34.3668995677061 -59.37653931089,-34.3669012292965 -59.3765413141275,-34.3666308021562 -59.3768674314141,-34.3666324628609 -59.3768714357136,-34.3660916085107 -59.3771975509316,-34.3660932683132 -59.3771995519937,-34.3658228411033 -59.3775256661907,-34.3658245000204 -59.3775276661785,-34.3655540727816 -59.3778537793545,-34.3655557308132 -59.377855778268,-34.3652853035457 -59.3781818904231,-34.3652869606919 -59.3781838882624,-34.3650165333956 -59.3785099993964,-34.3650181896563 -59.3785119961615,-34.3647477623313 -59.3788381062746,-34.3647494177066 -59.3788401019655,-34.3644789903528 -59.3791662110576,-34.3644806448427 -59.3791682056744,-34.3642102174602 -59.3794943137455,-34.3642118710647 -59.3794983008042,-34.3636710162302 -59.3798244068068,-34.3636726689327 -59.3798283916641,-34.3631318140166 -59.3801544955983,-34.3631334658171 -59.3801664432483,-34.3615109006794 -59.3798403455988,-34.3615092489787 -59.3798443300313,-34.3609683938696 -59.3801704255859,-34.360970045537 -59.3801744078175,-34.3604291903462 -59.3798483143576,-34.3604275387121 -59.3798503064809,-34.3601571111152 -59.3801763988934,-34.3601587627328 -59.3801783899428,-34.3598883351072 -59.3805044813346,-34.3598899858395 -59.3805064713101,-34.3596195581853 -59.3808325616811,-34.3596212080324 -59.3808345505828,-34.3593507803494 -59.3811606399329,-34.3593524293114 -59.3811646155623,-34.3588115738761 -59.3818167901528,-34.3588148691279 -59.3818187758332,-34.3585444413589 -59.385079639899,-34.3585608653392 -59.3850776646913,-34.3588312932735 -59.3847515771187,-34.3588296547674 -59.3847476245298,-34.3593705105669 -59.3840954452746,-34.359367230883 -59.384093466846,-34.3596376587317 -59.3837673762106,-34.3596360175703 -59.3837653967083,-34.3599064453903 -59.383439305052,-34.3599048033439 -59.383437324476,-34.3601752311353 -59.3831112317987,-34.3601735882037 -59.3831072684727,-34.3607144437172 -59.3827811737271,-34.3607127998839 -59.3827791909772,-34.360983227606 -59.3824530952106,-34.3609815828876 -59.3824511113868,-34.361252010581 -59.3821250145993,-34.3612503649774 -59.3821150898465,-34.3626025031808 -59.3824411918712,-34.3626041488673 -59.3824372238799,-34.3631450040973 -59.382763328026,-34.3631466489483 -59.3827653109873,-34.3628762213228 -59.3834175172638,-34.3628795083856 -59.3834194981038,-34.3626090807148 -59.3843978045741,-34.3626140047443 -59.3843997822453,-34.3623435770119 -59.3847258834073,-34.3623452166012 -59.3847278600047,-34.3620747888403 -59.3850539601456,-34.3620764275444 -59.3850559356692,-34.3618059997548 -59.385382034789,-34.3618076375738 -59.3853840092389,-34.3615372097557 -59.3857101073376,-34.3615388466896 -59.385716027387,-34.3607275631134 -59.3860421223698,-34.3607291991292 -59.3860460668433,-34.3601883433185 -59.3863721597576,-34.3601899784327 -59.3863761020312,-34.3596491225407 -59.3867021928771,-34.3596507567534 -59.3867100729199,-34.3585690447589 -59.389318767118,-34.3585820866661 -59.3893128822602,-34.3593933710742 -59.3896389722947,-34.3593949974532 -59.389621325736,-34.3618288501732 -59.3892952262752,-34.3618272236467 -59.3892932643683,-34.36209765165 -59.3889671638862,-34.3620960242384 -59.3889691268405,-34.3618255962515 -59.388643027432,-34.3618239679877 -59.3886449914076,-34.3615535400052 -59.3870144999952,-34.3615453857385 -59.3870105615435,-34.3620862415273 -59.3876627622196,-34.3620895059056 -59.3876607950493,-34.3623599338148 -59.3873346936507,-34.3623583020435 -59.3873307571365,-34.3628991577928 -59.3870046536692,-34.36289752512 -59.3870026843252,-34.36316795296 -59.38732878884,-34.3631695856493 -59.3873248521685,-34.3637104413262 -59.3876509588046,-34.3637120731796 -59.387648991477,-34.3639825010164 -59.3879750991868,-34.3639841320176 -59.3879613344926,-34.365877126652 -59.3882874495619,-34.3658787568993 -59.3882835186515,-34.3664196124334 -59.3889357530593,-34.3664228703874 -59.3889220087161,-34.3683158646061 -59.3882697596402,-34.3683126064224 -59.3882776220896,-34.3672308956439 -59.3876253815005,-34.3672276341162 -59.3876293167588,-34.3666867787203 -59.3869770804653,-34.366683513783 -59.3869731410162,-34.3672243691132 -59.3866470208135,-34.3672227353084 -59.3866450500018,-34.367493162939 -59.3859928075797,-34.36748989269 -59.3859908346463,-34.3677603202756 -59.3856647124269,-34.3677586838314 -59.3856627384195,-34.3680291113884 -59.3853366151787,-34.3680274740589 -59.3853346400972,-34.3682979015873 -59.385008515835,-34.3682962633724 -59.3850045634974,-34.3688371183601 -59.3846784371659,-34.3688354792433 -59.3846744826274,-34.3693763341497 -59.3843483542267,-34.3693746941311 -59.384344397487,-34.3699155489561 -59.384018267017,-34.3699139080355 -59.3840143080762,-34.3704547627792 -59.3836881755368,-34.3704531209567 -59.3836743110774,-34.3723461120638 -59.3833481712289,-34.3723444692565 -59.3833501529931,-34.3720740420082 -59.383024014219,-34.3720723983485 -59.3830220314068,-34.3723428255802 -59.3826958916111,-34.3723411810349 -59.3826939077245,-34.372611608238 -59.3823677669073,-34.3726099628072 -59.3823598269044,-34.3736916714325 -59.3817075369653,-34.3736883778312 -59.3817035626129,-34.3742292320051 -59.3807251216145,-34.3742242849858 -59.3807370632185,-34.3726017226181 -59.3804109225602,-34.3726000719733 -59.380416896148,-34.3717887906763 -59.3794384837642,-34.3717838336777 -59.3794404780509,-34.3715134066045 -59.3791143416907,-34.3715117525503 -59.3791123463561,-34.3717821796068 -59.3781339342914,-34.3717772121806 -59.3781359327698,-34.371506785174 -59.3778097965161,-34.371505127644 -59.3778117960158,-34.3712347006421 -59.3774856608366,-34.3712330422598 -59.3774896618519,-34.3706921882532 -59.3771635287952,-34.3706905290354 -59.3771655303107,-34.3704201020307 -59.3768393983286,-34.3704184419607 -59.3768414008653,-34.3701480149606 -59.3761891390768,-34.3701446922473 -59.3761871344444,-34.3704151192139 -59.3758610025424,-34.3704134565371 -59.3758529795538,-34.3714951642159 -59.3755268434869,-34.3714935006032 -59.375524836625,-34.3717639274759 -59.3751986995369,-34.3717622629775 -59.3751966916003,-34.3720326898214 -59.3745444154085,-34.3720293581841 -59.3745424053493,-34.3722997849824 -59.3725855711296,-34.3722897691142 -59.3725875874766,-34.3720193424168 -59.372261449582,-34.3720176700808 -59.3722634669501,-34.3717472433881 -59.3719373301302,-34.3717455702 -59.3719393485194,-34.3714751435121 -59.3716132127744,-34.3714734694719 -59.3716152321845,-34.3712030427888 -59.3712890975143,-34.3712013678965 -59.3712870770563,-34.3714717945628 -59.3709609413651,-34.3714701187847 -59.3709548766854,-34.3722813986604 -59.3712810155204,-34.3722830744891 -59.3712769743619,-34.372823927713 -59.3716031153198,-34.3728256027065 -59.3716010957481,-34.3730960293171 -59.3719272377809,-34.3730977034585 -59.3719252192304,-34.3733681300739 -59.3722513623381,-34.3733698033631 -59.3722493448087,-34.3736402299833 -59.3725754889913,-34.3736419024204 -59.372573472483,-34.3739123290453 -59.3728996177406,-34.3739140006302 -59.3728976022535,-34.3741844272599 -59.3732237485859,-34.3741860979925 -59.3732217341201,-34.374456524627 -59.3735478815275,-34.3744581945074 -59.3735458680828,-34.3747286211466 -59.3738720165651,-34.3747302901747 -59.3738679916915,-34.3752711434506 -59.3741941422968,-34.3752728116433 -59.3741921308679,-34.3755432382799 -59.3745182825482,-34.3755449056203 -59.3745162721406,-34.3758153322616 -59.3748424248958,-34.3758169987496 -59.3748404155096,-34.3760874253957 -59.3751665693398,-34.3760890910314 -59.375164560975,-34.3763595176822 -59.3774476458719,-34.3763711529145 -59.3774496468995,-34.3761007261466 -59.3784281091111,-34.3761056995879 -59.3784261112281,-34.3763761264059 -59.3780999560827,-34.3763744694445 -59.3780979571248,-34.3766448962337 -59.3777718009579,-34.3766432383866 -59.3777698009251,-34.376913665147 -59.3774436437367,-34.376912006414 -59.377441642629,-34.3771824331457 -59.3771154844191,-34.3771807735269 -59.3771134822365,-34.3774512002298 -59.376787323005,-34.3774495397251 -59.3767853197475,-34.3777199663992 -59.3761329992681,-34.3777166427489 -59.3761309938874,-34.3779870693775 -59.3754786714184,-34.377983742217 -59.3754766639144,-34.3782541688 -59.3748243394559,-34.3782508381294 -59.3748223298286,-34.3785212646668 -59.3741700033806,-34.3785179304859 -59.3741720151044,-34.3782475039821 -59.3738458529689,-34.3782458356046 -59.3738478657142,-34.3779754091055 -59.3735217046537,-34.3779737398757 -59.3735257321603,-34.377432886875 -59.3731995732232,-34.3774312168096 -59.3732036027188,-34.3768903637942 -59.372877445905,-34.3768886928934 -59.3728794616607,-34.3766182663844 -59.3719009945252,-34.3766132485176 -59.3719030133986,-34.376342822047 -59.3709245496497,-34.3763377964088 -59.3709265716407,-34.3760673699768 -59.3706004181598,-34.3760656930427 -59.370602441172,-34.3757952666154 -59.3702762887662,-34.3757935888291 -59.3702783127996,-34.3755231624067 -59.3696260101652,-34.3755198042607 -59.3696280362679,-34.37524937786 -59.3693018860393,-34.3752476975003 -59.3692998588885,-34.375518123884 -59.3689737076388,-34.3755164426383 -59.3689716794129,-34.375786868993 -59.3686455271421,-34.3757851868613 -59.368643497841,-34.376055613187 -59.3683173445491,-34.3760539301692 -59.3683153141728,-34.3763243564659 -59.3679891598598,-34.376322672562 -59.3679850969296,-34.3768635250853 -59.3683112533389,-34.3768652090231 -59.3683092228814,-34.3771356352835 -59.3686353803661,-34.3771373183691 -59.3686333509297,-34.3774077446345 -59.3696118266905,-34.3774127887272 -59.3696098003718,-34.3776832150313 -59.3705882795203,-34.3776882513524 -59.3705842330914,-34.3782291040257 -59.3702580712518,-34.3782274260873 -59.3702540226185,-34.3787682786786 -59.369601694827,-34.3787649201267 -59.3695996683732,-34.3790353463704 -59.3692735034697,-34.3790336657738 -59.3692714759406,-34.3793040919884 -59.3689453100158,-34.3793024105057 -59.3689432814113,-34.3795728366914 -59.3686171144652,-34.3795711543225 -59.3686029061386,-34.3814641371654 -59.3689290804235,-34.3814658196529 -59.3689270516028,-34.3817362457419 -59.3692532269631,-34.3817379273771 -59.3692491713375,-34.3822787795528 -59.3695753488218,-34.3822804603525 -59.3695692683262,-34.3830917385763 -59.3698954489831,-34.3830934185574 -59.3698913972813,-34.3836342706801 -59.3702175800622,-34.3836359498257 -59.3702155552194,-34.3839063758858 -59.3705417390759,-34.3839080541789 -59.3705397152546,-34.3841784802439 -59.3708659001866,-34.3841801576846 -59.370863877387,-34.3844505837543 -59.3711900633945,-34.3844522603425 -59.3711880416165,-34.3847226864171 -59.3715142286996,-34.3847243621528 -59.3715122079433,-34.3849947882321 -59.3718383961019,-34.3849964631153 -59.3718363763673,-34.3852668891994 -59.3721625656014,-34.3852685632301 -59.3721605468886,-34.385538989319 -59.3724867371983,-34.385540662497 -59.3724847195072,-34.3858110885907 -59.3734632937435,-34.385816102959 -59.3734653082887,-34.3855456768149 -59.3737914987058,-34.3855473465153 -59.3737935121755,-34.3852769203423 -59.3741197015708,-34.3852785891565 -59.374121713965,-34.3850081629546 -59.3744479023386,-34.3850098308826 -59.3744499136574,-34.3847394046518 -59.3747761010091,-34.3847410716937 -59.374780121469,-34.3842002191623 -59.3744539362144,-34.384198552154 -59.3744559474528,-34.383928125887 -59.3741297632736,-34.3839264580262 -59.3741398243059,-34.3825743265939 -59.3744660032424,-34.3825759943708 -59.3744700253707,-34.3820351416798 -59.374796202237,-34.3820368085538 -59.3747982122125,-34.3817663821734 -59.3754505639286,-34.3817697132801 -59.3754525717804,-34.381499286854 -59.3761049215066,-34.38150261445 -59.3761069272347,-34.3812321879784 -59.3764331010895,-34.3812338504557 -59.3764351057425,-34.3809634239553 -59.3767612785756,-34.3809650855466 -59.3767632821534,-34.3806946590174 -59.3774156258028,-34.3806979795588 -59.3774176272572,-34.3804275529841 -59.3780699689165,-34.3804308700151 -59.3780719682475,-34.3801604433949 -59.3783981380687,-34.3801621005898 -59.3784001363246,-34.3798916739409 -59.3787263051241,-34.3798933302499 -59.3787283023051,-34.3796229035722 -59.3790544700828,-34.3796245589953 -59.3790564661888,-34.3793541322889 -59.3793826329448,-34.3793557868261 -59.3793846279759,-34.3790853600909 -59.3797107937102,-34.3790870137423 -59.3797127876663,-34.3788165869784 -59.3800389523788,-34.3788182397439 -59.3800409452601,-34.3785478129513 -59.3803671089509,-34.378549464831 -59.3803710925372,-34.3780086111763 -59.3829803862457,-34.3780217946576 -59.3829823696129,-34.3777513676794 -59.3833085303973,-34.3777530116867 -59.3833065480784,-34.3780234386814 -59.3836327099375,-34.3780250818361 -59.3836307286404,-34.3782955088354 -59.3842830545343,-34.3782987925703 -59.3842850337348,-34.378028365538 -59.3846111956731,-34.3780300060852 -59.384613173799,-34.3777595790243 -59.3849393347153,-34.3777612186858 -59.3849373576377,-34.3780316457632 -59.3852635196287,-34.3780332845721 -59.3852654956581,-34.3777628574782 -59.3855916566271,-34.3777644954013 -59.385589681646,-34.3780349225117 -59.3888513032644,-34.3780512541037 -59.3888493387398,-34.3783216813665 -59.3901539923142,-34.3783281897319 -59.3901520319566,-34.3785986170481 -59.3921090193915,-34.3786083536186 -59.3921109734593,-34.3783379262043 -59.3934156280771,-34.3783443998022 -59.3934175779257,-34.3780739723107 -59.3947222287661,-34.3780804319365 -59.3947241743957,-34.3778100043679 -59.3950503361224,-34.3778116170852 -59.3950542252072,-34.3772707618793 -59.3953803848633,-34.3772723736949 -59.3953823283185,-34.3770019460576 -59.3957084869523,-34.3770035569879 -59.3957104293335,-34.3767331293223 -59.3960365869449,-34.3767347393672 -59.3960404695332,-34.3761938839674 -59.3963666250741,-34.3761954931108 -59.3963705054625,-34.3756546376303 -59.396044352018,-34.3756530285193 -59.3960579398997,-34.3737600340711 -59.3957317938178,-34.3737584242045 -59.3957337358884,-34.3734879963941 -59.3947553009421,-34.3734831616288 -59.3947533557274,-34.3737535893905 -59.3931226260953,-34.3737455139864 -59.3931245765503,-34.373475086306 -59.392146142227,-34.3734702306839 -59.3921441886279,-34.3737406583155 -59.3908396057027,-34.373734171921 -59.3908415634939,-34.3734637443548 -59.3892108406648,-34.3734556168902 -59.3892128036701,-34.3731851893937 -59.3888866602307,-34.3731835613101 -59.388888624258,-34.3729131338181 -59.3914977641206,-34.3729261340235 -59.3914997197376,-34.3726557063885 -59.3918258612898,-34.3726573274873 -59.3918239067208,-34.3729277551386 -59.3934546201126,-34.3729358476791 -59.3934565694415,-34.3726654199462 -59.3941088528842,-34.3726686508468 -59.3941108000912,-34.3723982230693 -59.3947630815416,-34.3724014504613 -59.3947650266267,-34.3721310226393 -59.3954173060849,-34.3721342465229 -59.3954211919854,-34.3715933907777 -59.3957473296575,-34.3715950013835 -59.3957550969561,-34.3705132896834 -59.3960812304623,-34.3705148993555 -59.3960928743469,-34.3688923313461 -59.3964190015919,-34.368893940052 -59.3964228805842,-34.36835308392 -59.3960967554348,-34.3683514752464 -59.3961006364193,-34.3678106190985 -59.3964267594732,-34.3678122277396 -59.3964286988789,-34.3675417996314 -59.3961025768728,-34.3675401910064 -59.3961064577021,-34.3669993347861 -59.3964325776127,-34.3670009433786 -59.3964364562432,-34.3664600870776 -59.3961103384279,-34.3664584785175 -59.3961355606248,-34.3629429115953 -59.3958094564541,-34.3629413023771 -59.3958113974896,-34.362670874084 -59.3954852943922,-34.3626692640133 -59.3954872364493,-34.3623988357244 -59.3951611344253,-34.3623972248012 -59.395163077504,-34.3621267965165 -59.3948369765534,-34.3621251847409 -59.3948389206536,-34.3618547564603 -59.3945128207763,-34.3618531438323 -59.3945147658981,-34.3615827155559 -59.3941886670942,-34.3615811020755 -59.394186720925,-34.3618515303356 -59.3938606210996,-34.3618499159703 -59.3938625683162,-34.3615794877264 -59.392558173464,-34.3615730216436 -59.3925601248443,-34.3613025934527 -59.3932123201237,-34.3613058281989 -59.3932142693832,-34.3610353999634 -59.3945186560638,-34.3610418589669 -59.3945225461259,-34.3605010023297 -59.3951747354322,-34.3605042265548 -59.3951766783296,-34.3602337981856 -59.3958288656449,-34.3602370189037 -59.3958308064217,-34.35996659049 -59.3961568990707,-34.35996819953 -59.3961665973302,-34.3586160571995 -59.3994274728746,-34.3586320990186 -59.3994255437473,-34.3589025276704 -59.3997516324906,-34.3589041270913 -59.3997477762535,-34.3594449843909 -59.4000738671172,-34.3594465829755 -59.4000719400073,-34.3597170116234 -59.4007241239064,-34.359720206219 -59.4007221988656,-34.3599906348869 -59.401374384962,-34.3599938260403 -59.4013724619903,-34.3602642547283 -59.4020246502839,-34.3602674424394 -59.4020227293813,-34.3605378711475 -59.4026749198721,-34.3605410554162 -59.4026730010386,-34.3608114841443 -59.4029990973698,-34.3608130749918 -59.4029971795582,-34.3610835037238 -59.4033232769623,-34.3610850937186 -59.4033213601726,-34.3613555224546 -59.4039735571522,-34.3613586998704 -59.4039716424318,-34.3616291286263 -59.4042977420074,-34.3616307160472 -59.4042958283089,-34.361901144807 -59.4046219289574,-34.3619027313753 -59.4046200162808,-34.362173160139 -59.4049461180023,-34.3621747458546 -59.4049422946677,-34.3627156033778 -59.405594502377,-34.3627187722667 -59.4055925927664,-34.3629892010421 -59.4059186977068,-34.3629907841995 -59.4059167891183,-34.3632612129788 -59.4065690011703,-34.3632643767193 -59.4065594683221,-34.3646165205942 -59.406885579624,-34.364618101241 -59.406879862753,-34.365429387469 -59.4072059772232,-34.3654309672947 -59.4072021679441,-34.3659718247515 -59.4078544011512,-34.3659749818603 -59.407852498569,-34.3662454106024 -59.4081786162582,-34.3662469878695 -59.4081767146983,-34.3665174166154 -59.4075244772498,-34.3665142611807 -59.4075225735691,-34.3667846898828 -59.4078486933284,-34.3667862680505 -59.4078429852774,-34.367597554132 -59.4081691082052,-34.3675991314785 -59.4081653048066,-34.3681399888377 -59.4084914298553,-34.3681415653471 -59.4084876284509,-34.3686824226898 -59.4088137556205,-34.368683998362 -59.4088099562104,-34.3692248556882 -59.4084838269451,-34.3692232799842 -59.4084819261543,-34.3694937086133 -59.4088080564674,-34.3694952843332 -59.408806156699,-34.3697657129661 -59.4091322880853,-34.3697672878329 -59.4091284905684,-34.3703081450943 -59.4088023570864,-34.3703065701958 -59.4088004572421,-34.3705769987925 -59.4084743227374,-34.3705754230092 -59.4084724218199,-34.370845851578 -59.4087985573724,-34.3708474273772 -59.4087909576407,-34.3719291415953 -59.4091170974103,-34.371930716589 -59.4091132994885,-34.3724715736573 -59.4094394413794,-34.3724731478137 -59.4094375434286,-34.3727435763457 -59.4097636863928,-34.3727451496489 -59.4097579955326,-34.3735564352199 -59.4104102878251,-34.3735595793143 -59.4104083929172,-34.3738300078455 -59.4107345401495,-34.373831578605 -59.4107326462644,-34.3741020071399 -59.41105879457,-34.3741035770462 -59.4110569017078,-34.3743740055848 -59.4117092004908,-34.3743771428217 -59.4117073096996,-34.3746475713799 -59.4113811592474,-34.3746460031802 -59.4113773754932,-34.3751868602289 -59.4120296806153,-34.3751899958223 -59.412016451356,-34.3770829953337 -59.4123426112922,-34.3770845619372 -59.4123407223455,-34.3773549904064 -59.4126668833552,-34.3773565561565 -59.4126631074828,-34.3778974130901 -59.4129892706142,-34.3778989780025 -59.4129873836885,-34.378169406467 -59.4133135478933,-34.378170970526 -59.4133116619908,-34.3784413989942 -59.4136378272691,-34.3784429621998 -59.4136359423898,-34.3787133906716 -59.4139621087415,-34.3787149530237 -59.4139602248854,-34.3789853814992 -59.4146125597607,-34.3789885036271 -59.4146106779762,-34.379258932122 -59.4165676894937,-34.3792682777386 -59.4165695649881,-34.3789978491497 -59.4188527388905,-34.3790087127096 -59.4188490025538,-34.3795495700943 -59.4198275123188,-34.3795542129609 -59.4198256472582,-34.3798246416819 -59.420151818278,-34.3798261875812 -59.4201480901792,-34.3803670450181 -59.4204742633206,-34.3803685900792 -59.4204686741314,-34.3811798761909 -59.4207948504429,-34.3811814204294 -59.4207911262896,-34.3817222778079 -59.4211173047229,-34.3817238212082 -59.4211135825673,-34.3822646785696 -59.4214397631224,-34.3822662211317 -59.4214379030559,-34.3825366498098 -59.4217640846844,-34.382538191518 -59.4217622256417,-34.3828086201996 -59.42241459107,-34.3828117010391 -59.4224127340996,-34.3830821297396 -59.4227389178994,-34.3830836688708 -59.4227370619528,-34.3833540975748 -59.4233894317239,-34.3833571732601 -59.4233912855733,-34.3830867445252 -59.424043653346,-34.3830898167021 -59.4240455050737,-34.3828193879241 -59.424697870848,-34.3828224565927 -59.4246997204539,-34.3825520277718 -59.4250259023294,-34.3825535607866 -59.4250240537721,-34.3828239896229 -59.4253502367209,-34.3828255217838 -59.4253483891875,-34.3830959506236 -59.4263269413272,-34.3831005419364 -59.4263250969149,-34.3833709708103 -59.4273036524215,-34.383375554345 -59.4273018111304,-34.383645983253 -59.4276279973969,-34.3836475093745 -59.4276316778575,-34.3831066515158 -59.4279578620514,-34.3831081767373 -59.4279615403168,-34.3825673187996 -59.42763535822,-34.3825657936088 -59.4276371983644,-34.3822953646373 -59.4273110173407,-34.3822938385926 -59.4273128585091,-34.3820234096243 -59.4269866785584,-34.3820218827256 -59.4269885207508,-34.3817514537607 -59.4266623418732,-34.3817499260081 -59.4266641850895,-34.3814794970464 -59.4263380072849,-34.3814779684399 -59.4263398515251,-34.3812075394816 -59.4260136747936,-34.3812060100212 -59.4260173652973,-34.3806651520992 -59.4256911906872,-34.3806636218003 -59.4256930369506,-34.3803931928366 -59.4253668634136,-34.3803916616838 -59.4253687107008,-34.3801212327235 -59.4250425382368,-34.3801197007169 -59.4250443865478,-34.3798492717599 -59.4243920437906,-34.3798462051697 -59.4243938941737,-34.3795757762316 -59.4240677238804,-34.379574241648 -59.4240695752873,-34.3793038127133 -59.4237434060671,-34.379302277276 -59.4237471109034,-34.3787614194013 -59.4230947767305,-34.3787583459808 -59.4230966312084,-34.3784879170563 -59.4227704652073,-34.3784863790578 -59.4227723207087,-34.3782159501367 -59.4221199908774,-34.3782128715629 -59.4221181332794,-34.378483300453 -59.4217919673526,-34.3784817598468 -59.4217938259989,-34.3782113309722 -59.4201630019783,-34.3782036149808 -59.4201611380903,-34.3784740437777 -59.4198349723123,-34.3784724979563 -59.4198312423653,-34.3790133554827 -59.4191789066905,-34.3790102611699 -59.4191807737732,-34.3787398324438 -59.4182022735928,-34.3787351845022 -59.4182041437955,-34.3784647558109 -59.4185303094491,-34.3784663059784 -59.4185359167629,-34.3776550197854 -59.4182097542542,-34.3776534696647 -59.4182116243572,-34.3773830409252 -59.4178854629218,-34.377381489951 -59.4178892051496,-34.3768406324669 -59.4172368865465,-34.3768375279735 -59.4172387597194,-34.3765670992447 -59.4169126015035,-34.3765655457099 -59.4169144756997,-34.3762951169846 -59.4162621614393,-34.3762920073389 -59.4162640377069,-34.3760215786329 -59.4156117256429,-34.376018465542 -59.4156136039819,-34.3757480368553 -59.4146351392183,-34.3757433607475 -59.4146370206768,-34.3754729320959 -59.4152893283978,-34.3754760503387 -59.4152912077349,-34.3752056216436 -59.4156173605848,-34.3752071794456 -59.4156248734902,-34.3741254644816 -59.4152987248327,-34.3741239067423 -59.4153006040446,-34.3738534779868 -59.4149744564602,-34.3738519193941 -59.4149763366951,-34.3735814906423 -59.4136717508008,-34.3735752476438 -59.4136698663737,-34.3738456763327 -59.4126914240724,-34.3738409849116 -59.4126895364759,-34.3741114135413 -59.4120372396379,-34.3741082815504 -59.4120447982576,-34.3730265670855 -59.4123709424717,-34.3730281334524 -59.4123747195344,-34.372487276116 -59.4127008616777,-34.3724888415824 -59.4127046365437,-34.3719479841662 -59.4130307766161,-34.371949548732 -59.4130326629634,-34.3716791199901 -59.412706523939,-34.3716775554401 -59.4127178477824,-34.3700549828298 -59.4123917150707,-34.3700534175053 -59.4124011561544,-34.3687012734106 -59.4127272836269,-34.3687028386562 -59.4127253965083,-34.368973267515 -59.4133776536245,-34.3689763954312 -59.4133757685764,-34.3692468243094 -59.41370189822,-34.3692483869799 -59.4136981301442,-34.3697892447317 -59.4140242619086,-34.3697908065647 -59.4140204958281,-34.3703316642998 -59.4143466297133,-34.3703332252953 -59.4143447476833,-34.3706036541605 -59.4146708826416,-34.3706052143027 -59.4146671206022,-34.3711460720283 -59.4149932576814,-34.371147631333 -59.414991377672,-34.3714180601934 -59.4153175158242,-34.3714196186449 -59.4153156368377,-34.3716900475089 -59.4156417760629,-34.3716916051071 -59.4156398980994,-34.3719620339747 -59.4159660383976,-34.3719635907196 -59.415964161457,-34.3722340195908 -59.4162903028282,-34.3722355754823 -59.4162884269107,-34.3725060043572 -59.4166145693549,-34.3725075593954 -59.4166126944603,-34.3727779882739 -59.4172649815197,-34.3727810957745 -59.4172631086962,-34.3730515246722 -59.4175892533114,-34.3730530771346 -59.417587381511,-34.3733235060359 -59.4179135271991,-34.3733250576449 -59.4179116564219,-34.3735954865497 -59.418237803183,-34.3735970373053 -59.4182359334289,-34.3738674662137 -59.418562081263,-34.3738690161158 -59.4185583437762,-34.3744098739276 -59.4192106437116,-34.3744129711871 -59.419208777027,-34.3746834001061 -59.4195349280802,-34.3746849474478 -59.4195330624189,-34.3749553763704 -59.419859214545,-34.3749569228586 -59.419857349907,-34.3752273517846 -59.4201835031061,-34.3752288974193 -59.420185366696,-34.3749584684777 -59.4205115188718,-34.3749600132277 -59.4205133813887,-34.3746895842585 -59.4208395325412,-34.3746911281239 -59.4208413939852,-34.374420699127 -59.4211675441144,-34.3744222421078 -59.4211749854498,-34.3733405259378 -59.4208488395129,-34.3733389830192 -59.4208525621279,-34.3727981248929 -59.420526418312,-34.3727965811363 -59.4205282806303,-34.3725261520707 -59.4202021378872,-34.3725246074606 -59.4202058645453,-34.3719837493242 -59.419879723923,-34.3719822038763 -59.419885316868,-34.3711709166279 -59.4195591794144,-34.3711693703576 -59.4195685057319,-34.3698172247803 -59.4192423735428,-34.369815677719 -59.4192498383407,-34.3687339611024 -59.4189237103678,-34.3687324132345 -59.4189274447131,-34.368191554885 -59.4186013188607,-34.3681900061795 -59.4186050552021,-34.3676491478129 -59.4182789314701,-34.3676475982697 -59.4182808006512,-34.367377169084 -59.4179546779919,-34.3673756186875 -59.4179584183748,-34.366834760311 -59.4176322978359,-34.3668332090769 -59.4176341690376,-34.3665627798863 -59.4173080495714,-34.366561227799 -59.4173117939955,-34.3660203694127 -59.4169856766496,-34.3660188164879 -59.4169894230692,-34.3654779580846 -59.4166633078436,-34.3654764043223 -59.4166651820636,-34.3652059751182 -59.4163390679106,-34.3652044205027 -59.4163428183709,-34.3646635620897 -59.4160167063381,-34.3646620066368 -59.4160204587936,-34.3641211482069 -59.415694348881,-34.3641195919166 -59.4156981033316,-34.3635787334698 -59.4153719955392,-34.3635771763421 -59.4153757519848,-34.3630363178784 -59.4150496463125,-34.3630347599134 -59.4150515255452,-34.3627643306791 -59.4147254209455,-34.3627627718611 -59.4147310616359,-34.3619514841331 -59.4140788587965,-34.3619483639852 -59.4140807410715,-34.3616779347499 -59.4144068414312,-34.3616794952424 -59.4144087226336,-34.3614090659793 -59.414734821971,-34.3614106255875 -59.4147385822058,-34.3608697669936 -59.4140863877458,-34.3608666469714 -59.4140882699204,-34.3605962176878 -59.4134360776556,-34.3605930942226 -59.4134379618999,-34.3603226649583 -59.4124596768332,-34.360317973293 -59.4124559020351,-34.3608588317149 -59.4121298049684,-34.3608572660577 -59.4121241394403,-34.3616685535527 -59.4117980392565,-34.3616669869795 -59.4117999288385,-34.3613965578424 -59.4114738297272,-34.3613949904163 -59.4114757203315,-34.3611245612829 -59.4111496222929,-34.361122993004 -59.4111647545983,-34.3589595596286 -59.411490844258,-34.3589611277812 -59.4114927346355,-34.3586906985392 -59.4154057999452,-34.3587094484322 -59.4154039221354,-34.3589798778631 -59.4157300121216,-34.3589814347242 -59.415728135334,-34.3592518641586 -59.416380317476,-34.3592549753064 -59.4163765680153,-34.3597958342018 -59.4167026612184,-34.3597973885041 -59.4167007874979,-34.3600678179494 -59.4173529760738,-34.3600709239796 -59.4173511044231,-34.360341353444 -59.4183293906161,-34.3603460060215 -59.4183275220826,-34.3606164355208 -59.4209362947379,-34.3606288042995 -59.4209344345587,-34.3608992339113 -59.4215866300655,-34.3609023174507 -59.4215847719565,-34.3611727470815 -59.4222369696572,-34.3611758271773 -59.4222351136182,-34.3614462568271 -59.4228873135128,-34.3614493334794 -59.422885459544,-34.3617197631481 -59.4232115605758,-34.3617213001867 -59.4232097076297,-34.3619917298588 -59.4235358097337,-34.3619932660442 -59.4235339578104,-34.3622636957198 -59.4241861641873,-34.3622667655155 -59.4241843143343,-34.3625371952099 -59.4248365229048,-34.3625402615618 -59.4248346751223,-34.362810691275 -59.4254868858863,-34.362813754183 -59.4254850401741,-34.363084183915 -59.4264633596472,-34.3630887718079 -59.4264615170531,-34.363359201574 -59.4280920552369,-34.3633668307647 -59.4280902178559,-34.3636372605956 -59.4287424353961,-34.3636403062215 -59.4287295877102,-34.3655333149152 -59.4284034715946,-34.3655317924293 -59.4283979619336,-34.3663430816426 -59.4280718426994,-34.3663415582418 -59.4280681673742,-34.3668824176264 -59.4277420460691,-34.3668808933262 -59.4277402073221,-34.367151322985 -59.4267618404107,-34.3671467448252 -59.4267599984959,-34.3674171744259 -59.4264338751934,-34.3674156466195 -59.4264301891946,-34.3679565057539 -59.4267563145926,-34.3679580335911 -59.4267544726041,-34.3682284631556 -59.4264283461583,-34.3682269353031 -59.4264265030975,-34.3684973648401 -59.4267526305911,-34.368498892708 -59.4267507885535,-34.3687693222484 -59.4270769171195,-34.3687708492628 -59.4270750761052,-34.3690412788066 -59.4274012057435,-34.3690428049674 -59.4273975257371,-34.3695836640494 -59.4277236574956,-34.3695851893721 -59.4277199794868,-34.3701260484366 -59.4280461133657,-34.3701275729211 -59.4280405993124,-34.3709388614735 -59.4283667363595,-34.370940385135 -59.4283648993406,-34.3712108146437 -59.4286910374601,-34.3712123374516 -59.4286892014648,-34.3714827669636 -59.4290153406567,-34.3714842889179 -59.4290135056849,-34.3717547184331 -59.4293396459493,-34.3717562395337 -59.429337812001,-34.3720266690522 -59.4303162360847,-34.3720312271859 -59.430318066889,-34.3717607976215 -59.430644207251,-34.3717623152462 -59.430640547714,-34.3723031743934 -59.4309666901964,-34.3723046911796 -59.430961203852,-34.373115979856 -59.4303089126233,-34.373112945323 -59.430307081697,-34.3733833748271 -59.4296547884698,-34.3733803367873 -59.4296529554229,-34.3736507662488 -59.4290006601973,-34.3736477247022 -59.4289969898379,-34.3741885835277 -59.4283446905177,-34.3741855384436 -59.4283465278059,-34.3739151090675 -59.4273680821537,-34.3739105349693 -59.4273699225616,-34.3736401056273 -59.4263914802744,-34.3736355237537 -59.426393323802,-34.3733650944457 -59.4260671774701,-34.3733635654318 -59.4260653328944,-34.3736339947244 -59.4257391855391,-34.373632464826 -59.4257447223365,-34.3728211769583 -59.4254185781498,-34.3728196462371 -59.4254278108936,-34.3714674996268 -59.4251016719716,-34.3714659681137 -59.4251053669927,-34.370925109416 -59.4247792301912,-34.3709235770648 -59.424784775682,-34.3701122889742 -59.4244586420489,-34.3701107558003 -59.4244623410153,-34.3695698970438 -59.4241362095026,-34.3695683630319 -59.4241380599967,-34.369297933651 -59.4231596687502,-34.3692933264482 -59.4231615223632,-34.3690228971016 -59.4228353930449,-34.369021359645 -59.4228391022923,-34.3684805009467 -59.4225129750944,-34.3684789626521 -59.4225148307289,-34.3682085333004 -59.4212103263759,-34.3682023714954 -59.4212010269998,-34.3695545178233 -59.4215271582901,-34.3695560596555 -59.4215234404619,-34.3700969181334 -59.4218495738726,-34.3700984591277 -59.4218458580411,-34.3706393175883 -59.4221719935724,-34.3706408577447 -59.4221645658041,-34.3717225745833 -59.4224907055519,-34.3717241139327 -59.4224869936152,-34.3722649723106 -59.4228131354838,-34.3722665108221 -59.4228075705373,-34.373077798345 -59.4224814255247,-34.3730762597871 -59.422479569445,-34.3733466889218 -59.4228057155057,-34.3733482274952 -59.4228038604494,-34.3736186566333 -59.4231300075829,-34.3736201943532 -59.4231281535499,-34.3738906234948 -59.4234543017561,-34.373892160361 -59.4234524487465,-34.374162589506 -59.4244308966578,-34.3741671949368 -59.4244327465231,-34.3738967657454 -59.424758894828,-34.3738982991355 -59.4247533483025,-34.3747095867197 -59.4244271968532,-34.3747080532833 -59.42442349695,-34.3752489115816 -59.4247496504955,-34.3752504450488 -59.4247459525901,-34.3757913033298 -59.4250721082566,-34.3757928359588 -59.4250702603151,-34.3760632650966 -59.4253964170545,-34.3760647968719 -59.4253945701366,-34.3763352260131 -59.4260468857856,-34.3763382869871 -59.4260450409395,-34.376608716147 -59.4266973587834,-34.3766117736752 -59.426699201533,-34.3763413444845 -59.4280038333224,-34.3763474490496 -59.4280056718546,-34.3760770197854 -59.4286579858,-34.3760800668224 -59.4286561493642,-34.3763504961174 -59.4293084655038,-34.3763535397085 -59.4293029623389,-34.3771648276129 -59.4296291235901,-34.3771663481507 -59.4296217898877,-34.378248065249 -59.4299479553566,-34.3782495849789 -59.4299461229182,-34.3785200142386 -59.429619956401,-34.3785184944935 -59.42961262221,-34.3796002113507 -59.4299387929205,-34.379601731157 -59.4299369603601,-34.3798721603565 -59.4296107886011,-34.3798706405348 -59.4296089549678,-34.3801410697069 -59.4299351277751,-34.3801425895439 -59.4299332951659,-34.3804130187192 -59.4302594690461,-34.3804145377021 -59.4302576374608,-34.3806849668807 -59.4305838124138,-34.3806864850097 -59.4305819818526,-34.3809569141915 -59.430255805851,-34.3809553960472 -59.430239320265,-34.3833892580033 -59.4305655057032,-34.3833907762851 -59.4305618440683,-34.3839316343955 -59.4308880316281,-34.3839331518385 -59.4308862018227,-34.3842035808909 -59.4305600132143,-34.3842020634326 -59.4305563514329,-34.3847429214706 -59.4302301607517,-34.3847414031124 -59.4302246647507,-34.3855526900331 -59.430550858578,-34.3855542084373 -59.4305471965526,-34.3860950663547 -59.4308733925018,-34.38609658392 -59.4308697324763,-34.3866374418197 -59.4311959305473,-34.3866389585461 -59.4311941015467,-34.3869093874931 -59.4321726990522,-34.386913932501 -59.4321708731736,-34.3871843614818 -59.4324970734395,-34.3871858747607 -59.4325007230749,-34.3866450167566 -59.4328269212677,-34.3866465291356 -59.4328305687083,-34.3861056710528 -59.432504372613,-34.3861041587043 -59.4325080220538,-34.3855633006038 -59.4321818280803,-34.3855617874163 -59.4321854795212,-34.385020929298 -59.4318592876694,-34.3850194152716 -59.4318629411103,-34.3844785571355 -59.4321891308648,-34.3844800711315 -59.4321909565001,-34.3842096420301 -59.4325171452303,-34.3842111551415 -59.4325189697926,-34.3839407260128 -59.4331713452288,-34.3839437495968 -59.4331695227637,-34.3842141787559 -59.4338219003942,-34.3842171988927 -59.4338200800021,-34.3844876280701 -59.4354510297458,-34.3844951632735 -59.4354528448948,-34.3842247340202 -59.4357790338675,-34.3842262384375 -59.4357808479437,-34.3839558091571 -59.4364332238644,-34.3839588153532 -59.4364368477498,-34.3834179566955 -59.4367630336492,-34.3834194584592 -59.4367738984343,-34.381796882106 -59.4364477188261,-34.381795380433 -59.4364513423251,-34.3812545215824 -59.4361251648381,-34.3812530190703 -59.4361306030508,-34.3804417307494 -59.4358044287333,-34.3804402274134 -59.435811683539,-34.3793585095439 -59.4361378536628,-34.3793600128193 -59.4361432913682,-34.3785487242452 -59.4364694583711,-34.378550226606 -59.4364748927142,-34.377738937878 -59.4368010565963,-34.3777404393242 -59.4368191590216,-34.3750361426295 -59.4371453124456,-34.3750376430554 -59.4371489305448,-34.3744967835416 -59.4374750818967,-34.3744982830682 -59.4374805057204,-34.3736869936618 -59.437806653952,-34.3736884922741 -59.4378138811875,-34.3726067728363 -59.4381400252509,-34.3726082705192 -59.4381436366281,-34.3720674106979 -59.4384697786196,-34.3720689074816 -59.4384751923609,-34.3712576176139 -59.4388013312325,-34.3712591134835 -59.4388067416136,-34.3704478234621 -59.4391328773654,-34.3704493184175 -59.439141888947,-34.3690971680656 -59.4394680194834,-34.3690986620768 -59.4394788263019,-34.3674760811665 -59.4398049505754,-34.3674775742186 -59.4398247493071,-34.3645028412573 -59.44015086208,-34.3645043332753 -59.4401616538794,-34.3628817509552 -59.4408138669262,-34.3628847322046 -59.4408228489582,-34.3615325797897 -59.44114895028,-34.3615340690363 -59.4411561312849,-34.3604523468275 -59.4405039370446,-34.3604493675855 -59.4405057343308,-34.3601789370332 -59.440179638294,-34.3601774461243 -59.4401814366036,-34.3599070155749 -59.4398553416381,-34.3599055238124 -59.4398571409712,-34.359635093266 -59.4395310470771,-34.35963360065 -59.4395346477659,-34.3590927395511 -59.4392085559904,-34.3590912460965 -59.4392103573462,-34.358820815544 -59.4434495386792,-34.3588401625089</coordinates></LinearRing></outerBoundaryIs><innerBoundaryIs><LinearRing><coordinates>-59.3818068613539,-34.3601670077915 -59.3814807688088,-34.3601653605169 -59.3814787819222,-34.3604357881968 -59.3811526883563,-34.3604341400371 -59.381148712409,-34.3609749953275 -59.3814748080697,-34.3609766435205 -59.3814767950092,-34.3607062158647 -59.381802889649,-34.3607078631724 -59.3818068613539,-34.3601670077915</coordinates></LinearRing></innerBoundaryIs><innerBoundaryIs><LinearRing><coordinates>-59.418314441651,-34.3625094416782 -59.4176622340717,-34.3625063405786 -59.417660363244,-34.3627767699502 -59.4179864680686,-34.36277832095 -59.4179845982635,-34.3630487503251 -59.4183107041606,-34.3630503004718 -59.4183032288811,-34.3641320179142 -59.4186293389933,-34.3641335672546 -59.4186256032993,-34.3646744259347 -59.4189517155316,-34.3646759744375 -59.4189479818332,-34.3652168331005 -59.4192740961857,-34.3652183807657 -59.4192703644831,-34.3657592394117 -59.4195964809557,-34.3657607862393 -59.419592751249,-34.3663016448682 -59.4199188698418,-34.3663031908582 -59.4199151421311,-34.36684404947 -59.4202412628442,-34.3668455946222 -59.4202393999993,-34.3671160239256 -59.4205655217849,-34.3671175682246 -59.4205617981162,-34.3676584268262 -59.4208879220221,-34.3676599702874 -59.4208860611983,-34.3679303995857 -59.422190561261,-34.3679365648041 -59.4221924178938,-34.3676661354437 -59.4218662938887,-34.367664595458 -59.4218681515445,-34.367394166101 -59.4225203974838,-34.3673972451727 -59.4225296749141,-34.3660450980522 -59.4231819104752,-34.3660481734936 -59.4231837637918,-34.3657777440024 -59.422531530326,-34.3657746685919 -59.4225352410756,-34.3652338096352 -59.4222091264751,-34.3652322706577 -59.422212839221,-34.3646914116838 -59.4218867267405,-34.3646898718686 -59.4218885841239,-34.364419442379 -59.4215624727158,-34.3644179017106 -59.4215643311221,-34.3641474722244 -59.4212382207863,-34.3641459307028 -59.4212400802153,-34.3638755012201 -59.4209139709519,-34.3638739588452 -59.4209158314038,-34.3636035293661 -59.4202636150465,-34.3636004420412 -59.4202654775686,-34.3633300125811 -59.4199393704747,-34.3633284676311 -59.4199412340196,-34.3630580381745 -59.4192890220014,-34.3630549456995 -59.4192908876165,-34.362784516262 -59.4183125729183,-34.362779871081 -59.418314441651,-34.3625094416782</coordinates></LinearRing></innerBoundaryIs><innerBoundaryIs><LinearRing><coordinates>-59.4003787699074,-34.362422895331 -59.4000526674966,-34.3624212974379 -59.4000468852425,-34.3632325829471 -59.399720779715,-34.363230984137 -59.3997111368732,-34.3645831263304 -59.4000372476386,-34.364584725221 -59.4000044749808,-34.3691820066962 -59.4003306035828,-34.3691836049916 -59.4003248225453,-34.3699948896442 -59.4006509543166,-34.3699964871189 -59.4006490283007,-34.3702669153284 -59.4009751611455,-34.3702685119503 -59.4009732361517,-34.3705389401637 -59.4019516379838,-34.370543724864 -59.4019497161081,-34.3708141531136 -59.4022758511513,-34.3708157462919 -59.4022739302979,-34.3710861745455 -59.4026000664146,-34.3710877668708 -59.4025981465835,-34.3713581951284 -59.4032504209895,-34.3713613772042 -59.4032465854424,-34.3719022337472 -59.4035727247797,-34.3719038235137 -59.4035669744113,-34.3727151082857 -59.4038931169181,-34.3727166972312 -59.4038873694639,-34.3735279819427 -59.4032350781877,-34.3735248030867 -59.4032408319301,-34.3727135184712 -59.4029146894744,-34.3727119277877 -59.4029166083854,-34.3724414995744 -59.4025904670033,-34.3724399080379 -59.4025923869368,-34.3721694798286 -59.4003094053153,-34.3721583148534 -59.4003016960838,-34.3732400271685 -59.3999755517627,-34.3732384286317 -59.3999697664252,-34.374049712693 -59.4002959138904,-34.3740513112781 -59.4002920589665,-34.3745921672908 -59.4009443581663,-34.3745953619182 -59.4009482088979,-34.3740545058412 -59.4006220613813,-34.3740529089942 -59.4006259141064,-34.373512052901 -59.401278204973,-34.3735152456616 -59.4012743564402,-34.3740561018191 -59.401600504008,-34.374057696928 -59.4015985807512,-34.3743281250047 -59.4022508780601,-34.3743313126474 -59.4022527992207,-34.3740608845386 -59.4029050945358,-34.374064068673 -59.4029070135746,-34.3737936405201 -59.4032331602225,-34.3737952312677 -59.4032274061734,-34.3746065157383 -59.4038797058342,-34.3746096947224 -59.403877789863,-34.3748801228872 -59.4032254881059,-34.3748769438711 -59.40321973375,-34.3756882281969 -59.4041981958572,-34.3756929955615 -59.404196280832,-34.375963423694 -59.4038701257225,-34.3759618354256 -59.4038682096236,-34.37623226353 -59.4035420534915,-34.3762306743765 -59.4035401363188,-34.3765011024529 -59.4038662934991,-34.3765026916224 -59.4038643773491,-34.3767731197027 -59.4041905356031,-34.3767747080191 -59.404186705323,-34.3773155641755 -59.4038605449724,-34.3773139758271 -59.4038624611735,-34.3770435477709 -59.4035363018968,-34.3770419585694 -59.4035382191205,-34.3767715305172 -59.4028859027401,-34.3767683495388 -59.4028878220348,-34.3764979215065 -59.403213979164,-34.3764995124142 -59.4032178155802,-34.3759586562815 -59.4028916605474,-34.3759570654057 -59.4028935797653,-34.3756866373372 -59.4022412718728,-34.3756834530105 -59.4022451144245,-34.3751425969014 -59.401918962613,-34.3751410034665 -59.4019208848985,-34.3748705754099 -59.4012685834485,-34.3748673859648 -59.4012666590667,-34.3751378139893 -59.400614355623,-34.3751346210357 -59.4006124291192,-34.375405049016 -59.4002862763878,-34.3754034512195 -59.4002843488102,-34.3756738791716 -59.4006105025898,-34.3756754769841 -59.4006027962153,-34.3767571887361 -59.4009289542133,-34.3767587857439 -59.4009251029685,-34.3772996415797 -59.4012512630887,-34.3773012377505 -59.4012435644841,-34.3783829493415 -59.401569728823,-34.3783845447074 -59.4015581864366,-34.3800071118283 -59.4018843570912,-34.3800087064213 -59.4018785886971,-34.3808199898671 -59.4022047625226,-34.380821583639 -59.4021989970432,-34.3816328670243 -59.4025251740397,-34.3816344599751 -59.4025232532105,-34.381904887762 -59.402849431281,-34.3819064798595 -59.4028455916428,-34.3824473354294 -59.4031717718359,-34.3824489266896 -59.4031679341924,-34.3829897822432 -59.4034941165081,-34.3829913726662 -59.4034902808595,-34.3835322282036 -59.4038164652979,-34.3835338177892 -59.4038126316441,-34.3840746733103 -59.4041388182052,-34.3840762620585 -59.4041349865465,-34.3846171175634 -59.4044611752304,-34.3846187054742 -59.4044592604114,-34.3848891332245 -59.4047854501694,-34.3848907202819 -59.4047835363735,-34.3851611480361 -59.4051097272057,-34.3851627342401 -59.405107814433,-34.3854331619982 -59.4057601982712,-34.3854363318298 -59.4057582875703,-34.3857067596077 -59.4060844805763,-34.3857083432353 -59.4060825708986,-34.3859787710172 -59.4067349590843,-34.3859819356959 -59.4067330514786,-34.3862523634976 -59.4070592466583,-34.3862539445487 -59.4070573400759,-34.3865243723542 -59.4073835363297,-34.3865259525518 -59.4073854418634,-34.3862555247304 -59.4077116370939,-34.3862571040426 -59.4077135415535,-34.3859866761932 -59.4080397357607,-34.3859882546201 -59.4080416391462,-34.3857178267428 -59.40836783233,-34.3857194042843 -59.4083716369276,-34.3851785484617 -59.4086978280394,-34.3851801251021 -59.4087016304383,-34.3846392691994 -59.4090278194782,-34.3846408449386 -59.4090316196784,-34.384099988956 -59.4093578066464,-34.3841015637941 -59.4093616046482,-34.3835607077315 -59.4096877895444,-34.3835622816685 -59.4096915853478,-34.383021425526 -59.4100177681721,-34.383022998562 -59.4100139744658,-34.3835638547362 -59.4116448994518,-34.383571707034 -59.4116411161302,-34.3841125633181 -59.4109887418657,-34.3841094249439 -59.4109868480699,-34.3843798530362 -59.4106606599269,-34.3843782825292 -59.4106587650572,-34.3846487105937 -59.4103325758909,-34.3846471392015 -59.4103287839785,-34.3851879952626 -59.4100025927401,-34.3851864229693 -59.4100006956973,-34.385456850966 -59.4096745034355,-34.3854552777874 -59.4096707071768,-34.3859961337128 -59.4093445128429,-34.3859945596332 -59.4093426136269,-34.3862649875619 -59.4090164182696,-34.386263412597 -59.4090126176641,-34.3868042683866 -59.4083602228307,-34.3868011157848 -59.4083564179289,-34.3873419714627 -59.4080302184526,-34.3873403938258 -59.4080283149149,-34.3876108216308 -59.4083545154399,-34.3876123992835 -59.4083526129256,-34.3878828270923 -59.4086788145248,-34.3878844038913 -59.4086750115178,-34.3884252595044 -59.4090012152399,-34.3884268354658 -59.4089974142292,-34.3889676910623 -59.4093236200743,-34.3889692661858 -59.40931982106,-34.3895101217658 -59.4096460290282,-34.3895116960515 -59.409644130532,-34.3897821238392 -59.4099703395743,-34.3897836972712 -59.4099665446038,-34.3903245528422 -59.4102927557693,-34.3903261254363 -59.410290859295,-34.3905965532195 -59.4106170715347,-34.3905981249598 -59.4106132806083,-34.3911389805217 -59.4109394949711,-34.391140551424 -59.4109357060416,-34.3916814069692 -59.4112619225277,-34.3916829770336 -59.4112600290741,-34.3919534048039 -59.4115862466344,-34.3919549740144 -59.4115824617494,-34.3924958295505 -59.411908681433,-34.3924973979229 -59.4119067900018,-34.3927678256886 -59.4122330107596,-34.3927693932072 -59.4122311203522,-34.3930398209766 -59.4125573421843,-34.3930413876413 -59.4125554528008,-34.3933118154145 -59.4128816757072,-34.3933133812252 -59.4128835640416,-34.3930429534363 -59.4135360078317,-34.3930460824172 -59.4135378940428,-34.3927756545848 -59.4138641149265,-34.392777217755 -59.413869770262,-34.3919659341379 -59.4141959880237,-34.3919674963913 -59.4142148270196,-34.3892632167264 -59.4138886197473,-34.3892616546303 -59.4138905045577,-34.3889912266132 -59.4142167107811,-34.3889927886936 -59.4142185945175,-34.3887223606487 -59.4145447997171,-34.3887239218438 -59.4145429170296,-34.3889943499044 -59.4148691233032,-34.3889959102457 -59.4148672416394,-34.38926633831 -59.4151934489869,-34.3892678977974 -59.4151878069918,-34.3900791819649 -59.4155140175111,-34.3900807406299 -59.4155102581536,-34.3906215967127 -59.4158364707958,-34.3906231545394 -59.4158345921284,-34.3908935825784 -59.4164870195858,-34.3908966956544 -59.4164851429913,-34.3911671237126 -59.4174637875118,-34.3911717868516 -59.417467534382,-34.3906309306292 -59.4177937471742,-34.3906324832383 -59.4177956195229,-34.3903620550934 -59.4181218312912,-34.3903636068173 -59.418123702566,-34.3900931786447 -59.4184499133102,-34.3900947294834 -59.4184517835112,-34.3898243012831 -59.4187779932314,-34.3898258512367 -59.4187817314608,-34.3892849947687 -59.4194341467804,-34.3892880920047 -59.41943601376,-34.3890176637214 -59.4197622204083,-34.3890192110195 -59.4197640863141,-34.3887487827086 -59.4217213204323,-34.3887580481433 -59.4217176011822,-34.3892989049396 -59.4220438090531,-34.3893004461664 -59.4220400918016,-34.3898413029455 -59.4223663017951,-34.3898428433337 -59.4223644441811,-34.3901132717207 -59.4230168663402,-34.3901163499194 -59.4230150107993,-34.3903867783253 -59.4239936473702,-34.3903913891479 -59.4239954997642,-34.3901209606955 -59.4249741334105,-34.3901255636454 -59.4249759826331,-34.3898551351347 -59.4256284030893,-34.3898581993892 -59.4256302501895,-34.3895877708356 -59.4266088779117,-34.3895923606492 -59.4266107218406,-34.3893219320373 -59.4275893466373,-34.3893265139787 -59.427591187395,-34.3890560853086 -59.4282436019511,-34.3890591355577 -59.4282454405865,-34.3887887068448 -59.4285716468524,-34.3887902306497 -59.4285734844144,-34.3885198019095 -59.428899689656,-34.3885213248295 -59.4289051990487,-34.3877100384904 -59.4292314011683,-34.3877115604949 -59.4292369071943,-34.3869002740013 -59.4289107082211,-34.3868987520427 -59.4289162171733,-34.3860874654866 -59.4285900213708,-34.3860859427046 -59.4285936959806,-34.3855450849708 -59.4282675023,-34.3855435613501 -59.4282693406169,-34.3852731324804 -59.4279431480095,-34.3852716080056 -59.4279449873505,-34.3850011791392 -59.4269664128214,-34.3849966005441 -59.4269682552839,-34.3847261717118 -59.4237063522716,-34.38471085337 -59.4237044993226,-34.384981282048 -59.4207687792847,-34.3849674210662 -59.4207706416716,-34.3846969925276 -59.4204444517289,-34.384695448087 -59.4204425882933,-34.38496587661 -59.4201163973267,-34.3849643312844 -59.4201182618109,-34.384693902777 -59.4188135023879,-34.3846877128427 -59.4188116337091,-34.3849581412878 -59.4168544890301,-34.3849488302104 -59.4168526140344,-34.3852192585497 -59.4165264222933,-34.3852177036448 -59.4165282983376,-34.3849472753212 -59.4155497264103,-34.3849426054372 -59.4155516055756,-34.3846721771485 -59.4152254160319,-34.3846706187973 -59.4152291763845,-34.3841297622152 -59.4149029889631,-34.384128203026 -59.4149011077507,-34.3843986313074 -59.4135963541214,-34.384392385794 -59.4135982395283,-34.3841219575755 -59.412619677716,-34.384117264359 -59.4126215662436,-34.3838468361757 -59.4122953800717,-34.3838452700472 -59.4123010486491,-34.3830339854721 -59.4126272316753,-34.3830355515533 -59.4126423383857,-34.3808721253627 -59.4123161637476,-34.3808705594077 -59.412321831494,-34.3800592744345 -59.4119956600262,-34.3800577076575 -59.4119975502731,-34.3797872793247 -59.4116713798789,-34.3797857116942 -59.411673271149,-34.3795152833652 -59.4113471018284,-34.3795137148813 -59.4113508863895,-34.3789728582186 -59.4110247191909,-34.3789712888971 -59.4110285057478,-34.3784304322178 -59.4107023406711,-34.3784288620586 -59.4107061292237,-34.3778880053626 -59.4103799662688,-34.3778864343659 -59.4103837568169,-34.3773455776534 -59.4100575959838,-34.3773440058191 -59.4100632847613,-34.3765327207073 -59.4097371270981,-34.3765311480513 -59.4097409215865,-34.3759902912815 -59.409414766045,-34.3759887177881 -59.4094166642995,-34.3757182894009 -59.4090905098315,-34.3757167150543 -59.4090924091088,-34.3754462866709 -59.4087662557143,-34.375444711471 -59.4087681560144,-34.3751742830914 -59.4084420036934,-34.3751727070383 -59.408445806314,-34.3746318502747 -59.4081196561145,-34.3746302733842 -59.4081215584349,-34.3743598450001 -59.4077954093089,-34.3743582672565 -59.4077992159698,-34.373817410484 -59.4074730689653,-34.3738158319031 -59.4074749733058,-34.3735454035146 -59.4071488273748,-34.3735438240806 -59.4071526380756,-34.3730029672993 -59.4068264942661,-34.373001387028 -59.4068303069614,-34.3724605302303 -59.4065041652734,-34.3724589491218 -59.406507979963,-34.3719180923077 -59.4061818403963,-34.3719165103621 -59.4061856570802,-34.3713756535316 -59.4058595196349,-34.3713740707488 -59.4058728845625,-34.3694810715736 -59.4055467544779,-34.3694794880335 -59.4055524850658,-34.3686682025396 -59.4052263581502,-34.3686666181785 -59.4052301805104,-34.3681257611541 -59.4049040557158,-34.3681241759561 -59.4049174405084,-34.3662311761025 -59.4045913230733,-34.3662295901474 -59.4045970621737,-34.3654183043629 -59.4042709479071,-34.3654167175869 -59.4042766899209,-34.3646054317417 -59.4039505788227,-34.3646038441449 -59.4039544087995,-34.3640629868864 -59.4036282998219,-34.3640613984529 -59.4036302158196,-34.3637909698216 -59.4033041079152,-34.3637893805353 -59.4033060249348,-34.3635189519079 -59.4029799181035,-34.3635173617689 -59.4029818361451,-34.3632469331455 -59.4026557303868,-34.3632453421538 -59.4026576494505,-34.3629749135344 -59.4016793354717,-34.3629701353952 -59.4016812576522,-34.3626997068118 -59.4003768435626,-34.3626933238621 -59.4003787699074,-34.362422895331</coordinates></LinearRing></innerBoundaryIs><innerBoundaryIs><LinearRing><coordinates>-59.4443956854556,-34.3637123587612 -59.4440695755149,-34.363710878082 -59.4440677894407,-34.3639813086422 -59.4434155675356,-34.3639783446477 -59.4434137793423,-34.3642487751661 -59.443087667378,-34.3642472918507 -59.4430840888247,-34.3647881528215 -59.442757974789,-34.3647866686075 -59.4427561844289,-34.3650570990598 -59.4421039543337,-34.3650541279956 -59.4420931991003,-34.366676710277 -59.4417670778024,-34.3666752233519 -59.4417616967199,-34.367486514285 -59.442087821161,-34.367488001255 -59.4420860284668,-34.3677584315569 -59.4417599029779,-34.3677569445719 -59.4417509339094,-34.3691090958257 -59.4420770646374,-34.3691105828856 -59.4420752717999,-34.3693810131151 -59.4424014035997,-34.3693824993211 -59.4423996117861,-34.3696529295536 -59.4420734789384,-34.3696514433327 -59.4420698931438,-34.3701923037316 -59.4417437582243,-34.3701908166118 -59.4417455521814,-34.3699203864333 -59.4414194183337,-34.3699188984596 -59.4414104430692,-34.3712710491564 -59.4417365821566,-34.371272537205 -59.4417347880799,-34.3715429673232 -59.4420609282392,-34.3715444545179 -59.4420591351865,-34.371814884639 -59.4423852764177,-34.3718163709797 -59.4423870684223,-34.3715459408436 -59.4430393488603,-34.3715489108879 -59.4430357690191,-34.3720897712079 -59.4433619113699,-34.3720912549564 -59.4433601224615,-34.3723616851132 -59.4436862658842,-34.3723631680077 -59.443684478,-34.3726335981674 -59.4440106224945,-34.3726350802078 -59.4440070487507,-34.3731759405209 -59.4449854886654,-34.3731803815174 -59.444983704902,-34.3734508117006 -59.4453098526358,-34.3734522903095 -59.4453080698968,-34.3737227204955 -59.4456342187025,-34.3737241982503 -59.4456324369877,-34.3739946284391 -59.4462847367665,-34.3739975813712 -59.4462811774584,-34.3745384417722 -59.4466073294796,-34.3745399169643 -59.4466055508381,-34.3748103471616 -59.4472578570479,-34.3748132949683 -59.4472525272702,-34.3756245855768 -59.4469263710089,-34.3756231120635 -59.4469299263141,-34.3750822516996 -59.4462776180553,-34.375079302125 -59.4462793977687,-34.3748088719546 -59.445953244723,-34.3748073958785 -59.4459550254608,-34.374536965711 -59.4456288734871,-34.3745354887807 -59.4456306552493,-34.3742650586159 -59.4446522026149,-34.3742606226551 -59.4446539874977,-34.373990192523 -59.4443278377152,-34.3739887121461 -59.4443260517843,-34.3742591422633 -59.4439999009775,-34.3742576610024 -59.4440016879565,-34.3739872309001 -59.4433493885107,-34.373984265801 -59.4433511775621,-34.3737138357165 -59.4426988803078,-34.373710867171 -59.4427006714316,-34.3734404371044 -59.4420483763689,-34.3734374651125 -59.442051962737,-34.3728966050029 -59.4417258173377,-34.3728951177333 -59.441727611534,-34.3726246876754 -59.4414014672066,-34.3726231995518 -59.441403262427,-34.3723527694968 -59.44075097594,-34.3723497906725 -59.4407491786236,-34.3726202206975 -59.440423034368,-34.3726187299668 -59.4404212359796,-34.3728891599648 -59.4400950906999,-34.37288766835 -59.4400914917551,-34.3734285282797 -59.4397653444033,-34.3734270357658 -59.4397617432663,-34.3739678956172 -59.4394355938423,-34.3739664022042 -59.4394337921897,-34.3742368320968 -59.4391076417417,-34.3742353377997 -59.4391022334954,-34.3750466273599 -59.4387760799269,-34.3750451321486 -59.4387688644027,-34.3761268513333 -59.4384427066656,-34.3761253551926 -59.4384282660771,-34.3782887928628 -59.4381020999778,-34.3782872957323 -59.4380948749127,-34.3793690142178 -59.4384210452054,-34.3793705114086 -59.4384174346252,-34.3799113706091 -59.4387436070387,-34.3799128669607 -59.4387399984591,-34.3804537261432 -59.4390661729935,-34.3804552216556 -59.4390643697161,-34.3807256512439 -59.4387381941333,-34.3807241557163 -59.4387273676731,-34.3823467329021 -59.4390535495469,-34.3823482285199 -59.4390409249225,-34.3842412347935 -59.4393671141604,-34.3842427296474 -59.4393653115952,-34.3845131590819 -59.4396915019057,-34.3845146530814 -59.4396897003651,-34.3847850825188 -59.4400158917484,-34.384786575664 -59.4400140912324,-34.3850570051044 -59.4403402836883,-34.3850584973952 -59.4403366846817,-34.3855993562699 -59.4400104901284,-34.3855978639492 -59.4400086895404,-34.3858682933534 -59.4393562984084,-34.3858653060734 -59.439354495699,-34.3861357354356 -59.438375906035,-34.3861312479495 -59.4383741001553,-34.3864016772544 -59.4377217050688,-34.3863986812195 -59.4377198970676,-34.3866691104822 -59.4357627060944,-34.3866601014195 -59.4357608917765,-34.3869305305794 -59.4354346923167,-34.3869290260106 -59.4354328769259,-34.3871994551434 -59.4351066764415,-34.38719794969 -59.4351048599777,-34.3874683787955 -59.4347786584688,-34.3874668724574 -59.4347750233708,-34.3880077306019 -59.433470209187,-34.388001696433 -59.4334720309434,-34.3877312674275 -59.4328196260948,-34.3877282451564 -59.4328214499244,-34.3874578161693 -59.4321690472706,-34.3874547904505 -59.4321708731736,-34.3871843614818 -59.431844672932,-34.3871828473334 -59.4318410190042,-34.3877237052283 -59.4311886143988,-34.387720674262 -59.4311831270315,-34.3885319609223 -59.4308569216189,-34.3885304440891 -59.4308550913988,-34.3888008729365 -59.4305288849618,-34.3887993552185 -59.4305270536684,-34.3890697840385 -59.4302008462069,-34.3890682654356 -59.4301990138403,-34.3893386942283 -59.4295465968927,-34.3893356543833 -59.4295447624039,-34.3896060831333 -59.4292185529179,-34.3896045618911 -59.4292167173558,-34.3898749906138 -59.4285642963593,-34.3898719454901 -59.4285624586748,-34.3901423741701 -59.4275838242171,-34.3901377999166 -59.4275819833613,-34.3904082285384 -59.4272557708756,-34.3904067020327 -59.4272539289463,-34.3906771306271 -59.4269277154361,-34.3906756032365 -59.4269258724333,-34.3909460318034 -59.4265996578987,-34.3909445035277 -59.4265978138224,-34.3912149320673 -59.425945382729,-34.3912118728763 -59.4259435365301,-34.391482301373 -59.4252911034372,-34.3914792386727 -59.4252892551157,-34.3917496671264 -59.4246368200232,-34.3917466009167 -59.4246294180985,-34.3928283144878 -59.4243031963932,-34.3928267800167 -59.4243013448013,-34.3930972083638 -59.4239751220715,-34.3930956730076 -59.4239695640004,-34.3939069579303 -59.423643338148,-34.393905421658 -59.4236414843592,-34.394175849926 -59.4233152574824,-34.3941743127685 -59.4233115477322,-34.3947151692374 -59.4226590898562,-34.3947120922513 -59.4226572328457,-34.3949825204366 -59.4220047729703,-34.3949794399406 -59.4220010546783,-34.3955202962131 -59.4213485907052,-34.395517212176 -59.4213467294237,-34.3957876402632 -59.4206942634514,-34.3957845527159 -59.4206905366169,-34.3963254087918 -59.4197118315495,-34.3963207708544 -59.4197136981268,-34.3960503428692 -59.4200399320752,-34.3960518897025 -59.4200417975785,-34.3957814616897 -59.4197155646794,-34.3957799148719 -59.4197192977098,-34.3952390588412 -59.4200455285105,-34.3952406056278 -59.4200473939392,-34.3949701775788 -59.4203736237156,-34.3949717234801 -59.4203754880703,-34.3947012954034 -59.4207017168224,-34.3947028404195 -59.4207035801031,-34.3944324123152 -59.4213560355835,-34.394435499707 -59.4213578967411,-34.3941650715596 -59.4216841234694,-34.3941666139354 -59.4216878436119,-34.3936257575733 -59.4220140682667,-34.3936272990483 -59.4220177862118,-34.3930864426069 -59.4223440087932,-34.3930879831812 -59.4223477245412,-34.3925471266606 -59.4226739450492,-34.3925486663343 -59.4226776586,-34.3920078097344 -59.42235144019,-34.3920062700917 -59.4223551557398,-34.3914654134746 -59.4220289394526,-34.3914638729933 -59.4220307982394,-34.3911934446822 -59.421704583026,-34.3911919033468 -59.4217064428369,-34.3909214750391 -59.4200753723866,-34.3909137553957 -59.4200735073308,-34.3911841836256 -59.4190948622119,-34.3911795413575 -59.4190929939842,-34.3914499695287 -59.4184405619315,-34.391446870304 -59.4184386915809,-34.3917172984319 -59.4177862575299,-34.3917141956974 -59.4177843850564,-34.3919846237821 -59.4174581670193,-34.3919830710947 -59.4174562934718,-34.3922534991517 -59.4171300744106,-34.3922519455791 -59.4171281997892,-34.3925223736083 -59.4168019797039,-34.3925208191504 -59.4168001040084,-34.3927912471519 -59.4161476618149,-34.3927881355958 -59.4161439061526,-34.3933289915 -59.4158176829952,-34.3933274343861 -59.4158120461667,-34.3941387181049 -59.4154858198871,-34.3941371600743 -59.4154764194263,-34.3954892992858 -59.4151501879259,-34.395487740307 -59.4151483067094,-34.3957581680974 -59.415474539259,-34.3957597270919 -59.4154726590666,-34.396030154886 -59.4157988926905,-34.3960317130264 -59.4157970135223,-34.3963021408241 -59.4161232482205,-34.3963036981104 -59.4161213700765,-34.3965741259117 -59.416447605849,-34.3965756823439 -59.4164457287292,-34.3968461101488 -59.4174244393444,-34.3968507742737 -59.4174263133164,-34.3965803464218 -59.4190574929281,-34.3965881024891 -59.4190612303047,-34.3960472465931 -59.4193874642033,-34.396048795166 -59.4193818612488,-34.3968600790387 -59.4190556242024,-34.3968585304191 -59.419050017876,-34.3976698141364 -59.4187237777066,-34.3976682646002 -59.418721907832,-34.3979386924662 -59.4183956666383,-34.3979371420445 -59.4183919247156,-34.3984779977092 -59.4187181680081,-34.3984795481621 -59.4187162980587,-34.398749975992 -59.4190425424254,-34.3987515255907 -59.4190406735005,-34.3990219534241 -59.4196931644073,-34.399025050043 -59.4196912975563,-34.3992954778955 -59.4203437906615,-34.3992985710661 -59.4203419258843,-34.3995689989376 -59.4206681735236,-34.3995705442336 -59.4206663097711,-34.3998409721087 -59.4209925584846,-34.3998425165504 -59.4209906957566,-34.4001129444289 -59.421643195357,-34.4001160307336 -59.4216413347032,-34.4003864586312 -59.42196758559,-34.4003880004942 -59.4219657259608,-34.4006584283952 -59.4226182299077,-34.4006615095425 -59.422620087438,-34.4003910816105 -59.4232725893851,-34.400394159247 -59.4232744447917,-34.400123731272 -59.4242531947494,-34.4001283411561 -59.424255046983,-34.3998579131225 -59.4245812959688,-34.3998594479953 -59.4245831471283,-34.3995890199342 -59.4249093950894,-34.3995905539216 -59.4249112451748,-34.3993201258331 -59.4252374921111,-34.3993216589352 -59.4252411901092,-34.398780802691 -59.4255674349714,-34.3987823348924 -59.4255692828841,-34.3985119067368 -59.4258955267216,-34.3985134380529 -59.4258992203744,-34.3979725816747 -59.4262254621378,-34.3979741120901 -59.4262291535935,-34.3974332556328 -59.4259029139288,-34.3974317252482 -59.4259084540758,-34.3966204405181 -59.4255822175835,-34.3966189093099 -59.4255877606568,-34.3958076245174 -59.4259139940013,-34.3958091556794 -59.4259158405939,-34.3955387273757 -59.4262420729138,-34.3955402576524 -59.4262383818024,-34.3960811142786 -59.4265646162454,-34.3960826437164 -59.4265590825416,-34.3968939286113 -59.4272115577969,-34.3968969849698 -59.4272134002908,-34.3966265566528 -59.4278658735457,-34.3966296095014 -59.4278677139166,-34.3963591811415 -59.4285201851711,-34.3963622304802 -59.428522023419,-34.3960918020777 -59.429174492673,-34.3960948479066 -59.4291763287979,-34.3958244194613 -59.4295025624124,-34.3958259410557 -59.4295043974637,-34.395555512583 -59.4301568626675,-34.395558553132 -59.4301586955959,-34.3952881246167 -59.4304849271853,-34.3952896435712 -59.43048675904,-34.3950192150285 -59.4311392201936,-34.3950222502978 -59.4311410499256,-34.3947518217125 -59.4321197386914,-34.3947563680475 -59.4321215652515,-34.3944859394044 -59.4324477938396,-34.3944874530946 -59.4324496193262,-34.3942170244242 -59.4331020744771,-34.3942200491651 -59.4331038978411,-34.3939496204522 -59.4337563509909,-34.3939526416838 -59.4337581722324,-34.3936822129284 -59.4340843977946,-34.3936837222244 -59.4340862179627,-34.3934132934418 -59.4344124425,-34.3934148018529 -59.4344142615948,-34.393144373043 -59.435066708644,-34.3931473872259 -59.4350685256163,-34.3928769583736 -59.4353947481282,-34.3928784641453 -59.4353965640272,-34.3926080352658 -59.4357227855142,-34.3926095401527 -59.4357282299189,-34.3917982533964 -59.436054448283,-34.3917997573682 -59.4360617029547,-34.3907180414637 -59.436387917147,-34.3907195445053 -59.4363951672362,-34.3896378283474 -59.4367213772569,-34.3896393304589 -59.4367250000588,-34.3890984722774 -59.4370512080058,-34.3890999734891 -59.4370548286134,-34.3885591152291 -59.4373810344868,-34.388560615541 -59.4373828437055,-34.3882901863778 -59.4380352534269,-34.3882931843629 -59.4380316391607,-34.3888340427376 -59.4383578461553,-34.388835540456 -59.4383560400349,-34.3891059696404 -59.4393346643096,-34.3891104576235 -59.43933105829,-34.3896513160463 -59.4390048480766,-34.3896498208914 -59.4390030439819,-34.3899202500697 -59.4393292552442,-34.3899217452397 -59.4393256490805,-34.3904626035903 -59.4389994357203,-34.3904611083902 -59.4390012398631,-34.390190679236 -59.4386750275759,-34.3901891831814 -59.4386714171683,-34.3907300414476 -59.4383452028073,-34.3907285444932 -59.4383415902055,-34.3912694026811 -59.4380153737705,-34.391267904827 -59.4380117589744,-34.3918087629364 -59.4383379775074,-34.3918102608207 -59.4383397838685,-34.3915398317569 -59.4386660013765,-34.3915413287564 -59.4386678066645,-34.3912708996656 -59.4393202396547,-34.3912738910256 -59.4393220428207,-34.3910034618925 -59.439974473809,-34.391006449744 -59.439978075873,-34.3904655913816 -59.4406305027615,-34.3904685756944 -59.4406323016596,-34.3901981464651 -59.4419371515283,-34.3902041045956 -59.4419389462067,-34.3899336752942 -59.4429175807126,-34.3899381347164 -59.4429193722203,-34.3896677053581 -59.4442242143667,-34.3896736390203 -59.4442224270547,-34.3899440684384 -59.445527273778,-34.389949988247 -59.4455290568943,-34.3896795587693 -59.4461814783007,-34.3896825134263 -59.4461832592954,-34.3894120839069 -59.4465094689853,-34.3894135599161 -59.4465130288057,-34.3888727008113 -59.4468392364215,-34.3888741759212 -59.4468427940493,-34.3883333167385 -59.4471689995911,-34.3883347909492 -59.4471814431999,-34.3864417833259 -59.4468552449997,-34.386440309219 -59.4468605807658,-34.3856290201013 -59.4465343857355,-34.3856275451696 -59.4465379448917,-34.3850866857272 -59.4462117519825,-34.3850852099556 -59.4462153131412,-34.3845443504948 -59.4465415039531,-34.3845458262366 -59.4465432834482,-34.3842753964732 -59.446217093685,-34.3842739207463 -59.4462206547013,-34.3837330612131 -59.4465468423672,-34.3837345369103 -59.4465504011915,-34.3831936772992 -59.4462242156227,-34.3831922016317 -59.4462277764492,-34.382651342002 -59.4459015930013,-34.3826498654949 -59.4459033744275,-34.3823794356769 -59.4465557392499,-34.3823823877921 -59.4465575185553,-34.3821119579323 -59.4472098813755,-34.3821149065405 -59.4472116585601,-34.3818444766389 -59.4478640193781,-34.3818474217401 -59.447865794442,-34.3815769917968 -59.448191973838,-34.3815784630286 -59.4481901998225,-34.3818488929866 -59.4488425607824,-34.3818518328718 -59.4488443327008,-34.3815814028841 -59.449496691658,-34.3815843392624 -59.4494984614558,-34.3813139092331 -59.4501508184105,-34.3813168421046 -59.4501525860877,-34.3810464120337 -59.4504787635519,-34.3810478771508 -59.4504805301571,-34.3807774470531 -59.4508067065963,-34.3807789112861 -59.4508084721295,-34.3805084811616 -59.4511346475439,-34.3805099445105 -59.4511381764428,-34.379969084196 -59.4514643497838,-34.3799705466462 -59.4514678764919,-34.379429686254 -59.4517940477595,-34.3794311478054 -59.4517993345003,-34.3786198570826 -59.4521255026464,-34.3786213177207 -59.4521272637979,-34.378350887441 -59.4524534309191,-34.3783523471952 -59.4524639910461,-34.3767297651754 -59.4527901519009,-34.3767312239722 -59.4527919107917,-34.3764607935787 -59.4531180706217,-34.3764622514917 -59.4531198284409,-34.3761918210714 -59.4534459872461,-34.3761932781006 -59.4534495007176,-34.3756524171946 -59.4541018142054,-34.3756553285869 -59.4541053233906,-34.3751144675741 -59.4544314780732,-34.3751159219372 -59.4544349850685,-34.3745750608469 -59.4541088324822,-34.3745736065131 -59.4541123414803,-34.3740327454039 -59.4537861910137,-34.3740312902303 -59.4537897020144,-34.3734904291022 -59.4534635536674,-34.3734889730888 -59.4534670666707,-34.3729481119419 -59.4531409204432,-34.3729466550888 -59.4531426779578,-34.3726762245119 -59.4528165328018,-34.3726747668044 -59.452818291341,-34.3724043362302 -59.4524921472565,-34.3724028776683 -59.4524939068203,-34.3721324470967 -59.4521677638072,-34.3721309876806 -59.4521712849605,-34.3715901265306 -59.4518451440669,-34.3715886662748 -59.4518469056563,-34.3713182356965 -59.4515207658342,-34.3713167745864 -59.4515225284481,-34.3710463440107 -59.4511963896974,-34.3710448820464 -59.4511981533358,-34.3707744514734 -59.4508720156566,-34.3707729886548 -59.4508755449586,-34.3702321275021 -59.4505494093988,-34.370230663844 -59.4505511750625,-34.3699602332643 -59.4502250405741,-34.369958768752 -59.4502285739266,-34.369417907586 -59.4499024415575,-34.3694164422343 -59.4499042092464,-34.3691460116479 -59.4495780779487,-34.369144545442 -59.4495816153514,-34.3686036842627 -59.449255486173,-34.3686022172175 -59.4492607952436,-34.3677909254024 -59.4495869212785,-34.3677923924033 -59.4495886898738,-34.3675219617595 -59.4499148148845,-34.3675234278767 -59.4499165824084,-34.367252997206 -59.4492643345061,-34.3672500641321 -59.4492625648866,-34.3675204947733 -59.4489364399231,-34.3675190269183 -59.4489346692323,-34.3677894575326 -59.4486085432445,-34.3677879887939 -59.4486103149831,-34.3675175581944 -59.4482841900667,-34.3675160886017 -59.4482859628295,-34.3672456580049 -59.4476337151632,-34.3672427162424 -59.4476354899978,-34.3669722856632 -59.4479616127714,-34.366973756964 -59.4479651602743,-34.3664328957398 -59.448291280976,-34.3664343661422 -59.4482930536442,-34.3661639354972 -59.4486191733219,-34.3661654050159 -59.4486209449188,-34.3658949743441 -59.4476425890998,-34.3658905632258 -59.4476443638162,-34.3656201325863 -59.4469921288172,-34.3656171875264 -59.4469939056052,-34.3653467569045 -59.4466677891889,-34.3653452830861 -59.4466695670009,-34.3650748524671 -59.4456912210371,-34.3650704258439 -59.4456947828759,-34.3645295646587 -59.4450425565425,-34.3645266092922 -59.4450443395216,-34.3642561787113 -59.4447182274381,-34.3642546997398 -59.444720011441,-34.3639842691617 -59.4443939004289,-34.3639827893364 -59.4443956854556,-34.3637123587612</coordinates></LinearRing></innerBoundaryIs><innerBoundaryIs><LinearRing><coordinates>-59.3840479557098,-34.3658574959186 -59.3833957262812,-34.3658542119668 -59.3833937451244,-34.3661246394927 -59.3830676294021,-34.3661229961971 -59.3830696116066,-34.3658525686877 -59.3827434969583,-34.3658509245399 -59.3827415137062,-34.3661213520326 -59.3817631667772,-34.3661164143267 -59.3817611803556,-34.3663868417576 -59.3811089471066,-34.3663835455765 -59.3811069585633,-34.3666539729622 -59.3801286057456,-34.3666490221247 -59.3801266140326,-34.3669194494485 -59.3794743768581,-34.3669161445129 -59.3794723830233,-34.3671865717913 -59.3791462634282,-34.3671849180037 -59.379144268519,-34.3674553452534 -59.3788181479028,-34.3674536905802 -59.3788161519193,-34.3677241178012 -59.378490030282,-34.3677224622425 -59.3784840390286,-34.368533743783 -59.3781579142747,-34.3685320873054 -59.3781559160892,-34.3688025144447 -59.378482041891,-34.368804170939 -59.3784780475358,-34.3693450252148 -59.3788041754597,-34.3693466808735 -59.3788001830937,-34.3698875351343 -59.37912631314,-34.3698891899575 -59.3791243179649,-34.3701596170865 -59.3794504490856,-34.3701612710573 -59.3794484549318,-34.3704316981909 -59.3807529838718,-34.3704383054518 -59.3807549738341,-34.3701678782517 -59.3810811050876,-34.370169527878 -59.3810830939755,-34.3698991006492 -59.3814092242076,-34.36990074939 -59.3814131998083,-34.369359894863 -59.3817393279712,-34.3693615427017 -59.3817452880301,-34.3685502607709 -59.3820714130761,-34.3685519076909 -59.3820753842208,-34.3680110529769 -59.3827276302012,-34.3680143441441 -59.3827315970491,-34.3674734893154 -59.3830577179834,-34.3674751335626 -59.38305970032,-34.3672047061137 -59.3840380601383,-34.3672096335927 -59.3840479557098,-34.3658574959186</coordinates></LinearRing></innerBoundaryIs><innerBoundaryIs><LinearRing><coordinates>-59.426435718156,-34.3671452170342 -59.4261095959259,-34.3671436883744 -59.4261077519156,-34.3674141179443 -59.4264338751934,-34.3674156466195 -59.426435718156,-34.3671452170342</coordinates></LinearRing></innerBoundaryIs><innerBoundaryIs><LinearRing><coordinates>-59.4022700885142,-34.3716270310165 -59.4012916740302,-34.3716222487304 -59.4012897499561,-34.3718926768996 -59.4022681675841,-34.3718974592338 -59.4022700885142,-34.3716270310165</coordinates></LinearRing></innerBoundaryIs><innerBoundaryIs><LinearRing><coordinates>-59.4606093504068,-34.3781181278817 -59.4602831837517,-34.3781166898726 -59.460281448832,-34.3783871205292 -59.4606076165354,-34.3783885585528 -59.4606093504068,-34.3781181278817</coordinates></LinearRing></innerBoundaryIs><innerBoundaryIs><LinearRing><coordinates>-59.4191845078638,-34.3781989749556 -59.4188583432088,-34.3781974265421 -59.4188564751276,-34.3784678552767 -59.4191826408309,-34.3784694037058 -59.4191845078638,-34.3781989749556</coordinates></LinearRing></innerBoundaryIs><innerBoundaryIs><LinearRing><coordinates>-59.4668013793004,-34.3789565777019 -59.4664752090636,-34.378955156165 -59.4664734939938,-34.3792255870591 -59.466799665279,-34.3792270086104 -59.4668013793004,-34.3789565777019</coordinates></LinearRing></innerBoundaryIs><innerBoundaryIs><LinearRing><coordinates>-59.3846052611372,-34.3788412871954 -59.3842790960541,-34.3788396465987 -59.3842771167744,-34.3791100735948 -59.3846032829059,-34.3791117142081 -59.3846052611372,-34.3788412871954</coordinates></LinearRing></innerBoundaryIs><innerBoundaryIs><LinearRing><coordinates>-59.4491616575821,-34.3829350213997 -59.4485092881867,-34.3829320831348 -59.4485075151016,-34.3832025130474 -59.4478551437036,-34.3831995712755 -59.4478480427381,-34.3842812906869 -59.4491528024066,-34.3842871709901 -59.4491581155827,-34.383475881272 -59.449484302413,-34.3834773491299 -59.4494860723759,-34.383206919185 -59.4491598865942,-34.3832054513419 -59.4491616575821,-34.3829350213997</coordinates></LinearRing></innerBoundaryIs><innerBoundaryIs><LinearRing><coordinates>-59.4520955594776,-34.3832186306327 -59.4517693735076,-34.3832171697446 -59.4517658482386,-34.3837580298287 -59.4520920363058,-34.3837594907463 -59.4520955594776,-34.3832186306327</coordinates></LinearRing></innerBoundaryIs><innerBoundaryIs><LinearRing><coordinates>-59.451443187561,-34.383215707987 -59.4507908157385,-34.3832127818639 -59.4507855183623,-34.3840240718395 -59.4504593293405,-34.3840226074296 -59.4504575624527,-34.3842930373827 -59.4507837525232,-34.3842945018073 -59.4507819866605,-34.384564931763 -59.4511081778031,-34.384566395333 -59.4511099426171,-34.3842959653625 -59.4517623228756,-34.3842988898647 -59.4517640855688,-34.3840284598527 -59.4514378964765,-34.3840269980511 -59.451443187561,-34.383215707987</coordinates></LinearRing></innerBoundaryIs><innerBoundaryIs><LinearRing><coordinates>-59.4481706840924,-34.3848236217298 -59.4478444921134,-34.3848221503203 -59.4478427167655,-34.3850925801189 -59.4481689097932,-34.3850940515433 -59.4481706840924,-34.3848236217298</coordinates></LinearRing></innerBoundaryIs><innerBoundaryIs><LinearRing><coordinates>-59.4051059016347,-34.3857035897443 -59.4047797087052,-34.3857020035084 -59.4047777948328,-34.3859724312264 -59.405103988811,-34.3859740174783 -59.4051059016347,-34.3857035897443</coordinates></LinearRing></innerBoundaryIs><innerBoundaryIs><LinearRing><coordinates>-59.4057105117713,-34.3924674501356 -59.4040794160163,-34.3924595169598 -59.404077499408,-34.3927299443442 -59.4037512792846,-34.392728355084 -59.4037493616017,-34.3929987824403 -59.4030969193334,-34.3929956012791 -59.4030949995268,-34.3932660285913 -59.4024425552627,-34.3932628439193 -59.4024406333324,-34.3935332711874 -59.4021144101897,-34.3935316775309 -59.4021124871846,-34.3938021047708 -59.4017862630184,-34.3938005102286 -59.4017824148333,-34.3943413646402 -59.4014561885945,-34.3943397691961 -59.4014542634144,-34.3946101963678 -59.4008018089155,-34.3946070028383 -59.4007998816114,-34.3948774299657 -59.4004736533513,-34.3948758318803 -59.4004717249724,-34.3951462589796 -59.3998192664311,-34.3951430601674 -59.3998173359281,-34.3954134872224 -59.3994911056468,-34.3954118864956 -59.3994833791806,-34.3964935945305 -59.3998096136587,-34.3964951953218 -59.3998038216865,-34.3973064762696 -59.4001300593381,-34.3973080762394 -59.4001261999932,-34.3978489301765 -59.399799960243,-34.3978473301745 -59.3997980294827,-34.3981177571088 -59.4001242702822,-34.398119357127 -59.400120410783,-34.3986602109916 -59.4004466537069,-34.3986618101721 -59.4004447249681,-34.3989322371024 -59.400770968967,-34.3989338354292 -59.4007786795707,-34.3978521275711 -59.4020836390338,-34.3978585119224 -59.4020855624233,-34.3975880848634 -59.4024118013039,-34.3975896787607 -59.4024156459073,-34.3970488245744 -59.402741882715,-34.3970504175698 -59.402743803929,-34.3967799904425 -59.4033962755226,-34.3967831737917 -59.4033981946126,-34.3965127466204 -59.4037244293985,-34.3965143369743 -59.4037282654032,-34.3959734825633 -59.4043807308548,-34.3959766605978 -59.4043826467204,-34.3957062333423 -59.4047088784353,-34.3957078210389 -59.4047107932262,-34.3954373937553 -59.4050370239174,-34.3954389805662 -59.4050427649894,-34.394627698595 -59.4053689925586,-34.3946292844882 -59.4053728177142,-34.3940884297485 -59.4056990432107,-34.3940900147401 -59.4057047776056,-34.3932787324922 -59.4060309999802,-34.3932803165662 -59.4060348206847,-34.3927394616421 -59.4057086004082,-34.3927378775999 -59.4057105117713,-34.3924674501356</coordinates></LinearRing></innerBoundaryIs><innerBoundaryIs><LinearRing><coordinates>-59.4428978725523,-34.3929128568626 -59.4419192034291,-34.3929083969466 -59.4419174084876,-34.3931788261153 -59.4415911844453,-34.3931773377223 -59.4415893884308,-34.393447766864 -59.4412631633633,-34.3934462775863 -59.4412613662758,-34.393716706701 -59.4406089141144,-34.3937137255064 -59.4406071149046,-34.3939841545791 -59.4399546607409,-34.3939811698756 -59.4399528594089,-34.3942515989061 -59.4396266313139,-34.3942501052348 -59.4396284336951,-34.3939796762193 -59.4393022066733,-34.3939781816932 -59.4393004032429,-34.3942486106937 -59.4363643516874,-34.3942351206862 -59.4363625387907,-34.3945055495388 -59.4357100810566,-34.3945025421621 -59.4357082660373,-34.3947729709724 -59.4353820361573,-34.3947714659643 -59.4353802200647,-34.3950418947473 -59.4350539891598,-34.3950403888543 -59.4350521719937,-34.3953108176101 -59.4343997081582,-34.3953078031845 -59.4343978888695,-34.395578231898 -59.4337454230325,-34.3955752139629 -59.4337436016211,-34.395845642634 -59.4334173676898,-34.3958441323466 -59.4334155452049,-34.3961145609903 -59.4327630753167,-34.3961115377758 -59.432761250709,-34.396381966377 -59.4324350147521,-34.3963804534499 -59.4324331890709,-34.3966508820238 -59.4314544781984,-34.3966463379778 -59.431452649345,-34.396916766494 -59.4308001734533,-34.3969137327505 -59.430798342477,-34.397184161224 -59.4304721035184,-34.3971826430323 -59.4304702714684,-34.3974530714785 -59.429817791526,-34.3974500324549 -59.4298141231553,-34.3979908892499 -59.4294878811221,-34.3979893684028 -59.4294860458508,-34.3982597967669 -59.4291598027927,-34.3982582750346 -59.4291579664475,-34.3985287033714 -59.4288317223646,-34.3985271807539 -59.4288298849455,-34.3987976090632 -59.4281773947544,-34.398794561188 -59.4281755552121,-34.3990649894546 -59.4278493091039,-34.3990634641968 -59.4278474684877,-34.399333892436 -59.4275212213546,-34.399332366293 -59.4275193796645,-34.3996027945048 -59.4271931315065,-34.3996012674765 -59.4271912887424,-34.3998716956608 -59.4268650395596,-34.3998701677473 -59.4268613518589,-34.400411024049 -59.4262088493692,-34.4004079655507 -59.426207003383,-34.4006783936527 -59.4258807511256,-34.4006768630832 -59.4258789040654,-34.4009472911577 -59.4255526507831,-34.4009457597029 -59.4255508026487,-34.4012161877499 -59.4252245483416,-34.4012146554098 -59.4252226991331,-34.4014850834293 -59.4248964438011,-34.4014835502038 -59.4248945935184,-34.4017539781958 -59.4245683371616,-34.4017524440848 -59.4245646344231,-34.4022933000019 -59.4242383759919,-34.4022917649901 -59.4242346710556,-34.4028326208279 -59.424560931586,-34.4028341558707 -59.4245590801305,-34.403104583787 -59.4248853417351,-34.4031061179751 -59.4248816408492,-34.4036469738024 -59.4252079045778,-34.4036485071514 -59.4252060551474,-34.4039189350624 -59.4255323199503,-34.4039204675568 -59.425530471545,-34.4041908954712 -59.4258567374221,-34.404192427111 -59.4258548900418,-34.4044628550287 -59.4261811569932,-34.4044643858138 -59.426179310638,-34.4047348137349 -59.4265055786636,-34.4047363436654 -59.4265037333335,-34.4050067715898 -59.4268300024335,-34.4050083006656 -59.4268281581284,-34.4052787285933 -59.4271544283027,-34.4052802568144 -59.4271525850228,-34.4055506847455 -59.4274788562713,-34.4055522121119 -59.4274770140166,-34.4058226400463 -59.4278032863394,-34.405824166558 -59.4278014451099,-34.4060945944956 -59.428127718507,-34.4060961201526 -59.4281258783027,-34.4063665480935 -59.4284521527741,-34.4063680728958 -59.428450313595,-34.40663850084 -59.4287765891407,-34.4066400247874 -59.4287747509869,-34.4069104527349 -59.4294273042513,-34.4069134980501 -59.4294254681727,-34.4071839260161 -59.4300780236346,-34.4071869678814 -59.4300798576136,-34.4069165398847 -59.4310586878404,-34.4069210961107 -59.4310605186456,-34.4066506680561 -59.4313867943869,-34.4066521850425 -59.4313977724075,-34.4050296163699 -59.4317240418747,-34.4050311323947 -59.4317258704098,-34.4047607042251 -59.4320521388516,-34.4047622193646 -59.4320557937493,-34.4042213629588 -59.4323820601162,-34.4042228771977 -59.4323838864788,-34.4039524489614 -59.4327101518204,-34.403953962315 -59.4327138023734,-34.4034131057759 -59.4333663289309,-34.4034161298122 -59.4333699751882,-34.4028752731639 -59.4330437139965,-34.4028737616112 -59.4330473622557,-34.4023329049451 -59.4323948441436,-34.4023298792907 -59.4324003226474,-34.4015185942925 -59.4327265785427,-34.401520107509 -59.4327229283302,-34.402060964217 -59.4330491863489,-34.402062476594 -59.4330528344623,-34.4015216198556 -59.4333790904062,-34.4015231313322 -59.4333772674112,-34.4017935597226 -59.434029781471,-34.4017965800964 -59.4340279605508,-34.4020670085052 -59.4343542186666,-34.4020685174023 -59.4343523987717,-34.4023389458142 -59.4346786579613,-34.4023404538565 -59.4346732012798,-34.4031517390655 -59.4349994636424,-34.4031532462833 -59.4349976457497,-34.4034236746774 -59.4346713823374,-34.4034221674444 -59.4346604681744,-34.4050447374644 -59.4343341984883,-34.4050432292702 -59.4343269176958,-34.406124942315 -59.4340006438351,-34.40612343319 -59.4339970011938,-34.4066642896096 -59.4336707252578,-34.4066627795842 -59.4336616129805,-34.4080149203462 -59.4333353318197,-34.4080134093746 -59.4333335082415,-34.4082838374756 -59.4330072260552,-34.4082823256186 -59.4330054014028,-34.4085527536923 -59.4333316846391,-34.4085542655645 -59.4333298610122,-34.4088246936414 -59.4336561453227,-34.4088262046586 -59.4336579678996,-34.4085557765665 -59.4339842511844,-34.4085572866984 -59.4339824296574,-34.4088277148056 -59.435940136175,-34.4088367574137 -59.4359383209232,-34.4091071856 -59.4392011775522,-34.4091221871485 -59.4391993727754,-34.4093926154737 -59.4408308072424,-34.4094000836903 -59.4408326067695,-34.4091296552899 -59.4450743255361,-34.409148970643 -59.4450761113904,-34.4088785420362 -59.4467075375083,-34.4088859317842 -59.4467093180892,-34.408615503091 -59.4470356023342,-34.4086169784151 -59.4470373818415,-34.408346549695 -59.4473636650602,-34.4083480241341 -59.4473690002902,-34.4075367378569 -59.4476952803831,-34.4075382113813 -59.4477148295207,-34.4045634939398 -59.4480410980898,-34.4045649664311 -59.4480428740923,-34.4042945374856 -59.4477166065729,-34.4042930650092 -59.4477183836014,-34.4040226360665 -59.4480446500712,-34.4040241085281 -59.4480624085582,-34.4013198182897 -59.4477361525843,-34.4013183459763 -59.4477592487221,-34.3978027670567 -59.4474330064145,-34.3978012940661 -59.4474401163107,-34.3967195771249 -59.4471138782241,-34.3967181033238 -59.4471174351286,-34.3961772448105 -59.4467911991642,-34.3961757701693 -59.4467929786302,-34.3959053409094 -59.4464667437388,-34.3959038654133 -59.446470304698,-34.3953630068871 -59.4461440719287,-34.3953615305509 -59.4461458534219,-34.3950911012846 -59.4458196217257,-34.3950896240935 -59.4458231867392,-34.3945487655544 -59.4451707276147,-34.3945458086225 -59.4451725121842,-34.3942753793646 -59.4435413700352,-34.3942679718889 -59.4435467393379,-34.3934566842667 -59.443220514127,-34.3934552002072 -59.443222304896,-34.3931847709906 -59.4428960807581,-34.3931832860763 -59.4428978725523,-34.3929128568626</coordinates></LinearRing></innerBoundaryIs><innerBoundaryIs><LinearRing><coordinates>-59.450720166638,-34.3940299726202 -59.4487628000076,-34.3940211698415 -59.4487610270025,-34.3942915992747 -59.4484347982643,-34.3942901290861 -59.4484330241864,-34.3945605584924 -59.4481067944226,-34.3945590874193 -59.4480996936781,-34.3956408048649 -59.4484259276387,-34.3956422759973 -59.4484206049796,-34.3964535639993 -59.4487468421116,-34.3964550343063 -59.4487450688939,-34.396725463631 -59.4490713070988,-34.3967269330831 -59.4490695349067,-34.3969973624105 -59.449722013486,-34.3970002987346 -59.4497237835794,-34.3967298693776 -59.4503762601544,-34.396732802193 -59.4503780281258,-34.3964623727944 -59.4507042653994,-34.3964638378826 -59.4507060322978,-34.3961934084572 -59.4510322685457,-34.3961948726609 -59.4510340343714,-34.3959244432087 -59.4513602695935,-34.3959259065278 -59.4513637990758,-34.3953850475579 -59.451690032223,-34.3953865099777 -59.4516935595129,-34.3948456509301 -59.4513673284641,-34.3948441885397 -59.4513708577582,-34.3943033294733 -59.4507183999279,-34.3943004021421 -59.450720166638,-34.3940299726202</coordinates></LinearRing></innerBoundaryIs><innerBoundaryIs><LinearRing><coordinates>-59.3812302124541,-34.3942391531246 -59.380903987859,-34.3942375028891 -59.3809019965841,-34.3945079290313 -59.3812282222282,-34.3945095792834 -59.3812302124541,-34.3942391531246</coordinates></LinearRing></innerBoundaryIs><innerBoundaryIs><LinearRing><coordinates>-59.3913412302846,-34.3945603057226 -59.3910150038247,-34.3945586824315 -59.3910130450463,-34.3948291090725 -59.3913392725554,-34.39483073238 -59.3913412302846,-34.3945603057226</coordinates></LinearRing></innerBoundaryIs><innerBoundaryIs><LinearRing><coordinates>-59.4138414913233,-34.3960223511373 -59.4135152578499,-34.3960207877782 -59.4135114847991,-34.3965616431415 -59.413837720371,-34.3965632065321 -59.4138414913233,-34.3960223511373</coordinates></LinearRing></innerBoundaryIs><innerBoundaryIs><LinearRing><coordinates>-59.4154688986067,-34.3965710104379 -59.4148164272371,-34.396567891485 -59.4148145448711,-34.3968383192114 -59.4141620715033,-34.3968351967478 -59.4141583024988,-34.3973760521017 -59.4148107800636,-34.3973791746281 -59.4148126624799,-34.3971087469258 -59.4151389002507,-34.3971103068686 -59.4151351374917,-34.3976511622926 -59.4148088976223,-34.3976496023184 -59.4148070151559,-34.3979200299966 -59.4157857379872,-34.3979247073568 -59.4157876173057,-34.3976542796315 -59.4161138572502,-34.3976558369962 -59.4161157354943,-34.3973854092432 -59.4164419744146,-34.3973869657224 -59.4164438515844,-34.3971165379416 -59.4161176137134,-34.3971149814781 -59.4161194919075,-34.3968445537009 -59.4154670183392,-34.3968414381958 -59.4154688986067,-34.3965710104379</coordinates></LinearRing></innerBoundaryIs><innerBoundaryIs><LinearRing><coordinates>-59.4174225653475,-34.3971212021134 -59.4170963274015,-34.3971196482593 -59.4170944523302,-34.3973900760714 -59.4174206913255,-34.3973916299411 -59.4174225653475,-34.3971212021134</coordinates></LinearRing></innerBoundaryIs><innerBoundaryIs><LinearRing><coordinates>-59.4509739830938,-34.4051190378198 -59.4499951705214,-34.4051146411393 -59.4499934007462,-34.4053850701373 -59.4509722164678,-34.4053894668621 -59.4509739830938,-34.4051190378198</coordinates></LinearRing></innerBoundaryIs><innerBoundaryIs><LinearRing><coordinates>-59.4095339744485,-34.4054669148831 -59.4088814347205,-34.4054637635711 -59.4088795326315,-34.4057341906152 -59.4085532617558,-34.4057326136383 -59.4085494554022,-34.4062734676585 -59.4082231824524,-34.4062718897797 -59.4082193738978,-34.4068127437199 -59.4078930988739,-34.4068111649392 -59.4078873827023,-34.4076224457113 -59.4085399390743,-34.4076256024978 -59.4085361323656,-34.4081664563491 -59.4095149734129,-34.408171185098 -59.4095130731701,-34.4084416120532 -59.4088605103468,-34.4084384603923 -59.4088586079789,-34.4087088873036 -59.4098374554014,-34.4087136135372 -59.4098412538127,-34.4081727596074 -59.4101675342378,-34.4081743332465 -59.4101694323556,-34.4079039062477 -59.4104957117561,-34.4079054790008 -59.4104995058163,-34.4073646249352 -59.4108257831424,-34.4073661967866 -59.4108295750018,-34.4068253426411 -59.4105032997753,-34.4068237708213 -59.4105051967168,-34.4065533437463 -59.4101789225653,-34.4065517710723 -59.4101808205314,-34.406281344001 -59.4098545474549,-34.4062797704727 -59.4098583454106,-34.4057389163256 -59.4095320744589,-34.4057373419589 -59.4095339744485,-34.4054669148831</coordinates></LinearRing></innerBoundaryIs><innerBoundaryIs><LinearRing><coordinates>-59.3834324655239,-34.4053381477882 -59.3827799299391,-34.4053348572656 -59.3827779438739,-34.4056052830123 -59.3824516750715,-34.4056036364293 -59.3824477007623,-34.4061444878532 -59.3821214298869,-34.406142840367 -59.3821174533723,-34.4066836917094 -59.381791180424,-34.40668204332 -59.3817872017038,-34.4072228945809 -59.3814609266825,-34.4072212452882 -59.381454955254,-34.4080325220392 -59.3817812334248,-34.4080341713817 -59.3817772544395,-34.4085750225219 -59.3821035347364,-34.4085766710274 -59.3820916034436,-34.4101992242576 -59.3824178900664,-34.4102008719925 -59.3824139148566,-34.4107417230058 -59.3827402036058,-34.4107433699036 -59.3827382170112,-34.4110137954087 -59.3833907966888,-34.4110170866268 -59.3833927811835,-34.4107466610886 -59.383719070012,-34.4107483053758 -59.3837210534303,-34.410477879809 -59.3840473412353,-34.4104795232093 -59.3840513058927,-34.4099386720063 -59.3843775916243,-34.4099403145034 -59.3843835352626,-34.4091290375588 -59.3847098178709,-34.4091306791361 -59.3847236780873,-34.4072376990602 -59.3843974028279,-34.4072360575986 -59.384399383803,-34.4069656318417 -59.3840731096197,-34.4069639895264 -59.3840770735903,-34.4064231380094 -59.383750801533,-34.4064214948571 -59.3837547674974,-34.4058806433249 -59.3834284975658,-34.4058789993356 -59.3834324655239,-34.4053381477882</coordinates></LinearRing></innerBoundaryIs><innerBoundaryIs><LinearRing><coordinates>-59.3869997150709,-34.4083308683632 -59.3866734354278,-34.4083292329265 -59.3866714616695,-34.4085996587385 -59.3863451810029,-34.4085980224152 -59.3863412313078,-34.40913887397 -59.3860149485677,-34.4091372367436 -59.3860109966675,-34.4096780882171 -59.385684711854,-34.4096764500876 -59.3856827348145,-34.4099468757897 -59.3860090206779,-34.4099485139358 -59.3860050686197,-34.4104893653369 -59.387636508831,-34.4104975431786 -59.3876384796236,-34.4102271174018 -59.3882910537922,-34.4102303824141 -59.3882930224586,-34.4099599565923 -59.3886193085323,-34.4099615877767 -59.3886212761225,-34.4096911619265 -59.3889475611726,-34.4096927922243 -59.3889495276867,-34.4094223663455 -59.3886232436866,-34.4094207360642 -59.3886252112244,-34.4091503101898 -59.3882989283004,-34.4091486790546 -59.3883008968618,-34.4088782531846 -59.3876483331923,-34.4088749883366 -59.3876503038273,-34.4086045624874 -59.3869977423625,-34.4086012941916 -59.3869997150709,-34.4083308683632</coordinates></LinearRing></innerBoundaryIs><innerBoundaryIs><LinearRing><coordinates>-59.4512755337891,-34.4089065073413 -59.4499703915222,-34.4089006460148 -59.4499686214168,-34.4091710748441 -59.4496423348591,-34.4091696073222 -59.4496405636802,-34.4094400361246 -59.4499668512878,-34.4094415036613 -59.4499650811352,-34.4097119324664 -59.4502913698164,-34.4097133991476 -59.450293138919,-34.4094429703277 -59.4509457142522,-34.4094459010499 -59.4509474812314,-34.4091754721885 -59.4512737678834,-34.4091769362295 -59.4512755337891,-34.4089065073413</coordinates></LinearRing></innerBoundaryIs><innerBoundaryIs><LinearRing><coordinates>-59.3781881729263,-34.4085568315299 -59.3762304934598,-34.4085468647925 -59.3762284860799,-34.4088172900611 -59.3755759243719,-34.4088139608205 -59.3755739148656,-34.4090843860435 -59.3749213511649,-34.4090810532887 -59.3749193395321,-34.4093514784661 -59.3745930566721,-34.4093498107667 -59.3745870184628,-34.4101610861759 -59.3749133044725,-34.4101627539257 -59.3749072691716,-34.4109740292765 -59.3752335583579,-34.4109756962064 -59.3752295367899,-34.4115165464135 -59.375555828103,-34.4115182125067 -59.3755518085278,-34.412059062699 -59.3758781019677,-34.4120607279554 -59.3758660488998,-34.4136832783429 -59.3755397491595,-34.4136816129859 -59.3755337191137,-34.4144928879662 -59.3752074162498,-34.4144912216886 -59.375199371613,-34.4155729214262 -59.3748730645752,-34.4155712542111 -59.3748710522988,-34.4158416790985 -59.3745447442376,-34.4158400109962 -59.3745527973831,-34.4147583114412 -59.3742264935495,-34.4147566425357 -59.374228507819,-34.4144862176335 -59.3739022050624,-34.4144845478745 -59.373906235621,-34.4139436980675 -59.3735799349916,-34.4139420274717 -59.3735900161687,-34.4125899028269 -59.3739163115477,-34.4125915733387 -59.3739203417304,-34.4120507233626 -59.3742466350362,-34.4120523929704 -59.3742486490373,-34.4117819679474 -59.3739223567815,-34.4117802983564 -59.3739243718057,-34.4115098733381 -59.3735980806267,-34.4115082028937 -59.373600096674,-34.4112377778801 -59.373273806572,-34.4112361065822 -59.3732758236424,-34.4109656815735 -59.3722969566473,-34.4109606625088 -59.372294936427,-34.4112310874671 -59.3716423564649,-34.4112277370391 -59.3716403341177,-34.4114981619516 -59.3713140431271,-34.4114964854154 -59.3713120197029,-34.4117669102989 -59.3709857276893,-34.4117652328755 -59.3709877521634,-34.4114948080089 -59.3706614612268,-34.4114931297322 -59.3706513333359,-34.41284525386 -59.3709776295226,-34.4128469322212 -59.3709695309243,-34.4139286313736 -59.3706432305372,-34.4139269529449 -59.3706452562774,-34.4136565281918 -59.3703189569673,-34.4136548489096 -59.3703209837306,-34.4133844241614 -59.3699946854977,-34.4133827440258 -59.3699926576843,-34.4136531687571 -59.3696663584283,-34.4136514877343 -59.3696683872918,-34.4133810630199 -59.3693420891129,-34.4133793811437 -59.3693380292588,-34.4139202305266 -59.3690117290068,-34.4139185477462 -59.3690076669442,-34.414459397047 -59.3693339692965,-34.4144610798612 -59.3693299092259,-34.4150019291475 -59.3699825182122,-34.4150052922327 -59.3699804902367,-34.4152757168916 -59.3712857127342,-34.4152824326851 -59.371279641248,-34.416093706792 -59.3716059500905,-34.416095383615 -59.3716039272581,-34.4163658083101 -59.3725828570979,-34.4163708336075 -59.3725808373892,-34.4166412583409 -59.3742123929116,-34.4166496165126 -59.3742083639163,-34.4171904661115 -59.3745346772019,-34.4171921351682 -59.3745286366586,-34.4180034095264 -59.3748549531219,-34.418005077763 -59.3748529406042,-34.4182755025417 -59.3751792581447,-34.4182771699246 -59.3751772466504,-34.418547594708 -59.3755035652681,-34.4185492612372 -59.3755015547974,-34.4188196860253 -59.3761541942139,-34.4188230165058 -59.3761521858172,-34.4190934413153 -59.376478506616,-34.4190951052665 -59.3764764992429,-34.4193655300807 -59.3771291430215,-34.4193688554052 -59.3771271377225,-34.4196392802408 -59.3777797837088,-34.4196426021166 -59.377781786907,-34.4193721772476 -59.3784344308993,-34.419375495608 -59.37843643197,-34.4191050706935 -59.3790890739682,-34.4191083855385 -59.3790910729114,-34.4188379605786 -59.3797437129154,-34.4188412719083 -59.3797457097313,-34.418570846903 -59.3800720287228,-34.4185725012454 -59.3800760201741,-34.4180316511653 -59.3804023370915,-34.418033304604 -59.3804043317269,-34.4177628795291 -59.3807306476206,-34.4177645320807 -59.3807326411791,-34.4174941069772 -59.381058956049,-34.4174957586417 -59.3810629409858,-34.4169549083652 -59.3813892537817,-34.416956559126 -59.3813972191355,-34.4158748583615 -59.3800919849154,-34.4158682503615 -59.3800939803884,-34.4155978252067 -59.37976767295,-34.4155961710474 -59.3797696694466,-34.4153257458971 -59.379443363085,-34.4153240908841 -59.3794453606052,-34.4150536657384 -59.3791190553205,-34.4150520098716 -59.3791210538642,-34.4147815847305 -59.3787947496563,-34.41477992801 -59.3787987487641,-34.4142390777249 -59.3784724466831,-34.4142374201675 -59.3784744472472,-34.4139669950235 -59.3788007482781,-34.4139686525643 -59.3788087460675,-34.4128869518008 -59.3791350429246,-34.4128886084046 -59.3791430360875,-34.4118069073812 -59.3794693287711,-34.411808563048 -59.3794813114167,-34.4101860110506 -59.3791550250329,-34.4101843554837 -59.379159021135,-34.4096435047546 -59.3788327368778,-34.4096418483509 -59.3788347359388,-34.4093714229849 -59.378508452758,-34.4093697657277 -59.3785104528423,-34.4090993403663 -59.3781841707381,-34.4090976822556 -59.3781881729263,-34.4085568315299</coordinates></LinearRing></innerBoundaryIs><innerBoundaryIs><LinearRing><coordinates>-59.4545331248121,-34.409732386812 -59.4538805468624,-34.4097294752054 -59.4538787892858,-34.4099999041751 -59.4522473395716,-34.4099926098562 -59.4522491023981,-34.40972218096 -59.4512702360013,-34.4097177939698 -59.451268470025,-34.4099882228219 -59.4509421802231,-34.4099867587367 -59.4509404131733,-34.410257187562 -59.4499615407592,-34.4102527900405 -59.4499597705358,-34.4105232188095 -59.4502860623669,-34.410524685535 -59.45028429317,-34.4107951143067 -59.4506105860747,-34.4107965801767 -59.4506088179042,-34.411067008951 -59.4509351118824,-34.4110684739655 -59.4509333447384,-34.4113389027426 -59.4512596397903,-34.4113403669015 -59.451254341367,-34.4121516532045 -59.4541910262431,-34.4121647918686 -59.454192782957,-34.4118943629807 -59.4551716751874,-34.4118987268258 -59.4551769357382,-34.4110874399581 -59.4555032300449,-34.4110888927887 -59.4555067348619,-34.4105480347874 -59.4548541504719,-34.4105451283145 -59.4548559049454,-34.410274699325 -59.4545296138354,-34.4102732447978 -59.4545331248121,-34.409732386812</coordinates></LinearRing></innerBoundaryIs><innerBoundaryIs><LinearRing><coordinates>-59.4499650811352,-34.4097119324664 -59.4496387924776,-34.409710464915 -59.4496370212514,-34.4099808936933 -59.449963310959,-34.4099823612595 -59.4499650811352,-34.4097119324664</coordinates></LinearRing></innerBoundaryIs><innerBoundaryIs><LinearRing><coordinates>-59.428100112867,-34.4101525379999 -59.4271212455056,-34.4101479577272 -59.4271194017834,-34.4104183854411 -59.4267931116621,-34.4104168569277 -59.4267912668654,-34.4106872846141 -59.4264649757187,-34.4106857552151 -59.4264612839516,-34.411226610521 -59.4261349907294,-34.4112250802209 -59.4261312967638,-34.4117659354477 -59.4258050014662,-34.4117644042465 -59.4257976090393,-34.4128461144938 -59.4254713095661,-34.4128445823606 -59.4254620632275,-34.4141967198211 -59.4251357585282,-34.4141951867405 -59.425128356813,-34.41527689643 -59.4248020479376,-34.4152753624173 -59.4247964932414,-34.4160866445114 -59.4244701812399,-34.4160851095819 -59.4244664758853,-34.4166259642202 -59.4241401618079,-34.4166244283893 -59.4241346004397,-34.4174357102098 -59.4238082832361,-34.4174341734621 -59.4238027184944,-34.4182454551276 -59.4234763981645,-34.4182439174631 -59.4234745421507,-34.4185143446453 -59.4231482207951,-34.4185128060947 -59.4231426494544,-34.4193240875226 -59.4228163249722,-34.419322548055 -59.4228051753196,-34.420945110492 -59.4224788445594,-34.4209435700609 -59.4224472311741,-34.4255408276762 -59.4227735797952,-34.4255423683708 -59.4227587088361,-34.4277057826365 -59.4230850658885,-34.4277073225843 -59.423083207958,-34.4279777493288 -59.423409566086,-34.4279792884213 -59.4234077091816,-34.4282497151691 -59.4240604276137,-34.4282527907726 -59.4240585727864,-34.4285232175393 -59.4243849330904,-34.4285247540503 -59.4243830792893,-34.4287951808204 -59.4247094406689,-34.428796716476 -59.4247075878941,-34.4290671432495 -59.4253603128293,-34.4290702119791 -59.4253621635023,-34.4287997851747 -59.425688524956,-34.4288013182178 -59.4256940736742,-34.4279900376861 -59.4263467903501,-34.4279931010673 -59.426357874511,-34.4263705394931 -59.4266842265808,-34.4263720697851 -59.426686072804,-34.4261016427984 -59.4270124238475,-34.4261031722042 -59.4270142689953,-34.4258327451901 -59.4276669690547,-34.4258358013588 -59.4276651260085,-34.4261062284037 -59.4279914771258,-34.4261077551972 -59.4279877930612,-34.4266486092815 -59.4283141463047,-34.4266501352351 -59.4283123052864,-34.4269205622745 -59.4286386596052,-34.4269220873726 -59.4286349795968,-34.4274629414459 -59.4289613360418,-34.4274644657038 -59.4289594970517,-34.4277348927377 -59.4292858545721,-34.4277364161403 -59.4292821786201,-34.4282772702025 -59.4296085382668,-34.4282787927648 -59.429606701305,-34.4285492197932 -59.429933062027,-34.4285507415 -59.4299312260917,-34.4288211685316 -59.4302575878891,-34.4288226893829 -59.4302502481067,-34.4299043974498 -59.4305766141325,-34.4299059174914 -59.4305747801768,-34.4301763444933 -59.430901147278,-34.4301778636793 -59.4308993143488,-34.4304482906844 -59.431878418952,-34.4304528430631 -59.4318802487281,-34.4301824160122 -59.432206615927,-34.4301839317147 -59.4322084446277,-34.4299135046365 -59.4325348108,-34.4299150194529 -59.4325366384253,-34.4296445923474 -59.4331893687409,-34.4296476193371 -59.4331930197147,-34.429106765029 -59.4335193828071,-34.4291082771871 -59.4335175583833,-34.4293787043624 -59.4338439225509,-34.4293802156648 -59.4338420991537,-34.4296506428433 -59.4335157339351,-34.4296491315256 -59.4335120849659,-34.4301899858159 -59.4331857176697,-34.4301884735969 -59.4331820665012,-34.4307293278085 -59.4328556971272,-34.4307278146882 -59.4328502170388,-34.4315390958694 -59.432523844536,-34.4315375818325 -59.4325201889199,-34.4320784358625 -59.4321938143393,-34.4320769209242 -59.4321919854436,-34.4323473479058 -59.4318656098363,-34.4323458320813 -59.431863779865,-34.4326162590357 -59.4315374032309,-34.4326147423249 -59.4315300788975,-34.4336964499606 -59.4318564597362,-34.4336979667324 -59.4318509693836,-34.4345092473782 -59.4321773534003,-34.4345107633248 -59.4321736951457,-34.4350516170588 -59.4318473090265,-34.4350501010818 -59.4318491392172,-34.434779674236 -59.4315227541737,-34.4347781574032 -59.4315209229317,-34.4350485842337 -59.4311945368613,-34.4350470665146 -59.4311927045436,-34.4353174933177 -59.4308663174464,-34.4353159747123 -59.4308571502354,-34.4366681084707 -59.4315099349673,-34.4366711449632 -59.4315081035545,-34.4369415717093 -59.4318344970085,-34.4369430886642 -59.4318326666226,-34.4372135154134 -59.4321590611523,-34.4372150315125 -59.4321608904868,-34.436944604748 -59.4328136775166,-34.4369476343023 -59.4328173319071,-34.4364067806762 -59.4331437233559,-34.4364082941162 -59.4331418972242,-34.4366787209505 -59.4337946822973,-34.4366817452477 -59.433792858244,-34.4369521721004 -59.43477203919,-34.4369567020586 -59.4347738600894,-34.4366862751603 -59.4351002527353,-34.436687783389 -59.4350984328873,-34.4369582103024 -59.4357512203545,-34.4369612241767 -59.4357566735176,-34.4361499433093 -59.4360830641336,-34.4361514488944 -59.4360866973519,-34.4356105948921 -59.4367394744512,-34.4356136033885 -59.4367431033677,-34.4350727492774 -59.4364167169085,-34.4350712454951 -59.4364185323817,-34.4348008184366 -59.4370713032217,-34.4348038251 -59.4370731165682,-34.4345333979992 -59.4373995009733,-34.4345349000093 -59.4374013132444,-34.4342644728813 -59.4380540800245,-34.4342674742581 -59.4380522698558,-34.4345379014163 -59.4383786543333,-34.4345394008132 -59.4383804634507,-34.43426897364 -59.4390332303755,-34.4342719697907 -59.4390368443332,-34.4337311153477 -59.4393632257293,-34.4337326120863 -59.4393668374884,-34.433191757565 -59.440019596148,-34.4331947483692 -59.4400213998891,-34.4329243210603 -59.4403477782039,-34.4329258151408 -59.4403459755139,-34.4331962424647 -59.4406723549038,-34.4331977356893 -59.4406759581574,-34.4326568809994 -59.4413287128046,-34.4326598647756 -59.4413305122931,-34.4323894373826 -59.441983264934,-34.4323924176449 -59.441988656949,-34.4315811353033 -59.4423150301521,-34.4315826240831 -59.4423168263914,-34.4313121965968 -59.4419904542394,-34.431310707832 -59.4419940487484,-34.4307698528532 -59.4416676787225,-34.4307683632474 -59.4416712752377,-34.4302275082504 -59.4413449073378,-34.4302260178037 -59.441350305084,-34.4294147352626 -59.441023940361,-34.42941324399 -59.4410275408404,-34.4288723889323 -59.4407011782434,-34.4288708968189 -59.4407065819354,-34.4280596141869 -59.4400538631189,-34.4280566274378 -59.4400556664033,-34.4277861998997 -59.439729308082,-34.4277847052339 -59.4397311123933,-34.4275142776988 -59.4390783979245,-34.4275112857849 -59.4390838170193,-34.4267000031976 -59.4384311089519,-34.4266970078909 -59.4384329173703,-34.4264265803678 -59.4387592703411,-34.4264280784414 -59.4387610776846,-34.4261576508912 -59.4384347257646,-34.4261561528326 -59.4384365341348,-34.4258857252854 -59.438762885004,-34.4258872233289 -59.4387719212398,-34.4245350853364 -59.4384455756244,-34.4245335873683 -59.4384491920515,-34.423992732117 -59.4381228485615,-34.4239912333083 -59.4381282761735,-34.4231799503862 -59.4378019358597,-34.4231784507521 -59.4378055562484,-34.4226375954405 -59.4374792180599,-34.422636094966 -59.4374828404533,-34.4220952396364 -59.4371565043902,-34.4220937383214 -59.4371601287882,-34.4215528829737 -59.4368337948505,-34.4215513808183 -59.436837421253,-34.4210105254527 -59.4365110894404,-34.4210090224569 -59.4365183461575,-34.4199273116413 -59.4361920185712,-34.4199258078355 -59.4361956488856,-34.4193849523856 -59.4358693234243,-34.4193834477395 -59.4358711395957,-34.4191130200116 -59.4352184908468,-34.4191100081381 -59.4352221273185,-34.4185691527068 -59.4348958050813,-34.4185676454945 -59.4348994435569,-34.4180267900453 -59.4345731234446,-34.4180252819929 -59.4345749436965,-34.4177548542653 -59.4342486246588,-34.4177533453577 -59.4342522671904,-34.4172124898967 -59.4339259502777,-34.4172109801489 -59.4339277725575,-34.4169405524156 -59.4336014567194,-34.4169390418125 -59.4336051033066,-34.41639818634 -59.4332787895935,-34.4163966748969 -59.4332806139009,-34.4161262471577 -59.4329543012623,-34.4161247348594 -59.4329616024499,-34.4150430238431 -59.4326352940367,-34.4150415107353 -59.4326407728226,-34.4142302273921 -59.4323144675843,-34.4142287134596 -59.4323199493016,-34.4134174300535 -59.4319936472381,-34.4134159152963 -59.4319954754787,-34.4131454874854 -59.4316691744897,-34.4131439718732 -59.4316728329979,-34.4126031162457 -59.4313465341335,-34.4126015997936 -59.4313483644012,-34.412331171977 -59.4310220666113,-34.4123296546699 -59.4310238979046,-34.4120592268566 -59.4306976011892,-34.4120577086944 -59.4306994335081,-34.4117872808843 -59.4303731378672,-34.4117857618671 -59.4303749712118,-34.4115153340602 -59.4300486766453,-34.411513814188 -59.4300505110155,-34.4112433863843 -59.4297242175235,-34.4112418656572 -59.4297260529193,-34.4109714378568 -59.4290734681088,-34.4109683938223 -59.4290753055801,-34.4106979660404 -59.4287490142615,-34.4106964427332 -59.4287508527583,-34.4104260149546 -59.4280982722948,-34.4104229657599 -59.428100112867,-34.4101525379999</coordinates></LinearRing></innerBoundaryIs><innerBoundaryIs><LinearRing><coordinates>-59.4721425714559,-34.4114322628663 -59.4705110890324,-34.4114252118626 -59.4705093848684,-34.4116956414963 -59.4701830874017,-34.4116942286704 -59.4701813821649,-34.4119646582778 -59.4698550836708,-34.4119632445674 -59.4698533773611,-34.4122336741485 -59.4695270778397,-34.4122322595536 -59.4695253704572,-34.4125026891084 -59.4691990699085,-34.4125012736289 -59.4691973614531,-34.4127717031574 -59.468871059877,-34.4127702867933 -59.4688676407976,-34.4133111457857 -59.468541337144,-34.4133097285227 -59.4685379158731,-34.4138505874384 -59.4682116101419,-34.4138491692765 -59.4682098984221,-34.4141195987019 -59.4678835916636,-34.4141181796554 -59.4678801660551,-34.4146590384416 -59.4675538572189,-34.4146576184961 -59.4675521433302,-34.4149280478569 -59.4672258334667,-34.4149266270267 -59.4672241185049,-34.4151970563611 -59.4665714967459,-34.4151942120608 -59.4665680625527,-34.4157350706362 -59.4668943755212,-34.4157364932502 -59.466896091579,-34.4154660639542 -59.4685276515133,-34.415473163896 -59.4685293622969,-34.4152027345166 -59.4701609175499,-34.4152098126264 -59.4701592120176,-34.4154802420771 -59.4708118363785,-34.4154830672566 -59.470810132924,-34.4157534967236 -59.4714627594763,-34.4157563184498 -59.47146786347,-34.4149450299271 -59.4717941736294,-34.414946439442 -59.4717975740781,-34.4144055803383 -59.4721238821597,-34.4144069889543 -59.4721255812998,-34.4141365593702 -59.4717992742685,-34.4141351507683 -59.4718026745812,-34.4135942915923 -59.4721289795122,-34.4135957001658 -59.4721357756652,-34.4125139816125 -59.4718094749348,-34.4125125730957 -59.4718111749665,-34.4122421434413 -59.4721374746468,-34.412243551944 -59.4721425714559,-34.4114322628663</coordinates></LinearRing></innerBoundaryIs><innerBoundaryIs><LinearRing><coordinates>-59.4395130328598,-34.4112871089012 -59.4362500919916,-34.4112721148476 -59.4362482775721,-34.4115425429404 -59.435921982568,-34.4115410387333 -59.4359201670742,-34.411811466799 -59.4355938710443,-34.4118099617065 -59.4355920544763,-34.4120803897449 -59.4352657574205,-34.412078883767 -59.4352584867059,-34.4131605957394 -59.4355847879621,-34.413162101778 -59.4355793378222,-34.4139733856761 -59.435905642253,-34.4139748908898 -59.4359020108058,-34.4145157467919 -59.4362283173612,-34.4145172511654 -59.4362246879175,-34.4150581070496 -59.4365509965975,-34.415059610583 -59.4365491828897,-34.4153300385221 -59.4368754926441,-34.4153315412003 -59.4368718672564,-34.4158723970725 -59.4371981791354,-34.4158738989105 -59.4371963674556,-34.4161443268437 -59.4375226804091,-34.4161458278263 -59.4375208697554,-34.4164162557625 -59.4378471837833,-34.4164177558899 -59.4378453741558,-34.4166881838291 -59.4381716892581,-34.4166896831011 -59.4381680720314,-34.4172305389735 -59.4384943892585,-34.4172320374052 -59.4384925816593,-34.4175024653384 -59.4388188999609,-34.4175039629147 -59.438817093388,-34.4177743908509 -59.4391434127639,-34.4177758875718 -59.4391416072173,-34.418046315511 -59.4401205686407,-34.4180508004957 -59.4401115563029,-34.4194029402366 -59.4404378820775,-34.4194044335657 -59.4404342790752,-34.4199452894077 -59.4401079511997,-34.4199437960486 -59.440106148612,-34.4202142239364 -59.4397798197101,-34.4202127296917 -59.4397726049171,-34.4212944410624 -59.4400989380212,-34.4212959353673 -59.4400971353134,-34.4215663631948 -59.4407498036948,-34.4215693492228 -59.4407516043014,-34.4212989213652 -59.4410779374775,-34.4213004130582 -59.4410797370097,-34.4210299851736 -59.4414060691592,-34.421031475981 -59.4414078676168,-34.4207610480693 -59.4430395234711,-34.4207684889726 -59.4430413166522,-34.420498060974 -59.4433676468443,-34.4204995465279 -59.4433694389509,-34.4202291185022 -59.4440220973057,-34.4202320869686 -59.4440238872875,-34.4199616589009 -59.4450028718471,-34.4199661050264 -59.4450046586536,-34.419695676902 -59.4456573130448,-34.419698636603 -59.4456555283393,-34.4199690647572 -59.4466345132559,-34.4199734978242 -59.4466327316781,-34.4202439260109 -59.4472853905089,-34.4202468770658 -59.4472836110083,-34.4205173052702 -59.447936272035,-34.4205202528724 -59.4479344946117,-34.4207906810944 -59.4485871578342,-34.420793625244 -59.4485889331564,-34.4205231969923 -59.4489152637526,-34.4205246677464 -59.4489170380006,-34.4202542394679 -59.4492433675699,-34.4202557093366 -59.4492469138941,-34.4197148527139 -59.4495732413861,-34.4197163216825 -59.449580329549,-34.4186346082331 -59.4492540062588,-34.4186331393237 -59.4492593252842,-34.4178218541545 -59.4489330051688,-34.4178203844189 -59.4489383271326,-34.4170090991855 -59.4486120101919,-34.4170076286238 -59.4486155601503,-34.4164667717708 -59.4482892453339,-34.4164653003683 -59.4482927972982,-34.4159244434967 -59.447966484606,-34.4159229712534 -59.4479682616029,-34.4156525428143 -59.4476419499848,-34.4156510697154 -59.4476455060081,-34.4151102128307 -59.4469928870438,-34.4151072640808 -59.4469964471732,-34.4145664072073 -59.4463438325047,-34.4145634550353 -59.4463456146342,-34.4142930266101 -59.4460193083858,-34.4142915492334 -59.4460210915418,-34.414021120811 -59.4453684812166,-34.4140181634762 -59.4453720516579,-34.4134773066549 -59.4447194456285,-34.4134743458981 -59.4447212329138,-34.4132039174992 -59.444394930985,-34.4132024358302 -59.4443985075842,-34.4126615790259 -59.4440722077795,-34.4126600965164 -59.4440739970934,-34.4123896681111 -59.4437476983626,-34.4123881847462 -59.4437459079986,-34.4126586131366 -59.4434196082416,-34.4126571288864 -59.4434249824124,-34.411845843724 -59.4430986858295,-34.4118443586483 -59.4431004782221,-34.4115739302517 -59.4395112289406,-34.411557537145 -59.4395130328598,-34.4112871089012</coordinates></LinearRing></innerBoundaryIs><innerBoundaryIs><LinearRing><coordinates>-59.4476650624419,-34.412135499103 -59.4466861686864,-34.4121310751624 -59.4466843877969,-34.4124015036988 -59.4470106867418,-34.4124029792309 -59.4470053470815,-34.4132142648125 -59.4473316492005,-34.4132157395187 -59.4473334280608,-34.4129453109887 -59.4476597291534,-34.4129467848098 -59.4476579513431,-34.4132172133546 -59.4479842535095,-34.4132186863201 -59.4479895837188,-34.412407400605 -59.4476632847028,-34.412405927684 -59.4476650624419,-34.412135499103</coordinates></LinearRing></innerBoundaryIs><innerBoundaryIs><LinearRing><coordinates>-59.4727866802898,-34.4127872257199 -59.472460378464,-34.4127858189296 -59.4724552844658,-34.413597107869 -59.472781589442,-34.4135985147018 -59.4727866802898,-34.4127872257199</coordinates></LinearRing></innerBoundaryIs><innerBoundaryIs><LinearRing><coordinates>-59.3876227125479,-34.4123905232782 -59.3863175309262,-34.4123839822845 -59.3863155557233,-34.4126544078988 -59.3856629629702,-34.4126511321473 -59.3856609856409,-34.4129215577166 -59.3853346882538,-34.4129199185189 -59.3853307314158,-34.4134607695883 -59.3850044319549,-34.4134591294873 -59.3849984933499,-34.4142704059513 -59.3853247959612,-34.4142720461019 -59.3853228174235,-34.4145424715823 -59.3856491211113,-34.414544110879 -59.3856471435975,-34.4148145363638 -59.3862997531525,-34.4148178123791 -59.386301728566,-34.4145473868614 -59.3869543361259,-34.4145506593622 -59.3869563094128,-34.4142802337995 -59.387282612182,-34.414281868728 -59.3872865565766,-34.4137410175333 -59.3876128572719,-34.4137426515585 -59.3876227125479,-34.4123905232782</coordinates></LinearRing></innerBoundaryIs><innerBoundaryIs><LinearRing><coordinates>-59.4532050913821,-34.4132421354016 -59.4502683693362,-34.4132289727092 -59.4502665999035,-34.4134994013603 -59.4499402965215,-34.4134979344725 -59.449938526015,-34.4137683630968 -59.451243743885,-34.4137742254851 -59.4512419775556,-34.4140446541563 -59.4505893664731,-34.4140417246734 -59.4505875980198,-34.4143121533031 -59.4502612914637,-34.4143106872413 -59.4502595219366,-34.4145811158442 -59.4505858295429,-34.4145825819207 -59.4505805239708,-34.4153938677013 -59.4509068347514,-34.4153953329517 -59.450903299686,-34.4159361901079 -59.4512296125907,-34.4159376545174 -59.4512260795316,-34.4164785116548 -59.4515523945604,-34.4164799752233 -59.4515506290459,-34.4167504037887 -59.4518769451485,-34.4167518665014 -59.4518734161496,-34.4172927236255 -59.4521997343764,-34.4172941854971 -59.4521979708921,-34.4175646140558 -59.4531769288645,-34.4175689944921 -59.4531786891978,-34.4172985658893 -59.4535050075185,-34.4173000242791 -59.453508526014,-34.4167591670081 -59.4538348422575,-34.4167606244981 -59.4538366004198,-34.4164901958298 -59.4544892308764,-34.416493108169 -59.4544909869146,-34.4162226794594 -59.4548173011277,-34.4162241343087 -59.4548190560923,-34.4159537055724 -59.4551453692785,-34.4159551595366 -59.4551471231693,-34.4156847307736 -59.4548208110334,-34.415683276824 -59.4548278305641,-34.41460156171 -59.4551541384991,-34.4146030156011 -59.4551523847017,-34.4148734444123 -59.4554786937103,-34.4148748974476 -59.4554839518817,-34.4140636109338 -59.4551576460237,-34.4140621579424 -59.4551558922731,-34.4143325867778 -59.454503278527,-34.4143296781546 -59.4544997667547,-34.4148705357305 -59.4541734578163,-34.4148690800841 -59.4541752147644,-34.4145986513168 -59.4538489068996,-34.4145971948146 -59.4538524228259,-34.4140563372731 -59.4535261170849,-34.4140548799298 -59.4535243580833,-34.4143253086919 -59.4531980513156,-34.4143238504636 -59.4532015713958,-34.4137829929567 -59.4538541807538,-34.4137859084843 -59.4538559386584,-34.4135154796834 -59.4532033314007,-34.4135125641852 -59.4532050913821,-34.4132421354016</coordinates></LinearRing></innerBoundaryIs><innerBoundaryIs><LinearRing><coordinates>-59.414035755148,-34.414953824828 -59.4137094481695,-34.4149522612374 -59.4137075609462,-34.4152226880962 -59.4140338689748,-34.4152242517025 -59.414035755148,-34.414953824828</coordinates></LinearRing></innerBoundaryIs><innerBoundaryIs><LinearRing><coordinates>-59.4708084294468,-34.4160239261787 -59.4704821151544,-34.4160225139958 -59.4704804106042,-34.4162929434245 -59.4708067259469,-34.4162943556217 -59.4708084294468,-34.4160239261787</coordinates></LinearRing></innerBoundaryIs><innerBoundaryIs><LinearRing><coordinates>-59.4698260733135,-34.4165605458072 -59.4694997569886,-34.4165591309844 -59.469498049242,-34.4168295603464 -59.4698243666172,-34.4168309751834 -59.4698260733135,-34.4165605458072</coordinates></LinearRing></innerBoundaryIs><innerBoundaryIs><LinearRing><coordinates>-59.469498049242,-34.4168295603464 -59.4691717318896,-34.416828144639 -59.4691700230699,-34.4170985739747 -59.4685173863327,-34.4170957399198 -59.4685156753895,-34.4173661692149 -59.4675367173038,-34.4173619115612 -59.4675332890466,-34.4179027700295 -59.4678596104864,-34.4179041901465 -59.4678424783346,-34.4206084819081 -59.4681688103019,-34.4206099012974 -59.4681653856987,-34.4211507595336 -59.468818053904,-34.4211535957575 -59.4688163436692,-34.4214240248861 -59.4694690140668,-34.4214268576561 -59.4694673059105,-34.4216972868011 -59.4701199785003,-34.4217001161171 -59.4701250965976,-34.4208888285604 -59.470451429775,-34.4208902418697 -59.4704548396251,-34.4203493834099 -59.470781170724,-34.4203507958202 -59.4707828745645,-34.420080366558 -59.4714355347295,-34.4200831887385 -59.4714372364463,-34.4198127594359 -59.4711109074029,-34.4198113487951 -59.4711126101475,-34.4195409194946 -59.4707862821773,-34.4195395079975 -59.4707965044708,-34.4179169320265 -59.470470182826,-34.4179155197441 -59.4704718875125,-34.4176450903877 -59.4701455669408,-34.417643677249 -59.4701472726549,-34.4173732478947 -59.4694946336805,-34.4173704190342 -59.469498049242,-34.4168295603464</coordinates></LinearRing></innerBoundaryIs><innerBoundaryIs><LinearRing><coordinates>-59.4685190972532,-34.4168253106126 -59.4681927799691,-34.4168238922938 -59.4681910679983,-34.4170943215866 -59.4685173863327,-34.4170957399198 -59.4685190972532,-34.4168253106126</coordinates></LinearRing></innerBoundaryIs><innerBoundaryIs><LinearRing><coordinates>-59.4560962939633,-34.4202863754763 -59.4557699639007,-34.4202849238897 -59.4557682117135,-34.420555352477 -59.4560945428266,-34.4205568040782 -59.4560962939633,-34.4202863754763</coordinates></LinearRing></innerBoundaryIs><innerBoundaryIs><LinearRing><coordinates>-59.439125356215,-34.4204801664212 -59.4387990263347,-34.4204786695498 -59.4387972194969,-34.4207490973533 -59.4391235504278,-34.4207505942398 -59.439125356215,-34.4204801664212</coordinates></LinearRing></innerBoundaryIs><innerBoundaryIs><LinearRing><coordinates>-59.4391217446165,-34.4210210220464 -59.4387954126351,-34.4210195251448 -59.4387936057492,-34.4212899529242 -59.4391199387811,-34.4212914498409 -59.4391217446165,-34.4210210220464</coordinates></LinearRing></innerBoundaryIs><innerBoundaryIs><LinearRing><coordinates>-59.4456448196066,-34.4215916334292 -59.4446658159946,-34.421587192259 -59.4446640279708,-34.4218576202841 -59.4443376924305,-34.4218561381379 -59.4443359033324,-34.422126566136 -59.4440095667653,-34.4221250831042 -59.4440113569141,-34.421854655121 -59.4433586859528,-34.4218516864755 -59.4433568937028,-34.4221221144288 -59.4430305572074,-34.4221206287852 -59.4430269705347,-34.4226614846257 -59.4423742934131,-34.4226585106667 -59.4423724979396,-34.4229289385389 -59.4420461583641,-34.4229274502384 -59.442042565244,-34.4234683059168 -59.4423689069208,-34.4234697942473 -59.4423653158063,-34.4240106499074 -59.4426916596084,-34.4240121373971 -59.442689865066,-34.4242825652241 -59.4423635202132,-34.4242810777194 -59.4423599289551,-34.4248219333071 -59.4426862759094,-34.4248234208417 -59.4426808919951,-34.4256347041778 -59.4430072421255,-34.4256361908865 -59.4430018611484,-34.4264474741589 -59.4433282144551,-34.4264489600418 -59.4433264217991,-34.4267193877901 -59.4436527761805,-34.4267208728171 -59.4436509845514,-34.4269913005683 -59.4433246291191,-34.4269898155263 -59.4433120796907,-34.4288828093422 -59.4436384424793,-34.4288842944888 -59.4436366506592,-34.4291547221435 -59.4439630145226,-34.4291562064341 -59.4439612237295,-34.4294266340917 -59.4442875886678,-34.4294281175264 -59.4442857989019,-34.4296985451869 -59.4446121649149,-34.4297000277656 -59.4446103761762,-34.4299704554289 -59.4449367432641,-34.4299719371517 -59.4449349555525,-34.4302423648178 -59.4452613237152,-34.4302438456847 -59.4452595370309,-34.4305142733536 -59.4455859062684,-34.4305157533644 -59.4455823349303,-34.431056608696 -59.4459087062938,-34.4310580878656 -59.4459069216401,-34.4313285155282 -59.4462332940784,-34.4313299938418 -59.446231510452,-34.4316004215072 -59.4468842575021,-34.4316033755513 -59.4468824759542,-34.4318738032344 -59.4472088505659,-34.4318752789649 -59.447205289501,-34.4324161343244 -59.4475316662387,-34.4324176092137 -59.4475298867218,-34.4326880368902 -59.4478562645344,-34.4326895109234 -59.4478544860449,-34.4329599386027 -59.4481808649323,-34.4329614117796 -59.4481790874703,-34.4332318394617 -59.4485054674326,-34.4332333117825 -59.4484912552936,-34.4353967329232 -59.4488176436894,-34.4353982044915 -59.4488158681168,-34.4356686320946 -59.4491422575875,-34.4356701028065 -59.4491387084739,-34.4362109580062 -59.4497914916916,-34.4362138968761 -59.4497932641576,-34.4359434692527 -59.4501196547506,-34.4359449373662 -59.4501161118977,-34.4364857926304 -59.4507688973598,-34.4364887263032 -59.4507635892115,-34.4373000091976 -59.451089985132,-34.4373014747716 -59.4510882167535,-34.4375719023937 -59.451414613749,-34.4375733671113 -59.4514128463983,-34.4378437947361 -59.4517392444688,-34.4378452585973 -59.451737478146,-34.4381156862247 -59.4527166756527,-34.4381200726255 -59.4527131492452,-34.4386609279325 -59.4523867479498,-34.4386594666406 -59.4523849836593,-34.4389298942613 -59.4527113860061,-34.4389313555678 -59.4527078594576,-34.4394722108024 -59.4530342639309,-34.4394736712672 -59.4530325016729,-34.4397440988811 -59.4533589072211,-34.4397455584893 -59.4533571459911,-34.4400159861058 -59.4536835526144,-34.4400174448575 -59.4536800321871,-34.4405583000837 -59.4543328497102,-34.4405612150321 -59.4543310915645,-34.4408316426565 -59.4546575014127,-34.4408330988385 -59.4546557442952,-34.4411035264654 -59.455308566165,-34.4411064362449 -59.4553068111273,-34.4413768638891 -59.4559596351939,-34.4413797702128 -59.4559578822359,-34.4416501978742 -59.4579163613056,-34.4416588960227 -59.4579181079539,-34.4413884682738 -59.4585709323936,-34.4413913606574 -59.4585726769154,-34.4411209328674 -59.4588990881186,-34.4411223777378 -59.4589008315656,-34.4408519499212 -59.4595536519384,-34.4408548370191 -59.459555393259,-34.4405844091614 -59.4602082116214,-34.4405872927453 -59.4602099508157,-34.4403168648466 -59.4611891753786,-34.4403211836446 -59.4611909113951,-34.4400507556904 -59.4615173185774,-34.4400521935328 -59.4615190535192,-34.439781765552 -59.4618454596732,-34.4397832025088 -59.4618471935403,-34.4395127745015 -59.4621735986659,-34.4395142105726 -59.4621874603599,-34.4373507859646 -59.461861063646,-34.4373493500091 -59.4618627973052,-34.4370789218933 -59.4621891929677,-34.4370803578343 -59.4621909255525,-34.436809929692 -59.4618645309413,-34.4368084937654 -59.4618679981443,-34.4362676374735 -59.4621943906527,-34.4362690733712 -59.4621961231682,-34.4359986451927 -59.4625225146484,-34.4360000802049 -59.4625294402742,-34.4349183673126 -59.4628558275723,-34.434919801396 -59.4628575578698,-34.4346493731284 -59.4631839441397,-34.4346508063263 -59.4631856733629,-34.4343803780322 -59.4635120586045,-34.4343818103446 -59.4635172429822,-34.4335705253467 -59.4638436250932,-34.4335719567449 -59.4638367167485,-34.434653670109 -59.4635103304326,-34.4346522386532 -59.4635016892273,-34.436004380015 -59.4638280807997,-34.4360058115428 -59.4638211716264,-34.4370875244728 -59.4644739632511,-34.4370903850303 -59.464472238003,-34.4373608132615 -59.4641458411278,-34.4373593834039 -59.4641441148053,-34.4376298116086 -59.4638177169016,-34.4376283808655 -59.4638159895047,-34.4378988090437 -59.4634895905726,-34.4378973774151 -59.4634878621013,-34.4381678055669 -59.4638142620847,-34.4381692372099 -59.4638090796868,-34.4389805216361 -59.4647882892384,-34.4389848114678 -59.464790013573,-34.4387143832946 -59.4651164157514,-34.4387158114817 -59.4651181390116,-34.4384453832821 -59.4654445401615,-34.4384468105837 -59.4654462623472,-34.4381763823577 -59.4657726624686,-34.4381778087738 -59.4657743835799,-34.4379073805214 -59.4661007826728,-34.4379088060519 -59.4661025027098,-34.4376383777731 -59.4664289007742,-34.4376398024182 -59.4664306197368,-34.437369374113 -59.4670834138315,-34.437372220761 -59.4670885642737,-34.4365609356871 -59.4674149582012,-34.4365623576615 -59.4674132424614,-34.4368327860459 -59.4677396374631,-34.4368342071635 -59.4677413521516,-34.4365637787648 -59.4680677461249,-34.436565198997 -59.4680711733305,-34.436024342135 -59.4683975652239,-34.4360257614676 -59.4684009902356,-34.4354849045288 -59.4687273800491,-34.4354863229617 -59.468741070773,-34.4333228946101 -59.4684146893695,-34.4333214762914 -59.4684215383887,-34.4322397618834 -59.4680951612126,-34.4322383427508 -59.4681020140712,-34.431156628207 -59.4677756411224,-34.4311552082606 -59.4677807836798,-34.4303439222691 -59.4671280441571,-34.4303410798492 -59.4671297603993,-34.4300706511898 -59.4668033917232,-34.4300692286878 -59.4668051089936,-34.4297988000307 -59.4664787413914,-34.4297973766722 -59.4664770230701,-34.4300678053149 -59.4661506544398,-34.4300663810711 -59.4661523738122,-34.4297959524427 -59.4654996387224,-34.4297931013711 -59.4654979172481,-34.4300635299709 -59.4651715486866,-34.4300621031144 -59.4651698261382,-34.4303325316877 -59.4648434565487,-34.430331103946 -59.4648417329263,-34.4306015324929 -59.4645153623087,-34.4306001038659 -59.4645136376123,-34.4308705323864 -59.463860894344,-34.4308676724907 -59.4638591675224,-34.4311381009704 -59.4635327948717,-34.4311366697018 -59.4635310669761,-34.431407098155 -59.4632046932973,-34.4314056660011 -59.4632081511676,-34.4308648091114 -59.462881779614,-34.4308633761154 -59.4628835095657,-34.4305929476669 -59.4625571390862,-34.4305915138144 -59.4625623319559,-34.4297802284398 -59.4628886992823,-34.4297816622491 -59.4628921589782,-34.4292408052436 -59.4622394285524,-34.4292379368119 -59.4622411604677,-34.4289675083199 -59.4615884322361,-34.4289646364336 -59.4615901662302,-34.4286942079585 -59.460937440193,-34.4286913326177 -59.4609339679779,-34.429232189498 -59.4612603330868,-34.4292336276328 -59.461256862881,-34.4297744844939 -59.4609304956701,-34.4297730463301 -59.4609270232698,-34.430313903114 -59.46060065398,-34.4303124640505 -59.4606023912427,-34.430042035679 -59.460276023027,-34.4300405957591 -59.4602812378293,-34.4292293106159 -59.4599548727898,-34.4292278698685 -59.4599566120619,-34.4289574414778 -59.4596302480965,-34.4289559998741 -59.4596354689265,-34.4281447146732 -59.458982747371,-34.4281418289402 -59.458986232012,-34.4276009721374 -59.4586598733709,-34.4275995279938 -59.4586616167074,-34.4273290995888 -59.4583352591404,-34.4273276545889 -59.4583370035046,-34.4270572261864 -59.4580106470117,-34.4270557803302 -59.4580123924035,-34.4267853519302 -59.4576860369847,-34.4267839052177 -59.4576877834041,-34.4265134768203 -59.4573614290594,-34.4265120292516 -59.4573666713303,-34.4257007440305 -59.4567139690157,-34.4256978463683 -59.4567157184943,-34.4254274179663 -59.4560630183746,-34.4254245168502 -59.4560647699315,-34.4251540884654 -59.4544330252947,-34.4251468205103 -59.454434782082,-34.4248763921866 -59.453455738733,-34.4248720210087 -59.4534574986491,-34.4246015927168 -59.4524784586634,-34.4245972137465 -59.4524802217082,-34.4243267854866 -59.452153876144,-34.4243253241031 -59.452155640216,-34.4240548958459 -59.451829295726,-34.4240534336064 -59.4518310608252,-34.4237830053519 -59.4508520306486,-34.4237786134534 -59.4508537988763,-34.423508185231 -59.4505274565819,-34.4235067195381 -59.4505239180015,-34.4240475759414 -59.4508502623973,-34.4240490416637 -59.4508467258241,-34.4245898980482 -59.4511730723449,-34.4245913629293 -59.4511713050736,-34.4248617911182 -59.4518240002873,-34.4248647182977 -59.4518222350941,-34.425135146504 -59.4521485837869,-34.4251366088023 -59.4521468196209,-34.4254070370113 -59.4524731693881,-34.4254084984537 -59.4524714062493,-34.4256789266653 -59.4534504588441,-34.4256833058119 -59.4534486988342,-34.4259537340555 -59.453122346895,-34.425952275196 -59.4531205858108,-34.4262227034129 -59.4508361155388,-34.4262124669124 -59.4508343470754,-34.4264828950142 -59.4505079932227,-34.4264814291591 -59.4505044541236,-34.4270222852971 -59.4501780981928,-34.4270208185417 -59.4501745568976,-34.4275616746019 -59.4498481988887,-34.4275602069462 -59.4498446553974,-34.4281010629287 -59.4491919352468,-34.4280981249458 -59.4491972567538,-34.4272868410427 -59.4482181861633,-34.4272824276704 -59.4482164091987,-34.4275528556057 -59.4469109778728,-34.4275469588587 -59.4469127590409,-34.4272765309827 -59.4478918293471,-34.4272809548047 -59.447893607339,-34.4270105268721 -59.4485463188932,-34.4270134717031 -59.4485480947597,-34.4267430437288 -59.4492008043069,-34.4267459850471 -59.4492061254593,-34.4259347009631 -59.4488797738263,-34.4259332307838 -59.4488850979183,-34.4251219466357 -59.4485587494613,-34.42512047563 -59.4485569737369,-34.4253909036766 -59.4479042747923,-34.4253879590234 -59.4479078304205,-34.4248471029774 -59.4475814830853,-34.4248456293743 -59.4475850407202,-34.4243047733097 -59.447911385954,-34.4243062468831 -59.4479131636852,-34.4240358188178 -59.4475868195021,-34.4240343452593 -59.4475921557056,-34.4232230610357 -59.4472658146983,-34.4232215866509 -59.447267594436,-34.4229511585671 -59.4466149145938,-34.4229482072153 -59.4466184782006,-34.4224073510709 -59.4459658026559,-34.4224043962959 -59.4459693703701,-34.4218635401627 -59.4456430347346,-34.421862061499 -59.4456448196066,-34.4215916334292</coordinates></LinearRing></innerBoundaryIs><innerBoundaryIs><LinearRing><coordinates>-59.4417288064467,-34.4215738217351 -59.4407498036948,-34.4215693492228 -59.4407480030641,-34.4218397770683 -59.4410743383414,-34.4218412687914 -59.4410725387373,-34.4221116966399 -59.4417252114649,-34.4221146775042 -59.4417288064467,-34.4215738217351</coordinates></LinearRing></innerBoundaryIs><innerBoundaryIs><LinearRing><coordinates>-59.4560857867929,-34.4219089469067 -59.4554331140844,-34.4219060426876 -59.4554313607064,-34.4221764711879 -59.4541260113674,-34.4221706522436 -59.4541242537636,-34.4224410806733 -59.4544505921139,-34.42244253673 -59.4544470789373,-34.4229833935825 -59.4547734194123,-34.4229848487978 -59.4547716638395,-34.4232552772207 -59.4550980053885,-34.42325673158 -59.4550962508431,-34.4235271600054 -59.4554225934661,-34.4235286135086 -59.455420839948,-34.4237990419366 -59.4560735273655,-34.4238019463603 -59.4560752787823,-34.4235315179031 -59.4564016214754,-34.4235329687943 -59.4564103729561,-34.4221808262545 -59.4560840355162,-34.4221793754363 -59.4560857867929,-34.4219089469067</coordinates></LinearRing></innerBoundaryIs><innerBoundaryIs><LinearRing><coordinates>-59.4094123240522,-34.4227742234033 -59.4087596499042,-34.422771070061 -59.4087539386919,-34.4235823488396 -59.4090802789051,-34.4235839259937 -59.4090726678029,-34.4246656309264 -59.4103780457199,-34.4246719310897 -59.4103837414764,-34.4238606522181 -59.4107100828669,-34.4238622250347 -59.4107138778101,-34.4233213723616 -59.410061199257,-34.4233182259211 -59.4100630987919,-34.4230477995981 -59.4094104224413,-34.4230446497066 -59.4094123240522,-34.4227742234033</coordinates></LinearRing></innerBoundaryIs><innerBoundaryIs><LinearRing><coordinates>-59.3702277246596,-34.4258239500762 -59.3699013781079,-34.4258222691627 -59.3698973199672,-34.4263631175016 -59.3702236686204,-34.426364798449 -59.3702277246596,-34.4258239500762</coordinates></LinearRing></innerBoundaryIs><innerBoundaryIs><LinearRing><coordinates>-59.3829532740936,-34.4261592513888 -59.3823005768277,-34.4261559565739 -59.3822985876727,-34.426426381374 -59.3816458884114,-34.426423083043 -59.3816438971283,-34.4266935077977 -59.3809911958715,-34.4266902059506 -59.3809892024603,-34.4269606306601 -59.3793574445296,-34.4269523607209 -59.3793594431948,-34.4266819360947 -59.3780540415328,-34.4266753045365 -59.3780520386645,-34.426945729096 -59.3777256872649,-34.4269440690129 -59.377727691184,-34.42667364447 -59.3774013408619,-34.4266719835329 -59.377399335892,-34.426942408059 -59.3770729845458,-34.4269407462344 -59.3770749905665,-34.426670321725 -59.3760959398408,-34.4266653310768 -59.3760979489871,-34.4263949066056 -59.3757715998495,-34.4263932413314 -59.3757736100197,-34.4261228168649 -59.3744682179404,-34.4261161471281 -59.3744662035671,-34.4263865715276 -59.3741398545636,-34.4263849018998 -59.3741378391127,-34.4266553262703 -59.3738114890852,-34.426653655755 -59.3738094725567,-34.4269240800967 -59.3734831215053,-34.4269224086938 -59.373479086266,-34.4274632573072 -59.3731527331399,-34.4274615849999 -59.3731507144291,-34.4277320092717 -59.3728243602791,-34.4277303360768 -59.372820320675,-34.4282711845504 -59.3721676082524,-34.4282678354809 -59.3721655863082,-34.4285382596659 -59.3724919435569,-34.4285399346529 -59.3724858807155,-34.429351207186 -59.3728122411438,-34.4293528813527 -59.3728102211937,-34.4296233055231 -59.3724838597144,-34.4296216313395 -59.3724798176316,-34.4301624796103 -59.3728061812128,-34.4301641538276 -59.3728021411241,-34.4307050020837 -59.373454872571,-34.430708347973 -59.3734508365787,-34.4312491962482 -59.3741035723372,-34.4312525387213 -59.3740995404414,-34.4317933870153 -59.374425910463,-34.4317950569792 -59.3744238955259,-34.4320654811249 -59.3747502666254,-34.4320671502346 -59.3747482527125,-34.432337574385 -59.3757273693252,-34.4323425765389 -59.3757233477254,-34.4328834249042 -59.3760497220854,-34.4328850905805 -59.3760436926381,-34.433696363088 -59.3763700701782,-34.4336980279436 -59.3763660525151,-34.434238876255 -59.3766924321843,-34.4342405402731 -59.3766904243638,-34.4345109644275 -59.377016805111,-34.4345126275913 -59.377012791492,-34.4350534758972 -59.3773391743683,-34.4350551382235 -59.3773351627448,-34.4355959865145 -59.3776615477503,-34.4355976480032 -59.3776575381225,-34.4361384962793 -59.3779839252572,-34.4361401569304 -59.377979917625,-34.4366810051916 -59.3789590854972,-34.4366859820187 -59.378957084795,-34.4369564061813 -59.3802626465363,-34.4369630298225 -59.3802606500127,-34.4372334540395 -59.3812398247521,-34.437238412674 -59.3812378313559,-34.4375088369289 -59.3822170094884,-34.4375137877733 -59.3822150192197,-34.4377842120659 -59.3825414130349,-34.4377858606218 -59.3825394237911,-34.4380562849189 -59.3835186085499,-34.4380612254096 -59.3835166224337,-34.4383316497443 -59.3841694145081,-34.4383349390823 -59.3841674304682,-34.438605363438 -59.3874314029381,-34.438621758025 -59.3874235085716,-34.4397034559869 -59.3877499101692,-34.4397050907202 -59.3877479375633,-34.4399755151969 -59.3884007429403,-34.4399787820827 -59.3883987724111,-34.4402492065802 -59.3887251761905,-34.4402508387327 -59.3887232066865,-34.4405212632346 -59.389376016427,-34.4405245249589 -59.3893740489998,-34.4407949494815 -59.3906796730015,-34.4408014625413 -59.3906816362226,-34.4405310379532 -59.3910080412369,-34.4405326640237 -59.3910100033804,-34.4402622394072 -59.3913364073694,-34.4402638645902 -59.391340329475,-34.4397230152881 -59.3916667313871,-34.4397246395673 -59.3916706512852,-34.4391837901842 -59.391344251476,-34.4391821659378 -59.3913501342815,-34.4383708918217 -59.39069734105,-34.4383676408134 -59.3906993040357,-34.4380972161166 -59.3893937220921,-34.438090703712 -59.3893917549009,-34.4383611283433 -59.3884125655643,-34.4383562348439 -59.3884145359097,-34.4380858102618 -59.3880881405681,-34.4380841773695 -59.3880901119386,-34.4378137527918 -59.3884165062289,-34.4378153856676 -59.3884204467885,-34.4372745364431 -59.3887468390023,-34.437276168415 -59.3887488081913,-34.4370057437682 -59.3890751993801,-34.4370073748526 -59.3890811036359,-34.4361961007905 -59.389407491697,-34.4361977309546 -59.3894094586785,-34.4359273062266 -59.3890830716687,-34.4359256760789 -59.3890850396753,-34.4356552513553 -59.388758653743,-34.4356536203529 -59.3887606227747,-34.4353831956336 -59.3877814682891,-34.4353782974495 -59.3877794961037,-34.4356487221195 -59.3868003387009,-34.4356438160467 -59.3868161406767,-34.4334804187433 -59.386489763338,-34.4334787817753 -59.3864917395176,-34.4332083570745 -59.3858389870215,-34.4332050805588 -59.385840965277,-34.4329346558788 -59.3855145901196,-34.432933016331 -59.3855185486539,-34.4323921669679 -59.3858449217091,-34.4323938064827 -59.3858468998856,-34.4321233817665 -59.3861732719161,-34.4321250203939 -59.3861752490151,-34.4318545956492 -59.3865016200209,-34.4318562333892 -59.3865035960426,-34.4315858086159 -59.3868299660236,-34.4315874454685 -59.3868319409679,-34.4313170206667 -59.3871583099243,-34.4313186566319 -59.3871602837912,-34.4310482318015 -59.3874866517228,-34.4310498668794 -59.3874886245125,-34.4307794420205 -59.3878149914194,-34.430781076211 -59.3878189348178,-34.4302402264241 -59.388145299649,-34.4302418597109 -59.3881472702578,-34.4299714347828 -59.3884736340643,-34.4299730671824 -59.3884775731013,-34.4294322172572 -59.3891302965892,-34.429435479378 -59.3891283291858,-34.4297059043795 -59.38945469202,-34.42970753415 -59.3894566583726,-34.4294371091322 -59.3897830201821,-34.4294387380155 -59.3897790895527,-34.4299795880719 -59.3901054534903,-34.4299812161171 -59.3901093820178,-34.429440366028 -59.3904357438797,-34.4294419931696 -59.3904416333218,-34.4286307178962 -59.3901152746127,-34.4286290908037 -59.3901192028784,-34.4280882405938 -59.3888137767108,-34.4280817236467 -59.3888118083875,-34.4283521486921 -59.3884854508603,-34.428350517262 -59.3884834814599,-34.4286209422789 -59.3868516889632,-34.4286127719837 -59.386853663618,-34.428342347049 -59.3865273062485,-34.428340710394 -59.3865292819278,-34.4280702854637 -59.3862029256354,-34.4280686479543 -59.3862068790168,-34.4275277980904 -59.3855541707145,-34.4275245205253 -59.3855561494673,-34.4272540956082 -59.3849034433722,-34.427250814593 -59.3849054242003,-34.4269803896968 -59.3845790722431,-34.4269787478996 -59.3845810540956,-34.4267083230078 -59.3839283523621,-34.4267050368342 -59.3839303362897,-34.4264346119634 -59.3829512870401,-34.426429676222 -59.3829532740936,-34.4261592513888</coordinates></LinearRing></innerBoundaryIs><innerBoundaryIs><LinearRing><coordinates>-59.4638850674289,-34.4270816725095 -59.4629059968395,-34.4270773767393 -59.4628990780932,-34.4281590910879 -59.4632254391369,-34.4281605239398 -59.4632237104437,-34.4284309525112 -59.4635500725613,-34.4284323845066 -59.4635466172076,-34.4289732416421 -59.4638729814502,-34.4289746727955 -59.4638712547898,-34.4292451013596 -59.4655030816024,-34.4292522441354 -59.4655065243906,-34.4287113868515 -59.4658328877201,-34.4287128127653 -59.4658346080288,-34.428442384091 -59.4651818834947,-34.4284395314211 -59.4651870505889,-34.4276282454117 -59.4645343324521,-34.4276253893447 -59.4645360568726,-34.4273549606795 -59.4638833409295,-34.427352101158 -59.4638850674289,-34.4270816725095</coordinates></LinearRing></innerBoundaryIs><innerBoundaryIs><LinearRing><coordinates>-59.4234058522525,-34.4285201419049 -59.4227531318177,-34.428517062787 -59.422751272762,-34.4287874894797 -59.4224249115308,-34.4287859485991 -59.4224211912432,-34.4293268019173 -59.4220948279349,-34.4293252601348 -59.4220836601712,-34.4309478197066 -59.4224100297855,-34.4309493615822 -59.4224025883178,-34.4320310677842 -59.4227289621611,-34.4320326088509 -59.4227252433808,-34.4325734619104 -59.4230516193511,-34.4325750021372 -59.4230479025739,-34.4331158551795 -59.4233742806712,-34.4331173945663 -59.4233724232966,-34.4333878210848 -59.4236988024699,-34.4333893596161 -59.4236969461217,-34.433659786138 -59.4240233263709,-34.4336613238137 -59.4240214710492,-34.4339317503391 -59.4243478523742,-34.4339332871593 -59.424345998079,-34.434203713688 -59.42467238048,-34.4342052496527 -59.4246705272112,-34.4344756761848 -59.4259760612669,-34.4344818113951 -59.4259779103308,-34.4342113848012 -59.427936205846,-34.4342205613936 -59.427938048578,-34.4339501346953 -59.4282644301987,-34.4339516610635 -59.4282681134867,-34.4334108076001 -59.4285944930296,-34.4334123330665 -59.4286036955645,-34.4320601991201 -59.4282773212773,-34.4320586737304 -59.4282791627617,-34.4317882469202 -59.4279527895502,-34.431786720675 -59.4279546320612,-34.4315162938681 -59.4276282599253,-34.4315147667673 -59.4276301034628,-34.4312443399637 -59.4273037324025,-34.4312428120073 -59.4273055769665,-34.4309723852071 -59.4263264670863,-34.4309677961585 -59.4263283147789,-34.4306973693923 -59.4260019459191,-34.4306958379831 -59.426003794638,-34.4304254112203 -59.4256774268539,-34.4304238789555 -59.4256792765992,-34.4301534521961 -59.4253529098907,-34.4301519190758 -59.4253547606623,-34.4298814923198 -59.4247020294213,-34.4298784234975 -59.4247038822703,-34.4296079967603 -59.4243775177378,-34.4296064610583 -59.424379371613,-34.4293360343244 -59.4237266447241,-34.4293329603388 -59.4237303566042,-34.4287921068967 -59.4234039952987,-34.4287905686285 -59.4234058522525,-34.4285201419049</coordinates></LinearRing></innerBoundaryIs><innerBoundaryIs><LinearRing><coordinates>-59.395012606373,-34.428382980412 -59.3943598903525,-34.4283797497716 -59.3943559893577,-34.4289206003816 -59.3950087095818,-34.4289238310871 -59.395012606373,-34.428382980412</coordinates></LinearRing></innerBoundaryIs><innerBoundaryIs><LinearRing><coordinates>-59.3985986726679,-34.4289415377029 -59.398272312258,-34.4289399323647 -59.3982703743326,-34.4292103578461 -59.3979440128976,-34.4292087516209 -59.3979420738955,-34.4294791770741 -59.3976157114355,-34.4294775699619 -59.3976118312518,-34.4300184207997 -59.3972854667157,-34.4300168127844 -59.3972835255341,-34.430287238169 -59.3969571599728,-34.4302856292665 -59.3969435636201,-34.4321786065074 -59.3972699365386,-34.4321802155231 -59.3972660537357,-34.4327210660871 -59.3975924287822,-34.4327226742643 -59.397590488393,-34.4329930995443 -59.3979168645165,-34.4329947068668 -59.3979207431668,-34.4324538562623 -59.3988998653857,-34.4324586729068 -59.3989018015188,-34.432188247538 -59.3992281745923,-34.4321898513282 -59.3992301096485,-34.4319194259311 -59.3995564816967,-34.4319210288343 -59.3995584156761,-34.431650603409 -59.399884786699,-34.4316522054251 -59.3998925181547,-34.4305705035389 -59.3995661513359,-34.4305689015873 -59.3995719528101,-34.4297576250942 -59.39924558917,-34.4297560223202 -59.3992475239941,-34.4294855968144 -59.3989211614308,-34.4294839931856 -59.3989230972801,-34.429213567684 -59.3985967357934,-34.4292119632005 -59.3985986726679,-34.4289415377029</coordinates></LinearRing></innerBoundaryIs><innerBoundaryIs><LinearRing><coordinates>-59.4632150666318,-34.4297830951874 -59.4628886992823,-34.4297816622491 -59.4628852394943,-34.4303225192063 -59.4632116089458,-34.4303239521736 -59.4632150666318,-34.4297830951874</coordinates></LinearRing></innerBoundaryIs><innerBoundaryIs><LinearRing><coordinates>-59.42012357532,-34.4312089766238 -59.4194708343622,-34.4312058797779 -59.4194689645481,-34.4314763061945 -59.4191425930555,-34.4314747564495 -59.4191388512506,-34.4320156092153 -59.4188124776808,-34.4320140585682 -59.4188049895671,-34.4330957638925 -59.4184786118178,-34.4330942123121 -59.4184692458585,-34.4344463436178 -59.4181428628782,-34.4344447910883 -59.4181409885603,-34.4347152172976 -59.4178146045537,-34.4347136638814 -59.4178127291596,-34.434984090063 -59.4174863441268,-34.4349825357602 -59.4174844676564,-34.4352529619141 -59.4181372398494,-34.43525606968 -59.4181334910386,-34.4357969220141 -59.4184598792752,-34.4357984746218 -59.4184617526418,-34.4355280484451 -59.4197673016324,-34.4355342501026 -59.4197654324709,-34.4358046763416 -59.4204182092182,-34.4358077719752 -59.4204219433112,-34.4352669194227 -59.4207483296196,-34.4352684659018 -59.4207520615106,-34.4347276132699 -59.4210784457414,-34.4347291588468 -59.4210896345104,-34.4331066005683 -59.4207632565867,-34.4331050550847 -59.4207669880798,-34.4325642022597 -59.4204406122832,-34.4325626559363 -59.4204462124897,-34.431751376655 -59.4201198398713,-34.4317498295073 -59.42012357532,-34.4312089766238</coordinates></LinearRing></innerBoundaryIs><innerBoundaryIs><LinearRing><coordinates>-59.4432905636609,-34.432127940223 -59.4429641882839,-34.4321264540261 -59.442962394075,-34.4323968815061 -59.4432887705031,-34.432398367718 -59.4432905636609,-34.432127940223</coordinates></LinearRing></innerBoundaryIs><innerBoundaryIs><LinearRing><coordinates>-59.3998809208167,-34.4321930562957 -59.3995545476916,-34.4321914542474 -59.399550679604,-34.4327323050375 -59.3998770548313,-34.432733907118 -59.3998809208167,-34.4321930562957</coordinates></LinearRing></innerBoundaryIs><innerBoundaryIs><LinearRing><coordinates>-59.3923743454858,-34.4321559888385 -59.3917216004545,-34.432152743808 -59.3917196411975,-34.4324231688196 -59.3910668941684,-34.4324199202727 -59.3910629713716,-34.4329607701944 -59.3904102202427,-34.4329575180983 -59.3904082567028,-34.4332279430082 -59.3900818801264,-34.4332263156374 -59.3900779508659,-34.4337671653883 -59.3904043295446,-34.4337687927919 -59.3904023659262,-34.4340392176657 -59.3907287456822,-34.4340408442146 -59.3907169697298,-34.4356633933015 -59.3910433558192,-34.4356650190777 -59.3910394323951,-34.4362058687094 -59.3913658206132,-34.4362074936471 -59.3913638599132,-34.4364779184612 -59.3916902492087,-34.4364795425443 -59.3916882895339,-34.4367499673626 -59.3920146799068,-34.4367515905909 -59.3920107625815,-34.4372924402241 -59.3923371550832,-34.437294062614 -59.3923351974327,-34.4375644874287 -59.3926615910119,-34.4375661089638 -59.3926596343867,-34.4378365337828 -59.3929860290433,-34.4378381544631 -59.3929840734434,-34.4381085792863 -59.3933104691774,-34.4381101991118 -59.3933085146029,-34.4383806239392 -59.3936349114144,-34.4383822429099 -59.3936329578652,-34.4386526677415 -59.3949385495769,-34.4386591349778 -59.394942448238,-34.4381182851723 -59.3952688441282,-34.438119899771 -59.3952707923684,-34.4378494748339 -59.3955971872331,-34.4378510885452 -59.3956030286439,-34.4370398136127 -59.3952766369333,-34.43703819995 -59.3952824812646,-34.4362269249575 -59.3949560927338,-34.4362253104725 -59.3949580418436,-34.4359548854671 -59.3946316543901,-34.4359532701273 -59.3946355546343,-34.4354124201127 -59.3943091693093,-34.4354108039343 -59.3943111204437,-34.4351403789252 -59.393984736196,-34.4351387618921 -59.3939866883555,-34.4348683368871 -59.393660305185,-34.4348667189992 -59.3936661646612,-34.4340554439608 -59.3933397846704,-34.4340538252507 -59.3933456470658,-34.4332425501524 -59.3930192702544,-34.4332409306203 -59.3930231804901,-34.4327000805269 -59.392696805807,-34.4326984601564 -59.3926987619368,-34.4324280351079 -59.392372388331,-34.4324264138827 -59.3923743454858,-34.4321559888385</coordinates></LinearRing></innerBoundaryIs><innerBoundaryIs><LinearRing><coordinates>-59.3744198655711,-34.43260632938 -59.3740934923963,-34.4326046593658 -59.3740914763275,-34.4328750834584 -59.3744178505534,-34.4328767534895 -59.3744198655711,-34.43260632938</coordinates></LinearRing></innerBoundaryIs><innerBoundaryIs><LinearRing><coordinates>-59.4429570113047,-34.4332081638739 -59.4416514932176,-34.4332022101372 -59.4416496947083,-34.4334726375091 -59.4423024558064,-34.4334756161494 -59.4423006593755,-34.4337460435392 -59.4432798043557,-34.433750505012 -59.443281597633,-34.4334800775773 -59.4429552170002,-34.4334785913057 -59.4429570113047,-34.4332081638739</coordinates></LinearRing></innerBoundaryIs><innerBoundaryIs><LinearRing><coordinates>-59.4429516283193,-34.4340194461331 -59.4422988629207,-34.4340164709169 -59.442297066442,-34.4342868982826 -59.442949833943,-34.4342898735286 -59.4429516283193,-34.4340194461331</coordinates></LinearRing></innerBoundaryIs><innerBoundaryIs><LinearRing><coordinates>-59.4406651481086,-34.4342794449244 -59.4400123809432,-34.434276457484 -59.4400105770819,-34.4345468847326 -59.439684192484,-34.4345453896907 -59.4396823875475,-34.4348158169122 -59.4406615445669,-34.4348202994696 -59.4406651481086,-34.4342794449244</coordinates></LinearRing></innerBoundaryIs><innerBoundaryIs><LinearRing><coordinates>-59.4070477665359,-34.4341210611446 -59.4063950044683,-34.4341178942753 -59.406393092332,-34.4343883199285 -59.4067194744043,-34.4343899038146 -59.4067137409962,-34.4352011807496 -59.4070401262476,-34.4352027638125 -59.4070382161119,-34.4354731894493 -59.4076909887936,-34.4354763529937 -59.4076890807349,-34.4357467786502 -59.4080154681652,-34.4357483591317 -59.4080135611324,-34.4360187847921 -59.4086663381717,-34.4360219431738 -59.4086644332161,-34.4362923688538 -59.4089908228251,-34.4362939467539 -59.4089927267294,-34.436023521058 -59.4093191153125,-34.4360250980711 -59.4093210181402,-34.4357546723473 -59.4089946306083,-34.43575309535 -59.4089965344619,-34.4354826696299 -59.4086701480067,-34.4354810917774 -59.4086720528862,-34.4352106660611 -59.4083456675076,-34.4352090873534 -59.4083475734129,-34.434938661641 -59.4076948048345,-34.4349355016443 -59.4076967128169,-34.4346650759516 -59.407370329617,-34.4346634946626 -59.4073722386252,-34.4343930689737 -59.407045856502,-34.4343914868297 -59.4070477665359,-34.4341210611446</coordinates></LinearRing></innerBoundaryIs><innerBoundaryIs><LinearRing><coordinates>-59.4390296163214,-34.4348128241854 -59.4383768451917,-34.4348098279745 -59.4383750360261,-34.4350802551236 -59.4380486494461,-34.4350787556965 -59.4380450289399,-34.4356196099283 -59.4383714176224,-34.4356211093856 -59.4383732268363,-34.4353506822606 -59.439026002171,-34.4353536785319 -59.4390296163214,-34.4348128241854</coordinates></LinearRing></innerBoundaryIs><innerBoundaryIs><LinearRing><coordinates>-59.4269496741891,-34.4352976835048 -59.4259705139274,-34.4352930911042 -59.4259686647649,-34.4355635176498 -59.425642277009,-34.4355619850921 -59.4256404267706,-34.4358324116102 -59.4253140379881,-34.435830878166 -59.4253010782695,-34.4377238633467 -59.4256274744115,-34.4377253968989 -59.4256237735155,-34.4382662497299 -59.4259501717849,-34.4382677824418 -59.4259483223514,-34.4385382088546 -59.4262747216968,-34.4385397407108 -59.4262710248587,-34.4390805935311 -59.4269238278294,-34.4390836546915 -59.4269219814763,-34.4393540811143 -59.42724838405,-34.4393556104032 -59.4272465387238,-34.4396260368293 -59.4275729423736,-34.4396275652624 -59.4275710980743,-34.4398979916918 -59.4278975028001,-34.4398995192691 -59.4278956595277,-34.4401699457018 -59.4282220653297,-34.4401714724232 -59.4282202230843,-34.4404418988592 -59.4285466299623,-34.4404434247247 -59.4285447887439,-34.4407138511641 -59.430829644937,-34.4407245079358 -59.4308314787946,-34.4404540813892 -59.4311578858686,-34.440455600285 -59.4311597186502,-34.4401851737111 -59.431486124697,-34.4401866917204 -59.4314879564027,-34.4399162651192 -59.4318143614224,-34.4399177822419 -59.4318180226576,-34.4393769289728 -59.4314916197409,-34.4393754118805 -59.4314989461244,-34.4382937052584 -59.4311725474379,-34.438292187356 -59.431176212586,-34.4377513340031 -59.4298706264956,-34.4377452538045 -59.4298724632386,-34.4374748271711 -59.4295460678286,-34.4374733049589 -59.4295497433438,-34.4369324516866 -59.429223350061,-34.4369309286339 -59.4292251888333,-34.436660501995 -59.4288987966263,-34.4366589780866 -59.4289024761999,-34.4361181248031 -59.4285760861201,-34.4361166000543 -59.4285779269215,-34.4358461734098 -59.4279251489381,-34.4358431213296 -59.4279269918175,-34.4355726947038 -59.4269478281805,-34.4355681100965 -59.4269496741891,-34.4352976835048</coordinates></LinearRing></innerBoundaryIs><innerBoundaryIs><LinearRing><coordinates>-59.4220501515218,-34.4358154958154 -59.4210709860651,-34.4358108641245 -59.4210672560778,-34.4363517166909 -59.4213936466412,-34.43635326149 -59.4213917826616,-34.4366236877706 -59.4220445659654,-34.4366267747867 -59.4220501515218,-34.4358154958154</coordinates></LinearRing></innerBoundaryIs><innerBoundaryIs><LinearRing><coordinates>-59.4106208725775,-34.4365722489515 -59.4102944817904,-34.4365706753909 -59.4102925820407,-34.4368411011261 -59.4099661902276,-34.4368395266786 -59.4099642894012,-34.437109952386 -59.4096378965621,-34.4371083770515 -59.4096321907768,-34.4379196540534 -59.409305794809,-34.4379180778003 -59.4093038917785,-34.4381885034277 -59.4096302887977,-34.4381900796966 -59.4096264847634,-34.4387309309467 -59.4099528839109,-34.4387325063762 -59.4099471808237,-34.4395437832084 -59.4102735831508,-34.4395453578143 -59.4102716831225,-34.4398157834167 -59.4112508934102,-34.4398205020548 -59.4112489965111,-34.4400909276926 -59.4115754010424,-34.4400924988454 -59.41157729689,-34.4398220731917 -59.411903700395,-34.4398236434575 -59.4119188578547,-34.4376602376676 -59.4115924627611,-34.4376586675282 -59.4115943583813,-34.4373882417659 -59.4112679643644,-34.4373866707712 -59.4112698610107,-34.4371162450126 -59.4109434680704,-34.4371146731626 -59.4109453657427,-34.4368442474078 -59.4106189738791,-34.4368426747025 -59.4106208725775,-34.4365722489515</coordinates></LinearRing></innerBoundaryIs><innerBoundaryIs><LinearRing><coordinates>-59.4341156057914,-34.4374945366571 -59.4337892100643,-34.4374930257696 -59.433787385938,-34.437763452586 -59.4341137827165,-34.4377649634888 -59.4341156057914,-34.4374945366571</coordinates></LinearRing></innerBoundaryIs><innerBoundaryIs><LinearRing><coordinates>-59.3982122245616,-34.4373231166737 -59.3975594386492,-34.4373199023825 -59.3975516751787,-34.438401602609 -59.3978780723275,-34.4384032102548 -59.3978761324466,-34.4386736352974 -59.3982025306727,-34.4386752420883 -59.3982005918174,-34.438945667135 -59.3985269911208,-34.4389472730709 -59.3985250532911,-34.4392176981217 -59.3991778540781,-34.4392209074124 -59.3991797898049,-34.4389504823293 -59.3995061891857,-34.4389520856517 -59.3995119930571,-34.4381408102818 -59.3991855968306,-34.4381392070077 -59.3991875324542,-34.4378687818763 -59.3988611373049,-34.4378671777473 -59.3988630739541,-34.43759675262 -59.3982102858355,-34.4375935417808 -59.3982122245616,-34.4373231166737</coordinates></LinearRing></innerBoundaryIs><innerBoundaryIs><LinearRing><coordinates>-59.4331345924538,-34.4377604281671 -59.4324817990671,-34.4377574002637 -59.4324799707108,-34.4380278270072 -59.4321535730026,-34.4380263117335 -59.4321517435706,-34.4382967384497 -59.4318253448353,-34.4382952222896 -59.4318198532386,-34.4391065023201 -59.4321462551283,-34.4391080185259 -59.4321444255987,-34.4393784451939 -59.4324708285642,-34.4393799605438 -59.4324653429838,-34.4401912405209 -59.4331181552969,-34.4401942686986 -59.4331199817451,-34.4399238420211 -59.4334463868866,-34.4399253547879 -59.4334482122589,-34.4396549280831 -59.4337746163732,-34.4396564399635 -59.4337764406697,-34.4393860132315 -59.4344292468684,-34.4393890343482 -59.4344383574716,-34.4380369003552 -59.4331327662004,-34.4380308549411 -59.4331345924538,-34.4377604281671</coordinates></LinearRing></innerBoundaryIs><innerBoundaryIs><LinearRing><coordinates>-59.4634878621013,-34.4381678055669 -59.4631614621408,-34.4381663730526 -59.4631562734341,-34.4389776573924 -59.4634826765489,-34.4389790899499 -59.4634878621013,-34.4381678055669</coordinates></LinearRing></innerBoundaryIs><innerBoundaryIs><LinearRing><coordinates>-59.3949249034445,-34.4405521089166 -59.3942720928161,-34.4405488768131 -59.3942701411617,-34.4408193015807 -59.3929645160111,-34.4408128268543 -59.3929625601245,-34.4410832515446 -59.3926361528504,-34.4410816306687 -59.3926341958862,-34.4413520553306 -59.3923077875867,-34.4413504335671 -59.3923058295448,-34.4416208582007 -59.3919794202198,-34.4416192355497 -59.3919774611003,-34.4418896601549 -59.3913246404255,-34.4418864122064 -59.3913207179018,-34.4424272613152 -59.3916471303293,-34.4424288857577 -59.3916451700799,-34.4426993103103 -59.3919715835851,-34.4427009338979 -59.3919696243612,-34.4429713584548 -59.3929488681885,-34.4429762240389 -59.3929469120934,-34.4432466486326 -59.3932733278063,-34.4432482687678 -59.3932713727368,-34.4435186933657 -59.3939242063441,-34.4435219310546 -59.3939222533518,-34.4437923556731 -59.3945750891666,-34.4437955899093 -59.3945770400555,-34.4435251652584 -59.3955562908175,-34.4435300100292 -59.3955601862073,-34.4429891605935 -59.3958866010766,-34.4429907737421 -59.3958827077901,-34.4435316232102 -59.3965355418131,-34.4435348469583 -59.396537486366,-34.4432644221979 -59.3968639023647,-34.4432660327488 -59.3968619588635,-34.4435364575254 -59.3971883759398,-34.4435380672212 -59.3971922608131,-34.4429972176235 -59.3968658458401,-34.4429956079601 -59.3968677892895,-34.4427251831593 -59.3965413753941,-34.4427235726408 -59.3965433198693,-34.4424531478441 -59.3968697327131,-34.4424547583464 -59.3968755628283,-34.4416434838353 -59.3962227434762,-34.4416402620566 -59.3962246888993,-34.4413698372278 -59.3958982803136,-34.4413682250479 -59.3959002267623,-34.4410978002232 -59.3955738192542,-34.4410961871883 -59.3955757667285,-34.4408257623678 -59.3949229538931,-34.4408225337167 -59.3949249034445,-34.4405521089166</coordinates></LinearRing></innerBoundaryIs><innerBoundaryIs><LinearRing><coordinates>-59.4318052079075,-34.4412699152037 -59.4308259771485,-34.4412653609926 -59.4308241432175,-34.441535787503 -59.4304977319618,-34.4415342676748 -59.4304958969548,-34.4418046941578 -59.4301694846719,-34.4418031734431 -59.430160304012,-34.4431553056005 -59.4304867215531,-34.4431568263917 -59.4304848863994,-34.4434272528022 -59.4308113050166,-34.4434287727374 -59.4308076367393,-34.4439696255529 -59.4314604782538,-34.4439726628704 -59.4314586461819,-34.4442430892906 -59.4321114898976,-34.4442461231533 -59.4321096599048,-34.444516549592 -59.432436082851,-34.4445180652316 -59.4324379117921,-34.4442476387776 -59.4327643337108,-34.4442491535306 -59.4327698172328,-34.4434378740508 -59.4321169797298,-34.4434348437649 -59.4321151498101,-34.4437052702398 -59.4317887300435,-34.4437037537746 -59.4317905610149,-34.443433327315 -59.4314641423244,-34.4434318099938 -59.4314659743231,-34.4431613835374 -59.4311395567086,-34.4431598653601 -59.4311413897345,-34.4428894389069 -59.4308149731962,-34.4428879198736 -59.4308168072494,-34.4426174934236 -59.431143222736,-34.4426190124416 -59.4311450557131,-34.4423485859643 -59.4314714701725,-34.4423501040957 -59.4314751339501,-34.4418092510743 -59.4318015463307,-34.4418107683039 -59.4318052079075,-34.4412699152037</coordinates></LinearRing></innerBoundaryIs><innerBoundaryIs><LinearRing><coordinates>-59.4631285968278,-34.4433045053717 -59.4624757570163,-34.4433016371816 -59.4624722928186,-34.4438424929043 -59.463125136837,-34.4438453611521 -59.4631234068071,-34.4441157890242 -59.4634498299026,-34.4441172218555 -59.463453287836,-34.4435763660704 -59.4631268668439,-34.443574933268 -59.4631285968278,-34.4433045053717</coordinates></LinearRing></innerBoundaryIs><innerBoundaryIs><LinearRing><coordinates>-59.4644325509504,-34.4435806592498 -59.4637797088511,-34.4435777980016 -59.4637762530212,-34.4441186538154 -59.4644290993274,-34.4441215151213 -59.4644325509504,-34.4435806592498</coordinates></LinearRing></innerBoundaryIs><innerBoundaryIs><LinearRing><coordinates>-59.3935938814136,-34.4440611618381 -59.3932674625196,-34.4440595425254 -59.3932635521982,-34.4446003916367 -59.3935899731956,-34.444602010982 -59.3935938814136,-34.4440611618381</coordinates></LinearRing></innerBoundaryIs><innerBoundaryIs><LinearRing><coordinates>-59.3929390874523,-34.4443283468868 -59.3922862476912,-34.4443251038722 -59.3922823310074,-34.4448659528615 -59.3926087529783,-34.4448675748371 -59.3926107102815,-34.4445971503321 -59.3929371312268,-34.4445987714201 -59.3929390874523,-34.4443283468868</coordinates></LinearRing></innerBoundaryIs></Polygon>
  </Placemark>
</Folder>
</Document></kml>
