<?xml version="1.0" encoding="utf-8" ?>
<kml xmlns="http://www.opengis.net/kml/2.2">
<Document id="root_doc">
<Folder><name>rog_P150_24h_agua5cm</name>
  <Placemark id="rog_P150_24h_agua5cm.1">
	<name>150 mm en 24 h · h&gt;5 cm</name>
	<Style><LineStyle><color>ff0000ff</color></LineStyle><PolyStyle><fill>0</fill></PolyStyle></Style>
      <Polygon><outerBoundaryIs><LinearRing><coordinates>-59.4253576266083,-34.3817438063044 -59.4253557791734,-34.3820142351924 -59.4250295993702,-34.3820127030777 -59.4250314478536,-34.3817422742052 -59.4253576266083,-34.3817438063044</coordinates></LinearRing></outerBoundaryIs></Polygon>
  </Placemark>
  <Placemark id="rog_P150_24h_agua5cm.2">
	<name>150 mm en 24 h · h&gt;5 cm</name>
	<Style><LineStyle><color>ff0000ff</color></LineStyle><PolyStyle><fill>0</fill></PolyStyle></Style>
      <Polygon><outerBoundaryIs><LinearRing><coordinates>-59.4240529117374,-34.3817376726917 -59.4240510601085,-34.3820081015179 -59.4237248804039,-34.382006565926 -59.4237267330814,-34.3817361371152 -59.4240529117374,-34.3817376726917</coordinates></LinearRing></outerBoundaryIs></Polygon>
  </Placemark>
  <Placemark id="rog_P150_24h_agua5cm.3">
	<name>150 mm en 24 h · h&gt;5 cm</name>
	<Style><LineStyle><color>ff0000ff</color></LineStyle><PolyStyle><fill>0</fill></PolyStyle></Style>
      <Polygon><outerBoundaryIs><LinearRing><coordinates>-59.4390210838473,-34.3872159577442 -59.4390192799689,-34.387486387031 -59.4386930781704,-34.387484891127 -59.4386948830976,-34.3872144618552 -59.4390210838473,-34.3872159577442</coordinates></LinearRing></outerBoundaryIs></Polygon>
  </Placemark>
  <Placemark id="rog_P150_24h_agua5cm.4">
	<name>150 mm en 24 h · h&gt;5 cm</name>
	<Style><LineStyle><color>ff0000ff</color></LineStyle><PolyStyle><fill>0</fill></PolyStyle></Style>
      <Polygon><outerBoundaryIs><LinearRing><coordinates>-59.4393454817915,-34.3874878820655 -59.4393436789379,-34.3877583113553 -59.4390174760666,-34.3877568163057 -59.4390192799689,-34.387486387031 -59.4393454817915,-34.3874878820655</coordinates></LinearRing></outerBoundaryIs></Polygon>
  </Placemark>
  <Placemark id="rog_P150_24h_agua5cm.5">
	<name>150 mm en 24 h · h&gt;5 cm</name>
	<Style><LineStyle><color>ff0000ff</color></LineStyle><PolyStyle><fill>0</fill></PolyStyle></Style>
      <Polygon><outerBoundaryIs><LinearRing><coordinates>-59.4210651855147,-34.3892958198775 -59.4210596001602,-34.3901071048883 -59.4207333892169,-34.3901055610062 -59.4207352520755,-34.3898351326969 -59.4197566225416,-34.3898304958799 -59.419758488522,-34.3895600676051 -59.4200846972929,-34.3895616140648 -59.4200865621996,-34.3892911857625 -59.4210651855147,-34.3892958198775</coordinates></LinearRing></outerBoundaryIs></Polygon>
  </Placemark>
  <Placemark id="rog_P150_24h_agua5cm.6">
	<name>150 mm en 24 h · h&gt;5 cm</name>
	<Style><LineStyle><color>ff0000ff</color></LineStyle><PolyStyle><fill>0</fill></PolyStyle></Style>
      <Polygon><outerBoundaryIs><LinearRing><coordinates>-59.4197566225416,-34.3898304958799 -59.4197547565362,-34.3901009241425 -59.4194285456924,-34.3900993767821 -59.4194304127466,-34.3898289485351 -59.4197566225416,-34.3898304958799</coordinates></LinearRing></outerBoundaryIs></Polygon>
  </Placemark>
  <Placemark id="rog_P150_24h_agua5cm.7">
	<name>150 mm en 24 h · h&gt;5 cm</name>
	<Style><LineStyle><color>ff0000ff</color></LineStyle><PolyStyle><fill>0</fill></PolyStyle></Style>
      <Polygon><outerBoundaryIs><LinearRing><coordinates>-59.4301861865902,-34.3912316954396 -59.4301843540282,-34.3915021241358 -59.4298581371507,-34.3915006045257 -59.4298599707617,-34.3912301758448 -59.4301861865902,-34.3912316954396</coordinates></LinearRing></outerBoundaryIs></Polygon>
  </Placemark>
  <Placemark id="rog_P150_24h_agua5cm.8">
	<name>150 mm en 24 h · h&gt;5 cm</name>
	<Style><LineStyle><color>ff0000ff</color></LineStyle><PolyStyle><fill>0</fill></PolyStyle></Style>
      <Polygon><outerBoundaryIs><LinearRing><coordinates>-59.4305105709302,-34.3915036428763 -59.4305087393928,-34.3917740715757 -59.4301825214418,-34.3917725528199 -59.4301843540282,-34.3915021241358 -59.4305105709302,-34.3915036428763</coordinates></LinearRing></outerBoundaryIs></Polygon>
  </Placemark>
  <Placemark id="rog_P150_24h_agua5cm.9">
	<name>150 mm en 24 h · h&gt;5 cm</name>
	<Style><LineStyle><color>ff0000ff</color></LineStyle><PolyStyle><fill>0</fill></PolyStyle></Style>
      <Polygon><outerBoundaryIs><LinearRing><coordinates>-59.4285404045505,-34.3933875173888 -59.4285385665476,-34.3936579459119 -59.4282123413999,-34.3936564218309 -59.4282141804519,-34.3933859933231 -59.4285404045505,-34.3933875173888</coordinates></LinearRing></outerBoundaryIs></Polygon>
  </Placemark>
  <Placemark id="rog_P150_24h_agua5cm.10">
	<name>150 mm en 24 h · h&gt;5 cm</name>
	<Style><LineStyle><color>ff0000ff</color></LineStyle><PolyStyle><fill>0</fill></PolyStyle></Style>
      <Polygon><outerBoundaryIs><LinearRing><coordinates>-59.4246423712078,-34.3909353156118 -59.4246368200232,-34.3917466009167 -59.424310602514,-34.3917450665074 -59.4243050479604,-34.3925563516574 -59.4239788273287,-34.3925548163322 -59.4239751220715,-34.3930956730076 -59.4236488993664,-34.3930941367817 -59.4236451919122,-34.393634993378 -59.4233189671336,-34.3936334562514 -59.4233171123204,-34.393903884516 -59.4223384349857,-34.3938992678717 -59.4223440087932,-34.3930879831812 -59.4226702313994,-34.3930895228859 -59.4226739450492,-34.3925486663343 -59.423000165582,-34.3925502051382 -59.4230075883885,-34.3914684918282 -59.423986237547,-34.3914731028365 -59.4239880900398,-34.3912026744324 -59.4243143054264,-34.3912042096805 -59.4243161568455,-34.3909337812489 -59.4246423712078,-34.3909353156118</coordinates></LinearRing></outerBoundaryIs></Polygon>
  </Placemark>
  <Placemark id="rog_P150_24h_agua5cm.11">
	<name>150 mm en 24 h · h&gt;5 cm</name>
	<Style><LineStyle><color>ff0000ff</color></LineStyle><PolyStyle><fill>0</fill></PolyStyle></Style>
      <Polygon><outerBoundaryIs><LinearRing><coordinates>-59.4399456538407,-34.3953333149076 -59.4399438523886,-34.3956037438779 -59.4396176190477,-34.3956022501313 -59.4396194215489,-34.3953318211761 -59.4399456538407,-34.3953333149076</coordinates></LinearRing></outerBoundaryIs></Polygon>
  </Placemark>
  <Placemark id="rog_P150_24h_agua5cm.12">
	<name>150 mm en 24 h · h&gt;5 cm</name>
	<Style><LineStyle><color>ff0000ff</color></LineStyle><PolyStyle><fill>0</fill></PolyStyle></Style>
      <Polygon><outerBoundaryIs><LinearRing><coordinates>-59.4034077896787,-34.3951606105826 -59.4034058707166,-34.3954310378143 -59.4030796401532,-34.3954294466547 -59.4030815601644,-34.395159019439 -59.4034077896787,-34.3951606105826</coordinates></LinearRing></outerBoundaryIs></Polygon>
  </Placemark>
  <Placemark id="rog_P150_24h_agua5cm.13">
	<name>150 mm en 24 h · h&gt;5 cm</name>
	<Style><LineStyle><color>ff0000ff</color></LineStyle><PolyStyle><fill>0</fill></PolyStyle></Style>
      <Polygon><outerBoundaryIs><LinearRing><coordinates>-59.4396176190477,-34.3956022501313 -59.4396158165223,-34.3958726790745 -59.4392895821562,-34.3958711844431 -59.4392913857308,-34.395600755515 -59.4396176190477,-34.3956022501313</coordinates></LinearRing></outerBoundaryIs></Polygon>
  </Placemark>
  <Placemark id="rog_P150_24h_agua5cm.14">
	<name>150 mm en 24 h · h&gt;5 cm</name>
	<Style><LineStyle><color>ff0000ff</color></LineStyle><PolyStyle><fill>0</fill></PolyStyle></Style>
      <Polygon><outerBoundaryIs><LinearRing><coordinates>-59.4392895821562,-34.3958711844431 -59.439285974935,-34.3964120422631 -59.4386335020779,-34.3964090503309 -59.438635307799,-34.396138621457 -59.4389615431663,-34.396140117843 -59.4389633478141,-34.395869688942 -59.4392895821562,-34.3958711844431</coordinates></LinearRing></outerBoundaryIs></Polygon>
  </Placemark>
  <Placemark id="rog_P150_24h_agua5cm.15">
	<name>150 mm en 24 h · h&gt;5 cm</name>
	<Style><LineStyle><color>ff0000ff</color></LineStyle><PolyStyle><fill>0</fill></PolyStyle></Style>
      <Polygon><outerBoundaryIs><LinearRing><coordinates>-59.4405927203632,-34.396147586726 -59.4405909209376,-34.3964180156901 -59.4402646844009,-34.3964165236381 -59.4402628839021,-34.3966869525751 -59.4399366463402,-34.3966854596382 -59.439934844768,-34.3969558885482 -59.4396086061808,-34.3969543947265 -59.4396122113996,-34.3964135369246 -59.4399384478883,-34.3964150307162 -59.4399402494124,-34.3961446017822 -59.4405927203632,-34.396147586726</coordinates></LinearRing></outerBoundaryIs></Polygon>
  </Placemark>
  <Placemark id="rog_P150_24h_agua5cm.16">
	<name>150 mm en 24 h · h&gt;5 cm</name>
	<Style><LineStyle><color>ff0000ff</color></LineStyle><PolyStyle><fill>0</fill></PolyStyle></Style>
      <Polygon><outerBoundaryIs><LinearRing><coordinates>-59.4396086061808,-34.3969543947265 -59.4396068035354,-34.3972248236093 -59.4392805639229,-34.3972233289027 -59.4392823676177,-34.3969529000349 -59.4396086061808,-34.3969543947265</coordinates></LinearRing></outerBoundaryIs></Polygon>
  </Placemark>
  <Placemark id="rog_P150_24h_agua5cm.17">
	<name>150 mm en 24 h · h&gt;5 cm</name>
	<Style><LineStyle><color>ff0000ff</color></LineStyle><PolyStyle><fill>0</fill></PolyStyle></Style>
      <Polygon><outerBoundaryIs><LinearRing><coordinates>-59.4151389002507,-34.3971103068686 -59.4151370188837,-34.3973807345866 -59.4148107800636,-34.3973791746281 -59.4148126624799,-34.3971087469258 -59.4151389002507,-34.3971103068686</coordinates></LinearRing></outerBoundaryIs></Polygon>
  </Placemark>
  <Placemark id="rog_P150_24h_agua5cm.18">
	<name>150 mm en 24 h · h&gt;5 cm</name>
	<Style><LineStyle><color>ff0000ff</color></LineStyle><PolyStyle><fill>0</fill></PolyStyle></Style>
      <Polygon><outerBoundaryIs><LinearRing><coordinates>-59.4363389689339,-34.3980211235251 -59.4363353424396,-34.3985619808806 -59.4360090978214,-34.3985604774001 -59.43601091213,-34.3982900487435 -59.4356846685854,-34.3982885444083 -59.4356864839192,-34.3980181157548 -59.4363389689339,-34.3980211235251</coordinates></LinearRing></outerBoundaryIs></Polygon>
  </Placemark>
  <Placemark id="rog_P150_24h_agua5cm.19">
	<name>150 mm en 24 h · h&gt;5 cm</name>
	<Style><LineStyle><color>ff0000ff</color></LineStyle><PolyStyle><fill>0</fill></PolyStyle></Style>
      <Polygon><outerBoundaryIs><LinearRing><coordinates>-59.4379683739049,-34.3982990564877 -59.4379665658925,-34.398569485235 -59.4376403211537,-34.3985679861038 -59.4376421302155,-34.3982975573717 -59.4379683739049,-34.3982990564877</coordinates></LinearRing></outerBoundaryIs></Polygon>
  </Placemark>
  <Placemark id="rog_P150_24h_agua5cm.20">
	<name>150 mm en 24 h · h&gt;5 cm</name>
	<Style><LineStyle><color>ff0000ff</color></LineStyle><PolyStyle><fill>0</fill></PolyStyle></Style>
      <Polygon><outerBoundaryIs><LinearRing><coordinates>-59.4092533219158,-34.398975086603 -59.4092514214844,-34.3992455139525 -59.4089251757727,-34.3992439382264 -59.4089270772534,-34.3989735108927 -59.4092533219158,-34.398975086603</coordinates></LinearRing></outerBoundaryIs></Polygon>
  </Placemark>
  <Placemark id="rog_P150_24h_agua5cm.21">
	<name>150 mm en 24 h · h&gt;5 cm</name>
	<Style><LineStyle><color>ff0000ff</color></LineStyle><PolyStyle><fill>0</fill></PolyStyle></Style>
      <Polygon><outerBoundaryIs><LinearRing><coordinates>-59.4373086459608,-34.3993777721816 -59.4373068357532,-34.3996482008505 -59.436980586865,-34.3996466999192 -59.4369823981221,-34.3993762712654 -59.4373086459608,-34.3993777721816</coordinates></LinearRing></outerBoundaryIs></Polygon>
  </Placemark>
  <Placemark id="rog_P150_24h_agua5cm.22">
	<name>150 mm en 24 h · h&gt;5 cm</name>
	<Style><LineStyle><color>ff0000ff</color></LineStyle><PolyStyle><fill>0</fill></PolyStyle></Style>
      <Polygon><outerBoundaryIs><LinearRing><coordinates>-59.4409099637532,-34.3975012226683 -59.440908165257,-34.3977716515872 -59.4412344070881,-34.3977731419746 -59.4412290146038,-34.3985844287038 -59.4409027696247,-34.3985829382713 -59.4409009710326,-34.3988533671419 -59.440574725028,-34.3988518758246 -59.4405729253626,-34.3991223046681 -59.4402466783326,-34.3991208124659 -59.4402448775938,-34.3993912412823 -59.4399186295384,-34.3993897481952 -59.4399168277262,-34.3996601769845 -59.4392643295886,-34.3996571881704 -59.4392625256534,-34.3999276169177 -59.4382837754791,-34.3999231271271 -59.4382855825625,-34.399652698425 -59.4376330846655,-34.3996497009119 -59.4376367029578,-34.399108843532 -59.4373104561443,-34.3991073435008 -59.4373122663037,-34.3988369148078 -59.4369860205637,-34.3988354139218 -59.4369878317484,-34.3985649852319 -59.4376403211537,-34.3985679861038 -59.4376385120678,-34.398838414824 -59.4382910036683,-34.3988414122466 -59.4382928106555,-34.3985709834963 -59.4386190554425,-34.3985724808877 -59.4386208613561,-34.3983020521103 -59.4392733489036,-34.3983050442534 -59.4392751526945,-34.3980346154338 -59.4396013954549,-34.3980361101855 -59.4396031981725,-34.3977656813389 -59.4399294399076,-34.3977671752057 -59.4399312415518,-34.3974967463319 -59.4409099637532,-34.3975012226683</coordinates></LinearRing></outerBoundaryIs></Polygon>
  </Placemark>
  <Placemark id="rog_P150_24h_agua5cm.23">
	<name>150 mm en 24 h · h&gt;5 cm</name>
	<Style><LineStyle><color>ff0000ff</color></LineStyle><PolyStyle><fill>0</fill></PolyStyle></Style>
      <Polygon><outerBoundaryIs><LinearRing><coordinates>-59.4376330846655,-34.3996497009119 -59.4376312754832,-34.3999201295837 -59.4373050255215,-34.3999186295072 -59.4373068357532,-34.3996482008505 -59.4376330846655,-34.3996497009119</coordinates></LinearRing></outerBoundaryIs></Polygon>
  </Placemark>
  <Placemark id="rog_P150_24h_agua5cm.24">
	<name>150 mm en 24 h · h&gt;5 cm</name>
	<Style><LineStyle><color>ff0000ff</color></LineStyle><PolyStyle><fill>0</fill></PolyStyle></Style>
      <Polygon><outerBoundaryIs><LinearRing><coordinates>-59.4379575254691,-34.3999216287904 -59.4379557173121,-34.4001920574653 -59.4376294662768,-34.4001905582436 -59.4376312754832,-34.3999201295837 -59.4379575254691,-34.3999216287904</coordinates></LinearRing></outerBoundaryIs></Polygon>
  </Placemark>
  <Placemark id="rog_P150_24h_agua5cm.25">
	<name>150 mm en 24 h · h&gt;5 cm</name>
	<Style><LineStyle><color>ff0000ff</color></LineStyle><PolyStyle><fill>0</fill></PolyStyle></Style>
      <Polygon><outerBoundaryIs><LinearRing><coordinates>-59.394894687697,-34.3994457857344 -59.3948888476522,-34.4002570655559 -59.3945625988711,-34.4002554514905 -59.3945684420641,-34.3994441717177 -59.394894687697,-34.3994457857344</coordinates></LinearRing></outerBoundaryIs></Polygon>
  </Placemark>
  <Placemark id="rog_P150_24h_agua5cm.26">
	<name>150 mm en 24 h · h&gt;5 cm</name>
	<Style><LineStyle><color>ff0000ff</color></LineStyle><PolyStyle><fill>0</fill></PolyStyle></Style>
      <Polygon><outerBoundaryIs><LinearRing><coordinates>-59.4431234476641,-34.3588386794923 -59.4431216588763,-34.3591091102247 -59.4434477509387,-34.3591105932562 -59.4434459631744,-34.3593810239915 -59.4437720563081,-34.3593825061694 -59.4437702695673,-34.3596529369076 -59.4440963637721,-34.3596544182317 -59.4440927923139,-34.3601952797017 -59.4447449849844,-34.3601982398039 -59.4447432013144,-34.3604686705506 -59.4450692987327,-34.3604701493136 -59.4450675160864,-34.3607405800632 -59.4453936145759,-34.3607420579725 -59.4453918329532,-34.3610124887249 -59.4457179325139,-34.3610139657804 -59.4457161519149,-34.3612843965357 -59.4460422525467,-34.3612858727374 -59.4460404729715,-34.3615563034954 -59.4463665746745,-34.3615577788433 -59.446364796123,-34.3618282096042 -59.4466908988972,-34.3618296840983 -59.4466891213695,-34.3621001148619 -59.4470152252149,-34.3621015885022 -59.447013448711,-34.3623720192686 -59.4473395536275,-34.362373492055 -59.4473360026437,-34.3629143535815 -59.447662109679,-34.3629158255288 -59.4476603351992,-34.3631862562888 -59.4479864433056,-34.3631877273822 -59.4479846698497,-34.3634581581449 -59.4483107790274,-34.3634596283844 -59.4483090065954,-34.3637300591499 -59.4486351168442,-34.3637315285355 -59.4486333454362,-34.3640019593037 -59.4492855680999,-34.3640048954982 -59.4492837987634,-34.364275326284 -59.4496099111783,-34.3642767930928 -59.4496063745299,-34.3648176546578 -59.4499324890636,-34.3648191206274 -59.4499307217517,-34.3650895514066 -59.4502568373565,-34.3650910165222 -59.4502533047574,-34.3656318780739 -59.4505794224811,-34.3656333423502 -59.4505776571939,-34.3659037731227 -59.4509037759888,-34.3659052365449 -59.4509020117258,-34.3661756673201 -59.451228131592,-34.3661771298883 -59.4512246050908,-34.366717991432 -59.4515507270759,-34.3667194531607 -59.4515472025763,-34.3672603146857 -59.4518733266804,-34.367261775575 -59.4518698041824,-34.3678026370812 -59.4521959304055,-34.3678040971311 -59.4521924099092,-34.3683449586185 -59.4525185382513,-34.3683464178289 -59.4525167790158,-34.3686168485692 -59.4528429084293,-34.3686183069254 -59.4528411502182,-34.3688887376684 -59.4531672807029,-34.3688901951704 -59.4531637663061,-34.3694310566494 -59.45348989891,-34.3694325133118 -59.4534881427244,-34.369702944048 -59.4538142763995,-34.3697043998561 -59.4538090108459,-34.3705156920362 -59.4541351476882,-34.3705171470194 -59.454131639298,-34.3710580084418 -59.4544577782596,-34.3710594625853 -59.4544560250774,-34.3713298932931 -59.4547821651104,-34.3713313465822 -59.4547804129528,-34.3716017772926 -59.4551065540571,-34.3716032297274 -59.4551048029241,-34.3718736604404 -59.4554309450997,-34.3718751120207 -59.4554274448599,-34.3724159734397 -59.4557535891549,-34.3724174241803 -59.455751840048,-34.3726878548863 -59.4560779854144,-34.3726893047725 -59.4560762373322,-34.3729597354811 -59.4564023837699,-34.3729611845128 -59.4564006367126,-34.3732316152239 -59.4567267842216,-34.3732330634011 -59.4567232921333,-34.3737739248164 -59.4570494417617,-34.3737753721537 -59.4570476967308,-34.3740458028579 -59.4573738474306,-34.3740472493407 -59.4573686153426,-34.3748585414245 -59.4576947692101,-34.3748599870819 -59.4576912831315,-34.37540084844 -59.4580174391186,-34.3754022932574 -59.4580139550435,-34.3759431545964 -59.4583401131503,-34.3759445985738 -59.4583366310788,-34.3764854598937 -59.4586627913052,-34.3764869030309 -59.4586593112374,-34.3770277643317 -59.4589854735835,-34.3770292066288 -59.4589819955195,-34.3775700679104 -59.4593081599854,-34.3775715093674 -59.4593046839253,-34.3781123706298 -59.459630850511,-34.3781138112466 -59.4596291134945,-34.3783842418743 -59.4599552811517,-34.3783856816363 -59.4599518091461,-34.3789265428845 -59.4602779789231,-34.3789279818063 -59.4602745089217,-34.3794688430353 -59.4606006808186,-34.3794702811168 -59.4606024147825,-34.3791998504939 -59.4609285856541,-34.3792012876917 -59.4609268527386,-34.3794717183291 -59.4612530246817,-34.3794731546721 -59.4612547565488,-34.3792027240203 -59.4615809274666,-34.3792041594796 -59.4615826582622,-34.3789337288013 -59.4622349980702,-34.3789365970833 -59.462236726746,-34.378666166364 -59.4628890645494,-34.3786690311402 -59.4628907911055,-34.37839860038 -59.4635431269043,-34.3784014616504 -59.4635448513406,-34.3781310308494 -59.4641971851346,-34.3781338886141 -59.4641989074514,-34.3778634577723 -59.4645250733345,-34.3778648853365 -59.4645267945799,-34.3775944544682 -59.4651791243183,-34.3775973069602 -59.4651808434443,-34.3773268760511 -59.4668116629495,-34.3773339919985 -59.4668099490651,-34.3776044229792 -59.4674622791238,-34.3776072633023 -59.4674605673132,-34.3778776942996 -59.4681128995597,-34.3778805311745 -59.468111189823,-34.3781509621883 -59.4674588554797,-34.3781481252848 -59.4674571436235,-34.3784185562579 -59.4671309754378,-34.3784171364881 -59.4671292625103,-34.3786875674349 -59.466803093299,-34.3786861467815 -59.4668013793004,-34.3789565777019 -59.4658228686586,-34.3789523104833 -59.465821151492,-34.3792227413488 -59.4651688090817,-34.3792198921615 -59.4651670897954,-34.3794903229862 -59.46451474538,-34.3794874702931 -59.464513023974,-34.3797579010771 -59.4635345043777,-34.3797536154749 -59.4635327798035,-34.3800240462036 -59.462880431424,-34.3800211847603 -59.4628787047299,-34.3802916154482 -59.4625525295262,-34.3802901834082 -59.4625508017606,-34.3805606140696 -59.4622246255316,-34.3805591811459 -59.4622228966945,-34.3808296117809 -59.46189671944,-34.3808281779734 -59.4618932595997,-34.3813690391783 -59.4622194389512,-34.3813704730146 -59.462217710045,-34.3816409036134 -59.462543890468,-34.3816423365948 -59.4625404346835,-34.3821831977851 -59.4628666172267,-34.3821846299261 -59.4628648903484,-34.3824550605176 -59.4631910739631,-34.3824564918036 -59.4631893481104,-34.3827269223974 -59.4635155327967,-34.3827283528284 -59.4635138079696,-34.3829987834247 -59.4638399937274,-34.3830002130007 -59.4638382699259,-34.3832706435992 -59.4641644567552,-34.3832720723203 -59.4641627339794,-34.3835425029212 -59.4644889218803,-34.3835439307873 -59.464485478357,-34.3840847919817 -59.4648116683781,-34.3840862190071 -59.4648099476307,-34.3843566496006 -59.4651361387234,-34.3843580757709 -59.4651309794895,-34.3851693675222 -59.4654571737512,-34.3851707928661 -59.4654537362447,-34.3857116540021 -59.4657799326267,-34.3857130785053 -59.4657782148879,-34.3859835090696 -59.4661044123415,-34.3859849327177 -59.4661009788927,-34.3865257938387 -59.4664271784667,-34.3865272166459 -59.4664254627567,-34.3867976472027 -59.4667516634024,-34.3867990691548 -59.4667499487184,-34.3870694997138 -59.4670761504357,-34.3870709208107 -59.4670744367776,-34.387341351372 -59.4674006395666,-34.3873427716137 -59.4673989269345,-34.3876132021772 -59.4677251307951,-34.3876146215637 -59.4677217075601,-34.3881554826832 -59.4680479135412,-34.3881569012287 -59.4680462029383,-34.3884273317847 -59.4683724099911,-34.3884287494749 -59.4683707004143,-34.3886991800331 -59.4686969085387,-34.388700596868 -59.4686934914146,-34.3892414579768 -59.4690197016596,-34.3892428739707 -59.4690179941123,-34.3895133045212 -59.469344205429,-34.3895147196598 -59.4693424989079,-34.3897851502125 -59.4696687112962,-34.3897865644957 -59.4696670058013,-34.3900569950507 -59.4703194327441,-34.3900598210367 -59.4703177293243,-34.3903302516081 -59.4709701584559,-34.3903330741441 -59.4709684571114,-34.3906035047318 -59.4719471041257,-34.3906077320563 -59.4719454059055,-34.3908781626745 -59.4729240562704,-34.3908823822149 -59.4729223611746,-34.3911528128635 -59.4739010148899,-34.3911570246195 -59.4738993229186,-34.3914274552985 -59.4742255419178,-34.3914288574921 -59.474223850973,-34.3916992881731 -59.4729189709153,-34.3916936741247 -59.4729206660562,-34.3914232435001 -59.4699846966907,-34.3914105611437 -59.4699829921084,-34.3916809916406 -59.4696567723544,-34.3916795781274 -59.4696465380891,-34.3933021607704 -59.4699727641376,-34.393303574369 -59.4699693546323,-34.3938444351821 -59.4702955828018,-34.3938458479394 -59.4702921753039,-34.3943867087327 -59.4706184055945,-34.3943881206487 -59.4706150001041,-34.3949289814223 -59.4709412325157,-34.394930392497 -59.4709361272577,-34.3957416836095 -59.4712623628397,-34.395743093857 -59.4712589613195,-34.3962839545669 -59.4715851990227,-34.396285363973 -59.4715800997202,-34.39709665499 -59.471906340594,-34.3970980635688 -59.4719029430444,-34.3976389242149 -59.4722291860395,-34.3976403319522 -59.4722274882801,-34.3979107622714 -59.4719012442357,-34.3979093545199 -59.4718995454043,-34.3981797848128 -59.4722257904981,-34.3981811925785 -59.4722156033309,-34.3998037741681 -59.4725418547438,-34.3998051811489 -59.472533370063,-34.401157332213 -59.472859626746,-34.4011587383947 -59.4728545388147,-34.401970028931 -59.473180798669,-34.4019714342851 -59.473177408701,-34.4025122946107 -59.4735036706771,-34.4025136991231 -59.4734985887045,-34.4033249895635 -59.4728460584773,-34.403322179584 -59.4728494506801,-34.4027813193589 -59.4725231876996,-34.4027799130924 -59.4725265819112,-34.4022390528475 -59.4722003210526,-34.4022376457393 -59.4722037172728,-34.4016967854745 -59.471877458536,-34.4016953775246 -59.4718808567648,-34.4011545172399 -59.4715546001497,-34.4011531084484 -59.471558000387,-34.4006122481439 -59.4712317458935,-34.4006108385108 -59.4712351481392,-34.4000699781865 -59.4709088957674,-34.4000685677119 -59.4709174062319,-34.3987164167613 -59.47059115913,-34.3987150054877 -59.4705945652558,-34.3981741450515 -59.4702683202754,-34.3981727329365 -59.4702717284091,-34.3976318724805 -59.4699454855501,-34.3976304595241 -59.4699523057423,-34.3965487385245 -59.4696260671033,-34.3965473247551 -59.4696294791616,-34.3960064642115 -59.4693032426439,-34.3960050496008 -59.4693066567098,-34.3954641890375 -59.4689804223134,-34.3954627735855 -59.4689838383867,-34.3949219130024 -59.4686576061114,-34.3949204967092 -59.4686593151631,-34.3946500664138 -59.4683330839598,-34.3946486492651 -59.468334794038,-34.394378218972 -59.4680085639067,-34.3943768009677 -59.4680188301916,-34.3927542190416 -59.4676926063779,-34.3927528002533 -59.4676994543081,-34.3916710787854 -59.4680256739255,-34.3916724975165 -59.4680290956556,-34.3911316366817 -59.4677028781363,-34.3911302179791 -59.4677063018732,-34.3905893571247 -59.4673800864746,-34.390587937581 -59.4673835122182,-34.390047076707 -59.4670572989404,-34.3900456563223 -59.4670590128269,-34.3897752258815 -59.4667328006209,-34.3897738046415 -59.4667362304232,-34.3892329437524 -59.4664100203379,-34.3892315216714 -59.4664117362537,-34.3889610912231 -59.4660855272401,-34.3889596682869 -59.466087244182,-34.3886892378409 -59.4657610362402,-34.3886878140494 -59.465762754208,-34.3884173836057 -59.4651103404909,-34.3884145334429 -59.4651086204253,-34.3886849638579 -59.4644562047022,-34.3886821101882 -59.4644544825159,-34.3889525405625 -59.4641282736399,-34.3889511124089 -59.4641265503818,-34.3892215427567 -59.4638003404798,-34.3892201137192 -59.4637986161498,-34.3894905440406 -59.4634724052219,-34.3894891141191 -59.46347067982,-34.3897595444141 -59.4631444678662,-34.3897581136086 -59.4631427413923,-34.3900285438771 -59.4628165284126,-34.3900271121876 -59.4628148008668,-34.3902975424296 -59.4621623728784,-34.390294676413 -59.4621606432116,-34.3905651066141 -59.461834428203,-34.3905636722869 -59.4618309667024,-34.3911045326242 -59.4615047496189,-34.3911030973985 -59.461503017785,-34.3913735275346 -59.4611767996755,-34.3913720914248 -59.4611750667695,-34.3916425215344 -59.4608488476341,-34.3916410845405 -59.4608453796546,-34.3921819446946 -59.4605191584443,-34.3921805068021 -59.4605174233708,-34.3924509368466 -59.4601912011346,-34.3924494980699 -59.4601946733565,-34.3919086379978 -59.4595422331496,-34.3919057578934 -59.4595439713239,-34.3916353278682 -59.4592177523042,-34.391633886526 -59.4592194915044,-34.3913634565034 -59.4595457094751,-34.391364897831 -59.4595474476031,-34.3910944677818 -59.4592212306814,-34.3910930264686 -59.4592247089659,-34.390552166363 -59.4598771386364,-34.3905550480617 -59.4598788756459,-34.3902846179618 -59.460205089467,-34.3902860574922 -59.4602068254044,-34.3900156273658 -59.4605330381996,-34.3900170660121 -59.4605347730649,-34.3897466358591 -59.4608609848343,-34.3897480736214 -59.4608627186276,-34.3894776434419 -59.4611889293712,-34.3894790803201 -59.4611906620925,-34.389208650114 -59.4615168718102,-34.3892100861082 -59.4615186034595,-34.3889396558757 -59.4618448121514,-34.3889410909858 -59.4618465427288,-34.3886706607268 -59.4621727503949,-34.3886720949529 -59.4621744799003,-34.3884016646674 -59.4628268932039,-34.3884045304821 -59.4628286205885,-34.3881341001557 -59.463154826226,-34.3881355317444 -59.4631565525388,-34.3878651013915 -59.4634827571504,-34.3878665320961 -59.4634844823913,-34.3875961017168 -59.4638106859771,-34.3875975315376 -59.4638124101463,-34.3873271011318 -59.4641386127062,-34.3873285300686 -59.4641455049578,-34.3862468082675 -59.463819306593,-34.3862453793882 -59.4638210306472,-34.3859749489222 -59.4634948333541,-34.3859735191878 -59.4635000085251,-34.3851622277606 -59.4631738144011,-34.3851607972 -59.4631755404609,-34.3848903667145 -59.4628493474086,-34.3848889352989 -59.4628528015563,-34.3843480743207 -59.4625266106244,-34.3843466420644 -59.4625283387124,-34.3840762115717 -59.4622021488522,-34.3840747784604 -59.4622038779658,-34.3838043479701 -59.4618776891772,-34.3838029140038 -59.4618794193164,-34.3835324835158 -59.4615532315995,-34.3835310486946 -59.4615549627643,-34.3832606182091 -59.4612287761191,-34.383259182533 -59.4612322404765,-34.3827183215545 -59.4609060559515,-34.382716885038 -59.4609077891441,-34.3824464545452 -59.4605816056909,-34.3824450171737 -59.460583339909,-34.3821745866833 -59.4602571575273,-34.3821731484569 -59.4602588927708,-34.381902717969 -59.4599327114609,-34.3819012788878 -59.4599361839755,-34.3813604179047 -59.4596100047857,-34.3813589779832 -59.4596117420568,-34.3810885474881 -59.4592855639387,-34.3810871067117 -59.4592873022351,-34.380816676219 -59.4589611251886,-34.3808152345879 -59.4589646038089,-34.3802743735955 -59.4586384288825,-34.3802729311241 -59.4586401692063,-34.3800025006243 -59.4583139953515,-34.3800010572981 -59.4583174780264,-34.3794601962915 -59.4579913062916,-34.3794587521251 -59.4579947909704,-34.3789178910994 -59.4576686213557,-34.3789164460929 -59.4576721080383,-34.3783755850481 -59.4573459405435,-34.3783741392014 -59.4573494292298,-34.3778332781375 -59.4570232638549,-34.3778318314508 -59.4570250092116,-34.3775614009153 -59.4566988449082,-34.377559953374 -59.4567005912899,-34.377289522841 -59.4560482648496,-34.3772866251799 -59.4560465163714,-34.3775570556837 -59.455720352138,-34.3775556055347 -59.4557186025881,-34.3778260360118 -59.4550662720946,-34.3778231330771 -59.4550627687316,-34.3783639939367 -59.4547366014232,-34.3783625411363 -59.4547348486584,-34.3786329715334 -59.454408680325,-34.3786315178491 -59.4544051726285,-34.3791723785778 -59.4540790022217,-34.3791709239951 -59.4540596966866,-34.3821456569805 -59.4537335147702,-34.3821442013673 -59.4537440517039,-34.3805216200075 -59.4534178761018,-34.3805201636129 -59.4534161189562,-34.380790593855 -59.4527637657255,-34.3807876784286 -59.4527584878574,-34.3815989689944 -59.4524323081317,-34.3815975099332 -59.4524287873387,-34.3821383702208 -59.4521026055394,-34.3821369102609 -59.4520990825555,-34.3826777704709 -59.4514467148332,-34.3826748478841 -59.4514449512089,-34.3829452779416 -59.4511187663344,-34.3829438153294 -59.451117001638,-34.3832142453601 -59.4507908157385,-34.3832127818639 -59.45078904997,-34.3834832118678 -59.4504628630454,-34.3834817474874 -59.4504575624527,-34.3842930373827 -59.4501313724058,-34.3842915720886 -59.4501296044458,-34.3845620020149 -59.4504557955414,-34.3845634673237 -59.4504504946661,-34.3853747570743 -59.4501243004245,-34.3853732917213 -59.4501278364623,-34.3848324319291 -59.4498016443417,-34.3848309657361 -59.4498034133739,-34.3845605358367 -59.4484986493218,-34.3845546624297 -59.448496876095,-34.3848250922699 -59.4481706840924,-34.3848236217298 -59.4481724583679,-34.3845531919044 -59.447193885648,-34.3845487751119 -59.4471974404199,-34.3840079155138 -59.4468712516579,-34.3840064415405 -59.4468748084323,-34.3834655819238 -59.4472009950971,-34.3834670558674 -59.4472063269352,-34.3826557663074 -59.4475325104779,-34.3826572393371 -59.4475342866614,-34.3823868094448 -59.4472081041672,-34.3823853364299 -59.4472098813755,-34.3821149065405 -59.4478622442905,-34.3821178516713 -59.4478604691792,-34.3823882815904 -59.4481866517208,-34.3823897528666 -59.4481884257835,-34.3821193229326 -59.4485146073001,-34.3821207933247 -59.4485163802906,-34.3818503633639 -59.4491687412977,-34.3818533015104 -59.4491705121676,-34.3815828715079 -59.4501490507096,-34.3815872721634 -59.4501508184105,-34.3813168421046 -59.4504769969231,-34.3813183072364 -59.4504787635519,-34.3810478771508 -59.4508049410396,-34.3810493413985 -59.4508067065963,-34.3807789112861 -59.4511328830591,-34.3807803746497 -59.4511364120051,-34.3802395143593 -59.4514625863945,-34.3802409768242 -59.4514661131496,-34.3797001164561 -59.4517922854657,-34.3797015780223 -59.45179581003,-34.3791607175766 -59.4521219802727,-34.3791621782441 -59.4521255026464,-34.3786213177207 -59.4524516708158,-34.3786227774896 -59.4524551909989,-34.3780819168886 -59.4527813570952,-34.3780833757589 -59.4527883929866,-34.3770016543536 -59.4531145549132,-34.377003112296 -59.4531180706217,-34.3764622514917 -59.4534442304752,-34.3764637085355 -59.4534459872461,-34.3761932781006 -59.4537721460747,-34.3761947342606 -59.453773901774,-34.375924303799 -59.4541000595778,-34.3759257590752 -59.4541018142054,-34.3756553285869 -59.4544279709844,-34.3756567829793 -59.4544314780732,-34.3751159219372 -59.4547576327792,-34.3751173754312 -59.4547611376782,-34.3745765143117 -59.4544349850685,-34.3745750608469 -59.4544384919704,-34.3740341997085 -59.4541123414803,-34.3740327454039 -59.4541140959443,-34.3737623148312 -59.4537879465258,-34.3737608596723 -59.4537914574797,-34.3732199985201 -59.4534653101808,-34.3732185425214 -59.4534688231373,-34.3726776813503 -59.4531426779578,-34.3726762245119 -59.453144435449,-34.3724057939229 -59.452818291341,-34.3724043362302 -59.4528200498568,-34.3721339056439 -59.4524939068203,-34.3721324470967 -59.4524974258775,-34.3715915859174 -59.4518451440669,-34.3715886662748 -59.4518486672222,-34.3710478051061 -59.4515225284481,-34.3710463440107 -59.4515242910385,-34.370775913423 -59.4511981533358,-34.3707744514734 -59.451201680542,-34.3702335902912 -59.4508755449586,-34.3702321275021 -59.4508773095744,-34.3699616969076 -59.4505511750625,-34.3699602332643 -59.4505547063192,-34.3694193720687 -59.4502285739266,-34.369417907586 -59.4502303405676,-34.3691474769849 -59.4499042092464,-34.3691460116479 -59.4499059769116,-34.3688755810495 -59.4495798466618,-34.3688741148584 -59.4495816153514,-34.3686036842627 -59.449255486173,-34.3686022172175 -59.4492607952436,-34.3677909254024 -59.449913047337,-34.3677938585354 -59.4499165824084,-34.367252997206 -59.4492643345061,-34.3672500641321 -59.4492625648866,-34.3675204947733 -59.4489364399231,-34.3675190269183 -59.4489346692323,-34.3677894575326 -59.4486085432445,-34.3677879887939 -59.4486103149831,-34.3675175581944 -59.4482841900667,-34.3675160886017 -59.4482859628295,-34.3672456580049 -59.4479598389845,-34.3672441875581 -59.4479651602743,-34.3664328957398 -59.4489435224503,-34.3664373043404 -59.4489470635724,-34.3658964429792 -59.4486209449188,-34.3658949743441 -59.4486227164921,-34.3656245436602 -59.4479704813512,-34.3656216038131 -59.4479687076825,-34.3658920344674 -59.4476425890998,-34.3658905632258 -59.4476443638162,-34.3656201325863 -59.4473182463049,-34.3656186604907 -59.4473200220452,-34.365348229854 -59.4469939056052,-34.3653467569045 -59.4469956823696,-34.3650763262706 -59.4466695670009,-34.3650748524671 -59.4466713447893,-34.3648044218359 -59.4460191162183,-34.3648014716523 -59.4460208960782,-34.3645310410389 -59.4456947828759,-34.3645295646587 -59.4456965637597,-34.3642591340481 -59.4453704516287,-34.3642576568141 -59.4453722335364,-34.3639872262063 -59.4450461224768,-34.3639857481184 -59.4450479054083,-34.3637153175134 -59.4443956854556,-34.3637123587612 -59.4443974704584,-34.3634419281739 -59.4440713615653,-34.3634404475096 -59.4440695755149,-34.363710878082 -59.443417355705,-34.3637079141173 -59.4434155675356,-34.3639783446477 -59.4424372348567,-34.3639738921403 -59.442431860777,-34.3647851835247 -59.442105746789,-34.3647836975732 -59.4420985768245,-34.3658654191906 -59.4417724586697,-34.3658639323104 -59.4417616967199,-34.367486514285 -59.4414355723026,-34.3674850264461 -59.4414283930001,-34.3685667474615 -59.4417545216085,-34.3685682353603 -59.4417509339094,-34.3691090958257 -59.4414248032053,-34.3691076078969 -59.4414176233286,-34.370189328623 -59.4410914884569,-34.3701878397653 -59.4410843040057,-34.3712695602387 -59.4407581649662,-34.371268070452 -59.440754570501,-34.3718089305864 -59.4404284293895,-34.3718074399007 -59.4404248327324,-34.3723482999569 -59.4400986895489,-34.3723468083721 -59.4400950906999,-34.37288766835 -59.4397689454443,-34.3728861758662 -59.4397653444033,-34.3734270357658 -59.4394391970755,-34.3734255423829 -59.4394355938423,-34.3739664022042 -59.4391094444424,-34.3739649079222 -59.4391058390169,-34.3745057676652 -59.4387796875448,-34.374504272484 -59.4387742760819,-34.3753155619629 -59.4384481214894,-34.3753140658674 -59.4384390966628,-34.3766662146825 -59.4381129368533,-34.3766647176425 -59.4380858430397,-34.3807211620534 -59.4384120185745,-34.3807226593195 -59.4383993802806,-34.3826156658885 -59.4387255631789,-34.3826171623908 -59.4387165403471,-34.3839693096538 -59.4390427285124,-34.383970805362 -59.4390391213086,-34.3845116642129 -59.4393653115952,-34.3845131590819 -59.4393617063925,-34.3850540179147 -59.4396878988005,-34.3850555119443 -59.4396842955991,-34.3855963707589 -59.4393581010938,-34.3855948766992 -59.4393562984084,-34.3858653060734 -59.4383777118906,-34.3858608186325 -59.438375906035,-34.3861312479495 -59.4373973165876,-34.3861267526382 -59.4373955075617,-34.3863971818978 -59.4354383230259,-34.386388167709 -59.4354365076834,-34.3866585968659 -59.4351103092966,-34.3866570914427 -59.4351084928812,-34.3869275205724 -59.4347822934698,-34.3869260142646 -59.4347804759814,-34.387196443367 -59.4344542755455,-34.3871949361746 -59.4344524569841,-34.3874653652498 -59.4334738526755,-34.38746083841 -59.433481139361,-34.3863791222192 -59.4331549421684,-34.3863776115945 -59.4331604100738,-34.3855663243704 -59.4328342160517,-34.3855648129218 -59.4328378632978,-34.3850239547426 -59.4325116713974,-34.385022442455 -59.4325134960327,-34.3847520133626 -59.4328396868845,-34.3847535256349 -59.4328415104468,-34.3844830965152 -59.4341462699023,-34.3844891368496 -59.4341444505346,-34.3847595660302 -59.4354492145727,-34.3847655925148 -59.4354510297458,-34.3844951632735 -59.4361034098128,-34.384498171269 -59.4361052228645,-34.3842277419855 -59.4364314118856,-34.384229244664 -59.4364332238644,-34.3839588153532 -59.4367594118611,-34.3839603171472 -59.4367612227672,-34.3836898878092 -59.4370874097393,-34.3836913887187 -59.4371000780665,-34.3817983829097 -59.4367738984343,-34.381796882106 -59.436779330501,-34.3809855937667 -59.4364531540383,-34.380984092139 -59.4364676468752,-34.3788206561579 -59.4367938149506,-34.3788221576646 -59.4368155387295,-34.3755770020648 -59.4371416942499,-34.375578502521 -59.4371471215073,-34.3747672133045 -59.4374732739072,-34.3747687128463 -59.4374786978033,-34.373957423476 -59.437804847083,-34.3739589221034 -59.4378102676179,-34.3731476325793 -59.4381364137774,-34.3731491302924 -59.4381418309515,-34.3723378406146 -59.438467973991,-34.3723393374134 -59.4384715832241,-34.3717984775378 -59.4387977241916,-34.3717999734374 -59.4388031347169,-34.3709886834884 -59.4391292725645,-34.3709901784739 -59.4391364820701,-34.3699084583129 -59.4394626157501,-34.3699099523693 -59.4394698206799,-34.3688282319552 -59.4397959501924,-34.3688297250825 -59.4398085505607,-34.3669367137887 -59.4401346727627,-34.3669382059418 -59.4401526607731,-34.3642339029187 -59.4404787725224,-34.3642353940529 -59.440485962865,-34.3631536724461 -59.440159855306,-34.3631521813721 -59.4401616538794,-34.3628817509552 -59.4408138669262,-34.3628847322046 -59.4408174598108,-34.3623438712748 -59.4411435642751,-34.3623453605665 -59.441145359634,-34.3620749300685 -59.4414714630748,-34.3620764184764 -59.4414750516258,-34.3615355574143 -59.4418011529955,-34.3615370449236 -59.441804739356,-34.3609961837833 -59.4414786400812,-34.360994696304 -59.441482228441,-34.3604538351455 -59.4411561312849,-34.3604523468275 -59.4411579264763,-34.3601819162451 -59.4408318303916,-34.3601804270735 -59.4408336266065,-34.3599099964941 -59.4401814366036,-34.3599070155749 -59.440185033151,-34.35936615444 -59.4398589402802,-34.3593646627076 -59.4398607395653,-34.3590942321371 -59.4395346477659,-34.3590927395511 -59.4395364480743,-34.3588223089835 -59.4431234476641,-34.3588386794923</coordinates></LinearRing></outerBoundaryIs><innerBoundaryIs><LinearRing><coordinates>-59.4414642856857,-34.363158140456 -59.4411381780549,-34.3631566519881 -59.4411363826002,-34.3634270824379 -59.4414624912786,-34.3634285709208 -59.4414642856857,-34.363158140456</coordinates></LinearRing></innerBoundaryIs><innerBoundaryIs><LinearRing><coordinates>-59.449489612231,-34.382666059259 -59.4485110612481,-34.3826616532102 -59.4485075151016,-34.3832025130474 -59.4478551437036,-34.3831995712755 -59.4478533684977,-34.3834700011465 -59.4475271817856,-34.3834685289416 -59.4475254055074,-34.3837389587857 -59.4478515932681,-34.3837404310053 -59.4478480427381,-34.3842812906869 -59.4494789923827,-34.3842886388923 -59.4494825324265,-34.3837477790628 -59.449808720329,-34.3837492460661 -59.449814027072,-34.382937956187 -59.4494878423152,-34.382936489228 -59.449489612231,-34.382666059259</coordinates></LinearRing></innerBoundaryIs></Polygon>
  </Placemark>
  <Placemark id="rog_P150_24h_agua5cm.27">
	<name>150 mm en 24 h · h&gt;5 cm</name>
	<Style><LineStyle><color>ff0000ff</color></LineStyle><PolyStyle><fill>0</fill></PolyStyle></Style>
      <Polygon><outerBoundaryIs><LinearRing><coordinates>-59.4026842343856,-34.4051632257748 -59.4026823123777,-34.4054336525279 -59.402356043036,-34.4054320590354 -59.4023579660936,-34.4051616322983 -59.4026842343856,-34.4051632257748</coordinates></LinearRing></outerBoundaryIs></Polygon>
  </Placemark>
  <Placemark id="rog_P150_24h_agua5cm.28">
	<name>150 mm en 24 h · h&gt;5 cm</name>
	<Style><LineStyle><color>ff0000ff</color></LineStyle><PolyStyle><fill>0</fill></PolyStyle></Style>
      <Polygon><outerBoundaryIs><LinearRing><coordinates>-59.433703524429,-34.4017950703445 -59.4337017024592,-34.4020654987381 -59.4340279605508,-34.4020670085052 -59.4340243186375,-34.4026078652866 -59.4343505788525,-34.4026093742141 -59.4343378387391,-34.4045023726755 -59.4340115711767,-34.4045008636417 -59.4340042863794,-34.4055825767222 -59.4336780146425,-34.4055810667575 -59.4336743699987,-34.406121923195 -59.4333480961866,-34.4061204123298 -59.4333462727785,-34.4063908405153 -59.4326937231277,-34.4063878161442 -59.4326918975957,-34.4066582442871 -59.432365621757,-34.4066567307812 -59.4323765808822,-34.4050341618341 -59.4320503113663,-34.4050326475494 -59.4320521388516,-34.4047622193646 -59.4323784073179,-34.404763733634 -59.4323820601162,-34.4042228771977 -59.4327083265074,-34.4042243905665 -59.432711977109,-34.4036835340515 -59.4333645057658,-34.4036865581182 -59.4333699751882,-34.4028752731639 -59.4330437139965,-34.4028737616112 -59.4330473622557,-34.4023329049451 -59.4327211031875,-34.4023313925529 -59.4327229283302,-34.402060964217 -59.4330491863489,-34.402062476594 -59.4330510104178,-34.4017920482308 -59.433703524429,-34.4017950703445</coordinates></LinearRing></outerBoundaryIs></Polygon>
  </Placemark>
  <Placemark id="rog_P150_24h_agua5cm.29">
	<name>150 mm en 24 h · h&gt;5 cm</name>
	<Style><LineStyle><color>ff0000ff</color></LineStyle><PolyStyle><fill>0</fill></PolyStyle></Style>
      <Polygon><outerBoundaryIs><LinearRing><coordinates>-59.4000818101328,-34.4040687469827 -59.4000798798302,-34.4043391736555 -59.4004061447935,-34.4043407731741 -59.4004042155149,-34.404611199851 -59.4007304815535,-34.4046127985156 -59.4007227683805,-34.4056945051666 -59.4013753089324,-34.4056977000144 -59.4013733826743,-34.4059681266791 -59.4016996540385,-34.4059697228139 -59.4016977288045,-34.4062401494826 -59.4013714563905,-34.4062385533318 -59.4013695300811,-34.4065089799724 -59.4010432566431,-34.4065073829353 -59.4010451840023,-34.4062369563108 -59.4007189116397,-34.4062353584197 -59.4007208400229,-34.4059649317992 -59.4000682974744,-34.405961733439 -59.4000760191479,-34.404880026965 -59.399749752111,-34.4048784265442 -59.3997555462449,-34.4040671466102 -59.4000818101328,-34.4040687469827</coordinates></LinearRing></outerBoundaryIs></Polygon>
  </Placemark>
  <Placemark id="rog_P150_24h_agua5cm.30">
	<name>150 mm en 24 h · h&gt;5 cm</name>
	<Style><LineStyle><color>ff0000ff</color></LineStyle><PolyStyle><fill>0</fill></PolyStyle></Style>
      <Polygon><outerBoundaryIs><LinearRing><coordinates>-59.4173569597172,-34.4065861689047 -59.4173550848209,-34.4068565963101 -59.4170288090916,-34.4068550418928 -59.4170306850377,-34.4065846145031 -59.4173569597172,-34.4065861689047</coordinates></LinearRing></outerBoundaryIs></Polygon>
  </Placemark>
  <Placemark id="rog_P150_24h_agua5cm.31">
	<name>150 mm en 24 h · h&gt;5 cm</name>
	<Style><LineStyle><color>ff0000ff</color></LineStyle><PolyStyle><fill>0</fill></PolyStyle></Style>
      <Polygon><outerBoundaryIs><LinearRing><coordinates>-59.4176813605752,-34.4068581498573 -59.4176794867037,-34.4071285772663 -59.4173532098996,-34.4071270237035 -59.4173550848209,-34.4068565963101 -59.4176813605752,-34.4068581498573</coordinates></LinearRing></outerBoundaryIs></Polygon>
  </Placemark>
  <Placemark id="rog_P150_24h_agua5cm.32">
	<name>150 mm en 24 h · h&gt;5 cm</name>
	<Style><LineStyle><color>ff0000ff</color></LineStyle><PolyStyle><fill>0</fill></PolyStyle></Style>
      <Polygon><outerBoundaryIs><LinearRing><coordinates>-59.4326882464589,-34.4071991005368 -59.4326864208539,-34.4074695286435 -59.4323601418658,-34.4074680150919 -59.4323619685205,-34.4071975870003 -59.4326882464589,-34.4071991005368</coordinates></LinearRing></outerBoundaryIs></Polygon>
  </Placemark>
  <Placemark id="rog_P150_24h_agua5cm.33">
	<name>150 mm en 24 h · h&gt;5 cm</name>
	<Style><LineStyle><color>ff0000ff</color></LineStyle><PolyStyle><fill>0</fill></PolyStyle></Style>
      <Polygon><outerBoundaryIs><LinearRing><coordinates>-59.4101732285154,-34.4073630522137 -59.4101713304482,-34.4076334792367 -59.4098450521227,-34.4076319056292 -59.4098469512398,-34.407361478622 -59.4101732285154,-34.4073630522137</coordinates></LinearRing></outerBoundaryIs></Polygon>
  </Placemark>
  <Placemark id="rog_P150_24h_agua5cm.34">
	<name>150 mm en 24 h · h&gt;5 cm</name>
	<Style><LineStyle><color>ff0000ff</color></LineStyle><PolyStyle><fill>0</fill></PolyStyle></Style>
      <Polygon><outerBoundaryIs><LinearRing><coordinates>-59.4108428457139,-34.4049323527516 -59.4108409499737,-34.4052027799149 -59.4111672189271,-34.4052043507696 -59.4111653242113,-34.4054747779366 -59.4114915942397,-34.4054763479371 -59.4114878068319,-34.4060172022665 -59.4121403511632,-34.4060203397204 -59.4121346761607,-34.4068316212188 -59.4118084008331,-34.4068300528795 -59.4118065080654,-34.4071004800057 -59.4121327844428,-34.4071020483608 -59.4121290009313,-34.4076429026086 -59.4118027224543,-34.407641334222 -59.411800829611,-34.407911761312 -59.4114745501094,-34.4079101920394 -59.4114764440026,-34.4076397649652 -59.4111501655761,-34.4076381948383 -59.4111539553864,-34.4070973406853 -59.4108276790848,-34.4070957697199 -59.4108333667602,-34.4062844884473 -59.4105070936331,-34.4062829166592 -59.4105089905241,-34.40601248956 -59.4101827184721,-34.4060109169176 -59.4101884121426,-34.4051996355952 -59.4105146810455,-34.40520120819 -59.4105165778354,-34.4049307810426 -59.4108428457139,-34.4049323527516</coordinates></LinearRing></outerBoundaryIs></Polygon>
  </Placemark>
  <Placemark id="rog_P150_24h_agua5cm.35">
	<name>150 mm en 24 h · h&gt;5 cm</name>
	<Style><LineStyle><color>ff0000ff</color></LineStyle><PolyStyle><fill>0</fill></PolyStyle></Style>
      <Polygon><outerBoundaryIs><LinearRing><coordinates>-59.4091886930385,-34.4081696097186 -59.4091867917458,-34.4084400366578 -59.4088605103468,-34.4084384603923 -59.4088624126894,-34.4081680334689 -59.4091886930385,-34.4081696097186</coordinates></LinearRing></outerBoundaryIs></Polygon>
  </Placemark>
  <Placemark id="rog_P150_24h_agua5cm.36">
	<name>150 mm en 24 h · h&gt;5 cm</name>
	<Style><LineStyle><color>ff0000ff</color></LineStyle><PolyStyle><fill>0</fill></PolyStyle></Style>
      <Polygon><outerBoundaryIs><LinearRing><coordinates>-59.4085361323656,-34.4081664563491 -59.4085304221123,-34.4089777370355 -59.4082041386643,-34.4089761589978 -59.4082098520673,-34.4081648783591 -59.4085361323656,-34.4081664563491</coordinates></LinearRing></outerBoundaryIs></Polygon>
  </Placemark>
  <Placemark id="rog_P150_24h_agua5cm.37">
	<name>150 mm en 24 h · h&gt;5 cm</name>
	<Style><LineStyle><color>ff0000ff</color></LineStyle><PolyStyle><fill>0</fill></PolyStyle></Style>
      <Polygon><outerBoundaryIs><LinearRing><coordinates>-59.4075534784373,-34.4087025734763 -59.4075496652263,-34.4092434271357 -59.4072233808046,-34.4092418464716 -59.4072271961154,-34.408700992844 -59.4075534784373,-34.4087025734763</coordinates></LinearRing></outerBoundaryIs></Polygon>
  </Placemark>
  <Placemark id="rog_P150_24h_agua5cm.38">
	<name>150 mm en 24 h · h&gt;5 cm</name>
	<Style><LineStyle><color>ff0000ff</color></LineStyle><PolyStyle><fill>0</fill></PolyStyle></Style>
      <Polygon><outerBoundaryIs><LinearRing><coordinates>-59.4088548031671,-34.4092497410901 -59.4088529007231,-34.4095201679652 -59.40852661515,-34.409518590766 -59.4085285186438,-34.4092481639068 -59.4088548031671,-34.4092497410901</coordinates></LinearRing></outerBoundaryIs></Polygon>
  </Placemark>
  <Placemark id="rog_P150_24h_agua5cm.39">
	<name>150 mm en 24 h · h&gt;5 cm</name>
	<Style><LineStyle><color>ff0000ff</color></LineStyle><PolyStyle><fill>0</fill></PolyStyle></Style>
      <Polygon><outerBoundaryIs><LinearRing><coordinates>-59.4153804989379,-34.4092811020144 -59.4153767360215,-34.4098219563839 -59.415050448894,-34.4098203965732 -59.4150542139102,-34.4092795422351 -59.4153804989379,-34.4092811020144</coordinates></LinearRing></outerBoundaryIs></Polygon>
  </Placemark>
  <Placemark id="rog_P150_24h_agua5cm.40">
	<name>150 mm en 24 h · h&gt;5 cm</name>
	<Style><LineStyle><color>ff0000ff</color></LineStyle><PolyStyle><fill>0</fill></PolyStyle></Style>
      <Polygon><outerBoundaryIs><LinearRing><coordinates>-59.415050448894,-34.4098203965732 -59.4150485663482,-34.4100908237241 -59.4147222781958,-34.4100892630275 -59.4147241617915,-34.4098188358923 -59.415050448894,-34.4098203965732</coordinates></LinearRing></outerBoundaryIs></Polygon>
  </Placemark>
  <Placemark id="rog_P150_24h_agua5cm.41">
	<name>150 mm en 24 h · h&gt;5 cm</name>
	<Style><LineStyle><color>ff0000ff</color></LineStyle><PolyStyle><fill>0</fill></PolyStyle></Style>
      <Polygon><outerBoundaryIs><LinearRing><coordinates>-59.4098355561578,-34.4089840404841 -59.4098336568889,-34.4092544674188 -59.4101599415135,-34.4092560411214 -59.4101580432692,-34.4095264680599 -59.4098317575947,-34.4095248943415 -59.4098260595602,-34.4103361750372 -59.4091734819875,-34.4103330248948 -59.4091753834575,-34.41006259804 -59.4088490957592,-34.4100610216793 -59.4088529007231,-34.4095201679652 -59.4091791863217,-34.4095217442942 -59.4091810877157,-34.4092513174032 -59.4095073722897,-34.4092528928461 -59.4095092726085,-34.4089824659272 -59.4098355561578,-34.4089840404841</coordinates></LinearRing></outerBoundaryIs></Polygon>
  </Placemark>
  <Placemark id="rog_P150_24h_agua5cm.42">
	<name>150 mm en 24 h · h&gt;5 cm</name>
	<Style><LineStyle><color>ff0000ff</color></LineStyle><PolyStyle><fill>0</fill></PolyStyle></Style>
      <Polygon><outerBoundaryIs><LinearRing><coordinates>-59.4153748545257,-34.4100923835505 -59.4153729730048,-34.4103628107051 -59.4150466837774,-34.410361250863 -59.4150485663482,-34.4100908237241 -59.4153748545257,-34.4100923835505</coordinates></LinearRing></outerBoundaryIs></Polygon>
  </Placemark>
  <Placemark id="rog_P150_24h_agua5cm.43">
	<name>150 mm en 24 h · h&gt;5 cm</name>
	<Style><LineStyle><color>ff0000ff</color></LineStyle><PolyStyle><fill>0</fill></PolyStyle></Style>
      <Polygon><outerBoundaryIs><LinearRing><coordinates>-59.4147222781958,-34.4100892630275 -59.414720394575,-34.4103596901506 -59.4143941053978,-34.410358128568 -59.4143959900686,-34.4100877014606 -59.4147222781958,-34.4100892630275</coordinates></LinearRing></outerBoundaryIs></Polygon>
  </Placemark>
  <Placemark id="rog_P150_24h_agua5cm.44">
	<name>150 mm en 24 h · h&gt;5 cm</name>
	<Style><LineStyle><color>ff0000ff</color></LineStyle><PolyStyle><fill>0</fill></PolyStyle></Style>
      <Polygon><outerBoundaryIs><LinearRing><coordinates>-59.4137415271187,-34.4103550027922 -59.4137339797845,-34.4114367109754 -59.413081393206,-34.4114335815926 -59.4130851711234,-34.4108927275881 -59.4134114623001,-34.4108942926832 -59.4134152380169,-34.4103534385989 -59.4137415271187,-34.4103550027922</coordinates></LinearRing></outerBoundaryIs></Polygon>
  </Placemark>
  <Placemark id="rog_P150_24h_agua5cm.45">
	<name>150 mm en 24 h · h&gt;5 cm</name>
	<Style><LineStyle><color>ff0000ff</color></LineStyle><PolyStyle><fill>0</fill></PolyStyle></Style>
      <Polygon><outerBoundaryIs><LinearRing><coordinates>-59.4176026364679,-34.4182160906461 -59.417597011631,-34.4190273713164 -59.4172706886222,-34.4190258170655 -59.4172688125762,-34.4192962439159 -59.4166161645327,-34.4192931327712 -59.4166142863608,-34.4195635595782 -59.4162879613262,-34.4195620026844 -59.4162898405485,-34.4192915758931 -59.4159635165894,-34.4192900181445 -59.4159653968371,-34.4190195913568 -59.4156390739534,-34.4190180327533 -59.4156409552264,-34.4187476059692 -59.416293598918,-34.4187507222743 -59.4162954780652,-34.4184802954468 -59.4169481197562,-34.4184834082385 -59.4169499967776,-34.4182129813676 -59.4176026364679,-34.4182160906461</coordinates></LinearRing></outerBoundaryIs></Polygon>
  </Placemark>
  <Placemark id="rog_P150_24h_agua5cm.46">
	<name>150 mm en 24 h · h&gt;5 cm</name>
	<Style><LineStyle><color>ff0000ff</color></LineStyle><PolyStyle><fill>0</fill></PolyStyle></Style>
      <Polygon><outerBoundaryIs><LinearRing><coordinates>-59.4162879613262,-34.4195620026844 -59.4162860820788,-34.4198324294637 -59.4159597560188,-34.4198308716837 -59.4159616363166,-34.4195604449201 -59.4162879613262,-34.4195620026844</coordinates></LinearRing></outerBoundaryIs></Polygon>
  </Placemark>
  <Placemark id="rog_P150_24h_agua5cm.47">
	<name>150 mm en 24 h · h&gt;5 cm</name>
	<Style><LineStyle><color>ff0000ff</color></LineStyle><PolyStyle><fill>0</fill></PolyStyle></Style>
      <Polygon><outerBoundaryIs><LinearRing><coordinates>-59.4136735866248,-34.42009036949 -59.4136716989235,-34.4203607961194 -59.4133453709634,-34.4203592313436 -59.4133472597152,-34.4200888047299 -59.4136735866248,-34.42009036949</coordinates></LinearRing></outerBoundaryIs></Polygon>
  </Placemark>
  <Placemark id="rog_P150_24h_agua5cm.48">
	<name>150 mm en 24 h · h&gt;5 cm</name>
	<Style><LineStyle><color>ff0000ff</color></LineStyle><PolyStyle><fill>0</fill></PolyStyle></Style>
      <Polygon><outerBoundaryIs><LinearRing><coordinates>-59.4156296672121,-34.4203701664927 -59.4156277857886,-34.4206405932043 -59.4153014566272,-34.4206390336362 -59.4153033391012,-34.4203686069402 -59.4156296672121,-34.4203701664927</coordinates></LinearRing></outerBoundaryIs></Polygon>
  </Placemark>
  <Placemark id="rog_P150_24h_agua5cm.49">
	<name>150 mm en 24 h · h&gt;5 cm</name>
	<Style><LineStyle><color>ff0000ff</color></LineStyle><PolyStyle><fill>0</fill></PolyStyle></Style>
      <Polygon><outerBoundaryIs><LinearRing><coordinates>-59.4051871801774,-34.4203198290162 -59.4051852651384,-34.4205902552213 -59.4048589367868,-34.4205886677951 -59.4048608528763,-34.4203182416059 -59.4051871801774,-34.4203198290162</coordinates></LinearRing></outerBoundaryIs></Polygon>
  </Placemark>
  <Placemark id="rog_P150_24h_agua5cm.50">
	<name>150 mm en 24 h · h&gt;5 cm</name>
	<Style><LineStyle><color>ff0000ff</color></LineStyle><PolyStyle><fill>0</fill></PolyStyle></Style>
      <Polygon><outerBoundaryIs><LinearRing><coordinates>-59.4277185643785,-34.4182638392037 -59.4277167220199,-34.4185342665864 -59.4286956871955,-34.4185388430652 -59.428692008707,-34.4190796978865 -59.4283656848565,-34.4190781732334 -59.4283583233836,-34.4201598826699 -59.4280319953558,-34.4201583570849 -59.428026470842,-34.4209696389895 -59.4277001396872,-34.4209681124878 -59.4277038248219,-34.4204272579275 -59.4273774957927,-34.4204257305859 -59.4273793393737,-34.420155303303 -59.4270530114195,-34.4201537751063 -59.4270659231517,-34.418260783896 -59.4277185643785,-34.4182638392037</coordinates></LinearRing></outerBoundaryIs></Polygon>
  </Placemark>
  <Placemark id="rog_P150_24h_agua5cm.51">
	<name>150 mm en 24 h · h&gt;5 cm</name>
	<Style><LineStyle><color>ff0000ff</color></LineStyle><PolyStyle><fill>0</fill></PolyStyle></Style>
      <Polygon><outerBoundaryIs><LinearRing><coordinates>-59.4133397045571,-34.4211705111123 -59.4133378157047,-34.4214409376777 -59.4136641478669,-34.4214425025165 -59.4136603721876,-34.4219833556426 -59.4130077036862,-34.4219802250314 -59.4130133734707,-34.4211689454186 -59.4133397045571,-34.4211705111123</coordinates></LinearRing></outerBoundaryIs></Polygon>
  </Placemark>
  <Placemark id="rog_P150_24h_agua5cm.52">
	<name>150 mm en 24 h · h&gt;5 cm</name>
	<Style><LineStyle><color>ff0000ff</color></LineStyle><PolyStyle><fill>0</fill></PolyStyle></Style>
      <Polygon><outerBoundaryIs><LinearRing><coordinates>-59.4175520048397,-34.4255176127694 -59.4175463779786,-34.4263288924622 -59.4172200266034,-34.426327337789 -59.4172256566168,-34.4255160581431 -59.4175520048397,-34.4255176127694</coordinates></LinearRing></outerBoundaryIs></Polygon>
  </Placemark>
  <Placemark id="rog_P150_24h_agua5cm.53">
	<name>150 mm en 24 h · h&gt;5 cm</name>
	<Style><LineStyle><color>ff0000ff</color></LineStyle><PolyStyle><fill>0</fill></PolyStyle></Style>
      <Polygon><outerBoundaryIs><LinearRing><coordinates>-59.3873989276371,-34.3983267381796 -59.3873969569506,-34.3985971644712 -59.3877231988611,-34.3985987975757 -59.3877212291976,-34.3988692238718 -59.3880474721837,-34.3988708561228 -59.3880435348767,-34.3994117087115 -59.3883697799878,-34.3994133401256 -59.3883678123443,-34.3996837664183 -59.388694058531,-34.3996853969789 -59.3886920919107,-34.3999558232759 -59.389018339173,-34.399957452983 -59.3890163735759,-34.4002278792844 -59.3896688702778,-34.4002311361218 -59.3896669067534,-34.4005015624438 -59.3903194056589,-34.4005048158344 -59.3903174442072,-34.4007752421771 -59.3909699453162,-34.4007784921208 -59.3909679859373,-34.4010489184841 -59.3912942375803,-34.4010505421675 -59.3912922792248,-34.4013209685351 -59.3916185319435,-34.4013225913648 -59.3916146172531,-34.4018634440965 -59.3919408720968,-34.4018650660889 -59.3919350030141,-34.4026763451449 -59.3922612610326,-34.4026779663164 -59.3922573502795,-34.4032188189926 -59.3925836104231,-34.4032204393267 -59.3925816560571,-34.403490865663 -59.3929079172764,-34.4034924851434 -59.3929059639339,-34.403762911484 -59.3938847508966,-34.403767764754 -59.3938828006769,-34.4040381911313 -59.3942090640994,-34.4040398071642 -59.3942051656814,-34.4045806599152 -59.3945314312292,-34.4045822751106 -59.3945236382802,-34.4056639805327 -59.3948499080526,-34.4056655949231 -59.3948479608002,-34.4059360212647 -59.394521689978,-34.4059344068581 -59.3945158449158,-34.4067456857617 -59.3941895709704,-34.4067440704362 -59.3941817729913,-34.4078257754069 -59.3945080511359,-34.4078273907975 -59.3945041540902,-34.4083682432429 -59.3948304343604,-34.4083698577958 -59.3948265393105,-34.4089107102254 -59.3951528217064,-34.4089123239406 -59.3951489286525,-34.4094531763545 -59.3954752131741,-34.4094547892319 -59.3954713221162,-34.4099956416299 -59.3957976087636,-34.4099972536697 -59.3957937197019,-34.4105381060518 -59.3961200084751,-34.4105397172538 -59.3961180649554,-34.4108101434429 -59.3964443548044,-34.4108117537909 -59.3964365846664,-34.4118934584917 -59.3967628787414,-34.4118950680342 -59.3967589956172,-34.4124359203446 -59.3970852918181,-34.4124375290491 -59.3970833512672,-34.4127079552024 -59.3974096485441,-34.4127095630529 -59.3974077090174,-34.4129799892102 -59.3977340073702,-34.4129815962065 -59.3977301303396,-34.4135224485174 -59.3980564308184,-34.4135240546758 -59.3980525557847,-34.4140649069707 -59.3983788583896,-34.414066512291 -59.3983769218842,-34.4143369384365 -59.3987032255651,-34.4143385429026 -59.398701290084,-34.4146089690522 -59.3990275948408,-34.4146105726641 -59.3990256603841,-34.4148809988178 -59.3993519662169,-34.4148826015754 -59.3993500327846,-34.4151530277331 -59.4003289535881,-34.4151578308322 -59.4003212322042,-34.4162395355356 -59.399994921043,-34.4162379353086 -59.3999910580961,-34.4167787875557 -59.3996647448602,-34.416777186426 -59.3996512163829,-34.4186701687977 -59.3993248958203,-34.4186685666847 -59.3993229620273,-34.4189389926734 -59.3999756052789,-34.4189421960611 -59.3999717418172,-34.4194830480668 -59.4019296847946,-34.4194926375307 -59.4019277593277,-34.4197630636119 -59.4022540842976,-34.4197646588251 -59.4022502353878,-34.4203055109834 -59.401923908317,-34.4203039157381 -59.4019200572036,-34.420844767816 -59.4015937280575,-34.420843171668 -59.4015840945724,-34.4221953015712 -59.4019104289711,-34.4221968977994 -59.4019065774985,-34.4227377497083 -59.4022329140241,-34.4227393450981 -59.4022309892999,-34.4230097710505 -59.4025573269017,-34.4230113655857 -59.4025554032025,-34.423281791542 -59.4028817418806,-34.4232833852226 -59.4028798192064,-34.4235538111829 -59.4032061589608,-34.4235554040089 -59.4032042373115,-34.4238258299732 -59.4028778965065,-34.4238242371312 -59.4028740510299,-34.4243650889915 -59.4025477081492,-34.4243634952467 -59.4025457843218,-34.4246339211427 -59.4018930965358,-34.424630731009 -59.4018796143155,-34.4265237117182 -59.4022059655508,-34.4265253073327 -59.4022001902238,-34.4273365846466 -59.4025265446373,-34.4273381794385 -59.4025246205278,-34.4276086052017 -59.4028509760177,-34.4276101991389 -59.4028490529335,-34.427880624906 -59.4035017660919,-34.4278838102001 -59.4034998450838,-34.4281542359872 -59.4038262027523,-34.4281558273441 -59.4038242827694,-34.4284262531351 -59.4041506415144,-34.4284278436372 -59.4041487225568,-34.4286982694322 -59.4044750823783,-34.4286998590794 -59.4044731644461,-34.4289702848783 -59.4051258862674,-34.4289734615922 -59.4051239704115,-34.429243887411 -59.4054503324115,-34.4292454744777 -59.405446502725,-34.429786326111 -59.4060992310052,-34.4297894976957 -59.4060973182256,-34.4300599235261 -59.4057709530218,-34.4300583381533 -59.4057671252841,-34.4305991897461 -59.4060934925899,-34.4306007751508 -59.4060896668523,-34.4311416267272 -59.4067424057445,-34.4311447949878 -59.4067404949395,-34.4314152207898 -59.4077196066218,-34.4314199666966 -59.4077176989446,-34.4316903925343 -59.4083704422954,-34.4316935521494 -59.4083666310689,-34.4322344038521 -59.4090193787256,-34.432237560047 -59.4090174751765,-34.432507985912 -59.409343850094,-34.4325095627189 -59.4093419475707,-34.4327799885876 -59.4106474516986,-34.4327862871691 -59.4106493500175,-34.432515861237 -59.4119548503457,-34.4325221458199 -59.4119529562312,-34.4327925718153 -59.4126057086491,-34.4327957089126 -59.4126038166117,-34.4330661349274 -59.4132565712326,-34.4330692685724 -59.4132527912868,-34.433610120629 -59.4135791707374,-34.4336116861765 -59.4135772817778,-34.4338821122024 -59.4139036623048,-34.4338836768947 -59.4139017743713,-34.4341541029243 -59.414554537603,-34.4341572297273 -59.4145526517467,-34.4344276557763 -59.4161845655216,-34.4344354576197 -59.4161864461218,-34.4341650314923 -59.4165128279008,-34.4341665892322 -59.4165071891786,-34.4349778676255 -59.4168335741363,-34.4349794245414 -59.4168279383424,-34.435790702873 -59.4171543264789,-34.4357922589649 -59.4171524488822,-34.4360626850669 -59.4174788380951,-34.4360642403034 -59.4174769615246,-34.436334666409 -59.4178033518138,-34.43633622079 -59.4178014762696,-34.4366066468992 -59.4194334333467,-34.4366144058162 -59.4194315630343,-34.4368848319914 -59.4197579555758,-34.4368863811771 -59.419752347643,-34.437697659677 -59.4200787433636,-34.4376992080383 -59.4200694015677,-34.439051338708 -59.4203958025703,-34.439052886276 -59.4203939351879,-34.4393233123893 -59.4207203372669,-34.4393248591018 -59.4207128716943,-34.4404065634964 -59.4203864654094,-34.4404050167217 -59.4203845979026,-34.4406754427747 -59.420058190591,-34.4406738951132 -59.4200600591494,-34.4404034690758 -59.419407246704,-34.4404003711704 -59.4194091173405,-34.4401299451521 -59.4187563070979,-34.440126843793 -59.4187544343584,-34.44039726978 -59.4190808405187,-34.4403988209108 -59.4190770970678,-34.4409396728799 -59.4187506888044,-34.4409381217179 -59.4187469431506,-34.4414789736076 -59.4190733535172,-34.4414805248008 -59.4190696098667,-34.4420213766733 -59.4193960223614,-34.4420229270265 -59.4193922807145,-34.4425637788819 -59.4197186953374,-34.442565328395 -59.419714955694,-34.4431061802333 -59.4200413724451,-34.4431077289062 -59.4200395036376,-34.4433781548229 -59.4203659214653,-34.4433797026401 -59.4203621858792,-34.4439205544683 -59.4206886058352,-34.4439221014453 -59.4206792716929,-34.4452742308825 -59.4193735709837,-34.445268037435 -59.419375442069,-34.444997611634 -59.4190490180057,-34.4449960611093 -59.4190508901178,-34.4447256353118 -59.4183980441697,-34.4447225316796 -59.4183961699541,-34.4449929574458 -59.4180697459657,-34.444991404307 -59.4180716212331,-34.4447209785564 -59.4170923525733,-34.4447163139588 -59.4170961093435,-34.4441754625152 -59.4167696886104,-34.444173905938 -59.4167715680096,-34.4439034802138 -59.4164451483533,-34.4439019227808 -59.4164507895558,-34.4430906455827 -59.4161243730796,-34.4430890873255 -59.4161281358593,-34.442548235831 -59.4158017215114,-34.4425466767339 -59.4158054862941,-34.4420058252225 -59.4154790740745,-34.4420042652854 -59.4154847242151,-34.4411929879749 -59.4151583151754,-34.4411914272137 -59.415160199557,-34.4409210014351 -59.4148337915939,-34.4409194398184 -59.4148375623848,-34.4403785882564 -59.41451115655,-34.4403770257998 -59.4145130429592,-34.4401066000164 -59.414186638201,-34.4401050367045 -59.4141885256366,-34.4398346109247 -59.4135357182988,-34.4398314817186 -59.4135319391964,-34.4403723332031 -59.4128791277532,-34.4403692004492 -59.4128772360612,-34.4406396261418 -59.4125508293259,-34.4406380584423 -59.4125489365572,-34.440908484107 -59.4122225287956,-34.4409069155205 -59.4122263164109,-34.4403660642105 -59.4125527220695,-34.4403676327654 -59.412564078001,-34.4387450784509 -59.4128904773759,-34.43874664604 -59.4128923688915,-34.4384762202629 -59.412565970568,-34.4384746526895 -59.4125716481176,-34.4376633753331 -59.4122452529735,-34.4376618069359 -59.4122509334503,-34.4368505295181 -59.4119245414855,-34.4368489602972 -59.4119264359786,-34.4365785344829 -59.4116000450904,-34.4365769644067 -59.4116019406096,-34.4363065385961 -59.411275550798,-34.4363049676646 -59.4112774473432,-34.4360345418578 -59.4109510586081,-34.436032970071 -59.4109529561793,-34.4357625442679 -59.4103001808877,-34.4357593981128 -59.4103020805362,-34.4354889723293 -59.4096493074483,-34.4354858227217 -59.409651209174,-34.4352153969578 -59.4093248237194,-34.4352138208633 -59.4093267264709,-34.4349433951031 -59.4090003420929,-34.4349418181534 -59.4090022458703,-34.4346713923971 -59.4086758625689,-34.4346698145923 -59.4086777673722,-34.4343993888398 -59.4083513851473,-34.4343978101797 -59.4083532909764,-34.4341273844311 -59.4080269098281,-34.4341258049159 -59.4080307235125,-34.4335849534141 -59.407704344492,-34.4335833730598 -59.4077062523472,-34.4333129473066 -59.4067271185918,-34.4333082010655 -59.406729029575,-34.4330377753481 -59.4057498992022,-34.433033021316 -59.4057384139998,-34.4346555751526 -59.4060647970723,-34.4346571607967 -59.4060590572803,-34.4354684375998 -59.4063854435321,-34.4354700224207 -59.4063835312684,-34.4357404480136 -59.4067099185968,-34.4357420319793 -59.4067080073589,-34.436012457576 -59.4070343957641,-34.4360140406866 -59.4070305753145,-34.4365548918757 -59.4076833564065,-34.4365580555474 -59.4076814482461,-34.4368284811556 -59.4080078398816,-34.4368300617008 -59.4080059327472,-34.4371004873129 -59.4083323254594,-34.4371020670028 -59.408328513217,-34.4376429182225 -59.4086549080573,-34.4376444970731 -59.4086377611721,-34.4400783271072 -59.4089641655007,-34.4400799052296 -59.4089603569055,-34.4406207562472 -59.4092867633626,-34.4406223335301 -59.4092848600784,-34.4408927590366 -59.4096112676124,-34.4408943354642 -59.4096093653544,-34.4411647609745 -59.4099357739653,-34.4411663365467 -59.4099243661948,-34.4427888894504 -59.4102507811406,-34.4427904642464 -59.4102469804511,-34.4433313151494 -59.4105733975255,-34.4433328891057 -59.410569598838,-34.4438737399921 -59.4108960180412,-34.4438753131088 -59.4108941197112,-34.4441457385497 -59.4112205399913,-34.4441473108109 -59.4112167453588,-34.4446881616881 -59.4115431677677,-34.4446897331096 -59.4115355824065,-34.4457714347823 -59.4108827291999,-34.4457682909415 -59.4108808306928,-34.4460387162979 -59.4105544030756,-34.4460371430545 -59.4105563026345,-34.445766717714 -59.4095770230904,-34.4457619928032 -59.4095789257793,-34.4454915674981 -59.407946798972,-34.4454836752985 -59.4079448910242,-34.4457541005242 -59.4076184646871,-34.4457525194543 -59.407616555662,-34.446022944652 -59.4069637009607,-34.4460197798662 -59.4069617898065,-34.44629020502 -59.4066353614422,-34.4462886213041 -59.4066334492108,-34.4465590464299 -59.405980590455,-34.4465558763519 -59.4059786760944,-34.4468263014338 -59.405325815337,-34.4468231278383 -59.4053238988471,-34.4470935528761 -59.4046710360882,-34.447090375763 -59.4046691174691,-34.4473608007568 -59.4040162527087,-34.447357620126 -59.4040200941288,-34.4468167701903 -59.4043465243925,-34.4468183609094 -59.4043484440124,-34.4465479359075 -59.4046748732498,-34.4465495257392 -59.4046787103091,-34.446008675667 -59.4050051374685,-34.4460102645954 -59.405007054908,-34.4457398395252 -59.4053334810411,-34.4457414275662 -59.4053353974032,-34.445471002468 -59.4056618225101,-34.4454725896216 -59.405663737795,-34.4452021644953 -59.4059901618756,-34.4452037507616 -59.4059920760832,-34.4449333256073 -59.4063184991376,-34.4449349109863 -59.4063204122679,-34.444664485804 -59.4069732563496,-34.444667653916 -59.406975167351,-34.4443972286898 -59.4073015883783,-34.4443988114229 -59.4073054082013,-34.4438579609023 -59.4076318271507,-34.4438595427322 -59.4076413710043,-34.4425074161398 -59.4073149573133,-34.4425058343895 -59.4073187767799,-34.4419649836999 -59.4069923652175,-34.4419634011101 -59.4069961866855,-34.441422550404 -59.4066697772517,-34.4414209669748 -59.406673600721,-34.4408801162522 -59.4063471934158,-34.4408785319837 -59.4063510188862,-34.4403376812447 -59.4060246137095,-34.4403360961369 -59.406028441181,-34.4397952453815 -59.4057020381329,-34.4397936594343 -59.4057077823031,-34.4389823832586 -59.4053813824349,-34.4389807964881 -59.4053832981587,-34.438710371088 -59.4050568993674,-34.4387087834624 -59.4050607328413,-34.4381679326579 -59.4047343361784,-34.438166344193 -59.4047381716529,-34.4376254933722 -59.4044117771183,-34.4376239040682 -59.404421370614,-34.4362717768848 -59.4040949813617,-34.4362701867897 -59.4041084185405,-34.4343772083378 -59.4037820366725,-34.4343756174836 -59.4037858777386,-34.4338347664207 -59.4034594979985,-34.4338331747276 -59.4034633410646,-34.4332923236484 -59.4031369634525,-34.4332907311163 -59.4031388859982,-34.4330203055746 -59.4028125094629,-34.4330187121876 -59.4028144330341,-34.4327482866499 -59.4024880575755,-34.4327466924079 -59.4024899821723,-34.4324762668742 -59.4021636077904,-34.4324746717773 -59.4021655334126,-34.4322042462475 -59.4011864135744,-34.4321994557795 -59.4011844847989,-34.4324698812611 -59.4008581105198,-34.4324682826805 -59.4008561806675,-34.4327387081339 -59.4002034300843,-34.4327355083276 -59.4002092258705,-34.4319242320277 -59.3998828537707,-34.4319226308664 -59.3998963837279,-34.4300296525234 -59.3995700190111,-34.430028050604 -59.3995738865833,-34.4294871995724 -59.3992475239941,-34.4294855968144 -59.3992513935651,-34.4289447457668 -59.3989250331036,-34.4289431421703 -59.3989269689013,-34.4286727166445 -59.3986006095165,-34.4286711121932 -59.3986025463393,-34.4284006866715 -59.3979498297489,-34.4283974751889 -59.3979478908243,-34.4286679006783 -59.397621531517,-34.4286662936146 -59.3976195915157,-34.4289367190758 -59.3972932311833,-34.4289351111251 -59.3972893490012,-34.4294759619789 -59.3969629865929,-34.429474353125 -59.3969610444121,-34.4297447785176 -59.3966346809787,-34.4297431687766 -59.396628851128,-34.4305544448333 -59.3963024845676,-34.4305528341729 -59.3962966513308,-34.4313641100723 -59.3966230210443,-34.4313657207813 -59.3966171907275,-34.4321769966207 -59.3969435636201,-34.4321786065074 -59.3969416211805,-34.4324490317792 -59.3972679951501,-34.4324506408112 -59.3972660537357,-34.4327210660871 -59.3975924287822,-34.4327226742643 -59.397590488393,-34.4329930995443 -59.3988959930421,-34.4329995236083 -59.3988979292268,-34.4327290982636 -59.3992243044025,-34.432730702086 -59.3992223692689,-34.4330011274468 -59.3995487455215,-34.4330027304144 -59.3995468114133,-34.4332731557793 -59.3992204341095,-34.4332715527956 -59.3992165637134,-34.4338124034568 -59.3988901843332,-34.4338107995698 -59.3988785662186,-34.4354333511669 -59.3992049519061,-34.4354349551507 -59.3992030165146,-34.4357053803907 -59.4001821768857,-34.4357101871643 -59.4001763800181,-34.436521462957 -59.4008291600353,-34.4365246632141 -59.4008272297972,-34.4367950884863 -59.4014800120199,-34.4367982852912 -59.4014780838588,-34.4370687105836 -59.4011516916832,-34.4370671126006 -59.401149762445,-34.4373375378649 -59.4008233692439,-34.4373359389947 -59.4008214389286,-34.4376063642308 -59.4004950447018,-34.4376047644734 -59.4004931133094,-34.4378751896813 -59.400166718057,-34.4378735890368 -59.4001609205713,-34.4386848645397 -59.3998345221904,-34.4386832629757 -59.3998422563254,-34.4376015623454 -59.3995158621758,-34.4375999599747 -59.3995177966965,-34.4373295348031 -59.3991914036241,-34.4373279315774 -59.3991933391703,-34.4370575064098 -59.398866947175,-34.4370559023292 -59.3988688837468,-34.4367854771656 -59.3985424928287,-34.43678387223 -59.398544430426,-34.4365134470706 -59.398218040585,-34.4365118412801 -59.3982199792077,-34.4362414161247 -59.3975672017058,-34.4362382019628 -59.3975691424053,-34.4359677768277 -59.3972427547444,-34.4359661684563 -59.3972408129936,-34.4362365935752 -59.3969144243074,-34.4362349843166 -59.3968969379236,-34.4386688096978 -59.397223336072,-34.4386704191022 -59.3972213940625,-34.4389408441003 -59.3975477932883,-34.4389424526497 -59.3975439112944,-34.4394833026422 -59.3978703126489,-34.4394849103528 -59.3978683726646,-34.439755335347 -59.3981947750965,-34.4397569422026 -59.3981908971534,-34.4402977921873 -59.3985173017141,-34.440299398204 -59.3985114877601,-34.4411106731389 -59.3981850800449,-34.4411090670737 -59.3981695666185,-34.4432724662394 -59.3978431505163,-34.4432708591737 -59.3978392697979,-34.443811708812 -59.3975128516182,-34.4438101008427 -59.3975109101685,-34.4440805256276 -59.3968580717833,-34.4440773070425 -59.3968561282043,-34.4443477317829 -59.3965297079989,-34.4443461211672 -59.3965277633423,-34.4446165458793 -59.3945692363439,-34.4446068637898 -59.3945711873108,-34.444336439175 -59.3942447672871,-34.44433482246 -59.3942428152685,-34.4446052470585 -59.393916394219,-34.4446036294559 -59.3939203003336,-34.4440627802794 -59.392288205994,-34.4440546793594 -59.3922803726263,-34.445136377338 -59.392606795649,-34.4451379993299 -59.392602880912,-34.4456788482794 -59.3929293060643,-34.4456804694326 -59.3929214804846,-34.4467621672518 -59.3922686217917,-34.4467589239436 -59.3922705803294,-34.4464884995396 -59.3919441520739,-34.4464868765947 -59.3919480711746,-34.4459460277829 -59.3912952189492,-34.4459427793443 -59.3912991421525,-34.4454019305496 -59.3909727181826,-34.445400305056 -59.3909766433848,-34.4448594562457 -59.3906502215445,-34.4448578299134 -59.3906541487456,-34.4443169810875 -59.3900013093504,-34.4443137258743 -59.3900032750151,-34.444043301476 -59.3896768564085,-34.4440416725788 -59.3896788230987,-34.4437712481848 -59.38935240557,-34.4437696184327 -59.3893543732856,-34.443499194043 -59.3883751240118,-34.4434942996081 -59.3883770948562,-34.4432238752556 -59.3880506795358,-34.4432222420511 -59.3880526514056,-34.4429518177029 -59.3877262371631,-34.4429501836436 -59.3877242642417,-34.4432206079754 -59.386745018517,-34.4432157005204 -59.3867469945934,-34.442945276238 -59.387073408757,-34.4429469129112 -59.3870773587274,-34.4424060642772 -59.386424534633,-34.4424027901255 -59.3864265116819,-34.4421323658233 -59.3857736897961,-34.4421290882196 -59.3857756689219,-34.4418586639383 -59.3847964394458,-34.4418537410479 -59.3847924748584,-34.4423945894993 -59.3844660629827,-34.4423929467603 -59.3844640795978,-34.4426633709513 -59.3841376666969,-34.4426617273245 -59.3841297286863,-34.4437434239018 -59.3844561457938,-34.4437450675947 -59.3844521787332,-34.4442859158439 -59.3841257595224,-34.4442842721179 -59.3841217902526,-34.4448251202857 -59.3844482115669,-34.4448267640448 -59.3844422606191,-34.4456380362555 -59.3847686851151,-34.4456396791929 -59.3847667024647,-34.4459101032555 -59.3841138513957,-34.4459068164764 -59.3841118666154,-34.4461772404938 -59.3837854400687,-34.4461755957807 -59.3837973546646,-34.444553051594 -59.383470934455,-34.4445514061088 -59.3834868275142,-34.4423880133156 -59.3838132393105,-34.4423896586684 -59.3838231663543,-34.4410375376973 -59.3834967598158,-34.4410358924272 -59.3834987461967,-34.4407654682133 -59.382845935302,-34.4407621750927 -59.3828479237595,-34.4404917508998 -59.3818687107708,-34.4404868047347 -59.3818707023563,-34.4402163805795 -59.3815442991313,-34.4402147301319 -59.3815423064943,-34.4404851542705 -59.380889498021,-34.4404818507287 -59.380891492761,-34.4402114266233 -59.3805650896157,-34.4402097735623 -59.3805670853805,-34.4399393494615 -59.3802406833133,-34.4399376955459 -59.3802426801029,-34.4396672714496 -59.3795898781513,-34.4396639610381 -59.3795918770172,-34.4393935369631 -59.3776334781107,-34.4393835849208 -59.3776354832586,-34.4391131609338 -59.3763298887276,-34.4391065088828 -59.3763318980545,-34.4388360849506 -59.3756791030524,-34.4388327537317 -59.3756770916226,-34.4391031776303 -59.3753506931104,-34.4391015106974 -59.3753486806024,-34.4393719345672 -59.3743694820723,-34.4393669284911 -59.3743674663832,-34.4396373522985 -59.3737146653945,-34.4396340105251 -59.3737166831865,-34.4393635867513 -59.3707790895331,-34.4393485058001 -59.3707770622782,-34.4396189294221 -59.3688186614157,-34.4396088361512 -59.368816627825,-34.4398792596596 -59.3691430289525,-34.4398809440663 -59.3691369311722,-34.4406922145697 -59.3697897398174,-34.4406955808711 -59.3697856787012,-34.4412364278808 -59.3691328658499,-34.4412330615116 -59.3691308331481,-34.4415034849644 -59.3688044257116,-34.4415018004561 -59.3688023919312,-34.4417722238799 -59.3684759834702,-34.4417705384833 -59.3684698788116,-34.4425818086313 -59.368143467223,-34.4425801223126 -59.3681414312309,-34.4428505456541 -59.3684678438711,-34.4428522319897 -59.3684658089036,-34.4431226553361 -59.3687922226225,-34.4431243408174 -59.3687861207121,-34.4439356108349 -59.3684597038382,-34.4439339253028 -59.3684576687622,-34.4442043486008 -59.3681312508637,-34.4442026621803 -59.3681332869914,-34.4439322388993 -59.3678068701718,-34.4439305516245 -59.3678170556615,-34.4425784351227 -59.3674906441272,-34.4425767470616 -59.3674886060319,-34.4428471703691 -59.3671621934732,-34.4428454814198 -59.3671662717397,-34.4423046348265 -59.3668398613113,-34.4423029450399 -59.3668480217245,-34.4412212517764 -59.3665216155296,-34.4412195611865 -59.3665461067767,-34.4379744804398 -59.3724211953224,-34.4380047741047 -59.3724232171585,-34.4377343503258 -59.3730760032124,-34.4377376988327 -59.373073983479,-34.4380081226453 -59.3737267717432,-34.4380114677015 -59.3737287893739,-34.4377410438552 -59.374055182495,-34.4377427150598 -59.3740571990474,-34.4374722911847 -59.3747099832675,-34.437475630947 -59.3747119976904,-34.4372052070261 -59.3753647799152,-34.4372085432705 -59.3753667922086,-34.436938119304 -59.3760195724381,-34.4369414520305 -59.3760215826021,-34.4366710280184 -59.3763479717057,-34.4366726930583 -59.3763560078887,-34.4355909968221 -59.376682392814,-34.4355926609239 -59.3766864086424,-34.4350518126999 -59.377012791492,-34.4350534758972 -59.377008777766,-34.4355943241547 -59.3773351627448,-34.4355959865145 -59.3773291451091,-34.4364072588603 -59.3776555332684,-34.4364089203992 -59.3776535283877,-34.4366793445071 -59.377979917625,-34.4366810051916 -59.3779779137689,-34.4369514293041 -59.3786306944262,-34.4369547480933 -59.378628692646,-34.4372251722271 -59.3802606500127,-34.4372334540395 -59.3802586534625,-34.4375038782445 -59.3812378313559,-34.4375088369289 -59.3812358379331,-34.4377792611717 -59.3815622316688,-34.4377809123409 -59.3815602392708,-34.4380513365882 -59.3822130289245,-34.4380546363465 -59.3822110386027,-34.4383250606149 -59.3825374345207,-34.4383267092039 -59.3825354452238,-34.4385971334769 -59.3831882392421,-34.4386004280747 -59.3831862520216,-34.4388708523688 -59.3841654464018,-34.4388757877817 -59.3841634623091,-34.4391462121133 -59.3861218580917,-34.4391560595172 -59.3861198802811,-34.4394264839358 -59.386446280722,-34.4394281221372 -59.3864423271248,-34.4399689709711 -59.3867687296949,-34.4399706083343 -59.3867667539083,-34.4402410327496 -59.3870931575562,-34.4402426692581 -59.3870951322914,-34.4399722448264 -59.3874215349142,-34.4399738804472 -59.3874195612305,-34.4402443048954 -59.3880723686579,-34.4402475735564 -59.3880703970509,-34.4405179980255 -59.3887232066865,-34.4405212632346 -59.3887212371562,-34.4407916877244 -59.3893740489998,-34.4407949494815 -59.3893720815464,-34.441065373992 -59.3910041168715,-34.4410735132206 -59.3910060790673,-34.4408030886282 -59.3913324851593,-34.4408047138439 -59.3913344462774,-34.4405342892231 -59.391660851344,-34.4405359135512 -59.3916647713989,-34.4399950642407 -59.3919911743886,-34.439996687665 -59.391999009979,-34.4389149888335 -59.3916726111951,-34.4389133654746 -59.3916765309365,-34.4383725160191 -59.3913501342815,-34.4383708918217 -59.3913520951644,-34.4381004670921 -59.391025699587,-34.4380988420399 -59.3910276614951,-34.4378284173146 -59.3903748725214,-34.4378251646296 -59.3903768365062,-34.437554739925 -59.3900504431099,-34.4375531122921 -59.3900484780738,-34.4378235369804 -59.3897220836524,-34.4378219084601 -59.3897279818362,-34.4370106344082 -59.3903807643971,-34.4370138904795 -59.3903827283034,-34.4367434657386 -59.3907091185718,-34.4367450924512 -59.3907071557169,-34.4370155172085 -59.3910335470628,-34.4370171430664 -59.3910355088663,-34.4367467182928 -59.3916882895339,-34.4367499673626 -59.3916863298329,-34.4370203921689 -59.3920127212572,-34.4370220154135 -59.3920088038797,-34.4375628650225 -59.3926615910119,-34.4375661089638 -59.3926596343867,-34.4378365337828 -59.3929860290433,-34.4378381544631 -59.3929821178174,-34.4383790040975 -59.3933085146029,-34.4383806239392 -59.3933065600023,-34.4386510487546 -59.3936329578652,-34.4386526677415 -59.3936310042899,-34.4389230925611 -59.3949366002074,-34.4389295598624 -59.3949404989205,-34.438388710081 -59.395266895862,-34.438390324696 -59.3952688441282,-34.438119899771 -59.3955952400442,-34.4381215134986 -59.3956069227881,-34.4364989635973 -59.3952805331801,-34.4364973499671 -59.3952844293231,-34.4359564999358 -59.3949580418436,-34.4359548854671 -59.3949599909274,-34.4356844604496 -59.3946336045252,-34.435682845126 -59.3946355546343,-34.4354124201127 -59.3943091693093,-34.4354108039343 -59.3943111204437,-34.4351403789252 -59.393984736196,-34.4351387618921 -59.3939905925966,-34.434327486841 -59.3936642115285,-34.4343258689857 -59.3936739769318,-34.4329737437404 -59.3933476011455,-34.4329721250955 -59.3933515092268,-34.4324312749454 -59.3930251355688,-34.4324296554621 -59.3930310006487,-34.4316183801953 -59.39270463017,-34.4316167598899 -59.3927065861955,-34.4313463347932 -59.3923802167939,-34.4313447136333 -59.3923821738444,-34.4310742885407 -59.3914030689491,-34.4310694198845 -59.3914011087455,-34.4313398449281 -59.3910747394483,-34.4313382202846 -59.3910727781675,-34.4316086452997 -59.3904200375494,-34.4316053933673 -59.3904180741404,-34.4318758183376 -59.3897653315248,-34.4318725628888 -59.3897633659875,-34.4321429878143 -59.3894369936679,-34.4321413587671 -59.3894350270534,-34.4324117836641 -59.3891086537089,-34.4324101537296 -59.389106686017,-34.4326805785982 -59.3887803116477,-34.4326789477763 -59.3887744052613,-34.4334902222603 -59.389100782784,-34.4334918531314 -59.3890988149872,-34.4337622779517 -59.3894251935872,-34.4337639079682 -59.3894212600173,-34.4343047576053 -59.3897476407459,-34.4343063867836 -59.3897456749728,-34.4345768116004 -59.389419293193,-34.4345751824057 -59.3894173263425,-34.4348456071941 -59.3881117952808,-34.4348390816394 -59.3881098241992,-34.43510950635 -59.3874570567234,-34.4351062383138 -59.3874649493017,-34.4340245395303 -59.3871385698081,-34.4340229042715 -59.3871425180418,-34.4334820548402 -59.3868161406767,-34.4334804187433 -59.3868181158052,-34.433209994026 -59.3864917395176,-34.4332083570745 -59.386493715671,-34.4329379323616 -59.385840965277,-34.4329346558788 -59.3858449217091,-34.4323938064827 -59.3861712947907,-34.4323954451266 -59.3861732719161,-34.4321250203939 -59.3864996439729,-34.4321266581504 -59.3865016200209,-34.4318562333892 -59.386827991053,-34.4318578702583 -59.3868299660236,-34.4315874454685 -59.3874827060647,-34.431590716561 -59.3874846789069,-34.4313202917263 -59.3878110479159,-34.4313219259497 -59.3878130196808,-34.4310515010864 -59.388139387665,-34.4310531344225 -59.3881433290139,-34.4305122846269 -59.3884696949224,-34.4305139170592 -59.3884716645065,-34.4302434921269 -59.3887980293902,-34.4302451236719 -59.3887999978971,-34.429974698711 -59.3891263617561,-34.4299763293688 -59.3891243943001,-34.4302467543462 -59.3894507592363,-34.4302483841495 -59.3894527256413,-34.4299779591558 -59.3904318174541,-34.4299828432915 -59.3904357438797,-34.4294419931696 -59.3907621057677,-34.4294436194404 -59.3907778020165,-34.4272802183388 -59.3911041555237,-34.4272818436079 -59.3911080772228,-34.4267409931791 -59.3917607801123,-34.4267442410396 -59.3917627388211,-34.4264738157744 -59.3920890892542,-34.4264754383822 -59.3920910468861,-34.4262050130885 -59.3924173962945,-34.4262066348093 -59.3924213093785,-34.4256657841532 -59.3940530463039,-34.4256738795329 -59.3940549975531,-34.4254034541052 -59.3953603833586,-34.425409914671 -59.3953623303789,-34.4251394891663 -59.3963413668533,-34.4251443253995 -59.3963433106956,-34.424873899834 -59.3966696551882,-34.4248755101541 -59.3966715979539,-34.4246050845604 -59.3969979414216,-34.4246066939936 -59.3969998831107,-34.4243362683716 -59.3973262255537,-34.4243378769179 -59.3973359283578,-34.4229857485458 -59.397009591168,-34.4229841400804 -59.3970134742099,-34.4224432886794 -59.3963608041103,-34.4224400692014 -59.3963627476935,-34.4221696435152 -59.3960364137332,-34.4221680324865 -59.3960344690994,-34.4224384581565 -59.3957081341143,-34.422436846241 -59.3957042426678,-34.4229776975124 -59.3950515685732,-34.4229744710045 -59.3950496207098,-34.4232448965896 -59.3947232826509,-34.4232432820135 -59.3947213337109,-34.4235137075703 -59.3943949946273,-34.4235120921073 -59.3943910945681,-34.4240529431521 -59.3940647534092,-34.4240513267859 -59.39406280229,-34.4243217522739 -59.3937364601064,-34.4243201350208 -59.3937345079105,-34.4245905604804 -59.3934081647023,-34.4245889423403 -59.393404258131,-34.4251297931909 -59.3930779128474,-34.4251281741475 -59.393075958472,-34.4253985995384 -59.3920969196253,-34.4253937371352 -59.3920949620716,-34.425664162465 -59.3914422675361,-34.4256609164767 -59.3914403078549,-34.4259313417618 -59.3907876113223,-34.4259280922578 -59.3907836876784,-34.4264689427265 -59.388499235928,-34.4264575418052 -59.3884952974684,-34.4269983919961 -59.3881689452217,-34.4269967597772 -59.3881669749017,-34.4272671848382 -59.3878406216303,-34.4272655517321 -59.3878386502333,-34.4275359767645 -59.3871859416678,-34.4275327079072 -59.3871879151665,-34.4272622829077 -59.386208855668,-34.4272573731403 -59.3862108322929,-34.4269869481781 -59.3849054242003,-34.4269803896968 -59.384907405002,-34.4267099647885 -59.3842547032156,-34.4267066803564 -59.3842566860925,-34.4264362554691 -59.3836039865134,-34.426432967587 -59.3836059714653,-34.4261625427207 -59.3816478796679,-34.4261526582762 -59.3816458884114,-34.426423083043 -59.3813195388205,-34.4264214325714 -59.3813175464866,-34.4266918573096 -59.380664845283,-34.4266885537209 -59.380662850821,-34.4269589784138 -59.3796837960626,-34.4269540164502 -59.3796857936769,-34.4266835918074 -59.3793594431948,-34.4266819360947 -59.3793614418334,-34.4264115114564 -59.3796877912647,-34.4264131671524 -59.3796897888259,-34.4261427424853 -59.3803424856669,-34.4261460512319 -59.3803444810999,-34.4258756265194 -59.3806708285096,-34.42587727957 -59.3806728228653,-34.4256068548288 -59.3809991692508,-34.425608506992 -59.3810011625292,-34.4253380822222 -59.3816538532784,-34.4253413839032 -59.3816558444288,-34.425070959088 -59.3845929446559,-34.4250857734037 -59.3845909629618,-34.4253561983679 -59.3858963457306,-34.4253627599361 -59.3858983232218,-34.4250923349059 -59.3865510126629,-34.4250956104327 -59.3865529880264,-34.4248251853575 -59.3868793317357,-34.4248268217984 -59.3868813060221,-34.4245563966946 -59.3872076487071,-34.4245580322484 -59.3872115950997,-34.4240171819715 -59.3875379357096,-34.4240188166218 -59.3875418798957,-34.4234779662637 -59.3878682184307,-34.4234796000104 -59.3878721604104,-34.4229387495712 -59.3885248333567,-34.4229420143869 -59.388526802206,-34.4226715891163 -59.3888531376679,-34.4226732202018 -59.3888551054404,-34.4224027949027 -59.3895077743417,-34.422406054429 -59.3895097399868,-34.422135629085 -59.3898360734262,-34.4221372575259 -59.3898380379946,-34.4218668321535 -59.3901643704096,-34.4218684597073 -59.3901741876063,-34.4205163325823 -59.3898478604438,-34.4205147051103 -59.3898498248551,-34.4202442796654 -59.3895234987693,-34.4202426513393 -59.3895254642049,-34.4199722258988 -59.3888728142127,-34.4199689666677 -59.388876749207,-34.4194281158159 -59.3895293949975,-34.4194313749814 -59.3895313603545,-34.4191609495046 -59.3898576822386,-34.4191625777652 -59.389859646519,-34.41889215226 -59.390512288265,-34.4188954061369 -59.3905142504184,-34.4186249805868 -59.3918195300225,-34.4186314778292 -59.3918116980582,-34.4197131802186 -59.3914853739164,-34.4197115571484 -59.3914775373327,-34.4207932592792 -59.3921301940461,-34.4207965046797 -59.3921282369359,-34.4210669302148 -59.3924545663822,-34.4210685516256 -59.3924565224419,-34.4207981260741 -59.3934355077858,-34.4208029850339 -59.3934394135241,-34.420262133797 -59.3937657399232,-34.4202637516765 -59.3937754985615,-34.4189116232913 -59.3931228562937,-34.4189083868245 -59.3931248100441,-34.4186379611438 -59.3924721699812,-34.4186347212275 -59.3924741258063,-34.4183642955673 -59.3928004447743,-34.4183659159444 -59.3928043542457,-34.4178250645552 -59.3931306711391,-34.4178266840292 -59.3931384855679,-34.4167449810408 -59.3928121728757,-34.416743361632 -59.3928258544754,-34.4148503810514 -59.3924995491609,-34.4148487608863 -59.3925034600553,-34.4143079092158 -59.3921771568672,-34.4143062882129 -59.3921791133255,-34.4140358623759 -59.3918528112136,-34.414034240519 -59.3918567261521,-34.4134933888413 -59.3915304261666,-34.4134917661467 -59.3915323846468,-34.4132213403061 -59.3912060857374,-34.4132197167576 -59.3912080452417,-34.4129492909212 -59.3908817474085,-34.4129476665187 -59.3908837079367,-34.4126772406866 -59.3902311144489,-34.4126739893033 -59.3902291518206,-34.4129444151027 -59.3899028540659,-34.4129427880893 -59.3899008903613,-34.4132132138602 -59.3895745915826,-34.41321158596 -59.3895706619947,-34.4137524374329 -59.3889180603155,-34.4137491789561 -59.3889141264223,-34.4142900303151 -59.3885878235218,-34.4142883997383 -59.3885838874234,-34.4148292510162 -59.3882575824488,-34.4148276195363 -59.3882536441451,-34.4153684707329 -59.3879273370963,-34.4153668383498 -59.3879253668549,-34.4156372639136 -59.3869464427155,-34.4156323614926 -59.3869503894733,-34.4150915104516 -59.3872766953931,-34.4150931454294 -59.387282612182,-34.414281868728 -59.3876089149776,-34.4142835027861 -59.3876128572719,-34.4137426515585 -59.3879391579934,-34.4137442847134 -59.3879430980824,-34.4132034334046 -59.38826939673,-34.4132050656563 -59.3882733346138,-34.4126642142664 -59.3885996311875,-34.412665845615 -59.3886055346663,-34.4118545683903 -59.3866477745189,-34.4118447675404 -59.3866458004187,-34.4121151931954 -59.3856669175499,-34.4121102809724 -59.3856649402732,-34.4123807065659 -59.3853386449862,-34.4123790674011 -59.3853366666332,-34.4126494929661 -59.3850103703225,-34.4126478529145 -59.3850064114372,-34.4131887039751 -59.3846801130528,-34.4131870630203 -59.3846682294628,-34.4148096158131 -59.384994534148,-34.414811256867 -59.3849885951472,-34.4156225331499 -59.3846622873114,-34.4156208920464 -59.3846603065415,-34.4158913174334 -59.3843339976819,-34.415889675443 -59.3843300339624,-34.4164305261476 -59.3840037230287,-34.4164288832538 -59.383999757103,-34.4169697338771 -59.3836734440952,-34.4169680900797 -59.3836674918575,-34.4177793658744 -59.3833411757253,-34.4177777211569 -59.3833352200986,-34.4185889967932 -59.3830089008417,-34.4185873511557 -59.3830069145296,-34.418857776327 -59.3817016335655,-34.4188511850055 -59.3816996430253,-34.4191216100985 -59.3813733218001,-34.4191199600752 -59.381371330183,-34.4193903851395 -59.381045007934,-34.4193887342292 -59.3810430152399,-34.4196591592648 -59.3807166919671,-34.4196575074673 -59.3807127043984,-34.4201983574691 -59.3803863790512,-34.4201967047678 -59.3803823892753,-34.4207375546879 -59.3800560618538,-34.4207359010828 -59.3800520698706,-34.4212767509214 -59.3797257403747,-34.4212750964125 -59.3797237432927,-34.421545521297 -59.3793974127729,-34.4215438659008 -59.3793954146138,-34.4218142907566 -59.3787427515531,-34.4218109773192 -59.3787447518133,-34.4215405524968 -59.3784184213735,-34.4215388944889 -59.3784204226575,-34.421268469671 -59.3780940932949,-34.4212668108092 -59.378098097884,-34.4207259611707 -59.377771770649,-34.4207243014718 -59.3777797837088,-34.4196426021166 -59.3784324298019,-34.4196459205104 -59.3784344308993,-34.419375495608 -59.3790870749982,-34.4193788104864 -59.3790890739682,-34.4191083855385 -59.3797417160729,-34.4191116969015 -59.3797437129154,-34.4188412719083 -59.3803963530258,-34.418844579756 -59.380398347741,-34.4185741547174 -59.3807246667857,-34.4185758073189 -59.3807266604239,-34.4183053822516 -59.3810529784448,-34.418307033966 -59.3810549710061,-34.4180366088699 -59.3817076050269,-34.418039909654 -59.3817115858685,-34.4174990593594 -59.3823642157942,-34.4175023565952 -59.3823781332008,-34.4156093799511 -59.3820518255765,-34.4156077318845 -59.3820597819981,-34.4145260307456 -59.3823860854216,-34.4145276787459 -59.3823900613731,-34.4139868280708 -59.3827163627228,-34.4139884751676 -59.3827302703679,-34.4120954973083 -59.3830565643935,-34.4120971434187 -59.383058550044,-34.4118267179454 -59.3837111360746,-34.4118300075224 -59.3837131195986,-34.4115595820038 -59.3840394116035,-34.4115612254704 -59.3840413940511,-34.4112907999232 -59.3843676850324,-34.411292442503 -59.3843716477484,-34.4107515913394 -59.3856768035378,-34.4107581528238 -59.385674826393,-34.4110285784777 -59.3873062769724,-34.4110367608353 -59.3873043050511,-34.4113071865594 -59.3876305962958,-34.4113088204366 -59.3876325671672,-34.4110383946961 -59.388611437909,-34.4110432910569 -59.3886094701877,-34.4113137168468 -59.3899146357439,-34.4113202332102 -59.3899165992653,-34.4110498073547 -59.3902428896698,-34.4110514342535 -59.3902448521151,-34.4107810083696 -59.3905711414958,-34.4107826343818 -59.3905731028649,-34.4105122084695 -59.3902468145342,-34.4105105824737 -59.3902527016346,-34.4096993047133 -59.3899264164799,-34.4096976778964 -59.3899283798443,-34.4094272519684 -59.3896020957656,-34.4094256242977 -59.3896060245156,-34.4088847724384 -59.3892797425629,-34.4088831439302 -59.389283673308,-34.4083422920555 -59.3889573934811,-34.4083406627099 -59.3889593598642,-34.4080702367708 -59.3886330811134,-34.4080686065715 -59.3886350485201,-34.4077981806367 -59.3879824931968,-34.4077949176604 -59.3879844626769,-34.4075244917464 -59.3876581861045,-34.4075228589695 -59.3876601566081,-34.4072524330599 -59.3870076056415,-34.4072491649286 -59.3870095782185,-34.4069787390398 -59.3866833038244,-34.4069771036854 -59.3866813301977,-34.4072475295578 -59.3863550547801,-34.4072458933168 -59.3863570294566,-34.4069754674609 -59.3860307551151,-34.4069738303663 -59.3860347064887,-34.4064329786512 -59.385708434273,-34.4064313407195 -59.3857104109701,-34.4061609148604 -59.3853841398305,-34.406159276075 -59.3853861175509,-34.4058888502203 -59.3850598474874,-34.4058872105814 -59.3850618262311,-34.405616784731 -59.3847355572437,-34.4056151442386 -59.3847395167515,-34.4050742925347 -59.3844132498898,-34.4050726512052 -59.3844152306538,-34.4048022253517 -59.3840889648682,-34.4048005831687 -59.3840909466554,-34.4045301573196 -59.3837646819459,-34.4045285142831 -59.3837666647563,-34.4042580884385 -59.3834404011228,-34.4042564445485 -59.3834423849564,-34.4039860187083 -59.383116122399,-34.4039843739648 -59.3831141375158,-34.4042547997884 -59.3827878739352,-34.4042531541583 -59.3827858879759,-34.4045235799533 -59.3824596233721,-34.4045219334366 -59.3824576363367,-34.4047923592029 -59.3821313707098,-34.4047907117996 -59.3821293825982,-34.4050611375373 -59.3818031159481,-34.4050594892474 -59.3818011267604,-34.4053299149564 -59.3814748590871,-34.4053282657798 -59.3814728688232,-34.4055986914601 -59.3811466001268,-34.4055970413969 -59.3811426174199,-34.406137892688 -59.3808163466506,-34.4061362417215 -59.3808043915944,-34.4077587952053 -59.3811306686623,-34.4077604462715 -59.3811246939252,-34.4085717229002 -59.3814509741691,-34.4085733731461 -59.3814390302776,-34.4101959261771 -59.3817653168473,-34.4101975756525 -59.3817593476933,-34.4110088520547 -59.3820856374394,-34.4110105007096 -59.3820776823961,-34.4120922024766 -59.3810988006373,-34.4120872537019 -59.3810948166563,-34.4126281044133 -59.3807685206897,-34.412626453048 -59.3807645345024,-34.4131673036778 -59.3810908325692,-34.4131689550764 -59.3810868483759,-34.4137098056911 -59.3814131485694,-34.4137114562526 -59.3814091663701,-34.4142523068523 -59.3817354686905,-34.4142539565767 -59.381729498343,-34.4150652324354 -59.3814031928722,-34.4150635826612 -59.3814012016532,-34.4153340079067 -59.3800959758348,-34.4153274000398 -59.3800979712546,-34.4150569748608 -59.3797716659166,-34.4150553207348 -59.37977366236,-34.4147848955604 -59.3794473580988,-34.4147832405806 -59.379451353006,-34.4142423902289 -59.3791250508718,-34.4142407344121 -59.3791330445673,-34.4131590336302 -59.3794593425011,-34.4131606893804 -59.3794633370889,-34.4126198388837 -59.3797896329492,-34.4126214937302 -59.3797936253305,-34.4120806431518 -59.3801199191173,-34.4120822970948 -59.3801278993607,-34.4110005957266 -59.3798016097739,-34.4109989418502 -59.379807597827,-34.4101876657472 -59.3794813114167,-34.4101860110506 -59.379485305419,-34.4096451602881 -59.379159021135,-34.4096435047546 -59.3791630171307,-34.4091026539772 -59.3788367349731,-34.4091009976068 -59.378840732962,-34.4085601468144 -59.3785144529308,-34.4085584896072 -59.3785164529351,-34.4082880642096 -59.3781901739804,-34.4082864061489 -59.3781921750079,-34.4080159807559 -59.3778658971297,-34.4080143218418 -59.3778638950525,-34.4082847472181 -59.3765587796074,-34.4082781027934 -59.3765567733041,-34.4085485280908 -59.3755779338515,-34.4085435355855 -59.3755759243719,-34.4088139608205 -59.3749233627711,-34.4088106280993 -59.3749213511649,-34.4090810532887 -59.3745950693549,-34.4090793856061 -59.3745930566721,-34.4093498107667 -59.3742667738389,-34.409348142197 -59.3742587186399,-34.4104298426513 -59.3745850056727,-34.4104315112881 -59.3745829928558,-34.4107019363883 -59.3749092809654,-34.4107036041716 -59.374905257351,-34.4112444543693 -59.3752315475873,-34.411246121316 -59.3752275259657,-34.4117869714989 -59.3755538183288,-34.4117886376089 -59.3755397491595,-34.4136816129859 -59.375213449446,-34.4136799467585 -59.3752074162498,-34.4144912216886 -59.3748811134127,-34.4144895545406 -59.3748770890476,-34.4150304044 -59.374550784137,-34.4150287363481 -59.3745568237949,-34.4142174615912 -59.3742305220616,-34.4142157927193 -59.3742325362774,-34.4139453677929 -59.373906235621,-34.4139436980675 -59.3739082508601,-34.4136732731459 -59.3735819512807,-34.4136716025669 -59.373583967543,-34.41340117765 -59.3739102660723,-34.4134028482122 -59.3739183266525,-34.4123211483567 -59.3742446210084,-34.4123228179813 -59.3742506630115,-34.4115115429124 -59.3739243718057,-34.4115098733381 -59.3739284017735,-34.4109690232654 -59.3736021126945,-34.4109673528546 -59.3736041286881,-34.4106969278169 -59.373277840686,-34.4106952565526 -59.3732798577026,-34.4104248315197 -59.3729535707773,-34.410423159402 -59.3729515527107,-34.4106935844181 -59.3722989768408,-34.4106902375385 -59.3722969566473,-34.4109606625088 -59.3709918010309,-34.4109539582394 -59.3709958497905,-34.4104131084216 -59.3696907030053,-34.4104063903636 -59.3696927315443,-34.4101359655042 -59.3706715884429,-34.4101410053023 -59.3706736138051,-34.40987058038 -59.3709998984421,-34.4098722585554 -59.3710019227274,-34.4096018336042 -59.3713282063415,-34.4096035108925 -59.37133022955,-34.4093330859123 -59.3716565121411,-34.4093347623136 -59.3716605563774,-34.4087939122833 -59.3719868368958,-34.4087955877806 -59.3719888579237,-34.4085251627305 -59.3723151374191,-34.4085268373408 -59.3723171573702,-34.4082564122617 -59.3726434358427,-34.4082580859851 -59.3726515111789,-34.4071763854806 -59.3723252369056,-34.4071747118247 -59.3723272567222,-34.4069042866852 -59.3720009835255,-34.406902612176 -59.3720030043649,-34.4066321870413 -59.3713504601519,-34.4066288354463 -59.3713524830638,-34.4063584103333 -59.3706999410582,-34.4063550552917 -59.3706979160468,-34.406625480371 -59.3703716440347,-34.4066238015282 -59.3703736700958,-34.4063533764658 -59.3697211282521,-34.4063500162037 -59.3697272125716,-34.4055387410456 -59.3703797481171,-34.4055421012062 -59.3703817740702,-34.4052716760955 -59.3707080408338,-34.4052733548538 -59.3707100657103,-34.4050029297141 -59.3710363314512,-34.4050046075855 -59.371038355251,-34.4047341824168 -59.3716908847144,-34.4047375355157 -59.371692906388,-34.4044671103012 -59.3720191701105,-34.4044687855288 -59.3720211907075,-34.4041983602854 -59.372673716134,-34.4042017080967 -59.3726757346048,-34.4039312828075 -59.3730019963089,-34.4039329553913 -59.3729999788876,-34.4042033806973 -59.3736525044755,-34.4042067232886 -59.3736504891266,-34.4044771486161 -59.3739767530104,-34.4044788186235 -59.3739747386843,-34.4047492439559 -59.3746272686318,-34.4047525813942 -59.3746232440976,-34.4052934320898 -59.3749495112109,-34.4052950995374 -59.3749515224417,-34.4050246741789 -59.3752777885322,-34.4050263407398 -59.3752797986865,-34.4047559153524 -59.3756060637541,-34.4047575810264 -59.3756140999052,-34.403675879289 -59.3759403608011,-34.403677544026 -59.3759423687223,-34.4034071185446 -59.3762686285954,-34.4034087823949 -59.3762666217237,-34.4036792078929 -59.3765928826731,-34.4036808708899 -59.3766029115162,-34.4023287431951 -59.3772554229996,-34.4023320664118 -59.377257426589,-34.4020616408032 -59.3775836813212,-34.4020633010899 -59.3775856838344,-34.4017928754525 -59.3788906988321,-34.4017995078331 -59.3788867021751,-34.4023403592294 -59.3792129580901,-34.402342015183 -59.3792069660535,-34.4031532922369 -59.3788807069898,-34.4031516362332 -59.3788767100665,-34.4036924875087 -59.3785504489303,-34.4036908306018 -59.378548449379,-34.4039612562047 -59.3792009737773,-34.403964569182 -59.3792029712293,-34.4036941435457 -59.3801817548775,-34.4036991064366 -59.3801837491542,-34.4034286807383 -59.3811625298928,-34.4034336357493 -59.3811645209941,-34.403163209989 -59.3814907802439,-34.4031648599028 -59.3814927702691,-34.4028944341138 -59.382145286749,-34.4028977312981 -59.3821492625217,-34.4023568796176 -59.3828017749094,-34.4023601732557 -59.3828077320728,-34.4015488955448 -59.3831339851579,-34.4015505410092 -59.3831379543689,-34.4010096891085 -59.3834642053814,-34.4010113336699 -59.3834661888978,-34.4007409076848 -59.3837924388873,-34.4007425513598 -59.3837944213278,-34.4004721253461 -59.3841206702943,-34.4004737681346 -59.384122651659,-34.4002033420923 -59.3844488996025,-34.4002049839944 -59.3844508798913,-34.3999345579235 -59.3847771268118,-34.3999361989391 -59.3847810852115,-34.3993953467281 -59.3851073300596,-34.3993969868409 -59.3851093081705,-34.3991265607008 -59.3854355519956,-34.3991281999271 -59.3854375290308,-34.3988577737584 -59.3860900146612,-34.3988610495686 -59.3860919895714,-34.3985906233549 -59.3867444732084,-34.3985938956527 -59.3867464459936,-34.398323469394 -59.3873989276371,-34.3983267381796</coordinates></LinearRing></outerBoundaryIs><innerBoundaryIs><LinearRing><coordinates>-59.3932224643742,-34.4051166617138 -59.3928961968311,-34.4051150430057 -59.3928942433325,-34.4053854692738 -59.3932205119253,-34.4053870879982 -59.3932224643742,-34.4051166617138</coordinates></LinearRing></innerBoundaryIs><innerBoundaryIs><LinearRing><coordinates>-59.3980389923534,-34.4159578896227 -59.397712682423,-34.4159562833189 -59.3977107436364,-34.4162267093476 -59.3980370546171,-34.4162283156675 -59.3980389923534,-34.4159578896227</coordinates></LinearRing></innerBoundaryIs><innerBoundaryIs><LinearRing><coordinates>-59.3983633656236,-34.4162299211171 -59.3980370546171,-34.4162283156675 -59.3980351168549,-34.4164987417003 -59.3983614289117,-34.416500347166 -59.3983633656236,-34.4162299211171</coordinates></LinearRing></innerBoundaryIs><innerBoundaryIs><LinearRing><coordinates>-59.397308758877,-34.426771707227 -59.3960033514338,-34.4267652672344 -59.3960014063594,-34.4270356926991 -59.3953487006916,-34.4270324674458 -59.3953467534896,-34.427302892866 -59.3943676920302,-34.4272980484065 -59.3943657416498,-34.4275684737659 -59.3940393868311,-34.4275668571883 -59.3940374353738,-34.4278372825193 -59.3937110795303,-34.4278356650546 -59.3937091269962,-34.4281060903573 -59.3933827701278,-34.4281044720055 -59.3933769092166,-34.4289157477922 -59.3930505492216,-34.4289141285208 -59.3930446849233,-34.4297254041499 -59.393371048071,-34.4297270234703 -59.3933690943038,-34.4299974486721 -59.394674551359,-34.43000391731 -59.3946765009224,-34.429733492043 -59.3956555908338,-34.4297383343287 -59.3956536444233,-34.4300087596444 -59.3959800088299,-34.4300103720141 -59.3959858448309,-34.4291990959822 -59.3963122061106,-34.4292007074324 -59.3963160945464,-34.4286598566517 -59.3966424537503,-34.4286614671986 -59.3966463399807,-34.4281206163372 -59.3969726971086,-34.428122225981 -59.3969785231075,-34.4273109495496 -59.3973048771088,-34.427312558274 -59.397308758877,-34.426771707227</coordinates></LinearRing></innerBoundaryIs><innerBoundaryIs><LinearRing><coordinates>-59.4203939351879,-34.4393233123893 -59.4200675331339,-34.4393217648057 -59.4200637961914,-34.4398626169649 -59.4203902003484,-34.4398641645797 -59.4203939351879,-34.4393233123893</coordinates></LinearRing></innerBoundaryIs><innerBoundaryIs><LinearRing><coordinates>-59.3952532572716,-34.4402832988331 -59.3939476402209,-34.4402768346912 -59.3939456875409,-34.4405472594546 -59.3929664718716,-34.4405424021518 -59.3929645160111,-34.4408128268543 -59.3926381097885,-34.4408112059946 -59.3926361528504,-34.4410816306687 -59.3919833383805,-34.4410783863031 -59.3919813793132,-34.4413488109324 -59.3916549710659,-34.4413471874265 -59.3916530109209,-34.4416176120274 -59.3913266016482,-34.4416159876339 -59.3913246404255,-34.4418864122064 -59.3909982301273,-34.4418847869253 -59.3909923431477,-34.4426960605213 -59.3913187566007,-34.4426976858514 -59.3913167952735,-34.4429681103756 -59.3919696243612,-34.4429713584548 -59.3919676651112,-34.4432417829995 -59.3932733278063,-34.4432482687678 -59.3932713727368,-34.4435186933657 -59.3935977895274,-34.4435203126458 -59.3935958354835,-34.443790737248 -59.394901507113,-34.4437972057205 -59.3949034569501,-34.4435267810533 -59.3955562908175,-34.4435300100292 -59.3955601862073,-34.4429891605935 -59.3958866010766,-34.4429907737421 -59.3958807611079,-34.4438020479262 -59.3962071791581,-34.4438036602521 -59.3962091247886,-34.4435332355199 -59.3965355418131,-34.4435348469583 -59.396537486366,-34.4432644221979 -59.3968639023647,-34.4432660327488 -59.3968619588635,-34.4435364575254 -59.3971883759398,-34.4435380672212 -59.3971942032109,-34.4427267928065 -59.3965413753941,-34.4427235726408 -59.3965433198693,-34.4424531478441 -59.3968697327131,-34.4424547583464 -59.3968775061483,-34.4413730589741 -59.3965510975108,-34.4413714485366 -59.3965530418564,-34.4411010236795 -59.3962266342964,-34.441099412387 -59.3962285796676,-34.440828987534 -59.3959021731851,-34.4408273753865 -59.3959041195819,-34.4405569505377 -59.3952513087977,-34.4405537236615 -59.3952532572716,-34.4402832988331</coordinates></LinearRing></innerBoundaryIs><innerBoundaryIs><LinearRing><coordinates>-59.3893583086382,-34.4429583452273 -59.3890318942907,-34.4429567146532 -59.3890299255758,-34.4432271390506 -59.389356340975,-34.4432287696412 -59.3893583086382,-34.4429583452273</coordinates></LinearRing></innerBoundaryIs></Polygon>
  </Placemark>
  <Placemark id="rog_P150_24h_agua5cm.54">
	<name>150 mm en 24 h · h&gt;5 cm</name>
	<Style><LineStyle><color>ff0000ff</color></LineStyle><PolyStyle><fill>0</fill></PolyStyle></Style>
      <Polygon><outerBoundaryIs><LinearRing><coordinates>-59.4150797110314,-34.3587078907183 -59.4150778321743,-34.3589783201334 -59.4154039221354,-34.3589798778631 -59.4154020443006,-34.3592503072818 -59.415728135334,-34.3592518641586 -59.4157262585215,-34.359522293581 -59.4160523506273,-34.3595238496049 -59.4160504748371,-34.3597942790309 -59.4163765680153,-34.3597958342018 -59.4163746932474,-34.3600662636314 -59.4167007874979,-34.3600678179494 -59.4166989137524,-34.3603382473826 -59.4173511044231,-34.360341353444 -59.4173492327475,-34.3606117828965 -59.4189797150973,-34.3606195329273 -59.4189778486337,-34.3608899624457 -59.4209344345587,-34.3608992339113 -59.4209325743548,-34.361169663511 -59.4219108707945,-34.3611742875637 -59.421909013708,-34.361444717198 -59.4222351136182,-34.3614462568271 -59.4222332575545,-34.3617166864648 -59.422885459544,-34.3617197631481 -59.4228836055505,-34.3619901928047 -59.4232097076297,-34.3619917298588 -59.423207854659,-34.3622621595189 -59.4238600609865,-34.362265231052 -59.4238582100861,-34.3625356607309 -59.4241843143343,-34.3625371952099 -59.4241824644567,-34.3628076248922 -59.4248346751223,-34.362810691275 -59.4248328273151,-34.3630811209762 -59.4254850401741,-34.363084183915 -59.4254831944373,-34.3633546136349 -59.4261354094899,-34.3633576731297 -59.4261335658236,-34.3636281028684 -59.4277641091226,-34.3636357364796 -59.4277622706696,-34.3639061662831 -59.4280883804505,-34.3639076904145 -59.4280847055661,-34.3644485500161 -59.42775859369,-34.364447025854 -59.4277567551635,-34.3647174556213 -59.4274306422643,-34.3647159305751 -59.4274288026656,-34.3649863603151 -59.4271026887433,-34.3649848343847 -59.4270971666573,-34.3657961234861 -59.4267710496166,-34.3657945966409 -59.4267692078245,-34.3660650263018 -59.4248124998101,-34.3660558468931 -59.4248106517073,-34.3663262764496 -59.4244845327433,-34.3663247434919 -59.4244826835682,-34.3665951730208 -59.4241565635812,-34.3665936391788 -59.4241621141757,-34.3657823506021 -59.4235098805617,-34.3657792804044 -59.4235135850254,-34.3652384213548 -59.4231874703507,-34.3652368849837 -59.4231893235931,-34.3649664554563 -59.4228632099908,-34.3649649182319 -59.4228650642562,-34.3646944887079 -59.4225389517262,-34.3646929506302 -59.422542662278,-34.364152091577 -59.4222165518679,-34.3641505526615 -59.4222184081543,-34.3638801231324 -59.4218922988165,-34.3638785833637 -59.4218941561257,-34.363608153838 -59.4215680478603,-34.3636066132161 -59.4215699061923,-34.3633361836938 -59.4209176918309,-34.3633330998749 -59.4209195522331,-34.3630626703716 -59.4205934461371,-34.3630611271746 -59.4205953075621,-34.3627906976748 -59.4199430975396,-34.3627876087058 -59.4199449610348,-34.362517179225 -59.4189666493299,-34.362512539303 -59.4189685159427,-34.3622421098569 -59.4173380021697,-34.3622343593578 -59.4173361303194,-34.3625047887258 -59.4176622340717,-34.3625063405786 -59.4176566215137,-34.3633176286572 -59.4179827284335,-34.3633191796882 -59.4179789886986,-34.3638600383782 -59.4183050977383,-34.3638615885717 -59.4182994910919,-34.3646728765631 -59.4186256032993,-34.3646744259347 -59.4186237354149,-34.3649448552566 -59.4189498486949,-34.364946403775 -59.4189461149467,-34.3654872624139 -59.4192722303468,-34.3654888100948 -59.4192684985945,-34.3660296687166 -59.4195946161148,-34.3660312155598 -59.4195908863584,-34.3665720741646 -59.4199170059989,-34.3665736201701 -59.4199132782385,-34.3671144787578 -59.4202393999993,-34.3671160239256 -59.4202375371296,-34.3673864532169 -59.4205636599629,-34.3673879975314 -59.4205599362445,-34.367928856109 -59.4208860611983,-34.3679303995857 -59.4208786176549,-34.3690121166583 -59.4212047468246,-34.3690136593283 -59.4211991670503,-34.3698249470528 -59.4215252993883,-34.3698264889005 -59.4215215815106,-34.3703673473542 -59.4218477159692,-34.370368888364 -59.4218402841082,-34.3714506051888 -59.4221664227833,-34.3714521453917 -59.4221627088001,-34.3719930037628 -59.422488849596,-34.3719945431277 -59.4224777133406,-34.3736171180445 -59.4228038604494,-34.3736186566333 -59.4228020053683,-34.3738890857594 -59.4234543017561,-34.373892160361 -59.4234524487465,-34.374162589506 -59.4237785980256,-34.3741641255187 -59.4237748940286,-34.3747049838034 -59.4241010454285,-34.3747065189779 -59.4240991944411,-34.3749769481176 -59.4244253469139,-34.3749784824385 -59.4244197969482,-34.3757897698317 -59.4247459525901,-34.3757913033298 -59.4247441036004,-34.3760617324522 -59.4250702603151,-34.3760632650966 -59.425068412349,-34.3763336942224 -59.4253945701366,-34.3763352260131 -59.425392723194,-34.3766056551422 -59.4260450409395,-34.376608716147 -59.4260431960688,-34.3768791452949 -59.4276739961038,-34.3768867826737 -59.4276758357333,-34.3766163534489 -59.4280019947656,-34.3766178783018 -59.4280001561844,-34.376888307542 -59.428652476419,-34.3768913546711 -59.4286469668178,-34.3777026424112 -59.4283208035434,-34.3777011192352 -59.4283171282569,-34.3782419776377 -59.4279909629104,-34.3782404535619 -59.4279872854293,-34.3787813118854 -59.4283134528725,-34.3787828359919 -59.4283079396122,-34.3795941234328 -59.4279817690239,-34.3795925992803 -59.4279799301731,-34.3798630283878 -59.4283061018097,-34.3798645525557 -59.4283005882554,-34.3806758398519 -59.4286267630618,-34.3806773631966 -59.4286230893334,-34.3812182213644 -59.4282969124301,-34.3812166979891 -59.4282950744807,-34.3814871270396 -59.4289474304088,-34.3814901729517 -59.4289455945318,-34.3817606020208 -59.4292717735811,-34.3817621236882 -59.4292699387282,-34.3820325527605 -59.4295961188504,-34.3820340735739 -59.4295887833884,-34.3831157898041 -59.4299149677292,-34.3831173098094 -59.4299076360707,-34.3841990259078 -59.4302338246302,-34.3842005451049 -59.4302319927032,-34.3844709741147 -59.4299058030949,-34.3844694549023 -59.4298984709478,-34.3855511707596 -59.4302246647507,-34.3855526900331 -59.4302191685299,-34.3863639768454 -59.4305453655034,-34.3863654952954 -59.4305398722091,-34.3871767820449 -59.4308660723533,-34.3871782996713 -59.4308587518145,-34.3882600152297 -59.4305325474752,-34.3882584975422 -59.4305288849618,-34.3887993552185 -59.4298764721609,-34.3887963171737 -59.4298746387698,-34.3890667459632 -59.4295484313571,-34.3890652256212 -59.4295465968927,-34.3893356543833 -59.428894180043,-34.38933261106 -59.4288923434564,-34.3896030397794 -59.4285661340193,-34.3896015167981 -59.4285698092659,-34.3890606593779 -59.4288960166051,-34.3890621823286 -59.4289015261447,-34.3882508960618 -59.4292277303619,-34.388252418097 -59.4292405777561,-34.3863594162786 -59.4289143808804,-34.3863578943507 -59.4289198896857,-34.3855466077222 -59.4285936959806,-34.3855450849708 -59.4285973704925,-34.3850042271889 -59.4282711789092,-34.3850027035988 -59.4282730171771,-34.384732274705 -59.427946826667,-34.3847307502608 -59.4279486659591,-34.3844603213704 -59.4266439083585,-34.384454214961 -59.4266457518205,-34.38418378612 -59.4259933752649,-34.3841807277297 -59.4259915297056,-34.3844511565399 -59.425665340416,-34.3844496260253 -59.4256671870239,-34.3841791972304 -59.4243624343064,-34.3841730665395 -59.424360583504,-34.3844434952726 -59.4217510708649,-34.3844311920359 -59.4217529300563,-34.3841607634267 -59.420774366371,-34.3841561354144 -59.4207762286834,-34.3838857068397 -59.4204500418865,-34.3838841624457 -59.4204519052228,-34.3836137338745 -59.4197995338007,-34.3836106425095 -59.4198013992093,-34.3833402139574 -59.4188228454084,-34.3833355704363 -59.4188247139378,-34.3830651419189 -59.4181723469588,-34.3830620419226 -59.4181779586888,-34.3822507563914 -59.4175255981008,-34.3822476530115 -59.4175274707246,-34.3819772245082 -59.4172012915165,-34.3819756715299 -59.4172031651639,-34.3817052430302 -59.4165508089196,-34.3817021344968 -59.416552684639,-34.3814317060164 -59.4155741536056,-34.3814270367435 -59.4155760324453,-34.381156608298 -59.4152498565327,-34.3811550501508 -59.4152479766445,-34.3814254785806 -59.4145956227975,-34.3814223596469 -59.4145975047827,-34.3811519312486 -59.4142713289453,-34.3811503704935 -59.4142600303673,-34.3827729406086 -59.413933848264,-34.3827713788899 -59.4139300797735,-34.383312235467 -59.4132777114481,-34.3833091093586 -59.413279597803,-34.3830386811076 -59.4129534147266,-34.3830371167651 -59.4129666258468,-34.3811441187803 -59.412640450135,-34.3811425536788 -59.4126461148117,-34.3803312686944 -59.4123199422703,-34.3803297027709 -59.4123237206924,-34.379788846086 -59.4119975502731,-34.3797872793247 -59.4119994404947,-34.3795168509799 -59.411673271149,-34.3795152833652 -59.4116770536134,-34.378974426671 -59.4113508863895,-34.3789728582186 -59.4113527786323,-34.3787024298692 -59.411026612482,-34.3787008605634 -59.4110322922038,-34.3778895754902 -59.4107061292237,-34.3778880053626 -59.4107099176753,-34.3773471486184 -59.4103837568169,-34.3773455776534 -59.410387547264,-34.3768047208925 -59.4100613885274,-34.3768031490899 -59.4100651809699,-34.3762622923125 -59.409739024355,-34.3762607196724 -59.4097428187928,-34.3757198628785 -59.4094166642995,-34.3757182894009 -59.4094185625286,-34.3754478610017 -59.4090924091088,-34.3754462866709 -59.4090943083608,-34.3751758582754 -59.4087681560144,-34.3751742830914 -59.4087700562893,-34.3749038546997 -59.4084439050163,-34.3749022786625 -59.408445806314,-34.3746318502747 -59.4081196561145,-34.3746302733842 -59.4081234607299,-34.3740894166041 -59.407797312652,-34.3740878388763 -59.4078011192622,-34.3735469820797 -59.4074749733058,-34.3735454035146 -59.4074787819105,-34.3730045467015 -59.4071526380756,-34.3730029672993 -59.4071564486749,-34.3724621104697 -59.4068303069614,-34.3724605302303 -59.4068341195551,-34.3719196733843 -59.406507979963,-34.3719180923077 -59.4065137018068,-34.371106806996 -59.406187565384,-34.3711052250982 -59.4061971065214,-34.3697530827505 -59.4058709753635,-34.3697515000634 -59.4058767028843,-34.3689402145578 -59.4055505748953,-34.3689386310496 -59.4055543952109,-34.3683977740175 -59.405228269343,-34.3683961896723 -59.4052301805104,-34.3681257611541 -59.4049040557158,-34.3681241759561 -59.4049078800697,-34.3675833189154 -59.4052340027688,-34.3675849040815 -59.4052416469798,-34.3665031897915 -59.4049155284716,-34.3665016046892 -59.4049231764658,-34.3654198902701 -59.4045970621737,-34.3654183043629 -59.4046028010447,-34.3646070184697 -59.4042766899209,-34.3646054317417 -59.4042805178026,-34.3640645744513 -59.4039544087995,-34.3640629868864 -59.4039563237496,-34.3637925582391 -59.4036302158196,-34.3637909698216 -59.4036321317918,-34.3635205411782 -59.4033060249348,-34.3635189519079 -59.403307941929,-34.3632485232685 -59.4029818361451,-34.3632469331455 -59.4029837541612,-34.36297650451 -59.4023315447653,-34.36297332169 -59.4023334648508,-34.3627028930745 -59.4016812576522,-34.3626997068118 -59.4016831798071,-34.3624292782163 -59.4003787699074,-34.362422895331 -59.4003806962266,-34.3621524667877 -59.3994023922138,-34.3621476705509 -59.3993464273856,-34.3699900920064 -59.3996725590798,-34.3699916920879 -59.3996706299202,-34.3702621202491 -59.4006490283007,-34.3702669153284 -59.400647102259,-34.3705373435258 -59.4012993700701,-34.3705405359328 -59.4012974460986,-34.3708109641503 -59.4022758511513,-34.3708157462919 -59.4022739302979,-34.3710861745455 -59.4026000664146,-34.3710877668708 -59.4025981465835,-34.3713581951284 -59.4029242837737,-34.3713597866008 -59.402922364965,-34.3716302148623 -59.4032485032288,-34.3716318054817 -59.4032446676306,-34.3721726620006 -59.4035708080158,-34.3721742517831 -59.4035631407047,-34.3732559647401 -59.4032369961274,-34.3732543748936 -59.4032408319301,-34.3727135184712 -59.4029146894744,-34.3727119277877 -59.4029166083854,-34.3724414995744 -59.4025904670033,-34.3724399080379 -59.4025923869368,-34.3721694798286 -59.4022662466282,-34.3721678874392 -59.4022700885142,-34.3716270310165 -59.4019439503273,-34.3716254377901 -59.4019458722798,-34.3713550095767 -59.4012935980786,-34.3713518205491 -59.4012916740302,-34.3716222487304 -59.3996609837364,-34.3716142608741 -59.3996532663266,-34.3726959731568 -59.399327124153,-34.3726943729142 -59.3993232631977,-34.373235228951 -59.3996494074674,-34.3732368292258 -59.3996397598693,-34.3745889691872 -59.3999659094051,-34.3745905686735 -59.3999639808564,-34.3748609966457 -59.4012685834485,-34.3748673859648 -59.4012666590667,-34.3751378139893 -59.3999620522821,-34.3751314246058 -59.3999562664048,-34.3759427084138 -59.4002824212069,-34.3759443071116 -59.4002766382429,-34.3767555908592 -59.4006027962153,-34.3767571887361 -59.400598942874,-34.3772980445397 -59.4009251029685,-34.3772996415797 -59.400921251621,-34.3778404973672 -59.4012474138377,-34.3778420935701 -59.4012281660435,-34.3805463719444 -59.4015543387693,-34.3805479674388 -59.4015504909995,-34.3810888230009 -59.4018766658478,-34.3810904176582 -59.4018728200724,-34.3816312732042 -59.4021989970432,-34.3816328670243 -59.4021951532622,-34.3821737225541 -59.4025213323557,-34.382175315537 -59.4025174905692,-34.3827161710506 -59.4028436717853,-34.3827177631962 -59.4028398319936,-34.3832586186937 -59.4031660153323,-34.383260210002 -59.4031621775353,-34.3838010654832 -59.4034883629968,-34.3838026559542 -59.4034845271947,-34.3843435114191 -59.4038107147789,-34.3843451010528 -59.4038087978881,-34.3846155287831 -59.4041349865465,-34.3846171175634 -59.4041330706789,-34.3848875452977 -59.4044592604114,-34.3848891332245 -59.4044573455668,-34.3851595609627 -59.4047835363735,-34.3851611480361 -59.4047816225521,-34.3854315757783 -59.405107814433,-34.3854331619982 -59.4051059016347,-34.3857035897443 -59.4047797087052,-34.3857020035084 -59.4047758809349,-34.3862428589324 -59.4044496859334,-34.3862412717951 -59.4044477709613,-34.386511699473 -59.4047739670114,-34.3865132866263 -59.4047720530625,-34.3867837143081 -59.4050982501869,-34.3867853006079 -59.405103988811,-34.3859740174783 -59.4054301828148,-34.3859756028607 -59.4054320945898,-34.3857051751107 -59.4057582875703,-34.3857067596077 -59.405756376844,-34.3859771873737 -59.4064087649788,-34.3859803537913 -59.4064068563244,-34.386250781577 -59.4067330514786,-34.3862523634976 -59.4067311438475,-34.3865227912872 -59.4070573400759,-34.3865243723542 -59.4070554334681,-34.3867948001476 -59.4073816307707,-34.3867963803611 -59.4073835363297,-34.3865259525518 -59.407709732609,-34.3865275318799 -59.4077116370939,-34.3862571040426 -59.4080378323498,-34.3862586824854 -59.4080397357607,-34.3859882546201 -59.4083659299932,-34.3859898321776 -59.4083697346415,-34.385448976379 -59.408695926802,-34.3854505530353 -59.4086997292515,-34.3849096971568 -59.4090259193401,-34.3849112729119 -59.4090278194782,-34.3846408449386 -59.4093540085434,-34.3846424198084 -59.40935970566,-34.3838311357688 -59.4100120775747,-34.3838342828052 -59.4100044897575,-34.3849159949606 -59.4096782995931,-34.3849144218138 -59.4096707071768,-34.3859961337128 -59.4090183185343,-34.3859929846841 -59.4090164182696,-34.386263412597 -59.4086902229376,-34.3862618367626 -59.4086864202347,-34.3868026925204 -59.4083602228307,-34.3868011157848 -59.4083583203924,-34.3870715436298 -59.4077059235629,-34.3870683875184 -59.4077040190018,-34.3873388153195 -59.4080302184526,-34.3873403938258 -59.4080264113518,-34.3878812494236 -59.4083526129256,-34.3878828270923 -59.408348807821,-34.3884236826736 -59.4086750115178,-34.3884252595044 -59.4086712084094,-34.3889661150693 -59.4089974142292,-34.3889676910623 -59.4089936131171,-34.3895085466106 -59.40931982106,-34.3895101217658 -59.4093179215149,-34.3897805495377 -59.409644130532,-34.3897821238392 -59.4096403334636,-34.3903229793786 -59.4099665446038,-34.3903245528422 -59.4099646470806,-34.3905949806096 -59.410290859295,-34.3905965532195 -59.4102870662707,-34.3911374087497 -59.4106132806083,-34.3911389805217 -59.4106094895808,-34.3916798360353 -59.4109357060416,-34.3916814069692 -59.4109319170111,-34.3922222624663 -59.4112581355952,-34.3922238325622 -59.4112562420911,-34.3924942603084 -59.4115824617494,-34.3924958295505 -59.4115805692691,-34.3927662573004 -59.4119067900018,-34.3927678256886 -59.4119048985453,-34.3930382534423 -59.4122311203522,-34.3930398209766 -59.4122273394619,-34.3935806764793 -59.4125535633921,-34.3935822431755 -59.4125516739583,-34.3938526709246 -59.4132041239925,-34.3938558017394 -59.4132078986387,-34.3933149461663 -59.4135341215954,-34.3933165102376 -59.4135360078317,-34.3930460824172 -59.4138622297644,-34.3930476456032 -59.4138678851753,-34.3922363620224 -59.414194103986,-34.3922379242915 -59.4141978720362,-34.3916970684791 -59.414524088774,-34.3916986298471 -59.4145353860285,-34.3900760620263 -59.4142091755844,-34.3900745007526 -59.4142167107811,-34.3889927886936 -59.4145429170296,-34.3889943499044 -59.4145410343169,-34.389264777953 -59.4148672416394,-34.38926633831 -59.4148653599505,-34.3895367663622 -59.415191568347,-34.3895383258653 -59.4151840455364,-34.3906200380163 -59.4155102581536,-34.3906215967127 -59.4155046189294,-34.3914328807463 -59.4158308347185,-34.3914344386201 -59.4158214407556,-34.3927865785133 -59.4154952197214,-34.3927850205611 -59.4154933398047,-34.3930554484878 -59.4151671177464,-34.3930538896503 -59.4151614746986,-34.3938651733111 -59.4148352495181,-34.3938636135567 -59.4148333674029,-34.3941340414038 -59.4151595936325,-34.3941356011739 -59.4151558314251,-34.3946764568633 -59.4148296030972,-34.3946748970619 -59.4148258386912,-34.3952157526717 -59.4144996082901,-34.395214191969 -59.4144977250003,-34.3954846197401 -59.4148239564506,-34.3954861804584 -59.4148220741848,-34.3957566082331 -59.4151483067094,-34.3957581680974 -59.4151464254678,-34.3960285958758 -59.4154726590666,-34.396030154886 -59.4154707788492,-34.396300582668 -59.4157970135223,-34.3963021408241 -59.4157932551108,-34.3968429963833 -59.4154670183392,-34.3968414381958 -59.4154688986067,-34.3965710104379 -59.4144901915899,-34.3965663307038 -59.4144883081746,-34.3968367584145 -59.4141620715033,-34.3968351967478 -59.4141583024988,-34.3973760521017 -59.4144845412687,-34.3973776137998 -59.4144807742623,-34.3979184691369 -59.4157857379872,-34.3979247073568 -59.4157876173057,-34.3976542796315 -59.4164400972198,-34.3976573934911 -59.4164438515844,-34.3971165379416 -59.4167700894804,-34.3971180935354 -59.4167663372144,-34.3976589491162 -59.417092577234,-34.3976605038714 -59.4170907021128,-34.3979309316593 -59.4174169432067,-34.3979324855604 -59.4174150691099,-34.3982029133519 -59.4177413112781,-34.3982044663987 -59.4177394382056,-34.3984748941938 -59.4180656814482,-34.3984764463865 -59.4180638094001,-34.3987468741851 -59.4183900537169,-34.3987484255235 -59.4183881826932,-34.3990188533257 -59.4190406735005,-34.3990219534241 -59.4190388045507,-34.3992923812454 -59.419365051041,-34.3992939300054 -59.4193631831157,-34.3995643578303 -59.4200156782699,-34.3995674527717 -59.4200138124185,-34.3998378806157 -59.4203400610824,-34.3998394267972 -59.4203381962556,-34.4001098546446 -59.4209906957566,-34.4001129444289 -59.4209888330039,-34.4003833722954 -59.4213150838411,-34.4003849158983 -59.421313222113,-34.4006553437682 -59.4216394740245,-34.4006568865167 -59.421637613321,-34.4009273143901 -59.4229426254128,-34.4009334767467 -59.4229444819183,-34.4006630488112 -59.4232707339537,-34.4006645872101 -59.4232725893851,-34.400394159247 -59.423925091431,-34.4003972334039 -59.4239269447388,-34.4001268053979 -59.4242531947494,-34.4001283411561 -59.424255046983,-34.3998579131225 -59.4249075449793,-34.3998609819981 -59.4249093950894,-34.3995905539216 -59.4252356430751,-34.3995920870392 -59.4252374921111,-34.3993216589352 -59.4255637390721,-34.3993231911674 -59.4255674349714,-34.3987823348924 -59.4258936798582,-34.3987838662239 -59.4258955267216,-34.3985134380529 -59.4262217705836,-34.3985149684991 -59.4262254621378,-34.3979741120901 -59.4265517039257,-34.3979756416356 -59.4265553932829,-34.3974347851476 -59.4268816329968,-34.3974363137925 -59.4268834765891,-34.397165885515 -59.4272097152783,-34.3971674132747 -59.4272115577969,-34.3968969849698 -59.4278640331503,-34.3969000378491 -59.4278658735457,-34.3966296095014 -59.4285183468987,-34.3966326588708 -59.4285201851711,-34.3963622304802 -59.4288464208351,-34.3963637538449 -59.4288482580338,-34.396093325427 -59.429174492673,-34.3960948479066 -59.4291763287979,-34.3958244194613 -59.4301550297147,-34.3958289816353 -59.4301568626675,-34.395558553132 -59.4304830953061,-34.3955600721018 -59.4304849271853,-34.3952896435712 -59.4308111587991,-34.395291161656 -59.4308129896046,-34.395020733098 -59.4317916814448,-34.395025282088 -59.4317935090784,-34.3947548534722 -59.4324459683286,-34.394757881753 -59.4324477938396,-34.3944874530946 -59.432774022452,-34.3944889659152 -59.4327758468895,-34.3942185372295 -59.433428302089,-34.394221560231 -59.4334301244039,-34.3939511315029 -59.4337563509909,-34.3939526416838 -59.4337581722324,-34.3936822129284 -59.4344106233811,-34.3936852306508 -59.4344124425,-34.3934148018529 -59.4347386670617,-34.3934163093944 -59.4347404851073,-34.3931458805693 -59.4353929322049,-34.3931488930128 -59.4353947481282,-34.3928784641453 -59.4357209706642,-34.3928799690474 -59.43572460034,-34.392339111246 -59.4360508208021,-34.3923406152481 -59.4360580756672,-34.39125889944 -59.4363842919574,-34.3912604025119 -59.4363915422399,-34.3901786864505 -59.4367177543584,-34.3901801885922 -59.4367231886699,-34.3893689013741 -59.4370493976658,-34.389370402601 -59.4370530183216,-34.3888295443651 -59.4373792252439,-34.3888310446922 -59.4373810344868,-34.388560615541 -59.4380334463059,-34.3885636135563 -59.4380298319915,-34.3891044719069 -59.4383560400349,-34.3891059696404 -59.4383542338905,-34.3893763988127 -59.4386804430069,-34.3893778956917 -59.4386786378873,-34.3896483248669 -59.438352427722,-34.3896468279729 -59.4383470090721,-34.3904581153812 -59.438020795784,-34.3904566175724 -59.4380171811325,-34.3909974757541 -59.4376909657706,-34.3909959770455 -59.4376855404656,-34.3918072641825 -59.4373593219808,-34.3918057645589 -59.4373557028922,-34.3923466225598 -59.4370294823334,-34.3923451220363 -59.4370258610502,-34.3928859799587 -59.4376783063881,-34.3928889801963 -59.4376764978084,-34.3931594091697 -59.4380027215626,-34.393160907999 -59.4380045290932,-34.3928904790106 -59.4386569745756,-34.3928934740301 -59.4386551691432,-34.3931639030487 -59.4389813929696,-34.3931653992689 -59.4389831973529,-34.3928949702353 -59.4393094201542,-34.3928964655709 -59.4393130267505,-34.3923556074374 -59.4396392474778,-34.3923571018731 -59.4396428518799,-34.3918162436613 -59.439969070533,-34.3918177371973 -59.439970871649,-34.3915473080583 -59.4402970892772,-34.3915488007096 -59.4403006893392,-34.3910079423653 -59.4409531204715,-34.3910109249991 -59.4409549183686,-34.3907404957788 -59.4412811329217,-34.3907419857762 -59.4412829297458,-34.3904715565289 -59.442261570402,-34.3904760212585 -59.4422633640553,-34.3902055919542 -59.444546852413,-34.3902159791159 -59.4445450661023,-34.3904864085248 -59.4458499213123,-34.3904923249742 -59.4458517034272,-34.3902218955057 -59.4461779162401,-34.3902233724292 -59.4461796972823,-34.3899529429338 -59.44650590907,-34.3899544189728 -59.4465094689853,-34.3894135599161 -59.4468356786989,-34.3894150350558 -59.4468392364215,-34.3888741759212 -59.4471654440611,-34.3888756501617 -59.4471725550264,-34.3877939316885 -59.4474987584942,-34.3877954050001 -59.4475023117371,-34.3872545456615 -59.4481547145486,-34.3872574896168 -59.4481511655009,-34.3877983490146 -59.4484773690398,-34.3877998197176 -59.4484614065946,-34.3902336865444 -59.4481351936158,-34.3902322157082 -59.4481316440478,-34.3907730748408 -59.4484578591246,-34.3907745457067 -59.4484507639008,-34.3918562638866 -59.4487769831972,-34.391857733942 -59.4487752103812,-34.3921281634716 -59.4491014307503,-34.3921296326722 -59.4490996589597,-34.3924000622045 -59.4494258804014,-34.3924015305502 -59.4494241096363,-34.3926719600853 -59.4500765546887,-34.3926748941972 -59.4500747859981,-34.3929453237498 -59.4504010096088,-34.392946789516 -59.4503992419438,-34.3932172190712 -59.4520303655956,-34.3932245349304 -59.4520338904112,-34.3926836756605 -59.4526863358401,-34.3926865958574 -59.4526880961145,-34.392416166175 -59.4523618744374,-34.392414706526 -59.4523636357374,-34.3921442768462 -59.4526898563655,-34.3921457364805 -59.452693376797,-34.3916048770554 -59.4530195953504,-34.3916063357906 -59.4530178361954,-34.3918767655238 -59.4533440558213,-34.3918782234041 -59.4533422976919,-34.39214865314 -59.453016077017,-34.3921471952451 -59.4530143178151,-34.3924176249542 -59.4533405395391,-34.3924190828638 -59.45333526494,-34.3932303719631 -59.4539877147528,-34.3932332852612 -59.4539859586045,-34.3935037149662 -59.4543121845951,-34.3935051703253 -59.4543104294725,-34.3937756000329 -59.4539842024327,-34.3937741446591 -59.4539771775117,-34.3948558633102 -59.4536509462987,-34.394854407008 -59.4536474315994,-34.395395266232 -59.4539736649108,-34.3953967225634 -59.4539719085752,-34.395667152172 -59.4546243773667,-34.395670062255 -59.4546226231062,-34.3959404918807 -59.4552750940898,-34.3959433985138 -59.4552733419044,-34.3962138281568 -59.4555995784805,-34.3962152801833 -59.455597827321,-34.3964857098289 -59.4559240649697,-34.3964871610002 -59.4559188144992,-34.3972984499083 -59.4562450553191,-34.3972999002536 -59.4562433061649,-34.3975703298801 -59.4565695480574,-34.3975717793702 -59.4565677999293,-34.3978422089993 -59.4575465288947,-34.3978465522941 -59.4575447838913,-34.3981169819548 -59.4585235162141,-34.3981213174646 -59.4585217743356,-34.3983917471569 -59.4598267552883,-34.3983975157165 -59.4598284929693,-34.3981270859661 -59.460154737216,-34.3981285259169 -59.4601564738245,-34.3978580961399 -59.4604827170451,-34.3978595352063 -59.460486188094,-34.3973186755873 -59.4608124292389,-34.3973201137549 -59.4608141636794,-34.3970496839128 -59.46146664394,-34.3970525576095 -59.4614614468454,-34.3978638471863 -59.4611352035555,-34.3978624107295 -59.4611317366116,-34.3984032703582 -59.4608054912461,-34.3984018330026 -59.4608037566901,-34.3986722627844 -59.4604775102983,-34.3986708245445 -59.4604670961801,-34.4002934028954 -59.4607933488685,-34.4002948412223 -59.4607916141507,-34.4005652709197 -59.4611178679117,-34.4005667083911 -59.4611144005057,-34.4011075677788 -59.4604618888088,-34.4011046919082 -59.460460152972,-34.401375121555 -59.4601338961088,-34.4013736823003 -59.4601304222668,-34.4019145415288 -59.4598041633276,-34.4019131013751 -59.4598024253223,-34.4021835309568 -59.4591499054142,-34.4021806480105 -59.4591481652866,-34.4024510775511 -59.4588219043178,-34.4024496347584 -59.458823645495,-34.4021792052323 -59.4584973855989,-34.4021777615842 -59.4584991278024,-34.4019073320605 -59.4578466101791,-34.4019044421834 -59.4578553313437,-34.40055229453 -59.4575290778145,-34.4005508483592 -59.4575308230272,-34.4002804188069 -59.4572045705708,-34.4002789717808 -59.4572063168097,-34.400008542231 -59.4565538140656,-34.400005645598 -59.4565555623801,-34.3997352160654 -59.4559030618281,-34.3997323159819 -59.4559048122182,-34.3994618864664 -59.4549260647135,-34.3994575298607 -59.4549278182285,-34.399187100377 -59.4542753221077,-34.399184191653 -59.4542735664938,-34.3994546211074 -59.4532948193399,-34.3994502514532 -59.4532930605543,-34.3997206808516 -59.4519880604795,-34.3997148424085 -59.4519862974727,-34.3999852717361 -59.4510075445149,-34.3999808837256 -59.4510057783362,-34.4002513129969 -59.4500270224419,-34.4002469171129 -59.4500252530912,-34.4005173463279 -59.4496990001241,-34.4005158792786 -59.4496901477693,-34.4018680250992 -59.450016405984,-34.4018694922223 -59.4500110974367,-34.4026807796143 -59.4496848360733,-34.4026793124469 -59.4496724412901,-34.4045723158362 -59.4493461726027,-34.4045708476953 -59.4493444007753,-34.4048412766879 -59.4496706705123,-34.4048427448436 -59.4496653580376,-34.4056540317934 -59.4506441768377,-34.4056584311728 -59.4506424091149,-34.4059288601762 -59.4493373132295,-34.4059229925378 -59.4493249091152,-34.407815994811 -59.4489986278542,-34.4078145256226 -59.4489844419072,-34.4099779559501 -59.4493107315675,-34.4099794252568 -59.4493089592678,-34.4102498540083 -59.4496352500017,-34.4102513224596 -59.4496334787283,-34.4105217512138 -59.4499597705358,-34.4105232188095 -59.4499580002889,-34.4107936475665 -59.45028429317,-34.4107951143067 -59.4502825239494,-34.4110655430663 -59.4506088179042,-34.411067008951 -59.4506070497101,-34.4113374377134 -59.4512596397903,-34.4113403669015 -59.4512561075316,-34.4118812244489 -59.4509298103796,-34.4118797602605 -59.4509280431649,-34.4121501890014 -59.451254341367,-34.4121516532045 -59.4512525751788,-34.4124220819481 -59.4515788744545,-34.4124235452957 -59.4515806395926,-34.4121531165374 -59.4551699216238,-34.4121691557576 -59.4551716751874,-34.4118987268258 -59.4554979726443,-34.4119001797002 -59.4554962201307,-34.4121706086466 -59.4561488172147,-34.4121735118137 -59.4561505676281,-34.4119030828381 -59.4564768651551,-34.4119045331016 -59.4564751157917,-34.4121749620918 -59.4587592064827,-34.4121850896696 -59.4587609484954,-34.4119146605774 -59.4594135439447,-34.4119175463092 -59.4594118040321,-34.4121879754303 -59.4597381028416,-34.4121894170053 -59.4597415805434,-34.4116485587218 -59.4600678772759,-34.4116499993974 -59.4600644016743,-34.4121908577098 -59.4607169994091,-34.4121937365081 -59.4607152636737,-34.4124641656752 -59.4616941635998,-34.4124684773886 -59.4616924309916,-34.412738906587 -59.462345033158,-34.4127417767398 -59.462343302627,-34.4130122059551 -59.4626696047949,-34.4130136397404 -59.462667875291,-34.4132840689581 -59.4633204817963,-34.4132869339465 -59.4633187543696,-34.413557363181 -59.463645058707,-34.4135587943841 -59.4636433323075,-34.4138292236208 -59.463969637718,-34.4138306539679 -59.4639679123457,-34.4141010832071 -59.4642942188294,-34.4141025126982 -59.4642924944843,-34.4143729419397 -59.4655977248495,-34.4143786512579 -59.4655994449938,-34.414108221959 -59.4659257515923,-34.4141096470982 -59.4659274706634,-34.4138392177729 -59.4662537762346,-34.4138406420274 -59.4662554942327,-34.4135702126756 -59.4665817987766,-34.4135716360455 -59.4665852326037,-34.4130307772772 -59.4669115350702,-34.4130321997481 -59.4669132508993,-34.4127617703315 -59.4672395523385,-34.4127631919177 -59.4672464112259,-34.4116814740739 -59.4675727084876,-34.4116828947326 -59.467576135694,-34.4111420357098 -59.4679024308784,-34.4111434554695 -59.4679041433974,-34.4108730259257 -59.4685567317345,-34.4108758628058 -59.4685584421306,-34.4106054332214 -59.4688847352833,-34.4106068503418 -59.4688864446065,-34.4103364207311 -59.469212736732,-34.4103378369669 -59.4692144449825,-34.4100674073299 -59.4695407360808,-34.4100688226812 -59.4695441504136,-34.4095279633426 -59.4698704394346,-34.4095293777952 -59.4698738515765,-34.4089885183799 -59.4702001385204,-34.4089899319337 -59.4702069583316,-34.4079082129017 -59.4705332410986,-34.4079096255284 -59.4705349449447,-34.4076391957261 -59.4708612266846,-34.4076406074685 -59.4708714429856,-34.4060180283159 -59.4715239939354,-34.4060208490199 -59.4715154909062,-34.4073729984857 -59.4711892101708,-34.4073715884979 -59.4711858067007,-34.4079124481715 -59.4708595238883,-34.4079110372851 -59.4708544153634,-34.4087223266625 -59.470528129424,-34.4087209148633 -59.470526425487,-34.4089913446174 -59.4708527124764,-34.4089927564309 -59.4708510095666,-34.4092631861872 -59.4711772976286,-34.4092645971446 -59.471173893841,-34.4098054566495 -59.4715001840256,-34.4098068667651 -59.4714984831477,-34.4100772965137 -59.471824774405,-34.4100787057732 -59.4718230745545,-34.4103491355239 -59.4721493668844,-34.4103505439273 -59.4721476680612,-34.4106209736802 -59.4724739614637,-34.4106223812275 -59.472472263668,-34.4108928109824 -59.4727985581432,-34.4108942176736 -59.4727968613748,-34.4111646474307 -59.4734494524931,-34.4111674582306 -59.4734477578023,-34.4114378880039 -59.4731214611818,-34.4114364830249 -59.4731146779921,-34.412518201941 -59.473440978813,-34.4125196069765 -59.4734308096515,-34.4141421850739 -59.4731045025297,-34.4141407799536 -59.4731028065401,-34.4144112095802 -59.4727764983907,-34.4144098035753 -59.4727748013284,-34.4146802331757 -59.4724484921513,-34.4146788262862 -59.4724518883538,-34.4141379671017 -59.4721255812998,-34.4141365593702 -59.4721289795122,-34.4135957001658 -59.4724552844658,-34.413597107869 -59.4724535864211,-34.4138675374914 -59.4727798924475,-34.4138689443384 -59.4727900740753,-34.4122463663384 -59.4724637743497,-34.4122449595764 -59.472460378464,-34.4127858189296 -59.4721340766609,-34.4127844112689 -59.4721408725422,-34.4117026925709 -59.4724671701449,-34.4117041001749 -59.4724688680086,-34.4114336704561 -59.4714899784185,-34.4114294450757 -59.4714916794097,-34.4111590153874 -59.4705127931738,-34.4111547822169 -59.4705110890324,-34.4114252118626 -59.4701847926158,-34.411423799051 -59.4701830874017,-34.4116942286704 -59.4698567899577,-34.4116928149743 -59.4698550836708,-34.4119632445674 -59.4695287851995,-34.4119618299867 -59.4695270778397,-34.4122322595536 -59.4692007783411,-34.4122308440883 -59.4691990699085,-34.4125012736289 -59.4688727693825,-34.4124998572791 -59.4688693503487,-34.4130407162955 -59.4685430477452,-34.4130392990468 -59.468541337144,-34.4133097285227 -59.4682150335132,-34.4133083103894 -59.4682116101419,-34.4138491692765 -59.4678853044336,-34.4138477502442 -59.4678835916636,-34.4141181796554 -59.4675572849279,-34.4141167597385 -59.4675555710848,-34.4143871891233 -59.4669029555816,-34.4143843466498 -59.4669012396152,-34.414654775994 -59.4665749308477,-34.4146533534373 -59.4665732138082,-34.4149237827551 -59.4662469040133,-34.4149223593136 -59.4662451859008,-34.4151927886051 -59.4659188750785,-34.4151913642789 -59.4659137174526,-34.4160026520379 -59.4665663454217,-34.4160054999058 -59.4665646282678,-34.4162759291634 -59.466890943337,-34.416277351806 -59.4668892272106,-34.4165477810658 -59.4672155433529,-34.4165492028522 -59.467217258429,-34.4162787735781 -59.4675435735439,-34.4162801944798 -59.4675452875469,-34.4160097651793 -59.4672189734823,-34.4160083442919 -59.4672206885127,-34.4157379149937 -59.4681996276241,-34.4157421750017 -59.4682013394808,-34.4154717456485 -59.4708118363785,-34.4154830672566 -59.470810132924,-34.4157534967236 -59.4711364461888,-34.4157549080219 -59.4711347437619,-34.4160253374912 -59.4701558008848,-34.4160211009424 -59.4701540952843,-34.416291530357 -59.4681962038422,-34.4162830336718 -59.4681944919171,-34.4165534629888 -59.4675418595182,-34.4165506237682 -59.4675401454695,-34.4168210530446 -59.4678664627079,-34.4168224731044 -59.4678647496868,-34.417092902383 -59.4681910679983,-34.4170943215866 -59.4681893560048,-34.4173647508675 -59.4672103979875,-34.4173604906023 -59.46720868282,-34.4176309198282 -59.4675350031866,-34.4176323408014 -59.4675247180039,-34.4192549159895 -59.4678510446959,-34.419256336178 -59.4678476182199,-34.4197971945062 -59.4675212894269,-34.4197957742892 -59.4675195751042,-34.4200662034209 -59.4678459049476,-34.4200676236522 -59.4678407649938,-34.4208789110179 -59.4681670980117,-34.4208803304215 -59.4681636733628,-34.4214211886337 -59.4688163436692,-34.4214240248861 -59.4688129231314,-34.4219648831071 -59.4697919350655,-34.4219691310416 -59.4697902279143,-34.4222395601768 -59.470442904752,-34.4222423878084 -59.4704411996793,-34.4225128169599 -59.4707675391829,-34.422514229484 -59.470765835138,-34.4227846586377 -59.471092175715,-34.4227860703053 -59.4710887696585,-34.423326928605 -59.4714151123594,-34.4233283394303 -59.4714100062566,-34.424139626832 -59.4701046229806,-34.4241339781362 -59.4701012103927,-34.4246748362301 -59.4697748625291,-34.4246734218509 -59.4697765698851,-34.4244029928242 -59.469450223095,-34.4244015775885 -59.4694553481787,-34.4235902904788 -59.4688026609709,-34.4235874574808 -59.4688060817823,-34.4230465994045 -59.4684797403139,-34.423045181628 -59.468478028869,-34.4233156106579 -59.4678253438994,-34.4233127724643 -59.4678219167384,-34.4238536304309 -59.4674955721865,-34.4238522099995 -59.4674990014489,-34.4233113520615 -59.4671726590212,-34.423309930788 -59.4671743746688,-34.4230395018152 -59.4668480333147,-34.4230380796853 -59.4668497499901,-34.4227676507148 -59.4665234097094,-34.4227662277285 -59.4665251274126,-34.4224957987603 -59.4661987882055,-34.4224943749177 -59.4662022256444,-34.4219535169737 -59.4658758885614,-34.4219520922891 -59.4658810476997,-34.4211408053256 -59.4662073816309,-34.4211422299672 -59.4662228483537,-34.4187083682969 -59.465896523877,-34.4187069437844 -59.4658999627755,-34.4181660855315 -59.4655736404225,-34.4181646601771 -59.46557708133,-34.4176238019047 -59.4652507611008,-34.4176223757086 -59.4652524825705,-34.4173519465687 -59.4649261634146,-34.4173505195163 -59.464929608386,-34.416809661229 -59.4646032913537,-34.416808233335 -59.4646050148553,-34.4165378041876 -59.4642786988963,-34.4165363754375 -59.4642804234252,-34.4162659462924 -59.4639541085395,-34.4162645166862 -59.4639575596291,-34.4157236583887 -59.4633049341278,-34.4157207966225 -59.4633066617386,-34.4154503674845 -59.4629803500728,-34.4154489353102 -59.4629820787109,-34.4151785061745 -59.4626557681184,-34.4151770731442 -59.4626574977836,-34.4149066440109 -59.4620048787682,-34.4149037753678 -59.4620066105109,-34.4146333462513 -59.461680302088,-34.4146319106386 -59.4616820348578,-34.4143614815246 -59.4613557275083,-34.4143600450559 -59.4613574613052,-34.4140896159442 -59.4603785425458,-34.4140853013594 -59.4603802794702,-34.4138148722791 -59.45972766918,-34.4138119915663 -59.4597294081816,-34.4135415625029 -59.4545085460098,-34.4135183917002 -59.4545067902056,-34.4137888205304 -59.454180485468,-34.4137873649425 -59.454176971689,-34.4143282225374 -59.4538506648745,-34.4143267660499 -59.4538559386584,-34.4135154796834 -59.4532033314007,-34.4135125641852 -59.4532050913821,-34.4132421354016 -59.4502683693362,-34.4132289727092 -59.4502665999035,-34.4134994013603 -59.4496139931631,-34.4134964667142 -59.4496122216065,-34.4137668953238 -59.4502648304471,-34.4137698299994 -59.4502630609672,-34.4140402586264 -59.4499367554849,-34.414038791709 -59.4499332143539,-34.4145796488973 -59.4502595219366,-34.4145811158442 -59.4502542132139,-34.4153924015805 -59.4505805239708,-34.4153938677013 -59.4505769868049,-34.415934724828 -59.450903299686,-34.4159361901079 -59.4508997645264,-34.4164770472159 -59.4512260795316,-34.4164785116548 -59.4512225463785,-34.4170193687441 -59.4515488635079,-34.417020832342 -59.4515470979463,-34.4172912608833 -59.4518734161496,-34.4172927236255 -59.4518698870567,-34.4178335807013 -59.4521962073842,-34.4178350426024 -59.4521944438528,-34.4181054711369 -59.4525207652542,-34.4181069321822 -59.4525154776704,-34.4189182177576 -59.4528418022465,-34.4189196779765 -59.4528382791741,-34.4194605349958 -59.4531646058746,-34.4194619943735 -59.4531628453536,-34.4197324228798 -59.4534891731281,-34.4197338814017 -59.4534874136341,-34.4200043099106 -59.4538137424825,-34.4200057675765 -59.4538119840156,-34.420276196088 -59.454138313938,-34.4202776528981 -59.4541365564981,-34.4205480814122 -59.4544628874944,-34.4205495373663 -59.4544611310817,-34.420819965883 -59.4554401273625,-34.4208243285658 -59.4554418806236,-34.4205539000052 -59.4560945428266,-34.4205568040782 -59.4560980450767,-34.4200159468624 -59.4564243741122,-34.4200173975638 -59.4564226240493,-34.4202878261923 -59.4567489541586,-34.4202892760377 -59.456747205123,-34.4205597046688 -59.4570735363061,-34.4205611536582 -59.4570717882976,-34.4208315822918 -59.4573981205546,-34.4208330304252 -59.4573963735734,-34.4211034590613 -59.4577227069042,-34.4211049063387 -59.4577209609502,-34.4213753349774 -59.4583736297827,-34.4213782269494 -59.4583753736355,-34.4211077982817 -59.4587017070361,-34.4211092429472 -59.4586982214084,-34.4216501002997 -59.4593508924814,-34.4216529870771 -59.4593526332057,-34.4213825583779 -59.4596789677265,-34.4213840004461 -59.4596824470045,-34.4208431429824 -59.4600087794473,-34.420844584151 -59.460010518001,-34.4205741553866 -59.4603368494164,-34.4205755956701 -59.4603385868964,-34.4203051668792 -59.4606649172845,-34.4203066062776 -59.4606614444024,-34.4208474638765 -59.4609877769147,-34.4208489024333 -59.4609860414895,-34.4211193312292 -59.460333374387,-34.4211164532159 -59.4603316368375,-34.4213868819708 -59.4600053022704,-34.4213854416437 -59.4600035636473,-34.421655870372 -59.4596772280527,-34.4216544291599 -59.4596737486357,-34.4221952865512 -59.4603264240502,-34.4221981681629 -59.4603246864082,-34.4224685968694 -59.4606510252008,-34.4224700363838 -59.4606475519485,-34.4230108937898 -59.4603212110546,-34.4230094542465 -59.460319473343,-34.4232798829169 -59.4606458152876,-34.4232813224747 -59.4606423418964,-34.4238221798083 -59.4609686859655,-34.4238236185244 -59.4609669502859,-34.4240940471876 -59.461945985784,-34.424098358155 -59.4619442532334,-34.4243687868496 -59.4622705994964,-34.4243702221118 -59.4622688679734,-34.4246406508087 -59.4625952153102,-34.4246420852146 -59.4625934848149,-34.4249125139139 -59.4632461816592,-34.4249153801423 -59.4632444532423,-34.4251858088584 -59.4635708027498,-34.425187240681 -59.4635690753607,-34.4254576693994 -59.4642217765461,-34.4254605304611 -59.4642200512356,-34.4257309591962 -59.4645464029136,-34.4257323884353 -59.4645446786309,-34.4260028171728 -59.4651973841574,-34.4260056730674 -59.4651956619534,-34.4262761018216 -59.4655220158019,-34.4262775284771 -59.4655202946258,-34.4265479572336 -59.4658466495481,-34.4265493830327 -59.4658449293998,-34.4268198117915 -59.4661712853959,-34.4268212367341 -59.4661695662756,-34.4270916654951 -59.4664959233454,-34.4270930895813 -59.466494205253,-34.4273635183446 -59.4668205633967,-34.4273649415743 -59.466817129245,-34.4279057990935 -59.4677962101185,-34.4279100636434 -59.4677927821809,-34.4284509212002 -59.4681191446196,-34.4284523410037 -59.4681174316676,-34.4287227697783 -59.467464704711,-34.4287199292718 -59.4674629896342,-34.4289903580057 -59.4671366251393,-34.4289889364318 -59.4671349089886,-34.4292593651394 -59.4655030816024,-34.4292522441354 -59.4655065243906,-34.4287113868515 -59.4658328877201,-34.4287128127653 -59.4658346080288,-34.428442384091 -59.4655082457503,-34.4284409581915 -59.465509967087,-34.4281705295194 -59.4651836058824,-34.4281691027634 -59.4651870505889,-34.4276282454117 -59.464860691509,-34.4276268178136 -59.4648624148787,-34.4273563891341 -59.4645360568726,-34.4273549606795 -59.4645377812702,-34.4270845320023 -59.4638850674289,-34.4270816725095 -59.4638867939053,-34.426811243849 -59.461928659239,-34.4268026445579 -59.4619234608252,-34.4276139302437 -59.4622498196979,-34.4276153656792 -59.462248087898,-34.4278857942315 -59.4625744478446,-34.4278872288106 -59.4625727170726,-34.4281576573652 -59.4628990780932,-34.4281590910879 -59.4628973483491,-34.4284295196449 -59.4632237104437,-34.4284309525112 -59.4632202529881,-34.4289718096178 -59.4635466172076,-34.4289732416421 -59.4635448894962,-34.4292436701918 -59.4638712547898,-34.4292451013596 -59.4638695281063,-34.4295155299116 -59.4651749937144,-34.4295212459315 -59.4651715486866,-34.4300621031144 -59.4648451801481,-34.430060675387 -59.4648469037245,-34.4297902468159 -59.4641941688184,-34.4297873887772 -59.4641889917141,-34.4305986743679 -59.4638626211425,-34.430597243999 -59.463860894344,-34.4308676724907 -59.4632081511676,-34.4308648091114 -59.4632098800682,-34.4305943806485 -59.4628835095657,-34.4305929476669 -59.4628852394943,-34.4303225192063 -59.4632116089458,-34.4303239521736 -59.4632150666318,-34.4297830951874 -59.4628886992823,-34.4297816622491 -59.4628921589782,-34.4292408052436 -59.4625657937537,-34.4292393714632 -59.4625692554593,-34.4286985144383 -59.4622428923599,-34.4286970798159 -59.462244624229,-34.4284266512998 -59.4619182622036,-34.428425215821 -59.4619199951005,-34.4281547873073 -59.4612672732208,-34.428151913766 -59.4612690081966,-34.4278814852692 -59.4606162885112,-34.4278786082735 -59.4606110772091,-34.428689893641 -59.4602847142484,-34.4286884537935 -59.4602864524232,-34.4284180253642 -59.4599600905365,-34.4284165846603 -59.4599618297391,-34.4281461562334 -59.4596354689265,-34.4281447146732 -59.4596372091568,-34.4278742862488 -59.4593108494183,-34.4278728438322 -59.4593125906763,-34.4276024154103 -59.458986232012,-34.4276009721374 -59.4589879742976,-34.427330543718 -59.4586616167074,-34.4273290995888 -59.4586651033108,-34.4267882427427 -59.4580123924035,-34.4267853519302 -59.458014137772,-34.4265149235182 -59.4576877834041,-34.4265134768203 -59.457691276173,-34.4259726199892 -59.4573649239299,-34.4259711724496 -59.4573684187073,-34.4254303155994 -59.4570420685892,-34.4254288672182 -59.4570438169937,-34.4251584387896 -59.4563911189289,-34.4251555394442 -59.4563928694116,-34.4248851110327 -59.454434782082,-34.4248763921866 -59.4544365388458,-34.4246059638507 -59.4537838453579,-34.4246030506322 -59.4537856041998,-34.4243326223136 -59.4531329129071,-34.4243297056415 -59.4531364347234,-34.4237888490269 -59.4528100912136,-34.4237873894142 -59.4528118531372,-34.4235169611035 -59.4524855107016,-34.4235155006348 -59.4524890365797,-34.4229746440066 -59.452162696269,-34.4229731826966 -59.4521662241544,-34.4224323260495 -59.4518398859684,-34.4224308638983 -59.4518434158609,-34.4218900072325 -59.4508644077477,-34.4218856156433 -59.4508626396614,-34.4221560439381 -59.4502099656025,-34.4221531118293 -59.4502081953914,-34.4224235400825 -59.4498818573467,-34.4224220727074 -59.4498871710611,-34.4216107879559 -59.4495608361918,-34.4216093197545 -59.4495696971629,-34.4202571783348 -59.4498960267795,-34.4202586464623 -59.449908423794,-34.4183656478648 -59.4495821015307,-34.4183641798407 -59.4495856454232,-34.4178233230196 -59.4492593252842,-34.4178218541545 -59.4492646440969,-34.4170105688767 -59.4489383271326,-34.4170090991855 -59.4489436488837,-34.4161978138436 -59.4486173350939,-34.4161963433263 -59.4486208849103,-34.415655486401 -59.4479682616029,-34.4156525428143 -59.4479735924516,-34.4148412574248 -59.4476472839841,-34.4148397843703 -59.4476490619366,-34.4145693558978 -59.447322754543,-34.4145678819878 -59.4473245335219,-34.4142974535181 -59.4476508398653,-34.4142989274133 -59.4476526177703,-34.4140284989167 -59.4473263124771,-34.4140270250363 -59.4473280914086,-34.4137565965425 -59.4466754829938,-34.4137536462003 -59.4466772640019,-34.4134832177241 -59.4453720516579,-34.4134773066549 -59.445375622004,-34.4129364497853 -59.4450493210777,-34.4129349698719 -59.4450546795686,-34.4121236845218 -59.4453809773447,-34.4121251643905 -59.4453791922549,-34.4123955928675 -59.4457054911047,-34.4123970718808 -59.4457072751444,-34.412126643389 -59.446033572968,-34.4121281215171 -59.4460317899784,-34.4123985500238 -59.4463580888758,-34.4124000272965 -59.4463563069125,-34.412670455806 -59.4466826068838,-34.4126719322232 -59.4466790449863,-34.4132127892359 -59.4479842535095,-34.4132186863201 -59.4479860302696,-34.4129482577605 -59.4483123314095,-34.4129497298409 -59.4483176583974,-34.4121384440452 -59.4476650624419,-34.412135499103 -59.4476668401574,-34.4118650705099 -59.4470142463968,-34.4118621221162 -59.4470160261887,-34.4115916935407 -59.4453845474528,-34.4115843074004 -59.4453863324712,-34.4113138788872 -59.4431022705909,-34.411303501843 -59.4431040629357,-34.4110330734222 -59.4417988894436,-34.4110271245963 -59.4417970928987,-34.4112975529572 -59.4391867386645,-34.4112856134121 -59.4391885436097,-34.4110151851714 -59.436251906387,-34.4110016867427 -59.4362500919916,-34.4112721148476 -59.4352712102021,-34.411267599661 -59.4352693926324,-34.4115380277084 -59.434943097701,-34.4115365208905 -59.434928547871,-34.4136999447141 -59.4352548512032,-34.4137014516533 -59.4352512156037,-34.4142423075189 -59.4355775210605,-34.4142438136181 -59.4355738874644,-34.4147846694657 -59.4359001950458,-34.4147861747248 -59.4358983792617,-34.4150566026457 -59.4362246879175,-34.4150581070496 -59.4362210583772,-34.4155989628854 -59.4365473691576,-34.4156004664492 -59.4365455554014,-34.4158708943641 -59.4368718672564,-34.4158723970725 -59.4368700545262,-34.4161428249906 -59.4371963674556,-34.4161443268437 -59.4371945557516,-34.4164147547648 -59.4375208697554,-34.4164162557625 -59.4375190590776,-34.4166866836867 -59.4378453741558,-34.4166881838291 -59.4378435645042,-34.4169586117563 -59.4381698806568,-34.4169601110433 -59.4381662633819,-34.4175009668917 -59.4384925816593,-34.4175024653384 -59.4384907740361,-34.4177728932596 -59.438817093388,-34.4177743908509 -59.4388134801699,-34.4183152466872 -59.4391398016466,-34.4183167434382 -59.4391379960519,-34.4185871713532 -59.4394643186031,-34.4185886672488 -59.4394625140347,-34.4188590951669 -59.4397888376604,-34.4188605902069 -59.4397852305524,-34.419401446037 -59.4401115563029,-34.4194029402366 -59.4401097537633,-34.4196733681486 -59.4397834269623,-34.419671873934 -59.4397816233482,-34.4199423018189 -59.4394552955207,-34.4199408067186 -59.4394462718371,-34.421292945887 -59.4400989380212,-34.4212959353673 -59.4400971353134,-34.4215663631948 -59.4404234694921,-34.4215678566441 -59.4404216678109,-34.4218382844747 -59.4407480030641,-34.4218397770683 -59.4407462024095,-34.4221102049018 -59.4410725387373,-34.4221116966399 -59.4410689394572,-34.4226525523007 -59.4417216163873,-34.422655533225 -59.4417234139381,-34.4223851053706 -59.4413970765117,-34.4223836153588 -59.4413988750891,-34.4221131875074 -59.4417252114649,-34.4221146775042 -59.4417306039017,-34.4213033938325 -59.4414042706776,-34.4213019038807 -59.4414060691592,-34.421031475981 -59.4420587335302,-34.4210344549841 -59.4420569371497,-34.4213048829138 -59.4423832704217,-34.4213063711244 -59.4423850657516,-34.4210359431798 -59.4433640625593,-34.4210404025431 -59.4433658547137,-34.4207699745416 -59.4436921859802,-34.4207714592399 -59.4436939770603,-34.4205010312113 -59.4443466375638,-34.4205039979663 -59.4443484265189,-34.4202335698958 -59.4466327316781,-34.4202439260109 -59.4466291684512,-34.4207847823483 -59.4469554999557,-34.4207862583407 -59.4469537193572,-34.4210566865061 -59.4482590498147,-34.4210625818293 -59.4482572733947,-34.421333010042 -59.4485836071189,-34.4213344817111 -59.4485800563089,-34.4218753381299 -59.4489063921578,-34.421876808958 -59.4489046177679,-34.4221472371641 -59.4492309546911,-34.4221487071364 -59.4492274079416,-34.422689563542 -59.4495537469897,-34.4226910326732 -59.449550202247,-34.4232318890602 -59.4498765434199,-34.4232333573503 -59.4498606003648,-34.4256672106279 -59.4501869510179,-34.4256686781802 -59.4501780981928,-34.4270208185417 -59.4498517422857,-34.4270193509156 -59.4498481988887,-34.4275602069462 -59.4491954829418,-34.4275572690225 -59.4492078991295,-34.425664272911 -59.4488815485473,-34.4256628027465 -59.4488850979183,-34.4251219466357 -59.4479060526183,-34.4251175310064 -59.4479167190765,-34.4234949626512 -59.4475903769948,-34.4234934891223 -59.4475939343927,-34.4229526329371 -59.4479202743731,-34.4229541064363 -59.4479220519858,-34.4226836783108 -59.4475957130561,-34.4226822048264 -59.4475992703117,-34.4221413485688 -59.4472729335069,-34.4221398742434 -59.4472747131497,-34.4218694461113 -59.4469483774192,-34.4218679709301 -59.4469501580889,-34.4215975428008 -59.4462974888003,-34.4215945898563 -59.4462939232348,-34.4221354460433 -59.4459675865249,-34.4221339682353 -59.4459729379892,-34.4213226839813 -59.4446676039945,-34.4213167642218 -59.4446658159946,-34.421587192259 -59.4430341437846,-34.4215797728963 -59.443032350508,-34.4218502008468 -59.442706015087,-34.4218487143475 -59.4427042207359,-34.4221191422709 -59.4423778842883,-34.4221176548859 -59.4423742934131,-34.4226585106667 -59.4420479548882,-34.4226570223812 -59.4420461583641,-34.4229274502384 -59.4417198188125,-34.4229259610673 -59.4417144259445,-34.4237372445219 -59.442040768648,-34.423738733738 -59.4420389720282,-34.424009161547 -59.4423653158063,-34.4240106499074 -59.4423635202132,-34.4242810777194 -59.4420371753843,-34.424279589344 -59.4420317853091,-34.4250908726626 -59.4423581332902,-34.4250923610829 -59.4423563376014,-34.4253627888466 -59.4426826866571,-34.4253642764112 -59.4426755078655,-34.4264459874053 -59.4430018611484,-34.4264474741589 -59.4429875108241,-34.4286108956879 -59.4433138725379,-34.4286123816904 -59.4433084939247,-34.4294236646096 -59.4439612237295,-34.4294266340917 -59.4439594329126,-34.4296970617372 -59.4442857989019,-34.4296985451869 -59.4442840091121,-34.4299689728352 -59.4446103761762,-34.4299704554289 -59.4446085874136,-34.4302408830801 -59.4449349555525,-34.4302423648178 -59.4449331678171,-34.4305127924719 -59.4452595370309,-34.4305142733536 -59.4452577503227,-34.4307847010105 -59.4455841206113,-34.4307861810362 -59.4455805492256,-34.4313270363436 -59.4459069216401,-34.4313285155282 -59.4459051369626,-34.4315989431787 -59.446231510452,-34.4316004215072 -59.4462297268019,-34.4318708491605 -59.4468824759542,-34.4318738032344 -59.4468806943824,-34.4321442309053 -59.4472070700453,-34.4321457066507 -59.447205289501,-34.4324161343244 -59.4475316662387,-34.4324176092137 -59.4475263276168,-34.4332288922071 -59.4481790874703,-34.4332318394617 -59.4481773099846,-34.4335022671317 -59.4485036909981,-34.4335037394673 -59.4484912552936,-34.4353967329232 -59.4488176436894,-34.4353982044915 -59.4488140925205,-34.4359390596857 -59.4491404830425,-34.4359405304124 -59.4491387084739,-34.4362109580062 -59.4501178833359,-34.4362153650043 -59.4501161118977,-34.4364857926304 -59.4504425046169,-34.4364872599024 -59.4504371933146,-34.4372985427525 -59.4507635892115,-34.4373000091976 -59.4507618197816,-34.437570436805 -59.4510882167535,-34.4375719023937 -59.4510864483514,-34.4378423300037 -59.4517392444688,-34.4378452585973 -59.4517357117996,-34.4383861138401 -59.4520621119965,-34.4383875768596 -59.4520585813361,-34.4389284320836 -59.4523849836593,-34.4389298942613 -59.4523832193454,-34.4392003218699 -59.4527096227436,-34.4392017831911 -59.4527060961481,-34.4397426384016 -59.4530325016729,-34.4397440988811 -59.4530307393913,-34.4400145264829 -59.4533571459911,-34.4400159861058 -59.4533553847377,-34.4402864137103 -59.4536817924125,-34.4402878724766 -59.4536800321871,-34.4405583000837 -59.4540064409369,-34.4405597579935 -59.4540046817397,-34.4408301856032 -59.4543310915645,-34.4408316426565 -59.4543293333953,-34.4411020702687 -59.4549821552184,-34.4411049817908 -59.454980399129,-34.4413754094203 -59.4553068111273,-34.4413768638891 -59.4553050560661,-34.4416472915212 -59.4562842953559,-34.4416516497438 -59.4562825434262,-34.4419220774076 -59.4575882003459,-34.4419278762316 -59.4575899480691,-34.4416574485094 -59.4582427745655,-34.4416603426646 -59.4582445201621,-34.4413899149013 -59.4588973446484,-34.4413928055423 -59.4588990881186,-34.4411223777378 -59.459225499345,-34.4411238217369 -59.4592272417403,-34.4408533939058 -59.4598800621596,-34.4408562792611 -59.4598818024286,-34.440585851389 -59.4605346208375,-34.4405887332304 -59.4605363589802,-34.4403183053171 -59.4611891753786,-34.4403211836446 -59.4611909113951,-34.4400507556904 -59.4618437257829,-34.440053630504 -59.4618454596732,-34.4397832025088 -59.4621718658502,-34.4397846385943 -59.4621753314585,-34.4392437825388 -59.4625017355556,-34.4392452177243 -59.4625069306403,-34.4384339335072 -59.4621805296976,-34.4384324983651 -59.4621839950749,-34.437891642189 -59.4625103939148,-34.4378930773022 -59.4625277089024,-34.4351887955538 -59.4628540972517,-34.4351902296516 -59.4628558275723,-34.434919801396 -59.4631822148934,-34.4349212346084 -59.4631856733629,-34.4343803780322 -59.4635120586045,-34.4343818103446 -59.463498232584,-34.4365452364753 -59.4638246262591,-34.4365466680319 -59.4638211716264,-34.4370875244728 -59.4634947758486,-34.4370860928874 -59.4634878621013,-34.4381678055669 -59.4631614621408,-34.4381663730526 -59.4631562734341,-34.4389776573924 -59.4634826765489,-34.4389790899499 -59.4634844050894,-34.4387086618343 -59.4638108071758,-34.4387100935061 -59.4638090796868,-34.4389805216361 -59.4647882892384,-34.4389848114678 -59.464790013573,-34.4387143832946 -59.4654428179528,-34.4387172387977 -59.4654445401615,-34.4384468105837 -59.4657709413343,-34.4384482370141 -59.4657726624686,-34.4381778087738 -59.4660990626129,-34.4381792343187 -59.4661025027098,-34.4376383777731 -59.4667552988615,-34.4376412261921 -59.4667570167727,-34.4373707978726 -59.4670834138315,-34.437372220761 -59.4670868474825,-34.4368313640572 -59.4680660324878,-34.4368356274099 -59.4680694597391,-34.4362947705721 -59.4683958526838,-34.4362961899189 -59.4683992777411,-34.4357553330042 -59.468725668606,-34.4357567514513 -59.4687290914694,-34.4352158944599 -59.4690554802545,-34.4352173120075 -59.4690571906007,-34.4349468834794 -59.468730802867,-34.4349454659461 -59.4687325142416,-34.4346750374203 -59.4690589009242,-34.4346764549393 -59.4690623215026,-34.4341355978229 -59.4693887061054,-34.4341370144423 -59.4693904153093,-34.4338665858518 -59.4697167988836,-34.433868001586 -59.4697185070134,-34.4335975729691 -59.4706976547194,-34.4336018149028 -59.4706993596729,-34.4333313862313 -59.4713521228214,-34.4333342098036 -59.4713538256498,-34.4330637810915 -59.4723329673892,-34.4330680098749 -59.4723363666708,-34.4325271523295 -59.4726627451936,-34.4325285601537 -59.4726593480143,-34.4330694177273 -59.472985728662,-34.4330708247088 -59.4729823334946,-34.4336116822625 -59.4733087162674,-34.4336130884012 -59.4733070197009,-34.4338835171742 -59.4729806358769,-34.4338821110213 -59.4729789382367,-34.434152539768 -59.472652553384,-34.43415113273 -59.4726508546699,-34.4344215614505 -59.4723244687887,-34.4344201535272 -59.4723261685541,-34.4341497248209 -59.4719997837468,-34.4341483160407 -59.4719980829301,-34.4344187447329 -59.471345311281,-34.4344159245312 -59.4713436083392,-34.4346863531829 -59.4710172214974,-34.4346849417613 -59.4710155174816,-34.4349553703868 -59.4706891296113,-34.4349539580799 -59.4706874245215,-34.4352243866791 -59.4703610356226,-34.4352229734869 -59.4703593294588,-34.4354934020599 -59.4700329395313,-34.4354919879824 -59.4700278177495,-34.4363032735863 -59.4697014246908,-34.436301858595 -59.4696980079531,-34.4368427155755 -59.4693716128144,-34.4368412996846 -59.4693681938829,-34.4373821565884 -59.4690417966642,-34.4373807397979 -59.4690400861128,-34.4376511682175 -59.4693664843829,-34.4376525850223 -59.4693647748602,-34.437923013444 -59.4696911742044,-34.4379244293919 -59.4696894657103,-34.4381948578158 -59.470668667034,-34.4381991004751 -59.4706669616715,-34.4384695289297 -59.4713197647706,-34.4384723530418 -59.4713163581833,-34.4390132099716 -59.4709899545195,-34.4390117983227 -59.470991658876,-34.438741369878 -59.4700124511753,-34.4387371297469 -59.4700141586634,-34.4384667013329 -59.4696877571935,-34.4384652862277 -59.4696860486539,-34.4387357146275 -59.4693596461552,-34.438734298637 -59.4693630653146,-34.4381934418537 -59.4690366649417,-34.4381920250205 -59.4690332436794,-34.4387328817752 -59.4687068412264,-34.4387314640422 -59.4687085529204,-34.4384610356852 -59.4680557501856,-34.4384581976343 -59.4680540363887,-34.4387286259628 -59.4677276340041,-34.4387272056163 -59.4677259191329,-34.4389976339185 -59.4673995157197,-34.4389962126865 -59.4674012316424,-34.4387257843986 -59.4670748293035,-34.4387243623097 -59.4670731123293,-34.4389947905833 -59.4667467089619,-34.4389933676089 -59.4667432728418,-34.4395342240913 -59.4660904619696,-34.4395313754717 -59.4660887417721,-34.4398018036661 -59.4654359288886,-34.4397989515329 -59.4654342065651,-34.4400693796866 -59.4644549842574,-34.4400650949097 -59.4644532587564,-34.4403355230082 -59.4628212167792,-34.4403283642168 -59.4628160243645,-34.4411396482239 -59.4624896128835,-34.4411382138087 -59.4624878809809,-34.4414086417725 -59.4621614684713,-34.4414072064715 -59.4621562694701,-34.4422184902473 -59.4624826851345,-34.4422199255916 -59.4624809531396,-34.4424903535072 -59.463133786641,-34.4424932216108 -59.4631320567263,-34.4427636495431 -59.4637848924233,-34.4427665141903 -59.4637831645889,-34.4430369421394 -59.4647624214621,-34.4430412326185 -59.4647606967598,-34.4433116605987 -59.4654135368936,-34.4433145165902 -59.4654152594925,-34.4430440885812 -59.4657416785421,-34.4430455152556 -59.4657399569949,-34.443315943279 -59.4660663771192,-34.4433173690964 -59.4660646566008,-34.443587797122 -59.4667174990216,-34.4435906461715 -59.4667157805837,-34.4438610742137 -59.4673686251995,-34.4438639198065 -59.4673669088422,-34.4441343478653 -59.468019755653,-34.4441371900013 -59.4680180413764,-34.4444076180766 -59.4686708903821,-34.4444104567557 -59.4686691781862,-34.4446808848476 -59.4693220293867,-34.4446837200697 -59.4693203192716,-34.444954148178 -59.4696467459578,-34.4449555644962 -59.4696450368716,-34.4452259926067 -59.4699714646325,-34.4452274080679 -59.4699697565753,-34.4454978361805 -59.4702961854108,-34.4454992507845 -59.4702927713319,-34.4460401070021 -59.4706192022938,-34.4460415207631 -59.4706174962721,-34.446311948868 -59.4709439283085,-34.4463133617718 -59.470942223316,-34.4465837898789 -59.471268656427,-34.4465852019255 -59.4712669524636,-34.4468556300347 -59.4728991236185,-34.4468626772668 -59.4728957261428,-34.4474035335909 -59.4719164170703,-34.447399307781 -59.4719181189753,-34.4471288796675 -59.4706123780706,-34.4471232331105 -59.4706140841605,-34.4468528050417 -59.4699612159483,-34.446849976563 -59.4699629241193,-34.4465795485106 -59.4696364910992,-34.4465781329783 -59.4696382002992,-34.4463077049281 -59.4693117683538,-34.4463062885386 -59.469313478583,-34.4460358604906 -59.4689870477122,-34.4460344432439 -59.4689887589704,-34.4457640151981 -59.4680094696505,-34.4457597582724 -59.4680111840414,-34.4454893302573 -59.4676847553656,-34.4454879095536 -59.4676864707855,-34.4452174815408 -59.4673600431844,-34.4452160599799 -59.4673617596331,-34.4449456319694 -59.4654032008182,-34.4449370843909 -59.4654014780586,-34.4452075123155 -59.4647486232002,-34.4452046561229 -59.4647520729036,-34.4446638003191 -59.4640992223443,-34.4446609406985 -59.4641009492651,-34.4443905128073 -59.4627952526298,-34.4443847831672 -59.4627969837346,-34.4441143553215 -59.4621441376589,-34.4441114853022 -59.4621476040061,-34.4435706296325 -59.4614947622297,-34.4435677561855 -59.4614982326914,-34.4430269005255 -59.4595397205381,-34.4430182594464 -59.4595379790086,-34.4432886871955 -59.4582323004969,-34.4432829089916 -59.4582305547374,-34.4435533366706 -59.4575777135177,-34.4435504423115 -59.4575759656314,-34.4438208699493 -59.4569231224014,-34.4438179720758 -59.4569213723884,-34.4440883996724 -59.4565949497567,-34.444086949414 -59.4565914475572,-34.4446278045418 -59.4562650228453,-34.4446263533829 -59.4562597662156,-34.4454376359403 -59.4559333383717,-34.4454361838662 -59.4559245715961,-34.4467883211476 -59.4562510046993,-34.4467897732947 -59.456249252326,-34.4470602007295 -59.4555963840391,-34.4470572955345 -59.4555928750148,-34.4475981503093 -59.4549400026138,-34.4475952415701 -59.4549435158458,-34.4470543868538 -59.4546170817843,-34.4470529312063 -59.4546205970264,-34.4465120764711 -59.4542941650921,-34.4465106199814 -59.4542976823442,-34.4459697652272 -59.453971252537,-34.4459683078955 -59.4539765313949,-34.4451570257177 -59.4536501047666,-34.4451555675586 -59.4536518653908,-34.4448851401566 -59.4539782909673,-34.4448865983011 -59.4539818100418,-34.4443457434315 -59.4543082335382,-34.4443472006753 -59.4543117504154,-34.4438063457281 -59.4539853290224,-34.4438048885136 -59.4539870884776,-34.4435344610366 -59.4536606681598,-34.4435330029655 -59.4536624286432,-34.4432625754911 -59.4530095901814,-34.4432596567641 -59.4530113527448,-34.442989229307 -59.4526849346008,-34.4429877686512 -59.4526866981923,-34.4427173411968 -59.4523602811236,-34.4427158796844 -59.4523655749121,-34.4419045972927 -59.4520391610217,-34.4419031349532 -59.4520409266225,-34.4416327074799 -59.4517145138073,-34.4416312442838 -59.4517162804362,-34.4413608168131 -59.4513898686961,-34.4413593527605 -59.451391636353,-34.4410889252925 -59.4510652256881,-34.4410874603833 -59.451066994373,-34.440817032918 -59.4507405847833,-34.4408155671524 -59.4507423544962,-34.4405451396898 -59.4504159459816,-34.4405436730676 -59.4504177167225,-34.4402732456077 -59.450091309283,-34.440271778129 -59.450094852797,-34.4397309232025 -59.4497684474842,-34.4397294548822 -59.4497702202573,-34.4394590274157 -59.4494438160197,-34.4394575582389 -59.4494455898206,-34.4391871307751 -59.4491191866581,-34.4391856607419 -59.449122736292,-34.4386448058076 -59.4487963352561,-34.4386433349329 -59.448798111089,-34.4383729074625 -59.4484717111282,-34.4383714357313 -59.4484752648259,-34.4378305807839 -59.447822469181,-34.4378276347675 -59.4478206902412,-34.4380980622176 -59.4474942914029,-34.4380965878879 -59.4474907313491,-34.4386374427223 -59.4471643304317,-34.4386359674917 -59.4471661115218,-34.4383655400953 -59.4468397116796,-34.4383640640084 -59.4468361473726,-34.4389049187593 -59.4465097454512,-34.4389034417715 -59.4465079622106,-34.439173869114 -59.4461815592614,-34.4391723912402 -59.4461797749456,-34.4394428185558 -59.4458533709687,-34.4394413397958 -59.445848014724,-34.4402526216255 -59.4455216076164,-34.4402511419498 -59.4455198211024,-34.4405215691873 -59.445193412967,-34.4405200886255 -59.4451916253776,-34.440790515836 -59.4448652162145,-34.4407890343881 -59.4448616388611,-34.4413298887432 -59.4445352276187,-34.4413284063942 -59.4445334378546,-34.4415988335388 -59.4442070255844,-34.4415973503035 -59.4442052347449,-34.4418677774211 -59.443878821447,-34.4418662932997 -59.4438752375931,-34.4424071474688 -59.4435488222158,-34.4424056624462 -59.4435434431008,-34.4432169435647 -59.4432170245924,-34.443215457626 -59.4432134362928,-34.4437563116147 -59.4428870157049,-34.4437548247747 -59.4428816299211,-34.4445661056224 -59.4425552062019,-34.4445646178663 -59.4425570025389,-34.4442941909441 -59.4422305798954,-34.4442927023315 -59.4422251876574,-34.445103983017 -59.4418987618826,-34.4451024934881 -59.4418969633702,-34.4453729203442 -59.4415705365676,-34.445371429929 -59.4415651377312,-34.4461827103798 -59.4412387077971,-34.4461812190482 -59.4412369070851,-34.446451645826 -59.4409104761231,-34.4464501536079 -59.4409086743353,-34.4467205803587 -59.4402558103797,-34.4467175932783 -59.4402666333683,-34.4450950327732 -59.4405930590231,-34.4450965266589 -59.4405984670376,-34.4442852461984 -59.4409248895612,-34.4442867391678 -59.4409284926806,-34.4437458854371 -59.4412549131247,-34.443747377505 -59.4412567135967,-34.4434769506065 -59.4409302942043,-34.4434754585536 -59.4409320957039,-34.4432050316581 -59.4412585140447,-34.443206523696 -59.4412603144687,-34.4429360967734 -59.4415867317817,-34.442937587925 -59.4415903304544,-34.4423967340137 -59.4419167456881,-34.442398224264 -59.4419221403625,-34.4415869432615 -59.4422485524652,-34.4415884325956 -59.4422521466918,-34.4410475785036 -59.4425785567154,-34.4410490669365 -59.442582148743,-34.4405082127663 -59.4429085566874,-34.440509700298 -59.4429103516138,-34.4402392731798 -59.4432367585305,-34.4402407598254 -59.4432385523815,-34.4399703326802 -59.4435649582706,-34.4399718184395 -59.4435667510461,-34.4397013912674 -59.4438931559076,-34.4397028761406 -59.4438985309364,-34.4388915945068 -59.4442249326673,-34.4388930784641 -59.4442285137975,-34.4383522239514 -59.4445549134494,-34.4383537070076 -59.4445584923813,-34.4378128524168 -59.4448848899542,-34.437814334572 -59.444886678333,-34.4375439072437 -59.4452130748783,-34.4375453885128 -59.4452184367176,-34.4367341064106 -59.4455448301326,-34.4367355867639 -59.4455519747128,-34.4356538770659 -59.4452255855031,-34.4356523967721 -59.44522737264,-34.4353819693323 -59.4462065371866,-34.4353864075558 -59.4462083211458,-34.4351159800593 -59.4465347083243,-34.4351174577101 -59.4465382740689,-34.4345766026512 -59.4462118889929,-34.4345751250301 -59.4462101050812,-34.4348455525507 -59.4455573328981,-34.4348425946657 -59.4455555468601,-34.4351130221445 -59.445229159753,-34.4351115418805 -59.4452345209492,-34.4343002594526 -59.4455609049026,-34.4343017396719 -59.4455626908691,-34.4340313121569 -59.4452363079669,-34.4340298319525 -59.4452380949609,-34.4337594044403 -59.4449117131337,-34.4337579233798 -59.4449135011551,-34.4334874958705 -59.4445871204029,-34.4334860139538 -59.4445853313304,-34.4337564414482 -59.4442589495509,-34.4337549586457 -59.4442571594033,-34.4340253861131 -59.4436043938136,-34.4340224178651 -59.4436026015397,-34.4342928452906 -59.4432762177294,-34.4342913598451 -59.4432780110545,-34.4340209324346 -59.4422988629207,-34.4340164709169 -59.442297066442,-34.4342868982826 -59.4416442990367,-34.4342839195524 -59.4416460976179,-34.4340134922167 -59.4406669498434,-34.4340090176338 -59.4406687515542,-34.433738590331 -59.4403423700619,-34.4337370970764 -59.4403405672999,-34.4340075243641 -59.4400141847805,-34.4340060302234 -59.4400123809432,-34.434276457484 -59.4396859973966,-34.4342749624573 -59.4396823875475,-34.4348158169122 -59.4383768451917,-34.4348098279745 -59.4383750360261,-34.4350802551236 -59.4380486494461,-34.4350787556965 -59.4380450289399,-34.4356196099283 -59.438697806329,-34.4356226079719 -59.4386996144916,-34.4353521808318 -59.439026002171,-34.4353536785319 -59.4390278092583,-34.4350832513647 -59.4403333560116,-34.4350892333943 -59.4403315531295,-34.4353596606217 -59.4393523898746,-34.4353551753609 -59.4393505838145,-34.4356256025311 -59.4390241950597,-34.435624105687 -59.4390223879243,-34.4358945328301 -59.4386959981423,-34.4358930350999 -59.4386941899315,-34.4361634622158 -59.4380414083372,-34.436160464112 -59.4380395979996,-34.4364308911857 -59.4377132061873,-34.436429390812 -59.4377095833372,-34.4369702448931 -59.4373831894463,-34.4369687436182 -59.4373813769336,-34.4372391706255 -59.4370549820156,-34.4372376684643 -59.4370531684274,-34.4375080954445 -59.436400376561,-34.4375050884785 -59.4363985608458,-34.4377755154163 -59.4360721638975,-34.4377740106115 -59.4360685302918,-34.4383148644207 -59.4357421312648,-34.4383133587145 -59.4357384954594,-34.4388542124451 -59.4354120943538,-34.4388527058374 -59.4354102753632,-34.4391231326695 -59.4350838732304,-34.4391216251754 -59.4350820531642,-34.4393920519802 -59.4347556500041,-34.4393905435998 -59.4347592922153,-34.4388496900084 -59.4350856932724,-34.4388511983585 -59.4350875132902,-34.4385807715295 -59.4354139133201,-34.4385822789933 -59.4354157322621,-34.4383118521371 -59.4350893332837,-34.4383103446885 -59.4350911532529,-34.4380399178354 -59.4341119596173,-34.4380353903084 -59.4341137827165,-34.4377649634888 -59.4344401795194,-34.4377664735204 -59.4344438235421,-34.4372256198146 -59.4341174288421,-34.4372241098134 -59.4341156057914,-34.4374945366571 -59.4337892100643,-34.4374930257696 -59.433787385938,-34.437763452586 -59.4331345924538,-34.4377604281671 -59.4331364186829,-34.4374900013811 -59.4324836273989,-34.4374869735081 -59.4324854557064,-34.4372165467404 -59.4328118502849,-34.4372180610972 -59.4328136775166,-34.4369476343023 -59.4357512203545,-34.4369612241767 -59.4357530380998,-34.436690797233 -59.4360794308184,-34.4366923028483 -59.4360812474881,-34.4364218758774 -59.4364076391796,-34.4364233806065 -59.4364094547737,-34.4361529536083 -59.4367358454381,-34.4361544574512 -59.4367376599568,-34.4358840304259 -59.437064049594,-34.4358855333826 -59.437069489851,-34.4350742521888 -59.4367431033677,-34.4350727492774 -59.4367449177896,-34.4348023222038 -59.4370713032217,-34.4348038251 -59.4370731165682,-34.4345333979992 -59.4373995009733,-34.4345349000093 -59.4374013132444,-34.4342644728813 -59.4380540800245,-34.4342674742581 -59.4380522698558,-34.4345379014163 -59.4383786543333,-34.4345394008132 -59.4383804634507,-34.43426897364 -59.4390332303755,-34.4342719697907 -59.4390350373664,-34.4340015425752 -59.4393614198137,-34.4340030393289 -59.4393668374884,-34.433191757565 -59.4406723549038,-34.4331977356893 -59.4406741565426,-34.4329273083504 -59.4413269132921,-34.4329302921566 -59.4413305122931,-34.4323894373826 -59.441983264934,-34.4323924176449 -59.4419850622963,-34.4321219902098 -59.4423114376016,-34.4321234790195 -59.4423132338888,-34.4318530515573 -59.4426396081669,-34.4318545394811 -59.4426431985673,-34.4313136844907 -59.4423168263914,-34.4313121965968 -59.4423186226068,-34.4310417690984 -59.4419922515059,-34.4310402803486 -59.441995845967,-34.4304994253457 -59.4416694769921,-34.4304979357549 -59.4416748716571,-34.429686653205 -59.4413485058592,-34.4296851627883 -59.4413539034615,-34.4288738801748 -59.4410275408404,-34.4288723889323 -59.4410329413797,-34.4280611062553 -59.4407065819354,-34.4280596141869 -59.4407119854114,-34.4272483314464 -59.4403856291437,-34.4272468385523 -59.4403838269582,-34.4275172661295 -59.4400574696637,-34.4275157723495 -59.4400628793008,-34.4267044896268 -59.4397365251829,-34.4267029950211 -59.4397437418991,-34.4256212846154 -59.4390910421419,-34.4256182929122 -59.4390928483623,-34.4253478653107 -59.4394191971782,-34.4253493615826 -59.4394210023238,-34.425078933954 -59.4397473501129,-34.4250804293401 -59.4397509582306,-34.4245395740166 -59.4387719212398,-34.4245350853364 -59.4387737284147,-34.4242646577018 -59.4391000730035,-34.4242661547841 -59.4391018791036,-34.4239957271223 -59.4387755355655,-34.423994230055 -59.4387791497949,-34.4234533747254 -59.4384528083822,-34.4234518768175 -59.4384546165114,-34.4231814491497 -59.4381282761735,-34.4231799503862 -59.4381318944609,-34.4226390950445 -59.4378055562484,-34.4226375954405 -59.4378091765406,-34.4220967400807 -59.4374828404533,-34.4220952396364 -59.4374864627502,-34.4215543842585 -59.4371601287882,-34.4215528829737 -59.4371637530896,-34.4210120275778 -59.436837421253,-34.4210105254527 -59.436844673768,-34.4199288145766 -59.4365183461575,-34.4199273116413 -59.4365237884414,-34.419116028403 -59.4361974640065,-34.4191145246426 -59.4362010941757,-34.4185736691203 -59.4358747718658,-34.4185721645196 -59.4358765879645,-34.4183017367556 -59.4355502667292,-34.4183002312995 -59.4355520838541,-34.4180298035385 -59.4352257636934,-34.4180282972271 -59.4352275818445,-34.4177578694693 -59.4349012627583,-34.4177563623025 -59.4349030819355,-34.4174859345477 -59.434576763924,-34.4174844265257 -59.4345785841273,-34.417213998774 -59.4342522671904,-34.4172124898967 -59.4342540884198,-34.4169420621481 -59.4339277725575,-34.4169405524156 -59.4339295948129,-34.4166701246701 -59.4336032800251,-34.4166686140823 -59.4336069265637,-34.4161277585856 -59.4332806139009,-34.4161262471577 -59.4332842624428,-34.4155853916433 -59.4329579519048,-34.4155838793754 -59.4329670780852,-34.4142317404542 -59.4326407728226,-34.4142302273921 -59.4326462513894,-34.4134189439403 -59.4323199493016,-34.4134174300535 -59.432323603658,-34.4128765743891 -59.4319973036948,-34.4128750596625 -59.4319991318866,-34.4126046318274 -59.4316728329979,-34.4126031162457 -59.4316764914086,-34.41206226057 -59.4313501946444,-34.4120607441484 -59.4313520248632,-34.4117903163077 -59.4310257291735,-34.4117887990311 -59.4310275604179,-34.4115183711936 -59.4307012658026,-34.411516853062 -59.4307030980727,-34.4112464252278 -59.4300505110155,-34.4112433863843 -59.4300523453612,-34.4109729585686 -59.4297260529193,-34.4109714378568 -59.4297278882906,-34.4107010100442 -59.4294015969231,-34.4106994884775 -59.4294034333199,-34.4104290606682 -59.4287508527583,-34.4104260149546 -59.4287526912306,-34.4101555871639 -59.4284264020365,-34.410154063017 -59.4284282415343,-34.4098836352296 -59.4274493772491,-34.4098790576137 -59.4274512198722,-34.4096086298603 -59.4271249328761,-34.4096071022633 -59.4271230892031,-34.4098775300013 -59.4267968011818,-34.4098760015186 -59.4267949564342,-34.4101464292292 -59.4264686673875,-34.4101448998609 -59.4264649757187,-34.4106857552151 -59.4261386845966,-34.4106842249458 -59.4261349907294,-34.4112250802209 -59.4258086975319,-34.4112235490505 -59.4258050014662,-34.4117644042465 -59.4254787061933,-34.411762872175 -59.4254657618369,-34.4136558648731 -59.4251394592379,-34.4136543318233 -59.4251339081364,-34.414465614181 -59.4248076024116,-34.4144640802145 -59.4248001963969,-34.4155457897941 -59.4244738864959,-34.4155442548955 -59.4244701812399,-34.4160851095819 -59.4241438692631,-34.416083573782 -59.4241383080432,-34.4168948556749 -59.4238119929402,-34.4168933189582 -59.4238082832361,-34.4174341734621 -59.4234819660571,-34.417432635844 -59.4234763981645,-34.4182439174631 -59.4231500778592,-34.418242378928 -59.4231463637063,-34.4187832332494 -59.422820041325,-34.4187816938129 -59.4228107502574,-34.4201338293278 -59.4224844226486,-34.4201322889432 -59.4224695472483,-34.4222957050156 -59.4221432112601,-34.4222941636364 -59.4221190216931,-34.4258097129053 -59.4224453713401,-34.4258112544862 -59.4224267716374,-34.4285155219219 -59.4221004114819,-34.4285139801859 -59.422092966703,-34.4295956867603 -59.4217666023685,-34.4295941440914 -59.4217610153709,-34.4304054238488 -59.4220873828583,-34.4304069665643 -59.4220780759545,-34.4317590993296 -59.4224044487219,-34.4317606412518 -59.4223988674352,-34.4325719208127 -59.4227252433808,-34.4325734619104 -59.4227215245013,-34.4331143149217 -59.4230479025739,-34.4331158551795 -59.4230460441481,-34.4333862816825 -59.4233724232966,-34.4333878210848 -59.4233705658973,-34.4336582475913 -59.4236969461217,-34.433659786138 -59.4236950897488,-34.4339302126479 -59.4240214710492,-34.4339317503391 -59.4240196157027,-34.4342021768524 -59.424345998079,-34.434203713688 -59.424344143759,-34.4344741402047 -59.4246705272112,-34.4344756761848 -59.4246686739178,-34.4347461027049 -59.4249950584459,-34.4347476378294 -59.424993206179,-34.4350180643529 -59.4253195917831,-34.4350195986218 -59.4253158892777,-34.4355604516633 -59.4249895015711,-34.4355589173635 -59.4249709770507,-34.4382631816927 -59.4252973752707,-34.4382647161469 -59.4252936721733,-34.4388055688988 -59.4256200725209,-34.4388071025127 -59.4256182219866,-34.4390775288859 -59.4265974263317,-34.4390821245469 -59.4265955789272,-34.4393525509543 -59.4269219814763,-34.4393540811143 -59.4269201350986,-34.4396245075251 -59.4272465387238,-34.4396260368293 -59.427244693373,-34.4398964632434 -59.4275710980743,-34.4398979916918 -59.4275692537504,-34.4401684181092 -59.4278956595277,-34.4401699457018 -59.4278938162308,-34.4404403721225 -59.4282202230843,-34.4404418988592 -59.4282183808143,-34.4407123252832 -59.428871196698,-34.4407153761737 -59.4288693565066,-34.4409858026163 -59.4301749927742,-34.4409918940039 -59.4301731567646,-34.4412623204957 -59.4304995669443,-34.4412638411798 -59.4304977319618,-34.4415342676748 -59.4301713207305,-34.4415327469754 -59.4301694846719,-34.4418031734431 -59.4298430724135,-34.4418016518571 -59.4298393981197,-34.4423425047257 -59.4301658124814,-34.4423440263423 -59.430160304012,-34.4431553056005 -59.4304867215531,-34.4431568263917 -59.4304830512213,-34.4436976792007 -59.4308094708902,-34.4436991991512 -59.4308076367393,-34.4439696255529 -59.4311340574843,-34.4439711446473 -59.4311322243607,-34.4442415710523 -59.4317850680276,-34.4442446066577 -59.431783236983,-34.4445150330811 -59.4327625058215,-34.4445195799998 -59.4327661615758,-34.4439787270494 -59.4330925824673,-34.4439802409158 -59.4330944092562,-34.4437098144073 -59.4334208291203,-34.4437113273871 -59.4334153518357,-34.4445226069222 -59.4337417748792,-34.4445241190763 -59.4337399501208,-34.4447945455791 -59.4340663742404,-34.4447960568771 -59.4340645505095,-34.4450664833829 -59.4343909757052,-34.4450679938248 -59.4343891530017,-34.4453384203338 -59.4340627267542,-34.4453369098768 -59.4340554314899,-34.4464186157313 -59.4337290010595,-34.4464171043421 -59.4337308259638,-34.4461466779117 -59.4330779672795,-34.4461436525495 -59.4330706591013,-34.4472253580767 -59.4333970926387,-34.4472268712544 -59.4333989186679,-34.4469564448755 -59.4337253511778,-34.4469579571666 -59.433716226048,-34.4483100890166 -59.4320840374443,-34.4483025184661 -59.4320876980885,-34.4477616659146 -59.4324141336566,-34.4477631817372 -59.4324177920995,-34.4472223291069 -59.4327442255882,-34.4472238440275 -59.4327570220073,-34.4453308593348 -59.4324305958814,-34.4453293445209 -59.4324324248957,-34.4450589181032 -59.432105999846,-34.4450574024331 -59.4321078298876,-34.4447869760186 -59.430475710264,-34.4447793846741 -59.43047754554,-34.4445089583238 -59.4301511227404,-34.4445074374561 -59.4301529590437,-34.4442370111092 -59.4298265373202,-34.4442354893854 -59.4298283746508,-34.4439650630417 -59.4295019540035,-34.4439635404619 -59.4295056306945,-34.4434226877688 -59.4298320492383,-34.4434242103179 -59.4298338864954,-34.443153783938 -59.4295074690033,-34.4431522614042 -59.4295111455473,-34.4426114086387 -59.429184730183,-34.4426098852642 -59.4291884087323,-34.4420690324811 -59.4288619954958,-34.442067508266 -59.4288638357852,-34.4417970818717 -59.4265789511783,-34.4417863880781 -59.4265807988044,-34.4415159617793 -59.4262543878677,-34.4415144306249 -59.4262562365208,-34.4412440043294 -59.4259298266603,-34.4412424723191 -59.4259353756264,-34.4404311934065 -59.4246297490496,-34.4404250568381 -59.4246278952127,-34.4406954830927 -59.4239750799694,-34.4406924095503 -59.4239769359093,-34.4404219833267 -59.4236505293763,-34.4404204452641 -59.423652386343,-34.4401500190439 -59.4233259808863,-34.4401484801256 -59.4233315547925,-34.439337201439 -59.423005152515,-34.439335661696 -59.4230070114857,-34.4390652354585 -59.4226806102844,-34.4390636948598 -59.4226824702818,-34.4387932686257 -59.4223560701567,-34.4387917271713 -59.4223579311808,-34.4385213009406 -59.422031532132,-34.4385197586306 -59.4220389801857,-34.4374380536494 -59.4223653750289,-34.4374395958973 -59.4223672359289,-34.4371691696063 -59.4226936297455,-34.4371707109676 -59.4226973493685,-34.4366298583184 -59.4230237411072,-34.4366313987776 -59.4230274585284,-34.4360905460491 -59.4227010688923,-34.4360890056209 -59.4227066479921,-34.4352777264842 -59.4223802615347,-34.4352761852314 -59.4223821222363,-34.4350057588438 -59.4220557368549,-34.4350042167355 -59.422057598583,-34.4347337903514 -59.4214048299971,-34.4347307035527 -59.421412285071,-34.4336489980198 -59.4210859050201,-34.4336474533761 -59.4210933639012,-34.4325657477123 -59.4207669880798,-34.4325642022597 -59.4207744507676,-34.431482496465 -59.4204480791754,-34.4314809502037 -59.4204536790834,-34.4306696707776 -59.4198009422799,-34.4306665757358 -59.4197990735667,-34.4309370021921 -59.4194727041513,-34.4309354533492 -59.4194708343622,-34.4312058797779 -59.4191444639206,-34.4312043300485 -59.4191425930555,-34.4314747564495 -59.4188162215879,-34.4314732058337 -59.4188124776808,-34.4320140585682 -59.4184861041359,-34.4320125070502 -59.4184842310938,-34.4322829333838 -59.4181578565228,-34.4322813809792 -59.4181503599003,-34.4333630861303 -59.4178239811498,-34.4333615327923 -59.4178277316132,-34.4328206802721 -59.41750135499,-34.4328191260944 -59.4175088598214,-34.4317374209718 -59.4171824874276,-34.4317358659857 -59.417184364624,-34.4314654396905 -59.4168579933062,-34.4314638838491 -59.4168598715287,-34.4311934575575 -59.416533501287,-34.4311919008609 -59.4165353805354,-34.4309214745729 -59.4168617497261,-34.4309230312539 -59.4168636278985,-34.4306526049382 -59.4175163642529,-34.4306557156561 -59.4175182402982,-34.430385289297 -59.4178446074619,-34.430386843334 -59.4178464824312,-34.4301164169472 -59.4184992147315,-34.4301195223773 -59.4185010875739,-34.4298490959472 -59.4191538178721,-34.4298521978626 -59.4191575592782,-34.4293113449037 -59.4198102854722,-34.4293144432733 -59.4198121540359,-34.4290440167446 -59.4201385161193,-34.4290455646075 -59.4201441185084,-34.4282342849022 -59.420470477464,-34.4282358318476 -59.4204891399685,-34.4255315652232 -59.4208154884407,-34.4255331111422 -59.4208565140838,-34.4195837199785 -59.4211828394675,-34.4195852646848 -59.4211884297902,-34.4187739835724 -59.4215147520476,-34.4187755273615 -59.4215203389957,-34.4179642460939 -59.4218466581266,-34.417965788966 -59.4218522417003,-34.4171545075432 -59.4221785577051,-34.4171560494982 -59.4221822778629,-34.416615195125 -59.4225085917918,-34.4166167361785 -59.4225123097499,-34.416075881726 -59.4228386216031,-34.4160774218781 -59.4228441952036,-34.4152661400623 -59.4231705039308,-34.4152676792975 -59.423176074158,-34.4144563973267 -59.4235023797593,-34.414457935645 -59.4235116577255,-34.4131057987083 -59.4238379581008,-34.4131073360789 -59.4238527931605,-34.410943916229 -59.42417908516,-34.4109454526055 -59.4241864978969,-34.4098637423292 -59.4245127857212,-34.4098652777737 -59.4245183418647,-34.4090539948934 -59.424844626564,-34.4090555294213 -59.4248538810602,-34.4077033909689 -59.4245276016103,-34.4077018565183 -59.4245313053358,-34.4071610010838 -59.4238787507094,-34.4071579296337 -59.4238768967594,-34.4074283573261 -59.4235506184335,-34.4074268202804 -59.4235487634089,-34.4076972479453 -59.4232224840578,-34.4076957100139 -59.4232206279587,-34.4079661376512 -59.4228943475825,-34.4079645988343 -59.4228924904088,-34.408235026444 -59.4225662090076,-34.4082334867414 -59.4225643507592,-34.4085039143236 -59.4222380683328,-34.4085023737353 -59.4222362090098,-34.4087728012899 -59.4215836421317,-34.4087697174717 -59.4215817806841,-34.4090401449832 -59.4212554962323,-34.4090386017533 -59.4212536337101,-34.4093090292372 -59.4209273482332,-34.4093074851216 -59.4209236210143,-34.4098483400221 -59.4205973334625,-34.4098467950052 -59.4205954687658,-34.4101172224218 -59.4199428916367,-34.4101141297461 -59.4199410248153,-34.4103845571195 -59.4196147352381,-34.4103830094608 -59.4196109994206,-34.4109238641403 -59.4192847077683,-34.4109223155801 -59.4192828387722,-34.4111927428862 -59.4189565460949,-34.4111911934401 -59.4189546760239,-34.4114616207185 -59.4186283823214,-34.4114600703866 -59.4186246400045,-34.412000924876 -59.4179720484743,-34.411997821539 -59.4179701751783,-34.4122682487343 -59.4176438784005,-34.4122666957448 -59.4176420040295,-34.4125371229124 -59.4173157062267,-34.4125355690368 -59.4173119553096,-34.4130764233047 -59.4169856554315,-34.4130748685276 -59.4169819023142,-34.4136157227159 -59.4173082042925,-34.4136172775243 -59.4173025775794,-34.4144285587632 -59.4176288827331,-34.4144301127483 -59.4176270081623,-34.4147005398194 -59.4179533143912,-34.4147020929497 -59.417949567275,-34.415242947087 -59.4176232589457,-34.4152413939255 -59.4176213842999,-34.4155118209604 -59.4172950749453,-34.4155102669128 -59.4172969506413,-34.4152398398935 -59.4169706423619,-34.4152382849912 -59.4169725190832,-34.4149678579755 -59.416646211879,-34.4149663022184 -59.4166480896255,-34.4146958752063 -59.4163217834965,-34.4146943185945 -59.4163236622681,-34.414423891586 -59.4159973572144,-34.4144223341195 -59.4159992370111,-34.4141519071146 -59.4156729330327,-34.4141503487934 -59.4156710521858,-34.4144207757826 -59.4153447471822,-34.4144192165754 -59.4153466290793,-34.4141487896018 -59.4150203251509,-34.4141472295399 -59.415022208073,-34.41387680257 -59.41469590522,-34.4138752416535 -59.4146996730892,-34.4133343877089 -59.4140470716589,-34.4133312633276 -59.4140546154969,-34.4122495554193 -59.4147072085264,-34.4122526796748 -59.414709092323,-34.4119822526361 -59.4153616833528,-34.411985373379 -59.4153635650242,-34.4117149462969 -59.4156898595267,-34.4117165053472 -59.4156936206941,-34.4111756511153 -59.4160199131216,-34.411177209264 -59.4160217926178,-34.4109067821142 -59.4163480840203,-34.410908339377 -59.4163499624414,-34.4106379121995 -59.416676252819,-34.4106394685763 -59.4166781301651,-34.4103690413711 -59.4170044195178,-34.410370596862 -59.4170062957889,-34.4101001696291 -59.4173325841166,-34.4101017242341 -59.4173344593127,-34.4098312969735 -59.4179870339432,-34.4098344035416 -59.4179889070145,-34.4095639762376 -59.4183151933172,-34.4095655282007 -59.4183170653136,-34.4092951008691 -59.4186433505914,-34.4092966519464 -59.4186470924095,-34.4087557972156 -59.4189733756124,-34.4087573473915 -59.4189752454342,-34.4084869199924 -59.4193015276122,-34.4084884692825 -59.4193033963592,-34.4082180418558 -59.4196296775122,-34.4082195902601 -59.4196315451845,-34.4079491628058 -59.4199578253125,-34.4079507103243 -59.4199615584827,-34.4074098553483 -59.4202878365359,-34.4074114019655 -59.420291567507,-34.40687054691 -59.4206178434855,-34.4068720926261 -59.420619707884,-34.4066016650647 -59.4209459828375,-34.406603209895 -59.4209497094604,-34.4060623547049 -59.4212759823392,-34.4060638986341 -59.4212778445637,-34.4057934710054 -59.4216041164176,-34.4057950140489 -59.4216115608684,-34.4047133033514 -59.4212852932132,-34.40471176037 -59.4212871553136,-34.404441332681 -59.420960888733,-34.4044397888451 -59.4209627518582,-34.4041693611596 -59.420636486352,-34.4041678164692 -59.420638350502,-34.4038973887871 -59.4203120860704,-34.4038958432422 -59.4203139512451,-34.4036254155637 -59.4196614245557,-34.4036223218949 -59.4196632918048,-34.4033518942354 -59.419337029547,-34.4033503461116 -59.4193388978209,-34.4030799184556 -59.4190126366376,-34.4030783694774 -59.4190145059362,-34.402807941825 -59.4183619857435,-34.4028048412897 -59.4183638571163,-34.4025344136564 -59.4180375981069,-34.4025328620994 -59.4180394705043,-34.4022624344696 -59.4177132125695,-34.4022608820582 -59.4177150859915,-34.4019904544321 -59.4173888291311,-34.4019889011663 -59.4173907035777,-34.4017184735437 -59.4170644477919,-34.4017169194237 -59.417066323263,-34.4014464918047 -59.4164138138653,-34.401443380986 -59.4164156914104,-34.4011729533862 -59.4160894377986,-34.4011713966877 -59.4160913163682,-34.4009009690915 -59.4157650638309,-34.4008994115386 -59.4157669434249,-34.4006289839461 -59.4151144405244,-34.400625866262 -59.4151163221923,-34.4003554386887 -59.4147900718291,-34.4003538785575 -59.4147919545213,-34.4000834509879 -59.4131607083294,-34.4000756373617 -59.4131588203899,-34.4003460648527 -59.4128325701775,-34.400344499502 -59.4128287921243,-34.4008853544162 -59.4125025398381,-34.400883788164 -59.4125006497242,-34.4011542155873 -59.4121743964138,-34.4011526484494 -59.4121706140115,-34.4016935032282 -59.4118443586272,-34.4016919351888 -59.4118424663387,-34.4019623625443 -59.4115162099302,-34.4019607936192 -59.4115124231785,-34.4025016482624 -59.411186164696,-34.4025000784357 -59.4111842702328,-34.4027705057234 -59.4108580107261,-34.402768935011 -59.4108542196246,-34.4033097895185 -59.410527958044,-34.4033082179045 -59.4105260614057,-34.4035786451243 -59.4101997988008,-34.4035770726244 -59.4101979010876,-34.4038474998164 -59.4098716374584,-34.4038459264306 -59.409867839857,-34.4043867807466 -59.4095415741537,-34.4043852064592 -59.4095377743517,-34.4049260606953 -59.4092115065745,-34.404924485506 -59.4092096055858,-34.4051949125901 -59.4088833367842,-34.405193336515 -59.4088814347205,-34.4054637635711 -59.4085551648946,-34.40546218661 -59.4085513585917,-34.4060030406544 -59.4082250866916,-34.4060014627915 -59.4082231824524,-34.4062718897797 -59.407896909528,-34.4062703110308 -59.4078930988739,-34.4068111649392 -59.4069142739544,-34.4068064233764 -59.40691236544,-34.4070768502648 -59.4065860894679,-34.4070752679877 -59.4065841798782,-34.4073456948481 -59.4062579028818,-34.4073441116849 -59.4062540815263,-34.4078849653376 -59.4059278024557,-34.4078833812724 -59.4059144195604,-34.409776368565 -59.4065669924254,-34.4097795360484 -59.4065650825812,-34.4100499627881 -59.4072176576478,-34.4100531268224 -59.4072062106478,-34.4116756871981 -59.4068799168018,-34.4116741055205 -59.4068722807597,-34.4127558121326 -59.4071985788058,-34.4127573938738 -59.4071871302801,-34.4143799535254 -59.4068608259332,-34.4143783716886 -59.4068550981765,-34.4151896513037 -59.407181405674,-34.4151912331882 -59.4071775891427,-34.4157320862364 -59.4075038987661,-34.4157336672823 -59.4075000842337,-34.416274520314 -59.407826395983,-34.4162761005214 -59.4078244897289,-34.416546527035 -59.4081508025539,-34.4165481063878 -59.4081488973247,-34.4168185329053 -59.4088015251514,-34.4168216890314 -59.4087996219974,-34.4170921155686 -59.4091259369991,-34.4170936923418 -59.4091240348701,-34.4173641188828 -59.4094503509475,-34.4173656948014 -59.409446548714,-34.4179065478789 -59.4097728669174,-34.4179081229587 -59.4097690666834,-34.4184489760196 -59.4100953870128,-34.4184505502607 -59.410089689623,-34.419261829809 -59.410416013129,-34.4192634032271 -59.4104141149989,-34.4195338297349 -59.4107404395806,-34.4195354022983 -59.4107385424756,-34.4198058288099 -59.411064868133,-34.4198074005185 -59.4110629720532,-34.4200778270338 -59.4113892987864,-34.4200793978878 -59.4113817184165,-34.4211611038915 -59.4117080493769,-34.4211626739381 -59.4117042611414,-34.4217035268991 -59.4120305942281,-34.4217050961067 -59.4120287011231,-34.4219755225849 -59.4130077036862,-34.4219802250314 -59.4129963634373,-34.4236027839311 -59.413322703979,-34.4236043497666 -59.4133208149,-34.4238747762233 -59.4136471565176,-34.4238763412039 -59.4136433803854,-34.4244171941128 -59.4139697241295,-34.4244187582541 -59.4139678370764,-34.4246891847062 -59.4146205267414,-34.4246923104083 -59.4146186417646,-34.4249627368797 -59.4152713336315,-34.4249658591304 -59.4152675678054,-34.4255067120999 -59.415593915878,-34.4255082719506 -59.4155901520531,-34.4260491249033 -59.4152638018789,-34.4260475650212 -59.415258152801,-34.4268588443125 -59.4149317994996,-34.4268572835126 -59.4149299153726,-34.4271277099032 -59.4146035610455,-34.4271261482168 -59.4146016758425,-34.4273965745797 -59.4142753204897,-34.4273950120068 -59.4142734342107,-34.4276654383418 -59.4136207214787,-34.4276623105521 -59.413618833073,-34.4279327368436 -59.4132924756938,-34.4279311716268 -59.413290586212,-34.4282015978905 -59.4126378694275,-34.428198464813 -59.4126340861847,-34.4287393172411 -59.4123077257285,-34.4287377493646 -59.4123039402829,-34.4292786017128 -59.4119775777501,-34.4292770329339 -59.4119756839385,-34.4295474590741 -59.4113229568466,-34.4295443188721 -59.4113305403489,-34.4284626143652 -59.4116568996784,-34.4284641848384 -59.41165879444,-34.4281937586657 -59.4113324361613,-34.4281921882083 -59.4113362277102,-34.4276513358582 -59.4116625838872,-34.427652906284 -59.4116682678687,-34.426841627621 -59.4119946209184,-34.4268431971286 -59.4119965144776,-34.4265727708677 -59.4123228665017,-34.4265743394888 -59.4123323286653,-34.4252222079241 -59.412005981895,-34.4252206393819 -59.4120078753028,-34.4249502130486 -59.4116815296084,-34.4249486436515 -59.4116834240417,-34.4246782173219 -59.4107043902624,-34.4246735039538 -59.4107138778101,-34.4233213723616 -59.4103875385209,-34.4233197995767 -59.4103894370052,-34.4230493732379 -59.4100630987919,-34.4230477995981 -59.4100668977858,-34.422506946916 -59.4087615535908,-34.4225006437773 -59.4087596499042,-34.422771070061 -59.4084333128682,-34.4227694920838 -59.4084295033175,-34.4233103445832 -59.4087558424547,-34.4233119225921 -59.4087539386919,-34.4235823488396 -59.4090802789051,-34.4235839259937 -59.4090726678029,-34.4246656309264 -59.4100517012026,-34.4246703573549 -59.4100479018037,-34.4252112098439 -59.4097215552103,-34.4252096352068 -59.4097196544221,-34.4254800614173 -59.4093933068034,-34.4254784858936 -59.4093914049391,-34.4257489120762 -59.4090650562949,-34.4257473356659 -59.4090631533545,-34.4260177618206 -59.4084104540407,-34.426014606356 -59.4084123590827,-34.4257441802331 -59.4080860105146,-34.4257426012106 -59.4080879165819,-34.4254721750914 -59.40776156909,-34.4254705952141 -59.4077653832498,-34.4249297429714 -59.4074390378848,-34.4249281622551 -59.4074466701022,-34.4238464576885 -59.4071203289653,-34.4238448761651 -59.4071241470227,-34.4233040238412 -59.4067978080126,-34.4233024414791 -59.4068073579639,-34.4219503105377 -59.4071336917211,-34.4219518928202 -59.4071356005844,-34.4216814665797 -59.4074619333165,-34.4216830479757 -59.4074638411038,-34.4214126217073 -59.4077901728108,-34.4214142022168 -59.4078035192571,-34.4195212178886 -59.4074771949036,-34.4195196374905 -59.4074810100461,-34.4189787847484 -59.4071546878189,-34.4189772035116 -59.4071565964024,-34.4187067771383 -59.406830275251,-34.4187051950469 -59.4068321848595,-34.4184347686775 -59.4061795447337,-34.4184316019149 -59.4061814564175,-34.4181611755654 -59.4058551374432,-34.4181595908943 -59.4058570501519,-34.4178891645486 -59.4055307322534,-34.417887579023 -59.405532645987,-34.4176171526812 -59.4052063291644,-34.4176155663011 -59.4052101586555,-34.4170747136132 -59.4048838439591,-34.4170731263946 -59.4048876754488,-34.4165322736903 -59.4045613628784,-34.4165306856332 -59.4045671130723,-34.4157194065343 -59.4042408036782,-34.4157178176547 -59.4042446391135,-34.4151769648937 -59.4039183318455,-34.4151753751757 -59.4039260066101,-34.4140936695728 -59.4035997035684,-34.4140920790484 -59.4036016232457,-34.4138216526336 -59.4039279252373,-34.4138232431419 -59.4039336809655,-34.4130119637768 -59.4042599798323,-34.4130135533668 -59.4042657321802,-34.4122022738451 -59.4045920279224,-34.4122038625168 -59.4045958605931,-34.41166300941 -59.4049221542607,-34.4116645971794 -59.4049259847293,-34.4111237439924 -59.4045996931617,-34.4111221562548 -59.4046016094077,-34.4108517296592 -59.4042753189157,-34.4108501410674 -59.4042810706503,-34.410038861256 -59.4039547833337,-34.4100372718419 -59.4039662924126,-34.4084147119891 -59.4042925734298,-34.4084163013072 -59.4042983244746,-34.4076050211698 -59.4046246023678,-34.4076066095698 -59.4046284341704,-34.4070657560525 -59.4043021583767,-34.4070641676846 -59.4043059921767,-34.4065233141511 -59.4046322658708,-34.406524902487 -59.404636097469,-34.4059840488733 -59.4049623690892,-34.4059856363072 -59.404968113146,-34.4051743557481 -59.4052943816425,-34.405175942264 -59.4052962952274,-34.4049055153708 -59.4056225626997,-34.4049071010008 -59.4056206501645,-34.4051775279099 -59.405946918712,-34.4051791126857 -59.4059488301975,-34.4049086857606 -59.4062750977208,-34.4049102696504 -59.4062712768237,-34.4054511235203 -59.4069238161454,-34.4054542887535 -59.4069276328438,-34.4049134348198 -59.4072539004434,-34.4049150160995 -59.4072558077047,-34.4046445890986 -59.4075820742801,-34.4046461694923 -59.4075839804664,-34.4043757424635 -59.4079102460175,-34.4043773219712 -59.4079140562146,-34.4038364678455 -59.4085665831945,-34.4038396241873 -59.4085703890915,-34.4032987699499 -59.4088966505203,-34.403300346784 -59.4089004542167,-34.4027594924665 -59.4092267135717,-34.4027610683989 -59.4092286143323,-34.4024906412062 -59.4095548726631,-34.4024922162527 -59.4095567723488,-34.4022217890321 -59.4098830296553,-34.4022233631928 -59.4098868268518,-34.4016825086837 -59.4102130820846,-34.4016840819428 -59.4102149795954,-34.4014136546543 -59.4105412338039,-34.4014152270276 -59.4105450266507,-34.4008743723827 -59.4108712787855,-34.4008759438544 -59.4108731741215,-34.4006055164981 -59.4111994252321,-34.400607087084 -59.4112051079403,-34.3997958048951 -59.4115313559278,-34.3997973745638 -59.4115427143663,-34.3981748097655 -59.4112164726751,-34.3981732401916 -59.4112221547017,-34.3973619576769 -59.4108959161836,-34.3973603872807 -59.4108997061737,-34.3968195322422 -59.4105734697794,-34.3968179610077 -59.4105772617669,-34.3962771059526 -59.4102510274964,-34.39627553388 -59.4102567184359,-34.3954642512543 -59.4099304873383,-34.3954626783594 -59.4099342832699,-34.3949218232469 -59.4092818253473,-34.3949186749113 -59.4092799252958,-34.3951891024419 -59.4089536953233,-34.3951875269536 -59.4089517941973,-34.3954579544562 -59.4086255632009,-34.3954563780824 -59.4086236610004,-34.3957268055571 -59.4082974289802,-34.3957252282976 -59.4082955257051,-34.3959956557444 -59.4079692926611,-34.3959940775992 -59.4079673883114,-34.396264505018 -59.4076411542435,-34.3962629259872 -59.4076392488192,-34.3965333533781 -59.4073130137275,-34.3965317734616 -59.4073092007041,-34.3970726281753 -59.4069829635393,-34.3970710473571 -59.4069772406659,-34.3978823292895 -59.4066510003786,-34.3978807475538 -59.4066433653274,-34.3989624565642 -59.4063171208681,-34.398960873895 -59.4063133010911,-34.399501728296 -59.4059870545586,-34.399500144725 -59.405983232581,-34.4000409990458 -59.4053307353946,-34.4000378292304 -59.4053249959405,-34.4008491105253 -59.4049987442372,-34.4008475242649 -59.404994915708,-34.4013883783693 -59.4046686619313,-34.4013867912069 -59.4046705772581,-34.4011163641768 -59.4040180718803,-34.4011131872743 -59.4040199892806,-34.400842760264 -59.4036937376794,-34.4008411705239 -59.4036918192297,-34.4011115975181 -59.4033655666047,-34.401110006892 -59.4033636470799,-34.4013804338582 -59.4030373934309,-34.4013788423462 -59.4030354728311,-34.4016492692843 -59.4027092181582,-34.4016476768863 -59.4027072964832,-34.4019181037963 -59.4023810407865,-34.4019165105123 -59.4023791180364,-34.4021869373942 -59.4027053747826,-34.4021885306942 -59.4027015313046,-34.4027293844539 -59.4030277901756,-34.402730976916 -59.4030239486942,-34.4032718306594 -59.40335020969,-34.4032734222835 -59.4033482899605,-34.4035438491532 -59.4026957658954,-34.4035406650028 -59.4026976877241,-34.4032702381652 -59.4023714267796,-34.4032686448011 -59.4023695039013,-34.4035390716226 -59.4020432419329,-34.4035374773724 -59.4020451658607,-34.4032670505669 -59.4013926440999,-34.4032638594885 -59.4014061255705,-34.401370871737 -59.4017323790913,-34.4013724675987 -59.4017400780263,-34.4002907599823 -59.4020663273749,-34.4002923549099 -59.4020740217019,-34.3992106470361 -59.4024002668785,-34.3992122410296 -59.4024021893468,-34.398941814015 -59.4027284334996,-34.3989434071225 -59.4027303548929,-34.3986729800798 -59.403056598022,-34.3986745723015 -59.4030585183404,-34.3984041452306 -59.4037110025767,-34.3984073270324 -59.4037186751997,-34.3973256185002 -59.4043711511437,-34.3973287966946 -59.404376899047,-34.3965175150728 -59.4047031339095,-34.3965191028173 -59.4047069636189,-34.3959782483104 -59.4050331964085,-34.3959798351533 -59.4050351101757,-34.3957094078657 -59.4053613419416,-34.3957109938228 -59.4053651673011,-34.3951701391797 -59.4056913969941,-34.3951717242351 -59.4056952201534,-34.3946308695118 -59.4060214477735,-34.3946324536656 -59.4060233582658,-34.3943620262698 -59.4063495848623,-34.3943636095379 -59.406355313039,-34.3935523272306 -59.4066815365136,-34.3935539095812 -59.4066834448059,-34.3932834821053 -59.4070096672568,-34.3932850635703 -59.4070115744746,-34.3930146360665 -59.4076640173546,-34.3930177963557 -59.4076659224488,-34.3927473688079 -59.4079921428779,-34.3927489476322 -59.4079959508921,-34.3922080924687 -59.4076697325611,-34.3922065136763 -59.4076735425718,-34.3916656584964 -59.4073473263642,-34.3916640788661 -59.4073492323805,-34.391393651274 -59.4070230172473,-34.39139207079 -59.4070249242871,-34.3911216432017 -59.4066987102283,-34.391120061864 -59.4066968021395,-34.3913904894364 -59.4063705870572,-34.3913889072132 -59.4063667687053,-34.39192976229 -59.4044094661582,-34.3919202504973 -59.40440755065,-34.3921906779218 -59.404081332599,-34.3921890895633 -59.4040794160163,-34.3924595169598 -59.403426977893,-34.3924563376019 -59.4034250591867,-34.3927267649542 -59.4030988391144,-34.3927251739548 -59.4030969193334,-34.3929956012791 -59.4027706982376,-34.392994009394 -59.402768777382,-34.3932644366901 -59.402116333169,-34.3932612502788 -59.4021124871846,-34.3938021047708 -59.4017862630184,-34.3938005102286 -59.4017843389387,-34.3940709374404 -59.4014581137491,-34.3940693420124 -59.4014561885945,-34.3943397691961 -59.400803736194,-34.3943365756988 -59.4008018089155,-34.3946070028383 -59.4001493545194,-34.3946038058299 -59.400147425117,-34.3948742329252 -59.3998211969084,-34.3948726331003 -59.3998192664311,-34.3951430601674 -59.399493037199,-34.3951414594567 -59.3994814474997,-34.3967640215091 -59.3991552119981,-34.3967624198319 -59.3991494136531,-34.3975737006468 -59.3994756523025,-34.3975753023724 -59.3994737205186,-34.3978457293026 -59.3991474808199,-34.397844127561 -59.399145547961,-34.3981145544631 -59.3981668258716,-34.3981097439707 -59.3981706978596,-34.3975688902513 -59.3984969364316,-34.3975704945863 -59.3984988713376,-34.3973000676923 -59.3988251088862,-34.3973016711413 -59.3988405788121,-34.395138255426 -59.3985143496574,-34.3951366521061 -59.3985240227692,-34.3937845169725 -59.3988502466783,-34.3937861202117 -59.3988560470888,-34.3929748389383 -59.3995084886899,-34.3929780427109 -59.3995104200105,-34.3927076155634 -59.4001628596164,-34.3927108158251 -59.4001647888132,-34.3924403886333 -59.4004910076057,-34.3924419874435 -59.4004929357277,-34.3921715602236 -59.4011453712917,-34.392174755203 -59.40114729729,-34.3919043279388 -59.4014735140616,-34.391905924108 -59.4014754389852,-34.3916354968156 -59.4021278705072,-34.391638686513 -59.4021297933072,-34.3913682591765 -59.4024560080577,-34.3913698527047 -59.4024579297831,-34.3910994253401 -59.4027841435102,-34.3911010179826 -59.4027879847863,-34.3905601631851 -59.4031141964411,-34.390561754926 -59.403123793939,-34.3892096176408 -59.4027975875286,-34.38920802598 -59.4027995080003,-34.3889375985028 -59.4024733026644,-34.3889360059885 -59.4024752241593,-34.3886655785152 -59.4021490198979,-34.3886639851474 -59.402150942416,-34.3883935576781 -59.401824739229,-34.3883919634569 -59.4018285862861,-34.3878511085142 -59.4015023852223,-34.3878495134555 -59.4015043097612,-34.3875790859822 -59.4011781097718,-34.38757749007 -59.4011819608701,-34.3870366351192 -59.400855763004,-34.3870350383698 -59.4008576895634,-34.3867646108923 -59.4005314927717,-34.3867630132895 -59.4005334203541,-34.3864925858161 -59.4002072246369,-34.3864909873598 -59.4002091532423,-34.3862205598904 -59.3998829585994,-34.3862189605809 -59.3998848882279,-34.3859485331155 -59.3995586946595,-34.3859469329526 -59.3995567639823,-34.3862173604019 -59.3989043748252,-34.3862141574355 -59.3989024420249,-34.3864845848404 -59.3982500508734,-34.386481378364 -59.3982481159499,-34.3867518057246 -59.3979219193641,-34.386750201166 -59.3979199833661,-34.3870206284984 -59.3972675881744,-34.3870174167405 -59.3972656500531,-34.3872878440285 -59.3969394514472,-34.3872862368292 -59.3969375122513,-34.3875566640889 -59.3966113126225,-34.3875550560039 -59.3966093723519,-34.3878254832353 -59.3962831717003,-34.3878238742647 -59.396281230355,-34.3880943014679 -59.3959550286805,-34.3880926916115 -59.3959530862605,-34.3883631187864 -59.3953006808914,-34.3883598964327 -59.395298736348,-34.3886303235631 -59.3946463289849,-34.3886270976988 -59.3946346485935,-34.3902496600329 -59.3949608585553,-34.3902512734972 -59.3949589127816,-34.3905217005269 -59.3946327017708,-34.3905200870463 -59.3946288080476,-34.391060941037 -59.3943025949649,-34.3910593266543 -59.39429869904,-34.3916001805641 -59.3939724838854,-34.3915985652794 -59.3939666366562,-34.3924098460048 -59.3936404183806,-34.3924082298016 -59.3936384682032,-34.3926786566697 -59.3933122489045,-34.3926770395806 -59.3933102976521,-34.3929474664203 -59.3929840773304,-34.3929458484452 -59.3929801726495,-34.3934867020559 -59.3926539502557,-34.3934850831785 -59.3926480898918,-34.3942963634551 -59.3923218643767,-34.3942947436592 -59.3923257734102,-34.3937538901861 -59.3919995500194,-34.3937522695531 -59.3919975944666,-34.3940226962794 -59.3916713700527,-34.3940210747604 -59.3916694134247,-34.3942915014582 -59.3913431879878,-34.3942898790531 -59.3913451456649,-34.3940194523716 -59.3910189213032,-34.3940178291132 -59.3910208800033,-34.393747402436 -59.3906946567168,-34.3937457783242 -59.3906926969676,-34.3940162049851 -59.3903664726581,-34.3940145799873 -59.3903645118337,-34.3942850066198 -59.3897120611949,-34.3942817539823 -59.3897100982462,-34.39455218057 -59.3890576456138,-34.394548924421 -59.3890556805406,-34.3948193509638 -59.3884032259147,-34.3948160913031 -59.388401258717,-34.395086517801 -59.3874225738274,-34.3950816217378 -59.3874245441725,-34.3948111952892 -59.3870983169776,-34.3948095615451 -59.3871002883457,-34.3945391351009 -59.3867740622262,-34.3945375005035 -59.386776034617,-34.3942670740637 -59.386449809573,-34.3942654386131 -59.3864517829867,-34.3939950121776 -59.386125559018,-34.3939933758738 -59.3861275334545,-34.3937229494427 -59.3854750876943,-34.393719674259 -59.3854770642026,-34.3934492478488 -59.3851508424111,-34.3934476089689 -59.3851528199422,-34.3931771825631 -59.3854790406846,-34.3931788214265 -59.3854810171403,-34.3929083949922 -59.38580723686,-34.3929100329694 -59.3858052614534,-34.3931804594203 -59.38645770307,-34.3931837327987 -59.3864557297352,-34.3934541592704 -59.386781951632,-34.3934557946716 -59.38677997932,-34.3937262211477 -59.3890635406763,-34.3937376447202 -59.3890655056448,-34.3934672181291 -59.3893917277515,-34.3934688465728 -59.3893936916447,-34.3931984199533 -59.3900461338385,-34.3932016741991 -59.3900480956074,-34.3929312475347 -59.3903743156945,-34.3929328733367 -59.3903762763882,-34.3926624466439 -59.3907024954524,-34.3926640715599 -59.390704455071,-34.3923936448387 -59.3910306731122,-34.3923952688687 -59.3910326316557,-34.392124842119 -59.391358848674,-34.392126465263 -59.3913627635847,-34.3915856116948 -59.3920151935036,-34.3915888553086 -59.3920191041141,-34.3910480016268 -59.3923453170147,-34.3910496220967 -59.3923472712319,-34.3907791952213 -59.3926734831096,-34.3907808148053 -59.3926773893681,-34.3902399609858 -59.393003599174,-34.3902415796676 -59.3930094552197,-34.3894302987989 -59.393335661905,-34.3894319165623 -59.3933395637077,-34.3888910625569 -59.3936657683213,-34.3888926794181 -59.3936716176839,-34.3880813982707 -59.393997819177,-34.3880830142136 -59.3939997678638,-34.3878125871241 -59.3943259683341,-34.3878142021812 -59.3943298635321,-34.3872733479334 -59.3946560619308,-34.3872749620885 -59.3946580084422,-34.3870045349303 -59.3953104032199,-34.3870077605997 -59.3953123476079,-34.3867373333968 -59.3956385439868,-34.3867389449111 -59.3956404873002,-34.38646851768 -59.3959666826563,-34.3864701283086 -59.395968624895,-34.3861997010492 -59.3962948192284,-34.3862013107921 -59.3962967603925,-34.3859308835045 -59.396622953703,-34.3859324923617 -59.3966248937926,-34.3856620650458 -59.3969510860803,-34.3856636730174 -59.3969530250953,-34.3853932456733 -59.3972792163602,-34.3853948527593 -59.3972811543007,-34.3851244253869 -59.3976073445428,-34.3851260315873 -59.3976092814089,-34.3848556041866 -59.3979354706281,-34.3848572095015 -59.3979374064197,-34.3845867820726 -59.3985897828382,-34.3845899900619 -59.3985994509236,-34.3832378525748 -59.3982732679444,-34.3832362490956 -59.398279071632,-34.382424966507 -59.3979528918242,-34.3824233622069 -59.3979722462581,-34.3797190862886 -59.3976460769604,-34.3797174812808 -59.3976499496344,-34.3791766259846 -59.3973237824592,-34.3791750201399 -59.3973257198058,-34.3789045924899 -59.3969995537048,-34.3789029857921 -59.3969976153099,-34.379173413426 -59.396019114017,-34.3791685880688 -59.3960171724511,-34.379439015642 -59.3947125002295,-34.3794325695986 -59.3947105544443,-34.3797029970948 -59.3924273717169,-34.3796916829397 -59.3924254185672,-34.3799621103099 -59.3914469089291,-34.3799572482989 -59.3914371270641,-34.3813093847242 -59.3907847769516,-34.3813061388739 -59.3907867354736,-34.3810357116456 -59.3911129094684,-34.3810373349891 -59.391122696445,-34.3796851985851 -59.3898180215904,-34.3796787003228 -59.3898199831009,-34.3794082730713 -59.3888414803795,-34.3794033902968 -59.3888434450089,-34.3791329630823 -59.3852556152478,-34.3791149928269 -59.3852536390868,-34.3793854198605 -59.3849274718543,-34.3793837809691 -59.3849254946185,-34.3796542079741 -59.384599326364,-34.379652568197 -59.3846013046481,-34.3793821412086 -59.3816658009809,-34.3793673442487 -59.3816638132616,-34.3796377710882 -59.3810114773077,-34.3796344732803 -59.3810074975964,-34.3801753268566 -59.3806813275624,-34.3801736766156 -59.3806773456482,-34.3807145301104 -59.380351173544,-34.3807128789669 -59.3803471894268,-34.3812537323802 -59.3800210152524,-34.3812520803341 -59.3800190221055,-34.381522507006 -59.3803451973284,-34.3815241590687 -59.3803432052035,-34.3817945857451 -59.3800170289321,-34.3817929336658 -59.3800150357321,-34.3820633603135 -59.3793626811721,-34.3820600535138 -59.3793606858486,-34.3823304801161 -59.3774036165165,-34.3823205387536 -59.3774056181309,-34.3820501122513 -59.3770794410507,-34.3820484523317 -59.3770774383878,-34.3823188788172 -59.3760989041618,-34.3823138937923 -59.3760948924649,-34.3828547466268 -59.3757687123461,-34.3828530831798 -59.3757466345674,-34.385827772722 -59.3760728262207,-34.3858294363533 -59.3760668075927,-34.386640715116 -59.3763930024189,-34.3866423779281 -59.3763909972048,-34.3869128041749 -59.3767171931064,-34.3869144661343 -59.3767151889143,-34.3871848923858 -59.3770413858913,-34.3871865534925 -59.3770373795245,-34.3877274059927 -59.3780159769083,-34.3877323841961 -59.3780179769588,-34.3874619579019 -59.3783441750914,-34.3874636155474 -59.3783421760896,-34.3877340418583 -59.3786683752976,-34.3877356986509 -59.378666377318,-34.3880061249664 -59.3783401770613,-34.388004468157 -59.3783381780063,-34.3882748944438 -59.3786643793118,-34.3882765512698 -59.3786603832194,-34.3888174038404 -59.3789865866492,-34.3888190598302 -59.3789845896119,-34.3890894861141 -59.3793107941171,-34.3890911412511 -59.379308798102,-34.3893615675395 -59.3796350036826,-34.3893632218237 -59.3796330086899,-34.3896336481167 -59.3802854220286,-34.3896369541097 -59.3802834291069,-34.3899073804239 -59.380609636865,-34.3899090321327 -59.3806076449657,-34.3901794584515 -59.3815862715459,-34.3901844084103 -59.3815842827667,-34.3904548347668 -59.3825629127321,-34.3904597769494 -59.3825609270732,-34.3907302033436 -59.3832133492804,-34.3907334938172 -59.3832113656929,-34.3910039202324 -59.3838637901036,-34.3910072072608 -59.3838618085876,-34.3912776336971 -59.3845142352018,-34.3912809172801 -59.3845122557573,-34.3915513437374 -59.3838598270452,-34.3915480601213 -59.3838578454763,-34.3918184865334 -59.3825529841731,-34.3918119087997 -59.3825509983819,-34.3920823351335 -59.3822247820732,-34.3920806885094 -59.3822227952065,-34.3923511148146 -59.3818965778753,-34.3923494673043 -59.3818926019645,-34.3928903198453 -59.3815663825618,-34.3928886714322 -59.3815643935176,-34.393159097668 -59.3812381730923,-34.3931574483686 -59.3812361829725,-34.3934278745757 -59.3809099615247,-34.3934262243901 -59.3809000052826,-34.3947783551614 -59.3812262319759,-34.3947800054301 -59.3812282222282,-34.3945095792834 -59.3818806735962,-34.3945128771784 -59.3818826617238,-34.3942424509864 -59.3822088863984,-34.3942440986128 -59.3822108734504,-34.3939736723921 -59.3828633207809,-34.3939769650027 -59.382861335827,-34.3942473912565 -59.383187560581,-34.3942490362737 -59.3831835926923,-34.3947898887782 -59.383509819571,-34.3947915329589 -59.383507836636,-34.3950619592096 -59.3838340645903,-34.3950636025371 -59.3838281187745,-34.3958748812664 -59.3825231945261,-34.3958683025393 -59.3825251806878,-34.3955978763745 -59.382198950741,-34.395596229535 -59.3822009379255,-34.3953258033747 -59.3815484802097,-34.3953225071195 -59.3815504694659,-34.3950520809803 -59.381224241697,-34.3950504315648 -59.3812063279931,-34.3974842662332 -59.3808800908078,-34.3974826157984 -59.3808780992143,-34.3977530417957 -59.3795731465414,-34.3977464312918 -59.3795751423319,-34.3974760053611 -59.3792489052794,-34.3974743505773 -59.3792469084396,-34.3977447764914 -59.3789206703644,-34.3977431208211 -59.378924666116,-34.3972022690142 -59.3792509020927,-34.3972039246511 -59.3792528988793,-34.3969334987129 -59.3795791338333,-34.3969351534634 -59.3795871165168,-34.3958534495231 -59.3792608857597,-34.3958517948392 -59.3792668756406,-34.3950405168071 -59.3789406480576,-34.3950388613035 -59.3789586257052,-34.3926050267052 -59.3786324075906,-34.3926033704819 -59.3786344060229,-34.3923329443717 -59.3779819719715,-34.3923296293495 -59.3779839724752,-34.3920592032606 -59.3776577565385,-34.3920575444618 -59.3776597580645,-34.3917871183775 -59.3773335432035,-34.3917854587258 -59.3773355457518,-34.3915150326462 -59.3770093319664,-34.3915133721415 -59.377011335537,-34.3912429460665 -59.3766851228273,-34.391241284709 -59.3766871274201,-34.3909708586387 -59.3760347041787,-34.3909675333483 -59.376032697488,-34.3912379593852 -59.3753802722557,-34.3912346305829 -59.3753822810443,-34.3909642045796 -59.3750560695172,-34.3909625388908 -59.3750580793279,-34.3906921128922 -59.3747318688766,-34.3906904463506 -59.3747338797094,-34.3904200203567 -59.374081460985,-34.3904166846984 -59.3740834738888,-34.390146258726 -59.3737572656157,-34.3901445896093 -59.3737592795416,-34.3898741636416 -59.3734330723442,-34.3898724936721 -59.3734350872921,-34.3896020677091 -59.3737612934406,-34.3896037376617 -59.3737633073128,-34.3893333116698 -59.3731108971404,-34.3893299709287 -59.3731129130834,-34.3890595449584 -59.3727867090863,-34.3890578733003 -59.3727887260513,-34.3887874473348 -59.3721363202354,-34.3887841014438 -59.3721383392712,-34.3885136754998 -59.3714859356606,-34.3885103261645 -59.371487956767,-34.3882399002422 -59.3708355553617,-34.3882365474626 -59.3708213923673,-34.390129528429 -59.3704951843632,-34.3901278506168 -59.3704911354529,-34.390668702179 -59.370164925378,-34.3906670234633 -59.3701608742619,-34.3912078749435 -59.3698346621162,-34.3912061953244 -59.3698306087942,-34.3917470467224 -59.3695043945775,-34.3917453662 -59.3694901997566,-34.393638345594 -59.3698164213164,-34.3936400262348 -59.3698123675082,-34.3941808774154 -59.3701385911931,-34.3941825572204 -59.3701345393751,-34.3947234083865 -59.3704607651852,-34.3947250873556 -59.3704567153575,-34.3952659385072 -59.3711091712553,-34.3952692939038 -59.3711071483993,-34.3955397194953 -59.3714333774378,-34.3955413959059 -59.3714313556039,-34.3958118215021 -59.3717575857186,-34.3958134970599 -59.371755564907,-34.3960839226609 -59.3720817960977,-34.3960855973658 -59.3720777564922,-34.3966264485653 -59.3724039898083,-34.3966281224342 -59.3723999521935,-34.3971689736191 -59.372726187635,-34.3971706466518 -59.3727282054066,-34.3969002210486 -59.3733806742716,-34.396903564471 -59.3733826899179,-34.396633138822 -59.3737089233415,-34.3966348092118 -59.3737069087445,-34.3969052348776 -59.3743593777707,-34.3969085730814 -59.3743573652453,-34.3971789987687 -59.3746836008479,-34.3971806665828 -59.374681589345,-34.3974510922748 -59.3750078260237,-34.3974527592358 -59.3750058155432,-34.3977231849325 -59.3756582910795,-34.3977265162787 -59.3756562826708,-34.3979969419969 -59.37533004384,-34.3979952767419 -59.3753280343553,-34.3982657024313 -59.3746755546754,-34.3982623692784 -59.3746775662588,-34.3979919436226 -59.3740250887847,-34.397988607024 -59.3740230751028,-34.3982590326462 -59.3733705956375,-34.3982556925348 -59.3733726114181,-34.3979852669462 -59.3723938955696,-34.3979802503058 -59.3723959144711,-34.3977098247556 -59.3717434394719,-34.3977064760134 -59.3717454604451,-34.3974360504848 -59.3710929876521,-34.3974326982971 -59.3710950106969,-34.3971622727902 -59.3697900696316,-34.3971555580448 -59.3697920968464,-34.3968851325934 -59.3694658626968,-34.3968834517495 -59.3694678909338,-34.396613026303 -59.3691416578605,-34.3966113446062 -59.3691436871196,-34.3963409191646 -59.3688174551226,-34.396339236615 -59.3688194854039,-34.3960688111782 -59.3681670235894,-34.3960654435036 -59.368169055942,-34.3957950180886 -59.3678428261245,-34.3957933329637 -59.3678448594992,-34.3955229075536 -59.3675186307581,-34.3955212215759 -59.367524733867,-34.394709945324 -59.3671985083004,-34.3947082585275 -59.3672168256047,-34.3922744292723 -59.3675430417299,-34.3922761159159 -59.3675471098456,-34.3917352648035 -59.3678733238999,-34.3917369505436 -59.3678773898094,-34.3911960993489 -59.3682036017928,-34.3911977841855 -59.3682076654961,-34.3906569329085 -59.3685338754088,-34.3906586168416 -59.3685399676138,-34.3898473397848 -59.3688661744069,-34.3898490227974 -59.3688702336439,-34.3893081713319 -59.3691964383664,-34.3893098534412 -59.3692004953975,-34.3887690018935 -59.3695266980493,-34.3887706830993 -59.3695287254756,-34.3885002572904 -59.3698549271056,-34.3885019376099 -59.369856953456,-34.388231511772 -59.3701831540642,-34.388233191205 -59.3701851793389,-34.3879627653382 -59.3705113789253,-34.3879644438848 -59.3705134031242,-34.3876940179889 -59.3701872045865,-34.3876923394592 -59.3701892298071,-34.3874219135682 -59.3698630323452,-34.3874202341859 -59.3698670848029,-34.3868793824014 -59.3695408894655,-34.3868777021835 -59.3695429167026,-34.38660727629 -59.3692167224408,-34.3866055952196 -59.3692187506996,-34.386335169331 -59.3688925575135,-34.386333487408 -59.368894586794,-34.3860630615242 -59.3685683946836,-34.3860613787488 -59.3685704249857,-34.3857909528699 -59.3682442339511,-34.385789269242 -59.3682462652747,-34.385518843368 -59.3679200753159,-34.3855171588876 -59.3679221076611,-34.3852467330185 -59.367595918778,-34.3852450476856 -59.3675999854843,-34.3847041959451 -59.3672737987255,-34.3847025097768 -59.3672778674207,-34.3841616580219 -59.3669516827862,-34.3841599710182 -59.3669801752946,-34.380374007619 -59.3673063452504,-34.3803756943849 -59.3673104130781,-34.3798348422435 -59.3676365809643,-34.3798365281062 -59.3676325152334,-34.3803773802816 -59.3679586852434,-34.380379065309 -59.367952589589,-34.3811903435323 -59.3682787627713,-34.3811920277414 -59.3682767318808,-34.3814624538087 -59.3686029061386,-34.3814641371654 -59.3685988463733,-34.3820049892976 -59.368925022755,-34.3820066718189 -59.3689209649784,-34.3825475239366 -59.3692471434842,-34.3825492056226 -59.3692430876964,-34.3830900577259 -59.3695692683262,-34.3830917385763 -59.3695652145275,-34.3836325906651 -59.3698913972813,-34.3836342706801 -59.36988937139,-34.3839046967233 -59.3702155552194,-34.3839063758858 -59.3702135303496,-34.3841768019338 -59.3708659001866,-34.3841801576846 -59.3708618545604,-34.384721009812 -59.3711880416165,-34.3847226864171 -59.3711860198116,-34.3849931124795 -59.3718383961019,-34.3849964631153 -59.3718343566058,-34.3855373152715 -59.3721605468886,-34.385538989319 -59.3721585281488,-34.3858094153958 -59.3728109108924,-34.3858127609162 -59.3728088942231,-34.3860831870147 -59.3734612791715,-34.3860865290911 -59.3734632937435,-34.385816102959 -59.3737894852093,-34.3858177726763 -59.3737914987058,-34.3855473465153 -59.3741176891498,-34.3855490153463 -59.3741197015708,-34.3852785891565 -59.374445890993,-34.3852802571013 -59.3744499136574,-34.3847394046518 -59.3747761010091,-34.3847410716937 -59.374780121469,-34.3842002191623 -59.3744539362144,-34.384198552154 -59.3744559474528,-34.383928125887 -59.3741297632736,-34.3839264580262 -59.3741317755337,-34.3836560317638 -59.3744579586643,-34.3836576996079 -59.3744599698491,-34.3833872733168 -59.374133787767,-34.3833856054895 -59.3741357999735,-34.383115179203 -59.374461981007,-34.3831168470135 -59.3744660032424,-34.3825759943708 -59.3747921822058,-34.3825776612784 -59.374796202237,-34.3820368085538 -59.3757747329967,-34.3820418039601 -59.3757767398268,-34.3817713775294 -59.3764290917034,-34.3817747034203 -59.3764310964098,-34.3815042769441 -59.3767572713398,-34.3815059385688 -59.376759274971,-34.3812355120638 -59.3774116228141,-34.381238832672 -59.3774136243218,-34.3809684061215 -59.3780659701748,-34.3809717232192 -59.378067969559,-34.3807012966232 -59.378394141477,-34.3807029538515 -59.3783961397862,-34.3804325272267 -59.3787223106825,-34.3804341835691 -59.3787243079166,-34.3801637569155 -59.3790504777911,-34.380165412372 -59.3790544700828,-34.3796245589953 -59.3793806378872,-34.3796262135492 -59.3793826329448,-34.3793557868261 -59.3797087997275,-34.3793574404941 -59.3797107937102,-34.3790870137423 -59.3800369594711,-34.3790886665245 -59.3800409452601,-34.3785478129513 -59.3803671089509,-34.378549464831 -59.3803691007573,-34.3782790380097 -59.381021426122,-34.3782823391283 -59.3810234158053,-34.3780119122616 -59.3823280626597,-34.3780185040023 -59.3823260771695,-34.3782889309353 -59.382978402852,-34.3782922216237 -59.3829803862457,-34.3780217946576 -59.3833065480784,-34.3780234386814 -59.383304565733,-34.3782938656641 -59.3836307286404,-34.3782955088354 -59.3836287473169,-34.3785659358225 -59.3839549112989,-34.3785675781411 -59.3839568915741,-34.3782971511374 -59.3842830545343,-34.3782987925703 -59.3842850337348,-34.378028365538 -59.3849373576377,-34.3780316457632 -59.3849353805337,-34.3783020728286 -59.3859138697305,-34.378306986697 -59.3859158436896,-34.3780365595822 -59.3875466543021,-34.378044731897 -59.3875446855843,-34.3783151590941 -59.3895016654747,-34.3783249372876 -59.3894997030205,-34.378595364571 -59.392761348745,-34.3786115921885 -59.3927633007162,-34.3783411647417 -59.394067955542,-34.378347631386 -59.394069903294,-34.378077203862 -59.3950483915411,-34.37808204467 -59.3950522806777,-34.3775411894882 -59.3953784413821,-34.3775428013201 -59.3953803848633,-34.3772723736949 -59.3957065445453,-34.3772739846414 -59.3957084869523,-34.3770035569879 -59.396034645612,-34.377005167049 -59.3960365869449,-34.3767347393672 -59.3963627445822,-34.3767363485429 -59.3963646848411,-34.3764659208329 -59.3970169980968,-34.3764691365446 -59.3970228124292,-34.3756578532449 -59.3966966589329,-34.3756562458722 -59.3967024761773,-34.3748449625124 -59.3963763258512,-34.3748433543191 -59.3963879659306,-34.3732207873709 -59.3960618219189,-34.3732191784058 -59.3960598809222,-34.3734896062445 -59.3895369851783,-34.3734572441211 -59.3895389471357,-34.3731868166083 -59.3901912341452,-34.3731900684305 -59.3901931939803,-34.3729196408729 -59.3937807628689,-34.3729374635801 -59.3937827111499,-34.372667035831 -59.3944349946444,-34.3726702649935 -59.3944369408034,-34.3723998371998 -59.3950892223057,-34.3724030628538 -59.3950911663428,-34.3721326350156 -59.3954173060849,-34.3721342465229 -59.3954192490481,-34.3718638186563 -59.3957453877681,-34.3718654292784 -59.3957473296575,-34.3715950013835 -59.3960734673554,-34.3715966111204 -59.3960773489606,-34.3710557552621 -59.3964034845885,-34.3710573640976 -59.3964325776127,-34.3670009433786 -59.3967586975493,-34.3670025511023 -59.3967683886932,-34.3656504101784 -59.3964422739951,-34.3656488025357 -59.3964461523671,-34.365107946114 -59.39677226497,-34.3651095537244 -59.3967742030696,-34.3648391254793 -59.3964480915143,-34.3648375178851 -59.3964500306357,-34.3645670896441 -59.3967761411434,-34.3645686972221 -59.3967800172135,-34.3640278406716 -59.396453908801,-34.364026233126 -59.3964694204283,-34.3618628065707 -59.3961433204216,-34.3618611982859 -59.3961452603062,-34.3615907699284 -59.3928842721381,-34.3615746394672 -59.392886222471,-34.3613042112601 -59.3935384178023,-34.361307444269 -59.3935403660144,-34.3610370160172 -59.3948447527988,-34.3610434715463 -59.3948486407661,-34.3605026148765 -59.3958269248422,-34.3605074473054 -59.3958288656449,-34.3602370189037 -59.3964810530635,-34.3602402361475 -59.3964926847685,-34.3586176652899 -59.3991013852042,-34.3586304987452 -59.3990955946032,-34.359441784616 -59.3994216854155,-34.3594433849378 -59.399419756211,-34.3597138135534 -59.4000719400073,-34.3597170116234 -59.4000700128719,-34.3599874402591 -59.4007221988656,-34.3599906348869 -59.4007202737992,-34.3602610635428 -59.4013724619903,-34.3602642547283 -59.4013705389929,-34.3605346834043 -59.4020227293813,-34.3605378711475 -59.4020208084531,-34.3608082998434 -59.4026730010386,-34.3608114841443 -59.4026710821796,-34.3610819128603 -59.4029971795582,-34.3610835037238 -59.402995261721,-34.3613539324437 -59.4033213601726,-34.3613555224546 -59.4033194433572,-34.3616259511785 -59.4039716424318,-34.3616291286263 -59.4039697276859,-34.3618995573701 -59.4042958283089,-34.361901144807 -59.4042939145849,-34.3621715735548 -59.4046200162808,-34.362173160139 -59.4046181035788,-34.3624435888907 -59.4049442063477,-34.3624451746222 -59.4049422946677,-34.3627156033778 -59.4052683985096,-34.3627171882566 -59.4052664878516,-34.362987617016 -59.4055925927664,-34.3629892010421 -59.4055906831305,-34.3632596298055 -59.4059167891183,-34.3632612129788 -59.4059148805044,-34.363531641746 -59.4062409875652,-34.3635332240666 -59.4062352647136,-34.3643445103438 -59.4065613749426,-34.3643460918434 -59.4065575616762,-34.364886949333 -59.4068836740257,-34.3648885299957 -59.4068760513787,-34.365970244894 -59.407528284535,-34.3659734037403 -59.4075263809051,-34.3662438324665 -59.4072002632665,-34.3662422534619 -59.4071983585636,-34.3665126821601 -59.4075244772498,-34.3665142611807 -59.4075225735691,-34.3667846898828 -59.4071964538352,-34.3667831108463 -59.4071945490815,-34.3670535395204 -59.4075206698631,-34.3670551185728 -59.4075149585927,-34.3678664045705 -59.407841082543,-34.3678679828018 -59.4078372769981,-34.368408840105 -59.4081634030693,-34.3684104174992 -59.4081615013066,-34.3686808461486 -59.4078353741876,-34.3686792687386 -59.4078334713518,-34.3689496973601 -59.4081595995186,-34.368951274786 -59.4081576977052,-34.3692217034113 -59.4078315684906,-34.3692201259695 -59.4078296656041,-34.3694905545668 -59.4081557958665,-34.3694921320245 -59.4081462862927,-34.3708442749098 -59.4084724218199,-34.370845851578 -59.4084667189152,-34.371657137212 -59.4087928576116,-34.3716587130588 -59.4087890576444,-34.3721995701196 -59.4091151984621,-34.3722011451292 -59.4091114004896,-34.3727420021734 -59.4094375434286,-34.3727435763457 -59.409433747451,-34.3732844333734 -59.4097598925112,-34.3732860067083 -59.4097579955326,-34.3735564352199 -59.4100841416662,-34.3735580077016 -59.4100822457103,-34.373828436217 -59.4104083929172,-34.3738300078455 -59.4104064979841,-34.3741004363647 -59.4107326462644,-34.3741020071399 -59.4107288584187,-34.3746428641737 -59.4110550088204,-34.3746444341115 -59.41105122297,-34.3751852911286 -59.4113773754932,-34.3751868602289 -59.4113754835783,-34.3754572887352 -59.4117016371749,-34.3754588569822 -59.4116940734558,-34.3765405709497 -59.4120202312703,-34.3765421383908 -59.4120145613611,-34.3773534237871 -59.4123407223455,-34.3773549904064 -59.4123388333737,-34.3776254188635 -59.4126649954316,-34.3776269846293 -59.4126612195089,-34.3781678415388 -59.4129873836885,-34.378169406467 -59.4129854967378,-34.3784398349195 -59.4133116619908,-34.3784413989942 -59.4133097760632,-34.3787118274503 -59.4136359423898,-34.3787133906716 -59.4136340574854,-34.3789838191314 -59.4142863923105,-34.3789869429978 -59.4142845094777,-34.379257371477 -59.4146106779762,-34.379258932122 -59.4146087961667,-34.3795293606049 -59.417870493013,-34.3795449194046 -59.4178667502864,-34.3800857766474 -59.4175405783925,-34.3800842246478 -59.4175387059434,-34.3803546532354 -59.4181910518529,-34.3803577563967 -59.4181891814757,-34.3806281850036 -59.4185153555162,-34.3806297352959 -59.4185134861625,-34.3809001639063 -59.419492011579,-34.3809048096145 -59.4194901453457,-34.3811752382596 -59.4198163215827,-34.381176785106 -59.4198144563731,-34.3814472137546 -59.4201406336834,-34.3814487597473 -59.4201387694973,-34.3817191883994 -59.4204649478811,-34.3817207335383 -59.4204630847186,-34.381991162194 -59.4207892641757,-34.3819927064791 -59.420787402037,-34.3822631351383 -59.4211135825673,-34.3822646785696 -59.4211117214523,-34.3825351072322 -59.4214379030559,-34.3825366498098 -59.4214360429647,-34.3828070784759 -59.4217622256417,-34.3828086201996 -59.4217603665741,-34.3830790488692 -59.4224127340996,-34.3830821297396 -59.4224108771044,-34.3833525584281 -59.4237156166464,-34.3833587097987 -59.4237174694473,-34.3830882810483 -59.4253483891875,-34.3830959506236 -59.4253428464395,-34.3839072370703 -59.426647595258,-34.3839133572669 -59.4266494386709,-34.3836429284018 -59.4276279973969,-34.3836475093745 -59.4276298376395,-34.3833770804512 -59.427956022882,-34.383378605688 -59.4279615403168,-34.3825673187996 -59.42763535822,-34.3825657936088 -59.4276408785798,-34.381754506658 -59.427314699653,-34.381752980644 -59.4273165407724,-34.3814825516516 -59.4269903629187,-34.3814810247837 -59.426992205062,-34.3812105957946 -59.4266660282813,-34.3812090680728 -59.4266697145911,-34.3806682100892 -59.4263435399319,-34.3806666815289 -59.4263453840984,-34.3803962525344 -59.4260192105122,-34.3803947231201 -59.4260229008683,-34.3798538651258 -59.4256967294035,-34.3798523348731 -59.4257022678984,-34.3790410478374 -59.4247237630871,-34.3790364520026 -59.4247256123479,-34.3787660230128 -59.4240732780269,-34.3787629548077 -59.4240751293597,-34.3784925258368 -59.4237489632846,-34.3784909904458 -59.423750815641,-34.3782205614783 -59.4234246506389,-34.3782190252337 -59.4234283573743,-34.3776781672934 -59.4227760316373,-34.3776750922584 -59.4227778870646,-34.3774046633011 -59.4224517252814,-34.3774031244953 -59.4224535817322,-34.3771326955415 -59.4221274210221,-34.377131155882 -59.4221329933706,-34.3763198689947 -59.4218068358299,-34.3763183285126 -59.4218105527015,-34.3757774705585 -59.421484397282,-34.3757759292383 -59.4214974128895,-34.3738829261276 -59.4211712648317,-34.3738813840469 -59.4211768457216,-34.3730700968652 -59.4208507008328,-34.3730685539621 -59.4208544233982,-34.3725276958117 -59.4205282806303,-34.3725261520707 -59.4205320051925,-34.3719852939031 -59.4202058645453,-34.3719837493242 -59.4202095911042,-34.3714428911395 -59.4198834525778,-34.3714413457227 -59.41989277378,-34.3700892001278 -59.4195666405181,-34.3700876539199 -59.4195741012241,-34.3690059372892 -59.4192479721785,-34.3690043902746 -59.4192535705904,-34.3681931027217 -59.4189274447131,-34.368191554885 -59.4189293118484,-34.3679211256922 -59.4186031870438,-34.3679195770022 -59.4186069233354,-34.3673787186116 -59.4182808006512,-34.367377169084 -59.4182826698073,-34.3671067398861 -59.4179565481958,-34.3671051895053 -59.4179602885288,-34.3665643311047 -59.4176341690376,-34.3665627798863 -59.4176360402145,-34.3662923506835 -59.4173099217959,-34.3662907986119 -59.4173136661701,-34.3657499402014 -59.4169875498719,-34.3657483872923 -59.4169912962415,-34.3652075288649 -59.4166651820636,-34.3652059751182 -59.4166689304286,-34.3646651166738 -59.4163428183709,-34.3646635620897 -59.4163465687312,-34.3641227036284 -59.4160204587936,-34.3641211482069 -59.4160260872893,-34.3633098604715 -59.4156999805194,-34.3633083042283 -59.4157037348199,-34.3627674457091 -59.41537763017,-34.3627658886285 -59.4153813864655,-34.3622250300924 -59.4150552839356,-34.3622234721744 -59.4150590422259,-34.3616826136215 -59.414732941816,-34.3616810548663 -59.4147385822058,-34.3608697669936 -59.4144124849633,-34.3608682074168 -59.4144143660905,-34.3605977781175 -59.4140882699204,-34.3605962176878 -59.4140901520699,-34.3603257883921 -59.4134379618999,-34.3603226649583 -59.4134398461191,-34.3600522356821 -59.4131137521191,-34.360050672678 -59.4131156373605,-34.3597802434054 -59.4124634515306,-34.3597771148229 -59.4124615641945,-34.360047544064 -59.4121354702699,-34.3600459784541 -59.4121260279749,-34.3613981243998 -59.4117999288385,-34.3613965578424 -59.4118074869145,-34.3603148411731 -59.4114813919929,-34.3603132738102 -59.4114832824963,-34.3600428446285 -59.4118093763705,-34.3600444119756 -59.4118131552071,-34.3595035535445 -59.4121392470118,-34.3595051199915 -59.4121411353449,-34.359234690742 -59.4118150445876,-34.3592331243109 -59.4118169339429,-34.3589626950651 -59.412143023653,-34.3589642614805 -59.4121449119358,-34.358693832207 -59.4150797110314,-34.3587078907183</coordinates></LinearRing></outerBoundaryIs><innerBoundaryIs><LinearRing><coordinates>-59.4058881572389,-34.3673176432209 -59.4055620355366,-34.3673160598084 -59.4055582154246,-34.3678569169371 -59.4058843392224,-34.3678585003815 -59.4058881572389,-34.3673176432209</coordinates></LinearRing></innerBoundaryIs><innerBoundaryIs><LinearRing><coordinates>-59.4273441546186,-34.377426115319 -59.4270179924905,-34.3774245886816 -59.4270161506909,-34.3776950178395 -59.4273423138673,-34.3776965444922 -59.4273441546186,-34.377426115319</coordinates></LinearRing></innerBoundaryIs><innerBoundaryIs><LinearRing><coordinates>-59.4276647975885,-34.3782389286168 -59.427338632291,-34.3782374028025 -59.427336791466,-34.3785078319396 -59.4276629578118,-34.3785093577692 -59.4276647975885,-34.3782389286168</coordinates></LinearRing></innerBoundaryIs><innerBoundaryIs><LinearRing><coordinates>-59.3849314262467,-34.378842926923 -59.3842790960541,-34.3788396465987 -59.3842771167744,-34.3791100735948 -59.3849294490637,-34.3791133539521 -59.3849314262467,-34.378842926923</coordinates></LinearRing></innerBoundaryIs><innerBoundaryIs><LinearRing><coordinates>-59.40380496403,-34.3851563842077 -59.4034787732999,-34.3851547945261 -59.4034768552838,-34.3854252222043 -59.4038030470626,-34.385426811902 -59.40380496403,-34.3851563842077</coordinates></LinearRing></innerBoundaryIs><innerBoundaryIs><LinearRing><coordinates>-59.4041292388669,-34.3854284007301 -59.4038030470626,-34.385426811902 -59.4038011300697,-34.3856972395841 -59.4041273229226,-34.3856988284283 -59.4041292388669,-34.3854284007301</coordinates></LinearRing></innerBoundaryIs><innerBoundaryIs><LinearRing><coordinates>-59.4038011300697,-34.3856972395841 -59.4034749372422,-34.3856956498705 -59.403473019175,-34.3859660775245 -59.4037992130512,-34.3859676672541 -59.4038011300697,-34.3856972395841</coordinates></LinearRing></innerBoundaryIs><innerBoundaryIs><LinearRing><coordinates>-59.4425770278739,-34.3921000834251 -59.44225080798,-34.3920985968313 -59.4422490141593,-34.3923690260512 -59.4419227932403,-34.3923675385728 -59.4419209983467,-34.3926379677657 -59.4406161107137,-34.3926320090953 -59.4406143115999,-34.3929024382162 -59.4402880887025,-34.3929009463594 -59.4402862885155,-34.3931713754532 -59.440612512462,-34.393172867325 -59.4406089141144,-34.3937137255064 -59.4396302360523,-34.3937092471917 -59.4396284336951,-34.3939796762193 -59.4366923913651,-34.3939661941751 -59.4366905795416,-34.3942366230549 -59.4360381238575,-34.3942336174479 -59.4360363099116,-34.3945040462853 -59.4357100810566,-34.3945025421621 -59.4357082660373,-34.3947729709724 -59.4350558063016,-34.3947699600864 -59.4350539891598,-34.3950403888543 -59.4344015274226,-34.3950373744591 -59.4343997081582,-34.3953078031845 -59.4340734762767,-34.3953062946671 -59.4340716559389,-34.3955767233653 -59.4334191901504,-34.3955737036908 -59.4334173676898,-34.3958441323466 -59.4330911337828,-34.3958426211894 -59.4330893102486,-34.3961130498179 -59.432436840409,-34.3961100248639 -59.4324350147521,-34.3963804534499 -59.4317825429113,-34.3963774249862 -59.4317807151315,-34.3966478535297 -59.4311282412896,-34.3966448215563 -59.431126411387,-34.3969152500571 -59.4304739355441,-34.396912214574 -59.4304721035184,-34.3971826430323 -59.4301458645843,-34.3971811239707 -59.430144031485,-34.3974515524016 -59.4294915515914,-34.3974485116384 -59.4294878811221,-34.3979893684028 -59.4291616391134,-34.3979878466858 -59.4291598027927,-34.3982582750346 -59.42850731675,-34.3982552289604 -59.4285054783061,-34.3985256572665 -59.4281792342721,-34.3985241329093 -59.4281755552121,-34.3990649894546 -59.4278493091039,-34.3990634641968 -59.4278474684877,-34.399333892436 -59.4275212213546,-34.399332366293 -59.4275193796645,-34.3996027945048 -59.4271931315065,-34.3996012674765 -59.4271912887424,-34.3998716956608 -59.4268650395596,-34.3998701677473 -59.4268631957215,-34.4001405959042 -59.4265369455139,-34.4001390671054 -59.4265351006018,-34.4004094952348 -59.4258825981613,-34.4004064349966 -59.4258807511256,-34.4006768630832 -59.4255544988928,-34.4006753316438 -59.4255526507831,-34.4009457597029 -59.4252263975254,-34.4009442273782 -59.4252245483416,-34.4012146554098 -59.4248982940591,-34.4012131221996 -59.4248945935184,-34.4017539781958 -59.4245683371616,-34.4017524440848 -59.4245664858047,-34.4020228720494 -59.424240228423,-34.402021337053 -59.4242383759919,-34.4022917649901 -59.4239121175853,-34.4022902291083 -59.4239102640799,-34.4025606570178 -59.4242365235361,-34.402562192915 -59.4242328185505,-34.4031030487288 -59.4245590801305,-34.403104583787 -59.4245572286502,-34.4033750116912 -59.4248834913045,-34.4033765458948 -59.4248797903692,-34.4039174016979 -59.4252060551474,-34.4039189350624 -59.4252042056925,-34.4041893629613 -59.425530471545,-34.4041908954712 -59.425528623115,-34.4044613233734 -59.4258548900418,-34.4044628550287 -59.4258530426369,-34.4047332829343 -59.426179310638,-34.4047348137349 -59.4261774642581,-34.4050052416438 -59.4265037333335,-34.4050067715898 -59.4265018879787,-34.4052771995021 -59.4268281581284,-34.4052787285933 -59.4268263137988,-34.4055491565089 -59.4271525850228,-34.4055506847455 -59.4271507417183,-34.4058211126644 -59.4274770140166,-34.4058226400463 -59.4274751717373,-34.4060930679685 -59.4278014451099,-34.4060945944956 -59.4277996038558,-34.4063650224212 -59.4281258783027,-34.4063665480935 -59.4281240380738,-34.4066369760224 -59.428450313595,-34.40663850084 -59.4284484743914,-34.4069089287721 -59.4291010276069,-34.4069119758276 -59.4290991904784,-34.4071824037783 -59.4294254681727,-34.4071839260161 -59.4294236320695,-34.4074543539702 -59.4297499108381,-34.4074558753532 -59.4297480757603,-34.4077263033104 -59.4300743556031,-34.4077278238386 -59.4300725215507,-34.4079982517991 -59.4310513643754,-34.4080028082085 -59.4310495334482,-34.4082732362028 -59.4313758154884,-34.4082747532809 -59.4313739855867,-34.4085451812784 -59.4320265518401,-34.4085482128545 -59.4320247240137,-34.4088186408705 -59.4330035767261,-34.408823181754 -59.4330017520251,-34.4090936098035 -59.4378960346112,-34.4091161969716 -59.4378942256347,-34.4093866252364 -59.4414833811971,-34.4094030648854 -59.4414851786244,-34.409132636455 -59.4467057569037,-34.4091563604654 -59.4467075375083,-34.4088859317842 -59.4470338228032,-34.4088874071232 -59.4470356023342,-34.4086169784151 -59.4473618866028,-34.4086184528691 -59.4473636650602,-34.4083480241341 -59.4476899483027,-34.408349497703 -59.4477006122503,-34.406726924951 -59.4480268892173,-34.4067283975608 -59.4480393220636,-34.4048353953645 -59.448365591706,-34.4048368670005 -59.448386889863,-34.401591718826 -59.448060632816,-34.4015902473678 -59.448078389173,-34.3988859560443 -59.4477521426443,-34.3988844838643 -59.447766354421,-34.3967210500561 -59.4474401163107,-34.3967195771249 -59.4474436711167,-34.3961787185819 -59.4471174351286,-34.3961772448105 -59.4471227703076,-34.3953659569502 -59.4467965374909,-34.3953644823535 -59.4467983168857,-34.3950940530575 -59.446472085142,-34.3950925776059 -59.4464738655622,-34.3948221483126 -59.4461476348914,-34.3948206720062 -59.4461511977591,-34.3942798134132 -59.4458249692104,-34.3942783362668 -59.4458267516578,-34.3940079069671 -59.4451742967299,-34.3940049500947 -59.4451760812518,-34.3937345208127 -59.4441974021858,-34.3937300790259 -59.4441991898313,-34.3934596497766 -59.4438729645727,-34.3934581674565 -59.4438747532435,-34.39318773821 -59.4435485290578,-34.3931862550352 -59.4435503187538,-34.3929158257916 -59.4432240956411,-34.3929143417619 -59.4432258863624,-34.3926439125213 -59.4428996643226,-34.3926424276369 -59.4429014560691,-34.3923719983991 -59.4425752351023,-34.39237051266 -59.4425770278739,-34.3921000834251</coordinates></LinearRing></innerBoundaryIs><innerBoundaryIs><LinearRing><coordinates>-59.4510499257436,-34.3934905775967 -59.4490925715612,-34.3934817802135 -59.4490907996526,-34.3937522096856 -59.448438346349,-34.3937492702373 -59.4484365723184,-34.3940196996677 -59.4481103446529,-34.3940182286242 -59.4481085695496,-34.3942886580278 -59.4477823408586,-34.3942871860997 -59.4477699071284,-34.3961801914835 -59.4480961431638,-34.3961816635153 -59.448092592555,-34.3967225221176 -59.4484188307126,-34.3967239933092 -59.4484152821077,-34.3972648518928 -59.4487415223876,-34.3972663222443 -59.4487397490989,-34.3975367515328 -59.4490659904518,-34.3975382210292 -59.4490624459023,-34.3980790795997 -59.4497149328762,-34.3980820160421 -59.449716703064,-34.3978115867333 -59.450042945537,-34.3978130536349 -59.4500447146519,-34.3975426242993 -59.4503709560991,-34.3975440903164 -59.4503727241411,-34.397273660954 -59.4506989645626,-34.3972751260864 -59.4507007315317,-34.3970046966972 -59.4510269709274,-34.3970061609451 -59.4510287368237,-34.3967357315291 -59.4513549751937,-34.3967371948924 -59.4513585048171,-34.3961963359947 -59.451684741112,-34.3961977984588 -59.4516882685429,-34.3956569394835 -59.4520145027628,-34.3956584010483 -59.4520233156826,-34.3943062533256 -59.4516970867086,-34.3943047918343 -59.4516988502713,-34.3940343622683 -59.45137262237,-34.394032899922 -59.4513743869583,-34.3937624703586 -59.4510481601297,-34.3937610071574 -59.4510499257436,-34.3934905775967</coordinates></LinearRing></innerBoundaryIs><innerBoundaryIs><LinearRing><coordinates>-59.4138414913233,-34.3960223511373 -59.4131890244017,-34.3960192235494 -59.4131833616401,-34.396830506529 -59.4138358348571,-34.3968336342114 -59.413837720371,-34.3965632065321 -59.4141639559679,-34.3965647690528 -59.4141658404074,-34.3962943413457 -59.4138396058597,-34.3962927788407 -59.4138414913233,-34.3960223511373</coordinates></LinearRing></innerBoundaryIs><innerBoundaryIs><LinearRing><coordinates>-59.438802639938,-34.4199378139065 -59.4384763121827,-34.4199363161946 -59.4384726964784,-34.4204771718077 -59.4387990263347,-34.4204786695498 -59.4387972194969,-34.4207490973533 -59.4391235504278,-34.4207505942398 -59.4391271619782,-34.4202097385906 -59.4388008331484,-34.4202082417342 -59.438802639938,-34.4199378139065</coordinates></LinearRing></innerBoundaryIs><innerBoundaryIs><LinearRing><coordinates>-59.4391217446165,-34.4210210220464 -59.4387954126351,-34.4210195251448 -59.4387917988392,-34.4215603806916 -59.4391181329216,-34.4215618776233 -59.4391217446165,-34.4210210220464</coordinates></LinearRing></innerBoundaryIs><innerBoundaryIs><LinearRing><coordinates>-59.4560857867929,-34.4219089469067 -59.4538014327221,-34.4218987669038 -59.4537979154368,-34.422439623746 -59.4541242537636,-34.4224410806733 -59.4541207384858,-34.4229819374965 -59.4544470789373,-34.4229833935825 -59.4544453223139,-34.4232538219907 -59.4547716638395,-34.4232552772207 -59.4547699082434,-34.4235257056314 -59.4554225934661,-34.4235286135086 -59.455420839948,-34.4237990419366 -59.4560735273655,-34.4238019463603 -59.4560752787823,-34.4235315179031 -59.4567279641919,-34.4235344188148 -59.4567349612205,-34.4224527047487 -59.4564086227066,-34.4224512547865 -59.4564103729561,-34.4221808262545 -59.4560840355162,-34.4221793754363 -59.4560857867929,-34.4219089469067</coordinates></LinearRing></innerBoundaryIs><innerBoundaryIs><LinearRing><coordinates>-59.4436169390619,-34.4321294255489 -59.4429641882839,-34.4321264540261 -59.4429605998421,-34.4326673089741 -59.4432869773214,-34.4326687952009 -59.4432887705031,-34.432398367718 -59.4436151469552,-34.4323998530588 -59.4436169390619,-34.4321294255489</coordinates></LinearRing></innerBoundaryIs><innerBoundaryIs><LinearRing><coordinates>-59.4442643198505,-34.432943676171 -59.4436115626702,-34.4329407080425 -59.4436079782896,-34.4334815629779 -59.4442607396746,-34.4334845311662 -59.4442643198505,-34.432943676171</coordinates></LinearRing></innerBoundaryIs><innerBoundaryIs><LinearRing><coordinates>-59.4465471880145,-34.4332244647928 -59.4462208081945,-34.4332229872461 -59.4462190244017,-34.433493414827 -59.4465454052729,-34.4334948923886 -59.4465471880145,-34.4332244647928</coordinates></LinearRing></innerBoundaryIs><innerBoundaryIs><LinearRing><coordinates>-59.4429570113047,-34.4332081638739 -59.4413251137557,-34.4332007195256 -59.4413233141952,-34.4334711468825 -59.4416496947083,-34.4334726375091 -59.4416478961751,-34.4337430648689 -59.4436061860635,-34.4337519904276 -59.4436079782896,-34.4334815629779 -59.4429552170002,-34.4334785913057 -59.4429570113047,-34.4332081638739</coordinates></LinearRing></innerBoundaryIs><innerBoundaryIs><LinearRing><coordinates>-59.4413233141952,-34.4334711468825 -59.4409969337061,-34.4334696553849 -59.4409951330705,-34.4337400827147 -59.4413215146108,-34.4337415742273 -59.4413233141952,-34.4334711468825</coordinates></LinearRing></innerBoundaryIs><innerBoundaryIs><LinearRing><coordinates>-59.4468700044536,-34.4337667966778 -59.4465436225075,-34.4337653199723 -59.4465418397184,-34.434035747544 -59.4468682227157,-34.4340372242643 -59.4468700044536,-34.4337667966778</coordinates></LinearRing></innerBoundaryIs><innerBoundaryIs><LinearRing><coordinates>-59.4677379227519,-34.43710463555 -59.4674115266987,-34.4371032144182 -59.4674098109132,-34.4373736427784 -59.4677362080177,-34.4373750639246 -59.4677379227519,-34.43710463555</coordinates></LinearRing></innerBoundaryIs><innerBoundaryIs><LinearRing><coordinates>-59.4634550167681,-34.4433059381598 -59.4624757570163,-34.4433016371816 -59.4624722928186,-34.4438424929043 -59.463125136837,-34.4438453611521 -59.4631234068071,-34.4441157890242 -59.4634498299026,-34.4441172218555 -59.4634515588808,-34.443846793969 -59.4637779809477,-34.4438482259145 -59.4637762530212,-34.4441186538154 -59.4644290993274,-34.4441215151213 -59.4644325509504,-34.4435806592498 -59.463453287836,-34.4435763660704 -59.4634550167681,-34.4433059381598</coordinates></LinearRing></innerBoundaryIs></Polygon>
  </Placemark>
</Folder>
</Document></kml>
