<?xml version="1.0" encoding="UTF-8"?>
<kml xmlns="http://www.opengis.net/kml/2.2">
  <Document id="root_doc">
    <Document id="rog_P100_24h_sat_agua5cm">
      <name>rog_P100_24h_sat_agua5cm</name>
      <Placemark id="rog_P100_24h_sat_agua5cm.1">
        <name><![CDATA[100 mm en 24 h · suelo saturado (Ks 2 mm/h) · h>5 cm]]></name>
        <Polygon>
          <outerBoundaryIs>
            <LinearRing>
              <coordinates>
                -59.4253576266083,-34.3817438063044,0
                -59.4253557791734,-34.3820142351924,0
                -59.4250295993702,-34.3820127030777,0
                -59.4250314478536,-34.3817422742052,0
                -59.4253576266083,-34.3817438063044,0
              </coordinates>
            </LinearRing>
          </outerBoundaryIs>
        </Polygon>
      </Placemark>
      <Placemark id="rog_P100_24h_sat_agua5cm.2">
        <name><![CDATA[100 mm en 24 h · suelo saturado (Ks 2 mm/h) · h>5 cm]]></name>
        <Polygon>
          <outerBoundaryIs>
            <LinearRing>
              <coordinates>
                -59.4240529117374,-34.3817376726917,0
                -59.4240510601085,-34.3820081015179,0
                -59.4237248804039,-34.382006565926,0
                -59.4237267330814,-34.3817361371152,0
                -59.4240529117374,-34.3817376726917,0
              </coordinates>
            </LinearRing>
          </outerBoundaryIs>
        </Polygon>
      </Placemark>
      <Placemark id="rog_P100_24h_sat_agua5cm.3">
        <name><![CDATA[100 mm en 24 h · suelo saturado (Ks 2 mm/h) · h>5 cm]]></name>
        <Polygon>
          <outerBoundaryIs>
            <LinearRing>
              <coordinates>
                -59.4390210838473,-34.3872159577442,0
                -59.4390192799689,-34.387486387031,0
                -59.4386930781704,-34.387484891127,0
                -59.4386948830976,-34.3872144618552,0
                -59.4390210838473,-34.3872159577442,0
              </coordinates>
            </LinearRing>
          </outerBoundaryIs>
        </Polygon>
      </Placemark>
      <Placemark id="rog_P100_24h_sat_agua5cm.4">
        <name><![CDATA[100 mm en 24 h · suelo saturado (Ks 2 mm/h) · h>5 cm]]></name>
        <Polygon>
          <outerBoundaryIs>
            <LinearRing>
              <coordinates>
                -59.4393454817915,-34.3874878820655,0
                -59.4393436789379,-34.3877583113553,0
                -59.4390174760666,-34.3877568163057,0
                -59.4390192799689,-34.387486387031,0
                -59.4393454817915,-34.3874878820655,0
              </coordinates>
            </LinearRing>
          </outerBoundaryIs>
        </Polygon>
      </Placemark>
      <Placemark id="rog_P100_24h_sat_agua5cm.5">
        <name><![CDATA[100 mm en 24 h · suelo saturado (Ks 2 mm/h) · h>5 cm]]></name>
        <Polygon>
          <outerBoundaryIs>
            <LinearRing>
              <coordinates>
                -59.4150797110314,-34.3587078907183,0
                -59.4150778321743,-34.3589783201334,0
                -59.4154039221354,-34.3589798778631,0
                -59.4154020443006,-34.3592503072818,0
                -59.415728135334,-34.3592518641586,0
                -59.4157262585215,-34.359522293581,0
                -59.4160523506273,-34.3595238496049,0
                -59.4160504748371,-34.3597942790309,0
                -59.4163765680153,-34.3597958342018,0
                -59.4163746932474,-34.3600662636314,0
                -59.4167007874979,-34.3600678179494,0
                -59.4166989137524,-34.3603382473826,0
                -59.4173511044231,-34.360341353444,0
                -59.4173492327475,-34.3606117828965,0
                -59.4186536185775,-34.3606179846584,0
                -59.4186517510665,-34.3608884141612,0
                -59.4209344345587,-34.3608992339113,0
                -59.4209325743548,-34.361169663511,0
                -59.4215847719565,-34.3611727470815,0
                -59.4215829138226,-34.3614431767002,0
                -59.4222351136182,-34.3614462568271,0
                -59.4222332575545,-34.3617166864648,0
                -59.4225593585369,-34.3617182252408,0
                -59.4225575034959,-34.3619886548819,0
                -59.4228836055505,-34.3619901928047,0
                -59.4228817515322,-34.3622606224493,0
                -59.4235339578104,-34.3622636957198,0
                -59.4235321058624,-34.3625341253832,0
                -59.4241843143343,-34.3625371952099,0
                -59.4241824644567,-34.3628076248922,0
                -59.4245085697772,-34.362809158518,0
                -59.4245067209224,-34.3630795882037,0
                -59.4251589337323,-34.3630826528799,0
                -59.425157086948,-34.3633530825845,0
                -59.4258093019513,-34.3633561438167,0
                -59.4258074572375,-34.36362657354,0
                -59.4271118917294,-34.3636326856413,0
                -59.4271100511812,-34.3639031154141,0
                -59.4277622706696,-34.3639061662831,0
                -59.42775859369,-34.364447025854,0
                -59.4274324818384,-34.3644455008231,0
                -59.4274306422643,-34.3647159305751,0
                -59.4271045293896,-34.3647144046602,0
                -59.4271026887433,-34.3649848343847,0
                -59.4264504609723,-34.3649817799177,0
                -59.4264486182063,-34.3652522095995,0
                -59.4261225033099,-34.3652506810474,0
                -59.4261206594717,-34.3655211107017,0
                -59.4257945435523,-34.3655195812655,0
                -59.4257926986418,-34.3657900108923,0
                -59.4238359973563,-34.3657808159377,0
                -59.4238378485528,-34.3655103864034,0
                -59.4235117328059,-34.3655088508856,0
                -59.4235154372201,-34.3649679918119,0
                -59.4231893235931,-34.3649664554563,0
                -59.4231911768109,-34.3646960259168,0
                -59.4228650642562,-34.3646944887079,0
                -59.4228669184968,-34.3644240591718,0
                -59.4225408070144,-34.3644225211096,0
                -59.422542662278,-34.364152091577,0
                -59.4222165518679,-34.3641505526615,0
                -59.4222184081543,-34.3638801231324,0
                -59.4218922988165,-34.3638785833637,0
                -59.4218941561257,-34.363608153838,0
                -59.4215680478603,-34.3636066132161,0
                -59.4215699061923,-34.3633361836938,0
                -59.4212437989992,-34.3633346422187,0
                -59.4212456583539,-34.3630642126999,0
                -59.4205934461371,-34.3630611271746,0
                -59.4205953075621,-34.3627906976748,0
                -59.4199430975396,-34.3627876087058,0
                -59.4199449610348,-34.362517179225,0
                -59.4189666493299,-34.362512539303,0
                -59.4189685159427,-34.3622421098569,0
                -59.4173380021697,-34.3622343593578,0
                -59.4173361303194,-34.3625047887258,0
                -59.4176622340717,-34.3625063405786,0
                -59.4176584923913,-34.3630471993097,0
                -59.4179845982635,-34.3630487503251,0
                -59.4179789886986,-34.3638600383782,0
                -59.4183050977383,-34.3638615885717,0
                -59.4183013599989,-34.3644024472447,0
                -59.4186274711588,-34.3644039966007,0
                -59.4186237354149,-34.3649448552566,0
                -59.4189498486949,-34.364946403775,0
                -59.4189461149467,-34.3654872624139,0
                -59.4192722303468,-34.3654888100948,0
                -59.4192684985945,-34.3660296687166,0
                -59.4195946161148,-34.3660312155598,0
                -59.4195908863584,-34.3665720741646,0
                -59.4199170059989,-34.3665736201701,0
                -59.4199132782385,-34.3671144787578,0
                -59.4202393999993,-34.3671160239256,0
                -59.4202375371296,-34.3673864532169,0
                -59.4205636599629,-34.3673879975314,0
                -59.4205599362445,-34.367928856109,0
                -59.4208860611983,-34.3679303995857,0
                -59.4208786176549,-34.3690121166583,0
                -59.4212047468246,-34.3690136593283,0
                -59.4211991670503,-34.3698249470528,0
                -59.4215252993883,-34.3698264889005,0
                -59.4215215815106,-34.3703673473542,0
                -59.4218477159692,-34.370368888364,0
                -59.4218402841082,-34.3714506051888,0
                -59.4221664227833,-34.3714521453917,0
                -59.4221627088001,-34.3719930037628,0
                -59.422488849596,-34.3719945431277,0
                -59.4224777133406,-34.3736171180445,0
                -59.4228038604494,-34.3736186566333,0
                -59.4228020053683,-34.3738890857594,0
                -59.4234543017561,-34.373892160361,0
                -59.4234524487465,-34.374162589506,0
                -59.4237785980256,-34.3741641255187,0
                -59.423773041993,-34.3749754129277,0
                -59.4240991944411,-34.3749769481176,0
                -59.424097343429,-34.3752473772453,0
                -59.42442349695,-34.3752489115816,0
                -59.4244197969482,-34.3757897698317,0
                -59.4247459525901,-34.3757913033298,0
                -59.4247441036004,-34.3760617324522,0
                -59.4250702603151,-34.3760632650966,0
                -59.425068412349,-34.3763336942224,0
                -59.4253945701366,-34.3763352260131,0
                -59.425392723194,-34.3766056551422,0
                -59.4260450409395,-34.376608716147,0
                -59.4260431960688,-34.3768791452949,0
                -59.4266955160091,-34.3768822028539,0
                -59.4266936732104,-34.3771526320205,0
                -59.4270198342656,-34.3771541595117,0
                -59.4270216760161,-34.3768837303297,0
                -59.4280001561844,-34.376888307542,0
                -59.4279983175786,-34.3771587367701,0
                -59.4283244787319,-34.3771602607845,0
                -59.4283226411499,-34.3774306900159,0
                -59.4279964789483,-34.3774291659861,0
                -59.4279946402935,-34.3776995951901,0
                -59.4276684770681,-34.3776980702757,0
                -59.4276666373406,-34.3779684994523,0
                -59.4273404730914,-34.3779669736534,0
                -59.427336791466,-34.3785078319396,0
                -59.4276629578118,-34.3785093577692,0
                -59.4276574383349,-34.3793206451542,0
                -59.4279836078502,-34.3793221701607,0
                -59.4279780912977,-34.3801334574832,0
                -59.4283042639828,-34.3801349816665,0
                -59.4283024261313,-34.3804054107652,0
                -59.4279762523979,-34.3804038865666,0
                -59.4279744134735,-34.3806743156379,0
                -59.4283005882554,-34.3806758398519,0
                -59.428298750355,-34.3809462689265,0
                -59.4286249262099,-34.3809477922865,0
                -59.4286230893334,-34.3812182213644,0
                -59.4282969124301,-34.3812166979891,0
                -59.4282950744807,-34.3814871270396,0
                -59.4289474304088,-34.3814901729517,0
                -59.4289455945318,-34.3817606020208,0
                -59.4292717735811,-34.3817621236882,0
                -59.4292681038509,-34.3823029818208,0
                -59.4295942850216,-34.3823045026496,0
                -59.4295869494619,-34.3833862188315,0
                -59.4299131348512,-34.3833877388521,0
                -59.4298966378499,-34.3858215996937,0
                -59.4302228327015,-34.3858231189826,0
                -59.4302173364075,-34.3866344057586,0
                -59.4305435344297,-34.3866359242239,0
                -59.4305307162307,-34.3885289263863,0
                -59.4302045108669,-34.388527407814,0
                -59.4302026785491,-34.3887978366309,0
                -59.4298764721609,-34.3887963171737,0
                -59.4298746387698,-34.3890667459632,0
                -59.4292222239689,-34.3890637044097,0
                -59.4292203884556,-34.3893341331564,0
                -59.428894180043,-34.38933261106,0
                -59.428899689656,-34.3885213248295,0
                -59.429225894922,-34.3885228468799,0
                -59.4292424130003,-34.3860889873991,0
                -59.4289162171733,-34.3860874654866,0
                -59.4289217259052,-34.3852761788219,0
                -59.4285955332488,-34.3852746560859,0
                -59.4285992077117,-34.3847337982798,0
                -59.427946826667,-34.3847307502608,0
                -59.4279486659591,-34.3844603213704,0
                -59.4272962871097,-34.3844572699045,0
                -59.4272981284745,-34.3841868410327,0
                -59.4259933752649,-34.3841807277297,0
                -59.4259952207996,-34.3839102989074,0
                -59.426647595258,-34.3839133572669,0
                -59.4266494386709,-34.3836429284018,0
                -59.4276279973969,-34.3836475093745,0
                -59.4276298376395,-34.3833770804512,0
                -59.427956022882,-34.383378605688,0
                -59.4279615403168,-34.3825673187996,0
                -59.42763535822,-34.3825657936088,0
                -59.4276408785798,-34.381754506658,0
                -59.427314699653,-34.381752980644,0
                -59.4273183818672,-34.3812121226472,0
                -59.4266660282813,-34.3812090680728,0
                -59.4266697145911,-34.3806682100892,0
                -59.4263435399319,-34.3806666815289,0
                -59.4263453840984,-34.3803962525344,0
                -59.4260192105122,-34.3803947231201,0
                -59.4260229008683,-34.3798538651258,0
                -59.4256967294035,-34.3798523348731,0
                -59.4257022678984,-34.3790410478374,0
                -59.4247237630871,-34.3790364520026,0
                -59.4247256123479,-34.3787660230128,0
                -59.4243994451751,-34.3787644893449,0
                -59.4244012954596,-34.3784940603585,0
                -59.4240751293597,-34.3784925258368,0
                -59.4240769806679,-34.3782220968538,0
                -59.423750815641,-34.3782205614783,0
                -59.4237526679728,-34.3779501324988,0
                -59.423426504019,-34.3779485962696,0
                -59.4234283573743,-34.3776781672934,0
                -59.4231021944935,-34.3776766302105,0
                -59.4231040488724,-34.3774062012377,0
                -59.4227778870646,-34.3774046633011,0
                -59.4227797424671,-34.3771342343318,0
                -59.4224535817322,-34.3771326955415,0
                -59.4224554381582,-34.3768622665756,0
                -59.4221292784963,-34.3768607269316,0
                -59.4221329933706,-34.3763198689947,0
                -59.4218068358299,-34.3763183285126,0
                -59.4218105527015,-34.3757774705585,0
                -59.421484397282,-34.3757759292383,0
                -59.4214992721628,-34.3736124970635,0
                -59.4211731251531,-34.3736109549984,0
                -59.4211768457216,-34.3730700968652,0
                -59.4208507008328,-34.3730685539621,0
                -59.4208544233982,-34.3725276958117,0
                -59.4205282806303,-34.3725261520707,0
                -59.4205320051925,-34.3719852939031,0
                -59.4202058645453,-34.3719837493242,0
                -59.4202095911042,-34.3714428911395,0
                -59.4198834525778,-34.3714413457227,0
                -59.41989277378,-34.3700892001278,0
                -59.4195666405181,-34.3700876539199,0
                -59.4195741012241,-34.3690059372892,0
                -59.4192479721785,-34.3690043902746,0
                -59.419251704478,-34.3684635319181,0
                -59.4189255775529,-34.3684619840658,0
                -59.4189293118484,-34.3679211256922,0
                -59.4186031870438,-34.3679195770022,0
                -59.4186069233354,-34.3673787186116,0
                -59.4182808006512,-34.367377169084,0
                -59.4182826698073,-34.3671067398861,0
                -59.4179565481958,-34.3671051895053,0
                -59.4179602885288,-34.3665643311047,0
                -59.4176341690376,-34.3665627798863,0
                -59.4176360402145,-34.3662923506835,0
                -59.4173099217959,-34.3662907986119,0
                -59.4173136661701,-34.3657499402014,0
                -59.4169875498719,-34.3657483872923,0
                -59.4169912962415,-34.3652075288649,0
                -59.4166651820636,-34.3652059751182,0
                -59.4166689304286,-34.3646651166738,0
                -59.4163428183709,-34.3646635620897,0
                -59.4163465687312,-34.3641227036284,0
                -59.4160204587936,-34.3641211482069,0
                -59.4160260872893,-34.3633098604715,0
                -59.4156999805194,-34.3633083042283,0
                -59.4157037348199,-34.3627674457091,0
                -59.41537763017,-34.3627658886285,0
                -59.4153813864655,-34.3622250300924,0
                -59.4150552839356,-34.3622234721744,0
                -59.4150590422259,-34.3616826136215,0
                -59.414732941816,-34.3616810548663,0
                -59.4147385822058,-34.3608697669936,0
                -59.4144124849633,-34.3608682074168,0
                -59.4144143660905,-34.3605977781175,0
                -59.4140882699204,-34.3605962176878,0
                -59.4140901520699,-34.3603257883921,0
                -59.4134379618999,-34.3603226649583,0
                -59.4134398461191,-34.3600522356821,0
                -59.4131137521191,-34.360050672678,0
                -59.4131156373605,-34.3597802434054,0
                -59.412789544433,-34.3597786795485,0
                -59.4127914306967,-34.3595082502796,0
                -59.4121392470118,-34.3595051199915,0
                -59.4121449119358,-34.358693832207,0
                -59.4150797110314,-34.3587078907183,0
              </coordinates>
            </LinearRing>
          </outerBoundaryIs>
          <innerBoundaryIs>
            <LinearRing>
              <coordinates>
                -59.4273441546186,-34.377426115319,0
                -59.4270179924905,-34.3774245886816,0
                -59.4270161506909,-34.3776950178395,0
                -59.4273423138673,-34.3776965444922,0
                -59.4273441546186,-34.377426115319,0
              </coordinates>
            </LinearRing>
          </innerBoundaryIs>
        </Polygon>
      </Placemark>
      <Placemark id="rog_P100_24h_sat_agua5cm.6">
        <name><![CDATA[100 mm en 24 h · suelo saturado (Ks 2 mm/h) · h>5 cm]]></name>
        <Polygon>
          <outerBoundaryIs>
            <LinearRing>
              <coordinates>
                -59.4207371149093,-34.3895647043755,0
                -59.4207352520755,-34.3898351326969,0
                -59.4200828323614,-34.3898320423551,0
                -59.4200846972929,-34.3895616140648,0
                -59.4207371149093,-34.3895647043755,0
              </coordinates>
            </LinearRing>
          </outerBoundaryIs>
        </Polygon>
      </Placemark>
      <Placemark id="rog_P100_24h_sat_agua5cm.7">
        <name><![CDATA[100 mm en 24 h · suelo saturado (Ks 2 mm/h) · h>5 cm]]></name>
        <Polygon>
          <outerBoundaryIs>
            <LinearRing>
              <coordinates>
                -59.4301861865902,-34.3912316954396,0
                -59.4301843540282,-34.3915021241358,0
                -59.4298581371507,-34.3915006045257,0
                -59.4298599707617,-34.3912301758448,0
                -59.4301861865902,-34.3912316954396,0
              </coordinates>
            </LinearRing>
          </outerBoundaryIs>
        </Polygon>
      </Placemark>
      <Placemark id="rog_P100_24h_sat_agua5cm.8">
        <name><![CDATA[100 mm en 24 h · suelo saturado (Ks 2 mm/h) · h>5 cm]]></name>
        <Polygon>
          <outerBoundaryIs>
            <LinearRing>
              <coordinates>
                -59.4305105709302,-34.3915036428763,0
                -59.4305087393928,-34.3917740715757,0
                -59.4301825214418,-34.3917725528199,0
                -59.4301843540282,-34.3915021241358,0
                -59.4305105709302,-34.3915036428763,0
              </coordinates>
            </LinearRing>
          </outerBoundaryIs>
        </Polygon>
      </Placemark>
      <Placemark id="rog_P100_24h_sat_agua5cm.9">
        <name><![CDATA[100 mm en 24 h · suelo saturado (Ks 2 mm/h) · h>5 cm]]></name>
        <Polygon>
          <outerBoundaryIs>
            <LinearRing>
              <coordinates>
                -59.4285404045505,-34.3933875173888,0
                -59.4285385665476,-34.3936579459119,0
                -59.4282123413999,-34.3936564218309,0
                -59.4282141804519,-34.3933859933231,0
                -59.4285404045505,-34.3933875173888,0
              </coordinates>
            </LinearRing>
          </outerBoundaryIs>
        </Polygon>
      </Placemark>
      <Placemark id="rog_P100_24h_sat_agua5cm.10">
        <name><![CDATA[100 mm en 24 h · suelo saturado (Ks 2 mm/h) · h>5 cm]]></name>
        <Polygon>
          <outerBoundaryIs>
            <LinearRing>
              <coordinates>
                -59.4243124539825,-34.3914746381,0
                -59.4243087510208,-34.3920154949028,0
                -59.4239825324872,-34.3920139596084,0
                -59.4239751220715,-34.3930956730076,0
                -59.4236488993664,-34.3930941367817,0
                -59.4236470456516,-34.3933645650859,0
                -59.4233208219222,-34.3933630279748,0
                -59.4233189671336,-34.3936334562514,0
                -59.4229927423798,-34.3936319182552,0
                -59.4229908865174,-34.3939023465043,0
                -59.4226646607391,-34.3939008076229,0
                -59.4226665176507,-34.3936303793893,0
                -59.4223402929463,-34.3936288396536,0
                -59.4223421508821,-34.3933584114235,0
                -59.4226683745374,-34.3933599511436,0
                -59.4226720882367,-34.3928190946161,0
                -59.4229983098185,-34.3928206334356,0
                -59.4230038770347,-34.3920093485074,0
                -59.4233300954942,-34.3920108864107,0
                -59.4233319501344,-34.3917404580617,0
                -59.4236581675696,-34.3917419950799,0
                -59.4236600211361,-34.3914715667034,0
                -59.4243124539825,-34.3914746381,0
              </coordinates>
            </LinearRing>
          </outerBoundaryIs>
        </Polygon>
      </Placemark>
      <Placemark id="rog_P100_24h_sat_agua5cm.11">
        <name><![CDATA[100 mm en 24 h · suelo saturado (Ks 2 mm/h) · h>5 cm]]></name>
        <Polygon>
          <outerBoundaryIs>
            <LinearRing>
              <coordinates>
                -59.4399456538407,-34.3953333149076,0
                -59.4399438523886,-34.3956037438779,0
                -59.4396176190477,-34.3956022501313,0
                -59.4396194215489,-34.3953318211761,0
                -59.4399456538407,-34.3953333149076,0
              </coordinates>
            </LinearRing>
          </outerBoundaryIs>
        </Polygon>
      </Placemark>
      <Placemark id="rog_P100_24h_sat_agua5cm.12">
        <name><![CDATA[100 mm en 24 h · suelo saturado (Ks 2 mm/h) · h>5 cm]]></name>
        <Polygon>
          <outerBoundaryIs>
            <LinearRing>
              <coordinates>
                -59.4034077896787,-34.3951606105826,0
                -59.4034058707166,-34.3954310378143,0
                -59.4030796401532,-34.3954294466547,0
                -59.4030815601644,-34.395159019439,0
                -59.4034077896787,-34.3951606105826,0
              </coordinates>
            </LinearRing>
          </outerBoundaryIs>
        </Polygon>
      </Placemark>
      <Placemark id="rog_P100_24h_sat_agua5cm.13">
        <name><![CDATA[100 mm en 24 h · suelo saturado (Ks 2 mm/h) · h>5 cm]]></name>
        <Polygon>
          <outerBoundaryIs>
            <LinearRing>
              <coordinates>
                -59.4396176190477,-34.3956022501313,0
                -59.4396158165223,-34.3958726790745,0
                -59.4392895821562,-34.3958711844431,0
                -59.4392913857308,-34.395600755515,0
                -59.4396176190477,-34.3956022501313,0
              </coordinates>
            </LinearRing>
          </outerBoundaryIs>
        </Polygon>
      </Placemark>
      <Placemark id="rog_P100_24h_sat_agua5cm.14">
        <name><![CDATA[100 mm en 24 h · suelo saturado (Ks 2 mm/h) · h>5 cm]]></name>
        <Polygon>
          <outerBoundaryIs>
            <LinearRing>
              <coordinates>
                -59.4392895821562,-34.3958711844431,0
                -59.439285974935,-34.3964120422631,0
                -59.4386335020779,-34.3964090503309,0
                -59.438635307799,-34.396138621457,0
                -59.4389615431663,-34.396140117843,0
                -59.4389633478141,-34.395869688942,0
                -59.4392895821562,-34.3958711844431,0
              </coordinates>
            </LinearRing>
          </outerBoundaryIs>
        </Polygon>
      </Placemark>
      <Placemark id="rog_P100_24h_sat_agua5cm.15">
        <name><![CDATA[100 mm en 24 h · suelo saturado (Ks 2 mm/h) · h>5 cm]]></name>
        <Polygon>
          <outerBoundaryIs>
            <LinearRing>
              <coordinates>
                -59.4405927203632,-34.396147586726,0
                -59.4405909209376,-34.3964180156901,0
                -59.4402646844009,-34.3964165236381,0
                -59.4402628839021,-34.3966869525751,0
                -59.4399366463402,-34.3966854596382,0
                -59.439934844768,-34.3969558885482,0
                -59.4396086061808,-34.3969543947265,0
                -59.4396122113996,-34.3964135369246,0
                -59.4399384478883,-34.3964150307162,0
                -59.4399402494124,-34.3961446017822,0
                -59.4405927203632,-34.396147586726,0
              </coordinates>
            </LinearRing>
          </outerBoundaryIs>
        </Polygon>
      </Placemark>
      <Placemark id="rog_P100_24h_sat_agua5cm.16">
        <name><![CDATA[100 mm en 24 h · suelo saturado (Ks 2 mm/h) · h>5 cm]]></name>
        <Polygon>
          <outerBoundaryIs>
            <LinearRing>
              <coordinates>
                -59.4396086061808,-34.3969543947265,0
                -59.4396068035354,-34.3972248236093,0
                -59.4392805639229,-34.3972233289027,0
                -59.4392823676177,-34.3969529000349,0
                -59.4396086061808,-34.3969543947265,0
              </coordinates>
            </LinearRing>
          </outerBoundaryIs>
        </Polygon>
      </Placemark>
      <Placemark id="rog_P100_24h_sat_agua5cm.17">
        <name><![CDATA[100 mm en 24 h · suelo saturado (Ks 2 mm/h) · h>5 cm]]></name>
        <Polygon>
          <outerBoundaryIs>
            <LinearRing>
              <coordinates>
                -59.4151389002507,-34.3971103068686,0
                -59.4151370188837,-34.3973807345866,0
                -59.4148107800636,-34.3973791746281,0
                -59.4148126624799,-34.3971087469258,0
                -59.4151389002507,-34.3971103068686,0
              </coordinates>
            </LinearRing>
          </outerBoundaryIs>
        </Polygon>
      </Placemark>
      <Placemark id="rog_P100_24h_sat_agua5cm.18">
        <name><![CDATA[100 mm en 24 h · suelo saturado (Ks 2 mm/h) · h>5 cm]]></name>
        <Polygon>
          <outerBoundaryIs>
            <LinearRing>
              <coordinates>
                -59.4363389689339,-34.3980211235251,0
                -59.4363353424396,-34.3985619808806,0
                -59.4360090978214,-34.3985604774001,0
                -59.43601091213,-34.3982900487435,0
                -59.4356846685854,-34.3982885444083,0
                -59.4356864839192,-34.3980181157548,0
                -59.4363389689339,-34.3980211235251,0
              </coordinates>
            </LinearRing>
          </outerBoundaryIs>
        </Polygon>
      </Placemark>
      <Placemark id="rog_P100_24h_sat_agua5cm.19">
        <name><![CDATA[100 mm en 24 h · suelo saturado (Ks 2 mm/h) · h>5 cm]]></name>
        <Polygon>
          <outerBoundaryIs>
            <LinearRing>
              <coordinates>
                -59.4379683739049,-34.3982990564877,0
                -59.4379665658925,-34.398569485235,0
                -59.4376403211537,-34.3985679861038,0
                -59.4376421302155,-34.3982975573717,0
                -59.4379683739049,-34.3982990564877,0
              </coordinates>
            </LinearRing>
          </outerBoundaryIs>
        </Polygon>
      </Placemark>
      <Placemark id="rog_P100_24h_sat_agua5cm.20">
        <name><![CDATA[100 mm en 24 h · suelo saturado (Ks 2 mm/h) · h>5 cm]]></name>
        <Polygon>
          <outerBoundaryIs>
            <LinearRing>
              <coordinates>
                -59.4092533219158,-34.398975086603,0
                -59.4092514214844,-34.3992455139525,0
                -59.4089251757727,-34.3992439382264,0
                -59.4089270772534,-34.3989735108927,0
                -59.4092533219158,-34.398975086603,0
              </coordinates>
            </LinearRing>
          </outerBoundaryIs>
        </Polygon>
      </Placemark>
      <Placemark id="rog_P100_24h_sat_agua5cm.21">
        <name><![CDATA[100 mm en 24 h · suelo saturado (Ks 2 mm/h) · h>5 cm]]></name>
        <Polygon>
          <outerBoundaryIs>
            <LinearRing>
              <coordinates>
                -59.4373086459608,-34.3993777721816,0
                -59.4373068357532,-34.3996482008505,0
                -59.436980586865,-34.3996466999192,0
                -59.4369823981221,-34.3993762712654,0
                -59.4373086459608,-34.3993777721816,0
              </coordinates>
            </LinearRing>
          </outerBoundaryIs>
        </Polygon>
      </Placemark>
      <Placemark id="rog_P100_24h_sat_agua5cm.22">
        <name><![CDATA[100 mm en 24 h · suelo saturado (Ks 2 mm/h) · h>5 cm]]></name>
        <Polygon>
          <outerBoundaryIs>
            <LinearRing>
              <coordinates>
                -59.4409099637532,-34.3975012226683,0
                -59.4409063667369,-34.3980420804939,0
                -59.4412326096173,-34.3980435708964,0
                -59.4412290146038,-34.3985844287038,0
                -59.4409027696247,-34.3985829382713,0
                -59.4409009710326,-34.3988533671419,0
                -59.440574725028,-34.3988518758246,0
                -59.4405729253626,-34.3991223046681,0
                -59.4402466783326,-34.3991208124659,0
                -59.4402448775938,-34.3993912412823,0
                -59.4399186295384,-34.3993897481952,0
                -59.4399168277262,-34.3996601769845,0
                -59.4392643295886,-34.3996571881704,0
                -59.4392625256534,-34.3999276169177,0
                -59.4382837754791,-34.3999231271271,0
                -59.4382855825625,-34.399652698425,0
                -59.4376330846655,-34.3996497009119,0
                -59.4376367029578,-34.399108843532,0
                -59.4373104561443,-34.3991073435008,0
                -59.4373122663037,-34.3988369148078,0
                -59.4369860205637,-34.3988354139218,0
                -59.4369878317484,-34.3985649852319,0
                -59.4376403211537,-34.3985679861038,0
                -59.4376385120678,-34.398838414824,0
                -59.4382910036683,-34.3988414122466,0
                -59.4382928106555,-34.3985709834963,0
                -59.4386190554425,-34.3985724808877,0
                -59.4386208613561,-34.3983020521103,0
                -59.4392733489036,-34.3983050442534,0
                -59.4392751526945,-34.3980346154338,0
                -59.4396013954549,-34.3980361101855,0
                -59.4396031981725,-34.3977656813389,0
                -59.4399294399076,-34.3977671752057,0
                -59.4399312415518,-34.3974967463319,0
                -59.4409099637532,-34.3975012226683,0
              </coordinates>
            </LinearRing>
          </outerBoundaryIs>
        </Polygon>
      </Placemark>
      <Placemark id="rog_P100_24h_sat_agua5cm.23">
        <name><![CDATA[100 mm en 24 h · suelo saturado (Ks 2 mm/h) · h>5 cm]]></name>
        <Polygon>
          <outerBoundaryIs>
            <LinearRing>
              <coordinates>
                -59.4376330846655,-34.3996497009119,0
                -59.4376312754832,-34.3999201295837,0
                -59.4373050255215,-34.3999186295072,0
                -59.4373068357532,-34.3996482008505,0
                -59.4376330846655,-34.3996497009119,0
              </coordinates>
            </LinearRing>
          </outerBoundaryIs>
        </Polygon>
      </Placemark>
      <Placemark id="rog_P100_24h_sat_agua5cm.24">
        <name><![CDATA[100 mm en 24 h · suelo saturado (Ks 2 mm/h) · h>5 cm]]></name>
        <Polygon>
          <outerBoundaryIs>
            <LinearRing>
              <coordinates>
                -59.4379575254691,-34.3999216287904,0
                -59.4379557173121,-34.4001920574653,0
                -59.4376294662768,-34.4001905582436,0
                -59.4376312754832,-34.3999201295837,0
                -59.4379575254691,-34.3999216287904,0
              </coordinates>
            </LinearRing>
          </outerBoundaryIs>
        </Polygon>
      </Placemark>
      <Placemark id="rog_P100_24h_sat_agua5cm.25">
        <name><![CDATA[100 mm en 24 h · suelo saturado (Ks 2 mm/h) · h>5 cm]]></name>
        <Polygon>
          <outerBoundaryIs>
            <LinearRing>
              <coordinates>
                -59.394894687697,-34.3994457857344,0
                -59.3948888476522,-34.4002570655559,0
                -59.3945625988711,-34.4002554514905,0
                -59.3945684420641,-34.3994441717177,0
                -59.394894687697,-34.3994457857344,0
              </coordinates>
            </LinearRing>
          </outerBoundaryIs>
        </Polygon>
      </Placemark>
      <Placemark id="rog_P100_24h_sat_agua5cm.26">
        <name><![CDATA[100 mm en 24 h · suelo saturado (Ks 2 mm/h) · h>5 cm]]></name>
        <Polygon>
          <outerBoundaryIs>
            <LinearRing>
              <coordinates>
                -59.4431234476641,-34.3588386794923,0
                -59.4431216588763,-34.3591091102247,0
                -59.4434477509387,-34.3591105932562,0
                -59.4434459631744,-34.3593810239915,0
                -59.4437720563081,-34.3593825061694,0
                -59.4437702695673,-34.3596529369076,0
                -59.4440963637721,-34.3596544182317,0
                -59.4440927923139,-34.3601952797017,0
                -59.4447449849844,-34.3601982398039,0
                -59.4447432013144,-34.3604686705506,0
                -59.4450692987327,-34.3604701493136,0
                -59.4450675160864,-34.3607405800632,0
                -59.4453936145759,-34.3607420579725,0
                -59.4453918329532,-34.3610124887249,0
                -59.4457179325139,-34.3610139657804,0
                -59.4457161519149,-34.3612843965357,0
                -59.4460422525467,-34.3612858727374,0
                -59.4460404729715,-34.3615563034954,0
                -59.4463665746745,-34.3615577788433,0
                -59.446364796123,-34.3618282096042,0
                -59.4466908988972,-34.3618296840983,0
                -59.4466891213695,-34.3621001148619,0
                -59.4470152252149,-34.3621015885022,0
                -59.447013448711,-34.3623720192686,0
                -59.4473395536275,-34.362373492055,0
                -59.4473377781475,-34.3626439228243,0
                -59.4476638841352,-34.3626453947568,0
                -59.447662109679,-34.3629158255288,0
                -59.4479882167379,-34.3629172966074,0
                -59.4479846698497,-34.3634581581449,0
                -59.4483107790274,-34.3634596283844,0
                -59.4483090065954,-34.3637300591499,0
                -59.4486351168442,-34.3637315285355,0
                -59.4486333454362,-34.3640019593037,0
                -59.4492855680999,-34.3640048954982,0
                -59.4492837987634,-34.364275326284,0
                -59.4496099111783,-34.3642767930928,0
                -59.4496081428659,-34.3645472238813,0
                -59.4499342563519,-34.3645486898362,0
                -59.4499307217517,-34.3650895514066,0
                -59.4502568373565,-34.3650910165222,0
                -59.4502533047574,-34.3656318780739,0
                -59.4505794224811,-34.3656333423502,0
                -59.4505776571939,-34.3659037731227,0
                -59.4509037759888,-34.3659052365449,0
                -59.4509020117258,-34.3661756673201,0
                -59.451228131592,-34.3661771298883,0
                -59.4512246050908,-34.366717991432,0
                -59.4515507270759,-34.3667194531607,0
                -59.4515472025763,-34.3672603146857,0
                -59.4518733266804,-34.367261775575,0
                -59.4518698041824,-34.3678026370812,0
                -59.4521959304055,-34.3678040971311,0
                -59.452194170169,-34.3680745278808,0
                -59.4525202974634,-34.3680759870765,0
                -59.4525167790158,-34.3686168485692,0
                -59.4528429084293,-34.3686183069254,0
                -59.4528411502182,-34.3688887376684,0
                -59.4531672807029,-34.3688901951704,0
                -59.4531637663061,-34.3694310566494,0
                -59.45348989891,-34.3694325133118,0
                -59.4534881427244,-34.369702944048,0
                -59.4538142763995,-34.3697043998561,0
                -59.4538090108459,-34.3705156920362,0
                -59.4541351476882,-34.3705171470194,0
                -59.4541333935048,-34.3707875777366,0
                -59.4544595314184,-34.3707890318655,0
                -59.4544560250774,-34.3713298932931,0
                -59.4547821651104,-34.3713313465822,0
                -59.4547804129528,-34.3716017772926,0
                -59.4551065540571,-34.3716032297274,0
                -59.4551048029241,-34.3718736604404,0
                -59.4554309450997,-34.3718751120207,0
                -59.4554291949915,-34.3721455427362,0
                -59.4557553382385,-34.3721469934622,0
                -59.455751840048,-34.3726878548863,0
                -59.4560779854144,-34.3726893047725,0
                -59.4560762373322,-34.3729597354811,0
                -59.4564023837699,-34.3729611845128,0
                -59.4564006367126,-34.3732316152239,0
                -59.4567267842216,-34.3732330634011,0
                -59.4567232921333,-34.3737739248164,0
                -59.4570494417617,-34.3737753721537,0
                -59.4570476967308,-34.3740458028579,0
                -59.4573738474306,-34.3740472493407,0
                -59.4573686153426,-34.3748585414245,0
                -59.4576947692101,-34.3748599870819,0
                -59.4576912831315,-34.37540084844,0
                -59.4580174391186,-34.3754022932574,0
                -59.4580139550435,-34.3759431545964,0
                -59.4583401131503,-34.3759445985738,0
                -59.4583366310788,-34.3764854598937,0
                -59.4586627913052,-34.3764869030309,0
                -59.4586593112374,-34.3770277643317,0
                -59.4589854735835,-34.3770292066288,0
                -59.4589819955195,-34.3775700679104,0
                -59.4593081599854,-34.3775715093674,0
                -59.4593064219669,-34.3778419400046,0
                -59.4596325875043,-34.3778433806069,0
                -59.4596291134945,-34.3783842418743,0
                -59.4599552811517,-34.3783856816363,0
                -59.4599518091461,-34.3789265428845,0
                -59.4602779789231,-34.3789279818063,0
                -59.4602745089217,-34.3794688430353,0
                -59.4615791966479,-34.3794745901459,0
                -59.4615809274666,-34.3792041594796,0
                -59.4622332693714,-34.3792070277905,0
                -59.4622349980702,-34.3789365970833,0
                -59.4628873379704,-34.3789394618883,0
                -59.4628890645494,-34.3786690311402,0
                -59.4632152334857,-34.3786704622244,0
                -59.4632169589934,-34.3784000314498,0
                -59.4635431269043,-34.3784014616504,0
                -59.4635448513406,-34.3781310308494,0
                -59.4641971851346,-34.3781338886141,0
                -59.4641989074514,-34.3778634577723,0
                -59.4655035711214,-34.3778691628137,0
                -59.4655052892219,-34.3775987319024,0
                -59.4668099490651,-34.3776044229792,0
                -59.4668082351578,-34.3778748539478,0
                -59.4674605673132,-34.3778776942996,0
                -59.4674588554797,-34.3781481252848,0
                -59.4671326883423,-34.3781467055292,0
                -59.4671309754378,-34.3784171364881,0
                -59.4664786391347,-34.3784142943406,0
                -59.4664769241106,-34.3786847252589,0
                -59.466150754945,-34.378683302867,0
                -59.4661490388497,-34.3789537337588,0
                -59.4654966984904,-34.3789508863387,0
                -59.4654949802754,-34.3792213171898,0
                -59.4648426379109,-34.3792184662639,0
                -59.4648409175763,-34.3794888970743,0
                -59.4641885732067,-34.3794860426427,0
                -59.4641868507523,-34.3797564734123,0
                -59.4632083312249,-34.3797521852023,0
                -59.4632066056022,-34.3800226159166,0
                -59.462880431424,-34.3800211847603,0
                -59.4628787047299,-34.3802916154482,0
                -59.4625525295262,-34.3802901834082,0
                -59.4625508017606,-34.3805606140696,0
                -59.4618984493255,-34.3805577473529,0
                -59.4618949895314,-34.3810986085819,0
                -59.4622211678344,-34.3811000424038,0
                -59.462217710045,-34.3816409036134,0
                -59.462543890468,-34.3816423365948,0
                -59.4625404346835,-34.3821831977851,0
                -59.4628666172267,-34.3821846299261,0
                -59.4628648903484,-34.3824550605176,0
                -59.4631910739631,-34.3824564918036,0
                -59.4631893481104,-34.3827269223974,0
                -59.4635155327967,-34.3827283528284,0
                -59.4635138079696,-34.3829987834247,0
                -59.4638399937274,-34.3830002130007,0
                -59.4638382699259,-34.3832706435992,0
                -59.4641644567552,-34.3832720723203,0
                -59.4641627339794,-34.3835425029212,0
                -59.4644889218803,-34.3835439307873,0
                -59.4644872001301,-34.3838143613905,0
                -59.4648133891026,-34.3838157884015,0
                -59.4648099476307,-34.3843566496006,0
                -59.4651361387234,-34.3843580757709,0
                -59.4651309794895,-34.3851693675222,0
                -59.4654571737512,-34.3851707928661,0
                -59.4654537362447,-34.3857116540021,0
                -59.4657799326267,-34.3857130785053,0
                -59.4657782148879,-34.3859835090696,0
                -59.4661044123415,-34.3859849327177,0
                -59.4661009788927,-34.3865257938387,0
                -59.4664271784667,-34.3865272166459,0
                -59.4664254627567,-34.3867976472027,0
                -59.4667516634024,-34.3867990691548,0
                -59.4667499487184,-34.3870694997138,0
                -59.4670761504357,-34.3870709208107,0
                -59.4670744367776,-34.387341351372,0
                -59.4674006395666,-34.3873427716137,0
                -59.4673989269345,-34.3876132021772,0
                -59.4677251307951,-34.3876146215637,0
                -59.4677217075601,-34.3881554826832,0
                -59.4680479135412,-34.3881569012287,0
                -59.4680462029383,-34.3884273317847,0
                -59.4683724099911,-34.3884287494749,0
                -59.4683707004143,-34.3886991800331,0
                -59.4686969085387,-34.388700596868,0
                -59.4686934914146,-34.3892414579768,0
                -59.4690197016596,-34.3892428739707,0
                -59.4690179941123,-34.3895133045212,0
                -59.469344205429,-34.3895147196598,0
                -59.4693424989079,-34.3897851502125,0
                -59.4696687112962,-34.3897865644957,0
                -59.4696670058013,-34.3900569950507,0
                -59.4699932192613,-34.3900584084785,0
                -59.4699915147926,-34.3903288390357,0
                -59.4706439438788,-34.3903316633109,0
                -59.4706422414853,-34.3906020938844,0
                -59.4716208884316,-34.3906063238178,0
                -59.4716191891624,-34.3908767544218,0
                -59.4725978394595,-34.390880976571,0
                -59.4725961433147,-34.3911514072056,0
                -59.4739010148899,-34.3911570246195,0
                -59.4738993229186,-34.3914274552985,0
                -59.4742255419178,-34.3914288574921,0
                -59.474223850973,-34.3916992881731,0
                -59.4729189709153,-34.3916936741247,0
                -59.4729206660562,-34.3914232435001,0
                -59.4699846966907,-34.3914105611437,0
                -59.4699829921084,-34.3916809916406,0
                -59.4696567723544,-34.3916795781274,0
                -59.4696465380891,-34.3933021607704,0
                -59.4699727641376,-34.393303574369,0
                -59.4699693546323,-34.3938444351821,0
                -59.4702955828018,-34.3938458479394,0
                -59.4702921753039,-34.3943867087327,0
                -59.4706184055945,-34.3943881206487,0
                -59.4706150001041,-34.3949289814223,0
                -59.4709412325157,-34.394930392497,0
                -59.4709361272577,-34.3957416836095,0
                -59.4712623628397,-34.395743093857,0
                -59.4712589613195,-34.3962839545669,0
                -59.4715851990227,-34.396285363973,0
                -59.4715800997202,-34.39709665499,0
                -59.471906340594,-34.3970980635688,0
                -59.4718978465503,-34.3984502150937,0
                -59.4722240926935,-34.3984516228736,0
                -59.4722139053905,-34.4000742043909,0
                -59.4725401578529,-34.4000756113858,0
                -59.472533370063,-34.401157332213,0
                -59.472859626746,-34.4011587383947,0
                -59.4728528427925,-34.4022404590857,0
                -59.4731791036963,-34.4022418644539,0
                -59.473177408701,-34.4025122946107,0
                -59.4735036706771,-34.4025136991231,0
                -59.4735002827179,-34.4030545594288,0
                -59.4731740186427,-34.4030531548881,0
                -59.4731723235796,-34.4033235850088,0
                -59.4728460584773,-34.403322179584,0
                -59.4728511467476,-34.4025108892284,0
                -59.4725248848167,-34.402509482976,0
                -59.4725265819112,-34.4022390528475,0
                -59.4722003210526,-34.4022376457393,0
                -59.4722037172728,-34.4016967854745,0
                -59.471877458536,-34.4016953775246,0
                -59.4718808567648,-34.4011545172399,0
                -59.4715546001497,-34.4011531084484,0
                -59.471558000387,-34.4006122481439,0
                -59.4712317458935,-34.4006108385108,0
                -59.471236849228,-34.3997995480063,0
                -59.4709105979057,-34.3997981375459,0
                -59.4709174062319,-34.3987164167613,0
                -59.47059115913,-34.3987150054877,0
                -59.4705962682846,-34.3979037148153,0
                -59.4702700243536,-34.3979023027145,0
                -59.4702734324419,-34.3973614422345,0
                -59.4699471906322,-34.3973600292923,0
                -59.4699523057423,-34.3965487385245,0
                -59.4696260671033,-34.3965473247551,0
                -59.4696294791616,-34.3960064642115,0
                -59.4693032426439,-34.3960050496008,0
                -59.4693066567098,-34.3954641890375,0
                -59.4689804223134,-34.3954627735855,0
                -59.4689838383867,-34.3949219130024,0
                -59.4686576061114,-34.3949204967092,0
                -59.4686593151631,-34.3946500664138,0
                -59.4683330839598,-34.3946486492651,0
                -59.4683365040933,-34.3941077886668,0
                -59.4680102750112,-34.3941063706768,0
                -59.4680290956556,-34.3911316366817,0
                -59.4677028781363,-34.3911302179791,0
                -59.4677063018732,-34.3905893571247,0
                -59.4673800864746,-34.390587937581,0
                -59.4673835122182,-34.390047076707,0
                -59.4670572989404,-34.3900456563223,0
                -59.4670590128269,-34.3897752258815,0
                -59.4667328006209,-34.3897738046415,0
                -59.4667362304232,-34.3892329437524,0
                -59.4664100203379,-34.3892315216714,0
                -59.4664117362537,-34.3889610912231,0
                -59.4660855272401,-34.3889596682869,0
                -59.466087244182,-34.3886892378409,0
                -59.4657610362402,-34.3886878140494,0
                -59.465762754208,-34.3884173836057,0
                -59.465436547338,-34.3884159589591,0
                -59.4654382663317,-34.3881455285176,0
                -59.4647858547582,-34.3881426766444,0
                -59.4647824125523,-34.3886835374578,0
                -59.464129996875,-34.388680682049,0
                -59.4641282736399,-34.3889511124089,0
                -59.4638020647868,-34.3889496833857,0
                -59.4637986161498,-34.3894905440406,0
                -59.4634724052219,-34.3894891141191,0
                -59.46347067982,-34.3897595444141,0
                -59.4628182559354,-34.3897566819335,0
                -59.4628165284126,-34.3900271121876,0
                -59.4624903154558,-34.3900256796285,0
                -59.4624885868611,-34.3902961098561,0
                -59.4621623728784,-34.390294676413,0
                -59.4621606432116,-34.3905651066141,0
                -59.461834428203,-34.3905636722869,0
                -59.4618309667024,-34.3911045326242,0
                -59.4611785325585,-34.3911016613031,0
                -59.4611767996755,-34.3913720914248,0
                -59.4608505815892,-34.3913706544453,0
                -59.4608471136559,-34.3919115146236,0
                -59.4605208934946,-34.3919100767455,0
                -59.4605191584443,-34.3921805068021,0
                -59.4601929372571,-34.3921790680399,0
                -59.4601964094327,-34.3916382079437,0
                -59.4595439713239,-34.3916353278682,0
                -59.4595509237896,-34.3905536076471,0
                -59.4602033535064,-34.3905564876066,0
                -59.4602068254044,-34.3900156273658,0
                -59.4608592510179,-34.3900185037888,0
                -59.4608609848343,-34.3897480736214,0
                -59.4611871966268,-34.389749510514,0
                -59.4611889293712,-34.3894790803201,0
                -59.4615151401378,-34.3894805163287,0
                -59.4615168718102,-34.3892100861082,0
                -59.4618430815511,-34.3892115212328,0
                -59.4618448121514,-34.3889410909858,0
                -59.4621710208664,-34.3889425252264,0
                -59.4621727503949,-34.3886720949529,0
                -59.462498958084,-34.3886735283095,0
                -59.4625006865406,-34.3884030980095,0
                -59.4631530998902,-34.3884059620852,0
                -59.463154826226,-34.3881355317444,0
                -59.4638072375699,-34.388138392313,0
                -59.4638106859771,-34.3875975315376,0
                -59.4641368895859,-34.3875989604888,0
                -59.4641455049578,-34.3862468082675,0
                -59.463819306593,-34.3862453793882,0
                -59.4638227546785,-34.3857045184441,0
                -59.4634965584341,-34.3857030887241,0
                -59.4635000085251,-34.3851622277606,0
                -59.4631738144011,-34.3851607972,0
                -59.4631755404609,-34.3848903667145,0
                -59.4628493474086,-34.3848889352989,0
                -59.4628528015563,-34.3843480743207,0
                -59.4625266106244,-34.3843466420644,0
                -59.4625283387124,-34.3840762115717,0
                -59.4622021488522,-34.3840747784604,0
                -59.4622038779658,-34.3838043479701,0
                -59.4618776891772,-34.3838029140038,0
                -59.4618794193164,-34.3835324835158,0
                -59.4615532315995,-34.3835310486946,0
                -59.4615549627643,-34.3832606182091,0
                -59.4612287761191,-34.383259182533,0
                -59.4612322404765,-34.3827183215545,0
                -59.4609060559515,-34.382716885038,0
                -59.4609077891441,-34.3824464545452,0
                -59.4605816056909,-34.3824450171737,0
                -59.460583339909,-34.3821745866833,0
                -59.4602571575273,-34.3821731484569,0
                -59.4602588927708,-34.381902717969,0
                -59.4599327114609,-34.3819012788878,0
                -59.4599361839755,-34.3813604179047,0
                -59.4596100047857,-34.3813589779832,0
                -59.4596117420568,-34.3810885474881,0
                -59.4592855639387,-34.3810871067117,0
                -59.4592873022351,-34.380816676219,0
                -59.4589611251886,-34.3808152345879,0
                -59.4589646038089,-34.3802743735955,0
                -59.4586384288825,-34.3802729311241,0
                -59.4586401692063,-34.3800025006243,0
                -59.4583139953515,-34.3800010572981,0
                -59.4583174780264,-34.3794601962915,0
                -59.4579913062916,-34.3794587521251,0
                -59.4579947909704,-34.3789178910994,0
                -59.4576686213557,-34.3789164460929,0
                -59.4576721080383,-34.3783755850481,0
                -59.4573459405435,-34.3783741392014,0
                -59.4573494292298,-34.3778332781375,0
                -59.4570232638549,-34.3778318314508,0
                -59.4570250092116,-34.3775614009153,0
                -59.4566988449082,-34.377559953374,0
                -59.4567005912899,-34.377289522841,0
                -59.4560482648496,-34.3772866251799,0
                -59.4560465163714,-34.3775570556837,0
                -59.4553941879278,-34.3775541545166,0
                -59.4553924373297,-34.3778245849791,0
                -59.4550662720946,-34.3778231330771,0
                -59.4550645204248,-34.3780935635129,0
                -59.4547383541647,-34.3780921107271,0
                -59.4547348486584,-34.3786329715334,0
                -59.454408680325,-34.3786315178491,0
                -59.4544051726285,-34.3791723785778,0
                -59.4540790022217,-34.3791709239951,0
                -59.4540737373565,-34.3799822149539,0
                -59.4537475638279,-34.3799807594579,0
                -59.4537458077776,-34.3802511897387,0
                -59.4540719823546,-34.3802526452494,0
                -59.4540614518522,-34.3818752267694,0
                -59.4537352709843,-34.3818737711708,0
                -59.4537440517039,-34.3805216200075,0
                -59.4534178761018,-34.3805201636129,0
                -59.4534161189562,-34.380790593855,0
                -59.4527637657255,-34.3807876784286,0
                -59.4527602471702,-34.3813285388179,0
                -59.452434068493,-34.3813270797713,0
                -59.4524305477469,-34.381867940083,0
                -59.4521043669962,-34.3818664801378,0
                -59.4521008440592,-34.3824073403719,0
                -59.4517746612349,-34.3824058795279,0
                -59.4517728986826,-34.3826763096122,0
                -59.4514467148332,-34.3826748478841,0
                -59.4514449512089,-34.3829452779416,0
                -59.4511187663344,-34.3829438153294,0
                -59.451117001638,-34.3832142453601,0
                -59.4507908157385,-34.3832127818639,0
                -59.45078904997,-34.3834832118678,0
                -59.4504628630454,-34.3834817474874,0
                -59.4504593293405,-34.3840226074296,0
                -59.4501331403422,-34.3840211421504,0
                -59.4501296044458,-34.3845620020149,0
                -59.4498034133739,-34.3845605358367,0
                -59.449814027072,-34.382937956187,0
                -59.4494878423152,-34.382936489228,0
                -59.449489612231,-34.382666059259,0
                -59.4481848776344,-34.3826601827885,0
                -59.4481813293908,-34.3832010425962,0
                -59.4478551437036,-34.3831995712755,0
                -59.4478533684977,-34.3834700011465,0
                -59.4475271817856,-34.3834685289416,0
                -59.4475254055074,-34.3837389587857,0
                -59.4478515932681,-34.3837404310053,0
                -59.4478480427381,-34.3842812906869,0
                -59.4471956630458,-34.3842783453189,0
                -59.4472063269352,-34.3826557663074,0
                -59.4475325104779,-34.3826572393371,0
                -59.4475342866614,-34.3823868094448,0
                -59.4481866517208,-34.3823897528666,0
                -59.4481884257835,-34.3821193229326,0
                -59.4485146073001,-34.3821207933247,0
                -59.4485163802906,-34.3818503633639,0
                -59.4494949218367,-34.3818547692797,0
                -59.449496691658,-34.3815843392624,0
                -59.4501490507096,-34.3815872721634,0
                -59.4501508184105,-34.3813168421046,0
                -59.4504769969231,-34.3813183072364,0
                -59.4504787635519,-34.3810478771508,0
                -59.4508049410396,-34.3810493413985,0
                -59.4508067065963,-34.3807789112861,0
                -59.4511328830591,-34.3807803746497,0
                -59.4511364120051,-34.3802395143593,0
                -59.4514625863945,-34.3802409768242,0
                -59.4514661131496,-34.3797001164561,0
                -59.4517922854657,-34.3797015780223,0
                -59.45179581003,-34.3791607175766,0
                -59.4521219802727,-34.3791621782441,0
                -59.4521255026464,-34.3786213177207,0
                -59.4524516708158,-34.3786227774896,0
                -59.4524551909989,-34.3780819168886,0
                -59.4527813570952,-34.3780833757589,0
                -59.4527866340489,-34.377272084723,0
                -59.4531127970237,-34.3772735426801,0
                -59.4531163127792,-34.3767326818998,0
                -59.4534424736809,-34.3767341389583,0
                -59.4534459872461,-34.3761932781006,0
                -59.4537721460747,-34.3761947342606,0
                -59.453773901774,-34.375924303799,0
                -59.454426217405,-34.3759272134822,0
                -59.4544297245405,-34.3753863524643,0
                -59.4547558802947,-34.3753878059729,0
                -59.4547611376782,-34.3745765143117,0
                -59.4544349850685,-34.3745750608469,0
                -59.4544367385311,-34.3743046302837,0
                -59.454110586993,-34.3743031759645,0
                -59.4541140959443,-34.3737623148312,0
                -59.4537879465258,-34.3737608596723,0
                -59.4537914574797,-34.3732199985201,0
                -59.4534653101808,-34.3732185425214,0
                -59.4534688231373,-34.3726776813503,0
                -59.4531426779578,-34.3726762245119,0
                -59.453144435449,-34.3724057939229,0
                -59.452818291341,-34.3724043362302,0
                -59.4528200498568,-34.3721339056439,0
                -59.4524939068203,-34.3721324470967,0
                -59.4524956663607,-34.3718620165131,0
                -59.4521695243956,-34.3718605571116,0
                -59.4521712849605,-34.3715901265306,0
                -59.4518451440669,-34.3715886662748,0
                -59.4518469056563,-34.3713182356965,0
                -59.4515207658342,-34.3713167745864,0
                -59.4515242910385,-34.370775913423,0
                -59.4511981533358,-34.3707744514734,0
                -59.451201680542,-34.3702335902912,0
                -59.4508755449586,-34.3702321275021,0
                -59.4508773095744,-34.3699616969076,0
                -59.4505511750625,-34.3699602332643,0
                -59.4505547063192,-34.3694193720687,0
                -59.4502285739266,-34.369417907586,0
                -59.4502303405676,-34.3691474769849,0
                -59.4499042092464,-34.3691460116479,0
                -59.4499059769116,-34.3688755810495,0
                -59.4495798466618,-34.3688741148584,0
                -59.4495816153514,-34.3686036842627,0
                -59.449255486173,-34.3686022172175,0
                -59.4492607952436,-34.3677909254024,0
                -59.449913047337,-34.3677938585354,0
                -59.4499165824084,-34.367252997206,0
                -59.4492643345061,-34.3672500641321,0
                -59.4492625648866,-34.3675204947733,0
                -59.4489364399231,-34.3675190269183,0
                -59.4489346692323,-34.3677894575326,0
                -59.4486085432445,-34.3677879887939,0
                -59.4486103149831,-34.3675175581944,0
                -59.4482841900667,-34.3675160886017,0
                -59.4482859628295,-34.3672456580049,0
                -59.4479598389845,-34.3672441875581,0
                -59.4479651602743,-34.3664328957398,0
                -59.4489435224503,-34.3664373043404,0
                -59.4489470635724,-34.3658964429792,0
                -59.4486209449188,-34.3658949743441,0
                -59.4486227164921,-34.3656245436602,0
                -59.4473182463049,-34.3656186604907,0
                -59.4473200220452,-34.365348229854,0
                -59.4469939056052,-34.3653467569045,0
                -59.4469956823696,-34.3650763262706,0
                -59.4466695670009,-34.3650748524671,0
                -59.4466713447893,-34.3648044218359,0
                -59.4460191162183,-34.3648014716523,0
                -59.4460208960782,-34.3645310410389,0
                -59.4456947828759,-34.3645295646587,0
                -59.4456965637597,-34.3642591340481,0
                -59.4453704516287,-34.3642576568141,0
                -59.4453722335364,-34.3639872262063,0
                -59.4450461224768,-34.3639857481184,0
                -59.4450479054083,-34.3637153175134,0
                -59.4443956854556,-34.3637123587612,0
                -59.4443974704584,-34.3634419281739,0
                -59.4440713615653,-34.3634404475096,0
                -59.4440695755149,-34.363710878082,0
                -59.443417355705,-34.3637079141173,0
                -59.4434155675356,-34.3639783446477,0
                -59.4424372348567,-34.3639738921403,0
                -59.442431860777,-34.3647851835247,0
                -59.442105746789,-34.3647836975732,0
                -59.4420985768245,-34.3658654191906,0
                -59.4417724586697,-34.3658639323104,0
                -59.4417616967199,-34.367486514285,0
                -59.4414355723026,-34.3674850264461,0
                -59.4414176233286,-34.370189328623,0
                -59.4410914884569,-34.3701878397653,0
                -59.4410861001544,-34.3709991301384,0
                -59.4407599621628,-34.3709976403668,0
                -59.440754570501,-34.3718089305864,0
                -59.4404284293895,-34.3718074399007,0
                -59.4404248327324,-34.3723482999569,0
                -59.4400986895489,-34.3723468083721,0
                -59.4400950906999,-34.37288766835,0
                -59.4397689454443,-34.3728861758662,0
                -59.4397653444033,-34.3734270357658,0
                -59.4394391970755,-34.3734255423829,0
                -59.4394355938423,-34.3739664022042,0
                -59.4391094444424,-34.3739649079222,0
                -59.4391058390169,-34.3745057676652,0
                -59.4387796875448,-34.374504272484,0
                -59.4387742760819,-34.3753155619629,0
                -59.4384481214894,-34.3753140658674,0
                -59.4384409016762,-34.3763957849436,0
                -59.4381147429149,-34.3763942879187,0
                -59.4381002937476,-34.3785577253718,0
                -59.4377741266241,-34.3785562273571,0
                -59.4377650898704,-34.3799083752981,0
                -59.4380912622357,-34.3799098733882,0
                -59.438078617108,-34.3818028801049,0
                -59.4384047968366,-34.3818043774313,0
                -59.4383975747138,-34.3828860953502,0
                -59.4387237586606,-34.3828875918675,0
                -59.438712931046,-34.3845101684746,0
                -59.4390391213086,-34.3845116642129,0
                -59.4390373176706,-34.3847820936203,0
                -59.4393635090059,-34.3847835885043,0
                -59.4393581010938,-34.3855948766992,0
                -59.4390319066125,-34.3855933817701,0
                -59.4390301028784,-34.3858638111292,0
                -59.437725320999,-34.3858578226579,0
                -59.437723513046,-34.3861282519448,0
                -59.4364187273572,-34.3861222495017,0
                -59.4364169151851,-34.3863926787161,0
                -59.4354383230259,-34.386388167709,0
                -59.4354365076834,-34.3866585968659,0
                -59.4351103092966,-34.3866570914427,0
                -59.4351084928812,-34.3869275205724,0
                -59.4347822934698,-34.3869260142646,0
                -59.4347804759814,-34.387196443367,0
                -59.4344542755455,-34.3871949361746,0
                -59.4344524569841,-34.3874653652498,0
                -59.4334738526755,-34.38746083841,0
                -59.433481139361,-34.3863791222192,0
                -59.4331549421684,-34.3863776115945,0
                -59.4331604100738,-34.3855663243704,0
                -59.4328342160517,-34.3855648129218,0
                -59.4328378632978,-34.3850239547426,0
                -59.4325116713974,-34.385022442455,0
                -59.4325134960327,-34.3847520133626,0
                -59.4328396868845,-34.3847535256349,0
                -59.4328415104468,-34.3844830965152,0
                -59.4341462699023,-34.3844891368496,0
                -59.4341444505346,-34.3847595660302,0
                -59.4354492145727,-34.3847655925148,0
                -59.4354510297458,-34.3844951632735,0
                -59.4361034098128,-34.384498171269,0
                -59.4361052228645,-34.3842277419855,0
                -59.4367576009308,-34.3842307464731,0
                -59.4367612227672,-34.3836898878092,0
                -59.4370874097393,-34.3836913887187,0
                -59.4371018877311,-34.3815279534602,0
                -59.4367757091473,-34.3815264526716,0
                -59.4367811411417,-34.3807151642961,0
                -59.4364549657275,-34.3807136626836,0
                -59.4364658353551,-34.3790910856977,0
                -59.4367920044788,-34.3790925872196,0
                -59.4368101081105,-34.3763882911275,0
                -59.4371362667755,-34.376389791629,0
                -59.4371471215073,-34.3747672133045,0
                -59.4374732739072,-34.3747687128463,0
                -59.437476889862,-34.3742278532781,0
                -59.4378030401898,-34.3742293519206,0
                -59.4378102676179,-34.3731476325793,0
                -59.4381364137774,-34.3731491302924,0
                -59.4381400252509,-34.3726082705192,0
                -59.4384661693384,-34.3726097673331,0
                -59.4384697786196,-34.3720689074816,0
                -59.4387959206351,-34.3720704033963,0
                -59.4388031347169,-34.3709886834884,0
                -59.4391292725645,-34.3709901784739,0
                -59.4391346797297,-34.3701788883712,0
                -59.4394608144576,-34.3701803824426,0
                -59.4394698206799,-34.3688282319552,0
                -59.4397959501924,-34.3688297250825,0
                -59.4398085505607,-34.3669367137887,0
                -59.4401346727627,-34.3669382059418,0
                -59.44015086208,-34.3645043332753,0
                -59.4404769748769,-34.3645058244244,0
                -59.440485962865,-34.3631536724461,0
                -59.440159855306,-34.3631521813721,0
                -59.4401616538794,-34.3628817509552,0
                -59.4408138669262,-34.3628847322046,0
                -59.4408174598108,-34.3623438712748,0
                -59.4411435642751,-34.3623453605665,0
                -59.441145359634,-34.3620749300685,0
                -59.4414714630748,-34.3620764184764,0
                -59.4414750516258,-34.3615355574143,0
                -59.4418011529955,-34.3615370449236,0
                -59.441804739356,-34.3609961837833,0
                -59.4414786400812,-34.360994696304,0
                -59.441482228441,-34.3604538351455,0
                -59.4411561312849,-34.3604523468275,0
                -59.4411579264763,-34.3601819162451,0
                -59.4408318303916,-34.3601804270735,0
                -59.4408336266065,-34.3599099964941,0
                -59.4401814366036,-34.3599070155749,0
                -59.4401832348893,-34.3596365850135,0
                -59.4398571409712,-34.359635093266,0
                -59.4398589402802,-34.3593646627076,0
                -59.4395328474335,-34.3593631701065,0
                -59.4395364480743,-34.3588223089835,0
                -59.4431234476641,-34.3588386794923,0
              </coordinates>
            </LinearRing>
          </outerBoundaryIs>
          <innerBoundaryIs>
            <LinearRing>
              <coordinates>
                -59.4414642856857,-34.363158140456,0
                -59.4411381780549,-34.3631566519881,0
                -59.4411363826002,-34.3634270824379,0
                -59.4414624912786,-34.3634285709208,0
                -59.4414642856857,-34.363158140456,0
              </coordinates>
            </LinearRing>
          </innerBoundaryIs>
          <innerBoundaryIs>
            <LinearRing>
              <coordinates>
                -59.4644630932177,-34.3876003885705,0
                -59.4641368895859,-34.3875989604888,0
                -59.4641351664426,-34.3878693908969,0
                -59.4644613711232,-34.387870818993,0
                -59.4644630932177,-34.3876003885705,0
              </coordinates>
            </LinearRing>
          </innerBoundaryIs>
        </Polygon>
      </Placemark>
      <Placemark id="rog_P100_24h_sat_agua5cm.27">
        <name><![CDATA[100 mm en 24 h · suelo saturado (Ks 2 mm/h) · h>5 cm]]></name>
        <Polygon>
          <outerBoundaryIs>
            <LinearRing>
              <coordinates>
                -59.40335020969,-34.4032734222835,0
                -59.4033482899605,-34.4035438491532,0
                -59.4030220279152,-34.403542257513,0
                -59.4030239486942,-34.4032718306594,0
                -59.40335020969,-34.4032734222835,0
              </coordinates>
            </LinearRing>
          </outerBoundaryIs>
        </Polygon>
      </Placemark>
      <Placemark id="rog_P100_24h_sat_agua5cm.28">
        <name><![CDATA[100 mm en 24 h · suelo saturado (Ks 2 mm/h) · h>5 cm]]></name>
        <Polygon>
          <outerBoundaryIs>
            <LinearRing>
              <coordinates>
                -59.4026842343856,-34.4051632257748,0
                -59.4026823123777,-34.4054336525279,0
                -59.402356043036,-34.4054320590354,0
                -59.4023579660936,-34.4051616322983,0
                -59.4026842343856,-34.4051632257748,0
              </coordinates>
            </LinearRing>
          </outerBoundaryIs>
        </Polygon>
      </Placemark>
      <Placemark id="rog_P100_24h_sat_agua5cm.29">
        <name><![CDATA[100 mm en 24 h · suelo saturado (Ks 2 mm/h) · h>5 cm]]></name>
        <Polygon>
          <outerBoundaryIs>
            <LinearRing>
              <coordinates>
                -59.4000818101328,-34.4040687469827,0
                -59.4000798798302,-34.4043391736555,0
                -59.4004061447935,-34.4043407731741,0
                -59.4004042155149,-34.404611199851,0
                -59.4007304815535,-34.4046127985156,0
                -59.4007227683805,-34.4056945051666,0
                -59.4000702279314,-34.4056913068386,0
                -59.4000779495019,-34.4046096003163,0
                -59.3997516835147,-34.4046079999116,0
                -59.3997555462449,-34.4040671466102,0
                -59.4000818101328,-34.4040687469827,0
              </coordinates>
            </LinearRing>
          </outerBoundaryIs>
        </Polygon>
      </Placemark>
      <Placemark id="rog_P100_24h_sat_agua5cm.30">
        <name><![CDATA[100 mm en 24 h · suelo saturado (Ks 2 mm/h) · h>5 cm]]></name>
        <Polygon>
          <outerBoundaryIs>
            <LinearRing>
              <coordinates>
                -59.433703524429,-34.4017950703445,0
                -59.4336998804651,-34.4023359271197,0
                -59.4340261396063,-34.4023374369019,0
                -59.4340206766272,-34.4031487220198,0
                -59.4343469389414,-34.4031502309777,0
                -59.4343414788927,-34.4039615160326,0
                -59.4340152134297,-34.4039600070291,0
                -59.4340097500138,-34.4047712919299,0
                -59.433683481426,-34.4047697820109,0
                -59.4336780146425,-34.4055810667575,0
                -59.4333517429299,-34.4055795559228,0
                -59.4333480961866,-34.4061204123298,0
                -59.4326955486353,-34.4061173879892,0
                -59.4326973741186,-34.4058469598221,0
                -59.4323711014291,-34.4058454463619,0
                -59.4323765808822,-34.4050341618341,0
                -59.4327028504224,-34.4050356752486,0
                -59.4327046758084,-34.4047652470333,0
                -59.4330309443233,-34.4047667595625,0
                -59.4330345929229,-34.4042259030653,0
                -59.4327083265074,-34.4042243905665,0
                -59.4327101518204,-34.403953962315,0
                -59.4330364171863,-34.4039554747986,0
                -59.4330382414253,-34.4036850465199,0
                -59.4333645057658,-34.4036865581182,0
                -59.4333699751882,-34.4028752731639,0
                -59.4330437139965,-34.4028737616112,0
                -59.4330491863489,-34.402062476594,0
                -59.4333754443919,-34.402063988101,0
                -59.4333772674112,-34.4017935597226,0
                -59.433703524429,-34.4017950703445,0
              </coordinates>
            </LinearRing>
          </outerBoundaryIs>
        </Polygon>
      </Placemark>
      <Placemark id="rog_P100_24h_sat_agua5cm.31">
        <name><![CDATA[100 mm en 24 h · suelo saturado (Ks 2 mm/h) · h>5 cm]]></name>
        <Polygon>
          <outerBoundaryIs>
            <LinearRing>
              <coordinates>
                -59.4010490386436,-34.4056961030255,0
                -59.4010471113358,-34.4059665296742,0
                -59.4007208400229,-34.4059649317992,0
                -59.4007227683805,-34.4056945051666,0
                -59.4010490386436,-34.4056961030255,0
              </coordinates>
            </LinearRing>
          </outerBoundaryIs>
        </Polygon>
      </Placemark>
      <Placemark id="rog_P100_24h_sat_agua5cm.32">
        <name><![CDATA[100 mm en 24 h · suelo saturado (Ks 2 mm/h) · h>5 cm]]></name>
        <Polygon>
          <outerBoundaryIs>
            <LinearRing>
              <coordinates>
                -59.4013733826743,-34.4059681266791,0
                -59.4013695300811,-34.4065089799724,0
                -59.4010432566431,-34.4065073829353,0
                -59.4010471113358,-34.4059665296742,0
                -59.4013733826743,-34.4059681266791,0
              </coordinates>
            </LinearRing>
          </outerBoundaryIs>
        </Polygon>
      </Placemark>
      <Placemark id="rog_P100_24h_sat_agua5cm.33">
        <name><![CDATA[100 mm en 24 h · suelo saturado (Ks 2 mm/h) · h>5 cm]]></name>
        <Polygon>
          <outerBoundaryIs>
            <LinearRing>
              <coordinates>
                -59.4173569597172,-34.4065861689047,0
                -59.4173550848209,-34.4068565963101,0
                -59.4170288090916,-34.4068550418928,0
                -59.4170306850377,-34.4065846145031,0
                -59.4173569597172,-34.4065861689047,0
              </coordinates>
            </LinearRing>
          </outerBoundaryIs>
        </Polygon>
      </Placemark>
      <Placemark id="rog_P100_24h_sat_agua5cm.34">
        <name><![CDATA[100 mm en 24 h · suelo saturado (Ks 2 mm/h) · h>5 cm]]></name>
        <Polygon>
          <outerBoundaryIs>
            <LinearRing>
              <coordinates>
                -59.4176813605752,-34.4068581498573,0
                -59.4176794867037,-34.4071285772663,0
                -59.4173532098996,-34.4071270237035,0
                -59.4173550848209,-34.4068565963101,0
                -59.4176813605752,-34.4068581498573,0
              </coordinates>
            </LinearRing>
          </outerBoundaryIs>
        </Polygon>
      </Placemark>
      <Placemark id="rog_P100_24h_sat_agua5cm.35">
        <name><![CDATA[100 mm en 24 h · suelo saturado (Ks 2 mm/h) · h>5 cm]]></name>
        <Polygon>
          <outerBoundaryIs>
            <LinearRing>
              <coordinates>
                -59.4111653242113,-34.4054747779366,0
                -59.4111634294703,-34.4057452050916,0
                -59.4114897005484,-34.4057467751078,0
                -59.4114859130901,-34.4062876294131,0
                -59.4118121862929,-34.4062891985909,0
                -59.4118046152725,-34.4073709071199,0
                -59.4111520604939,-34.4073677677678,0
                -59.4111539553864,-34.4070973406853,0
                -59.4108276790848,-34.4070957697199,0
                -59.4108333667602,-34.4062844884473,0
                -59.4105070936331,-34.4062829166592,0
                -59.4105127842303,-34.4054716353254,0
                -59.4111653242113,-34.4054747779366,0
              </coordinates>
            </LinearRing>
          </outerBoundaryIs>
        </Polygon>
      </Placemark>
      <Placemark id="rog_P100_24h_sat_agua5cm.36">
        <name><![CDATA[100 mm en 24 h · suelo saturado (Ks 2 mm/h) · h>5 cm]]></name>
        <Polygon>
          <outerBoundaryIs>
            <LinearRing>
              <coordinates>
                -59.4101732285154,-34.4073630522137,0
                -59.4101713304482,-34.4076334792367,0
                -59.4098450521227,-34.4076319056292,0
                -59.4098469512398,-34.407361478622,0
                -59.4101732285154,-34.4073630522137,0
              </coordinates>
            </LinearRing>
          </outerBoundaryIs>
        </Polygon>
      </Placemark>
      <Placemark id="rog_P100_24h_sat_agua5cm.37">
        <name><![CDATA[100 mm en 24 h · suelo saturado (Ks 2 mm/h) · h>5 cm]]></name>
        <Polygon>
          <outerBoundaryIs>
            <LinearRing>
              <coordinates>
                -59.4085342289732,-34.4084368832566,0
                -59.4085323255555,-34.4087073101521,0
                -59.4082060431574,-34.4087057321303,0
                -59.408207947625,-34.4084353052507,0
                -59.4085342289732,-34.4084368832566,0
              </coordinates>
            </LinearRing>
          </outerBoundaryIs>
        </Polygon>
      </Placemark>
      <Placemark id="rog_P100_24h_sat_agua5cm.38">
        <name><![CDATA[100 mm en 24 h · suelo saturado (Ks 2 mm/h) · h>5 cm]]></name>
        <Polygon>
          <outerBoundaryIs>
            <LinearRing>
              <coordinates>
                -59.4075534784373,-34.4087025734763,0
                -59.4075496652263,-34.4092434271357,0
                -59.4072233808046,-34.4092418464716,0
                -59.4072271961154,-34.408700992844,0
                -59.4075534784373,-34.4087025734763,0
              </coordinates>
            </LinearRing>
          </outerBoundaryIs>
        </Polygon>
      </Placemark>
      <Placemark id="rog_P100_24h_sat_agua5cm.39">
        <name><![CDATA[100 mm en 24 h · suelo saturado (Ks 2 mm/h) · h>5 cm]]></name>
        <Polygon>
          <outerBoundaryIs>
            <LinearRing>
              <coordinates>
                -59.4153804989379,-34.4092811020144,0
                -59.4153767360215,-34.4098219563839,0
                -59.415050448894,-34.4098203965732,0
                -59.4150542139102,-34.4092795422351,0
                -59.4153804989379,-34.4092811020144,0
              </coordinates>
            </LinearRing>
          </outerBoundaryIs>
        </Polygon>
      </Placemark>
      <Placemark id="rog_P100_24h_sat_agua5cm.40">
        <name><![CDATA[100 mm en 24 h · suelo saturado (Ks 2 mm/h) · h>5 cm]]></name>
        <Polygon>
          <outerBoundaryIs>
            <LinearRing>
              <coordinates>
                -59.415050448894,-34.4098203965732,0
                -59.4150485663482,-34.4100908237241,0
                -59.4147222781958,-34.4100892630275,0
                -59.4147241617915,-34.4098188358923,0
                -59.415050448894,-34.4098203965732,0
              </coordinates>
            </LinearRing>
          </outerBoundaryIs>
        </Polygon>
      </Placemark>
      <Placemark id="rog_P100_24h_sat_agua5cm.41">
        <name><![CDATA[100 mm en 24 h · suelo saturado (Ks 2 mm/h) · h>5 cm]]></name>
        <Polygon>
          <outerBoundaryIs>
            <LinearRing>
              <coordinates>
                -59.4098336568889,-34.4092544674188,0
                -59.4098317575947,-34.4095248943415,0
                -59.4095054719455,-34.409523319753,0
                -59.4094997707612,-34.4103346004011,0
                -59.4091734819875,-34.4103330248948,0
                -59.4091753834575,-34.41006259804,0
                -59.4088490957592,-34.4100610216793,0
                -59.4088529007231,-34.4095201679652,0
                -59.4091791863217,-34.4095217442942,0
                -59.4091810877157,-34.4092513174032,0
                -59.4098336568889,-34.4092544674188,0
              </coordinates>
            </LinearRing>
          </outerBoundaryIs>
        </Polygon>
      </Placemark>
      <Placemark id="rog_P100_24h_sat_agua5cm.42">
        <name><![CDATA[100 mm en 24 h · suelo saturado (Ks 2 mm/h) · h>5 cm]]></name>
        <Polygon>
          <outerBoundaryIs>
            <LinearRing>
              <coordinates>
                -59.4153748545257,-34.4100923835505,0
                -59.4153729730048,-34.4103628107051,0
                -59.4150466837774,-34.410361250863,0
                -59.4150485663482,-34.4100908237241,0
                -59.4153748545257,-34.4100923835505,0
              </coordinates>
            </LinearRing>
          </outerBoundaryIs>
        </Polygon>
      </Placemark>
      <Placemark id="rog_P100_24h_sat_agua5cm.43">
        <name><![CDATA[100 mm en 24 h · suelo saturado (Ks 2 mm/h) · h>5 cm]]></name>
        <Polygon>
          <outerBoundaryIs>
            <LinearRing>
              <coordinates>
                -59.4147222781958,-34.4100892630275,0
                -59.414720394575,-34.4103596901506,0
                -59.4143941053978,-34.410358128568,0
                -59.4143959900686,-34.4100877014606,0
                -59.4147222781958,-34.4100892630275,0
              </coordinates>
            </LinearRing>
          </outerBoundaryIs>
        </Polygon>
      </Placemark>
      <Placemark id="rog_P100_24h_sat_agua5cm.44">
        <name><![CDATA[100 mm en 24 h · suelo saturado (Ks 2 mm/h) · h>5 cm]]></name>
        <Polygon>
          <outerBoundaryIs>
            <LinearRing>
              <coordinates>
                -59.4137415271187,-34.4103550027922,0
                -59.4137339797845,-34.4114367109754,0
                -59.413081393206,-34.4114335815926,0
                -59.4130851711234,-34.4108927275881,0
                -59.4134114623001,-34.4108942926832,0
                -59.4134152380169,-34.4103534385989,0
                -59.4137415271187,-34.4103550027922,0
              </coordinates>
            </LinearRing>
          </outerBoundaryIs>
        </Polygon>
      </Placemark>
      <Placemark id="rog_P100_24h_sat_agua5cm.45">
        <name><![CDATA[100 mm en 24 h · suelo saturado (Ks 2 mm/h) · h>5 cm]]></name>
        <Polygon>
          <outerBoundaryIs>
            <LinearRing>
              <coordinates>
                -59.4172744406392,-34.4184849633286,0
                -59.4172706886222,-34.4190258170655,0
                -59.4162917197458,-34.4190211490897,0
                -59.4162898405485,-34.4192915758931,0
                -59.4159635165894,-34.4192900181445,0
                -59.4159672770597,-34.418749164557,0
                -59.416293598918,-34.4187507222743,0
                -59.4162954780652,-34.4184802954468,0
                -59.4172744406392,-34.4184849633286,0
              </coordinates>
            </LinearRing>
          </outerBoundaryIs>
        </Polygon>
      </Placemark>
      <Placemark id="rog_P100_24h_sat_agua5cm.46">
        <name><![CDATA[100 mm en 24 h · suelo saturado (Ks 2 mm/h) · h>5 cm]]></name>
        <Polygon>
          <outerBoundaryIs>
            <LinearRing>
              <coordinates>
                -59.4051871801774,-34.4203198290162,0
                -59.4051852651384,-34.4205902552213,0
                -59.4048589367868,-34.4205886677951,0
                -59.4048608528763,-34.4203182416059,0
                -59.4051871801774,-34.4203198290162,0
              </coordinates>
            </LinearRing>
          </outerBoundaryIs>
        </Polygon>
      </Placemark>
      <Placemark id="rog_P100_24h_sat_agua5cm.47">
        <name><![CDATA[100 mm en 24 h · suelo saturado (Ks 2 mm/h) · h>5 cm]]></name>
        <Polygon>
          <outerBoundaryIs>
            <LinearRing>
              <coordinates>
                -59.4283693654457,-34.4185373184428,0
                -59.4283601637886,-34.4198894553289,0
                -59.4277075098584,-34.4198864033189,0
                -59.4277056673524,-34.4201568306292,0
                -59.4280319953558,-34.4201583570849,0
                -59.428026470842,-34.4209696389895,0
                -59.4277001396872,-34.4209681124878,0
                -59.4277038248219,-34.4204272579275,0
                -59.4273774957927,-34.4204257305859,0
                -59.4273793393737,-34.420155303303,0
                -59.4270530114195,-34.4201537751063,0
                -59.4270640786922,-34.4185312112479,0
                -59.4283693654457,-34.4185373184428,0
              </coordinates>
            </LinearRing>
          </outerBoundaryIs>
        </Polygon>
      </Placemark>
      <Placemark id="rog_P100_24h_sat_agua5cm.48">
        <name><![CDATA[100 mm en 24 h · suelo saturado (Ks 2 mm/h) · h>5 cm]]></name>
        <Polygon>
          <outerBoundaryIs>
            <LinearRing>
              <coordinates>
                -59.4136641478669,-34.4214425025165,0
                -59.4136603721876,-34.4219833556426,0
                -59.4130077036862,-34.4219802250314,0
                -59.4130114835677,-34.4214393719683,0
                -59.4136641478669,-34.4214425025165,0
              </coordinates>
            </LinearRing>
          </outerBoundaryIs>
        </Polygon>
      </Placemark>
      <Placemark id="rog_P100_24h_sat_agua5cm.49">
        <name><![CDATA[100 mm en 24 h · suelo saturado (Ks 2 mm/h) · h>5 cm]]></name>
        <Polygon>
          <outerBoundaryIs>
            <LinearRing>
              <coordinates>
                -59.4175520048397,-34.4255176127694,0
                -59.4175463779786,-34.4263288924622,0
                -59.4172200266034,-34.426327337789,0
                -59.4172256566168,-34.4255160581431,0
                -59.4175520048397,-34.4255176127694,0
              </coordinates>
            </LinearRing>
          </outerBoundaryIs>
        </Polygon>
      </Placemark>
      <Placemark id="rog_P100_24h_sat_agua5cm.50">
        <name><![CDATA[100 mm en 24 h · suelo saturado (Ks 2 mm/h) · h>5 cm]]></name>
        <Polygon>
          <outerBoundaryIs>
            <LinearRing>
              <coordinates>
                -59.3877271381093,-34.3980579449475,0
                -59.3877251684983,-34.3983283712676,0
                -59.3880514093857,-34.3983300034858,0
                -59.3880494407978,-34.3986004298104,0
                -59.3883756827608,-34.3986020611752,0
                -59.388371747605,-34.3991429138209,0
                -59.3886979916929,-34.3991445443487,0
                -59.388696025125,-34.3994149706698,0
                -59.3890222702885,-34.3994166003442,0
                -59.3890203047438,-34.3996870266696,0
                -59.3893465509829,-34.3996886554905,0
                -59.3893445864614,-34.3999590818203,0
                -59.3899970811169,-34.3999623368852,0
                -59.3899951186681,-34.4002327632356,0
                -59.3909738639956,-34.4002376393579,0
                -59.390971904669,-34.4005080657453,0
                -59.3912981542132,-34.400509689396,0
                -59.3912961959098,-34.4007801157877,0
                -59.3919486971754,-34.4007833605119,0
                -59.3919447846882,-34.4013242133246,0
                -59.3922710374591,-34.4013258344144,0
                -59.3922671269666,-34.4018666872114,0
                -59.3925933818625,-34.4018683074639,0
                -59.3925894733649,-34.4024091602453,0
                -59.3929157303859,-34.4024107796605,0
                -59.3929137771475,-34.4026812060493,0
                -59.3932400352441,-34.4026828246108,0
                -59.3932380830293,-34.4029532510039,0
                -59.3935643422014,-34.4029548687117,0
                -59.3935623910102,-34.403225295109,0
                -59.3938886512579,-34.4032269119631,0
                -59.3938867010902,-34.4034973383646,0
                -59.3942129624135,-34.403498954365,0
                -59.3942110132694,-34.4037693807706,0
                -59.3945372756683,-34.4037709959173,0
                -59.3945314312292,-34.4045822751106,0
                -59.3948576968029,-34.404583889436,0
                -59.3948362767406,-34.4075585790607,0
                -59.3951625538872,-34.4075601926947,0
                -59.3951450354948,-34.40999402872,0
                -59.3954713221162,-34.4099956416299,0
                -59.3954693765484,-34.4102660678108,0
                -59.3957956642457,-34.4102676798668,0
                -59.3957898305366,-34.4110789583857,0
                -59.3961161214097,-34.4110805696201,0
                -59.3961083469681,-34.4121622742078,0
                -59.3964346420672,-34.4121638846368,0
                -59.3964326994421,-34.4124343107697,0
                -59.3970852918181,-34.4124375290491,0
                -59.3970814106905,-34.4129783813436,0
                -59.3974077090174,-34.4129799892102,0
                -59.397405769465,-34.4132504153556,0
                -59.3977320688678,-34.413252022368,0
                -59.3977281917855,-34.4137928746548,0
                -59.3980544933145,-34.4137944808293,0
                -59.3980506182291,-34.4143353331001,0
                -59.3983769218842,-34.4143369384365,0
                -59.398374985353,-34.41460736457,0
                -59.398701290084,-34.4146089690522,0
                -59.3986974190445,-34.4151498213152,0
                -59.3990237259017,-34.4151514249594,0
                -59.3990217913934,-34.4154218510889,0
                -59.4000007152703,-34.4154266568474,0
                -59.3999968524778,-34.4159675091669,0
                -59.3996705423927,-34.4159659080856,0
                -59.3996647448602,-34.416777186426,0
                -59.3993384316499,-34.4167755844259,0
                -59.3993364980373,-34.4170460104991,0
                -59.3990101838026,-34.4170444076124,0
                -59.399002444893,-34.4181261117199,0
                -59.3993287633291,-34.4181277146711,0
                -59.3993248958203,-34.4186685666847,0
                -59.3996512163829,-34.4186701687977,0
                -59.3996492836402,-34.4189405948025,0
                -59.3999756052789,-34.4189421960611,0
                -59.3999736735609,-34.41921262207,0
                -59.4002999962758,-34.4192142224742,0
                -59.4002980655825,-34.419484648487,0
                -59.4006243893735,-34.4194862480368,0
                -59.4006224597049,-34.4197566740537,0
                -59.4019277593277,-34.4197630636119,0
                -59.401923908317,-34.4203039157381,0
                -59.4015975812718,-34.4203023196222,0
                -59.4015860213207,-34.4219248756147,0
                -59.401912354669,-34.4219264718269,0
                -59.4019065774985,-34.4227377497083,0
                -59.4022329140241,-34.4227393450981,0
                -59.4022309892999,-34.4230097710505,0
                -59.4025573269017,-34.4230113655857,0
                -59.4025534794776,-34.4235522174863,0
                -59.4028798192064,-34.4235538111829,0
                -59.402875973781,-34.4240946630674,0
                -59.402549631951,-34.4240930693386,0
                -59.4025477081492,-34.4243634952467,0
                -59.4022213652941,-34.4243619006313,0
                -59.4022155905828,-34.4251731782349,0
                -59.4018892446012,-34.4251715827006,0
                -59.4018776881814,-34.4267941374855,0
                -59.4022040404675,-34.4267957331161,0
                -59.4022001902238,-34.4273365846466,0
                -59.4025265446373,-34.4273381794385,0
                -59.4025226963927,-34.4278790309528,0
                -59.4028490529335,-34.427880624906,0
                -59.4028471298236,-34.4281510506611,0
                -59.4031734874409,-34.4281526437596,0
                -59.4031715653562,-34.4284230695186,0
                -59.4038242827694,-34.4284262531351,0
                -59.403822362761,-34.4286966789141,0
                -59.4041487225568,-34.4286982694322,0
                -59.4041468035737,-34.4289686952151,0
                -59.4044731644461,-34.4289702848783,0
                -59.4044712464883,-34.4292407106651,0
                -59.4047976084372,-34.4292422994735,0
                -59.4047956915048,-34.4295127252642,0
                -59.4051220545301,-34.4295143132177,0
                -59.4051201386232,-34.4297847390124,0
                -59.4057728668523,-34.4297879123388,0
                -59.4057671252841,-34.4305991897461,0
                -59.4060934925899,-34.4306007751508,0
                -59.4060915797339,-34.4308712009451,0
                -59.4064179481162,-34.4308727854949,0
                -59.4064160362857,-34.431143211293,0
                -59.4070687752288,-34.4311463778118,0
                -59.4070668654749,-34.4314168036296,0
                -59.4083723478705,-34.43142312628,0
                -59.4083704422954,-34.4316935521494,0
                -59.4090231857478,-34.4316967082808,0
                -59.4090212822494,-34.4319671341699,0
                -59.4093476550647,-34.4319687109451,0
                -59.409343850094,-34.4325095627189,0
                -59.4106493500175,-34.432515861237,0
                -59.4106512483111,-34.4322454352928,0
                -59.411630370366,-34.4322501499889,0
                -59.4116284752257,-34.4325205759806,0
                -59.4122812254909,-34.4325237147883,0
                -59.4122793324275,-34.4327941407994,0
                -59.4126057086491,-34.4327957089126,0
                -59.4126038166117,-34.4330661349274,0
                -59.4132565712326,-34.4330692685724,0
                -59.4132546812723,-34.4333396946067,0
                -59.4135810596717,-34.4333412601385,0
                -59.4135791707374,-34.4336116861765,0
                -59.4139055502131,-34.433613250853,0
                -59.4139036623048,-34.4338836768947,0
                -59.4142300428569,-34.433885240716,0
                -59.4142281559745,-34.4341556667613,0
                -59.4148809192565,-34.4341587918223,0
                -59.4148790344515,-34.434429217887,0
                -59.4158581827164,-34.4344338989931,0
                -59.4158600643678,-34.4341634728813,0
                -59.4165128279008,-34.4341665892322,0
                -59.4165090687777,-34.4347074415064,0
                -59.4168354526842,-34.4347089984067,0
                -59.4168279383424,-34.435790702873,0
                -59.4171543264789,-34.4357922589649,0
                -59.4171524488822,-34.4360626850669,0
                -59.4174788380951,-34.4360642403034,0
                -59.4174750849292,-34.4366050925026,0
                -59.418780650441,-34.4366113048627,0
                -59.4187787780259,-34.4368817310067,0
                -59.4194315630343,-34.4368848319914,0
                -59.4194296926969,-34.4371552581545,0
                -59.4197560862898,-34.4371568073558,0
                -59.4197504782822,-34.4379680858195,0
                -59.4200768750542,-34.4379696341964,0
                -59.4200731383608,-34.4385104864763,0
                -59.4197467394859,-34.4385089380682,0
                -59.4197411311047,-34.4393202163509,0
                -59.4200675331339,-34.4393217648057,0
                -59.4200619276828,-34.4401330430264,0
                -59.4197355224992,-34.4401314945248,0
                -59.4197392615945,-34.4395906424209,0
                -59.4187600525021,-34.4395859917826,0
                -59.4187581798125,-34.4398564177938,0
                -59.4184317757801,-34.4398548658231,0
                -59.418428028223,-34.4403957177781,0
                -59.4187544343584,-34.44039726978,0
                -59.418743197397,-34.4420198254489,0
                -59.4190696098667,-34.4420213766733,0
                -59.4190658661165,-34.4425622284976,0
                -59.4193922807145,-34.4425637788819,0
                -59.4193904098536,-34.4428342047916,0
                -59.4197168255281,-34.4428357543202,0
                -59.419714955694,-34.4431061802333,0
                -59.4200413724451,-34.4431077289062,0
                -59.4200376348053,-34.4436485807275,0
                -59.4203640536847,-34.4436501285603,0
                -59.4203547144082,-34.4450022579799,0
                -59.4190490180057,-34.4449960611093,0
                -59.4190508901178,-34.4447256353118,0
                -59.4183980441697,-34.4447225316796,0
                -59.4183999183603,-34.4444521059013,0
                -59.4170942309709,-34.4444458882431,0
                -59.417097987691,-34.4439050367753,0
                -59.4167715680096,-34.4439034802138,0
                -59.4167734473838,-34.4436330544774,0
                -59.4164470287792,-34.4436314970602,0
                -59.4164526699065,-34.4428202198258,0
                -59.416126254482,-34.4428186615843,0
                -59.4161300172115,-34.4422778100657,0
                -59.4158036039153,-34.4422762509842,0
                -59.4158073686477,-34.4417353994487,0
                -59.4154809574798,-34.4417338395273,0
                -59.4154847242151,-34.4411929879749,0
                -59.4151583151754,-34.4411914272137,0
                -59.4151620839134,-34.4406505756444,0
                -59.4148356770019,-34.4406490140434,0
                -59.4148375623848,-34.4403785882564,0
                -59.41451115655,-34.4403770257998,0
                -59.4145149293433,-34.439836174221,0
                -59.4135357182988,-34.4398314817186,0
                -59.4135338287602,-34.4401019074669,0
                -59.4132074240775,-34.4401003415413,0
                -59.4132055334622,-34.4403707672617,0
                -59.4128791277532,-34.4403692004492,0
                -59.4128772360612,-34.4406396261418,0
                -59.4125508293259,-34.4406380584423,0
                -59.4125584001487,-34.4395563556625,0
                -59.412884802678,-34.4395579232989,0
                -59.4128866942692,-34.439287497558,0
                -59.4125602927914,-34.4392859299374,0
                -59.412564078001,-34.4387450784509,0
                -59.4128904773759,-34.43874664604,0
                -59.4128923688915,-34.4384762202629,0
                -59.412565970568,-34.4384746526895,0
                -59.4125716481176,-34.4376633753331,0
                -59.4122452529735,-34.4376618069359,0
                -59.4122509334503,-34.4368505295181,0
                -59.4119245414855,-34.4368489602972,0
                -59.4119264359786,-34.4365785344829,0
                -59.4116000450904,-34.4365769644067,0
                -59.4116019406096,-34.4363065385961,0
                -59.411275550798,-34.4363049676646,0
                -59.4112774473432,-34.4360345418578,0
                -59.4106246698984,-34.4360313974131,0
                -59.4106265685209,-34.4357609716259,0
                -59.4099737932799,-34.4357578237287,0
                -59.4099756939796,-34.435487397961,0
                -59.4093229209424,-34.4354842466113,0
                -59.4093267264709,-34.4349433951031,0
                -59.4090003420929,-34.4349418181534,0
                -59.4090022458703,-34.4346713923971,0
                -59.4083494792928,-34.4346682359164,0
                -59.4083532909764,-34.4341273844311,0
                -59.4080269098281,-34.4341258049159,0
                -59.408028816683,-34.433855379171,0
                -59.4077024366113,-34.4338537988008,0
                -59.407704344492,-34.4335833730598,0
                -59.4070515865273,-34.4335802097382,0
                -59.4070534964848,-34.4333097840169,0
                -59.4057479850656,-34.4333034469856,0
                -59.4057403282639,-34.4343851495434,0
                -59.4060667102852,-34.4343867351715,0
                -59.4060609705698,-34.4351980120109,0
                -59.4063873557703,-34.4351995968158,0
                -59.4063835312684,-34.4357404480136,0
                -59.4067099185968,-34.4357420319793,0
                -59.4067080073589,-34.436012457576,0
                -59.4070343957641,-34.4360140406866,0
                -59.407032485552,-34.4362844662872,0
                -59.407358875034,-34.4362860485427,0
                -59.4073569658478,-34.4365564741471,0
                -59.4076833564065,-34.4365580555474,0
                -59.4076814482461,-34.4368284811556,0
                -59.4080078398816,-34.4368300617008,0
                -59.4080059327472,-34.4371004873129,0
                -59.4083323254594,-34.4371020670028,0
                -59.4083304193509,-34.4373724926187,0
                -59.4086568131399,-34.4373740714534,0
                -59.4086358558356,-34.4403487526062,0
                -59.4089622612158,-34.4403503307444,0
                -59.4089603569055,-34.4406207562472,0
                -59.4092867633626,-34.4406223335301,0
                -59.4092848600784,-34.4408927590366,0
                -59.4096112676124,-34.4408943354642,0
                -59.4096093653544,-34.4411647609745,0
                -59.4099357739653,-34.4411663365467,0
                -59.409920563402,-34.4433297403217,0
                -59.4102469804511,-34.4433313151494,0
                -59.4102431796602,-34.4438721660041,0
                -59.410569598838,-34.4438737399921,0
                -59.4105658000493,-34.4444145908301,0
                -59.4108922213559,-34.4444161639785,0
                -59.4108865261382,-34.4452274401925,0
                -59.4105601016764,-34.4452258669967,0
                -59.4105582021681,-34.4454962923614,0
                -59.4092525003671,-34.4454899908009,0
                -59.4092544040825,-34.4452195654996,0
                -59.4082751311534,-34.4452148302275,0
                -59.4082732242827,-34.4454852554812,0
                -59.4076203736868,-34.4454820942445,0
                -59.4076184646871,-34.4457525194543,0
                -59.4072920383756,-34.445750937513,0
                -59.4072901282986,-34.4460213626948,0
                -59.4069637009607,-34.4460197798662,0
                -59.4069617898065,-34.44629020502,0
                -59.4066353614422,-34.4462886213041,0
                -59.4066334492108,-34.4465590464299,0
                -59.405980590455,-34.4465558763519,0
                -59.4059786760944,-34.4468263014338,0
                -59.4043465243925,-34.4468183609094,0
                -59.4043484440124,-34.4465479359075,0
                -59.4046748732498,-34.4465495257392,0
                -59.4046767917922,-34.4462791007091,0
                -59.4050032200034,-34.4462806896535,0
                -59.405007054908,-34.4457398395252,0
                -59.4053334810411,-34.4457414275662,0
                -59.4053353974032,-34.445471002468,0
                -59.4056618225101,-34.4454725896216,0
                -59.405663737795,-34.4452021644953,0
                -59.4063165859817,-34.4452053361565,0
                -59.4063184991376,-34.4449349109863,0
                -59.4066449222174,-34.4449364954939,0
                -59.406646834296,-34.4446660702957,0
                -59.4069732563496,-34.444667653916,0
                -59.406975167351,-34.4443972286898,0
                -59.4073015883783,-34.4443988114229,0
                -59.4073034983025,-34.4441283861686,0
                -59.4076299183036,-34.4441299680144,0
                -59.4076413710043,-34.4425074161398,0
                -59.4073149573133,-34.4425058343895,0
                -59.407320686475,-34.4416945583369,0
                -59.4069942759642,-34.4416929757631,0
                -59.4069980973813,-34.4411521250328,0
                -59.4066716889991,-34.4411505416195,0
                -59.406673600721,-34.4408801162522,0
                -59.4063471934158,-34.4408785319837,0
                -59.4063510188862,-34.4403376812447,0
                -59.4060246137095,-34.4403360961369,0
                -59.406028441181,-34.4397952453815,0
                -59.4057020381329,-34.4397936594343,0
                -59.4057077823031,-34.4389823832586,0
                -59.4053813824349,-34.4389807964881,0
                -59.4053832981587,-34.438710371088,0
                -59.4050568993674,-34.4387087834624,0
                -59.4050607328413,-34.4381679326579,0
                -59.4047343361784,-34.438166344193,0
                -59.4047362539284,-34.4378959187887,0
                -59.4044098583425,-34.4378943294687,0
                -59.404419451966,-34.4365422023457,0
                -59.4040930616624,-34.4365406122345,0
                -59.4041084185405,-34.4343772083378,0
                -59.4037820366725,-34.4343756174836,0
                -59.4037858777386,-34.4338347664207,0
                -59.4034594979985,-34.4338331747276,0
                -59.4034633410646,-34.4332923236484,0
                -59.4031369634525,-34.4332907311163,0
                -59.4031388859982,-34.4330203055746,0
                -59.4028125094629,-34.4330187121876,0
                -59.4028144330341,-34.4327482866499,0
                -59.4021616821426,-34.4327450972951,0
                -59.4021636077904,-34.4324746717773,0
                -59.4018372334342,-34.4324730758095,0
                -59.4018391601075,-34.4322026502958,0
                -59.4015127868281,-34.4322010534731,0
                -59.4015147145267,-34.4319306279634,0
                -59.4011883423241,-34.4319290302859,0
                -59.4011864135744,-34.4321994557795,0
                -59.4008600403464,-34.432197857215,0
                -59.4008581105198,-34.4324682826805,0
                -59.4002053620388,-34.4324650829064,0
                -59.400216953225,-34.4308425301254,0
                -59.3998905853294,-34.4308409290286,0
                -59.3998983164759,-34.4297592269975,0
                -59.3995719528101,-34.4297576250942,0
                -59.3995758203307,-34.4292167740385,0
                -59.3992494587925,-34.4292151712967,0
                -59.3992513935651,-34.4289447457668,0
                -59.3989250331036,-34.4289431421703,0
                -59.3989269689013,-34.4286727166445,0
                -59.3979478908243,-34.4286679006783,0
                -59.3979459518739,-34.4289383261557,0
                -59.3976195915157,-34.4289367190758,0
                -59.3976176514885,-34.4292071445249,0
                -59.3972912901052,-34.429205536558,0
                -59.3972893490012,-34.4294759619789,0
                -59.3969629865929,-34.429474353125,0
                -59.3969591022054,-34.4300152038981,0
                -59.396632737721,-34.4300135941409,0
                -59.3966269077927,-34.4308248701614,0
                -59.3963005401812,-34.4308232594848,0
                -59.396298595769,-34.4310936847846,0
                -59.3966249644315,-34.4310952954774,0
                -59.3966191341924,-34.431906571353,0
                -59.3969455060339,-34.4319081812235,0
                -59.3969416211805,-34.4324490317792,0
                -59.3972679951501,-34.4324506408112,0
                -59.3972660537357,-34.4327210660871,0
                -59.3975924287822,-34.4327226742643,0
                -59.397590488393,-34.4329930995443,0
                -59.3992223692689,-34.4330011274468,0
                -59.3992184989244,-34.4335419781322,0
                -59.3988921205953,-34.4335403742614,0
                -59.3988882480453,-34.4340812248662,0
                -59.3985618676396,-34.434079620092,0
                -59.3985560554675,-34.4348908958603,0
                -59.398229671934,-34.4348892901667,0
                -59.3982277334404,-34.4351597153824,0
                -59.3985541180251,-34.4351613210922,0
                -59.3985521805569,-34.435431746312,0
                -59.398225794921,-34.4354301405861,0
                -59.3982238563757,-34.4357005657777,0
                -59.3988766297759,-34.4357037763908,0
                -59.3988746933073,-34.4359742016026,0
                -59.3998538567548,-34.4359790110377,0
                -59.3998519234144,-34.4362494362858,0
                -59.400178312333,-34.4362510377048,0
                -59.4001763800181,-34.436521462957,0
                -59.4005027700138,-34.4365230635211,0
                -59.4005008387244,-34.4367934887773,0
                -59.4001744476773,-34.4367918881971,0
                -59.4001725153109,-34.4370623134251,0
                -59.4008252995334,-34.4370655137466,0
                -59.4008233692439,-34.4373359389947,0
                -59.4001705829187,-34.4373327386411,0
                -59.4001628530923,-34.4384144393841,0
                -59.3998364557628,-34.4384128378362,0
                -59.3998422563254,-34.4376015623454,0
                -59.3995158621758,-34.4375999599747,0
                -59.3995197311914,-34.4370591096193,0
                -59.3991933391703,-34.4370575064098,0
                -59.3991952746908,-34.4367870812301,0
                -59.3988688837468,-34.4367854771656,0
                -59.3988708202928,-34.43651505199,0
                -59.398544430426,-34.4365134470706,0
                -59.3985483055431,-34.4359725967154,0
                -59.3975691424053,-34.4359677768277,0
                -59.397571083079,-34.4356973516805,0
                -59.3972446964694,-34.4356957433253,0
                -59.3972408129936,-34.4362365935752,0
                -59.3969144243074,-34.4362349843166,0
                -59.3968949948626,-34.4389392346798,0
                -59.3972213940625,-34.4389408441003,0
                -59.397219452027,-34.4392112690864,0
                -59.3975458523042,-34.439212877652,0
                -59.3975419702586,-34.4397537276203,0
                -59.3978683726646,-34.439755335347,0
                -59.3978664326545,-34.4400257603292,0
                -59.3981928361379,-34.440027367201,0
                -59.3981773235384,-34.4421907667532,0
                -59.3978509116427,-34.4421891597521,0
                -59.3978431505163,-34.4432708591737,0
                -59.3975167344399,-34.4432692512367,0
                -59.3975128516182,-34.4438101008427,0
                -59.3968600153363,-34.44380688229,0
                -59.3968561282043,-34.4443477317829,0
                -59.3958768676657,-34.4443428973218,0
                -59.3958749209057,-34.4446133220015,0
                -59.3945692363439,-34.4446068637898,0
                -59.3945711873108,-34.444336439175,0
                -59.3939183472893,-34.4443332048737,0
                -59.3939203003336,-34.4440627802794,0
                -59.392288205994,-34.4440546793594,0
                -59.3922842893624,-34.4445955283729,0
                -59.3919578684693,-34.4445939055423,0
                -59.3919559090626,-34.4448643300145,0
                -59.3922823310074,-34.4448659528615,0
                -59.3922803726263,-34.445136377338,0
                -59.392606795649,-34.4451379993299,0
                -59.392602880912,-34.4456788482794,0
                -59.3929293060643,-34.4456804694326,0
                -59.3929214804846,-34.4467621672518,0
                -59.3925950511251,-34.4467605460334,0
                -59.392597008611,-34.4464901216131,0
                -59.3922705803294,-34.4464884995396,0
                -59.392272538841,-34.4462180751234,0
                -59.3919461116373,-34.4462164521948,0
                -59.3919480711746,-34.4459460277829,0
                -59.3916216450488,-34.4459444039993,0
                -59.3916236056118,-34.4456739795917,0
                -59.3912971805639,-34.445672354953,0
                -59.3912991421525,-34.4454019305496,0
                -59.3909727181826,-34.445400305056,0
                -59.3909766433848,-34.4448594562457,0
                -59.3906502215445,-34.4448578299134,0
                -59.3906541487456,-34.4443169810875,0
                -59.3903277290349,-34.4443153539166,0
                -59.3903296936479,-34.4440449295018,0
                -59.3896768564085,-34.4440416725788,0
                -59.3896788230987,-34.4437712481848,0
                -59.38935240557,-34.4437696184327,0
                -59.3893543732856,-34.443499194043,0
                -59.3887015404102,-34.4434959319577,0
                -59.3887035102029,-34.4432255075887,0
                -59.3883770948562,-34.4432238752556,0
                -59.3883790656744,-34.4429534508909,0
                -59.3880526514056,-34.4429518177029,0
                -59.388054623249,-34.4426813933426,0
                -59.3877282100582,-34.4426797592998,0
                -59.3877262371631,-34.4429501836436,0
                -59.3873998229469,-34.442948548713,0
                -59.3873978489738,-34.4432189730283,0
                -59.3870714337323,-34.44321733721,0
                -59.3870773587274,-34.4424060642772,0
                -59.386750946667,-34.442404427637,0
                -59.3867529226643,-34.4421340033184,0
                -59.3857736897961,-34.4421290882196,0
                -59.3857756689219,-34.4418586639383,0
                -59.3847964394458,-34.4418537410479,0
                -59.3847944571653,-34.4421241652796,0
                -59.3844680463412,-34.4421225225571,0
                -59.3844640795978,-34.4426633709513,0
                -59.3841376666969,-34.4426617273245,0
                -59.3841297286863,-34.4437434239018,0
                -59.3844561457938,-34.4437450675947,0
                -59.3844521787332,-34.4442859158439,0
                -59.3841257595224,-34.4442842721179,0
                -59.3841217902526,-34.4448251202857,0
                -59.3844482115669,-34.4448267640448,0
                -59.384440276917,-34.4459084603016,0
                -59.3837874259009,-34.4459051717797,0
                -59.3837973546646,-34.444553051594,0
                -59.383470934455,-34.4445514061088,0
                -59.38347292118,-34.4442809820519,0
                -59.383799340338,-34.4442826275206,0
                -59.3838013259848,-34.4440122034351,0
                -59.3834749078786,-34.444010557983,0
                -59.3834828544082,-34.4429288615864,0
                -59.3838092683078,-34.4429305069723,0
                -59.3838231663543,-34.4410375376973,0
                -59.3834967598158,-34.4410358924272,0
                -59.3834987461967,-34.4407654682133,0
                -59.382845935302,-34.4407621750927,0
                -59.3828479237595,-34.4404917508998,0
                -59.3818687107708,-34.4404868047347,0
                -59.3818707023563,-34.4402163805795,0
                -59.3805650896157,-34.4402097735623,0
                -59.3805670853805,-34.4399393494615,0
                -59.3802406833133,-34.4399376955459,0
                -59.3802426801029,-34.4396672714496,0
                -59.3795898781513,-34.4396639610381,0
                -59.3795918770172,-34.4393935369631,0
                -59.3776334781107,-34.4393835849208,0
                -59.3776354832586,-34.4391131609338,0
                -59.3763298887276,-34.4391065088828,0
                -59.3763318980545,-34.4388360849506,0
                -59.3756791030524,-34.4388327537317,0
                -59.3756770916226,-34.4391031776303,0
                -59.3753506931104,-34.4391015106974,0
                -59.3753486806024,-34.4393719345672,0
                -59.3743694820723,-34.4393669284911,0
                -59.3743674663832,-34.4396373522985,0
                -59.3733882649405,-34.4396323383316,0
                -59.373390283784,-34.4393619145747,0
                -59.3711054887201,-34.439350184946,0
                -59.3711034625165,-34.4396206085849,0
                -59.3691450614917,-34.4396105205409,0
                -59.3691430289525,-34.4398809440663,0
                -59.3684902267245,-34.4398775743818,0
                -59.3684861573589,-34.4404184213284,0
                -59.3688125605622,-34.4404201066401,0
                -59.3688105268902,-34.4406905301122,0
                -59.3691369311722,-34.4406922145697,0
                -59.3691348985246,-34.4409626380467,0
                -59.3688084931911,-34.4409609535723,0
                -59.3688064594649,-34.4412313770202,0
                -59.368480053107,-34.4412296916576,0
                -59.3684739486111,-34.4420409618781,0
                -59.3678211296674,-34.4420375884374,0
                -59.367819092678,-34.4423080117861,0
                -59.3674926821953,-34.442306323742,0
                -59.3674906441272,-34.4425767470616,0
                -59.36716423262,-34.4425750581292,0
                -59.3671683108322,-34.4420342115118,0
                -59.3668419014554,-34.4420325217421,0
                -59.3668500617599,-34.4409508284303,0
                -59.3665236566164,-34.4409491378575,0
                -59.3665481475372,-34.4377040569657,0
                -59.3675273251977,-34.4377091254588,0
                -59.3675252875913,-34.4379795489839,0
                -59.3724211953224,-34.4380047741047,0
                -59.3724232171585,-34.4377343503258,0
                -59.3730760032124,-34.4377376988327,0
                -59.373073983479,-34.4380081226453,0
                -59.3737267717432,-34.4380114677015,0
                -59.3737287893739,-34.4377410438552,0
                -59.374055182495,-34.4377427150598,0
                -59.3740571990474,-34.4374722911847,0
                -59.3747099832675,-34.437475630947,0
                -59.3747119976904,-34.4372052070261,0
                -59.3753647799152,-34.4372085432705,0
                -59.3753667922086,-34.436938119304,0
                -59.376345962593,-34.4369431170871,0
                -59.3763499807916,-34.4364022690174,0
                -59.3766763688707,-34.4364039331694,0
                -59.376682392814,-34.4355926609239,0
                -59.3773351627448,-34.4355959865145,0
                -59.3773271391771,-34.4366776829515,0
                -59.3776535283877,-34.4366793445071,0
                -59.3776515234802,-34.4369497686028,0
                -59.3786306944262,-34.4369547480933,0
                -59.378628692646,-34.4372251722271,0
                -59.3802606500127,-34.4372334540395,0
                -59.3802586534625,-34.4375038782445,0
                -59.3812378313559,-34.4375088369289,0
                -59.3812358379331,-34.4377792611717,0
                -59.381888625431,-34.437782562639,0
                -59.3818866340844,-34.4380529869029,0
                -59.3822130289245,-34.4380546363465,0
                -59.3822110386027,-34.4383250606149,0
                -59.3825374345207,-34.4383267092039,0
                -59.3825354452238,-34.4385971334769,0
                -59.3831882392421,-34.4386004280747,0
                -59.3831862520216,-34.4388708523688,0
                -59.3841654464018,-34.4388757877817,0
                -59.3841634623091,-34.4391462121133,0
                -59.3857954587286,-34.4391544204611,0
                -59.3857934798666,-34.4394248448632,0
                -59.386446280722,-34.4394281221372,0
                -59.3864423271248,-34.4399689709711,0
                -59.3867687296949,-34.4399706083343,0
                -59.3867667539083,-34.4402410327496,0
                -59.3880723686579,-34.4402475735564,0
                -59.3880703970509,-34.4405179980255,0
                -59.3887232066865,-34.4405212632346,0
                -59.3887212371562,-34.4407916877244,0
                -59.3893740489998,-34.4407949494815,0
                -59.3893720815464,-34.441065373992,0
                -59.3903513026629,-34.4410702601428,0
                -59.3903493383379,-34.4413406846904,0
                -59.3906757464807,-34.4413423116813,0
                -59.3906777097542,-34.4410718871173,0
                -59.3910041168715,-34.4410735132206,0
                -59.3910060790673,-34.4408030886282,0
                -59.3913324851593,-34.4408047138439,0
                -59.3913344462774,-34.4405342892231,0
                -59.391660851344,-34.4405359135512,0
                -59.3916647713989,-34.4399950642407,0
                -59.3919911743886,-34.439996687665,0
                -59.391999009979,-34.4389149888335,0
                -59.3916726111951,-34.4389133654746,0
                -59.3916765309365,-34.4383725160191,0
                -59.3913501342815,-34.4383708918217,0
                -59.3913520951644,-34.4381004670921,0
                -59.391025699587,-34.4380988420399,0
                -59.3910276614951,-34.4378284173146,0
                -59.3903748725214,-34.4378251646296,0
                -59.3903768365062,-34.437554739925,0
                -59.3897240497399,-34.4375514837882,0
                -59.3897279818362,-34.4370106344082,0
                -59.3910335470628,-34.4370171430664,0
                -59.3910355088663,-34.4367467182928,0
                -59.3913618991871,-34.4367483432632,0
                -59.3913599384348,-34.4370187680532,0
                -59.3920127212572,-34.4370220154135,0
                -59.3920088038797,-34.4375628650225,0
                -59.3926615910119,-34.4375661089638,0
                -59.3926596343867,-34.4378365337828,0
                -59.3929860290433,-34.4378381544631,0
                -59.3929821178174,-34.4383790040975,0
                -59.3933085146029,-34.4383806239392,0
                -59.3933065600023,-34.4386510487546,0
                -59.3936329578652,-34.4386526677415,0
                -59.3936310042899,-34.4389230925611,0
                -59.3949366002074,-34.4389295598624,0
                -59.3949385495769,-34.4386591349778,0
                -59.3952649475698,-34.438660749609,0
                -59.3952688441282,-34.438119899771,0
                -59.3955952400442,-34.4381215134986,0
                -59.3956069227881,-34.4364989635973,0
                -59.3952805331801,-34.4364973499671,0
                -59.3952844293231,-34.4359564999358,0
                -59.3949580418436,-34.4359548854671,0
                -59.3949599909274,-34.4356844604496,0
                -59.3946336045252,-34.435682845126,0
                -59.3946355546343,-34.4354124201127,0
                -59.3943091693093,-34.4354108039343,0
                -59.3943111204437,-34.4351403789252,0
                -59.393984736196,-34.4351387618921,0
                -59.3939905925966,-34.434327486841,0
                -59.3936642115285,-34.4343258689857,0
                -59.3936739769318,-34.4329737437404,0
                -59.3933476011455,-34.4329721250955,0
                -59.3933515092268,-34.4324312749454,0
                -59.3930251355688,-34.4324296554621,0
                -59.3930290456481,-34.4318888052963,0
                -59.3927026741183,-34.4318871849747,0
                -59.39270463017,-34.4316167598899,0
                -59.3923782597173,-34.4316151387138,0
                -59.3923821738444,-34.4310742885407,0
                -59.3914030689491,-34.4310694198845,0
                -59.3914011087455,-34.4313398449281,0
                -59.3907483701772,-34.4313365947702,0
                -59.3907464078454,-34.431607019769,0
                -59.3904200375494,-34.4316053933673,0
                -59.3904180741404,-34.4318758183376,0
                -59.3897653315248,-34.4318725628888,0
                -59.3897633659875,-34.4321429878143,0
                -59.3891106213746,-34.4321397288489,0
                -59.3891086537089,-34.4324101537296,0
                -59.3887822803907,-34.4324085229241,0
                -59.3887744052613,-34.4334902222603,0
                -59.389100782784,-34.4334918531314,0
                -59.3890968471642,-34.4340327027599,0
                -59.3894232268154,-34.4340343327928,0
                -59.389419293193,-34.4345751824057,0
                -59.3890929114394,-34.43457355234,0
                -59.3890909435378,-34.4348439771119,0
                -59.3874590299074,-34.434835813636,0
                -59.3874669223806,-34.4337541148043,0
                -59.3871405439381,-34.4337524795619,0
                -59.3871444921191,-34.4332116301064,0
                -59.3868181158052,-34.433209994026,0
                -59.3868200909074,-34.4329395692966,0
                -59.3861673404608,-34.4329362945557,0
                -59.3861732719161,-34.4321250203939,0
                -59.3864996439729,-34.4321266581504,0
                -59.3865016200209,-34.4318562333892,0
                -59.3871543621115,-34.4318595062564,0
                -59.387156336031,-34.4315890814502,0
                -59.3874827060647,-34.431590716561,0
                -59.3874846789069,-34.4313202917263,0
                -59.3878110479159,-34.4313219259497,0
                -59.3878130196808,-34.4310515010864,0
                -59.388139387665,-34.4310531344225,0
                -59.3881433290139,-34.4305122846269,0
                -59.3884696949224,-34.4305139170592,0
                -59.3884716645065,-34.4302434921269,0
                -59.3887980293902,-34.4302451236719,0
                -59.3887999978971,-34.429974698711,0
                -59.3891263617561,-34.4299763293688,0
                -59.3891243943001,-34.4302467543462,0
                -59.3897771241987,-34.430250013082,0
                -59.3897790895527,-34.4299795880719,0
                -59.3904318174541,-34.4299828432915,0
                -59.3904357438797,-34.4294419931696,0
                -59.3907621057677,-34.4294436194404,0
                -59.3907758400769,-34.4275506435188,0
                -59.3911021946349,-34.4275522688043,0
                -59.3911061163863,-34.4270114183995,0
                -59.3914324688688,-34.4270130427815,0
                -59.3914344286545,-34.4267426175447,0
                -59.3917607801123,-34.4267442410396,0
                -59.3917627388211,-34.4264738157744,0
                -59.3920890892542,-34.4264754383822,0
                -59.3920949620716,-34.425664162465,0
                -59.3917686147908,-34.4256625399062,0
                -59.3917705733952,-34.4253921145927,0
                -59.3914442271912,-34.4253904911794,0
                -59.3914422675361,-34.4256609164767,0
                -59.390789573105,-34.4256576670054,0
                -59.3907876113223,-34.4259280922578,0
                -59.3904612630952,-34.4259264661998,0
                -59.3904593002356,-34.4261968914237,0
                -59.3898066017584,-34.4261936366627,0
                -59.3898046367711,-34.4264640618418,0
                -59.389478286521,-34.4264624331388,0
                -59.3894802525591,-34.426192007976,0
                -59.3885012051184,-34.4261871166917,0
                -59.388499235928,-34.4264575418052,0
                -59.3881728857828,-34.4264559096192,0
                -59.3881709155154,-34.4267263347043,0
                -59.3878445643456,-34.4267247016311,0
                -59.3878425930011,-34.4269951266876,0
                -59.3871898886389,-34.4269918578961,0
                -59.3871879151665,-34.4272622829077,0
                -59.386861561974,-34.4272606471893,0
                -59.3868635364972,-34.4269902221942,0
                -59.3852317761839,-34.4269820306233,0
                -59.3852337559348,-34.4267116056985,0
                -59.3845810540956,-34.4267083230078,0
                -59.3845830359216,-34.426437898104,0
                -59.3839303362897,-34.4264346119634,0
                -59.3839323201909,-34.4261641870806,0
                -59.3816478796679,-34.4261526582762,0
                -59.3816458884114,-34.426423083043,0
                -59.3813195388205,-34.4264214325714,0
                -59.3813175464866,-34.4266918573096,0
                -59.380664845283,-34.4266885537209,0
                -59.380662850821,-34.4269589784138,0
                -59.3800101476221,-34.4269556713088,0
                -59.3800121441857,-34.4266852466493,0
                -59.3796857936769,-34.4266835918074,0
                -59.3796877912647,-34.4264131671524,0
                -59.3800141407227,-34.4264148219777,0
                -59.3800161372331,-34.426144397294,0
                -59.3803424856669,-34.4261460512319,0
                -59.3803444810999,-34.4258756265194,0
                -59.3806708285096,-34.42587727957,0
                -59.3806728228653,-34.4256068548288,0
                -59.3813255156628,-34.4256101582845,0
                -59.3813275078905,-34.425339733498,0
                -59.3823065441338,-34.4253446821014,0
                -59.3823085331828,-34.4250742572531,0
                -59.3832875665125,-34.4250791979704,0
                -59.3832855806156,-34.4253496228684,0
                -59.3858963457306,-34.4253627599361,0
                -59.3858983232218,-34.4250923349059,0
                -59.3865510126629,-34.4250956104327,0
                -59.3865529880264,-34.4248251853575,0
                -59.3868793317357,-34.4248268217984,0
                -59.3868813060221,-34.4245563966946,0
                -59.3872076487071,-34.4245580322484,0
                -59.3872096219165,-34.424287607116,0
                -59.3875359635772,-34.4242892417827,0
                -59.3875418798957,-34.4234779662637,0
                -59.3878682184307,-34.4234796000104,0
                -59.3878701894337,-34.4232091747968,0
                -59.3881965269443,-34.4232108076564,0
                -59.3881984968704,-34.4229403824144,0
                -59.3885248333567,-34.4229420143869,0
                -59.388526802206,-34.4226715891163,0
                -59.389179473156,-34.4226748504166,0
                -59.3891814398779,-34.4224044251012,0
                -59.3895077743417,-34.422406054429,0
                -59.3895097399868,-34.422135629085,0
                -59.3898360734262,-34.4221372575259,0
                -59.3898380379946,-34.4218668321535,0
                -59.3901643704096,-34.4218684597073,0
                -59.3901663339013,-34.4215980343065,0
                -59.3904926652919,-34.4215996609734,0
                -59.3904985524584,-34.4207883846492,0
                -59.3901722242193,-34.4207867580314,0
                -59.3901741876063,-34.4205163325823,0
                -59.3898478604438,-34.4205147051103,0
                -59.3898498248551,-34.4202442796654,0
                -59.3895234987693,-34.4202426513393,0
                -59.3895254642049,-34.4199722258988,0
                -59.3891991391957,-34.4199705967185,0
                -59.3892030720891,-34.4194297458339,0
                -59.3895293949975,-34.4194313749814,0
                -59.3895313603545,-34.4191609495046,0
                -59.3901840041489,-34.4191642051553,0
                -59.3901859673789,-34.4188937796337,0
                -59.390512288265,-34.4188954061369,0
                -59.3905142504184,-34.4186249805868,0
                -59.3914932100823,-34.4186298548244,0
                -59.3914775373327,-34.4207932592792,0
                -59.3921301940461,-34.4207965046797,0
                -59.3921282369359,-34.4210669302148,0
                -59.3924545663822,-34.4210685516256,0
                -59.3924565224419,-34.4207981260741,0
                -59.3934355077858,-34.4208029850339,0
                -59.3934394135241,-34.420262133797,0
                -59.3937657399232,-34.4202637516765,0
                -59.3937754985615,-34.4189116232913,0
                -59.3934491774146,-34.4189100054932,0
                -59.3934511301146,-34.4186395797962,0
                -59.3931248100441,-34.4186379611438,0
                -59.3931365319997,-34.417015406806,0
                -59.3928102182573,-34.4170137873809,0
                -59.3928219455772,-34.4153912327062,0
                -59.3924956381623,-34.4153896125085,0
                -59.3925034600553,-34.4143079092158,0
                -59.3921771568672,-34.4143062882129,0
                -59.3921791133255,-34.4140358623759,0
                -59.3918528112136,-34.414034240519,0
                -59.3918547686959,-34.4137638146862,0
                -59.3915284676602,-34.4137621919753,0
                -59.3915323846468,-34.4132213403061,0
                -59.3912060857374,-34.4132197167576,0
                -59.3912080452417,-34.4129492909212,0
                -59.3908817474085,-34.4129476665187,0
                -59.3908856684388,-34.4124068148424,0
                -59.3899067813966,-34.4124019365112,0
                -59.3899048177443,-34.4126723623063,0
                -59.3895785210658,-34.4126707344389,0
                -59.3895745915826,-34.41321158596,0
                -59.3892482928302,-34.4132099571896,0
                -59.389244361142,-34.4137508086297,0
                -59.3889180603155,-34.4137491789561,0
                -59.3889160933821,-34.4140196046416,0
                -59.3885897915317,-34.4140179740813,0
                -59.3885858554857,-34.4145588253833,0
                -59.3882595515613,-34.4145571939198,0
                -59.3882556133101,-34.4150980451406,0
                -59.3879293073115,-34.4150964127739,0
                -59.3879273370963,-34.4153668383498,0
                -59.3872747230775,-34.4153635709724,0
                -59.3872806399453,-34.4145522943072,0
                -59.387606943791,-34.4145539283817,0
                -59.3876108861378,-34.4140130771783,0
                -59.3879371879095,-34.4140147103496,0
                -59.387941128051,-34.413473859065,0
                -59.3882674277487,-34.4134754913332,0
                -59.38826939673,-34.4132050656563,0
                -59.3885956954038,-34.4132066970377,0
                -59.3885976633088,-34.4129362713324,0
                -59.3889239609587,-34.4129379018271,0
                -59.3889278945898,-34.4123970503474,0
                -59.3892541901659,-34.4123986799389,0
                -59.389256155892,-34.4121282541646,0
                -59.3895824504442,-34.4121298828695,0
                -59.3895844150942,-34.4118594570666,0
                -59.3902370021771,-34.4118627118328,0
                -59.3902409271984,-34.4113218601254,0
                -59.390567218679,-34.4113234861703,0
                -59.3905711414958,-34.4107826343818,0
                -59.3902448521151,-34.4107810083696,0
                -59.3902487769272,-34.4102401565656,0
                -59.3899224896725,-34.4102385297159,0
                -59.3899264164799,-34.4096976778964,0
                -59.3896001313512,-34.4096960502092,0
                -59.3896020957656,-34.4094256242977,0
                -59.389275811713,-34.4094239957567,0
                -59.3892777771511,-34.4091535698495,0
                -59.3889514941746,-34.4091519404547,0
                -59.3889534606363,-34.4088815145519,0
                -59.388627178736,-34.4088798843033,0
                -59.3886291462214,-34.4086094584048,0
                -59.3879765845991,-34.40860619533,0
                -59.3879785541579,-34.4083357694522,0
                -59.3873259947403,-34.4083325029297,0
                -59.3873279663725,-34.4080620770727,0
                -59.3866754091597,-34.4080588071024,0
                -59.3866773828653,-34.4077883812663,0
                -59.3860248278573,-34.4077851078484,0
                -59.3860268036362,-34.4075146820331,0
                -59.3853742508332,-34.4075114051676,0
                -59.3853762286853,-34.4072409793732,0
                -59.3850499533731,-34.4072393396518,0
                -59.3850519322488,-34.4069689138618,0
                -59.3847256580127,-34.4069672732868,0
                -59.3847276379117,-34.4066968475013,0
                -59.3844013647517,-34.4066952060727,0
                -59.38440532657,-34.4061543544985,0
                -59.384079055536,-34.4061527122328,0
                -59.3840830193481,-34.4056118606434,0
                -59.3837567504399,-34.4056102175407,0
                -59.383758733356,-34.4053397917444,0
                -59.3834324655239,-34.4053381477882,0
                -59.3834364333762,-34.4047972961925,0
                -59.3831101676699,-34.4047956513993,0
                -59.3831121526061,-34.4045252255999,0
                -59.3827858879759,-34.4045235799533,0
                -59.3827839019901,-34.4047940057361,0
                -59.3821313707098,-34.4047907117996,0
                -59.3821293825982,-34.4050611375373,0
                -59.3818031159481,-34.4050594892474,0
                -59.3817991375461,-34.4056003406532,0
                -59.3814728688232,-34.4055986914601,0
                -59.3814708785327,-34.4058691171283,0
                -59.3811446087866,-34.4058674670485,0
                -59.3811386346068,-34.4066787439308,0
                -59.3808123617381,-34.4066770929311,0
                -59.3808043915944,-34.4077587952053,0
                -59.3811306686623,-34.4077604462715,0
                -59.3811246939252,-34.4085717229002,0
                -59.3814509741691,-34.4085733731461,0
                -59.3814390302776,-34.4101959261771,0
                -59.3817653168473,-34.4101975756525,0
                -59.3817573579222,-34.411279277498,0
                -59.3820836487183,-34.4112809261695,0
                -59.3820796711967,-34.4118217770529,0
                -59.3817533783006,-34.4118201283482,0
                -59.38175138845,-34.4120905537553,0
                -59.3810988006373,-34.4120872537019,0
                -59.3810968086601,-34.4123576790636,0
                -59.3804442188535,-34.4123543754959,0
                -59.3804422247496,-34.4126248008123,0
                -59.3807685206897,-34.412626453048,0
                -59.3807665276093,-34.4128968783689,0
                -59.3804402306192,-34.4128952261166,0
                -59.3804382364622,-34.4131656514089,0
                -59.3807645345024,-34.4131673036778,0
                -59.3807605482089,-34.4137081542593,0
                -59.3810868483759,-34.4137098056911,0
                -59.3810828640764,-34.4142506562576,0
                -59.3814091663701,-34.4142523068523,0
                -59.3814031928722,-34.4150635826612,0
                -59.381076887428,-34.4150619320167,0
                -59.3810748951588,-34.4153323572455,0
                -59.3800959758348,-34.4153274000398,0
                -59.3800979712546,-34.4150569748608,0
                -59.3797716659166,-34.4150553207348,0
                -59.3797756587768,-34.4145144703739,0
                -59.3794493555657,-34.4145128154108,0
                -59.3794593425011,-34.4131606893804,0
                -59.3797856404615,-34.4131623442602,0
                -59.3797896329492,-34.4126214937302,0
                -59.3801159288361,-34.4126231477064,0
                -59.380129894355,-34.4107301703543,0
                -59.3798036058182,-34.4107285164946,0
                -59.3798095937916,-34.4099172403554,0
                -59.3794833084311,-34.4099155856754,0
                -59.3794873023802,-34.4093747348888,0
                -59.3791610191462,-34.4093730793719,0
                -59.3791650150885,-34.4088322285703,0
                -59.3788387339809,-34.4088305722167,0
                -59.3788427319164,-34.4082897214001,0
                -59.3785164529351,-34.4082880642096,0
                -59.3785184529127,-34.4080176387999,0
                -59.3778658971297,-34.4080143218418,0
                -59.3778638950525,-34.4082847472181,0
                -59.3765587796074,-34.4082781027934,0
                -59.3765567733041,-34.4085485280908,0
                -59.3759042136423,-34.4085452006241,0
                -59.3759022052125,-34.4088156258759,0
                -59.3752496435581,-34.408812294895,0
                -59.3752476330019,-34.4090827201012,0
                -59.3745950693549,-34.4090793856061,0
                -59.3745930566721,-34.4093498107667,0
                -59.3742667738389,-34.409348142197,0
                -59.3742587186399,-34.4104298426513,0
                -59.3745850056727,-34.4104315112881,0
                -59.3745809800121,-34.4109723614764,0
                -59.3749072691716,-34.4109740292765,0
                -59.374905257351,-34.4112444543693,0
                -59.3752315475873,-34.411246121316,0
                -59.3752255151147,-34.4120573965722,0
                -59.3755518085278,-34.412059062699,0
                -59.3755397491595,-34.4136816129859,0
                -59.375213449446,-34.4136799467585,0
                -59.375209427342,-34.414220796724,0
                -59.374883125555,-34.4142191295927,0
                -59.3748811134127,-34.4144895545406,0
                -59.3745548106024,-34.4144878865222,0
                -59.3745568237949,-34.4142174615912,0
                -59.3742305220616,-34.4142157927193,0
                -59.3742325362774,-34.4139453677929,0
                -59.373906235621,-34.4139436980675,0
                -59.3739183266525,-34.4123211483567,0
                -59.3742446210084,-34.4123228179813,0
                -59.3742506630115,-34.4115115429124,0
                -59.3739243718057,-34.4115098733381,0
                -59.3739284017735,-34.4109690232654,0
                -59.3736021126945,-34.4109673528546,0
                -59.3736041286881,-34.4106969278169,0
                -59.373277840686,-34.4106952565526,0
                -59.3732798577026,-34.4104248315197,0
                -59.3726272838788,-34.4104214864142,0
                -59.3726252647623,-34.4106919114134,0
                -59.3722989768408,-34.4106902375385,0
                -59.3722969566473,-34.4109606625088,0
                -59.3719706677028,-34.4109589877468,0
                -59.3719726889462,-34.4106885627933,0
                -59.3713201132379,-34.4106852106923,0
                -59.3713221365542,-34.4104147857605,0
                -59.3706695630537,-34.4104114302124,0
                -59.3706715884429,-34.4101410053023,0
                -59.3709978741298,-34.4101426834945,0
                -59.3709998984421,-34.4098722585554,0
                -59.371326183106,-34.4098739358606,0
                -59.37133022955,-34.4093330859123,0
                -59.3716565121411,-34.4093347623136,0
                -59.3716605563774,-34.4087939122833,0
                -59.3719868368958,-34.4087955877806,0
                -59.3719888579237,-34.4085251627305,0
                -59.3723151374191,-34.4085268373408,0
                -59.3723171573702,-34.4082564122617,0
                -59.3726434358427,-34.4082580859851,0
                -59.3726535299457,-34.4069059603243,0
                -59.3723272567222,-34.4069042866852,0
                -59.3723292765118,-34.4066338615336,0
                -59.3720030043649,-34.4066321870413,0
                -59.3720050251773,-34.4063617618945,0
                -59.3700473991604,-34.4063516967698,0
                -59.3700494262443,-34.4060812717123,0
                -59.3697231563856,-34.4060795911631,0
                -59.3697251844922,-34.4058091661104,0
                -59.3700514533011,-34.4058108466426,0
                -59.3700534803309,-34.4055404215609,0
                -59.3703797481171,-34.4055421012062,0
                -59.3703817740702,-34.4052716760955,0
                -59.3710343076244,-34.4052750327421,0
                -59.3710363314512,-34.4050046075855,0
                -59.371362597219,-34.4050062845868,0
                -59.3713646199692,-34.4047358594013,0
                -59.3716908847144,-34.4047375355157,0
                -59.371692906388,-34.4044671103012,0
                -59.3726716976362,-34.4044721333738,0
                -59.372673716134,-34.4042017080967,0
                -59.3733262416681,-34.4042050524279,0
                -59.3733242252696,-34.4044754777387,0
                -59.3736504891266,-34.4044771486161,0
                -59.3736484737508,-34.4047475739317,0
                -59.3743010036446,-34.40475091311,0
                -59.3742989903413,-34.4050213384471,0
                -59.3752777885322,-34.4050263407398,0
                -59.3752797986865,-34.4047559153524,0
                -59.3756060637541,-34.4047575810264,0
                -59.3756080728321,-34.4044871556102,0
                -59.3759343368768,-34.4044888203974,0
                -59.3759383528531,-34.4039479694952,0
                -59.3765908768243,-34.4039512963926,0
                -59.376600905801,-34.4025991687583,0
                -59.3769271625789,-34.4026008308183,0
                -59.3769291672445,-34.4023304052385,0
                -59.3772554229996,-34.4023320664118,0
                -59.377257426589,-34.4020616408032,0
                -59.3775836813212,-34.4020633010899,0
                -59.3775856838344,-34.4017928754525,0
                -59.3785644450427,-34.4017978510428,0
                -59.378562445678,-34.4020682767303,0
                -59.3788887005169,-34.4020699335373,0
                -59.3788867021751,-34.4023403592294,0
                -59.3792129580901,-34.402342015183,0
                -59.3792069660535,-34.4031532922369,0
                -59.3788807069898,-34.4031516362332,0
                -59.3788767100665,-34.4036924875087,0
                -59.3785504489303,-34.4036908306018,0
                -59.378548449379,-34.4039612562047,0
                -59.3792009737773,-34.403964569182,0
                -59.3792029712293,-34.4036941435457,0
                -59.3798554936348,-34.4036974530097,0
                -59.3798574889611,-34.403427027328,0
                -59.3811625298928,-34.4034336357493,0
                -59.3811645209941,-34.403163209989,0
                -59.3814907802439,-34.4031648599028,0
                -59.3814927702691,-34.4028944341138,0
                -59.382145286749,-34.4028977312981,0
                -59.3821472746486,-34.4026273054639,0
                -59.381821017445,-34.4026256573233,0
                -59.3818230063676,-34.4023552314935,0
                -59.3821492625217,-34.4023568796176,0
                -59.3821532381885,-34.4018160278887,0
                -59.3824794922701,-34.4018176751096,0
                -59.382483465732,-34.4012768232992,0
                -59.3828097177411,-34.401278469617,0
                -59.3828117033828,-34.4010080436772,0
                -59.3831379543689,-34.4010096891085,0
                -59.3831399389347,-34.40073926314,0
                -59.3834661888978,-34.4007409076848,0
                -59.3834681723877,-34.4004704816877,0
                -59.3837944213278,-34.4004721253461,0
                -59.3837964037419,-34.4002016993204,0
                -59.384122651659,-34.4002033420923,0
                -59.3841305768536,-34.3991216378025,0
                -59.3844568205995,-34.3991232796384,0
                -59.3844607809397,-34.398582427388,0
                -59.3847870226133,-34.3985840683211,0
                -59.3847890016945,-34.3983136421612,0
                -59.3854414830222,-34.3983169213848,0
                -59.3854375290308,-34.3988577737584,0
                -59.3860900146612,-34.3988610495686,0
                -59.3860919895714,-34.3985906233549,0
                -59.3864182313767,-34.3985922599387,0
                -59.3864202052113,-34.3983218336964,0
                -59.3867464459936,-34.398323469394,0
                -59.3867484187525,-34.3980530431231,0
                -59.3877271381093,-34.3980579449475,0
              </coordinates>
            </LinearRing>
          </outerBoundaryIs>
          <innerBoundaryIs>
            <LinearRing>
              <coordinates>
                -59.3983711122131,-34.4151482168007,0
                -59.3980448054075,-34.4151466114157,0
                -59.3980428677486,-34.4154170374968,0
                -59.3983691756044,-34.4154186428979,0
                -59.3983711122131,-34.4151482168007,0
              </coordinates>
            </LinearRing>
          </innerBoundaryIs>
          <innerBoundaryIs>
            <LinearRing>
              <coordinates>
                -59.3983672389699,-34.415689068983,0
                -59.3980409300639,-34.4156874635658,0
                -59.3980370546171,-34.4162283156675,0
                -59.3983633656236,-34.4162299211171,0
                -59.3983575554105,-34.4170411992277,0
                -59.3986838695936,-34.4170428038553,0
                -59.3986916122917,-34.4159610996191,0
                -59.3983653023097,-34.4159594950561,0
                -59.3983672389699,-34.415689068983,0
              </coordinates>
            </LinearRing>
          </innerBoundaryIs>
          <innerBoundaryIs>
            <LinearRing>
              <coordinates>
                -59.3966871391471,-34.4224416793757,0
                -59.3960344690994,-34.4224384581565,0
                -59.3960325244397,-34.4227088838144,0
                -59.395706188404,-34.4227072718827,0
                -59.3957022969057,-34.4232481231299,0
                -59.3950496207098,-34.4232448965896,0
                -59.3950476728205,-34.4235153221626,0
                -59.3943949946273,-34.4235120921073,0
                -59.3943910945681,-34.4240529431521,0
                -59.3940647534092,-34.4240513267859,0
                -59.3940608511448,-34.4245921777498,0
                -59.3937345079105,-34.4245905604804,0
                -59.3937325556886,-34.424860985928,0
                -59.3934062114296,-34.4248593677717,0
                -59.3934003514556,-34.4256706439931,0
                -59.3937266988667,-34.4256722621984,0
                -59.3937286511667,-34.425401836787,0
                -59.3943813439655,-34.4254050705528,0
                -59.394383294138,-34.4251346450968,0
                -59.3956886758445,-34.4251411021147,0
                -59.3956906217881,-34.4248706765817,0
                -59.3963433106956,-34.424873899834,0
                -59.396345254512,-34.4246034742565,0
                -59.3966715979539,-34.4246050845604,0
                -59.3966735406936,-34.4243346589546,0
                -59.3969998831107,-34.4243362683716,0
                -59.397001824774,-34.4240658427375,0
                -59.3973281661663,-34.4240674512676,0
                -59.3973320473138,-34.4235265999309,0
                -59.3970057080228,-34.4235249914331,0
                -59.3970115327019,-34.4227137143859,0
                -59.3966851965886,-34.422712105066,0
                -59.3966871391471,-34.4224416793757,0
              </coordinates>
            </LinearRing>
          </innerBoundaryIs>
          <innerBoundaryIs>
            <LinearRing>
              <coordinates>
                -59.3927496121637,-34.425396979608,0
                -59.3920969196253,-34.4253937371352,0
                -59.3920949620716,-34.425664162465,0
                -59.3927476567115,-34.4256674049705,0
                -59.3927496121637,-34.425396979608,0
              </coordinates>
            </LinearRing>
          </innerBoundaryIs>
          <innerBoundaryIs>
            <LinearRing>
              <coordinates>
                -59.3960014063594,-34.4270356926991,0
                -59.3956750535125,-34.4270340805079,0
                -59.3956731073614,-34.4273045059443,0
                -59.3950203996439,-34.4273012789169,0
                -59.3950184513651,-34.4275717043088,0
                -59.3943657416498,-34.4275684737659,0
                -59.3943637912434,-34.4278388991132,0
                -59.3937110795303,-34.4278356650546,0
                -59.393707174436,-34.4283765156479,0
                -59.3933808165168,-34.4283748972798,0
                -59.3933749555275,-34.4291861730303,0
                -59.3930485944815,-34.4291845537426,0
                -59.3930466397154,-34.4294549789523,0
                -59.3933730018123,-34.4294565982563,0
                -59.393371048071,-34.4297270234703,0
                -59.3936974112449,-34.4297286419197,0
                -59.3936954585286,-34.4299990671379,0
                -59.3943481870562,-34.4300023014568,0
                -59.3943501376706,-34.4297318762061,0
                -59.3956555908338,-34.4297383343287,0
                -59.3956575372184,-34.4294679090009,0
                -59.3959838995232,-34.4294695213382,0
                -59.3959897353685,-34.4286582452339,0
                -59.3963160945464,-34.4286598566517,0
                -59.3963199828787,-34.4281190058226,0
                -59.3966463399807,-34.4281206163372,0
                -59.3966521691321,-34.4273093399544,0
                -59.395999461259,-34.4273061181518,0
                -59.3960014063594,-34.4270356926991,0
              </coordinates>
            </LinearRing>
          </innerBoundaryIs>
          <innerBoundaryIs>
            <LinearRing>
              <coordinates>
                -59.3952532572716,-34.4402832988331,0
                -59.3936212360232,-34.4402752164778,0
                -59.3936192822918,-34.4405456412249,0
                -59.3929664718716,-34.4405424021518,0
                -59.3929645160111,-34.4408128268543,0
                -59.3923117035921,-34.4408095842637,0
                -59.3923097456024,-34.4410800089215,0
                -59.3919833383805,-34.4410783863031,0
                -59.3919813793132,-34.4413488109324,0
                -59.3913285628447,-34.4413455630493,0
                -59.3913266016482,-34.4416159876339,0
                -59.3910001924015,-34.4416143623691,0
                -59.3909962678269,-34.4421552114694,0
                -59.3906698565033,-34.4421535853006,0
                -59.3906678931251,-34.4424240098163,0
                -59.3909943055004,-34.4424256360014,0
                -59.3909923431477,-34.4426960605213,0
                -59.3913187566007,-34.4426976858514,0
                -59.3913167952735,-34.4429681103756,0
                -59.3919696243612,-34.4429713584548,0
                -59.3919676651112,-34.4432417829995,0
                -59.3932733278063,-34.4432482687678,0
                -59.3932713727368,-34.4435186933657,0
                -59.3935977895274,-34.4435203126458,0
                -59.3935958354835,-34.443790737248,0
                -59.3952279250853,-34.4437988206604,0
                -59.3952298738708,-34.4435283959769,0
                -59.3958827077901,-34.4435316232102,0
                -59.3958807611079,-34.4438020479262,0
                -59.3962071791581,-34.4438036602521,0
                -59.3962091247886,-34.4435332355199,0
                -59.3965355418131,-34.4435348469583,0
                -59.396537486366,-34.4432644221979,0
                -59.3968639023647,-34.4432660327488,0
                -59.3968619588635,-34.4435364575254,0
                -59.3971883759398,-34.4435380672212,0
                -59.3971942032109,-34.4427267928065,0
                -59.3965413753941,-34.4427235726408,0
                -59.3965433198693,-34.4424531478441,0
                -59.3968697327131,-34.4424547583464,0
                -59.3968775061483,-34.4413730589741,0
                -59.3965510975108,-34.4413714485366,0
                -59.3965530418564,-34.4411010236795,0
                -59.3962266342964,-34.441099412387,0
                -59.3962285796676,-34.440828987534,0
                -59.3959021731851,-34.4408273753865,0
                -59.3959041195819,-34.4405569505377,0
                -59.3952513087977,-34.4405537236615,0
                -59.3952532572716,-34.4402832988331,0
              </coordinates>
            </LinearRing>
          </innerBoundaryIs>
          <innerBoundaryIs>
            <LinearRing>
              <coordinates>
                -59.3893583086382,-34.4429583452273,0
                -59.3890318942907,-34.4429567146532,0
                -59.3890299255758,-34.4432271390506,0
                -59.389356340975,-34.4432287696412,0
                -59.3893583086382,-34.4429583452273,0
              </coordinates>
            </LinearRing>
          </innerBoundaryIs>
        </Polygon>
      </Placemark>
      <Placemark id="rog_P100_24h_sat_agua5cm.51">
        <name><![CDATA[100 mm en 24 h · suelo saturado (Ks 2 mm/h) · h>5 cm]]></name>
        <Polygon>
          <outerBoundaryIs>
            <LinearRing>
              <coordinates>
                -59.3991013852042,-34.3586304987452,0
                -59.3990994550296,-34.3589009273808,0
                -59.3994255437473,-34.3589025276704,0
                -59.3994216854155,-34.3594433849378,0
                -59.3997477762535,-34.3594449843909,0
                -59.3997458480963,-34.3597154130227,0
                -59.4003980319441,-34.3597186093555,0
                -59.4003961058559,-34.3599890380073,0
                -59.4007221988656,-34.3599906348869,0
                -59.4007202737992,-34.3602610635428,0
                -59.4013724619903,-34.3602642547283,0
                -59.4013705389929,-34.3605346834043,0
                -59.4020227293813,-34.3605378711475,0
                -59.4020208084531,-34.3608082998434,0
                -59.4026730010386,-34.3608114841443,0
                -59.4026710821796,-34.3610819128603,0
                -59.4029971795582,-34.3610835037238,0
                -59.402995261721,-34.3613539324437,0
                -59.4033213601726,-34.3613555224546,0
                -59.4033194433572,-34.3616259511785,0
                -59.4039716424318,-34.3616291286263,0
                -59.4039697276859,-34.3618995573701,0
                -59.4042958283089,-34.361901144807,0
                -59.4042939145849,-34.3621715735548,0
                -59.4046200162808,-34.362173160139,0
                -59.4046181035788,-34.3624435888907,0
                -59.4049442063477,-34.3624451746222,0
                -59.4049422946677,-34.3627156033778,0
                -59.4052683985096,-34.3627171882566,0
                -59.4052664878516,-34.362987617016,0
                -59.4055925927664,-34.3629892010421,0
                -59.4055906831305,-34.3632596298055,0
                -59.4059167891183,-34.3632612129788,0
                -59.4059148805044,-34.363531641746,0
                -59.4062409875652,-34.3635332240666,0
                -59.4062352647136,-34.3643445103438,0
                -59.4065613749426,-34.3643460918434,0
                -59.4065575616762,-34.364886949333,0
                -59.4068836740257,-34.3648885299957,0
                -59.4068760513787,-34.365970244894,0
                -59.407528284535,-34.3659734037403,0
                -59.4075263809051,-34.3662438324665,0
                -59.4072002632665,-34.3662422534619,0
                -59.4071945490815,-34.3670535395204,0
                -59.4075206698631,-34.3670551185728,0
                -59.4075149585927,-34.3678664045705,0
                -59.407841082543,-34.3678679828018,0
                -59.4078277626921,-34.3697609831522,0
                -59.4081538940024,-34.3697625606257,0
                -59.4081481882582,-34.3705738463569,0
                -59.4084743227374,-34.3705754230092,0
                -59.4084667189152,-34.371657137212,0
                -59.4087928576116,-34.3716587130588,0
                -59.4087890576444,-34.3721995701196,0
                -59.4091151984621,-34.3722011451292,0
                -59.4091114004896,-34.3727420021734,0
                -59.4094375434286,-34.3727435763457,0
                -59.409433747451,-34.3732844333734,0
                -59.4097598925112,-34.3732860067083,0
                -59.4097579955326,-34.3735564352199,0
                -59.4100841416662,-34.3735580077016,0
                -59.4100822457103,-34.373828436217,0
                -59.4104083929172,-34.3738300078455,0
                -59.4104064979841,-34.3741004363647,0
                -59.4107326462644,-34.3741020071399,0
                -59.4107288584187,-34.3746428641737,0
                -59.4110550088204,-34.3746444341115,0
                -59.41105122297,-34.3751852911286,0
                -59.4113773754932,-34.3751868602289,0
                -59.4113735916381,-34.3757277172293,0
                -59.4116997462829,-34.3757292854922,0
                -59.4116940734558,-34.3765405709497,0
                -59.4120202312703,-34.3765421383908,0
                -59.4120145613611,-34.3773534237871,0
                -59.4123407223455,-34.3773549904064,0
                -59.4123388333737,-34.3776254188635,0
                -59.4126649954316,-34.3776269846293,0
                -59.4126612195089,-34.3781678415388,0
                -59.4129873836885,-34.378169406467,0
                -59.4129854967378,-34.3784398349195,0
                -59.4133116619908,-34.3784413989942,0
                -59.4133097760632,-34.3787118274503,0
                -59.4136359423898,-34.3787133906716,0
                -59.4136340574854,-34.3789838191314,0
                -59.4139602248854,-34.3789853814992,0
                -59.4139583410042,-34.3792558099627,0
                -59.4146106779762,-34.379258932122,0
                -59.4146087961667,-34.3795293606049,0
                -59.4155873049579,-34.3795340373718,0
                -59.4155854262684,-34.3798044658897,0
                -59.4162377676845,-34.3798075794194,0
                -59.4162396442772,-34.3795371508702,0
                -59.417870493013,-34.3795449194046,0
                -59.4178686216621,-34.379815348032,0
                -59.4175424508167,-34.379813796048,0
                -59.4175387059434,-34.3803546532354,0
                -59.4178648788857,-34.3803562052507,0
                -59.41786300746,-34.3806266338419,0
                -59.4181891814757,-34.3806281850036,0
                -59.4181873110735,-34.3808986135984,0
                -59.4188396612764,-34.380901713345,0
                -59.4188377929463,-34.3811721419589,0
                -59.4194901453457,-34.3811752382596,0
                -59.4194882790876,-34.3814456668927,0
                -59.4201406336834,-34.3814487597473,0
                -59.4201387694973,-34.3817191883994,0
                -59.4204649478811,-34.3817207335383,0
                -59.4204630847186,-34.381991162194,0
                -59.4207892641757,-34.3819927064791,0
                -59.4207855398734,-34.3825335637853,0
                -59.4214379030559,-34.3825366498098,0
                -59.4214360429647,-34.3828070784759,0
                -59.4217622256417,-34.3828086201996,0
                -59.4217603665741,-34.3830790488692,0
                -59.4224127340996,-34.3830821297396,0
                -59.4224108771044,-34.3833525584281,0
                -59.4243679865657,-34.3833617802678,0
                -59.4243698372694,-34.3830913514865,0
                -59.4246960212175,-34.3830928854015,0
                -59.4246941715623,-34.3833633141983,0
                -59.4250203565836,-34.3833648472595,0
                -59.4250148106159,-34.3841761336238,0
                -59.4240362461887,-34.3841715316933,0
                -59.4240343943377,-34.3844419604109,0
                -59.4224034488763,-34.3844342730615,0
                -59.4224053059705,-34.3841638444213,0
                -59.4217529300563,-34.3841607634267,0
                -59.4217547892229,-34.3838903348054,0
                -59.4207762286834,-34.3838857068397,0
                -59.4207780909711,-34.383615278253,0
                -59.4201257194993,-34.3836121886267,0
                -59.4201275838593,-34.383341760059,0
                -59.4194752145841,-34.3833386669864,0
                -59.4194770810164,-34.3830682384378,0
                -59.4188247139378,-34.3830651419189,0
                -59.4188265824423,-34.3827947133893,0
                -59.4185003999889,-34.3827931638415,0
                -59.418502269517,-34.3825227353155,0
                -59.4181760881371,-34.3825211849139,0
                -59.4181798292156,-34.381980327857,0
                -59.4175274707246,-34.3819772245082,0
                -59.4175293433234,-34.3817067959929,0
                -59.4172031651639,-34.3817052430302,0
                -59.4172050387862,-34.3814348145184,0
                -59.4159003305917,-34.3814285940371,0
                -59.4159022083829,-34.3811581655759,0
                -59.4142713289453,-34.3811503704935,0
                -59.4142694459117,-34.3814207988762,0
                -59.4139432690509,-34.3814192372361,0
                -59.4139357324716,-34.3825009505833,0
                -59.413609551442,-34.382499388011,0
                -59.4136057809046,-34.3830402445807,0
                -59.413279597803,-34.3830386811076,0
                -59.4132814841328,-34.3827682528445,0
                -59.4129553021049,-34.3827666885177,0
                -59.412968513049,-34.3808736904485,0
                -59.4126423383857,-34.3808721253627,0
                -59.4126461148117,-34.3803312686944,0
                -59.4123199422703,-34.3803297027709,0
                -59.4123237206924,-34.379788846086,0
                -59.4119975502731,-34.3797872793247,0
                -59.4119994404947,-34.3795168509799,0
                -59.411673271149,-34.3795152833652,0
                -59.4116770536134,-34.378974426671,0
                -59.4113508863895,-34.3789728582186,0
                -59.4113527786323,-34.3787024298692,0
                -59.411026612482,-34.3787008605634,0
                -59.4110322922038,-34.3778895754902,0
                -59.4107061292237,-34.3778880053626,0
                -59.4107099176753,-34.3773471486184,0
                -59.4103837568169,-34.3773455776534,0
                -59.410387547264,-34.3768047208925,0
                -59.4100613885274,-34.3768031490899,0
                -59.4100651809699,-34.3762622923125,0
                -59.409739024355,-34.3762607196724,0
                -59.4097428187928,-34.3757198628785,0
                -59.4094166642995,-34.3757182894009,0
                -59.4094185625286,-34.3754478610017,0
                -59.4090924091088,-34.3754462866709,0
                -59.4090943083608,-34.3751758582754,0
                -59.4087681560144,-34.3751742830914,0
                -59.4087700562893,-34.3749038546997,0
                -59.4084439050163,-34.3749022786625,0
                -59.408445806314,-34.3746318502747,0
                -59.4081196561145,-34.3746302733842,0
                -59.4081234607299,-34.3740894166041,0
                -59.407797312652,-34.3740878388763,0
                -59.4078011192622,-34.3735469820797,0
                -59.4074749733058,-34.3735454035146,0
                -59.4074787819105,-34.3730045467015,0
                -59.4071526380756,-34.3730029672993,0
                -59.4071564486749,-34.3724621104697,0
                -59.4068303069614,-34.3724605302303,0
                -59.4068341195551,-34.3719196733843,0
                -59.406507979963,-34.3719180923077,0
                -59.4065137018068,-34.371106806996,0
                -59.406187565384,-34.3711052250982,0
                -59.4061971065214,-34.3697530827505,0
                -59.4058709753635,-34.3697515000634,0
                -59.4058767028843,-34.3689402145578,0
                -59.4055505748953,-34.3689386310496,0
                -59.4055543952109,-34.3683977740175,0
                -59.405228269343,-34.3683961896723,0
                -59.4052301805104,-34.3681257611541,0
                -59.4049040557158,-34.3681241759561,0
                -59.4049078800697,-34.3675833189154,0
                -59.4052340027688,-34.3675849040815,0
                -59.4052416469798,-34.3665031897915,0
                -59.4049155284716,-34.3665016046892,0
                -59.4049231764658,-34.3654198902701,0
                -59.4045970621737,-34.3654183043629,0
                -59.4046008881132,-34.3648774471128,0
                -59.4042747759419,-34.3648758603688,0
                -59.4042805178026,-34.3640645744513,0
                -59.4039544087995,-34.3640629868864,0
                -59.4039563237496,-34.3637925582391,0
                -59.4036302158196,-34.3637909698216,0
                -59.4036321317918,-34.3635205411782,0
                -59.4033060249348,-34.3635189519079,0
                -59.403307941929,-34.3632485232685,0
                -59.4029818361451,-34.3632469331455,0
                -59.4029837541612,-34.36297650451,0
                -59.4023315447653,-34.36297332169,0
                -59.4023334648508,-34.3627028930745,0
                -59.4013551540913,-34.3626981123774,0
                -59.4013570772938,-34.362427683798,0
                -59.4000526674966,-34.3624212974379,0
                -59.4000545948633,-34.3621508689107,0
                -59.3997284935257,-34.3621492701651,0
                -59.399720779715,-34.363230984137,0
                -59.3993946742131,-34.3632293844583,0
                -59.3993850261336,-34.3645815265712,0
                -59.3997111368732,-34.3645831263304,0
                -59.3996918492619,-34.3672874098124,0
                -59.3993657280457,-34.367285809892,0
                -59.3993580080903,-34.3683675228826,0
                -59.3996841334976,-34.3683691228674,0
                -59.3996687007348,-34.3705325483982,0
                -59.4009732361517,-34.3705389401637,0
                -59.4009713111323,-34.3708093683652,0
                -59.4019497161081,-34.3708141531136,0
                -59.4019477942068,-34.3710845813512,0
                -59.4022739302979,-34.3710861745455,0
                -59.4022720094189,-34.371356602787,0
                -59.4029242837737,-34.3713597866008,0
                -59.4029204461307,-34.3719006431118,0
                -59.4032465854424,-34.3719022337472,0
                -59.4032427497931,-34.372443090242,0
                -59.4035688912263,-34.3724446800405,0
                -59.4035631407047,-34.3732559647401,0
                -59.4032369961274,-34.3732543748936,0
                -59.4032408319301,-34.3727135184712,0
                -59.4029146894744,-34.3727119277877,0
                -59.4029185272709,-34.3721710713491,0
                -59.4025923869368,-34.3721694798286,0
                -59.4025943068446,-34.3718990516073,0
                -59.4022681675841,-34.3718974592338,0
                -59.4022700885142,-34.3716270310165,0
                -59.4019439503273,-34.3716254377901,0
                -59.4019458722798,-34.3713550095767,0
                -59.4009674610165,-34.3713502247318,0
                -59.4009655359201,-34.3716206528971,0
                -59.4003132597769,-34.3716174586235,0
                -59.4003151869692,-34.3713470304904,0
                -59.399989049984,-34.3713454320663,0
                -59.3999794085259,-34.3726975725305,0
                -59.3996532663266,-34.3726959731568,0
                -59.3996436189857,-34.3740481132388,0
                -59.3999697664252,-34.374049712693,0
                -59.399960123682,-34.3754018525539,0
                -59.4002862763878,-34.3754034512195,0
                -59.4002785659233,-34.3764851629554,0
                -59.4006047228474,-34.3764867608162,0
                -59.4006008695575,-34.377027616644,0
                -59.4009270286037,-34.3770292136678,0
                -59.4009231773075,-34.3775700694795,0
                -59.401249338476,-34.3775716656663,0
                -59.4012300909384,-34.3802759441612,0
                -59.4015562626158,-34.3802775396396,0
                -59.4015524148973,-34.3808183952259,0
                -59.4018785886971,-34.3808199898671,0
                -59.4018747429729,-34.3813608454372,0
                -59.4022009188953,-34.3813624392413,0
                -59.4021970751656,-34.3819032947952,0
                -59.4025232532105,-34.381904887762,0
                -59.4025194114752,-34.3824457432998,0
                -59.4028455916428,-34.3824473354294,0
                -59.4028417519022,-34.382988190951,0
                -59.4031679341924,-34.3829897822432,0
                -59.4031640964466,-34.3835306377486,0
                -59.4034902808595,-34.3835322282036,0
                -59.4034864451085,-34.3840730836927,0
                -59.4038126316441,-34.3840746733103,0
                -59.4038107147789,-34.3843451010528,0
                -59.4041369023886,-34.384346689817,0
                -59.4041349865465,-34.3846171175634,0
                -59.4044611752304,-34.3846187054742,0
                -59.4044573455668,-34.3851595609627,0
                -59.4047835363735,-34.3851611480361,0
                -59.4047816225521,-34.3854315757783,0
                -59.405107814433,-34.3854331619982,0
                -59.4051059016347,-34.3857035897443,0
                -59.4047797087052,-34.3857020035084,0
                -59.4047720530625,-34.3867837143081,0
                -59.4050982501869,-34.3867853006079,0
                -59.405103988811,-34.3859740174783,0
                -59.4054301828148,-34.3859756028607,0
                -59.4054320945898,-34.3857051751107,0
                -59.4057582875703,-34.3857067596077,0
                -59.405756376844,-34.3859771873737,0
                -59.4064087649788,-34.3859803537913,0
                -59.4064068563244,-34.386250781577,0
                -59.4067330514786,-34.3862523634976,0
                -59.4067311438475,-34.3865227912872,0
                -59.4073835363297,-34.3865259525518,0
                -59.4073816307707,-34.3867963803611,0
                -59.4077078280986,-34.3867979597052,0
                -59.4077116370939,-34.3862571040426,0
                -59.4080378323498,-34.3862586824854,0
                -59.4080397357607,-34.3859882546201,0
                -59.4083659299932,-34.3859898321776,0
                -59.4083697346415,-34.385448976379,0
                -59.408695926802,-34.3854505530353,0
                -59.4086997292515,-34.3849096971568,0
                -59.4090259193401,-34.3849112729119,0
                -59.4090278194782,-34.3846408449386,0
                -59.4093540085434,-34.3846424198084,0
                -59.4093578066464,-34.3841015637941,0
                -59.4096839936397,-34.3841031377628,0
                -59.4096745034355,-34.3854552777874,0
                -59.409348311199,-34.3854537037395,0
                -59.4093445128429,-34.3859945596332,0
                -59.4090183185343,-34.3859929846841,0
                -59.4090164182696,-34.386263412597,0
                -59.4086902229376,-34.3862618367626,0
                -59.4086864202347,-34.3868026925204,0
                -59.4080340254519,-34.3867995381797,0
                -59.408032121965,-34.3870699660088,0
                -59.4077059235629,-34.3870683875184,0
                -59.4077040190018,-34.3873388153195,0
                -59.4080302184526,-34.3873403938258,0
                -59.4080283149149,-34.3876108216308,0
                -59.4083545154399,-34.3876123992835,0
                -59.408350710386,-34.3881532548889,0
                -59.4086769130339,-34.3881548317039,0
                -59.4086731099762,-34.3886956872929,0
                -59.4089993147472,-34.3886972632701,0
                -59.4089955136858,-34.3892381188425,0
                -59.4093217205798,-34.3892396939819,0
                -59.4093179215149,-34.3897805495377,0
                -59.409644130532,-34.3897821238392,0
                -59.4096422320104,-34.3900525516149,0
                -59.4099684421017,-34.3900541250627,0
                -59.4099646470806,-34.3905949806096,0
                -59.410290859295,-34.3905965532195,0
                -59.4102889627955,-34.3908669809906,0
                -59.4106151760841,-34.3908685527467,0
                -59.4106113851071,-34.3914094082845,0
                -59.410937600519,-34.3914109792026,0
                -59.410933811539,-34.3919518347238,0
                -59.4112600290741,-34.3919534048039,0
                -59.4112562420911,-34.3924942603084,0
                -59.4115824617494,-34.3924958295505,0
                -59.4115805692691,-34.3927662573004,0
                -59.4119067900018,-34.3927678256886,0
                -59.4119048985453,-34.3930382534423,0
                -59.4122311203522,-34.3930398209766,0
                -59.4122292299197,-34.393310248734,0
                -59.4125554528008,-34.3933118154145,0
                -59.4125535633921,-34.3935822431755,0
                -59.4128797873476,-34.393583809002,0
                -59.4128778989628,-34.3938542367668,0
                -59.4132041239925,-34.3938558017394,0
                -59.4132060113282,-34.3935853739589,0
                -59.413532235334,-34.393586938046,0
                -59.4135341215954,-34.3933165102376,0
                -59.4138603445772,-34.3933180734393,0
                -59.4138660000634,-34.3925067898947,0
                -59.4141922199232,-34.3925083521795,0
                -59.4141959880237,-34.3919674963913,0
                -59.4145222058105,-34.3919690577751,0
                -59.4145410343169,-34.389264777953,0
                -59.4148672416394,-34.38926633831,0
                -59.4148634782366,-34.3898071944023,0
                -59.4151896876819,-34.3898087539212,0
                -59.4151821647711,-34.3908904660239,0
                -59.4155083784372,-34.3908920247359,0
                -59.4155027391379,-34.3917033087334,0
                -59.415828955976,-34.3917048666228,0
                -59.4158233195983,-34.3925161505588,0
                -59.4154970996131,-34.3925145926222,0
                -59.4154933398047,-34.3930554484878,0
                -59.4151671177464,-34.3930538896503,0
                -59.4151633557396,-34.3935947454362,0
                -59.4148371316083,-34.3935931856976,0
                -59.4148296030972,-34.3946748970619,0
                -59.4145033747945,-34.3946733363907,0
                -59.4144977250003,-34.3954846197401,0
                -59.4148239564506,-34.3954861804584,0
                -59.4148220741848,-34.3957566082331,0
                -59.4151483067094,-34.3957581680974,0
                -59.4151464254678,-34.3960285958758,0
                -59.4154726590666,-34.396030154886,0
                -59.4154707788492,-34.396300582668,0
                -59.4157970135223,-34.3963021408241,0
                -59.4157932551108,-34.3968429963833,0
                -59.4154670183392,-34.3968414381958,0
                -59.4154688986067,-34.3965710104379,0
                -59.4148164272371,-34.396567891485,0
                -59.4148145448711,-34.3968383192114,0
                -59.4141620715033,-34.3968351967478,0
                -59.4141583024988,-34.3973760521017,0
                -59.4144845412687,-34.3973776137998,0
                -59.4144807742623,-34.3979184691369,0
                -59.4157857379872,-34.3979247073568,0
                -59.4157876173057,-34.3976542796315,0
                -59.4161138572502,-34.3976558369962,0
                -59.4161157354943,-34.3973854092432,0
                -59.4164419744146,-34.3973869657224,0
                -59.4164438515844,-34.3971165379416,0
                -59.4167700894804,-34.3971180935354,0
                -59.4167663372144,-34.3976589491162,0
                -59.417092577234,-34.3976605038714,0
                -59.4170907021128,-34.3979309316593,0
                -59.4174169432067,-34.3979324855604,0
                -59.4174150691099,-34.3982029133519,0
                -59.4177413112781,-34.3982044663987,0
                -59.4177394382056,-34.3984748941938,0
                -59.4180656814482,-34.3984764463865,0
                -59.4180638094001,-34.3987468741851,0
                -59.4187162980587,-34.398749975992,0
                -59.4187144280844,-34.3990204038098,0
                -59.4190406735005,-34.3990219534241,0
                -59.4190388045507,-34.3992923812454,0
                -59.419365051041,-34.3992939300054,0
                -59.4193631831157,-34.3995643578303,0
                -59.4200156782699,-34.3995674527717,0
                -59.4200138124185,-34.3998378806157,0
                -59.4206663097711,-34.3998409721087,0
                -59.4206644459937,-34.4001113999717,0
                -59.4209906957566,-34.4001129444289,0
                -59.4209888330039,-34.4003833722954,0
                -59.4213150838411,-34.4003849158983,0
                -59.421313222113,-34.4006553437682,0
                -59.4219657259608,-34.4006584283952,0
                -59.4219638663068,-34.4009288562842,0
                -59.4229426254128,-34.4009334767467,0
                -59.4229444819183,-34.4006630488112,0
                -59.4232707339537,-34.4006645872101,0
                -59.4232725893851,-34.400394159247,0
                -59.423925091431,-34.4003972334039,0
                -59.4239269447388,-34.4001268053979,0
                -59.4242531947494,-34.4001283411561,0
                -59.424255046983,-34.3998579131225,0
                -59.4249075449793,-34.3998609819981,0
                -59.4249093950894,-34.3995905539216,0
                -59.4252356430751,-34.3995920870392,0
                -59.4252374921111,-34.3993216589352,0
                -59.4255637390721,-34.3993231911674,0
                -59.4255674349714,-34.3987823348924,0
                -59.4258936798582,-34.3987838662239,0
                -59.4258955267216,-34.3985134380529,0
                -59.4262217705836,-34.3985149684991,0
                -59.426223616373,-34.3982445403006,0
                -59.4265498592103,-34.3982460698615,0
                -59.4265535486166,-34.3977052133976,0
                -59.4268797893798,-34.397706742058,0
                -59.4268834765891,-34.397165885515,0
                -59.4275359539921,-34.3971689401647,0
                -59.4275377954613,-34.3968985118443,0
                -59.4278640331503,-34.3969000378491,0
                -59.4278658735457,-34.3966296095014,0
                -59.4285183468987,-34.3966326588708,0
                -59.4285201851711,-34.3963622304802,0
                -59.4288464208351,-34.3963637538449,0
                -59.4288482580338,-34.396093325427,0
                -59.4295007273367,-34.3960963695163,0
                -59.4295025624124,-34.3958259410557,0
                -59.4301550297147,-34.3958289816353,0
                -59.4301568626675,-34.395558553132,0
                -59.4304830953061,-34.3955600721018,0
                -59.4304849271853,-34.3952896435712,0
                -59.4311373904373,-34.395292678871,0
                -59.4311392201936,-34.3950222502978,0
                -59.4317916814448,-34.395025282088,0
                -59.4317935090784,-34.3947548534722,0
                -59.4324459683286,-34.394757881753,0
                -59.4324477938396,-34.3944874530946,0
                -59.4331002510888,-34.394490477866,0
                -59.4331020744771,-34.3942200491651,0
                -59.433428302089,-34.394221560231,0
                -59.4334301244039,-34.3939511315029,0
                -59.4340825776023,-34.393954150995,0
                -59.4340843977946,-34.3936837222244,0
                -59.4344106233811,-34.3936852306508,0
                -59.4344124425,-34.3934148018529,0
                -59.4347386670617,-34.3934163093944,0
                -59.4347404851073,-34.3931458805693,0
                -59.4353929322049,-34.3931488930128,0
                -59.4353947481282,-34.3928784641453,0
                -59.4357209706642,-34.3928799690474,0
                -59.43572460034,-34.392339111246,0
                -59.4360508208021,-34.3923406152481,0
                -59.4360562619872,-34.3915293284101,0
                -59.4363824793264,-34.3915308314972,0
                -59.4363897297055,-34.3904491154839,0
                -59.436715942873,-34.3904506176408,0
                -59.4367213772569,-34.3896393304589,0
                -59.4370475873017,-34.3896408317009,0
                -59.4370512080058,-34.3890999734891,0
                -59.4373774159769,-34.3891014738312,0
                -59.4373792252439,-34.3888310446922,0
                -59.4380316391607,-34.3888340427376,0
                -59.4380280247982,-34.3893749010641,0
                -59.4383542338905,-34.3893763988127,0
                -59.4383506215294,-34.3899172571211,0
                -59.4380244103393,-34.3899157593424,0
                -59.4380189884703,-34.3907270466693,0
                -59.4376927741574,-34.3907255479757,0
                -59.4376873489247,-34.3915368351489,0
                -59.4373611314889,-34.3915353355404,0
                -59.4373557028922,-34.3923466225598,0
                -59.4370294823334,-34.3923451220363,0
                -59.4370276717039,-34.3926155510036,0
                -59.4376801149436,-34.392618551211,0
                -59.4376783063881,-34.3928889801963,0
                -59.4383307518223,-34.3928919769552,0
                -59.4383325582797,-34.3926215479397,0
                -59.4389850017121,-34.3926245411897,0
                -59.4389868060473,-34.3923541121319,0
                -59.4393130267505,-34.3923556074374,0
                -59.4393148300126,-34.3920851783525,0
                -59.4396410496908,-34.3920866727732,0
                -59.4396446540449,-34.3915458145373,0
                -59.439970871649,-34.3915473080583,0
                -59.439972672741,-34.3912768789072,0
                -59.4402988893202,-34.3912783715435,0
                -59.4403006893392,-34.3910079423653,0
                -59.4406269048934,-34.391009434117,0
                -59.4406287038394,-34.3907390049118,0
                -59.4409549183686,-34.3907404957788,0
                -59.4409567162417,-34.3904700665465,0
                -59.441935356826,-34.390474533885,0
                -59.4419371515283,-34.3902041045956,0
                -59.4448730651309,-34.3902174595178,0
                -59.4448712798692,-34.3904878889416,0
                -59.4458499213123,-34.3904923249742,0
                -59.4458517034272,-34.3902218955057,0
                -59.4461779162401,-34.3902233724292,0
                -59.4461796972823,-34.3899529429338,0
                -59.44650590907,-34.3899544189728,0
                -59.4465094689853,-34.3894135599161,0
                -59.4468356786989,-34.3894150350558,0
                -59.4468392364215,-34.3888741759212,0
                -59.4471654440611,-34.3888756501617,0
                -59.4471707773206,-34.3880643613249,0
                -59.4474969818373,-34.3880658346513,0
                -59.4475005351275,-34.3875249753368,0
                -59.4481529400366,-34.3875279193217,0
                -59.4481493909416,-34.3880687786954,0
                -59.4484755955293,-34.3880702494132,0
                -59.4484649539701,-34.3896928273339,0
                -59.4481387430892,-34.3896913565273,0
                -59.4481298692284,-34.3910435043891,0
                -59.4484560853541,-34.3910449752697,0
                -59.4484507639008,-34.3918562638866,0
                -59.4487769831972,-34.391857733942,0
                -59.4487734375416,-34.3923985929892,0
                -59.4494258804014,-34.3924015305502,0
                -59.4494241096363,-34.3926719600853,0
                -59.4497503321507,-34.3926734275761,0
                -59.4497485624111,-34.3929438571139,0
                -59.4500747859981,-34.3929453237498,0
                -59.450073017284,-34.3932157532903,0
                -59.4520303655956,-34.3932245349304,0
                -59.4520321280152,-34.3929541053014,0
                -59.4530107993409,-34.3929584843364,0
                -59.4530090400687,-34.3932289140094,0
                -59.4536614898347,-34.393231829047,0
                -59.4536597326372,-34.3935022587373,0
                -59.4539859586045,-34.3935037149662,0
                -59.4539789337771,-34.3945854336655,0
                -59.4536527036132,-34.394583977378,0
                -59.4536474315994,-34.395395266232,0
                -59.4539736649108,-34.3953967225634,0
                -59.4539719085752,-34.395667152172,0
                -59.4542981429593,-34.3956686076484,0
                -59.4542963876495,-34.3959390372595,0
                -59.4549488585863,-34.3959419456322,0
                -59.4549471053517,-34.3962123752605,0
                -59.4555995784805,-34.3962152801833,0
                -59.4555960761382,-34.3967561394624,0
                -59.4559223148362,-34.3967575906483,0
                -59.4559188144992,-34.3972984499083,0
                -59.4562450553191,-34.3972999002536,0
                -59.4562433061649,-34.3975703298801,0
                -59.4565695480574,-34.3975717793702,0
                -59.4565677999293,-34.3978422089993,0
                -59.457220285883,-34.397845105399,0
                -59.4572185398303,-34.3981155350452,0
                -59.4581972720832,-34.3981198731645,0
                -59.4581955291554,-34.3983903028423,0
                -59.4598267552883,-34.3983975157165,0
                -59.4598284929693,-34.3981270859661,0
                -59.4604809814859,-34.3981299649978,0
                -59.4604844525811,-34.3975891054028,0
                -59.4608106947754,-34.3975905435849,0
                -59.4608141636794,-34.3970496839128,0
                -59.4611404037981,-34.3970511211961,0
                -59.461138670407,-34.3973215510526,0
                -59.4614649115982,-34.3973229874805,0
                -59.4614631792334,-34.3975934173394,0
                -59.4611369369928,-34.3975919808971,0
                -59.4611334700951,-34.3981328405499,0
                -59.460807225779,-34.3981314032088,0
                -59.4608054912461,-34.3984018330026,0
                -59.4604792459037,-34.3984003947771,0
                -59.4604775102983,-34.3986708245445,0
                -59.4601512639296,-34.3986693854346,0
                -59.4601495272517,-34.3989398151754,0
                -59.4604757746698,-34.3989412542998,0
                -59.4604723033433,-34.3994821137742,0
                -59.4601460538264,-34.3994806746209,0
                -59.4601391066981,-34.4005623933671,0
                -59.4604653604128,-34.4005638325784,0
                -59.4604636246224,-34.4008342622493,0
                -59.4601373698581,-34.4008328230236,0
                -59.4601338961088,-34.4013736823003,0
                -59.4598076392686,-34.4013722421756,0
                -59.4598041633276,-34.4019131013751,0
                -59.4584991278024,-34.4019073320605,0
                -59.4585008699827,-34.4016369025249,0
                -59.458174612209,-34.4016354580358,0
                -59.4581815848962,-34.4005537398308,0
                -59.4578553313437,-34.40055229453,0
                -59.4578570755069,-34.4002818649632,0
                -59.4575308230272,-34.4002804188069,0
                -59.4575325682166,-34.4000099892426,0
                -59.456880065426,-34.4000070943495,0
                -59.456881812691,-34.3997366648022,0
                -59.4559030618281,-34.3997323159819,0
                -59.4559048122182,-34.3994618864664,0
                -59.4549260647135,-34.3994575298607,0
                -59.4549278182285,-34.399187100377,0
                -59.4546015701564,-34.3991856464499,0
                -59.454599815592,-34.399456075919,0
                -59.4536210683678,-34.3994517088745,0
                -59.4536193106316,-34.3997221382876,0
                -59.4519880604795,-34.3997148424085,0
                -59.4519862974727,-34.3999852717361,0
                -59.4510075445149,-34.3999808837256,0
                -59.4510057783362,-34.4002513129969,0
                -59.4503532743831,-34.4002483832775,0
                -59.4503515060819,-34.4005188125073,0
                -59.4500252530912,-34.4005173463279,0
                -59.4500234837169,-34.4007877755309,0
                -59.4496972297003,-34.4007863084668,0
                -59.4496901477693,-34.4018680250992,0
                -59.450016405984,-34.4018694922223,0
                -59.4500110974367,-34.4026807796143,0
                -59.4496848360733,-34.4026793124469,0
                -59.4496724412901,-34.4045723158362,0
                -59.4493461726027,-34.4045708476953,0
                -59.4493444007753,-34.4048412766879,0
                -59.4496706705123,-34.4048427448436,0
                -59.4496671288861,-34.4053836028222,0
                -59.4493408570496,-34.405382134637,0
                -59.4493390851514,-34.4056525635934,0
                -59.4503179038808,-34.4056569655831,0
                -59.4503161351082,-34.4059273945718,0
                -59.4493373132295,-34.4059229925378,0
                -59.4493249091152,-34.407815994811,0
                -59.4489986278542,-34.4078145256226,0
                -59.4489862152333,-34.4097075272014,0
                -59.4493125038436,-34.4097089964933,0
                -59.4493089592678,-34.4102498540083,0
                -59.4496352500017,-34.4102513224596,0
                -59.4496334787283,-34.4105217512138,0
                -59.4499597705358,-34.4105232188095,0
                -59.4499580002889,-34.4107936475665,0
                -59.4506105860747,-34.4107965801767,0
                -59.4506070497101,-34.4113374377134,0
                -59.4512596397903,-34.4113403669015,0
                -59.4512561075316,-34.4118812244489,0
                -59.4509298103796,-34.4118797602605,0
                -59.4509280431649,-34.4121501890014,0
                -59.451254341367,-34.4121516532045,0
                -59.4512525751788,-34.4124220819481,0
                -59.4515788744545,-34.4124235452957,0
                -59.4515806395926,-34.4121531165374,0
                -59.4551699216238,-34.4121691557576,0
                -59.4551716751874,-34.4118987268258,0
                -59.4554979726443,-34.4119001797002,0
                -59.4554962201307,-34.4121706086466,0
                -59.4587592064827,-34.4121850896696,0
                -59.4587609484954,-34.4119146605774,0
                -59.4594135439447,-34.4119175463092,0
                -59.4594118040321,-34.4121879754303,0
                -59.4597381028416,-34.4121894170053,0
                -59.4597398417041,-34.4119189878696,0
                -59.4600661394867,-34.4119204285597,0
                -59.4600644016743,-34.4121908577098,0
                -59.4607169994091,-34.4121937365081,0
                -59.4607152636737,-34.4124641656752,0
                -59.4616941635998,-34.4124684773886,0
                -59.4616924309916,-34.412738906587,0
                -59.462345033158,-34.4127417767398,0
                -59.462343302627,-34.4130122059551,0
                -59.4626696047949,-34.4130136397404,0
                -59.462667875291,-34.4132840689581,0
                -59.4633204817963,-34.4132869339465,0
                -59.4633187543696,-34.413557363181,0
                -59.463645058707,-34.4135587943841,0
                -59.4636433323075,-34.4138292236208,0
                -59.463969637718,-34.4138306539679,0
                -59.4639679123457,-34.4141010832071,0
                -59.4642942188294,-34.4141025126982,0
                -59.4642924944843,-34.4143729419397,0
                -59.464945109621,-34.4143757983396,0
                -59.4649433873534,-34.4146462275977,0
                -59.4652696960064,-34.4146476545064,0
                -59.4652714172238,-34.4143772252339,0
                -59.4655977248495,-34.4143786512579,0
                -59.4655994449938,-34.414108221959,0
                -59.4659257515923,-34.4141096470982,0
                -59.4659274706634,-34.4138392177729,0
                -59.4662537762346,-34.4138406420274,0
                -59.4662554942327,-34.4135702126756,0
                -59.4665817987766,-34.4135716360455,0
                -59.4665852326037,-34.4130307772772,0
                -59.4669115350702,-34.4130321997481,0
                -59.4669132508993,-34.4127617703315,0
                -59.4672395523385,-34.4127631919177,0
                -59.4672464112259,-34.4116814740739,0
                -59.4675727084876,-34.4116828947326,0
                -59.467576135694,-34.4111420357098,0
                -59.4679024308784,-34.4111434554695,0
                -59.4679041433974,-34.4108730259257,0
                -59.4685567317345,-34.4108758628058,0
                -59.4685584421306,-34.4106054332214,0
                -59.4688847352833,-34.4106068503418,0
                -59.4688864446065,-34.4103364207311,0
                -59.469212736732,-34.4103378369669,0
                -59.4692144449825,-34.4100674073299,0
                -59.4695407360808,-34.4100688226812,0
                -59.4695441504136,-34.4095279633426,0
                -59.4698704394346,-34.4095293777952,0
                -59.4698738515765,-34.4089885183799,0
                -59.4702001385204,-34.4089899319337,0
                -59.4702069583316,-34.4079082129017,0
                -59.4705332410986,-34.4079096255284,0
                -59.4705349449447,-34.4076391957261,0
                -59.4708612266846,-34.4076406074685,0
                -59.4708578210694,-34.4081814670896,0
                -59.4705315372298,-34.4081800553188,0
                -59.470526425487,-34.4089913446174,0
                -59.4708527124764,-34.4089927564309,0
                -59.4708493066342,-34.4095336159315,0
                -59.4711755957461,-34.4095350269031,0
                -59.471173893841,-34.4098054566495,0
                -59.4715001840256,-34.4098068667651,0
                -59.4714984831477,-34.4100772965137,0
                -59.471824774405,-34.4100787057732,0
                -59.4718230745545,-34.4103491355239,0
                -59.4721493668844,-34.4103505439273,0
                -59.4721476680612,-34.4106209736802,0
                -59.4724739614637,-34.4106223812275,0
                -59.4724705658496,-34.4111632407253,0
                -59.4731231569227,-34.4111660532658,0
                -59.4731197654183,-34.411706912772,0
                -59.4727934677703,-34.4117055069086,0
                -59.4727917709341,-34.4119759366295,0
                -59.4724654722586,-34.4119745298817,0
                -59.472460378464,-34.4127858189296,0
                -59.4721340766609,-34.4127844112689,0
                -59.4721408725422,-34.4117026925709,0
                -59.4724671701449,-34.4117041001749,0
                -59.4724688680086,-34.4114336704561,0
                -59.4718162749259,-34.4114308544062,0
                -59.471817974867,-34.4111604247037,0
                -59.4705127931738,-34.4111547822169,0
                -59.4705110890324,-34.4114252118626,0
                -59.4701847926158,-34.411423799051,0
                -59.4701830874017,-34.4116942286704,0
                -59.4695304925365,-34.4116914004078,0
                -59.4695270778397,-34.4122322595536,0
                -59.4692007783411,-34.4122308440883,0
                -59.4691990699085,-34.4125012736289,0
                -59.4688727693825,-34.4124998572791,0
                -59.468871059877,-34.4127702867933,0
                -59.4685447583237,-34.4127688695589,0
                -59.468541337144,-34.4133097285227,0
                -59.4682150335132,-34.4133083103894,0
                -59.4682116101419,-34.4138491692765,0
                -59.4678853044336,-34.4138477502442,0
                -59.4678835916636,-34.4141181796554,0
                -59.467230978215,-34.4141153389512,0
                -59.4672292633218,-34.4143857683218,0
                -59.4669029555816,-34.4143843466498,0
                -59.4669012396152,-34.414654775994,0
                -59.4665749308477,-34.4146533534373,0
                -59.4665732138082,-34.4149237827551,0
                -59.4662469040133,-34.4149223593136,0
                -59.4662451859008,-34.4151927886051,0
                -59.4659188750785,-34.4151913642789,0
                -59.4659137174526,-34.4160026520379,0
                -59.4662400314257,-34.4160040764071,0
                -59.4662383132216,-34.4162745056503,0
                -59.466890943337,-34.416277351806,0
                -59.4668892272106,-34.4165477810658,0
                -59.4672155433529,-34.4165492028522,0
                -59.467217258429,-34.4162787735781,0
                -59.4678698886817,-34.416281614511,0
                -59.4678716016343,-34.4160111851963,0
                -59.4681979157446,-34.4160126043428,0
                -59.4681996276241,-34.4157421750017,0
                -59.4685259407069,-34.4157435932634,0
                -59.4685276515133,-34.415473163896,0
                -59.4695065877476,-34.415477413416,0
                -59.469504880092,-34.4157478428262,0
                -59.4698311932659,-34.4157492576062,0
                -59.4698294866378,-34.4160196870186,0
                -59.4695031724136,-34.4160182722243,0
                -59.4695014647125,-34.4162887016104,0
                -59.4681962038422,-34.4162830336718,0
                -59.4681944919171,-34.4165534629888,0
                -59.4675418595182,-34.4165506237682,0
                -59.4675384313981,-34.4170914823089,0
                -59.4678647496868,-34.417092902383,0
                -59.4678630366428,-34.4173633316496,0
                -59.4672103979875,-34.4173604906023,0
                -59.4672069676296,-34.4179013490421,0
                -59.4675332890466,-34.4179027700295,0
                -59.4675178607586,-34.4203366325406,0
                -59.4678441916525,-34.4203380527862,0
                -59.4678390516302,-34.4211493401158,0
                -59.4681653856987,-34.4211507595336,0
                -59.4681636733628,-34.4214211886337,0
                -59.4684900085046,-34.4214226071952,0
                -59.4684882971965,-34.4216930362975,0
                -59.4688146334117,-34.4216944540026,0
                -59.4688129231314,-34.4219648831071,0
                -59.46913926042,-34.4219662999559,0
                -59.4691375511675,-34.4222367290626,0
                -59.470442904752,-34.4222423878084,0
                -59.4704394945838,-34.4227832460994,0
                -59.470765835138,-34.4227846586377,0
                -59.4707641310705,-34.4230550877794,0
                -59.4710904726981,-34.4230564994612,0
                -59.4710836604035,-34.4241382159641,0
                -59.4704309687655,-34.4241353916162,0
                -59.4704326739746,-34.423864962537,0
                -59.4701063292404,-34.4238635490712,0
                -59.470102916698,-34.4244044071892,0
                -59.4697765698851,-34.4244029928242,0
                -59.4697799845289,-34.4238621347347,0
                -59.4694536398402,-34.4238607195275,0
                -59.4694553481787,-34.4235902904788,0
                -59.4691290045634,-34.4235888744152,0
                -59.4691307139298,-34.4233184453688,0
                -59.468804371388,-34.4233170284487,0
                -59.4688060817823,-34.4230465994045,0
                -59.4678270574457,-34.4230423434629,0
                -59.4678236303303,-34.4235832014536,0
                -59.4674972868291,-34.4235817810365,0
                -59.4674990014489,-34.4233113520615,0
                -59.4671726590212,-34.423309930788,0
                -59.4671743746688,-34.4230395018152,0
                -59.4668480333147,-34.4230380796853,0
                -59.4668514666426,-34.4224972217322,0
                -59.4665251274126,-34.4224957987603,0
                -59.4665268450929,-34.4222253697799,0
                -59.4662005069364,-34.4222239459517,0
                -59.466224566764,-34.4184379391622,0
                -59.4658982433377,-34.418436514664,0
                -59.4659016821903,-34.417895656387,0
                -59.4655753608877,-34.417894231047,0
                -59.46557708133,-34.4176238019047,0
                -59.4652507611008,-34.4176223757086,0
                -59.4652524825705,-34.4173519465687,0
                -59.4649261634146,-34.4173505195163,0
                -59.464929608386,-34.416809661229,0
                -59.4646032913537,-34.416808233335,0
                -59.4646050148553,-34.4165378041876,0
                -59.4642786988963,-34.4165363754375,0
                -59.4642804234252,-34.4162659462924,0
                -59.4639541085395,-34.4162645166862,0
                -59.4639575596291,-34.4157236583887,0
                -59.4633049341278,-34.4157207966225,0
                -59.4633066617386,-34.4154503674845,0
                -59.4629803500728,-34.4154489353102,0
                -59.4629820787109,-34.4151785061745,0
                -59.4626557681184,-34.4151770731442,0
                -59.4626574977836,-34.4149066440109,0
                -59.4620048787682,-34.4149037753678,0
                -59.4620066105109,-34.4146333462513,0
                -59.461680302088,-34.4146319106386,0
                -59.4616820348578,-34.4143614815246,0
                -59.4613557275083,-34.4143600450559,0
                -59.4613574613052,-34.4140896159442,0
                -59.4603785425458,-34.4140853013594,0
                -59.4603802794702,-34.4138148722791,0
                -59.45972766918,-34.4138119915663,0
                -59.4597294081816,-34.4135415625029,0
                -59.4545085460098,-34.4135183917002,0
                -59.4545067902056,-34.4137888205304,0
                -59.454180485468,-34.4137873649425,0
                -59.4541787285902,-34.414057793746,0
                -59.4538524228259,-34.4140563372731,0
                -59.4538559386584,-34.4135154796834,0
                -59.4532033314007,-34.4135125641852,0
                -59.4532050913821,-34.4132421354016,0
                -59.4502683693362,-34.4132289727092,0
                -59.4502665999035,-34.4134994013603,0
                -59.4499402965215,-34.4134979344725,0
                -59.449938526015,-34.4137683630968,0
                -59.4502648304471,-34.4137698299994,0
                -59.4502630609672,-34.4140402586264,0
                -59.4499367554849,-34.414038791709,0
                -59.4499332143539,-34.4145796488973,0
                -59.4502595219366,-34.4145811158442,0
                -59.4502559828117,-34.4151219730138,0
                -59.4505822925184,-34.4151234391198,0
                -59.4505769868049,-34.415934724828,0
                -59.450903299686,-34.4159361901079,0
                -59.4508997645264,-34.4164770472159,0
                -59.4512260795316,-34.4164785116548,0
                -59.4512225463785,-34.4170193687441,0
                -59.4515488635079,-34.417020832342,0
                -59.4515470979463,-34.4172912608833,0
                -59.4518734161496,-34.4172927236255,0
                -59.4518716516149,-34.4175631521694,0
                -59.4521979708921,-34.4175646140558,0
                -59.4521944438528,-34.4181054711369,0
                -59.4525207652542,-34.4181069321822,0
                -59.4525172402218,-34.4186477892445,0
                -59.4528435637475,-34.4186492494487,0
                -59.4528382791741,-34.4194605349958,0
                -59.4531646058746,-34.4194619943735,0
                -59.4531628453536,-34.4197324228798,0
                -59.4534891731281,-34.4197338814017,0
                -59.4534874136341,-34.4200043099106,0
                -59.4538137424825,-34.4200057675765,0
                -59.4538119840156,-34.420276196088,0
                -59.454138313938,-34.4202776528981,0
                -59.4541365564981,-34.4205480814122,0
                -59.4544628874944,-34.4205495373663,0
                -59.4544611310817,-34.420819965883,0
                -59.4554401273625,-34.4208243285658,0
                -59.4554418806236,-34.4205539000052,0
                -59.4560945428266,-34.4205568040782,0
                -59.4560980450767,-34.4200159468624,0
                -59.4564243741122,-34.4200173975638,0
                -59.4564226240493,-34.4202878261923,0
                -59.4567489541586,-34.4202892760377,0
                -59.456747205123,-34.4205597046688,0
                -59.4570735363061,-34.4205611536582,0
                -59.4570717882976,-34.4208315822918,0
                -59.4573981205546,-34.4208330304252,0
                -59.4573963735734,-34.4211034590613,0
                -59.4577227069042,-34.4211049063387,0
                -59.4577209609502,-34.4213753349774,0
                -59.4586999642338,-34.4213796716295,0
                -59.4586982214084,-34.4216501002997,0
                -59.4590245569333,-34.4216515441237,0
                -59.4590228151351,-34.4219219727964,0
                -59.4596754883558,-34.4219248578616,0
                -59.4596737486357,-34.4221952865512,0
                -59.4600000863314,-34.4221967277924,0
                -59.4599983476387,-34.4224671564845,0
                -59.4603246864082,-34.4224685968694,0
                -59.4603177356083,-34.4235503115752,0
                -59.4606440786036,-34.4235517511475,0
                -59.4606423418964,-34.4238221798083,0
                -59.4609686859655,-34.4238236185244,0
                -59.4609669502859,-34.4240940471876,0
                -59.4616196405949,-34.4240969220366,0
                -59.4616179069936,-34.4243673507167,0
                -59.4622705994964,-34.4243702221118,0
                -59.4622688679734,-34.4246406508087,0
                -59.4625952153102,-34.4246420852146,0
                -59.4625934848149,-34.4249125139139,0
                -59.4632461816592,-34.4249153801423,0
                -59.4632444532423,-34.4251858088584,0
                -59.4635708027498,-34.425187240681,0
                -59.4635690753607,-34.4254576693994,0
                -59.4642217765461,-34.4254605304611,0
                -59.4642183259021,-34.4260013879194,0
                -59.4648710313827,-34.4260042455555,0
                -59.4648693081278,-34.4262746742953,0
                -59.4655220158019,-34.4262775284771,0
                -59.4655202946258,-34.4265479572336,0
                -59.4658466495481,-34.4265493830327,0
                -59.4658432092286,-34.4270902405382,0
                -59.4664959233454,-34.4270930895813,0
                -59.466494205253,-34.4273635183446,0
                -59.4668205633967,-34.4273649415743,0
                -59.466817129245,-34.4279057990935,0
                -59.4674698498045,-34.4279086429976,0
                -59.4674681347962,-34.4281790717677,0
                -59.4677944961612,-34.4281804924278,0
                -59.4677910681779,-34.4287213499605,0
                -59.4671383412671,-34.4287185077122,0
                -59.4671366251393,-34.4289889364318,0
                -59.4668102606672,-34.4289875139871,0
                -59.4668085434655,-34.4292579426804,0
                -59.4655030816024,-34.4292522441354,0
                -59.465504803008,-34.4289818154995,0
                -59.4658311673884,-34.4289832414277,0
                -59.4658363283146,-34.4281719554045,0
                -59.4651836058824,-34.4281691027634,0
                -59.4651870505889,-34.4276282454117,0
                -59.464860691509,-34.4276268178136,0
                -59.4648624148787,-34.4273563891341,0
                -59.4645360568726,-34.4273549606795,0
                -59.4645377812702,-34.4270845320023,0
                -59.4638850674289,-34.4270816725095,0
                -59.4638867939053,-34.426811243849,0
                -59.4629077264684,-34.426806948122,0
                -59.4629094560743,-34.4265365194927,0
                -59.4616040373513,-34.4265307797234,0
                -59.461602303542,-34.426801208295,0
                -59.4612759478682,-34.4267997711612,0
                -59.4612724780786,-34.4273406282393,0
                -59.4615988358542,-34.427342065402,0
                -59.4615953680739,-34.4278829224608,0
                -59.4612690081966,-34.4278814852692,0
                -59.4612707431491,-34.4276110567603,0
                -59.4609443843458,-34.4276096187123,0
                -59.4609426483423,-34.4278800472067,0
                -59.4602899287032,-34.4278771684694,0
                -59.4602881905748,-34.4281475969228,0
                -59.4599618297391,-34.4281461562334,0
                -59.4599635689184,-34.4278757277945,0
                -59.4596372091568,-34.4278742862488,0
                -59.4596389493638,-34.4276038578123,0
                -59.458986232012,-34.4276009721374,0
                -59.4589897165601,-34.4270601152864,0
                -59.4586633600207,-34.4270586711718,0
                -59.4586651033108,-34.4267882427427,0
                -59.4583387478455,-34.4267867977719,0
                -59.4583404921632,-34.4265163693453,0
                -59.458014137772,-34.4265149235182,0
                -59.4580158831173,-34.4262444950941,0
                -59.4576895298001,-34.4262430484107,0
                -59.4576930225225,-34.4257021915555,0
                -59.4573666713303,-34.4257007440305,0
                -59.4573684187073,-34.4254303155994,0
                -59.4570420685892,-34.4254288672182,0
                -59.4570438169937,-34.4251584387896,0
                -59.4567174679496,-34.4251569895523,0
                -59.4567192173816,-34.4248865611262,0
                -59.454434782082,-34.4248763921866,0
                -59.4544365388458,-34.4246059638507,0
                -59.4537838453579,-34.4246030506322,0
                -59.4537856041998,-34.4243326223136,0
                -59.4534592585417,-34.4243311644129,0
                -59.4534610184109,-34.424060736097,0
                -59.4531346738269,-34.4240592773403,0
                -59.4531364347234,-34.4237888490269,0
                -59.4528100912136,-34.4237873894142,0
                -59.4528118531372,-34.4235169611035,0
                -59.4524855107016,-34.4235155006348,0
                -59.4524890365797,-34.4229746440066,0
                -59.452162696269,-34.4229731826966,0
                -59.4521662241544,-34.4224323260495,0
                -59.4518398859684,-34.4224308638983,0
                -59.4518434158609,-34.4218900072325,0
                -59.4505380717571,-34.421884150039,0
                -59.4505363026202,-34.422154578319,0
                -59.4498836286084,-34.4221516444689,0
                -59.449888942252,-34.4213403596813,0
                -59.4495626084332,-34.4213388914947,0
                -59.4495714692863,-34.4199867500146,0
                -59.4498977978524,-34.4199882181274,0
                -59.449908423794,-34.4183656478648,0
                -59.4495821015307,-34.4183641798407,0
                -59.4495856454232,-34.4178233230196,0
                -59.4492593252842,-34.4178218541545,0
                -59.4492646440969,-34.4170105688767,0
                -59.4489383271326,-34.4170090991855,0
                -59.4489418749903,-34.4164682423029,0
                -59.4486155601503,-34.4164667717708,0
                -59.4486208849103,-34.415655486401,0
                -59.4479682616029,-34.4156525428143,0
                -59.4479718155257,-34.4151116859,0
                -59.4476455060081,-34.4151102128307,0
                -59.4476472839841,-34.4148397843703,0
                -59.4473209755404,-34.4148383104454,0
                -59.4473245335219,-34.4142974535181,0
                -59.4476508398653,-34.4142989274133,0
                -59.4476526177703,-34.4140284989167,0
                -59.4470000072077,-34.4140255502856,0
                -59.4470017871894,-34.4137551218066,0
                -59.4466754829938,-34.4137536462003,0
                -59.4466772640019,-34.4134832177241,0
                -59.4456983547082,-34.4134787857277,0
                -59.445700138843,-34.4132083572841,0
                -59.4453738368428,-34.4132068782261,0
                -59.4453809773447,-34.4121251643905,0
                -59.4457072751444,-34.412126643389,0
                -59.4457108431525,-34.4115857863691,0
                -59.445058251777,-34.4115828275615,0
                -59.4450600378454,-34.4113123990632,0
                -59.4427759761319,-34.4113020159269,0
                -59.4427777695268,-34.4110315875211,0
                -59.4421251827808,-34.4110286131082,0
                -59.4421233872859,-34.411299041484,0
                -59.4391867386645,-34.4112856134121,0
                -59.4391885436097,-34.4110151851714,0
                -59.436251906387,-34.4110016867427,0
                -59.4362500919916,-34.4112721148476,0
                -59.4355975041077,-34.4112691055935,0
                -59.4355956875881,-34.411539533656,0
                -59.4352693926324,-34.4115380277084,0
                -59.4352675750386,-34.4118084557437,0
                -59.4349412790571,-34.4118069489107,0
                -59.4349303666846,-34.4134295167783,0
                -59.4352566689667,-34.4134310237024,0
                -59.4352512156037,-34.4142423075189,0
                -59.4355775210605,-34.4142438136181,0
                -59.4355757042746,-34.4145142415479,0
                -59.4359020108058,-34.4145157467919,0
                -59.4358983792617,-34.4150566026457,0
                -59.4362246879175,-34.4150581070496,0
                -59.4362228731594,-34.4153285349735,0
                -59.4365491828897,-34.4153300385221,0
                -59.4365473691576,-34.4156004664492,0
                -59.4368736799623,-34.4156019691424,0
                -59.4368700545262,-34.4161428249906,0
                -59.4371963674556,-34.4161443268437,0
                -59.4371945557516,-34.4164147547648,0
                -59.4375208697554,-34.4164162557625,0
                -59.4375190590776,-34.4166866836867,0
                -59.4378453741558,-34.4166881838291,0
                -59.4378435645042,-34.4169586117563,0
                -59.4381698806568,-34.4169601110433,0
                -59.4381680720314,-34.4172305389735,0
                -59.4384943892585,-34.4172320374052,0
                -59.4384907740361,-34.4177728932596,0
                -59.438817093388,-34.4177743908509,0
                -59.4388134801699,-34.4183152466872,0
                -59.4391398016466,-34.4183167434382,0
                -59.4391379960519,-34.4185871713532,0
                -59.4394643186031,-34.4185886672488,0
                -59.4394607094423,-34.4191295230729,0
                -59.4397870341184,-34.419131018128,0
                -59.4397852305524,-34.419401446037,0
                -59.4401115563029,-34.4194029402366,0
                -59.4401097537633,-34.4196733681486,0
                -59.4397834269623,-34.419671873934,0
                -59.4397816233482,-34.4199423018189,0
                -59.4394552955207,-34.4199408067186,0
                -59.4394480766219,-34.4210225180774,0
                -59.4397744086514,-34.4210240132378,0
                -59.4397726049171,-34.4212944410624,0
                -59.4400989380212,-34.4212959353673,0
                -59.4400971353134,-34.4215663631948,0
                -59.4407498036948,-34.4215693492228,0
                -59.4407462024095,-34.4221102049018,0
                -59.4410725387373,-34.4221116966399,0
                -59.4410689394572,-34.4226525523007,0
                -59.4417216163873,-34.422655533225,0
                -59.4417234139381,-34.4223851053706,0
                -59.4413970765117,-34.4223836153588,0
                -59.4413988750891,-34.4221131875074,0
                -59.4417252114649,-34.4221146775042,0
                -59.4417306039017,-34.4213033938325,0
                -59.4423832704217,-34.4213063711244,0
                -59.4423850657516,-34.4210359431798,0
                -59.4433640625593,-34.4210404025431,0
                -59.4433658547137,-34.4207699745416,0
                -59.4436921859802,-34.4207714592399,0
                -59.4436939770603,-34.4205010312113,0
                -59.4446729678513,-34.420505480038,0
                -59.4446747557559,-34.4202350519526,0
                -59.4466327316781,-34.4202439260109,0
                -59.4466273868021,-34.4210552104989,0
                -59.4482590498147,-34.4210625818293,0
                -59.448255496951,-34.4216034382426,0
                -59.4485818317257,-34.4216049099265,0
                -59.4485800563089,-34.4218753381299,0
                -59.4489063921578,-34.421876808958,0
                -59.4489028433544,-34.4224176653582,0
                -59.4492291813282,-34.4224191353452,0
                -59.4492274079416,-34.422689563542,0
                -59.4495537469897,-34.4226910326732,0
                -59.4495448849557,-34.4240431735503,0
                -59.4498712292807,-34.4240446418847,0
                -59.4498694578537,-34.4243150700387,0
                -59.449543112478,-34.4243136016895,0
                -59.4495395674518,-34.4248544579318,0
                -59.449865914929,-34.4248559263106,0
                -59.449857057204,-34.4262080667792,0
                -59.4501834099587,-34.426209534361,0
                -59.450179868805,-34.4267503904935,0
                -59.4498535139487,-34.4267489228822,0
                -59.449849970599,-34.427289778937,0
                -59.4495236136646,-34.4272883104252,0
                -59.449527159116,-34.4267474544,0
                -59.4492008043069,-34.4267459850471,0
                -59.4492078991295,-34.425664272911,0
                -59.4488815485473,-34.4256628027465,0
                -59.4488850979183,-34.4251219466357,0
                -59.4479060526183,-34.4251175310064,0
                -59.4479167190765,-34.4234949626512,0
                -59.4475903769948,-34.4234934891223,0
                -59.4475939343927,-34.4229526329371,0
                -59.4479202743731,-34.4229541064363,0
                -59.4479220519858,-34.4226836783108,0
                -59.4475957130561,-34.4226822048264,0
                -59.4475992703117,-34.4221413485688,0
                -59.4472729335069,-34.4221398742434,0
                -59.4472747131497,-34.4218694461113,0
                -59.4469483774192,-34.4218679709301,0
                -59.4469519387349,-34.4213271146595,0
                -59.4466256051293,-34.4213256386374,0
                -59.4466238234327,-34.4215960667639,0
                -59.4462974888003,-34.4215945898563,0
                -59.4462939232348,-34.4221354460433,0
                -59.4459675865249,-34.4221339682353,0
                -59.4459729379892,-34.4213226839813,0
                -59.4446676039945,-34.4213167642218,0
                -59.4446658159946,-34.421587192259,0
                -59.4430341437846,-34.4215797728963,0
                -59.443032350508,-34.4218502008468,0
                -59.44237967969,-34.4218472269775,0
                -59.4423760888627,-34.4223880827823,0
                -59.4420497513884,-34.4223865945118,0
                -59.4420461583641,-34.4229274502384,0
                -59.4417198188125,-34.4229259610673,0
                -59.4417162235911,-34.4234668167157,0
                -59.442042565244,-34.4234683059168,0
                -59.4420335820248,-34.4248204449018,0
                -59.4423599289551,-34.4248219333071,0
                -59.4423563376014,-34.4253627888466,0
                -59.4426826866571,-34.4253642764112,0
                -59.4426755078655,-34.4264459874053,0
                -59.4430018611484,-34.4264474741589,0
                -59.4429875108241,-34.4286108956879,0
                -59.4433138725379,-34.4286123816904,0
                -59.4433084939247,-34.4294236646096,0
                -59.4439612237295,-34.4294266340917,0
                -59.4439594329126,-34.4296970617372,0
                -59.4446121649149,-34.4297000277656,0
                -59.4446085874136,-34.4302408830801,0
                -59.4449349555525,-34.4302423648178,0
                -59.4449331678171,-34.4305127924719,0
                -59.4452595370309,-34.4305142733536,0
                -59.4452577503227,-34.4307847010105,0
                -59.4455841206113,-34.4307861810362,0
                -59.4455805492256,-34.4313270363436,0
                -59.4459069216401,-34.4313285155282,0
                -59.4459051369626,-34.4315989431787,0
                -59.446231510452,-34.4316004215072,0
                -59.4462297268019,-34.4318708491605,0
                -59.4468824759542,-34.4318738032344,0
                -59.4468806943824,-34.4321442309053,0
                -59.4472070700453,-34.4321457066507,0
                -59.447205289501,-34.4324161343244,0
                -59.4475316662387,-34.4324176092137,0
                -59.4475263276168,-34.4332288922071,0
                -59.4481790874703,-34.4332318394617,0
                -59.4481773099846,-34.4335022671317,0
                -59.4485036909981,-34.4335037394673,0
                -59.4484912552936,-34.4353967329232,0
                -59.4488176436894,-34.4353982044915,0
                -59.4488140925205,-34.4359390596857,0
                -59.4491404830425,-34.4359405304124,0
                -59.4491387084739,-34.4362109580062,0
                -59.4501178833359,-34.4362153650043,0
                -59.4501161118977,-34.4364857926304,0
                -59.4504425046169,-34.4364872599024,0
                -59.4504389637723,-34.4370281151479,0
                -59.4507653586178,-34.4370295815782,0
                -59.4507618197816,-34.437570436805,0
                -59.4510882167535,-34.4375719023937,0
                -59.4510864483514,-34.4378423300037,0
                -59.4517392444688,-34.4378452585973,0
                -59.4517357117996,-34.4383861138401,0
                -59.4520621119965,-34.4383875768596,0
                -59.452060346678,-34.4386580044776,0
                -59.4523867479498,-34.4386594666406,0
                -59.4523832193454,-34.4392003218699,0
                -59.4527096227436,-34.4392017831911,0
                -59.4527060961481,-34.4397426384016,0
                -59.4530325016729,-34.4397440988811,0
                -59.4530307393913,-34.4400145264829,0
                -59.4533571459911,-34.4400159861058,0
                -59.4533553847377,-34.4402864137103,0
                -59.4536817924125,-34.4402878724766,0
                -59.4536800321871,-34.4405583000837,0
                -59.4540064409369,-34.4405597579935,0
                -59.4540046817397,-34.4408301856032,0
                -59.4543310915645,-34.4408316426565,0
                -59.4543293333953,-34.4411020702687,0
                -59.4549821552184,-34.4411049817908,0
                -59.454980399129,-34.4413754094203,0
                -59.4553068111273,-34.4413768638891,0
                -59.4553050560661,-34.4416472915212,0
                -59.4562842953559,-34.4416516497438,0
                -59.4562825434262,-34.4419220774076,0
                -59.4575882003459,-34.4419278762316,0
                -59.4575899480691,-34.4416574485094,0
                -59.4582427745655,-34.4416603426646,0
                -59.4582445201621,-34.4413899149013,0
                -59.4588973446484,-34.4413928055423,0
                -59.4588990881186,-34.4411223777378,0
                -59.459225499345,-34.4411238217369,0
                -59.4592272417403,-34.4408533939058,0
                -59.4598800621596,-34.4408562792611,0
                -59.4598818024286,-34.440585851389,0
                -59.4608610300766,-34.4405901728442,0
                -59.4608627671678,-34.4403197449165,0
                -59.4611891753786,-34.4403211836446,0
                -59.4611909113951,-34.4400507556904,0
                -59.4618437257829,-34.440053630504,0
                -59.4618454596732,-34.4397832025088,0
                -59.4621718658502,-34.4397846385943,0
                -59.4621753314585,-34.4392437825388,0
                -59.4625017355556,-34.4392452177243,0
                -59.4625069306403,-34.4384339335072,0
                -59.4621805296976,-34.4384324983651,0
                -59.4621822623978,-34.438162070283,0
                -59.4625086622891,-34.4381635054107,0
                -59.462519051697,-34.4365409365787,0
                -59.462845445303,-34.4365423707487,0
                -59.4628471757388,-34.4362719425534,0
                -59.4625207831842,-34.4362705083978,0
                -59.4625242460895,-34.4357296519999,0
                -59.4628506365414,-34.4357310861266,0
                -59.4628558275723,-34.434919801396,0
                -59.4631822148934,-34.4349212346084,0
                -59.4631787563318,-34.4354620911363,0
                -59.4635051457785,-34.4354635235064,0
                -59.4634878621013,-34.4381678055669,0
                -59.4631614621408,-34.4381663730526,0
                -59.463158003026,-34.4387072292912,0
                -59.4628316009857,-34.438705795877,0
                -59.4628298703423,-34.4389762239638,0
                -59.4647882892384,-34.4389848114678,0
                -59.464790013573,-34.4387143832946,0
                -59.4654428179528,-34.4387172387977,0
                -59.4654445401615,-34.4384468105837,0
                -59.4657709413343,-34.4384482370141,0
                -59.4657726624686,-34.4381778087738,0
                -59.4660990626129,-34.4381792343187,0
                -59.4661025027098,-34.4376383777731,0
                -59.4667552988615,-34.4376412261921,0
                -59.4667570167727,-34.4373707978726,0
                -59.4670834138315,-34.437372220761,0
                -59.4670868474825,-34.4368313640572,0
                -59.4674132424614,-34.4368327860459,0
                -59.4674098109132,-34.4373736427784,0
                -59.4677362080177,-34.4373750639246,0
                -59.4677396374631,-34.4368342071635,0
                -59.4680660324878,-34.4368356274099,0
                -59.4680694597391,-34.4362947705721,0
                -59.4683958526838,-34.4362961899189,0
                -59.4683992777411,-34.4357553330042,0
                -59.468725668606,-34.4357567514513,0
                -59.4687290914694,-34.4352158944599,0
                -59.4690554802545,-34.4352173120075,0
                -59.4690623215026,-34.4341355978229,0
                -59.4693887061054,-34.4341370144423,0
                -59.4693904153093,-34.4338665858518,0
                -59.4700431824808,-34.4338694164491,0
                -59.4700448895594,-34.4335989878181,0
                -59.4710240373335,-34.4336032271387,0
                -59.4710257412358,-34.4333327984529,0
                -59.4716785044297,-34.4333356202832,0
                -59.4716802062069,-34.433065191557,0
                -59.4723329673892,-34.4330680098749,0
                -59.4723346670413,-34.4327975811082,0
                -59.4726610466152,-34.4327989889465,0
                -59.4726593480143,-34.4330694177273,0
                -59.472985728662,-34.4330708247088,0
                -59.4729823334946,-34.4336116822625,0
                -59.4733087162674,-34.4336130884012,0
                -59.4733070197009,-34.4338835171742,0
                -59.4729806358769,-34.4338821110213,0
                -59.4729789382367,-34.434152539768,0
                -59.4716733989621,-34.4341469063896,0
                -59.4716716970943,-34.4344173350676,0
                -59.4710189254905,-34.4344145131237,0
                -59.4710155174816,-34.4349553703868,0
                -59.4706891296113,-34.4349539580799,0
                -59.4706874245215,-34.4352243866791,0
                -59.4703610356226,-34.4352229734869,0
                -59.4703593294588,-34.4354934020599,0
                -59.4700329395313,-34.4354919879824,0
                -59.4700295250329,-34.4360328450637,0
                -59.4697031330255,-34.4360314300867,0
                -59.4696980079531,-34.4368427155755,0
                -59.4693716128144,-34.4368412996846,0
                -59.4693681938829,-34.4373821565884,0
                -59.4690417966642,-34.4373807397979,0
                -59.4690400861128,-34.4376511682175,0
                -59.4693664843829,-34.4376525850223,0
                -59.4693630653146,-34.4381934418537,0
                -59.4690366649417,-34.4381920250205,0
                -59.469034954322,-34.4384624534039,0
                -59.4677293488525,-34.438456777302,0
                -59.4677259191329,-34.4389976339185,0
                -59.4673995157197,-34.4389962126865,0
                -59.4674012316424,-34.4387257843986,0
                -59.4670748293035,-34.4387243623097,0
                -59.4670731123293,-34.4389947905833,0
                -59.4667467089619,-34.4389933676089,0
                -59.4667449909133,-34.4392637958561,0
                -59.4664185865172,-34.4392623719963,0
                -59.4664168673942,-34.4395328002171,0
                -59.4660904619696,-34.4395313754717,0
                -59.4660887417721,-34.4398018036661,0
                -59.4651095224812,-34.4397975241596,0
                -59.4651077991063,-34.4400679522989,0
                -59.4644549842574,-34.4400650949097,0
                -59.4644532587564,-34.4403355230082,0
                -59.4628212167792,-34.4403283642168,0
                -59.4628160243645,-34.4411396482239,0
                -59.4624896128835,-34.4411382138087,0
                -59.4624878809809,-34.4414086417725,0
                -59.4621614684713,-34.4414072064715,0
                -59.4621562694701,-34.4422184902473,0
                -59.4624826851345,-34.4422199255916,0
                -59.4624809531396,-34.4424903535072,0
                -59.4628073698787,-34.4424917879946,0
                -59.4628056389124,-34.4427622159126,0
                -59.4637848924233,-34.4427665141903,0
                -59.4637831645889,-34.4430369421394,0
                -59.4647624214621,-34.4430412326185,0
                -59.4647606967598,-34.4433116605987,0
                -59.4654135368936,-34.4433145165902,0
                -59.4654152594925,-34.4430440885812,0
                -59.4657416785421,-34.4430455152556,0
                -59.4657399569949,-34.443315943279,0
                -59.4660663771192,-34.4433173690964,0
                -59.4660646566008,-34.443587797122,0
                -59.4667174990216,-34.4435906461715,0
                -59.4667157805837,-34.4438610742137,0
                -59.4673686251995,-34.4438639198065,0
                -59.4673669088422,-34.4441343478653,0
                -59.468019755653,-34.4441371900013,0
                -59.4680180413764,-34.4444076180766,0
                -59.4686708903821,-34.4444104567557,0
                -59.4686691781862,-34.4446808848476,0
                -59.4693220293867,-34.4446837200697,0
                -59.4693203192716,-34.444954148178,0
                -59.4696467459578,-34.4449555644962,0
                -59.4696450368716,-34.4452259926067,0
                -59.4699714646325,-34.4452274080679,0
                -59.4699680484955,-34.4457682642811,0
                -59.4702944783827,-34.4457696788993,0
                -59.4702927713319,-34.4460401070021,0
                -59.4706192022938,-34.4460415207631,0
                -59.4706174962721,-34.446311948868,0
                -59.4709439283085,-34.4463133617718,0
                -59.470942223316,-34.4465837898789,0
                -59.471268656427,-34.4465852019255,0
                -59.4712669524636,-34.4468556300347,0
                -59.4725726893422,-34.4468612695633,0
                -59.4725709895638,-34.4471316977172,0
                -59.4706123780706,-34.4471232331105,0
                -59.4706140841605,-34.4468528050417,0
                -59.4699612159483,-34.446849976563,0
                -59.4699629241193,-34.4465795485106,0
                -59.4696364910992,-34.4465781329783,0
                -59.4696382002992,-34.4463077049281,0
                -59.4693117683538,-34.4463062885386,0
                -59.469313478583,-34.4460358604906,0
                -59.4689870477122,-34.4460344432439,0
                -59.4689887589704,-34.4457640151981,0
                -59.468335899401,-34.445761178119,0
                -59.46833761274,-34.4454907500897,0
                -59.4676847553656,-34.4454879095536,0
                -59.4676864707855,-34.4452174815408,0
                -59.4673600431844,-34.4452160599799,0
                -59.4673617596331,-34.4449456319694,0
                -59.4647503480634,-34.444934228227,0
                -59.4647520729036,-34.4446638003191,0
                -59.4640992223443,-34.4446609406985,0
                -59.4641009492651,-34.4443905128073,0
                -59.4627952526298,-34.4443847831672,0
                -59.4627969837346,-34.4441143553215,0
                -59.4621441376589,-34.4441114853022,0
                -59.4621476040061,-34.4435706296325,0
                -59.4618211831064,-34.4435691933447,0
                -59.4618229172971,-34.4432987655062,0
                -59.4614964974721,-34.4432973283615,0
                -59.4614982326914,-34.4430269005255,0
                -59.459213301927,-34.4430168162169,0
                -59.4592115593458,-34.4432872439515,0
                -59.4582323004969,-34.4432829089916,0
                -59.4582305547374,-34.4435533366706,0
                -59.4575777135177,-34.4435504423115,0
                -59.4575759656314,-34.4438208699493,0
                -59.4569231224014,-34.4438179720758,0
                -59.4569213723884,-34.4440883996724,0
                -59.4565949497567,-34.444086949414,0
                -59.4565914475572,-34.4446278045418,0
                -59.4562650228453,-34.4446263533829,0
                -59.4562597662156,-34.4454376359403,0
                -59.4559333383717,-34.4454361838662,0
                -59.4559263249979,-34.4465178937154,0
                -59.45559989297,-34.4465164407115,0
                -59.4555946295386,-34.447327722928,0
                -59.4552681943784,-34.4473262690087,0
                -59.4552664388026,-34.4475966963754,0
                -59.4549400026138,-34.4475952415701,0
                -59.4549435158458,-34.4470543868538,0
                -59.4546170817843,-34.4470529312063,0
                -59.4546241121749,-34.4459712216876,0
                -59.4542976823442,-34.4459697652272,0
                -59.4543029580466,-34.4451584830055,0
                -59.4539765313949,-34.4451570257177,0
                -59.4539818100418,-34.4443457434315,0
                -59.4543082335382,-34.4443472006753,0
                -59.4543117504154,-34.4438063457281,0
                -59.4539853290224,-34.4438048885136,0
                -59.4539870884776,-34.4435344610366,0
                -59.4536606681598,-34.4435330029655,0
                -59.4536624286432,-34.4432625754911,0
                -59.4530095901814,-34.4432596567641,0
                -59.4530113527448,-34.442989229307,0
                -59.4526849346008,-34.4429877686512,0
                -59.4526866981923,-34.4427173411968,0
                -59.4523602811236,-34.4427158796844,0
                -59.4523620457432,-34.4424454522326,0
                -59.4520356297496,-34.4424439898636,0
                -59.4520409266225,-34.4416327074799,0
                -59.4517145138073,-34.4416312442838,0
                -59.4517162804362,-34.4413608168131,0
                -59.4510634569797,-34.4413578878366,0
                -59.4510652256881,-34.4410874603833,0
                -59.4507388150468,-34.4410859946029,0
                -59.4507405847833,-34.4408155671524,0
                -59.4504141752171,-34.4408141005155,0
                -59.4504177167225,-34.4402732456077,0
                -59.450091309283,-34.440271778129,0
                -59.4500930810518,-34.4400013506718,0
                -59.4497666746875,-34.4399998823367,0
                -59.4497702202573,-34.4394590274157,0
                -59.4494438160197,-34.4394575582389,0
                -59.4494455898206,-34.4391871307751,0
                -59.4491191866581,-34.4391856607419,0
                -59.449122736292,-34.4386448058076,0
                -59.4487963352561,-34.4386433349329,0
                -59.448798111089,-34.4383729074625,0
                -59.4484717111282,-34.4383714357313,0
                -59.4484752648259,-34.4378305807839,0
                -59.4481488669916,-34.4378291082113,0
                -59.4481506448564,-34.4375586807342,0
                -59.4478242480972,-34.4375572073053,0
                -59.4478206902412,-34.4380980622176,0
                -59.4474942914029,-34.4380965878879,0
                -59.4474925113879,-34.4383670153111,0
                -59.4468397116796,-34.4383640640084,0
                -59.446837929538,-34.4386344913899,0
                -59.446511528668,-34.438633014417,0
                -59.4465079622106,-34.439173869114,0
                -59.4461815592614,-34.4391723912402,0
                -59.4461797749456,-34.4394428185558,0
                -59.4458533709687,-34.4394413397958,0
                -59.4458498001627,-34.439982194361,0
                -59.4455233941066,-34.4399807147002,0
                -59.4455198211024,-34.4405215691873,0
                -59.445193412967,-34.4405200886255,0
                -59.4451916253776,-34.440790515836,0
                -59.4448652162145,-34.4407890343881,0
                -59.4448634275497,-34.4410594615717,0
                -59.4445370173589,-34.4410579792375,0
                -59.4445334378546,-34.4415988335388,0
                -59.4442070255844,-34.4415973503035,0
                -59.4442052347449,-34.4418677774211,0
                -59.443878821447,-34.4418662932997,0
                -59.4438752375931,-34.4424071474688,0
                -59.4435488222158,-34.4424056624462,0
                -59.443545236163,-34.4429465165372,0
                -59.4432188187063,-34.4429450306135,0
                -59.4432134362928,-34.4437563116147,0
                -59.4428870157049,-34.4437548247747,0
                -59.4428852204676,-34.444025251736,0
                -59.4425587988519,-34.4440237640098,0
                -59.4425570025389,-34.4442941909441,0
                -59.4422305798954,-34.4442927023315,0
                -59.442226985094,-34.4448335561339,0
                -59.441900560371,-34.44483206662,0
                -59.4418969633702,-34.4453729203442,0
                -59.4415705365676,-34.445371429929,0
                -59.4415651377312,-34.4461827103798,0
                -59.4412387077971,-34.4461812190482,0
                -59.4412369070851,-34.446451645826,0
                -59.4409104761231,-34.4464501536079,0
                -59.4409086743353,-34.4467205803587,0
                -59.4405822423455,-34.4467190872542,0
                -59.4405840451852,-34.4464486605185,0
                -59.4402576142712,-34.4464471665576,0
                -59.4402630258016,-34.4456358863231,0
                -59.44058945356,-34.4456373802389,0
                -59.4405930590231,-34.4450965266589,0
                -59.440919484702,-34.4450980196733,0
                -59.4409266911329,-34.4440163123084,0
                -59.4412531126287,-34.4440178043914,0
                -59.4412585140447,-34.443206523696,0
                -59.4415849324094,-34.4432080148626,0
                -59.4415903304544,-34.4423967340137,0
                -59.4419167456881,-34.442398224264,0
                -59.4419203421616,-34.4418573702744,0
                -59.442246755316,-34.4418588596234,0
                -59.4422503495905,-34.4413180055556,0
                -59.4425767606657,-34.4413194940035,0
                -59.4425785567154,-34.4410490669365,0
                -59.4429049667629,-34.4410505544981,0
                -59.4429085566874,-34.440509700298,0
                -59.4432349646557,-34.4405111869585,0
                -59.4432367585305,-34.4402407598254,0
                -59.4435631654712,-34.4402422455996,0
                -59.4435649582706,-34.4399718184395,0
                -59.4438913641836,-34.4399733033277,0
                -59.443896739284,-34.4391620217302,0
                -59.4442231420664,-34.4391635057023,0
                -59.4442285137975,-34.4383522239514,0
                -59.4445549134494,-34.4383537070076,0
                -59.4445584923813,-34.4378128524168,0
                -59.4448848899542,-34.437814334572,0
                -59.444886678333,-34.4375439072437,0
                -59.4452130748783,-34.4375453885128,0
                -59.4452166494616,-34.4370045337901,0
                -59.445543043928,-34.4370060141583,0
                -59.4455537607984,-34.4353834496112,0
                -59.4458801489806,-34.435384929019,0
                -59.4458783639463,-34.4356553564886,0
                -59.4462047532036,-34.4356568350402,0
                -59.4462083211458,-34.4351159800593,0
                -59.4465347083243,-34.4351174577101,0
                -59.4465382740689,-34.4345766026512,0
                -59.4462118889929,-34.4345751250301,0
                -59.4462101050812,-34.4348455525507,0
                -59.4452309468422,-34.4348411144166,0
                -59.4452327339076,-34.4345706869406,0
                -59.4455591189122,-34.4345721671748,0
                -59.4455644768118,-34.4337608846298,0
                -59.4452380949609,-34.4337594044403,0
                -59.445239881931,-34.4334889769161,0
                -59.4442607396746,-34.4334845311662,0
                -59.4442643198505,-34.432943676171,0
                -59.4436115626702,-34.4329407080425,0
                -59.4436097704918,-34.4332111355162,0
                -59.4432833908863,-34.4332096501306,0
                -59.443281597633,-34.4334800775773,0
                -59.4429552170002,-34.4334785913057,0
                -59.4429570113047,-34.4332081638739,0
                -59.4413251137557,-34.4332007195256,0
                -59.4413305122931,-34.4323894373826,0
                -59.441983264934,-34.4323924176449,0
                -59.4419850622963,-34.4321219902098,0
                -59.4423114376016,-34.4321234790195,0
                -59.4423132338888,-34.4318530515573,0
                -59.4426396081669,-34.4318545394811,0
                -59.4426431985673,-34.4313136844907,0
                -59.4423168263914,-34.4313121965968,0
                -59.4423186226068,-34.4310417690984,0
                -59.4419922515059,-34.4310402803486,0
                -59.441995845967,-34.4304994253457,0
                -59.4416694769921,-34.4304979357549,0
                -59.4416748716571,-34.429686653205,0
                -59.4413485058592,-34.4296851627883,0
                -59.4413521042847,-34.4291443077247,0
                -59.4410257406127,-34.4291428164672,0
                -59.4410329413797,-34.4280611062553,0
                -59.4407065819354,-34.4280596141869,0
                -59.4407101842767,-34.4275187590386,0
                -59.4403838269582,-34.4275172661295,0
                -59.4403856291437,-34.4272468385523,0
                -59.4400592729001,-34.4272453447874,0
                -59.4400664856053,-34.4261636344179,0
                -59.4397401335891,-34.4261621398424,0
                -59.4397437418991,-34.4256212846154,0
                -59.4394173920084,-34.4256197891992,0
                -59.4394210023238,-34.425078933954,0
                -59.4397473501129,-34.4250804293401,0
                -59.4397491541838,-34.4248100016844,0
                -59.4394228074454,-34.4248085063133,0
                -59.4394246125429,-34.4245380786606,0
                -59.4390982668793,-34.4245365824339,0
                -59.4391018791036,-34.4239957271223,0
                -59.4387755355655,-34.423994230055,0
                -59.4387791497949,-34.4234533747254,0
                -59.4381264669936,-34.423450378039,0
                -59.4381300853293,-34.4229095227214,0
                -59.4378037460661,-34.4229080231024,0
                -59.4378073664065,-34.4223671677667,0
                -59.4374810292687,-34.4223656673072,0
                -59.4374846516138,-34.4218248119535,0
                -59.4371583166013,-34.4218233106536,0
                -59.437161940951,-34.4212824552818,0
                -59.4368356080638,-34.4212809531415,0
                -59.4368410475588,-34.4204696700387,0
                -59.4365147178473,-34.4204681670732,0
                -59.4365219743709,-34.4193864561612,0
                -59.4361956488856,-34.4193849523856,0
                -59.4361992791032,-34.4188440968875,0
                -59.4358729557428,-34.4188425922717,0
                -59.4358747718658,-34.4185721645196,0
                -59.4355484495801,-34.4185706590484,0
                -59.4355502667292,-34.4183002312995,0
                -59.4352239455181,-34.418298724973,0
                -59.4352257636934,-34.4180282972271,0
                -59.4348994435569,-34.4180267900453,0
                -59.4349030819355,-34.4174859345477,0
                -59.434576763924,-34.4174844265257,0
                -59.4345785841273,-34.417213998774,0
                -59.4342522671904,-34.4172124898967,0
                -59.4342540884198,-34.4169420621481,0
                -59.4339277725575,-34.4169405524156,0
                -59.4339295948129,-34.4166701246701,0
                -59.4336032800251,-34.4166686140823,0
                -59.4336069265637,-34.4161277585856,0
                -59.4332806139009,-34.4161262471577,0
                -59.433282438184,-34.4158558194066,0
                -59.4329561265957,-34.4158543071235,0
                -59.4329652528977,-34.4145021682626,0
                -59.4326389465849,-34.4145006551852,0
                -59.4326462513894,-34.4134189439403,0
                -59.4323199493016,-34.4134174300535,0
                -59.432323603658,-34.4128765743891,0
                -59.4319973036948,-34.4128750596625,0
                -59.4319991318866,-34.4126046318274,0
                -59.4316728329979,-34.4126031162457,0
                -59.4316764914086,-34.41206226057,0
                -59.4313501946444,-34.4120607441484,0
                -59.4313520248632,-34.4117903163077,0
                -59.4310257291735,-34.4117887990311,0
                -59.4310275604179,-34.4115183711936,0
                -59.4303749712118,-34.4115153340602,0
                -59.4303768045319,-34.4112449062412,0
                -59.4300505110155,-34.4112433863843,0
                -59.4300523453612,-34.4109729585686,0
                -59.4297260529193,-34.4109714378568,0
                -59.4297278882906,-34.4107010100442,0
                -59.4294015969231,-34.4106994884775,0
                -59.4294034333199,-34.4104290606682,0
                -59.4287508527583,-34.4104260149546,0
                -59.4287526912306,-34.4101555871639,0
                -59.428100112867,-34.4101525379999,0
                -59.4281019534147,-34.4098821102279,0
                -59.4271230892031,-34.4098775300013,0
                -59.4271212455056,-34.4101479577272,0
                -59.4267949564342,-34.4101464292292,0
                -59.4267931116621,-34.4104168569277,0
                -59.4264668215654,-34.410415327544,0
                -59.4264649757187,-34.4106857552151,0
                -59.4261386845966,-34.4106842249458,0
                -59.4261349907294,-34.4112250802209,0
                -59.4258086975319,-34.4112235490505,0
                -59.4258031533965,-34.4120348318264,0
                -59.4254768570734,-34.4120332997395,0
                -59.4254657618369,-34.4136558648731,0
                -59.4251394592379,-34.4136543318233,0
                -59.4251320577199,-34.4147360416094,0
                -59.4248057509449,-34.4147345076275,0
                -59.4248001963969,-34.4155457897941,0
                -59.4244738864959,-34.4155442548955,0
                -59.4244701812399,-34.4160851095819,0
                -59.4241438692631,-34.416083573782,0
                -59.4241383080432,-34.4168948556749,0
                -59.4238119929402,-34.4168933189582,0
                -59.4238064283469,-34.417704600696,0
                -59.4234801101177,-34.4177030630624,0
                -59.4234763981645,-34.4182439174631,0
                -59.4231500778592,-34.418242378928,0
                -59.4231463637063,-34.4187832332494,0
                -59.422820041325,-34.4187816938129,0
                -59.4228107502574,-34.4201338293278,0
                -59.4224844226486,-34.4201322889432,0
                -59.4224695472483,-34.4222957050156,0
                -59.4221432112601,-34.4222941636364,0
                -59.4221190216931,-34.4258097129053,0
                -59.4224453713401,-34.4258112544862,0
                -59.4224267716374,-34.4285155219219,0
                -59.4221004114819,-34.4285139801859,0
                -59.422092966703,-34.4295956867603,0
                -59.4217666023685,-34.4295941440914,0
                -59.4217591529887,-34.4306758504105,0
                -59.4220855215272,-34.4306773931415,0
                -59.4220780759545,-34.4317590993296,0
                -59.4224044487219,-34.4317606412518,0
                -59.4223988674352,-34.4325719208127,0
                -59.4227252433808,-34.4325734619104,0
                -59.4227215245013,-34.4331143149217,0
                -59.4230479025739,-34.4331158551795,0
                -59.4230460441481,-34.4333862816825,0
                -59.4233724232966,-34.4333878210848,0
                -59.4233705658973,-34.4336582475913,0
                -59.4236969461217,-34.433659786138,0
                -59.4236950897488,-34.4339302126479,0
                -59.4240214710492,-34.4339317503391,0
                -59.4240196157027,-34.4342021768524,0
                -59.424345998079,-34.434203713688,0
                -59.4243422894143,-34.4347445667093,0
                -59.4246686739178,-34.4347461027049,0
                -59.4246668205996,-34.4350165292129,0
                -59.424993206179,-34.4350180643529,0
                -59.4249691244628,-34.4385336080592,0
                -59.4252955237343,-34.4385351425288,0
                -59.4252936721733,-34.4388055688988,0
                -59.4256200725209,-34.4388071025127,0
                -59.4256182219866,-34.4390775288859,0
                -59.4265974263317,-34.4390821245469,0
                -59.4265955789272,-34.4393525509543,0
                -59.4269219814763,-34.4393540811143,0
                -59.4269201350986,-34.4396245075251,0
                -59.4272465387238,-34.4396260368293,0
                -59.427244693373,-34.4398964632434,0
                -59.4275710980743,-34.4398979916918,0
                -59.4275692537504,-34.4401684181092,0
                -59.4278956595277,-34.4401699457018,0
                -59.4278938162308,-34.4404403721225,0
                -59.4282202230843,-34.4404418988592,0
                -59.4282183808143,-34.4407123252832,0
                -59.428871196698,-34.4407153761737,0
                -59.4288693565066,-34.4409858026163,0
                -59.4301749927742,-34.4409918940039,0
                -59.4301694846719,-34.4418031734431,0
                -59.4298430724135,-34.4418016518571,0
                -59.4298393981197,-34.4423425047257,0
                -59.4301658124814,-34.4423440263423,0
                -59.430160304012,-34.4431553056005,0
                -59.4304867215531,-34.4431568263917,0
                -59.4304830512213,-34.4436976792007,0
                -59.4308094708902,-34.4436991991512,0
                -59.4308076367393,-34.4439696255529,0
                -59.4311340574843,-34.4439711446473,0
                -59.4311322243607,-34.4442415710523,0
                -59.4317850680276,-34.4442446066577,0
                -59.431783236983,-34.4445150330811,0
                -59.4327625058215,-34.4445195799998,0
                -59.4327661615758,-34.4439787270494,0
                -59.4330925824673,-34.4439802409158,0
                -59.4330944092562,-34.4437098144073,0
                -59.4334208291203,-34.4437113273871,0
                -59.4334153518357,-34.4445226069222,0
                -59.4337417748792,-34.4445241190763,0
                -59.4337399501208,-34.4447945455791,0
                -59.4340663742404,-34.4447960568771,0
                -59.4340627267542,-34.4453369098768,0
                -59.433736300531,-34.4453353985483,0
                -59.4337344756996,-34.4456058250149,0
                -59.4340609029746,-34.4456073363585,0
                -59.4340572553425,-34.4461481892858,0
                -59.4330779672795,-34.4461436525495,0
                -59.4330706591013,-34.4472253580767,0
                -59.4337235262005,-34.4472283835607,0
                -59.4337180511226,-34.4480396626707,0
                -59.4333916144051,-34.4480381503188,0
                -59.4333897882786,-34.4483085766494,0
                -59.4324104751163,-34.4483040343192,0
                -59.4324177920995,-34.4472223291069,0
                -59.4327442255882,-34.4472238440275,0
                -59.4327570220073,-34.4453308593348,0
                -59.4324305958814,-34.4453293445209,0
                -59.4324324248957,-34.4450589181032,0
                -59.432105999846,-34.4450574024331,0
                -59.4321078298876,-34.4447869760186,0
                -59.4308021341399,-34.4447809046857,0
                -59.4308039683641,-34.4445104783202,0
                -59.4301511227404,-34.4445074374561,0
                -59.4301529590437,-34.4442370111092,0
                -59.4298265373202,-34.4442354893854,0
                -59.4298283746508,-34.4439650630417,0
                -59.4295019540035,-34.4439635404619,0
                -59.4295056306945,-34.4434226877688,0
                -59.4298320492383,-34.4434242103179,0
                -59.4298338864954,-34.443153783938,0
                -59.4295074690033,-34.4431522614042,0
                -59.4295129837826,-34.4423409822378,0
                -59.4291865694699,-34.4423394588787,0
                -59.4291884087323,-34.4420690324811,0
                -59.4288619954958,-34.442067508266,0
                -59.4288638357852,-34.4417970818717,0
                -59.428211011489,-34.4417940308584,0
                -59.4282128538572,-34.4415236044827,0
                -59.4278864427975,-34.4415220776845,0
                -59.4278845993777,-34.4417925040449,0
                -59.4272317752288,-34.441789447804,0
                -59.4272336207517,-34.4415190214744,0
                -59.4269072097658,-34.4415174920625,0
                -59.4269053631912,-34.4417879183767,0
                -59.4265789511783,-34.4417863880781,0
                -59.4265826464059,-34.4412455354684,0
                -59.4262562365208,-34.4412440043294,0
                -59.4262580851492,-34.4409735780218,0
                -59.4259316763403,-34.440972046027,0
                -59.4259353756264,-34.4404311934065,0
                -59.4252825622886,-34.4404281268648,0
                -59.4252844139978,-34.4401577005673,0
                -59.4249580084174,-34.440156166005,0
                -59.4249561556568,-34.4404265922871,0
                -59.4243033424671,-34.440423520518,0
                -59.4243014875787,-34.4406939467571,0
                -59.4239750799694,-34.4406924095503,0
                -59.4239769359093,-34.4404219833267,0
                -59.4236505293763,-34.4404204452641,0
                -59.423654243285,-34.4398795928116,0
                -59.4233278388798,-34.4398780539088,0
                -59.4233315547925,-34.439337201439,0
                -59.423005152515,-34.439335661696,0
                -59.4230070114857,-34.4390652354585,0
                -59.4226806102844,-34.4390636948598,0
                -59.4226824702818,-34.4387932686257,0
                -59.4223560701567,-34.4387917271713,0
                -59.4223579311808,-34.4385213009406,0
                -59.422031532132,-34.4385197586306,0
                -59.4220389801857,-34.4374380536494,0
                -59.4223653750289,-34.4374395958973,0
                -59.4223672359289,-34.4371691696063,0
                -59.4226936297455,-34.4371707109676,0
                -59.4226973493685,-34.4366298583184,0
                -59.4230237411072,-34.4366313987776,0
                -59.4230293172018,-34.4358201196668,0
                -59.422702928617,-34.4358185792541,0
                -59.4227066479921,-34.4352777264842,0
                -59.4223802615347,-34.4352761852314,0
                -59.4223821222363,-34.4350057588438,0
                -59.4220557368549,-34.4350042167355,0
                -59.422057598583,-34.4347337903514,0
                -59.4214048299971,-34.4347307035527,0
                -59.421412285071,-34.4336489980198,0
                -59.4210859050201,-34.4336474533761,0
                -59.4210933639012,-34.4325657477123,0
                -59.4207669880798,-34.4325642022597,0
                -59.4207744507676,-34.431482496465,0
                -59.4204480791754,-34.4314809502037,0
                -59.4204555456696,-34.4303992442781,0
                -59.4201291783064,-34.4303976972082,0
                -59.4201273106692,-34.4306681236922,0
                -59.4198009422799,-34.4306665757358,0
                -59.4197990735667,-34.4309370021921,0
                -59.4191463347608,-34.4309339036355,0
                -59.4191444639206,-34.4312043300485,0
                -59.418818093504,-34.4312027794483,0
                -59.4188143496468,-34.431743632207,0
                -59.418487977153,-34.4317420807046,0
                -59.4184842310938,-34.4322829333838,0
                -59.4181578565228,-34.4322813809792,0
                -59.4181541082615,-34.4328222335789,0
                -59.4178277316132,-34.4328206802721,0
                -59.4178314819767,-34.4322798277037,0
                -59.4175051074557,-34.4322782735572,0
                -59.4175107359668,-34.431466994661,0
                -59.417184364624,-34.4314654396905,0
                -59.4171862417954,-34.4311950133833,0
                -59.4168598715287,-34.4311934575575,0
                -59.4168636278985,-34.4306526049382,0
                -59.4175163642529,-34.4306557156561,0
                -59.4175182402982,-34.430385289297,0
                -59.4181709746505,-34.4303883965001,0
                -59.4181728485689,-34.4301179700977,0
                -59.4184992147315,-34.4301195223773,0
                -59.4185010875739,-34.4298490959472,0
                -59.4191538178721,-34.4298521978626,0
                -59.4191556885876,-34.4295817713892,0
                -59.4194820527231,-34.429583321025,0
                -59.4194839223627,-34.4293128945239,0
                -59.4198102854722,-34.4293144432733,0
                -59.4198121540359,-34.4290440167446,0
                -59.4201385161193,-34.4290455646075,0
                -59.4201441185084,-34.4282342849022,0
                -59.420470477464,-34.4282358318476,0
                -59.42048727383,-34.42580199194,0
                -59.4208136233529,-34.4258035378745,0
                -59.4208565140838,-34.4195837199785,0
                -59.4211828394675,-34.4195852646848,0
                -59.4211884297902,-34.4187739835724,0
                -59.4215147520476,-34.4187755273615,0
                -59.421522201262,-34.4176938189806,0
                -59.4218485193427,-34.4176953618371,0
                -59.4218522417003,-34.4171545075432,0
                -59.4221785577051,-34.4171560494982,0
                -59.4221822778629,-34.416615195125,0
                -59.4225085917918,-34.4166167361785,0
                -59.4225123097499,-34.416075881726,0
                -59.4228386216031,-34.4160774218781,0
                -59.4228441952036,-34.4152661400623,0
                -59.4231705039308,-34.4152676792975,0
                -59.423176074158,-34.4144563973267,0
                -59.4235023797593,-34.414457935645,0
                -59.4235116577255,-34.4131057987083,0
                -59.4238379581008,-34.4131073360789,0
                -59.4238527931605,-34.410943916229,0
                -59.42417908516,-34.4109454526055,0
                -59.4241864978969,-34.4098637423292,0
                -59.4245127857212,-34.4098652777737,0
                -59.4245183418647,-34.4090539948934,0
                -59.424844626564,-34.4090555294213,0
                -59.4248501793357,-34.4082442463861,0
                -59.4245238977861,-34.4082427119045,0
                -59.4245276016103,-34.4077018565183,0
                -59.4242013221852,-34.4077003211974,0
                -59.4242050280103,-34.4071594657938,0
                -59.4238787507094,-34.4071579296337,0
                -59.4238768967594,-34.4074283573261,0
                -59.4235506184335,-34.4074268202804,0
                -59.4235487634089,-34.4076972479453,0
                -59.4232224840578,-34.4076957100139,0
                -59.4232206279587,-34.4079661376512,0
                -59.4228943475825,-34.4079645988343,0
                -59.4228924904088,-34.408235026444,0
                -59.422239927631,-34.4082319461686,0
                -59.4222380683328,-34.4085023737353,0
                -59.4219117859312,-34.4085008322768,0
                -59.4219099255584,-34.4087712598159,0
                -59.4215836421317,-34.4087697174717,0
                -59.4215817806841,-34.4090401449832,0
                -59.4212554962323,-34.4090386017533,0
                -59.4212536337101,-34.4093090292372,0
                -59.4209273482332,-34.4093074851216,0
                -59.4209254846362,-34.4095779125779,0
                -59.4205991981343,-34.4095763675765,0
                -59.4205973334625,-34.4098467950052,0
                -59.4202710459354,-34.409845249118,0
                -59.4202691801888,-34.4101156765191,0
                -59.4199428916367,-34.4101141297461,0
                -59.4199410248153,-34.4103845571195,0
                -59.4196147352381,-34.4103830094608,0
                -59.4196109994206,-34.4109238641403,0
                -59.4192847077683,-34.4109223155801,0
                -59.4192828387722,-34.4111927428862,0
                -59.4189565460949,-34.4111911934401,0
                -59.4189546760239,-34.4114616207185,0
                -59.4186283823214,-34.4114600703866,0
                -59.4186265111754,-34.4117304976374,0
                -59.4183002164479,-34.4117289464196,0
                -59.4182983442269,-34.4119993736427,0
                -59.4179720484743,-34.411997821539,0
                -59.4179701751783,-34.4122682487343,0
                -59.4176438784005,-34.4122666957448,0
                -59.4176420040295,-34.4125371229124,0
                -59.4173157062267,-34.4125355690368,0
                -59.4173138307806,-34.4128059961768,0
                -59.4169875319527,-34.4128044414153,0
                -59.4169743957794,-34.4146974309477,0
                -59.4166480896255,-34.4146958752063,0
                -59.4166518450432,-34.4141550211458,0
                -59.4159992370111,-34.4141519071146,0
                -59.4160011167828,-34.4138814800976,0
                -59.4156748138545,-34.4138799217921,0
                -59.4156729330327,-34.4141503487934,0
                -59.4153466290793,-34.4141487896018,0
                -59.4153485109512,-34.4138783626162,0
                -59.415022208073,-34.41387680257,0
                -59.4150240909701,-34.413606375588,0
                -59.4146977891672,-34.4136048146872,0
                -59.4147015569862,-34.4130639607185,0
                -59.4143752573086,-34.4130623989787,0
                -59.4143809119991,-34.4122511179822,0
                -59.4147072085264,-34.4122526796748,0
                -59.414709092323,-34.4119822526361,0
                -59.4153616833528,-34.411985373379,0
                -59.4153635650242,-34.4117149462969,0
                -59.4156898595267,-34.4117165053472,0
                -59.4156936206941,-34.4111756511153,0
                -59.4160199131216,-34.411177209264,0
                -59.4160217926178,-34.4109067821142,0
                -59.4163480840203,-34.410908339377,0
                -59.4163499624414,-34.4106379121995,0
                -59.416676252819,-34.4106394685763,0
                -59.4166781301651,-34.4103690413711,0
                -59.4170044195178,-34.410370596862,0
                -59.4170062957889,-34.4101001696291,0
                -59.4173325841166,-34.4101017242341,0
                -59.4173344593127,-34.4098312969735,0
                -59.4179870339432,-34.4098344035416,0
                -59.4179889070145,-34.4095639762376,0
                -59.4183151933172,-34.4095655282007,0
                -59.4183170653136,-34.4092951008691,0
                -59.4186433505914,-34.4092966519464,0
                -59.4186470924095,-34.4087557972156,0
                -59.4189733756124,-34.4087573473915,0
                -59.4189752454342,-34.4084869199924,0
                -59.4193015276122,-34.4084884692825,0
                -59.4193033963592,-34.4082180418558,0
                -59.4196296775122,-34.4082195902601,0
                -59.4196315451845,-34.4079491628058,0
                -59.4199578253125,-34.4079507103243,0
                -59.4199615584827,-34.4074098553483,0
                -59.4202878365359,-34.4074114019655,0
                -59.420291567507,-34.40687054691,0
                -59.4206178434855,-34.4068720926261,0
                -59.420619707884,-34.4066016650647,0
                -59.4209459828375,-34.406603209895,0
                -59.4209497094604,-34.4060623547049,0
                -59.4216022552429,-34.4060654416932,0
                -59.4216096997929,-34.4049837310439,0
                -59.4212834310881,-34.404982188047,0
                -59.4212852932132,-34.40471176037,0
                -59.420959025583,-34.4047102165186,0
                -59.420960888733,-34.4044397888451,0
                -59.4206346221772,-34.4044382441392,0
                -59.420636486352,-34.4041678164692,0
                -59.4203102208707,-34.4041662709087,0
                -59.4203120860704,-34.4038958432422,0
                -59.4199858216636,-34.4038942968273,0
                -59.419987687888,-34.4036238691643,0
                -59.4196614245557,-34.4036223218949,0
                -59.4196632918048,-34.4033518942354,0
                -59.4190107673141,-34.4033487971178,0
                -59.4190126366376,-34.4030783694774,0
                -59.4186863754792,-34.4030768196292,0
                -59.4186882458274,-34.4028063919923,0
                -59.4183619857435,-34.4028048412897,0
                -59.4183638571163,-34.4025344136564,0
                -59.4177113391225,-34.4025313096724,0
                -59.4177132125695,-34.4022608820582,0
                -59.4173869546596,-34.4022593287769,0
                -59.4173888291311,-34.4019889011663,0
                -59.4170625722958,-34.4019873470307,0
                -59.4170644477919,-34.4017169194237,0
                -59.416738192031,-34.4017153644337,0
                -59.4167400685516,-34.4014449368303,0
                -59.4164138138653,-34.401443380986,0
                -59.4164156914104,-34.4011729533862,0
                -59.4157631842118,-34.4011698391191,0
                -59.4157650638309,-34.4008994115386,0
                -59.4154388113187,-34.4008978531159,0
                -59.4154406919621,-34.400627425539,0
                -59.4147881891118,-34.400624306115,0
                -59.4147900718291,-34.4003538785575,0
                -59.4128325701775,-34.400344499502,0
                -59.4128287921243,-34.4008853544162,0
                -59.4125025398381,-34.400883788164,0
                -59.4125006497242,-34.4011542155873,0
                -59.4121743964138,-34.4011526484494,0
                -59.4121706140115,-34.4016935032282,0
                -59.4118443586272,-34.4016919351888,0
                -59.4118424663387,-34.4019623625443,0
                -59.4115162099302,-34.4019607936192,0
                -59.4115124231785,-34.4025016482624,0
                -59.411186164696,-34.4025000784357,0
                -59.4111842702328,-34.4027705057234,0
                -59.4108580107261,-34.402768935011,0
                -59.4108542196246,-34.4033097895185,0
                -59.410527958044,-34.4033082179045,0
                -59.4105260614057,-34.4035786451243,0
                -59.4101997988008,-34.4035770726244,0
                -59.4101979010876,-34.4038474998164,0
                -59.4098716374584,-34.4038459264306,0
                -59.409867839857,-34.4043867807466,0
                -59.4095415741537,-34.4043852064592,0
                -59.4095396742654,-34.4046556335833,0
                -59.4092134075378,-34.4046540584099,0
                -59.4092096055858,-34.4051949125901,0
                -59.4088833367842,-34.405193336515,0
                -59.4088814347205,-34.4054637635711,0
                -59.4085551648946,-34.40546218661,0
                -59.4085513585917,-34.4060030406544,0
                -59.4082250866916,-34.4060014627915,0
                -59.4082231824524,-34.4062718897797,0
                -59.407896909528,-34.4062703110308,0
                -59.4078930988739,-34.4068111649392,0
                -59.4072405489022,-34.4068080047674,0
                -59.4072424563415,-34.4065375778511,0
                -59.4069161824435,-34.4065359964759,0
                -59.40691236544,-34.4070768502648,0
                -59.4065860894679,-34.4070752679877,0
                -59.4065841798782,-34.4073456948481,0
                -59.4062579028818,-34.4073441116849,0
                -59.4062540815263,-34.4078849653376,0
                -59.4059278024557,-34.4078833812724,0
                -59.405916331479,-34.4095059418452,0
                -59.4062426168489,-34.409507526006,0
                -59.4062407059802,-34.4097779527418,0
                -59.4065669924254,-34.4097795360484,0
                -59.4065650825812,-34.4100499627881,0
                -59.4068913701018,-34.4100515452403,0
                -59.4068875524369,-34.4105923987154,0
                -59.4072138420828,-34.4105939803292,0
                -59.4071966707818,-34.4130278205126,0
                -59.4075229699035,-34.4130294013994,0
                -59.4075210629041,-34.413299828042,0
                -59.4071947627323,-34.4132982471393,0
                -59.4071775891427,-34.4157320862364,0
                -59.4075038987661,-34.4157336672823,0
                -59.4075019915126,-34.4160040938042,0
                -59.4078283022117,-34.4160056739956,0
                -59.407826395983,-34.4162761005214,0
                -59.4081527077577,-34.4162776798583,0
                -59.4081508025539,-34.4165481063878,0
                -59.4084771154043,-34.4165496848702,0
                -59.4084752112254,-34.4168201114036,0
                -59.4088015251514,-34.4168216890314,0
                -59.4087996219974,-34.4170921155686,0
                -59.4091259369991,-34.4170936923418,0
                -59.4091240348701,-34.4173641188828,0
                -59.4094503509475,-34.4173656948014,0
                -59.4094484498434,-34.4176361213462,0
                -59.4097747669965,-34.4176376964102,0
                -59.4097690666834,-34.4184489760196,0
                -59.4100953870128,-34.4184505502607,0
                -59.4100915887783,-34.418991403305,0
                -59.4104179112338,-34.4189929767073,0
                -59.4104141149989,-34.4195338297349,0
                -59.4110667641876,-34.4195369739912,0
                -59.4110629720532,-34.4200778270338,0
                -59.4113892987864,-34.4200793978878,0
                -59.4113817184165,-34.4211611038915,0
                -59.4117080493769,-34.4211626739381,0
                -59.4117042611414,-34.4217035268991,0
                -59.4120305942281,-34.4217050961067,0
                -59.4120287011231,-34.4219755225849,0
                -59.4130077036862,-34.4219802250314,0
                -59.4129963634373,-34.4236027839311,0
                -59.413322703979,-34.4236043497666,0
                -59.4133208149,-34.4238747762233,0
                -59.4136471565176,-34.4238763412039,0
                -59.4136433803854,-34.4244171941128,0
                -59.4139697241295,-34.4244187582541,0
                -59.4139678370764,-34.4246891847062,0
                -59.4146205267414,-34.4246923104083,0
                -59.4146186417646,-34.4249627368797,0
                -59.4152713336315,-34.4249658591304,0
                -59.4152675678054,-34.4255067120999,0
                -59.415593915878,-34.4255082719506,0
                -59.4155901520531,-34.4260491249033,0
                -59.4152638018789,-34.4260475650212,0
                -59.4152600358521,-34.4265884178942,0
                -59.4149336836015,-34.4265868571099,0
                -59.4149299153726,-34.4271277099032,0
                -59.4142772067434,-34.4271245856596,0
                -59.4142753204897,-34.4273950120068,0
                -59.4139489651619,-34.427393448563,0
                -59.4139470778322,-34.4276638748823,0
                -59.4132943651505,-34.4276607453511,0
                -59.4132924756938,-34.4279311716268,0
                -59.4129661183399,-34.4279296055393,0
                -59.4129642278072,-34.4282000317872,0
                -59.4126378694275,-34.428198464813,0
                -59.4126359778187,-34.4284688910331,0
                -59.4123096184134,-34.4284673231723,0
                -59.4123077257285,-34.4287377493646,0
                -59.4119813652975,-34.4287361806172,0
                -59.4119775777501,-34.4292770329339,0
                -59.4116512152425,-34.4292754632841,0
                -59.4116531100797,-34.4290050371476,0
                -59.4113267486483,-34.4290034666428,0
                -59.4113286445112,-34.42873304051,0
                -59.4116550048917,-34.428734610999,0
                -59.4116644785729,-34.4273824800751,0
                -59.4119908337243,-34.4273840496143,0
                -59.4119946209184,-34.4268431971286,0
                -59.4123209739933,-34.4268447657655,0
                -59.4123266514428,-34.4260334868991,0
                -59.4126530013906,-34.4260350546179,0
                -59.4126548927725,-34.4257646282892,0
                -59.4123285438755,-34.4257630605862,0
                -59.4123323286653,-34.4252222079241,0
                -59.412005981895,-34.4252206393819,0
                -59.4120078753028,-34.4249502130486,0
                -59.4116815296084,-34.4249486436515,0
                -59.4116834240417,-34.4246782173219,0
                -59.4107043902624,-34.4246735039538,0
                -59.4107138778101,-34.4233213723616,0
                -59.4103875385209,-34.4233197995767,0
                -59.4103894370052,-34.4230493732379,0
                -59.4100630987919,-34.4230477995981,0
                -59.4100668977858,-34.422506946916,0
                -59.4094142256376,-34.4225037970879,0
                -59.4094161271978,-34.4222333707604,0
                -59.4090897922123,-34.4222317945562,0
                -59.4090878896016,-34.4225022208679,0
                -59.4084352176055,-34.422499065816,0
                -59.4084295033175,-34.4233103445832,0
                -59.4087558424547,-34.4233119225921,0
                -59.4087520349037,-34.423852775075,0
                -59.4090783761676,-34.423854352245,0
                -59.4090726678029,-34.4246656309264,0
                -59.4100517012026,-34.4246703573549,0
                -59.4100498015158,-34.4249407836055,0
                -59.4097234559732,-34.4249392089841,0
                -59.4097215552103,-34.4252096352068,0
                -59.4093952086423,-34.4252080596989,0
                -59.4093933068034,-34.4254784858936,0
                -59.4090669592099,-34.4254769094991,0
                -59.4090650562949,-34.4257473356659,0
                -59.4084123590827,-34.4257441802331,0
                -59.4084142640992,-34.425473754098,0
                -59.4080879165819,-34.4254721750914,0
                -59.4080898226238,-34.4252017489602,0
                -59.4077634761826,-34.4252001690987,0
                -59.4077653832498,-34.4249297429714,0
                -59.4074390378848,-34.4249281622551,0
                -59.4074466701022,-34.4238464576885,0
                -59.4071203289653,-34.4238448761651,0
                -59.4071260560133,-34.4230335976612,0
                -59.4067997180538,-34.4230320153149,0
                -59.4068073579639,-34.4219503105377,0
                -59.4074600255037,-34.4219534742321,0
                -59.4074638411038,-34.4214126217073,0
                -59.4077901728108,-34.4214142022168,0
                -59.4078035192571,-34.4195212178886,0
                -59.4074771949036,-34.4195196374905,0
                -59.4074810100461,-34.4189787847484,0
                -59.4071546878189,-34.4189772035116,0
                -59.4071565964024,-34.4187067771383,0
                -59.406503954125,-34.4187036120849,0
                -59.4065058647839,-34.4184331857315,0
                -59.4061795447337,-34.4184316019149,0
                -59.4061814564175,-34.4181611755654,0
                -59.4058551374432,-34.4181595908943,0
                -59.4058570501519,-34.4178891645486,0
                -59.4055307322534,-34.417887579023,0
                -59.405532645987,-34.4176171526812,0
                -59.4052063291644,-34.4176155663011,0
                -59.4052101586555,-34.4170747136132,0
                -59.4048838439591,-34.4170731263946,0
                -59.4048876754488,-34.4165322736903,0
                -59.4045613628784,-34.4165306856332,0
                -59.4045651963665,-34.4159898329126,0
                -59.4042388859223,-34.4159882440171,0
                -59.4042427214087,-34.4154473912802,0
                -59.4039164130904,-34.4154458015462,0
                -59.4039221692789,-34.4146345223984,0
                -59.4035958641369,-34.414632931842,0
                -59.4036054625237,-34.4132807997675,0
                -59.403931762415,-34.4132823902439,0
                -59.4039375179899,-34.4124711108064,0
                -59.4042638147565,-34.4124727003644,0
                -59.4042676495784,-34.4119318473137,0
                -59.4045939442705,-34.4119334359694,0
                -59.4046016094077,-34.4108517296592,0
                -59.4042753189157,-34.4108501410674,0
                -59.4042964074852,-34.4078754478943,0
                -59.4046226864283,-34.4078770363103,0
                -59.4046341816827,-34.4062544756862,0
                -59.4049604543526,-34.4062560631361,0
                -59.4049661984859,-34.4054447826132,0
                -59.4052924680321,-34.4054463691451,0
                -59.4052943816425,-34.405175942264,0
                -59.406273187285,-34.4051806965914,0
                -59.4062712768237,-34.4054511235203,0
                -59.4069238161454,-34.4054542887535,0
                -59.4069276328438,-34.4049134348198,0
                -59.4072539004434,-34.4049150160995,0
                -59.4072558077047,-34.4046445890986,0
                -59.4075820742801,-34.4046461694923,0
                -59.4075839804664,-34.4043757424635,0
                -59.4079102460175,-34.4043773219712,0
                -59.4079140562146,-34.4038364678455,0
                -59.4085665831945,-34.4038396241873,0
                -59.4085703890915,-34.4032987699499,0
                -59.4088966505203,-34.403300346784,0
                -59.4088985523812,-34.4030299196313,0
                -59.4092248127857,-34.4030314955795,0
                -59.4092286143323,-34.4024906412062,0
                -59.4095548726631,-34.4024922162527,0
                -59.4095567723488,-34.4022217890321,0
                -59.4098830296553,-34.4022233631928,0
                -59.4098868268518,-34.4016825086837,0
                -59.4102130820846,-34.4016840819428,0
                -59.4102149795954,-34.4014136546543,0
                -59.4105412338039,-34.4014152270276,0
                -59.4105450266507,-34.4008743723827,0
                -59.4108712787855,-34.4008759438544,0
                -59.4108731741215,-34.4006055164981,0
                -59.4111994252321,-34.400607087084,0
                -59.4112051079403,-34.3997958048951,0
                -59.4115313559278,-34.3997973745638,0
                -59.4115351421749,-34.3992565196793,0
                -59.4112088962862,-34.3992549500422,0
                -59.4112202607181,-34.3976323851939,0
                -59.4108940211506,-34.3976308147818,0
                -59.4108978111912,-34.3970899597674,0
                -59.4105715737477,-34.3970883885172,0
                -59.4105753657858,-34.3965475334862,0
                -59.410249130466,-34.3965459613978,0
                -59.4102529245015,-34.3960051063501,0
                -59.4099266913055,-34.3960035334236,0
                -59.4099304873383,-34.3954626783594,0
                -59.409604256266,-34.3954611045948,0
                -59.4096080542959,-34.394920249514,0
                -59.4092818253473,-34.3949186749113,0
                -59.4092799252958,-34.3951891024419,0
                -59.4089536953233,-34.3951875269536,0
                -59.4089517941973,-34.3954579544562,0
                -59.4086255632009,-34.3954563780824,0
                -59.4086236610004,-34.3957268055571,0
                -59.4082974289802,-34.3957252282976,0
                -59.4082955257051,-34.3959956557444,0
                -59.4079692926611,-34.3959940775992,0
                -59.4079673883114,-34.396264505018,0
                -59.4076411542435,-34.3962629259872,0
                -59.4076392488192,-34.3965333533781,0
                -59.4073130137275,-34.3965317734616,0
                -59.4073111072285,-34.3968022008245,0
                -59.4069848711129,-34.3968006200222,0
                -59.4069810559402,-34.39734147468,0
                -59.4066548177516,-34.3973398929762,0
                -59.4066510003786,-34.3978807475538,0
                -59.4063247601167,-34.3978791649483,0
                -59.4063228503427,-34.3981495922031,0
                -59.4066490916539,-34.3981511748245,0
                -59.4066471829038,-34.3984216020831,0
                -59.4063209405433,-34.3984200194458,0
                -59.4063152109924,-34.3992313011015,0
                -59.4059889655092,-34.3992297175465,0
                -59.4059870545586,-34.399500144725,0
                -59.4056608080515,-34.3994985602841,0
                -59.405658896026,-34.3997689874346,0
                -59.405332648495,-34.3997674021079,0
                -59.4053307353946,-34.4000378292304,0
                -59.4050044868397,-34.4000362430178,0
                -59.4049968299854,-34.4011179513231,0
                -59.4046705772581,-34.4011163641768,0
                -59.4046744078353,-34.4005755100802,0
                -59.4043481572325,-34.4005739220959,0
                -59.4043462409073,-34.4008443491342,0
                -59.4036937376794,-34.4008411705239,0
                -59.4036918192297,-34.4011115975181,0
                -59.4030393140052,-34.401108415396,0
                -59.4030373934309,-34.4013788423462,0
                -59.4027111398076,-34.4013772499642,0
                -59.4027072964832,-34.4019181037963,0
                -59.4023810407865,-34.4019165105123,0
                -59.4023791180364,-34.4021869373942,0
                -59.4027053747826,-34.4021885306942,0
                -59.4027015313046,-34.4027293844539,0
                -59.4030277901756,-34.402730976916,0
                -59.4030239486942,-34.4032718306594,0
                -59.4023714267796,-34.4032686448011,0
                -59.4023695039013,-34.4035390716226,0
                -59.4020432419329,-34.4035374773724,0
                -59.4020451658607,-34.4032670505669,0
                -59.4017189049675,-34.4032654554627,0
                -59.4017208299192,-34.4029950286612,0
                -59.4013945701012,-34.4029934327031,0
                -59.4014022738501,-34.4019117254406,0
                -59.4017285294699,-34.4019133213345,0
                -59.4017362286101,-34.4008316138146,0
                -59.4020624800576,-34.4008332087743,0
                -59.4020663273749,-34.4002923549099,0
                -59.4023925767492,-34.4002939489675,0
                -59.4023964218651,-34.3997530950227,0
                -59.4027226691661,-34.3997546881784,0
                -59.4027284334996,-34.3989434071225,0
                -59.4030546776781,-34.3989449993602,0
                -59.403056598022,-34.3986745723015,0
                -59.4033828411768,-34.3986761636533,0
                -59.4033847604457,-34.3984057365664,0
                -59.4037110025767,-34.3984073270324,0
                -59.4037129207708,-34.3981368999174,0
                -59.404039161878,-34.3981384894976,0
                -59.4040449131589,-34.3973272080323,0
                -59.4043711511437,-34.3973287966946,0
                -59.404376899047,-34.3965175150728,0
                -59.4047031339095,-34.3965191028173,0
                -59.4047069636189,-34.3959782483104,0
                -59.4050331964085,-34.3959798351533,0
                -59.4050351101757,-34.3957094078657,0
                -59.4053613419416,-34.3957109938228,0
                -59.4053651673011,-34.3951701391797,0
                -59.4056913969941,-34.3951717242351,0
                -59.4056933085865,-34.3949012968795,0
                -59.4060195372558,-34.3949028810492,0
                -59.4060233582658,-34.3943620262698,0
                -59.4063495848623,-34.3943636095379,0
                -59.4063534036722,-34.3938227546784,0
                -59.4066796281959,-34.393824337045,0
                -59.4066815365136,-34.3935539095812,0
                -59.4070077600137,-34.3935554910621,0
                -59.4070096672568,-34.3932850635703,0
                -59.4073358897332,-34.3932866441657,0
                -59.4073377959019,-34.3930162166459,0
                -59.4076640173546,-34.3930177963557,0
                -59.4076697325611,-34.3922065136763,0
                -59.4073435142555,-34.3922049340143,0
                -59.4073473263642,-34.3916640788661,0
                -59.4066948940253,-34.3916609169968,0
                -59.4066968021395,-34.3913904894364,0
                -59.4063705870572,-34.3913889072132,0
                -59.406368677894,-34.3916593347576,0
                -59.4047375976193,-34.3916514105176,0
                -59.4047356831856,-34.3919218379702,0
                -59.4044094661582,-34.3919202504973,0
                -59.40440755065,-34.3921906779218,0
                -59.4037551145737,-34.3921875003352,0
                -59.4037531969419,-34.3924579277156,0
                -59.403426977893,-34.3924563376019,0
                -59.4034250591867,-34.3927267649542,0
                -59.4027726190676,-34.3927235820857,0
                -59.4027706982376,-34.392994009394,0
                -59.4024444771674,-34.3929924166391,0
                -59.4024425552627,-34.3932628439193,0
                -59.402116333169,-34.3932612502788,0
                -59.4021124871846,-34.3938021047708,0
                -59.4017862630184,-34.3938005102286,0
                -59.4017843389387,-34.3940709374404,0
                -59.401131888585,-34.3940677457146,0
                -59.4011299623814,-34.3943381728823,0
                -59.400803736194,-34.3943365756988,0
                -59.4008018089155,-34.3946070028383,0
                -59.39982312736,-34.3946022060211,0
                -59.3998211969084,-34.3948726331003,0
                -59.3994949687255,-34.3948710324057,0
                -59.3994891740689,-34.3956823135224,0
                -59.3991629427642,-34.3956807119097,0
                -59.3991590774327,-34.396221565895,0
                -59.3988328440553,-34.3962199633802,0
                -59.3988483131566,-34.3940565472787,0
                -59.3985220881984,-34.3940549440234,0
                -59.3985240227692,-34.3937845169725,0
                -59.3988502466783,-34.3937861202117,0
                -59.3988521801743,-34.3935156931326,0
                -59.3991784030601,-34.393517295486,0
                -59.3991822678765,-34.3929764412594,0
                -59.3998347095291,-34.3929796432927,0
                -59.3998366398006,-34.392709216129,0
                -59.400489079458,-34.3927124146515,0
                -59.4004910076057,-34.3924419874435,0
                -59.4008172264239,-34.3924435853842,0
                -59.4008191534969,-34.3921731581481,0
                -59.4011453712917,-34.392174755203,0
                -59.40114729729,-34.3919043279388,0
                -59.4021259476816,-34.3919091138375,0
                -59.4021278705072,-34.391638686513,0
                -59.4024540863067,-34.3916402800573,0
                -59.4024579297831,-34.3910994253401,0
                -59.4027841435102,-34.3911010179826,0
                -59.4027860641611,-34.3908305905899,0
                -59.4031122768648,-34.3908321823468,0
                -59.403118035517,-34.3900209000481,0
                -59.4034442450996,-34.3900224908874,0
                -59.4034480819753,-34.3894816359292,0
                -59.4031218744906,-34.389480045122,0
                -59.403123793939,-34.3892096176408,0
                -59.4024713811439,-34.3892064334497,0
                -59.4024752241593,-34.3886655785152,0
                -59.4021490198979,-34.3886639851474,0
                -59.402150942416,-34.3883935576781,0
                -59.401824739229,-34.3883919634569,0
                -59.4018266627704,-34.3881215359916,0
                -59.4015004606578,-34.3881199409168,0
                -59.4015023852223,-34.3878495134555,0
                -59.4011761841842,-34.3878479175273,0
                -59.4011800353338,-34.3873070626007,0
                -59.4008538364189,-34.3873054658351,0
                -59.400855763004,-34.3870350383698,0
                -59.4005295651636,-34.3870334407508,0
                -59.4005314927717,-34.3867630132895,0
                -59.4002052960057,-34.3867614148172,0
                -59.4002072246369,-34.3864909873598,0
                -59.3998810289453,-34.3864893880342,0
                -59.3998829585994,-34.3862189605809,0
                -59.3989043748252,-34.3862141574355,0
                -59.3989024420249,-34.3864845848404,0
                -59.3982500508734,-34.386481378364,0
                -59.3982481159499,-34.3867518057246,0
                -59.3979219193641,-34.386750201166,0
                -59.3979199833661,-34.3870206284984,0
                -59.3972675881744,-34.3870174167405,0
                -59.3972656500531,-34.3872878440285,0
                -59.3969394514472,-34.3872862368292,0
                -59.3969375122513,-34.3875566640889,0
                -59.3966113126225,-34.3875550560039,0
                -59.3966093723519,-34.3878254832353,0
                -59.3962831717003,-34.3878238742647,0
                -59.396281230355,-34.3880943014679,0
                -59.3956288270317,-34.3880910808856,0
                -59.395626883563,-34.3883615080443,0
                -59.3953006808914,-34.3883598964327,0
                -59.395298736348,-34.3886303235631,0
                -59.3946463289849,-34.3886270976988,0
                -59.3946346485935,-34.3902496600329,0
                -59.3949608585553,-34.3902512734972,0
                -59.3949589127816,-34.3905217005269,0
                -59.3946327017708,-34.3905200870463,0
                -59.3946307549222,-34.3907905140477,0
                -59.3943045428885,-34.3907888996813,0
                -59.39429869904,-34.3916001805641,0
                -59.3939724838854,-34.3915985652794,0
                -59.3939685857586,-34.3921394191084,0
                -59.393642368532,-34.3921378029215,0
                -59.3936384682032,-34.3926786566697,0
                -59.3933122489045,-34.3926770395806,0
                -59.3933102976521,-34.3929474664203,0
                -59.3929840773304,-34.3929458484452,0
                -59.392982125003,-34.3932162752566,0
                -59.3926559036582,-34.3932146563955,0
                -59.3926519968271,-34.3937555099495,0
                -59.3916733266546,-34.3937506480504,0
                -59.3916694134247,-34.3942915014582,0
                -59.3913431879878,-34.3942898790531,0
                -59.3913471033159,-34.393749025678,0
                -59.3906946567168,-34.3937457783242,0
                -59.3906926969676,-34.3940162049851,0
                -59.3900402483748,-34.3940129541198,0
                -59.3900382865013,-34.3942833807359,0
                -59.3893858359148,-34.3942801263591,0
                -59.3893838719169,-34.3945505529304,0
                -59.3890576456138,-34.394548924421,0
                -59.3890556805406,-34.3948193509638,0
                -59.3870983169776,-34.3948095615451,0
                -59.3871002883457,-34.3945391351009,0
                -59.3867740622262,-34.3945375005035,0
                -59.386776034617,-34.3942670740637,0
                -59.386449809573,-34.3942654386131,0
                -59.3864517829867,-34.3939950121776,0
                -59.386125559018,-34.3939933758738,0
                -59.3861275334545,-34.3937229494427,0
                -59.3858013105612,-34.3937213122857,0
                -59.3858032860205,-34.393450885859,0
                -59.3854770642026,-34.3934492478488,0
                -59.3854790406846,-34.3931788214265,0
                -59.38645770307,-34.3931837327987,0
                -59.3864557297352,-34.3934541592704,0
                -59.386781951632,-34.3934557946716,0
                -59.38677997932,-34.3937262211477,0
                -59.3890635406763,-34.3937376447202,0
                -59.3890655056448,-34.3934672181291,0
                -59.3897179498844,-34.393470474147,0
                -59.3897199127285,-34.393200047511,0
                -59.3900461338385,-34.3932016741991,0
                -59.3900480956074,-34.3929312475347,0
                -59.3903743156945,-34.3929328733367,0
                -59.3903762763882,-34.3926624466439,0
                -59.3907024954524,-34.3926640715599,0
                -59.390704455071,-34.3923936448387,0
                -59.3910306731122,-34.3923952688687,0
                -59.3910326316557,-34.392124842119,0
                -59.3916850657184,-34.3921280875374,0
                -59.3916889785311,-34.3915872339365,0
                -59.3920151935036,-34.3915888553086,0
                -59.3920171488219,-34.3913184284737,0
                -59.3923433627715,-34.3913200489599,0
                -59.3923472712319,-34.3907791952213,0
                -59.3926734831096,-34.3907808148053,0
                -59.3926773893681,-34.3902399609858,0
                -59.393003599174,-34.3902415796676,0
                -59.3930075032305,-34.3897007257672,0
                -59.3933337109646,-34.3897023435468,0
                -59.3933395637077,-34.3888910625569,0
                -59.3936657683213,-34.3888926794181,0
                -59.3936716176839,-34.3880813982707,0
                -59.393997819177,-34.3880830142136,0
                -59.3939997678638,-34.3878125871241,0
                -59.3943259683341,-34.3878142021812,0
                -59.3943298635321,-34.3872733479334,0
                -59.3949822603555,-34.3872765753742,0
                -59.3949842058181,-34.3870061481997,0
                -59.3953104032199,-34.3870077605997,0
                -59.3953123476079,-34.3867373333968,0
                -59.3956385439868,-34.3867389449111,0
                -59.3956404873002,-34.38646851768,0
                -59.3959666826563,-34.3864701283086,0
                -59.395968624895,-34.3861997010492,0
                -59.3962948192284,-34.3862013107921,0
                -59.3962967603925,-34.3859308835045,0
                -59.396622953703,-34.3859324923617,0
                -59.3966248937926,-34.3856620650458,0
                -59.3969510860803,-34.3856636730174,0
                -59.3969530250953,-34.3853932456733,0
                -59.3972792163602,-34.3853948527593,0
                -59.3972811543007,-34.3851244253869,0
                -59.3979335348106,-34.3851276369184,0
                -59.3979354706281,-34.3848572095015,0
                -59.3982616598731,-34.384858813947,0
                -59.3982635946161,-34.384588386502,0
                -59.3985897828382,-34.3845899900619,0
                -59.3985955837668,-34.3837787076059,0
                -59.3982693986904,-34.3837771040943,0
                -59.3982771370953,-34.3826953940486,0
                -59.3979509562389,-34.3826937897323,0
                -59.3979683755777,-34.3802599415688,0
                -59.3976422041832,-34.3802583365286,0
                -59.3976460769604,-34.3797174812808,0
                -59.3973199076886,-34.3797158754037,0
                -59.3973237824592,-34.3791750201399,0
                -59.3969976153099,-34.379173413426,0
                -59.3969995537048,-34.3789029857921,0
                -59.3966733876297,-34.3789013782252,0
                -59.3966714481864,-34.3791718058428,0
                -59.395692946971,-34.379166977878,0
                -59.3956910043569,-34.379437405435,0
                -59.3940601642742,-34.3794293413615,0
                -59.3940582163923,-34.3796997688252,0
                -59.3921012028598,-34.3796900631549,0
                -59.3920992486618,-34.3799604905088,0
                -59.3914469089291,-34.3799572482989,0
                -59.3914488652239,-34.3796868209776,0
                -59.3901441902649,-34.3796803261923,0
                -59.390146150727,-34.3794098989243,0
                -59.3888414803795,-34.3794033902968,0
                -59.3888434450089,-34.3791329630823,0
                -59.3852556152478,-34.3791149928269,0
                -59.3852536390868,-34.3793854198605,0
                -59.3849274718543,-34.3793837809691,0
                -59.3849254946185,-34.3796542079741,0
                -59.384599326364,-34.379652568197,0
                -59.3846013046481,-34.3793821412086,0
                -59.3816658009809,-34.3793673442487,0
                -59.3816638132616,-34.3796377710882,0
                -59.3810114773077,-34.3796344732803,0
                -59.3810074975964,-34.3801753268566,0
                -59.3806813275624,-34.3801736766156,0
                -59.3806773456482,-34.3807145301104,0
                -59.380351173544,-34.3807128789669,0
                -59.3803491814987,-34.3809833056796,0
                -59.3800230083727,-34.3809816536502,0
                -59.3800170289321,-34.3817929336658,0
                -59.3796908526873,-34.3817912807172,0
                -59.3796888584388,-34.3820617073483,0
                -59.3793626811721,-34.3820600535138,0
                -59.3793606858486,-34.3823304801161,0
                -59.37903450756,-34.3823288253956,0
                -59.379036503932,-34.38205839881,0
                -59.3787103267185,-34.3820567432368,0
                -59.3787083292981,-34.3823271698059,0
                -59.3777297946719,-34.3823221978206,0
                -59.3777317952379,-34.3820517713016,0
                -59.3764270869703,-34.3820451298845,0
                -59.3764250822104,-34.3823155563366,0
                -59.3760989041618,-34.3823138937923,0
                -59.3760968983267,-34.3825843202156,0
                -59.3757707192564,-34.3825826567853,0
                -59.375742620078,-34.386368625209,0
                -59.3760688138288,-34.3863702888738,0
                -59.3760668075927,-34.386640715116,0
                -59.3763930024189,-34.3866423779281,0
                -59.3763909972048,-34.3869128041749,0
                -59.3767171931064,-34.3869144661343,0
                -59.3767131846955,-34.3874553186252,0
                -59.3770393827213,-34.3874569797486,0
                -59.3770373795245,-34.3877274059927,0
                -59.3776897777537,-34.3877307256644,0
                -59.3776877766278,-34.3880011519298,0
                -59.3780139768312,-34.3880028104782,0
                -59.3780119767274,-34.3882732367482,0
                -59.3783381780063,-34.3882748944438,0
                -59.3783361789246,-34.3885453207184,0
                -59.3786623812789,-34.3885469775611,0
                -59.3786603832194,-34.3888174038404,0
                -59.3789865866492,-34.3888190598302,0
                -59.3789845896119,-34.3890894861141,0
                -59.3793107941171,-34.3890911412511,0
                -59.379308798102,-34.3893615675395,0
                -59.3796350036826,-34.3893632218237,0
                -59.3796330086899,-34.3896336481167,0
                -59.3799592153459,-34.389635301548,0
                -59.3799572213754,-34.3899057278455,0
                -59.380609636865,-34.3899090321327,0
                -59.3806076449657,-34.3901794584515,0
                -59.3815862715459,-34.3901844084103,0
                -59.3815842827667,-34.3904548347668,0
                -59.3822367027172,-34.3904581304248,0
                -59.3822347160094,-34.3907285568024,0
                -59.3828871381636,-34.3907318490152,0
                -59.3828851535272,-34.3910022754139,0
                -59.383537577885,-34.3910055641814,0
                -59.3835355953201,-34.3912759906012,0
                -59.3841880218815,-34.3912792759234,0
                -59.384186041388,-34.3915497023641,0
                -59.3835336127287,-34.3915464170088,0
                -59.3835316301109,-34.3918168434044,0
                -59.3825529841731,-34.3918119087997,0
                -59.3825509983819,-34.3920823351335,0
                -59.3822247820732,-34.3920806885094,0
                -59.3822227952065,-34.3923511148146,0
                -59.3818965778753,-34.3923494673043,0
                -59.3818926019645,-34.3928903198453,0
                -59.3815663825618,-34.3928886714322,0
                -59.3815643935176,-34.393159097668,0
                -59.3812381730923,-34.3931574483686,0
                -59.3812361829725,-34.3934278745757,0
                -59.3809099615247,-34.3934262243901,0
                -59.3809059791075,-34.3939670767349,0
                -59.3805797555881,-34.3939654256463,0
                -59.3805757709664,-34.3945062779095,0
                -59.3809019965841,-34.3945079290313,0
                -59.3809000052826,-34.3947783551614,0
                -59.3815524586957,-34.3947816548291,0
                -59.381554447899,-34.3945112286658,0
                -59.3818806735962,-34.3945128771784,0
                -59.3818826617238,-34.3942424509864,0
                -59.3822088863984,-34.3942440986128,0
                -59.3822108734504,-34.3939736723921,0
                -59.3828633207809,-34.3939769650027,0
                -59.382861335827,-34.3942473912565,0
                -59.383187560581,-34.3942490362737,0
                -59.3831835926923,-34.3947898887782,0
                -59.383509819571,-34.3947915329589,0
                -59.383507836636,-34.3950619592096,0
                -59.3838340645903,-34.3950636025371,0
                -59.3838301007396,-34.3956044550354,0
                -59.383503870687,-34.3956028116748,0
                -59.3835018876728,-34.3958732378892,0
                -59.3825231945261,-34.3958683025393,0
                -59.3825251806878,-34.3955978763745,0
                -59.382198950741,-34.395596229535,0
                -59.3822009379255,-34.3953258033747,0
                -59.3815484802097,-34.3953225071195,0
                -59.3815504694659,-34.3950520809803,0
                -59.3808980139545,-34.3950487812795,0
                -59.3808920398111,-34.3958600595611,0
                -59.3812182707011,-34.3958617098963,0
                -59.3812083185108,-34.3972138402072,0
                -59.3808820823747,-34.397212189789,0
                -59.3808780992143,-34.3977530417957,0
                -59.3802256228247,-34.3977497382834,0
                -59.3802276165167,-34.3974793123194,0
                -59.3795751423319,-34.3974760053611,0
                -59.3795871165168,-34.3958534495231,0
                -59.3792608857597,-34.3958517948392,0
                -59.3792688722144,-34.3947700907723,0
                -59.3789426456805,-34.3947684352853,0
                -59.3789586257052,-34.3926050267052,0
                -59.3786324075906,-34.3926033704819,0
                -59.3786344060229,-34.3923329443717,0
                -59.3783081889839,-34.3923312872954,0
                -59.3783101884386,-34.3920608611898,0
                -59.3779839724752,-34.3920592032606,0
                -59.3779859729522,-34.3917887771597,0
                -59.3776597580645,-34.3917871183775,0
                -59.3776617595639,-34.3915166922812,0
                -59.3770093319664,-34.3915133721415,0
                -59.377011335537,-34.3912429460665,0
                -59.3766851228273,-34.391241284709,0
                -59.3766871274201,-34.3909708586387,0
                -59.3753822810443,-34.3909642045796,0
                -59.3753842898061,-34.3906937785642,0
                -59.3747318688766,-34.3906904463506,0
                -59.3747358905155,-34.3901495943506,0
                -59.3740834738888,-34.390146258726,0
                -59.3740854867658,-34.3898758327414,0
                -59.3737592795416,-34.3898741636416,0
                -59.3737633073128,-34.3893333116698,0
                -59.3731108971404,-34.3893299709287,0
                -59.3731129130834,-34.3890595449584,0
                -59.3724605051161,-34.3890562007728,0
                -59.3724625231299,-34.388785774824,0
                -59.3718101173679,-34.388782427194,0
                -59.3718121374524,-34.3885120012669,0
                -59.3711597338957,-34.3885086501926,0
                -59.3711617560509,-34.3882382242871,0
                -59.3708355553617,-34.3882365474626,0
                -59.3708213923673,-34.390129528429,0
                -59.3704951843632,-34.3901278506168,0
                -59.3704911354529,-34.390668702179,0
                -59.370164925378,-34.3906670234633,0
                -59.3701608742619,-34.3912078749435,0
                -59.3698346621162,-34.3912061953244,0
                -59.3698306087942,-34.3917470467224,0
                -59.3695043945775,-34.3917453662,0
                -59.3695003390495,-34.3922862175158,0
                -59.369174122762,-34.3922845360899,0
                -59.3691700650278,-34.3928253873235,0
                -59.3694962834134,-34.3928270687833,0
                -59.3694901997566,-34.393638345594,0
                -59.3698164213164,-34.3936400262348,0
                -59.3698103405636,-34.3944513029876,0
                -59.3701365652976,-34.3944529828095,0
                -59.3701325134256,-34.3949938339514,0
                -59.3704587402849,-34.3949955129374,0
                -59.3704567153575,-34.3952659385072,0
                -59.3711091712553,-34.3952692939038,0
                -59.3711071483993,-34.3955397194953,0
                -59.3714333774378,-34.3955413959059,0
                -59.3714313556039,-34.3958118215021,0
                -59.3717575857186,-34.3958134970599,0
                -59.371755564907,-34.3960839226609,0
                -59.3720817960977,-34.3960855973658,0
                -59.3720777564922,-34.3966264485653,0
                -59.3724039898083,-34.3966281224342,0
                -59.3723999521935,-34.3971689736191,0
                -59.372726187635,-34.3971706466518,0
                -59.3727282054066,-34.3969002210486,0
                -59.3733806742716,-34.396903564471,0
                -59.3733826899179,-34.396633138822,0
                -59.3737089233415,-34.3966348092118,0
                -59.3737069087445,-34.3969052348776,0
                -59.3743593777707,-34.3969085730814,0
                -59.3743573652453,-34.3971789987687,0
                -59.3746836008479,-34.3971806665828,0
                -59.374681589345,-34.3974510922748,0
                -59.3750078260237,-34.3974527592358,0
                -59.3750058155432,-34.3977231849325,0
                -59.3756582910795,-34.3977265162787,0
                -59.3756562826708,-34.3979969419969,0
                -59.3727201341589,-34.3979819233891,0
                -59.3727221520111,-34.3977114978221,0
                -59.372069676958,-34.3977081508194,0
                -59.372071696882,-34.397437725274,0
                -59.3710929876521,-34.3974326982971,0
                -59.3710950106969,-34.3971622727902,0
                -59.3704425401103,-34.3971589171571,0
                -59.3704445652265,-34.3968884916719,0
                -59.3697920968464,-34.3968851325934,0
                -59.3697941240341,-34.39661470713,0
                -59.3694678909338,-34.396613026303,0
                -59.3694699191437,-34.3963426008444,0
                -59.3691436871196,-34.3963409191646,0
                -59.3691457163518,-34.3960704937108,0
                -59.3684932544831,-34.3960671277758,0
                -59.3684952857865,-34.3957967023438,0
                -59.368169055942,-34.3957950180886,0
                -59.3681710882675,-34.3955245926616,0
                -59.3678448594992,-34.3955229075536,0
                -59.3678468928469,-34.3952524821314,0
                -59.3675206651548,-34.3952507961707,0
                -59.367524733867,-34.394709945324,0
                -59.3671985083004,-34.3947082585275,0
                -59.3672168256047,-34.3922744292723,0
                -59.3675430417299,-34.3922761159159,0
                -59.3675471098456,-34.3917352648035,0
                -59.3678733238999,-34.3917369505436,0
                -59.3678773898094,-34.3911960993489,0
                -59.3682036017928,-34.3911977841855,0
                -59.3682096973071,-34.390386507252,0
                -59.3685359061708,-34.3903881911681,0
                -59.3685399676138,-34.3898473397848,0
                -59.3688661744069,-34.3898490227974,0
                -59.3688702336439,-34.3893081713319,0
                -59.3691964383664,-34.3893098534412,0
                -59.3692004953975,-34.3887690018935,0
                -59.3695266980493,-34.3887706830993,0
                -59.3695287254756,-34.3885002572904,0
                -59.3698549271056,-34.3885019376099,0
                -59.369856953456,-34.388231511772,0
                -59.3701831540642,-34.388233191205,0
                -59.3701892298071,-34.3874219135682,0
                -59.3698630323452,-34.3874202341859,0
                -59.3698650585876,-34.3871498082997,0
                -59.3695388622014,-34.3871481280648,0
                -59.3695429167026,-34.38660727629,0
                -59.3692167224408,-34.3866055952196,0
                -59.3692187506996,-34.386335169331,0
                -59.3688925575135,-34.386333487408,0
                -59.368894586794,-34.3860630615242,0
                -59.3685683946836,-34.3860613787488,0
                -59.3685704249857,-34.3857909528699,0
                -59.3682442339511,-34.385789269242,0
                -59.3682462652747,-34.385518843368,0
                -59.3679200753159,-34.3855171588876,0
                -59.3679221076611,-34.3852467330185,0
                -59.367595918778,-34.3852450476856,0
                -59.3675979521447,-34.3849746218214,0
                -59.3672717643373,-34.3849729356361,0
                -59.3672778674207,-34.3841616580219,0
                -59.3669516827862,-34.3841599710182,0
                -59.3669822102703,-34.3801035815713,0
                -59.3676345481123,-34.3801069542,0
                -59.3676304823272,-34.3806478063511,0
                -59.3679566533857,-34.3806494913955,0
                -59.3679546215009,-34.38091991747,0
                -59.3682807936348,-34.3809216016621,0
                -59.3682767318808,-34.3814624538087,0
                -59.3686029061386,-34.3814641371654,0
                -59.3685988463733,-34.3820049892976,0
                -59.368925022755,-34.3820066718189,0
                -59.3689229938802,-34.3822770978838,0
                -59.3692491713375,-34.3822787795528,0
                -59.3692430876964,-34.3830900577259,0
                -59.3695692683262,-34.3830917385763,0
                -59.3695672414404,-34.3833621646267,0
                -59.3698934231457,-34.3833638446248,0
                -59.36988937139,-34.3839046967233,0
                -59.3702155552194,-34.3839063758858,0
                -59.3702135303496,-34.3841768019338,0
                -59.3708659001866,-34.3841801576846,0
                -59.3708618545604,-34.384721009812,0
                -59.3711880416165,-34.3847226864171,0
                -59.3711860198116,-34.3849931124795,0
                -59.3718383961019,-34.3849964631153,0
                -59.3718343566058,-34.3855373152715,0
                -59.3721605468886,-34.385538989319,0
                -59.3721585281488,-34.3858094153958,0
                -59.3728109108924,-34.3858127609162,0
                -59.3728088942231,-34.3860831870147,0
                -59.3734612791715,-34.3860865290911,0
                -59.3734632937435,-34.385816102959,0
                -59.3737894852093,-34.3858177726763,0
                -59.3737914987058,-34.3855473465153,0
                -59.3741176891498,-34.3855490153463,0
                -59.3741197015708,-34.3852785891565,0
                -59.374445890993,-34.3852802571013,0
                -59.3744499136574,-34.3847394046518,0
                -59.3747761010091,-34.3847410716937,0
                -59.374780121469,-34.3842002191623,0
                -59.3744539362144,-34.384198552154,0
                -59.3744559474528,-34.383928125887,0
                -59.3741297632736,-34.3839264580262,0
                -59.3741317755337,-34.3836560317638,0
                -59.3744579586643,-34.3836576996079,0
                -59.3744660032424,-34.3825759943708,0
                -59.3747921822058,-34.3825776612784,0
                -59.3747941922348,-34.3823072349222,0
                -59.3751203701764,-34.3823089009437,0
                -59.3751223791302,-34.3820384745586,0
                -59.3761009099701,-34.382043467357,0
                -59.3761029157517,-34.3817730409095,0
                -59.3764290917034,-34.3817747034203,0
                -59.3764310964098,-34.3815042769441,0
                -59.3767572713398,-34.3815059385688,0
                -59.376759274971,-34.3812355120638,0
                -59.3780639707639,-34.3812421498032,0
                -59.3780659701748,-34.3809717232192,0
                -59.3783921431412,-34.3809733804642,0
                -59.378394141477,-34.3807029538515,0
                -59.3787203134217,-34.3807046102106,0
                -59.3787243079166,-34.3801637569155,0
                -59.3790504777911,-34.380165412372,0
                -59.3790524739503,-34.3798949856897,0
                -59.379378642803,-34.3798966402602,0
                -59.3793826329448,-34.3793557868261,0
                -59.3797087997275,-34.3793574404941,0
                -59.3797107937102,-34.3790870137423,0
                -59.3800369594711,-34.3790886665245,0
                -59.3800389523788,-34.3788182397439,0
                -59.380365117118,-34.3788198916403,0
                -59.3803691007573,-34.3782790380097,0
                -59.3813475888441,-34.3782839883838,0
                -59.3813495774792,-34.3780135615006,0
                -59.3820019009064,-34.3780168573709,0
                -59.3819999143679,-34.3782872842873,0
                -59.3836307286404,-34.3782955088354,0
                -59.3836287473169,-34.3785659358225,0
                -59.3839549112989,-34.3785675781411,0
                -59.3839568915741,-34.3782971511374,0
                -59.3865661959932,-34.3783102582634,0
                -59.3865681678558,-34.3780398311157,0
                -59.3872204921271,-34.3780430991724,0
                -59.387218522361,-34.3783135263531,0
                -59.3891755020942,-34.3783233097616,0
                -59.3891735385917,-34.3785937370287,0
                -59.3930875134607,-34.3786132101697,0
                -59.3930894643836,-34.3783427827065,0
                -59.394067955542,-34.378347631386,0
                -59.394069903294,-34.378077203862,0
                -59.3950483915411,-34.37808204467,0
                -59.3950503361224,-34.3778116170852,0
                -59.395376497875,-34.3778132289333,0
                -59.3953803848633,-34.3772723736949,0
                -59.3957065445453,-34.3772739846414,0
                -59.3957084869523,-34.3770035569879,0
                -59.396034645612,-34.377005167049,0
                -59.3960365869449,-34.3767347393672,0
                -59.3963627445822,-34.3767363485429,0
                -59.3963646848411,-34.3764659208329,0
                -59.396690841456,-34.3764675291233,0
                -59.3966985980402,-34.3753858180976,0
                -59.3963724456179,-34.375384209872,0
                -59.3963840860076,-34.3737616430686,0
                -59.3960579398997,-34.3737600340711,0
                -59.3960618219189,-34.3732191784058,0
                -59.395735677933,-34.3732175685716,0
                -59.3957337358884,-34.3734879963941,0
                -59.389863129718,-34.3734588704831,0
                -59.3898650906273,-34.3731884429539,0
                -59.3905173776891,-34.373191693038,0
                -59.3905193364762,-34.3729212654641,0
                -59.3937807628689,-34.3729374635801,0
                -59.3937827111499,-34.372667035831,0
                -59.3944349946444,-34.3726702649935,0
                -59.3944369408034,-34.3723998371998,0
                -59.3950892223057,-34.3724030628538,0
                -59.3950911663428,-34.3721326350156,0
                -59.3957434458528,-34.3721358571612,0
                -59.3957453877681,-34.3718654292784,0
                -59.3960715265139,-34.3718670390315,0
                -59.3960831711744,-34.3702444713841,0
                -59.3964093036586,-34.370246080171,0
                -59.3964732980768,-34.3613219498112,0
                -59.3945167109939,-34.3613122872675,0
                -59.3945147658981,-34.3615827155559,0
                -59.3938625683162,-34.3615794877264,0
                -59.3938664626716,-34.3610386312024,0
                -59.3951708495597,-34.3610450832569,0
                -59.395172792509,-34.3607746549119,0
                -59.3958249840137,-34.3607778756949,0
                -59.3958269248422,-34.3605074473054,0
                -59.3964791143556,-34.3605106645815,0
                -59.3964926847685,-34.3586176652899,0
                -59.3991013852042,-34.3586304987452,0
              </coordinates>
            </LinearRing>
          </outerBoundaryIs>
          <innerBoundaryIs>
            <LinearRing>
              <coordinates>
                -59.4058881572389,-34.3673176432209,0
                -59.4055620355366,-34.3673160598084,0
                -59.4055582154246,-34.3678569169371,0
                -59.4058843392224,-34.3678585003815,0
                -59.4058881572389,-34.3673176432209,0
              </coordinates>
            </LinearRing>
          </innerBoundaryIs>
          <innerBoundaryIs>
            <LinearRing>
              <coordinates>
                -59.3849314262467,-34.378842926923,0
                -59.3839529309973,-34.3788380051328,0
                -59.3839509506693,-34.3791084321123,0
                -59.3849294490637,-34.3791133539521,0
                -59.3849314262467,-34.378842926923,0
              </coordinates>
            </LinearRing>
          </innerBoundaryIs>
          <innerBoundaryIs>
            <LinearRing>
              <coordinates>
                -59.40380496403,-34.3851563842077,0
                -59.4034787732999,-34.3851547945261,0
                -59.4034768552838,-34.3854252222043,0
                -59.4038030470626,-34.385426811902,0
                -59.40380496403,-34.3851563842077,0
              </coordinates>
            </LinearRing>
          </innerBoundaryIs>
          <innerBoundaryIs>
            <LinearRing>
              <coordinates>
                -59.4041292388669,-34.3854284007301,0
                -59.4038030470626,-34.385426811902,0
                -59.4038011300697,-34.3856972395841,0
                -59.4041273229226,-34.3856988284283,0
                -59.4041292388669,-34.3854284007301,0
              </coordinates>
            </LinearRing>
          </innerBoundaryIs>
          <innerBoundaryIs>
            <LinearRing>
              <coordinates>
                -59.4038011300697,-34.3856972395841,0
                -59.4034749372422,-34.3856956498705,0
                -59.403473019175,-34.3859660775245,0
                -59.4037992130512,-34.3859676672541,0
                -59.4038011300697,-34.3856972395841,0
              </coordinates>
            </LinearRing>
          </innerBoundaryIs>
          <innerBoundaryIs>
            <LinearRing>
              <coordinates>
                -59.4429014560691,-34.3923719983991,0
                -59.4419227932403,-34.3923675385728,0
                -59.4419209983467,-34.3926379677657,0
                -59.440942332586,-34.3926335000674,0
                -59.4409405345212,-34.3929039292033,0
                -59.4406143115999,-34.3929024382162,0
                -59.440612512462,-34.393172867325,0
                -59.439960064593,-34.3931698827117,0
                -59.439958263333,-34.3934403117783,0
                -59.4402844883046,-34.3934418045349,0
                -59.4402826880697,-34.3937122336046,0
                -59.4393040100796,-34.3937077526807,0
                -59.4393022066733,-34.3939781816932,0
                -59.4363661645601,-34.3939646918216,0
                -59.4363643516874,-34.3942351206862,0
                -59.4360381238575,-34.3942336174479,0
                -59.4360363099116,-34.3945040462853,0
                -59.4357100810566,-34.3945025421621,0
                -59.4357082660373,-34.3947729709724,0
                -59.4350558063016,-34.3947699600864,0
                -59.4350539891598,-34.3950403888543,0
                -59.4344015274226,-34.3950373744591,0
                -59.4343997081582,-34.3953078031845,0
                -59.4340734762767,-34.3953062946671,0
                -59.4340716559389,-34.3955767233653,0
                -59.4334191901504,-34.3955737036908,0
                -59.4334173676898,-34.3958441323466,0
                -59.4327648999,-34.3958411091625,0
                -59.4327630753167,-34.3961115377758,0
                -59.432436840409,-34.3961100248639,0
                -59.4324350147521,-34.3963804534499,0
                -59.4317825429113,-34.3963774249862,0
                -59.4317807151315,-34.3966478535297,0
                -59.4311282412896,-34.3966448215563,0
                -59.431126411387,-34.3969152500571,0
                -59.4304739355441,-34.396912214574,0
                -59.4304721035184,-34.3971826430323,0
                -59.4301458645843,-34.3971811239707,0
                -59.430144031485,-34.3974515524016,0
                -59.4294915515914,-34.3974485116384,0
                -59.4294878811221,-34.3979893684028,0
                -59.4288353971291,-34.397986324099,0
                -59.4288335597591,-34.3982567524324,0
                -59.42850731675,-34.3982552289604,0
                -59.4285054783061,-34.3985256572665,0
                -59.4281792342721,-34.3985241329093,0
                -59.4281773947544,-34.398794561188,0
                -59.4278511496955,-34.3987930359456,0
                -59.4278493091039,-34.3990634641968,0
                -59.4275230630202,-34.3990619380692,0
                -59.4275193796645,-34.3996027945048,0
                -59.4271931315065,-34.3996012674765,0
                -59.4271912887424,-34.3998716956608,0
                -59.4268650395596,-34.3998701677473,0
                -59.4268631957215,-34.4001405959042,0
                -59.4265369455139,-34.4001390671054,0
                -59.4265351006018,-34.4004094952348,0
                -59.4258825981613,-34.4004064349966,0
                -59.4258807511256,-34.4006768630832,0
                -59.4255544988928,-34.4006753316438,0
                -59.4255526507831,-34.4009457597029,0
                -59.4252263975254,-34.4009442273782,0
                -59.4252245483416,-34.4012146554098,0
                -59.4248982940591,-34.4012131221996,0
                -59.4248945935184,-34.4017539781958,0
                -59.4245683371616,-34.4017524440848,0
                -59.4245664858047,-34.4020228720494,0
                -59.424240228423,-34.402021337053,0
                -59.4242383759919,-34.4022917649901,0
                -59.4239121175853,-34.4022902291083,0
                -59.4239102640799,-34.4025606570178,0
                -59.4242365235361,-34.402562192915,0
                -59.4242328185505,-34.4031030487288,0
                -59.4245590801305,-34.403104583787,0
                -59.4245572286502,-34.4033750116912,0
                -59.4248834913045,-34.4033765458948,0
                -59.4248797903692,-34.4039174016979,0
                -59.4252060551474,-34.4039189350624,0
                -59.4252042056925,-34.4041893629613,0
                -59.425530471545,-34.4041908954712,0
                -59.425528623115,-34.4044613233734,0
                -59.4258548900418,-34.4044628550287,0
                -59.4258530426369,-34.4047332829343,0
                -59.426179310638,-34.4047348137349,0
                -59.4261774642581,-34.4050052416438,0
                -59.4265037333335,-34.4050067715898,0
                -59.4265018879787,-34.4052771995021,0
                -59.4268281581284,-34.4052787285933,0
                -59.4268263137988,-34.4055491565089,0
                -59.4271525850228,-34.4055506847455,0
                -59.4271507417183,-34.4058211126644,0
                -59.4274770140166,-34.4058226400463,0
                -59.4274751717373,-34.4060930679685,0
                -59.4278014451099,-34.4060945944956,0
                -59.4277996038558,-34.4063650224212,0
                -59.4281258783027,-34.4063665480935,0
                -59.4281240380738,-34.4066369760224,0
                -59.428450313595,-34.40663850084,0
                -59.4284484743914,-34.4069089287721,0
                -59.4291010276069,-34.4069119758276,0
                -59.4290991904784,-34.4071824037783,0
                -59.4294254681727,-34.4071839260161,0
                -59.4294236320695,-34.4074543539702,0
                -59.4297499108381,-34.4074558753532,0
                -59.4297480757603,-34.4077263033104,0
                -59.4304006354704,-34.4077293434966,0
                -59.4303988024679,-34.4079997714724,0
                -59.4310513643754,-34.4080028082085,0
                -59.4310495334482,-34.4082732362028,0
                -59.4317020975531,-34.4082762694888,0
                -59.4317002687012,-34.4085466975016,0
                -59.4323528350033,-34.4085497273373,0
                -59.4323510082268,-34.4088201553685,0
                -59.4333298610122,-34.4088246936414,0
                -59.4333280373611,-34.4090951217062,0
                -59.4382223203103,-34.4091176958211,0
                -59.4382205123838,-34.4093881241011,0
                -59.4414833811971,-34.4094030648854,0
                -59.4414851786244,-34.409132636455,0
                -59.4463794705827,-34.4091548842413,0
                -59.4463812522372,-34.408884455575,0
                -59.4470338228032,-34.4088874071232,0
                -59.4470356023342,-34.4086169784151,0
                -59.4473618866028,-34.4086184528691,0
                -59.4473636650602,-34.4083480241341,0
                -59.4476899483027,-34.408349497703,0
                -59.4477006122503,-34.406726924951,0
                -59.4480268892173,-34.4067283975608,0
                -59.4480357699401,-34.4053762531952,0
                -59.448362041682,-34.4053777248607,0
                -59.4483886645557,-34.4013212897331,0
                -59.4480624085582,-34.4013198182897,0
                -59.4480890418514,-34.3972633806716,0
                -59.4477628016189,-34.3972619085805,0
                -59.447766354421,-34.3967210500561,0
                -59.448092592555,-34.3967225221176,0
                -59.448090817215,-34.3969929514006,0
                -59.448417056422,-34.3969944226071,0
                -59.4484152821077,-34.3972648518928,0
                -59.4487415223876,-34.3972663222443,0
                -59.4487379757867,-34.3978071808093,0
                -59.4490642181889,-34.3978086503205,0
                -59.4490624459023,-34.3980790795997,0
                -59.4497149328762,-34.3980820160421,0
                -59.449716703064,-34.3978115867333,0
                -59.450042945537,-34.3978130536349,0
                -59.4500447146519,-34.3975426242993,0
                -59.4503709560991,-34.3975440903164,0
                -59.4503727241411,-34.397273660954,0
                -59.4506989645626,-34.3972751260864,0
                -59.4507007315317,-34.3970046966972,0
                -59.4510269709274,-34.3970061609451,0
                -59.4510305026965,-34.396465302101,0
                -59.4513567400171,-34.3964667654496,0
                -59.4513585048171,-34.3961963359947,0
                -59.451684741112,-34.3961977984588,0
                -59.4516882685429,-34.3956569394835,0
                -59.4520145027628,-34.3956584010483,0
                -59.4520250781961,-34.3940358237448,0
                -59.4516988502713,-34.3940343622683,0
                -59.4517006138104,-34.3937639326902,0
                -59.4510481601297,-34.3937610071574,0
                -59.4510499257436,-34.3934905775967,0
                -59.4487663459467,-34.393480310939,0
                -59.448764572989,-34.3937507403963,0
                -59.4481121197326,-34.3937477992085,0
                -59.4481103446529,-34.3940182286242,0
                -59.4477841170111,-34.3940167567109,0
                -59.4477805646825,-34.3945576154764,0
                -59.447454334966,-34.3945561426637,0
                -59.447452557717,-34.3948265720136,0
                -59.4477787884827,-34.394828044841,0
                -59.4477681307865,-34.3964506207758,0
                -59.4474418937255,-34.3964491478594,0
                -59.4474472258279,-34.3956378599907,0
                -59.4471209919383,-34.395636386249,0
                -59.4471227703076,-34.3953659569502,0
                -59.4467965374909,-34.3953644823535,0
                -59.4468018756042,-34.3945531944292,0
                -59.4461494163371,-34.3945502427157,0
                -59.4461511977591,-34.3942798134132,0
                -59.4458249692104,-34.3942783362668,0
                -59.4458267516578,-34.3940079069671,0
                -59.4451742967299,-34.3940049500947,0
                -59.4451760812518,-34.3937345208127,0
                -59.4441974021858,-34.3937300790259,0
                -59.4441991898313,-34.3934596497766,0
                -59.4438729645727,-34.3934581674565,0
                -59.4438747532435,-34.39318773821,0
                -59.4435485290578,-34.3931862550352,0
                -59.4435503187538,-34.3929158257916,0
                -59.4432240956411,-34.3929143417619,0
                -59.4432258863624,-34.3926439125213,0
                -59.4428996643226,-34.3926424276369,0
                -59.4429014560691,-34.3923719983991,0
              </coordinates>
            </LinearRing>
          </innerBoundaryIs>
          <innerBoundaryIs>
            <LinearRing>
              <coordinates>
                -59.4138414913233,-34.3960223511373,0
                -59.4131890244017,-34.3960192235494,0
                -59.4131833616401,-34.396830506529,0
                -59.413509598236,-34.3968320708051,0
                -59.4135114847991,-34.3965616431415,0
                -59.413837720371,-34.3965632065321,0
                -59.4138414913233,-34.3960223511373,0
              </coordinates>
            </LinearRing>
          </innerBoundaryIs>
          <innerBoundaryIs>
            <LinearRing>
              <coordinates>
                -59.446689730394,-34.4115902180533,0
                -59.4460371388759,-34.4115872644674,0
                -59.446033572968,-34.4121281215171,0
                -59.4463598708153,-34.4121295987749,0
                -59.4463563069125,-34.412670455806,0
                -59.4466826068838,-34.4126719322232,0
                -59.4466790449863,-34.4132127892359,0
                -59.4479842535095,-34.4132186863201,0
                -59.4479860302696,-34.4129482577605,0
                -59.4483123314095,-34.4129497298409,0
                -59.4483141070958,-34.4126793012544,0
                -59.447987807006,-34.4126778291888,0
                -59.4479913604078,-34.4121369720092,0
                -59.4476650624419,-34.412135499103,0
                -59.4476668401574,-34.4118650705099,0
                -59.4466879495521,-34.4118606466138,0
                -59.446689730394,-34.4115902180533,0
              </coordinates>
            </LinearRing>
          </innerBoundaryIs>
          <innerBoundaryIs>
            <LinearRing>
              <coordinates>
                -59.439125356215,-34.4204801664212,0
                -59.4387990263347,-34.4204786695498,0
                -59.4387972194969,-34.4207490973533,0
                -59.4391235504278,-34.4207505942398,0
                -59.439125356215,-34.4204801664212,0
              </coordinates>
            </LinearRing>
          </innerBoundaryIs>
          <innerBoundaryIs>
            <LinearRing>
              <coordinates>
                -59.4391217446165,-34.4210210220464,0
                -59.4387954126351,-34.4210195251448,0
                -59.4387917988392,-34.4215603806916,0
                -59.4391181329216,-34.4215618776233,0
                -59.4391217446165,-34.4210210220464,0
              </coordinates>
            </LinearRing>
          </innerBoundaryIs>
          <innerBoundaryIs>
            <LinearRing>
              <coordinates>
                -59.4560857867929,-34.4219089469067,0
                -59.4538014327221,-34.4218987669038,0
                -59.4537961567589,-34.4227100521489,0
                -59.4541224961364,-34.4227115090909,0
                -59.4541207384858,-34.4229819374965,0
                -59.4544470789373,-34.4229833935825,0
                -59.4544453223139,-34.4232538219907,0
                -59.4547716638395,-34.4232552772207,0
                -59.4547699082434,-34.4235257056314,0
                -59.4554225934661,-34.4235286135086,0
                -59.455420839948,-34.4237990419366,0
                -59.4560735273655,-34.4238019463603,0
                -59.4560752787823,-34.4235315179031,0
                -59.4567279641919,-34.4235344188148,0
                -59.4567349612205,-34.4224527047487,0
                -59.4564086227066,-34.4224512547865,0
                -59.4564103729561,-34.4221808262545,0
                -59.4560840355162,-34.4221793754363,0
                -59.4560857867929,-34.4219089469067,0
              </coordinates>
            </LinearRing>
          </innerBoundaryIs>
          <innerBoundaryIs>
            <LinearRing>
              <coordinates>
                -59.4436169390619,-34.4321294255489,0
                -59.4429641882839,-34.4321264540261,0
                -59.4429605998421,-34.4326673089741,0
                -59.4432869773214,-34.4326687952009,0
                -59.4432887705031,-34.432398367718,0
                -59.4436151469552,-34.4323998530588,0
                -59.4436169390619,-34.4321294255489,0
              </coordinates>
            </LinearRing>
          </innerBoundaryIs>
          <innerBoundaryIs>
            <LinearRing>
              <coordinates>
                -59.4468700044536,-34.4337667966778,0
                -59.4465436225075,-34.4337653199723,0
                -59.4465418397184,-34.434035747544,0
                -59.4468682227157,-34.4340372242643,0
                -59.4468700044536,-34.4337667966778,0
              </coordinates>
            </LinearRing>
          </innerBoundaryIs>
          <innerBoundaryIs>
            <LinearRing>
              <coordinates>
                -59.4706908346784,-34.4346835294686,0
                -59.470364447882,-34.4346821163048,0
                -59.4703627417637,-34.4349525449019,0
                -59.4706891296113,-34.4349539580799,0
                -59.4706908346784,-34.4346835294686,0
              </coordinates>
            </LinearRing>
          </innerBoundaryIs>
          <innerBoundaryIs>
            <LinearRing>
              <coordinates>
                -59.4690383755387,-34.437921596625,0
                -59.46871197624,-34.4379201789348,0
                -59.4687102645916,-34.438190607316,0
                -59.4690366649417,-34.4381920250205,0
                -59.4690383755387,-34.437921596625,0
              </coordinates>
            </LinearRing>
          </innerBoundaryIs>
          <innerBoundaryIs>
            <LinearRing>
              <coordinates>
                -59.4634550167681,-34.4433059381598,0
                -59.4624757570163,-34.4433016371816,0
                -59.4624722928186,-34.4438424929043,0
                -59.463125136837,-34.4438453611521,0
                -59.4631234068071,-34.4441157890242,0
                -59.4634498299026,-34.4441172218555,0
                -59.4634515588808,-34.443846793969,0
                -59.4637779809477,-34.4438482259145,0
                -59.4637762530212,-34.4441186538154,0
                -59.4644290993274,-34.4441215151213,0
                -59.4644325509504,-34.4435806592498,0
                -59.463453287836,-34.4435763660704,0
                -59.4634550167681,-34.4433059381598,0
              </coordinates>
            </LinearRing>
          </innerBoundaryIs>
        </Polygon>
      </Placemark>
    </Document>
  </Document>
</kml>
