<?xml version="1.0" encoding="utf-8" ?>
<kml xmlns="http://www.opengis.net/kml/2.2">
<Document id="root_doc">
<Folder><name>rog_P150_24h_sat_agua5cm</name>
  <Placemark id="rog_P150_24h_sat_agua5cm.1">
	<name>150 mm en 24 h · suelo saturado (Ks 2 mm/h) · h&gt;5 cm</name>
	<Style><LineStyle><color>ff0000ff</color></LineStyle><PolyStyle><fill>0</fill></PolyStyle></Style>
      <Polygon><outerBoundaryIs><LinearRing><coordinates>-59.4253576266083,-34.3817438063044 -59.4253557791734,-34.3820142351924 -59.4250295993702,-34.3820127030777 -59.4250314478536,-34.3817422742052 -59.4253576266083,-34.3817438063044</coordinates></LinearRing></outerBoundaryIs></Polygon>
  </Placemark>
  <Placemark id="rog_P150_24h_sat_agua5cm.2">
	<name>150 mm en 24 h · suelo saturado (Ks 2 mm/h) · h&gt;5 cm</name>
	<Style><LineStyle><color>ff0000ff</color></LineStyle><PolyStyle><fill>0</fill></PolyStyle></Style>
      <Polygon><outerBoundaryIs><LinearRing><coordinates>-59.4240529117374,-34.3817376726917 -59.4240510601085,-34.3820081015179 -59.4237248804039,-34.382006565926 -59.4237267330814,-34.3817361371152 -59.4240529117374,-34.3817376726917</coordinates></LinearRing></outerBoundaryIs></Polygon>
  </Placemark>
  <Placemark id="rog_P150_24h_sat_agua5cm.3">
	<name>150 mm en 24 h · suelo saturado (Ks 2 mm/h) · h&gt;5 cm</name>
	<Style><LineStyle><color>ff0000ff</color></LineStyle><PolyStyle><fill>0</fill></PolyStyle></Style>
      <Polygon><outerBoundaryIs><LinearRing><coordinates>-59.4390210838473,-34.3872159577442 -59.4390192799689,-34.387486387031 -59.4386930781704,-34.387484891127 -59.4386948830976,-34.3872144618552 -59.4390210838473,-34.3872159577442</coordinates></LinearRing></outerBoundaryIs></Polygon>
  </Placemark>
  <Placemark id="rog_P150_24h_sat_agua5cm.4">
	<name>150 mm en 24 h · suelo saturado (Ks 2 mm/h) · h&gt;5 cm</name>
	<Style><LineStyle><color>ff0000ff</color></LineStyle><PolyStyle><fill>0</fill></PolyStyle></Style>
      <Polygon><outerBoundaryIs><LinearRing><coordinates>-59.4393454817915,-34.3874878820655 -59.4393436789379,-34.3877583113553 -59.4390174760666,-34.3877568163057 -59.4390192799689,-34.387486387031 -59.4393454817915,-34.3874878820655</coordinates></LinearRing></outerBoundaryIs></Polygon>
  </Placemark>
  <Placemark id="rog_P150_24h_sat_agua5cm.5">
	<name>150 mm en 24 h · suelo saturado (Ks 2 mm/h) · h&gt;5 cm</name>
	<Style><LineStyle><color>ff0000ff</color></LineStyle><PolyStyle><fill>0</fill></PolyStyle></Style>
      <Polygon><outerBoundaryIs><LinearRing><coordinates>-59.4301861865902,-34.3912316954396 -59.4301843540282,-34.3915021241358 -59.4298581371507,-34.3915006045257 -59.4298599707617,-34.3912301758448 -59.4301861865902,-34.3912316954396</coordinates></LinearRing></outerBoundaryIs></Polygon>
  </Placemark>
  <Placemark id="rog_P150_24h_sat_agua5cm.6">
	<name>150 mm en 24 h · suelo saturado (Ks 2 mm/h) · h&gt;5 cm</name>
	<Style><LineStyle><color>ff0000ff</color></LineStyle><PolyStyle><fill>0</fill></PolyStyle></Style>
      <Polygon><outerBoundaryIs><LinearRing><coordinates>-59.4305105709302,-34.3915036428763 -59.4305087393928,-34.3917740715757 -59.4301825214418,-34.3917725528199 -59.4301843540282,-34.3915021241358 -59.4305105709302,-34.3915036428763</coordinates></LinearRing></outerBoundaryIs></Polygon>
  </Placemark>
  <Placemark id="rog_P150_24h_sat_agua5cm.7">
	<name>150 mm en 24 h · suelo saturado (Ks 2 mm/h) · h&gt;5 cm</name>
	<Style><LineStyle><color>ff0000ff</color></LineStyle><PolyStyle><fill>0</fill></PolyStyle></Style>
      <Polygon><outerBoundaryIs><LinearRing><coordinates>-59.4285404045505,-34.3933875173888 -59.4285385665476,-34.3936579459119 -59.4282123413999,-34.3936564218309 -59.4282141804519,-34.3933859933231 -59.4285404045505,-34.3933875173888</coordinates></LinearRing></outerBoundaryIs></Polygon>
  </Placemark>
  <Placemark id="rog_P150_24h_sat_agua5cm.8">
	<name>150 mm en 24 h · suelo saturado (Ks 2 mm/h) · h&gt;5 cm</name>
	<Style><LineStyle><color>ff0000ff</color></LineStyle><PolyStyle><fill>0</fill></PolyStyle></Style>
      <Polygon><outerBoundaryIs><LinearRing><coordinates>-59.4428853294914,-34.3948058611052 -59.44288353753,-34.3950762902345 -59.4425573060719,-34.3950748043459 -59.4425590990825,-34.3948043752315 -59.4428853294914,-34.3948058611052</coordinates></LinearRing></outerBoundaryIs></Polygon>
  </Placemark>
  <Placemark id="rog_P150_24h_sat_agua5cm.9">
	<name>150 mm en 24 h · suelo saturado (Ks 2 mm/h) · h&gt;5 cm</name>
	<Style><LineStyle><color>ff0000ff</color></LineStyle><PolyStyle><fill>0</fill></PolyStyle></Style>
      <Polygon><outerBoundaryIs><LinearRing><coordinates>-59.4207017168224,-34.3947028404195 -59.4206979901866,-34.3952436965918 -59.4203717593361,-34.3952421515447 -59.4203754880703,-34.3947012954034 -59.4207017168224,-34.3947028404195</coordinates></LinearRing></outerBoundaryIs></Polygon>
  </Placemark>
  <Placemark id="rog_P150_24h_sat_agua5cm.10">
	<name>150 mm en 24 h · suelo saturado (Ks 2 mm/h) · h&gt;5 cm</name>
	<Style><LineStyle><color>ff0000ff</color></LineStyle><PolyStyle><fill>0</fill></PolyStyle></Style>
      <Polygon><outerBoundaryIs><LinearRing><coordinates>-59.4399456538407,-34.3953333149076 -59.4399438523886,-34.3956037438779 -59.4396176190477,-34.3956022501313 -59.4396194215489,-34.3953318211761 -59.4399456538407,-34.3953333149076</coordinates></LinearRing></outerBoundaryIs></Polygon>
  </Placemark>
  <Placemark id="rog_P150_24h_sat_agua5cm.11">
	<name>150 mm en 24 h · suelo saturado (Ks 2 mm/h) · h&gt;5 cm</name>
	<Style><LineStyle><color>ff0000ff</color></LineStyle><PolyStyle><fill>0</fill></PolyStyle></Style>
      <Polygon><outerBoundaryIs><LinearRing><coordinates>-59.4203717593361,-34.3952421515447 -59.4203698949318,-34.3955125795972 -59.4200436630569,-34.3955110336648 -59.4200455285105,-34.3952406056278 -59.4203717593361,-34.3952421515447</coordinates></LinearRing></outerBoundaryIs></Polygon>
  </Placemark>
  <Placemark id="rog_P150_24h_sat_agua5cm.12">
	<name>150 mm en 24 h · suelo saturado (Ks 2 mm/h) · h&gt;5 cm</name>
	<Style><LineStyle><color>ff0000ff</color></LineStyle><PolyStyle><fill>0</fill></PolyStyle></Style>
      <Polygon><outerBoundaryIs><LinearRing><coordinates>-59.4034077896787,-34.3951606105826 -59.4034058707166,-34.3954310378143 -59.4030796401532,-34.3954294466547 -59.4030815601644,-34.395159019439 -59.4034077896787,-34.3951606105826</coordinates></LinearRing></outerBoundaryIs></Polygon>
  </Placemark>
  <Placemark id="rog_P150_24h_sat_agua5cm.13">
	<name>150 mm en 24 h · suelo saturado (Ks 2 mm/h) · h&gt;5 cm</name>
	<Style><LineStyle><color>ff0000ff</color></LineStyle><PolyStyle><fill>0</fill></PolyStyle></Style>
      <Polygon><outerBoundaryIs><LinearRing><coordinates>-59.4396176190477,-34.3956022501313 -59.4396158165223,-34.3958726790745 -59.4392895821562,-34.3958711844431 -59.4392913857308,-34.395600755515 -59.4396176190477,-34.3956022501313</coordinates></LinearRing></outerBoundaryIs></Polygon>
  </Placemark>
  <Placemark id="rog_P150_24h_sat_agua5cm.14">
	<name>150 mm en 24 h · suelo saturado (Ks 2 mm/h) · h&gt;5 cm</name>
	<Style><LineStyle><color>ff0000ff</color></LineStyle><PolyStyle><fill>0</fill></PolyStyle></Style>
      <Polygon><outerBoundaryIs><LinearRing><coordinates>-59.4262420729138,-34.3955402576524 -59.4262402273704,-34.3958106859715 -59.4259139940013,-34.3958091556794 -59.4259158405939,-34.3955387273757 -59.4262420729138,-34.3955402576524</coordinates></LinearRing></outerBoundaryIs></Polygon>
  </Placemark>
  <Placemark id="rog_P150_24h_sat_agua5cm.15">
	<name>150 mm en 24 h · suelo saturado (Ks 2 mm/h) · h&gt;5 cm</name>
	<Style><LineStyle><color>ff0000ff</color></LineStyle><PolyStyle><fill>0</fill></PolyStyle></Style>
      <Polygon><outerBoundaryIs><LinearRing><coordinates>-59.4206961268314,-34.3955141246599 -59.4206924000466,-34.3960549807599 -59.4203661660485,-34.3960534356661 -59.4203698949318,-34.3955125795972 -59.4206961268314,-34.3955141246599</coordinates></LinearRing></outerBoundaryIs></Polygon>
  </Placemark>
  <Placemark id="rog_P150_24h_sat_agua5cm.16">
	<name>150 mm en 24 h · suelo saturado (Ks 2 mm/h) · h&gt;5 cm</name>
	<Style><LineStyle><color>ff0000ff</color></LineStyle><PolyStyle><fill>0</fill></PolyStyle></Style>
      <Polygon><outerBoundaryIs><LinearRing><coordinates>-59.4392895821562,-34.3958711844431 -59.4392877785576,-34.3961416133591 -59.439614013973,-34.3961431080055 -59.4396122113996,-34.3964135369246 -59.4386335020779,-34.3964090503309 -59.438635307799,-34.396138621457 -59.4389615431663,-34.396140117843 -59.4389633478141,-34.395869688942 -59.4392895821562,-34.3958711844431</coordinates></LinearRing></outerBoundaryIs></Polygon>
  </Placemark>
  <Placemark id="rog_P150_24h_sat_agua5cm.17">
	<name>150 mm en 24 h · suelo saturado (Ks 2 mm/h) · h&gt;5 cm</name>
	<Style><LineStyle><color>ff0000ff</color></LineStyle><PolyStyle><fill>0</fill></PolyStyle></Style>
      <Polygon><outerBoundaryIs><LinearRing><coordinates>-59.4409189558746,-34.3961490778933 -59.4409171574982,-34.3964195068724 -59.4402646844009,-34.3964165236381 -59.4402628839021,-34.3966869525751 -59.4399366463402,-34.3966854596382 -59.439934844768,-34.3969558885482 -59.4396086061808,-34.3969543947265 -59.4396122113996,-34.3964135369246 -59.4399384478883,-34.3964150307162 -59.4399402494124,-34.3961446017822 -59.4409189558746,-34.3961490778933</coordinates></LinearRing></outerBoundaryIs></Polygon>
  </Placemark>
  <Placemark id="rog_P150_24h_sat_agua5cm.18">
	<name>150 mm en 24 h · suelo saturado (Ks 2 mm/h) · h&gt;5 cm</name>
	<Style><LineStyle><color>ff0000ff</color></LineStyle><PolyStyle><fill>0</fill></PolyStyle></Style>
      <Polygon><outerBoundaryIs><LinearRing><coordinates>-59.4193837289252,-34.3965896510932 -59.4193818612488,-34.3968600790387 -59.4190556242024,-34.3968585304191 -59.4190574929281,-34.3965881024891 -59.4193837289252,-34.3965896510932</coordinates></LinearRing></outerBoundaryIs></Polygon>
  </Placemark>
  <Placemark id="rog_P150_24h_sat_agua5cm.19">
	<name>150 mm en 24 h · suelo saturado (Ks 2 mm/h) · h&gt;5 cm</name>
	<Style><LineStyle><color>ff0000ff</color></LineStyle><PolyStyle><fill>0</fill></PolyStyle></Style>
      <Polygon><outerBoundaryIs><LinearRing><coordinates>-59.4396086061808,-34.3969543947265 -59.4396068035354,-34.3972248236093 -59.4392805639229,-34.3972233289027 -59.4392823676177,-34.3969529000349 -59.4396086061808,-34.3969543947265</coordinates></LinearRing></outerBoundaryIs></Polygon>
  </Placemark>
  <Placemark id="rog_P150_24h_sat_agua5cm.20">
	<name>150 mm en 24 h · suelo saturado (Ks 2 mm/h) · h&gt;5 cm</name>
	<Style><LineStyle><color>ff0000ff</color></LineStyle><PolyStyle><fill>0</fill></PolyStyle></Style>
      <Polygon><outerBoundaryIs><LinearRing><coordinates>-59.4262346905927,-34.3966219708564 -59.4262328449509,-34.3968923991273 -59.4265590825416,-34.3968939286113 -59.4265572379246,-34.3971643568854 -59.4259047606691,-34.3971612970169 -59.4259084540758,-34.3966204405181 -59.4262346905927,-34.3966219708564</coordinates></LinearRing></outerBoundaryIs></Polygon>
  </Placemark>
  <Placemark id="rog_P150_24h_sat_agua5cm.21">
	<name>150 mm en 24 h · suelo saturado (Ks 2 mm/h) · h&gt;5 cm</name>
	<Style><LineStyle><color>ff0000ff</color></LineStyle><PolyStyle><fill>0</fill></PolyStyle></Style>
      <Polygon><outerBoundaryIs><LinearRing><coordinates>-59.4363407821448,-34.3977506948293 -59.4363353424396,-34.3985619808806 -59.4353566086577,-34.3985574678295 -59.435358425065,-34.3982870392032 -59.4356846685854,-34.3982885444083 -59.4356864839192,-34.3980181157548 -59.4360127264145,-34.3980196200749 -59.4360145406747,-34.3977491913942 -59.4363407821448,-34.3977506948293</coordinates></LinearRing></outerBoundaryIs></Polygon>
  </Placemark>
  <Placemark id="rog_P150_24h_sat_agua5cm.22">
	<name>150 mm en 24 h · suelo saturado (Ks 2 mm/h) · h&gt;5 cm</name>
	<Style><LineStyle><color>ff0000ff</color></LineStyle><PolyStyle><fill>0</fill></PolyStyle></Style>
      <Polygon><outerBoundaryIs><LinearRing><coordinates>-59.4448212828801,-34.3980599079133 -59.4448194969283,-34.3983303369875 -59.4451457411446,-34.3983318169666 -59.4451439562184,-34.3986022460436 -59.4444914657107,-34.3985992851857 -59.4444950397369,-34.3980584270792 -59.4448212828801,-34.3980599079133</coordinates></LinearRing></outerBoundaryIs></Polygon>
  </Placemark>
  <Placemark id="rog_P150_24h_sat_agua5cm.23">
	<name>150 mm en 24 h · suelo saturado (Ks 2 mm/h) · h&gt;5 cm</name>
	<Style><LineStyle><color>ff0000ff</color></LineStyle><PolyStyle><fill>0</fill></PolyStyle></Style>
      <Polygon><outerBoundaryIs><LinearRing><coordinates>-59.4379683739049,-34.3982990564877 -59.4379665658925,-34.398569485235 -59.4376403211537,-34.3985679861038 -59.4376421302155,-34.3982975573717 -59.4379683739049,-34.3982990564877</coordinates></LinearRing></outerBoundaryIs></Polygon>
  </Placemark>
  <Placemark id="rog_P150_24h_sat_agua5cm.24">
	<name>150 mm en 24 h · suelo saturado (Ks 2 mm/h) · h&gt;5 cm</name>
	<Style><LineStyle><color>ff0000ff</color></LineStyle><PolyStyle><fill>0</fill></PolyStyle></Style>
      <Polygon><outerBoundaryIs><LinearRing><coordinates>-59.4092533219158,-34.398975086603 -59.4092514214844,-34.3992455139525 -59.4089251757727,-34.3992439382264 -59.4089270772534,-34.3989735108927 -59.4092533219158,-34.398975086603</coordinates></LinearRing></outerBoundaryIs></Polygon>
  </Placemark>
  <Placemark id="rog_P150_24h_sat_agua5cm.25">
	<name>150 mm en 24 h · suelo saturado (Ks 2 mm/h) · h&gt;5 cm</name>
	<Style><LineStyle><color>ff0000ff</color></LineStyle><PolyStyle><fill>0</fill></PolyStyle></Style>
      <Polygon><outerBoundaryIs><LinearRing><coordinates>-59.4373086459608,-34.3993777721816 -59.4373068357532,-34.3996482008505 -59.436980586865,-34.3996466999192 -59.4369823981221,-34.3993762712654 -59.4373086459608,-34.3993777721816</coordinates></LinearRing></outerBoundaryIs></Polygon>
  </Placemark>
  <Placemark id="rog_P150_24h_sat_agua5cm.26">
	<name>150 mm en 24 h · suelo saturado (Ks 2 mm/h) · h&gt;5 cm</name>
	<Style><LineStyle><color>ff0000ff</color></LineStyle><PolyStyle><fill>0</fill></PolyStyle></Style>
      <Polygon><outerBoundaryIs><LinearRing><coordinates>-59.4412380019579,-34.3972322840949 -59.4412344070881,-34.3977731419746 -59.4415606489432,-34.3977746314922 -59.4415588525217,-34.398045060429 -59.44188509545,-34.3980465490918 -59.441883300054,-34.3983169780315 -59.4415570560763,-34.3983154893537 -59.4415552596069,-34.3985859182664 -59.4412290146038,-34.3985844287038 -59.4412254194945,-34.399125286463 -59.4408991724166,-34.3991237960005 -59.4408973737766,-34.399394224847 -59.4402448775938,-34.3993912412823 -59.440243076831,-34.3996616700867 -59.4392643295886,-34.3996571881704 -59.4392625256534,-34.3999276169177 -59.4379575254691,-34.3999216287904 -59.437959333602,-34.3996512001034 -59.4376330846655,-34.3996497009119 -59.4376367029578,-34.399108843532 -59.4373104561443,-34.3991073435008 -59.4373122663037,-34.3988369148078 -59.4366597748479,-34.398833912166 -59.4366633992918,-34.3982930548043 -59.4369896429089,-34.39829455653 -59.4369878317484,-34.3985649852319 -59.4376403211537,-34.3985679861038 -59.4376385120678,-34.398838414824 -59.4382910036683,-34.3988414122466 -59.4382928106555,-34.3985709834963 -59.4386190554425,-34.3985724808877 -59.4386208613561,-34.3983020521103 -59.4392733489036,-34.3983050442534 -59.4392751526945,-34.3980346154338 -59.4396013954549,-34.3980361101855 -59.4396031981725,-34.3977656813389 -59.4399294399076,-34.3977671752057 -59.4399312415518,-34.3974967463319 -59.4405837229954,-34.397499731426 -59.4405855225169,-34.3972293025101 -59.4412380019579,-34.3972322840949</coordinates></LinearRing></outerBoundaryIs></Polygon>
  </Placemark>
  <Placemark id="rog_P150_24h_sat_agua5cm.27">
	<name>150 mm en 24 h · suelo saturado (Ks 2 mm/h) · h&gt;5 cm</name>
	<Style><LineStyle><color>ff0000ff</color></LineStyle><PolyStyle><fill>0</fill></PolyStyle></Style>
      <Polygon><outerBoundaryIs><LinearRing><coordinates>-59.4405693259598,-34.399663162319 -59.4405675262224,-34.3999335911264 -59.4402412760442,-34.3999320988791 -59.440243076831,-34.3996616700867 -59.4405693259598,-34.399663162319</coordinates></LinearRing></outerBoundaryIs></Polygon>
  </Placemark>
  <Placemark id="rog_P150_24h_sat_agua5cm.28">
	<name>150 mm en 24 h · suelo saturado (Ks 2 mm/h) · h&gt;5 cm</name>
	<Style><LineStyle><color>ff0000ff</color></LineStyle><PolyStyle><fill>0</fill></PolyStyle></Style>
      <Polygon><outerBoundaryIs><LinearRing><coordinates>-59.4376330846655,-34.3996497009119 -59.4376312754832,-34.3999201295837 -59.4373050255215,-34.3999186295072 -59.4373068357532,-34.3996482008505 -59.4376330846655,-34.3996497009119</coordinates></LinearRing></outerBoundaryIs></Polygon>
  </Placemark>
  <Placemark id="rog_P150_24h_sat_agua5cm.29">
	<name>150 mm en 24 h · suelo saturado (Ks 2 mm/h) · h&gt;5 cm</name>
	<Style><LineStyle><color>ff0000ff</color></LineStyle><PolyStyle><fill>0</fill></PolyStyle></Style>
      <Polygon><outerBoundaryIs><LinearRing><coordinates>-59.4402412760442,-34.3999320988791 -59.4402394752333,-34.4002025276594 -59.4399132240296,-34.4002010345271 -59.4399150258899,-34.3999306057619 -59.4402412760442,-34.3999320988791</coordinates></LinearRing></outerBoundaryIs></Polygon>
  </Placemark>
  <Placemark id="rog_P150_24h_sat_agua5cm.30">
	<name>150 mm en 24 h · suelo saturado (Ks 2 mm/h) · h&gt;5 cm</name>
	<Style><LineStyle><color>ff0000ff</color></LineStyle><PolyStyle><fill>0</fill></PolyStyle></Style>
      <Polygon><outerBoundaryIs><LinearRing><coordinates>-59.4379575254691,-34.3999216287904 -59.4379557173121,-34.4001920574653 -59.4376294662768,-34.4001905582436 -59.4376312754832,-34.3999201295837 -59.4379575254691,-34.3999216287904</coordinates></LinearRing></outerBoundaryIs></Polygon>
  </Placemark>
  <Placemark id="rog_P150_24h_sat_agua5cm.31">
	<name>150 mm en 24 h · suelo saturado (Ks 2 mm/h) · h&gt;5 cm</name>
	<Style><LineStyle><color>ff0000ff</color></LineStyle><PolyStyle><fill>0</fill></PolyStyle></Style>
      <Polygon><outerBoundaryIs><LinearRing><coordinates>-59.394894687697,-34.3994457857344 -59.3948888476522,-34.4002570655559 -59.3945625988711,-34.4002554514905 -59.3945684420641,-34.3994441717177 -59.394894687697,-34.3994457857344</coordinates></LinearRing></outerBoundaryIs></Polygon>
  </Placemark>
  <Placemark id="rog_P150_24h_sat_agua5cm.32">
	<name>150 mm en 24 h · suelo saturado (Ks 2 mm/h) · h&gt;5 cm</name>
	<Style><LineStyle><color>ff0000ff</color></LineStyle><PolyStyle><fill>0</fill></PolyStyle></Style>
      <Polygon><outerBoundaryIs><LinearRing><coordinates>-59.4327265785427,-34.401520107509 -59.4327247534486,-34.401790535869 -59.4323984965038,-34.4017890226372 -59.4324003226474,-34.4015185942925 -59.4327265785427,-34.401520107509</coordinates></LinearRing></outerBoundaryIs></Polygon>
  </Placemark>
  <Placemark id="rog_P150_24h_sat_agua5cm.33">
	<name>150 mm en 24 h · suelo saturado (Ks 2 mm/h) · h&gt;5 cm</name>
	<Style><LineStyle><color>ff0000ff</color></LineStyle><PolyStyle><fill>0</fill></PolyStyle></Style>
      <Polygon><outerBoundaryIs><LinearRing><coordinates>-59.4026842343856,-34.4051632257748 -59.4026823123777,-34.4054336525279 -59.402356043036,-34.4054320590354 -59.4023579660936,-34.4051616322983 -59.4026842343856,-34.4051632257748</coordinates></LinearRing></outerBoundaryIs></Polygon>
  </Placemark>
  <Placemark id="rog_P150_24h_sat_agua5cm.34">
	<name>150 mm en 24 h · suelo saturado (Ks 2 mm/h) · h&gt;5 cm</name>
	<Style><LineStyle><color>ff0000ff</color></LineStyle><PolyStyle><fill>0</fill></PolyStyle></Style>
      <Polygon><outerBoundaryIs><LinearRing><coordinates>-59.4000837404097,-34.4037983202979 -59.4000798798302,-34.4043391736555 -59.4004061447935,-34.4043407731741 -59.4004042155149,-34.404611199851 -59.4007304815535,-34.4046127985156 -59.4007266250184,-34.4051536518652 -59.4010528931821,-34.405155249692 -59.4010490386436,-34.4056961030255 -59.4013753089324,-34.4056977000144 -59.4013733826743,-34.4059681266791 -59.4016996540385,-34.4059697228139 -59.4016958035448,-34.4065105761393 -59.4007169832308,-34.4065057850281 -59.4007189116397,-34.4062353584197 -59.4003926393029,-34.4062337596585 -59.4003945687358,-34.4059633330541 -59.4000682974744,-34.405961733439 -59.4000702279314,-34.4056913068386 -59.3997439577454,-34.4056897063694 -59.3997574775714,-34.4037967199415 -59.4000837404097,-34.4037983202979</coordinates></LinearRing></outerBoundaryIs></Polygon>
  </Placemark>
  <Placemark id="rog_P150_24h_sat_agua5cm.35">
	<name>150 mm en 24 h · suelo saturado (Ks 2 mm/h) · h&gt;5 cm</name>
	<Style><LineStyle><color>ff0000ff</color></LineStyle><PolyStyle><fill>0</fill></PolyStyle></Style>
      <Polygon><outerBoundaryIs><LinearRing><coordinates>-59.4173569597172,-34.4065861689047 -59.4173550848209,-34.4068565963101 -59.4170288090916,-34.4068550418928 -59.4170306850377,-34.4065846145031 -59.4173569597172,-34.4065861689047</coordinates></LinearRing></outerBoundaryIs></Polygon>
  </Placemark>
  <Placemark id="rog_P150_24h_sat_agua5cm.36">
	<name>150 mm en 24 h · suelo saturado (Ks 2 mm/h) · h&gt;5 cm</name>
	<Style><LineStyle><color>ff0000ff</color></LineStyle><PolyStyle><fill>0</fill></PolyStyle></Style>
      <Polygon><outerBoundaryIs><LinearRing><coordinates>-59.4176813605752,-34.4068581498573 -59.4176794867037,-34.4071285772663 -59.4173532098996,-34.4071270237035 -59.4173550848209,-34.4068565963101 -59.4176813605752,-34.4068581498573</coordinates></LinearRing></outerBoundaryIs></Polygon>
  </Placemark>
  <Placemark id="rog_P150_24h_sat_agua5cm.37">
	<name>150 mm en 24 h · suelo saturado (Ks 2 mm/h) · h&gt;5 cm</name>
	<Style><LineStyle><color>ff0000ff</color></LineStyle><PolyStyle><fill>0</fill></PolyStyle></Style>
      <Polygon><outerBoundaryIs><LinearRing><coordinates>-59.4033233311492,-34.4070593973599 -59.4033214110615,-34.4073298240606 -59.4023425809148,-34.4073250458567 -59.4023445041519,-34.4070546192042 -59.4033233311492,-34.4070593973599</coordinates></LinearRing></outerBoundaryIs></Polygon>
  </Placemark>
  <Placemark id="rog_P150_24h_sat_agua5cm.38">
	<name>150 mm en 24 h · suelo saturado (Ks 2 mm/h) · h&gt;5 cm</name>
	<Style><LineStyle><color>ff0000ff</color></LineStyle><PolyStyle><fill>0</fill></PolyStyle></Style>
      <Polygon><outerBoundaryIs><LinearRing><coordinates>-59.4101732285154,-34.4073630522137 -59.4101713304482,-34.4076334792367 -59.4098450521227,-34.4076319056292 -59.4098469512398,-34.407361478622 -59.4101732285154,-34.4073630522137</coordinates></LinearRing></outerBoundaryIs></Polygon>
  </Placemark>
  <Placemark id="rog_P150_24h_sat_agua5cm.39">
	<name>150 mm en 24 h · suelo saturado (Ks 2 mm/h) · h&gt;5 cm</name>
	<Style><LineStyle><color>ff0000ff</color></LineStyle><PolyStyle><fill>0</fill></PolyStyle></Style>
      <Polygon><outerBoundaryIs><LinearRing><coordinates>-59.4085380357327,-34.4078960294295 -59.4085361323656,-34.4081664563491 -59.4095149734129,-34.408171185098 -59.4095130731701,-34.4084416120532 -59.4085342289732,-34.4084368832566 -59.4085304221123,-34.4089777370355 -59.4082041386643,-34.4089761589978 -59.4082098520673,-34.4081648783591 -59.4078835717942,-34.408163299499 -59.407885477261,-34.4078928726111 -59.4085380357327,-34.4078960294295</coordinates></LinearRing></outerBoundaryIs></Polygon>
  </Placemark>
  <Placemark id="rog_P150_24h_sat_agua5cm.40">
	<name>150 mm en 24 h · suelo saturado (Ks 2 mm/h) · h&gt;5 cm</name>
	<Style><LineStyle><color>ff0000ff</color></LineStyle><PolyStyle><fill>0</fill></PolyStyle></Style>
      <Polygon><outerBoundaryIs><LinearRing><coordinates>-59.4075534784373,-34.4087025734763 -59.4075496652263,-34.4092434271357 -59.4068970964083,-34.4092402649373 -59.4068990051263,-34.4089698381455 -59.4072252884727,-34.4089714196638 -59.4072271961154,-34.408700992844 -59.4075534784373,-34.4087025734763</coordinates></LinearRing></outerBoundaryIs></Polygon>
  </Placemark>
  <Placemark id="rog_P150_24h_sat_agua5cm.41">
	<name>150 mm en 24 h · suelo saturado (Ks 2 mm/h) · h&gt;5 cm</name>
	<Style><LineStyle><color>ff0000ff</color></LineStyle><PolyStyle><fill>0</fill></PolyStyle></Style>
      <Polygon><outerBoundaryIs><LinearRing><coordinates>-59.4153748545257,-34.4100923835505 -59.4153729730048,-34.4103628107051 -59.4150466837774,-34.410361250863 -59.4150485663482,-34.4100908237241 -59.4153748545257,-34.4100923835505</coordinates></LinearRing></outerBoundaryIs></Polygon>
  </Placemark>
  <Placemark id="rog_P150_24h_sat_agua5cm.42">
	<name>150 mm en 24 h · suelo saturado (Ks 2 mm/h) · h&gt;5 cm</name>
	<Style><LineStyle><color>ff0000ff</color></LineStyle><PolyStyle><fill>0</fill></PolyStyle></Style>
      <Polygon><outerBoundaryIs><LinearRing><coordinates>-59.4147222781958,-34.4100892630275 -59.414720394575,-34.4103596901506 -59.4143941053978,-34.410358128568 -59.4143959900686,-34.4100877014606 -59.4147222781958,-34.4100892630275</coordinates></LinearRing></outerBoundaryIs></Polygon>
  </Placemark>
  <Placemark id="rog_P150_24h_sat_agua5cm.43">
	<name>150 mm en 24 h · suelo saturado (Ks 2 mm/h) · h&gt;5 cm</name>
	<Style><LineStyle><color>ff0000ff</color></LineStyle><PolyStyle><fill>0</fill></PolyStyle></Style>
      <Polygon><outerBoundaryIs><LinearRing><coordinates>-59.4137415271187,-34.4103550027922 -59.4137339797845,-34.4114367109754 -59.413081393206,-34.4114335815926 -59.4130851711234,-34.4108927275881 -59.4134114623001,-34.4108942926832 -59.4134152380169,-34.4103534385989 -59.4137415271187,-34.4103550027922</coordinates></LinearRing></outerBoundaryIs></Polygon>
  </Placemark>
  <Placemark id="rog_P150_24h_sat_agua5cm.44">
	<name>150 mm en 24 h · suelo saturado (Ks 2 mm/h) · h&gt;5 cm</name>
	<Style><LineStyle><color>ff0000ff</color></LineStyle><PolyStyle><fill>0</fill></PolyStyle></Style>
      <Polygon><outerBoundaryIs><LinearRing><coordinates>-59.412417459771,-34.4130530102634 -59.4124155685233,-34.4133234371436 -59.4120892679717,-34.4133218692958 -59.4120911602696,-34.4130514424314 -59.412417459771,-34.4130530102634</coordinates></LinearRing></outerBoundaryIs></Polygon>
  </Placemark>
  <Placemark id="rog_P150_24h_sat_agua5cm.45">
	<name>150 mm en 24 h · suelo saturado (Ks 2 mm/h) · h&gt;5 cm</name>
	<Style><LineStyle><color>ff0000ff</color></LineStyle><PolyStyle><fill>0</fill></PolyStyle></Style>
      <Polygon><outerBoundaryIs><LinearRing><coordinates>-59.4127418691001,-34.4133250041211 -59.4127399788773,-34.413595431005 -59.4124136772504,-34.4135938640117 -59.4124155685233,-34.4133234371436 -59.4127418691001,-34.4133250041211</coordinates></LinearRing></outerBoundaryIs></Polygon>
  </Placemark>
  <Placemark id="rog_P150_24h_sat_agua5cm.46">
	<name>150 mm en 24 h · suelo saturado (Ks 2 mm/h) · h&gt;5 cm</name>
	<Style><LineStyle><color>ff0000ff</color></LineStyle><PolyStyle><fill>0</fill></PolyStyle></Style>
      <Polygon><outerBoundaryIs><LinearRing><coordinates>-59.4137132225408,-34.4144114074837 -59.4137113353678,-34.4146818343666 -59.4133850294647,-34.4146802699214 -59.4133869176879,-34.4144098430543 -59.4137132225408,-34.4144114074837</coordinates></LinearRing></outerBoundaryIs></Polygon>
  </Placemark>
  <Placemark id="rog_P150_24h_sat_agua5cm.47">
	<name>150 mm en 24 h · suelo saturado (Ks 2 mm/h) · h&gt;5 cm</name>
	<Style><LineStyle><color>ff0000ff</color></LineStyle><PolyStyle><fill>0</fill></PolyStyle></Style>
      <Polygon><outerBoundaryIs><LinearRing><coordinates>-59.4280669788138,-34.4150202358339 -59.4280651377999,-34.4152906633768 -59.4277388287031,-34.4152891371976 -59.4277406707671,-34.4150187096701 -59.4280669788138,-34.4150202358339</coordinates></LinearRing></outerBoundaryIs></Polygon>
  </Placemark>
  <Placemark id="rog_P150_24h_sat_agua5cm.48">
	<name>150 mm en 24 h · suelo saturado (Ks 2 mm/h) · h&gt;5 cm</name>
	<Style><LineStyle><color>ff0000ff</color></LineStyle><PolyStyle><fill>0</fill></PolyStyle></Style>
      <Polygon><outerBoundaryIs><LinearRing><coordinates>-59.4293593530412,-34.4169193247611 -59.4293575160569,-34.4171897522808 -59.42903119951,-34.417188229476 -59.4290330375446,-34.4169178019716 -59.4293593530412,-34.4169193247611</coordinates></LinearRing></outerBoundaryIs></Polygon>
  </Placemark>
  <Placemark id="rog_P150_24h_sat_agua5cm.49">
	<name>150 mm en 24 h · suelo saturado (Ks 2 mm/h) · h&gt;5 cm</name>
	<Style><LineStyle><color>ff0000ff</color></LineStyle><PolyStyle><fill>0</fill></PolyStyle></Style>
      <Polygon><outerBoundaryIs><LinearRing><coordinates>-59.4136735866248,-34.42009036949 -59.4136716989235,-34.4203607961194 -59.4133453709634,-34.4203592313436 -59.4133472597152,-34.4200888047299 -59.4136735866248,-34.42009036949</coordinates></LinearRing></outerBoundaryIs></Polygon>
  </Placemark>
  <Placemark id="rog_P150_24h_sat_agua5cm.50">
	<name>150 mm en 24 h · suelo saturado (Ks 2 mm/h) · h&gt;5 cm</name>
	<Style><LineStyle><color>ff0000ff</color></LineStyle><PolyStyle><fill>0</fill></PolyStyle></Style>
      <Polygon><outerBoundaryIs><LinearRing><coordinates>-59.4051871801774,-34.4203198290162 -59.4051852651384,-34.4205902552213 -59.4048589367868,-34.4205886677951 -59.4048608528763,-34.4203182416059 -59.4051871801774,-34.4203198290162</coordinates></LinearRing></outerBoundaryIs></Polygon>
  </Placemark>
  <Placemark id="rog_P150_24h_sat_agua5cm.51">
	<name>150 mm en 24 h · suelo saturado (Ks 2 mm/h) · h&gt;5 cm</name>
	<Style><LineStyle><color>ff0000ff</color></LineStyle><PolyStyle><fill>0</fill></PolyStyle></Style>
      <Polygon><outerBoundaryIs><LinearRing><coordinates>-59.4313172465343,-34.4169284432183 -59.4313135851453,-34.4174692984292 -59.4309872674013,-34.4174677808319 -59.4309854356199,-34.4177382084041 -59.43065911685,-34.417736689921 -59.4306572839938,-34.4180071174658 -59.4296783246797,-34.4180025567479 -59.4296746525916,-34.4185434117095 -59.4290220089697,-34.4185403668171 -59.4290183325821,-34.4190812216691 -59.428692008707,-34.4190796978865 -59.428684651436,-34.4201614073844 -59.4283583233836,-34.4201598826699 -59.4283564829541,-34.4204303099989 -59.4286828120569,-34.4204318347287 -59.4286791332253,-34.4209726893811 -59.4283528020214,-34.4209711646206 -59.4283509615183,-34.4212415919134 -59.4276982970831,-34.4212385397499 -59.4277019822669,-34.4206976852137 -59.4273756521871,-34.4206961578568 -59.4273793393737,-34.420155303303 -59.4270530114195,-34.4201537751063 -59.4270585451665,-34.4193424932314 -59.4267322203883,-34.4193409642103 -59.4267377570653,-34.418529682273 -59.4264114354629,-34.4185281524275 -59.4264132820231,-34.4182577251063 -59.4267396025751,-34.4182592549364 -59.4267414480603,-34.4179888275877 -59.4277204067126,-34.4179934118089 -59.4277185643785,-34.4182638392037 -59.4280448850288,-34.4182653655518 -59.4280467263125,-34.4179949381416 -59.4286993655859,-34.4179979881956 -59.4287012047443,-34.4177275607427 -59.429353842015,-34.4177306072841 -59.4293556790482,-34.4174601797885 -59.4296819966699,-34.4174617017381 -59.4296838326283,-34.4171912742151 -59.4303364658445,-34.4171943154724 -59.4303382996778,-34.4169238879067 -59.4313172465343,-34.4169284432183</coordinates></LinearRing></outerBoundaryIs></Polygon>
  </Placemark>
  <Placemark id="rog_P150_24h_sat_agua5cm.52">
	<name>150 mm en 24 h · suelo saturado (Ks 2 mm/h) · h&gt;5 cm</name>
	<Style><LineStyle><color>ff0000ff</color></LineStyle><PolyStyle><fill>0</fill></PolyStyle></Style>
      <Polygon><outerBoundaryIs><LinearRing><coordinates>-59.4290017876251,-34.4215150679059 -59.428999949174,-34.4217854952052 -59.428673614794,-34.4217839712693 -59.4286754542956,-34.4215135439853 -59.4290017876251,-34.4215150679059</coordinates></LinearRing></outerBoundaryIs></Polygon>
  </Placemark>
  <Placemark id="rog_P150_24h_sat_agua5cm.53">
	<name>150 mm en 24 h · suelo saturado (Ks 2 mm/h) · h&gt;5 cm</name>
	<Style><LineStyle><color>ff0000ff</color></LineStyle><PolyStyle><fill>0</fill></PolyStyle></Style>
      <Polygon><outerBoundaryIs><LinearRing><coordinates>-59.4345476373719,-34.4218112689121 -59.4345458167561,-34.4220816964587 -59.4342194809109,-34.422080187308 -59.4342213025772,-34.4218097597766 -59.4345476373719,-34.4218112689121</coordinates></LinearRing></outerBoundaryIs></Polygon>
  </Placemark>
  <Placemark id="rog_P150_24h_sat_agua5cm.54">
	<name>150 mm en 24 h · suelo saturado (Ks 2 mm/h) · h&gt;5 cm</name>
	<Style><LineStyle><color>ff0000ff</color></LineStyle><PolyStyle><fill>0</fill></PolyStyle></Style>
      <Polygon><outerBoundaryIs><LinearRing><coordinates>-59.4355230069491,-34.422356646267 -59.4355211894367,-34.4226270738349 -59.4345421754519,-34.4226225515157 -59.4345439961161,-34.4223521239932 -59.4355230069491,-34.422356646267</coordinates></LinearRing></outerBoundaryIs></Polygon>
  </Placemark>
  <Placemark id="rog_P150_24h_sat_agua5cm.55">
	<name>150 mm en 24 h · suelo saturado (Ks 2 mm/h) · h&gt;5 cm</name>
	<Style><LineStyle><color>ff0000ff</color></LineStyle><PolyStyle><fill>0</fill></PolyStyle></Style>
      <Polygon><outerBoundaryIs><LinearRing><coordinates>-59.4289962721985,-34.4223263497677 -59.4289944336739,-34.4225967770308 -59.4286680961421,-34.4225952530488 -59.4286699357173,-34.422324825801 -59.4289962721985,-34.4223263497677</coordinates></LinearRing></outerBoundaryIs></Polygon>
  </Placemark>
  <Placemark id="rog_P150_24h_sat_agua5cm.56">
	<name>150 mm en 24 h · suelo saturado (Ks 2 mm/h) · h&gt;5 cm</name>
	<Style><LineStyle><color>ff0000ff</color></LineStyle><PolyStyle><fill>0</fill></PolyStyle></Style>
      <Polygon><outerBoundaryIs><LinearRing><coordinates>-59.4175520048397,-34.4255176127694 -59.4175463779786,-34.4263288924622 -59.4172200266034,-34.426327337789 -59.4172256566168,-34.4255160581431 -59.4175520048397,-34.4255176127694</coordinates></LinearRing></outerBoundaryIs></Polygon>
  </Placemark>
  <Placemark id="rog_P150_24h_sat_agua5cm.57">
	<name>150 mm en 24 h · suelo saturado (Ks 2 mm/h) · h&gt;5 cm</name>
	<Style><LineStyle><color>ff0000ff</color></LineStyle><PolyStyle><fill>0</fill></PolyStyle></Style>
      <Polygon><outerBoundaryIs><LinearRing><coordinates>-59.4434495386792,-34.3588401625089 -59.4434477509387,-34.3591105932562 -59.443773843025,-34.3591120754192 -59.4437720563081,-34.3593825061694 -59.4440981494655,-34.3593839874786 -59.4440963637721,-34.3596544182317 -59.4444224580007,-34.3596558986873 -59.4444206733309,-34.3599263294432 -59.4447467686306,-34.3599278090451 -59.4447449849844,-34.3601982398039 -59.44539717775,-34.3602011964315 -59.4453953961748,-34.360471627208 -59.4457214936406,-34.3604731042337 -59.4457197130891,-34.3607435350131 -59.4460458116261,-34.3607450111851 -59.4460422525467,-34.3612858727374 -59.4463683532023,-34.3612873480704 -59.4463665746745,-34.3615577788433 -59.4466926764012,-34.3615592533225 -59.4466908988972,-34.3618296840983 -59.4470170016951,-34.3618311577237 -59.4470152252149,-34.3621015885022 -59.447341329084,-34.3621030612737 -59.4473395536275,-34.362373492055 -59.4476656585678,-34.3623749639727 -59.4476638841352,-34.3626453947568 -59.4479899901466,-34.3626468658206 -59.4479882167379,-34.3629172966074 -59.4483143238205,-34.3629187668173 -59.4483107790274,-34.3634596283844 -59.4489629974535,-34.3634625662572 -59.4489612271167,-34.3637329970523 -59.4492873374128,-34.3637344647004 -59.4492855680999,-34.3640048954982 -59.4496116794671,-34.3640063622923 -59.4496081428659,-34.3645472238813 -59.4502603698615,-34.3645501549223 -59.4502568373565,-34.3650910165222 -59.4505829529849,-34.365092480769 -59.4505811877447,-34.3653629115656 -59.4509073044443,-34.3653643749584 -59.4509037759888,-34.3659052365449 -59.4512298948073,-34.3659066990983 -59.451228131592,-34.3661771298883 -59.4515542514816,-34.3661785915876 -59.4515507270759,-34.3667194531607 -59.4518768490845,-34.3667209140207 -59.4518733266804,-34.367261775575 -59.4521994508079,-34.3672632355955 -59.4521976906184,-34.3675336663693 -59.4525238158172,-34.3675351255357 -59.4525202974634,-34.3680759870765 -59.4528464247813,-34.3680774454034 -59.452844666617,-34.3683478761704 -59.4531707950061,-34.368349333643 -59.4531672807029,-34.3688901951704 -59.4534934112111,-34.3688916518034 -59.4534916550722,-34.3691620825637 -59.4538177866517,-34.3691635383425 -59.4538125212384,-34.3699748305949 -59.4541386559849,-34.3699762855487 -59.4541351476882,-34.3705171470194 -59.4544612845539,-34.3705186011336 -59.4544595314184,-34.3707890318655 -59.4547856693554,-34.3707904851253 -59.4547839172446,-34.3710609158598 -59.4551100562529,-34.3710623682653 -59.4551065540571,-34.3716032297274 -59.4554326951847,-34.3716046812931 -59.4554309450997,-34.3718751120207 -59.4557570872987,-34.371876562732 -59.4557553382385,-34.3721469934622 -59.4560814815087,-34.3721484433191 -59.4560779854144,-34.3726893047725 -59.456404130804,-34.3726907537896 -59.4564023837699,-34.3729611845128 -59.4567285302309,-34.3729626326754 -59.4567250381891,-34.3735034941148 -59.4570511867695,-34.3735049414375 -59.4570494417617,-34.3737753721537 -59.4573755914135,-34.373776818622 -59.4573721034245,-34.3743176800474 -59.4576982551957,-34.3743191256756 -59.4576947692101,-34.3748599870819 -59.4580209231009,-34.3748614318702 -59.4580174391186,-34.3754022932574 -59.458343595129,-34.3754037372057 -59.4583401131503,-34.3759445985738 -59.4586662712802,-34.3759460416819 -59.4586627913052,-34.3764869030309 -59.4589889515548,-34.376488345299 -59.4589854735835,-34.3770292066288 -59.4593116359528,-34.3770306480568 -59.4593081599854,-34.3775715093674 -59.4596343244744,-34.3775729499552 -59.4596325875043,-34.3778433806069 -59.4599587530648,-34.37784482034 -59.4599570171198,-34.3781152509942 -59.4602831837517,-34.3781166898726 -59.460281448832,-34.3783871205292 -59.4625646232406,-34.3783971684409 -59.462566350822,-34.3781267376831 -59.4638710182261,-34.3781324601664 -59.4638727415912,-34.3778620293389 -59.4641989074514,-34.3778634577723 -59.4642006297451,-34.3775930269184 -59.4645267945799,-34.3775944544682 -59.4645285158024,-34.3773240235879 -59.4651808434443,-34.3773268760511 -59.4651825625472,-34.37705644513 -59.4664872139125,-34.3770621395689 -59.4664889287995,-34.3767917085785 -59.4671412525228,-34.3767945505542 -59.4671395397324,-34.3770649815733 -59.4677918656435,-34.3770678201009 -59.4677901549268,-34.3773382511365 -59.4681163189649,-34.3773396691108 -59.4681146092737,-34.3776101001487 -59.4684407743829,-34.3776115172681 -59.4684373570288,-34.3781523793362 -59.468111189823,-34.3781509621883 -59.4681094800635,-34.37842139319 -59.4671309754378,-34.3784171364881 -59.4671275495601,-34.3789579983697 -59.4664752090636,-34.378955156165 -59.4664717789011,-34.3794960179412 -59.4667979512347,-34.3794974395067 -59.466791094829,-34.3805791629718 -59.4664649183017,-34.3805777413489 -59.4664683486471,-34.3800368796691 -59.4661421742395,-34.3800354572057 -59.4661456065904,-34.3794945955063 -59.4648409175763,-34.3794888970743 -59.4648391972186,-34.3797593278726 -59.464513023974,-34.3797579010771 -59.464511302545,-34.380028331849 -59.4638589540277,-34.3800254756214 -59.4638572304789,-34.3802959063524 -59.4632048799566,-34.3802930466189 -59.4632031542879,-34.3805634773092 -59.4625508017606,-34.3805606140696 -59.4625473461604,-34.3811014753563 -59.4622211678344,-34.3811000424038 -59.4622194389512,-34.3813704730146 -59.4625456183257,-34.3813719059816 -59.4625421625873,-34.381912767196 -59.4628683440819,-34.3819141993225 -59.4628666172267,-34.3821846299261 -59.4631927997928,-34.3821860611976 -59.4631910739631,-34.3824564918036 -59.4635172576008,-34.3824579222202 -59.4635155327967,-34.3827283528284 -59.4638417175059,-34.3827297823901 -59.4638399937274,-34.3830002130007 -59.4641661795082,-34.3830016417074 -59.4641644567552,-34.3832720723203 -59.4644906436076,-34.383273500172 -59.4644889218803,-34.3835439307873 -59.4648151098042,-34.3835453577839 -59.4648116683781,-34.3840862190071 -59.4651378584222,-34.3840876451631 -59.4651344190017,-34.3846285063667 -59.465460611166,-34.384629931682 -59.4654571737512,-34.3851707928661 -59.4657833680358,-34.3851722173407 -59.4657799326267,-34.3857130785053 -59.4661061290317,-34.3857145021391 -59.4661026956285,-34.3862553632842 -59.4664288941538,-34.3862567860771 -59.4664271784667,-34.3865272166459 -59.4667533780636,-34.3865286385837 -59.4667516634024,-34.3867990691548 -59.467077864071,-34.3868004902374 -59.4670761504357,-34.3870709208107 -59.4674023521759,-34.3870723410381 -59.4673989269345,-34.3876132021772 -59.4677251307951,-34.3876146215637 -59.467723419189,-34.3878850521295 -59.4680496241212,-34.3878864706607 -59.4680479135412,-34.3881569012287 -59.4683741195451,-34.3881583189046 -59.4683724099911,-34.3884287494749 -59.4686986170667,-34.3884301662955 -59.4686969085387,-34.388700596868 -59.4690231166859,-34.3887020128334 -59.4690197016596,-34.3892428739707 -59.4693459119274,-34.3892442890949 -59.469344205429,-34.3895147196598 -59.4696704167684,-34.3895161339287 -59.4696687112962,-34.3897865644957 -59.4703211361411,-34.3897893904533 -59.4703194327441,-34.3900598210367 -59.4706456462496,-34.3900612327253 -59.4706439438788,-34.3903316633109 -59.4712963730557,-34.3903344841077 -59.4712946727602,-34.3906049147096 -59.4719471041257,-34.3906077320563 -59.4719454059055,-34.3908781626745 -59.4729240562704,-34.3908823822149 -59.4729223611746,-34.3911528128635 -59.4742272328401,-34.3911584267989 -59.474223850973,-34.3916992881731 -59.471614091219,-34.3916880461617 -59.4716157905561,-34.3914176155938 -59.4703109154184,-34.391411973773 -59.4703092118851,-34.3916824042841 -59.4699829921084,-34.3916809916406 -59.4699710593963,-34.3935740047816 -59.4702972865167,-34.3935754175247 -59.4702938790642,-34.3941162783421 -59.4706201083056,-34.3941176902439 -59.4706167028606,-34.3946585510415 -59.4709429342231,-34.394659962102 -59.4709378290331,-34.3954712532507 -59.4712640635658,-34.395472663484 -59.4712606620909,-34.396013524218 -59.4715868987449,-34.3960149336099 -59.4715834992779,-34.396555794324 -59.471909738053,-34.3965572028745 -59.4719029430444,-34.3976389242149 -59.4722291860395,-34.3976403319522 -59.4722173012487,-34.3995333439333 -59.4725435516121,-34.3995347508999 -59.4725350670444,-34.4008869020243 -59.4728613226779,-34.4008883081918 -59.4728545388147,-34.401970028931 -59.473180798669,-34.4019714342851 -59.4731791036963,-34.4022418644539 -59.4735053646228,-34.4022432689521 -59.4735002827179,-34.4030545594288 -59.4738265468158,-34.4030559630994 -59.4738231608656,-34.4035968233852 -59.4744756933276,-34.4035996281727 -59.4744723114859,-34.4041404884668 -59.47479857985,-34.4041418895837 -59.4747935100675,-34.4049531799767 -59.4741409670636,-34.4049503767881 -59.4741477351261,-34.4038686563529 -59.4734952006099,-34.403865849797 -59.4734968946685,-34.4035954196863 -59.473170628494,-34.4035940151174 -59.4731723235796,-34.4033235850088 -59.4728460584773,-34.403322179584 -59.4728494506801,-34.4027813193589 -59.4725231876996,-34.4027799130924 -59.4725265819112,-34.4022390528475 -59.4722003210526,-34.4022376457393 -59.472202019174,-34.4019672156129 -59.4718757593876,-34.4019658076488 -59.4718808567648,-34.4011545172399 -59.4715546001497,-34.4011531084484 -59.4715563002797,-34.4008826783022 -59.4712300447367,-34.4008812686549 -59.4712334470277,-34.4003404083547 -59.4709071936064,-34.4003389978659 -59.4709123000212,-34.3995277073678 -59.4705860497711,-34.3995262960516 -59.4705928622042,-34.3984445752756 -59.4702666161744,-34.3984431631464 -59.4702717284091,-34.3976318724805 -59.4699454855501,-34.3976304595241 -59.4699471906322,-34.3973600292923 -59.4696209488453,-34.3973586154802 -59.4696277731439,-34.3962768944894 -59.4693015355769,-34.3962754798644 -59.4693032426439,-34.3960050496008 -59.468977006149,-34.3960036341203 -59.4689821303614,-34.3951923433 -59.4686558970369,-34.3951909269925 -59.4686576061114,-34.3949204967092 -59.4683313738589,-34.3949190795462 -59.4683330839598,-34.3946486492651 -59.4680068527794,-34.3946472312466 -59.4680136971518,-34.3935655100589 -59.4676874701907,-34.3935640912277 -59.4677028781363,-34.3911302179791 -59.4673766606397,-34.3911287984069 -59.4673800864746,-34.390587937581 -59.4670538710989,-34.3905865171677 -59.4670572989404,-34.3900456563223 -59.4667310856854,-34.390044235068 -59.4667345155335,-34.389503374203 -59.4664083043992,-34.3895019521077 -59.4664100203379,-34.3892315216714 -59.4660838102754,-34.3892300987209 -59.4660855272401,-34.3889596682869 -59.4657593182495,-34.3889582444812 -59.4657610362402,-34.3886878140494 -59.4651086204253,-34.3886849638579 -59.4651069003369,-34.388955394261 -59.4644544825159,-34.3889525405625 -59.4644527603067,-34.3892229709247 -59.4641265503818,-34.3892215427567 -59.4641248271007,-34.3894919730926 -59.4637986161498,-34.3894905440406 -59.4637968917969,-34.38976097435 -59.46347067982,-34.3897595444141 -59.4634689543951,-34.390029974697 -59.4628165284126,-34.3900271121876 -59.4628148008668,-34.3902975424296 -59.4624885868611,-34.3902961098561 -59.4624868582433,-34.3905665400717 -59.4621606432116,-34.3905651066141 -59.4621589135218,-34.3908355368032 -59.4618326974643,-34.3908341024616 -59.4618309667024,-34.3911045326242 -59.4615047496189,-34.3911030973985 -59.461503017785,-34.3913735275346 -59.4611767996755,-34.3913720914248 -59.4611750667695,-34.3916425215344 -59.4608488476341,-34.3916410845405 -59.4608436456302,-34.3924523747536 -59.4605174233708,-34.3924509368466 -59.4605156882742,-34.3927213668791 -59.4601894649889,-34.3927199280879 -59.4601912011346,-34.3924494980699 -59.4595387567314,-34.3924466179075 -59.4595404949521,-34.3921761879065 -59.4592142738343,-34.3921747465353 -59.4592160130809,-34.3919043165367 -59.4588897930353,-34.3919028743103 -59.4588984941654,-34.3905507242092 -59.4598771386364,-34.3905550480617 -59.4598788756459,-34.3902846179618 -59.460205089467,-34.3902860574922 -59.4602068254044,-34.3900156273658 -59.4605330381996,-34.3900170660121 -59.4605347730649,-34.3897466358591 -59.4608609848343,-34.3897480736214 -59.4608627186276,-34.3894776434419 -59.4611889293712,-34.3894790803201 -59.4611906620925,-34.389208650114 -59.4615168718102,-34.3892100861082 -59.4615203350858,-34.3886692256311 -59.4618465427288,-34.3886706607268 -59.4618482732831,-34.3884002304557 -59.4625006865406,-34.3884030980095 -59.4625024149741,-34.3881326676976 -59.4628286205885,-34.3881341001557 -59.4628303479501,-34.3878636698172 -59.4631565525388,-34.3878651013915 -59.4631582788285,-34.3875946710265 -59.4634844823913,-34.3875961017168 -59.4634862076093,-34.3873256713254 -59.4638124101463,-34.3873271011318 -59.4638158584156,-34.3867862402841 -59.464142058878,-34.3867876691922 -59.4641437819294,-34.3865172387359 -59.4638175825158,-34.3865158098422 -59.463819306593,-34.3862453793882 -59.4634931082511,-34.3862439496394 -59.4634965584341,-34.3857030887241 -59.4631703622127,-34.3857016581346 -59.4631738144011,-34.3851607972 -59.4628476203002,-34.3851593657699 -59.4628493474086,-34.3848889352989 -59.4625231543793,-34.3848875030137 -59.4625266106244,-34.3843466420644 -59.4622004197155,-34.3843452089387 -59.4622021488522,-34.3840747784604 -59.461875959015,-34.3840733444797 -59.4618776891772,-34.3838029140038 -59.4615515004118,-34.3838014791682 -59.4615532315995,-34.3835310486946 -59.4612270439057,-34.3835296130041 -59.4612287761191,-34.383259182533 -59.460902589497,-34.3832577459874 -59.4609060559515,-34.382716885038 -59.4605798714497,-34.382715447652 -59.4605816056909,-34.3824450171737 -59.4602554222607,-34.3824435789329 -59.4602588927708,-34.381902717969 -59.4599327114609,-34.3819012788878 -59.4599344477298,-34.3816308484023 -59.4596082674915,-34.3816294084662 -59.4596100047857,-34.3813589779832 -59.4592838256191,-34.3813575371923 -59.4592873022351,-34.380816676219 -59.4589611251886,-34.3808152345879 -59.4589628645104,-34.3805448040977 -59.4586366885355,-34.3805433616117 -59.4586384288825,-34.3802729311241 -59.4583122539793,-34.3802714877833 -59.4583157367006,-34.3797306268008 -59.4579895639174,-34.3797291826199 -59.4579930486426,-34.3791883216183 -59.4576668779795,-34.3791868765972 -59.4576703647086,-34.3786460155765 -59.4573441961655,-34.3786445697153 -59.4573476848983,-34.3781037086755 -59.4570215184751,-34.3781022619742 -59.4570232638549,-34.3778318314508 -59.4566970985033,-34.3778303838949 -59.4566988449082,-34.377559953374 -59.4560465163714,-34.3775570556837 -59.4560447678699,-34.3778274861754 -59.4553924373297,-34.3778245849791 -59.4553906867082,-34.3780950154295 -59.4550645204248,-34.3780935635129 -59.4550610170151,-34.3786344243484 -59.4547348486584,-34.3786329715334 -59.4547330958702,-34.3789034019184 -59.4544069264884,-34.3789019482195 -59.4544034187452,-34.3794428089242 -59.45407724729,-34.3794413543267 -59.4540579414976,-34.3824160871796 -59.4537317585326,-34.3824146315517 -59.4537335147702,-34.3821442013673 -59.4534073328772,-34.3821427448847 -59.4534090901398,-34.3818723147029 -59.4537352709843,-34.3818737711708 -59.4537440517039,-34.3805216200075 -59.4534178761018,-34.3805201636129 -59.4534161189562,-34.380790593855 -59.4530899423292,-34.3807891365764 -59.4530881841117,-34.3810595667918 -59.4527620064596,-34.3810581086292 -59.4527584878574,-34.3815989689944 -59.4524323081317,-34.3815975099332 -59.452427026907,-34.3824088003466 -59.4530793926729,-34.3824117176878 -59.4530776343149,-34.3826821478309 -59.4520990825555,-34.3826777704709 -59.4520955594776,-34.3832186306327 -59.4517693735076,-34.3832171697446 -59.4517711361068,-34.3829467396844 -59.4514449512089,-34.3829452779416 -59.451443187561,-34.383215707987 -59.4507908157385,-34.3832127818639 -59.4507872841779,-34.3837536418597 -59.4504610962047,-34.3837521774646 -59.4504557955414,-34.3845634673237 -59.4511081778031,-34.384566395333 -59.4511099426171,-34.3842959653625 -59.4514361327346,-34.3842974280483 -59.4514326051804,-34.3848382880067 -59.4511064129656,-34.3848368252914 -59.4510993533802,-34.3859185450045 -59.4507731569941,-34.3859170813609 -59.4507713909902,-34.3861875112443 -59.450445193579,-34.3861860467165 -59.4504487276606,-34.3856451869671 -59.4501225323703,-34.3856437215993 -59.4501260684552,-34.3851028618312 -59.4497998752859,-34.3851013956235 -59.4498034133739,-34.3845605358367 -59.4491510313006,-34.384557600872 -59.4491492601711,-34.3848280307419 -59.448496876095,-34.3848250922699 -59.4484951028445,-34.3850955220982 -59.4488212959194,-34.3850969917837 -59.448819523694,-34.3853674216146 -59.4484933295704,-34.3853659519144 -59.4484862362376,-34.3864476710585 -59.4481600379427,-34.3864462004296 -59.4481582635016,-34.3867166301707 -59.4484844628453,-34.3867181008145 -59.4484720484375,-34.3886111087683 -59.4487982551465,-34.3886125786462 -59.4487929374781,-34.3894238676329 -59.4484667276224,-34.3894223977106 -59.4484596328714,-34.3905041161316 -59.4487858469228,-34.390505586113 -59.4487787559896,-34.3915873044003 -59.4491049742606,-34.3915887735713 -59.4491032025172,-34.3918592031278 -59.4494294218609,-34.3918606714439 -59.4494258804014,-34.3924015305502 -59.4500783233557,-34.3924044646326 -59.4500765546887,-34.3926748941972 -59.4520338904112,-34.3926836756605 -59.4520391774584,-34.3918723866652 -59.4523653970139,-34.3918738471544 -59.4523724418854,-34.3907921282665 -59.4526986572683,-34.3907935878273 -59.4526968971347,-34.391064017582 -59.4530231135901,-34.3910654762878 -59.453021354482,-34.3913359060452 -59.4533475720098,-34.3913373638961 -59.4533458139273,-34.3916077936561 -59.4536720325276,-34.391609250652 -59.4536650041593,-34.3926909696302 -59.4539912269793,-34.3926924258151 -59.4539894708778,-34.3929628555442 -59.4543156947702,-34.3929643108741 -59.4543139396943,-34.3932347406057 -59.4549663896476,-34.3932376486857 -59.4549681426252,-34.3929672189247 -59.4556205905737,-34.3929701234966 -59.4556223414297,-34.3926996936944 -59.4562747873734,-34.3927025947582 -59.4562712898342,-34.3932434544091 -59.4559450647526,-34.3932420042828 -59.4559433148989,-34.3935124340755 -59.4549646366466,-34.3935080784346 -59.4549611305745,-34.3940489378962 -59.4546349024388,-34.3940474842471 -59.4546331483186,-34.3943179139453 -59.4543069191571,-34.3943164594119 -59.4543016535086,-34.3951277483899 -59.4546278858176,-34.3951292029672 -59.4546261316039,-34.3953996326171 -59.4549523649855,-34.3954010863393 -59.4549506117976,-34.3956715159918 -59.4556030807294,-34.3956744208561 -59.4555995784805,-34.3962152801833 -59.4559258150799,-34.39621673134 -59.4559240649697,-34.3964871610002 -59.4562503026417,-34.3964886113017 -59.4562468044499,-34.397029470615 -59.4565730442438,-34.3970309200758 -59.4565712961623,-34.3973013497291 -59.4568975370288,-34.3973027983347 -59.4568957899733,-34.3975732279904 -59.4572220319124,-34.3975746757407 -59.457220285883,-34.397845105399 -59.4581990149879,-34.3978494434746 -59.4581972720832,-34.3981198731645 -59.4598284929693,-34.3981270859661 -59.4598302306272,-34.3978566562037 -59.4601564738245,-34.3978580961399 -59.4601582104099,-34.3975876663509 -59.4604844525811,-34.3975891054028 -59.4604879235837,-34.3970482457597 -59.4608141636794,-34.3970496839128 -59.4608158980967,-34.3967792540587 -59.4617946153744,-34.3967835632556 -59.4617876901584,-34.3978652827733 -59.4614614468454,-34.3978638471863 -59.4614562495429,-34.3986751366547 -59.4611300031049,-34.3986737001545 -59.4611282695752,-34.3989441299388 -59.4608020221109,-34.3989426925542 -59.4607950835632,-34.4000244115127 -59.4611213352253,-34.4000258489552 -59.4611196015801,-34.4002962786792 -59.4614458543147,-34.4002977152661 -59.4614441216958,-34.4005681449925 -59.461770375503,-34.400569580724 -59.461766912295,-34.4011104401695 -59.4614406563888,-34.4011090044091 -59.4614389237007,-34.4013794340993 -59.4607864098585,-34.4013765599397 -59.4607829402147,-34.4019174192262 -59.4604566812292,-34.4019159808125 -59.4604532093938,-34.4024568400217 -59.4601269483323,-34.4024554007091 -59.4601252113303,-34.4027258302811 -59.4597989492423,-34.402724390084 -59.4597954730697,-34.4032652491629 -59.4591429447647,-34.4032623661005 -59.4591412045444,-34.4035327955929 -59.458814939377,-34.4035313527422 -59.4588131980839,-34.403801782208 -59.4584869318901,-34.4038003384726 -59.4584886742329,-34.4035299090214 -59.4578361440144,-34.4035270189696 -59.4578343995722,-34.4037974483918 -59.4575081334482,-34.4037960020464 -59.4575063879331,-34.4040664314419 -59.4571801207826,-34.4040649842118 -59.4571783741946,-34.4043354135808 -59.4565258378642,-34.4043325164813 -59.4565240891535,-34.4046029458091 -59.4552190125737,-34.4045971411109 -59.4552172596409,-34.4048675703681 -59.4545647193916,-34.4048646627694 -59.4545664744238,-34.4045942335414 -59.454240205384,-34.4045927784515 -59.4542384493021,-34.4048632076648 -59.453912179236,-34.4048617516903 -59.4539156934758,-34.4043208932808 -59.4545682294326,-34.4043238043013 -59.4545717393801,-34.403782945785 -59.4552242712318,-34.4037858532668 -59.4552260240712,-34.4035154239613 -59.4555522889825,-34.4035168763824 -59.4555540407489,-34.4032464470503 -59.4558803046338,-34.4032478985868 -59.4558820553272,-34.402977469228 -59.4562083181859,-34.4029789198799 -59.4562100678064,-34.4027084904944 -59.4565363296388,-34.4027099402617 -59.4565380781863,-34.4024395108496 -59.4568643389925,-34.4024409597323 -59.4568695813465,-34.4016296713798 -59.4565433236891,-34.4016282225409 -59.4565468205745,-34.4010873636081 -59.4562205650394,-34.4010859139284 -59.4562240639305,-34.4005450549767 -59.4555715571284,-34.4005421530658 -59.455573308638,-34.400271723601 -59.4549208040281,-34.4002688182396 -59.4549225576133,-34.399998388792 -59.4523125485056,-34.3999867326664 -59.4523107865247,-34.4002571619967 -59.4510057783362,-34.4002513129969 -59.4510040121339,-34.4005217422562 -59.4506777590961,-34.4005202778167 -59.4506759918208,-34.4007907070492 -59.4503497377571,-34.400789241725 -59.4503479694087,-34.4010596709307 -59.4500217143191,-34.4010582047219 -59.449998710001,-34.404573783107 -59.4496724412901,-34.4045723158362 -59.4496706705123,-34.4048427448436 -59.4509757496962,-34.4048486087655 -59.4509775162752,-34.4045781796991 -59.4506512474935,-34.4045767150385 -59.4506530150986,-34.4043062859747 -59.451305550586,-34.4043092143964 -59.4513037850803,-34.4045796434896 -59.451630053909,-34.4045811064101 -59.451631818365,-34.4043106773022 -59.4519580861676,-34.4043121393379 -59.4519563227613,-34.4045825684605 -59.4526088605362,-34.4045854899512 -59.4526070992057,-34.4048559190911 -59.4516282894295,-34.404851535506 -59.4516247603999,-34.4053923936616 -59.4512984884221,-34.4053909306969 -59.4512949571989,-34.4059317887748 -59.4509686831451,-34.4059303249106 -59.4509669164485,-34.4062007539167 -59.450314366312,-34.4061978235484 -59.4503161351082,-34.4059273945718 -59.4496635871655,-34.4059244607526 -59.4496618162697,-34.4061948896997 -59.449335541284,-34.4061934214701 -59.4493142760961,-34.4094385677177 -59.4496405636802,-34.4094400361246 -59.4496352500017,-34.4102513224596 -59.4499615407592,-34.4102527900405 -59.4499597705358,-34.4105232188095 -59.4502860623669,-34.410524685535 -59.45028429317,-34.4107951143067 -59.4506105860747,-34.4107965801767 -59.4506088179042,-34.411067008951 -59.4509351118824,-34.4110684739655 -59.4509333447384,-34.4113389027426 -59.4512596397903,-34.4113403669015 -59.451254341367,-34.4121516532045 -59.4541910262431,-34.4121647918686 -59.454192782957,-34.4118943629807 -59.4551716751874,-34.4118987268258 -59.4551751822447,-34.4113578689261 -59.4555014776014,-34.4113593217712 -59.4555067348619,-34.4105480347874 -59.4548541504719,-34.4105451283145 -59.4548559049454,-34.410274699325 -59.4545296138354,-34.4102732447978 -59.4545313693355,-34.4100028158109 -59.4548576593954,-34.4100042703235 -59.4548594138221,-34.4097338413099 -59.4551857028555,-34.4097352949376 -59.4551839494788,-34.4100057239658 -59.4561628198689,-34.4100100796712 -59.4561610696188,-34.4102805087312 -59.4564873608455,-34.4102819589072 -59.4564821131052,-34.4110932460586 -59.4568084075052,-34.4110946954081 -59.4568049109952,-34.4116355534779 -59.4564786144951,-34.4116341040993 -59.4564768651551,-34.4119045331016 -59.4568031627053,-34.4119059824948 -59.456801414392,-34.4121764114996 -59.4571277130156,-34.412177860037 -59.4571294602788,-34.4119074310177 -59.4587609484954,-34.4119146605774 -59.458762690485,-34.4116442314732 -59.4594152838341,-34.4116471171759 -59.4594187635433,-34.4111062588733 -59.4600713527849,-34.4111091410368 -59.4600748282013,-34.4105682826279 -59.459748535669,-34.4105668420103 -59.4597537517698,-34.4097555543501 -59.4607326199865,-34.4097598734617 -59.4607239421192,-34.4111120197191 -59.4603976474405,-34.4111105808131 -59.4603959107476,-34.4113810100139 -59.460069615042,-34.4113795702231 -59.4600661394867,-34.4119204285597 -59.4603924372924,-34.4119218683795 -59.4603941740316,-34.4116514392027 -59.4607204708105,-34.4116528781377 -59.4607169994091,-34.4121937365081 -59.4613695972365,-34.412196611825 -59.4613678636013,-34.4124670410211 -59.4620204636213,-34.4124699128857 -59.4620187320632,-34.4127403420986 -59.4626713342758,-34.4127432105107 -59.4626696047949,-34.4130136397404 -59.4633222091999,-34.4130165047 -59.4633204817963,-34.4132869339465 -59.4636467850834,-34.4132883651352 -59.463645058707,-34.4135587943841 -59.4639713630673,-34.4135602247168 -59.463969637718,-34.4138306539679 -59.4642959431515,-34.4138320834447 -59.4642942188294,-34.4141025126982 -59.4652731384183,-34.4141067959493 -59.4652748595898,-34.4138363666527 -59.4659274706634,-34.4138392177729 -59.4659291897117,-34.4135687884355 -59.4665817987766,-34.4135716360455 -59.4665852326037,-34.4130307772772 -59.4669115350702,-34.4130321997481 -59.4669132508993,-34.4127617703315 -59.4672395523385,-34.4127631919177 -59.4672498405325,-34.4111406150797 -59.467576135694,-34.4111420357098 -59.4675795628092,-34.4106011766388 -59.4685584421306,-34.4106054332214 -59.4685601525038,-34.410335003625 -59.4688864446065,-34.4103364207311 -59.4688881539071,-34.4100659911083 -59.4692144449825,-34.4100674073299 -59.4692161532103,-34.4097969776808 -59.4695424432586,-34.4097983930179 -59.4695458575458,-34.4092575336552 -59.4698721455169,-34.4092589480935 -59.4698806755873,-34.4079067994047 -59.4705332410986,-34.4079096255284 -59.4705366487682,-34.4073687659117 -59.4702103681009,-34.4073673533133 -59.4702120729514,-34.407096923501 -59.470864632209,-34.4070997477992 -59.4708663349372,-34.4068293179464 -59.4705400563469,-34.4068279062467 -59.4705417601022,-34.4065574763961 -59.4708680376427,-34.4065588880817 -59.470873145623,-34.405747598415 -59.4711994200368,-34.4057490091878 -59.4711977184492,-34.406019439103 -59.4715239939354,-34.4060208490199 -59.4715188921859,-34.4068321387355 -59.4718451708442,-34.4068335478249 -59.4718434712655,-34.4071039777202 -59.4715171915573,-34.4071025686167 -59.4715154909062,-34.4073729984857 -59.4711892101708,-34.4073715884979 -59.4711841049317,-34.4081828779902 -59.4708578210694,-34.4081814670896 -59.4708527124764,-34.4089927564309 -59.4711789994884,-34.4089941673741 -59.4711755957461,-34.4095350269031 -59.4715018848808,-34.4095364370045 -59.4715001840256,-34.4098068667651 -59.4718264742328,-34.4098082760104 -59.471824774405,-34.4100787057732 -59.4721510656849,-34.4100801141624 -59.4721493668844,-34.4103505439273 -59.4724756592369,-34.4103519514605 -59.4724739614637,-34.4106223812275 -59.4728002548889,-34.4106237879046 -59.4727968613748,-34.4111646474307 -59.4734494524931,-34.4111674582306 -59.4734392840092,-34.4127900366895 -59.4737655859028,-34.4127914408688 -59.4737588106625,-34.413873159657 -59.4734325045682,-34.4138717554211 -59.4734291147122,-34.4144126147146 -59.4731028065401,-34.4144112095802 -59.473101110528,-34.4146816391947 -59.4727748013284,-34.4146802331757 -59.4727731042434,-34.414950662764 -59.4724467940161,-34.4149492558604 -59.4724501902639,-34.4144083967 -59.4721238821597,-34.4144069889543 -59.4721425714559,-34.4114322628663 -59.4705110890324,-34.4114252118626 -59.4705093848684,-34.4116956414963 -59.4698567899577,-34.4116928149743 -59.4698550836708,-34.4119632445674 -59.4695287851995,-34.4119618299867 -59.4695253704572,-34.4125026891084 -59.4691990699085,-34.4125012736289 -59.4691973614531,-34.4127717031574 -59.468871059877,-34.4127702867933 -59.4688676407976,-34.4133111457857 -59.468541337144,-34.4133097285227 -59.4685396265199,-34.4135801579866 -59.468213321839,-34.413578739839 -59.4682098984221,-34.4141195987019 -59.4678835916636,-34.4141181796554 -59.4678818788707,-34.4143886090546 -59.4675555710848,-34.4143871891233 -59.4675538572189,-34.4146576184961 -59.4672275484057,-34.4146561976802 -59.4672258334667,-34.4149266270267 -59.466899523626,-34.4149252053261 -59.466897807614,-34.4151956346462 -59.4665714967459,-34.4151942120608 -59.4665697796607,-34.4154646413545 -59.4662434677653,-34.4154632178845 -59.466241749607,-34.4157336471518 -59.4678733145641,-34.4157407558695 -59.4678750274711,-34.4154703265306 -59.4685276515133,-34.415473163896 -59.4685293622969,-34.4152027345166 -59.4698346064538,-34.4152083987453 -59.4698328998712,-34.4154788281818 -59.4708118363785,-34.4154830672566 -59.470810132924,-34.4157534967236 -59.4717890727864,-34.4157577280072 -59.4717856721111,-34.4162985869904 -59.4714593567004,-34.4162971774046 -59.4714576552784,-34.4165676068639 -59.47113133884,-34.4165661963935 -59.4711296363451,-34.4168366258266 -59.4714559538338,-34.4168380363112 -59.4714508493639,-34.4176493245807 -59.4717771700264,-34.4176507342374 -59.4717754695414,-34.4179211636507 -59.4714491478285,-34.4179197539798 -59.4714474462705,-34.4181901833668 -59.4717737690338,-34.4181915930519 -59.471761864846,-34.4200845985229 -59.4714355347295,-34.4200831887385 -59.4714372364463,-34.4198127594359 -59.4711109074029,-34.4198113487951 -59.4711143128693,-34.419270490182 -59.4707879859496,-34.4192690786991 -59.4707982081069,-34.4176465026558 -59.4701455669408,-34.417643677249 -59.4701472726549,-34.4173732478947 -59.4698209531563,-34.4173718338997 -59.4698260733135,-34.4165605458072 -59.4691734406866,-34.4165577152912 -59.4691700230699,-34.4170985739747 -59.4685173863327,-34.4170957399198 -59.4685190972532,-34.4168253106126 -59.4681927799691,-34.4168238922938 -59.4681893560048,-34.4173647508675 -59.4675367173038,-34.4173619115612 -59.4675315748838,-34.4181731992456 -59.467857897374,-34.4181746193769 -59.4678407649938,-34.4208789110179 -59.4681670980117,-34.4208803304215 -59.4681653856987,-34.4211507595336 -59.4684917197899,-34.4211521780809 -59.4684900085046,-34.4214226071952 -59.4694690140668,-34.4214268576561 -59.4694655977314,-34.4219677159341 -59.4704446098021,-34.4219719586448 -59.4704411996793,-34.4225128169599 -59.4710938787092,-34.4225156411374 -59.471092175715,-34.4227860703053 -59.4714185163146,-34.4227874811022 -59.4714151123594,-34.4233283394303 -59.4720677978294,-34.4233311584689 -59.4720626980308,-34.4241424459557 -59.4714100062566,-34.424139626832 -59.4714083041769,-34.4244100559419 -59.470102916698,-34.4244044071892 -59.4701012103927,-34.4246748362301 -59.4697748625291,-34.4246734218509 -59.4697697403245,-34.4254847088586 -59.4694433893313,-34.425483293566 -59.4694553481787,-34.4235902904788 -59.4688026609709,-34.4235874574808 -59.468804371388,-34.4233170284487 -59.4681516863728,-34.4233141919964 -59.4681499738544,-34.423584621 -59.4678236303303,-34.4235832014536 -59.467818489486,-34.4243944883493 -59.4674921428326,-34.4243930678893 -59.4674972868291,-34.4235817810365 -59.4671709433507,-34.4235803597487 -59.4671726590212,-34.423309930788 -59.4668463166164,-34.4233085086438 -59.4668480333147,-34.4230380796853 -59.4665216919834,-34.4230366566847 -59.4665234097094,-34.4227662277285 -59.4661970694517,-34.4227648038716 -59.4662005069364,-34.4222239459517 -59.4658741688028,-34.4222225212528 -59.4658913653575,-34.4195182310733 -59.4662176929856,-34.4195196556288 -59.4662211299206,-34.4189787974196 -59.4658948043934,-34.4189773728927 -59.4658982433377,-34.418436514664 -59.4655719199343,-34.4184350892953 -59.4655753608877,-34.417894231047 -59.4652490396081,-34.4178928048365 -59.4652507611008,-34.4176223757086 -59.4649244408944,-34.4176209486419 -59.4649261634146,-34.4173505195163 -59.4645998442816,-34.4173490915935 -59.4646050148553,-34.4165378041876 -59.4642786988963,-34.4165363754375 -59.4642804234252,-34.4162659462924 -59.4639541085395,-34.4162645166862 -59.4639558340958,-34.4159940875435 -59.4636295202834,-34.4159926570812 -59.4636312468669,-34.4157222279408 -59.4633049341278,-34.4157207966225 -59.4633066617386,-34.4154503674845 -59.46265403843,-34.4154475022654 -59.4626557681184,-34.4151770731442 -59.4620031470025,-34.4151742044722 -59.4620048787682,-34.4149037753678 -59.4616785692951,-34.4149023397407 -59.461680302088,-34.4146319106386 -59.4613539936883,-34.4146304741555 -59.4613557275083,-34.4143600450559 -59.4607031128785,-34.4143571695074 -59.4607048487758,-34.4140867404247 -59.460052236339,-34.4140838614237 -59.4600539743135,-34.4138134323578 -59.458422448878,-34.4138062196962 -59.4584241920802,-34.4135357906909 -59.4567926724763,-34.4135285563428 -59.4567909240232,-34.4137989852752 -59.4558120093899,-34.4137946341782 -59.455810257763,-34.4140650630549 -59.4548313401892,-34.4140607040807 -59.4548295853884,-34.4143311329014 -59.454503278527,-34.4143296781546 -59.4544997667547,-34.4148705357305 -59.4541734578163,-34.4148690800841 -59.4541752147644,-34.4145986513168 -59.4538489068996,-34.4145971948146 -59.4538524228259,-34.4140563372731 -59.4531998113674,-34.4140534217162 -59.4532015713958,-34.4137829929567 -59.4538541807538,-34.4137859084843 -59.4538559386584,-34.4135154796834 -59.4532033314007,-34.4135125641852 -59.4532050913821,-34.4132421354016 -59.4502683693362,-34.4132289727092 -59.4502665999035,-34.4134994013603 -59.4499402965215,-34.4134979344725 -59.449938526015,-34.4137683630968 -59.451243743885,-34.4137742254851 -59.4512419775556,-34.4140446541563 -59.4505893664731,-34.4140417246734 -59.4505822925184,-34.4151234391198 -59.4509086022487,-34.4151249043555 -59.450903299686,-34.4159361901079 -59.4512296125907,-34.4159376545174 -59.4512260795316,-34.4164785116548 -59.4515523945604,-34.4164799752233 -59.4515506290459,-34.4167504037887 -59.4518769451485,-34.4167518665014 -59.4518734161496,-34.4172927236255 -59.4521997343764,-34.4172941854971 -59.4521979708921,-34.4175646140558 -59.4535032482356,-34.4175704528965 -59.4535014889292,-34.4178408815018 -59.4538278093741,-34.4178423390505 -59.4538260510947,-34.4181127676584 -59.4534997295994,-34.4181113100951 -59.4534979702461,-34.4183817386764 -59.4531716477239,-34.4183802802279 -59.4531663663721,-34.4191915658552 -59.4534926920456,-34.4191930243477 -59.4534909325986,-34.4194634528807 -59.453817259346,-34.4194649105174 -59.4538137424825,-34.4200057675765 -59.4541400713544,-34.4200072243719 -59.454138313938,-34.4202776528981 -59.4544646438837,-34.4202791088376 -59.4544628874944,-34.4205495373663 -59.4547892185141,-34.4205509924499 -59.4547874631519,-34.4208214209812 -59.4554401273625,-34.4208243285658 -59.4554436338614,-34.4202834714325 -59.4557699639007,-34.4202849238897 -59.4557734682051,-34.419744066679 -59.4554471402668,-34.4197426142511 -59.4554506465788,-34.4192017570214 -59.4557769724161,-34.4192032094201 -59.4557752203223,-34.4194736380555 -59.4561015472335,-34.4194750895983 -59.4560997961668,-34.4197455182364 -59.4564261241518,-34.4197469689232 -59.4564243741122,-34.4200173975638 -59.4570770322532,-34.4200202963549 -59.4570735363061,-34.4205611536582 -59.4573998675125,-34.4205626017771 -59.4573963735734,-34.4211034590613 -59.4577227069042,-34.4211049063387 -59.4577209609502,-34.4213753349774 -59.4583736297827,-34.4213782269494 -59.4583753736355,-34.4211077982817 -59.4587017070361,-34.4211092429472 -59.4586999642338,-34.4213796716295 -59.4593526332057,-34.4213825583779 -59.4593543739069,-34.4211121296665 -59.4596807073771,-34.4211135717203 -59.4596824470045,-34.4208431429824 -59.4600087794473,-34.420844584151 -59.460010518001,-34.4205741553866 -59.4603368494164,-34.4205755956701 -59.4603385868964,-34.4203051668792 -59.4600122565315,-34.4203037266101 -59.4600139950388,-34.4200332978216 -59.4606666536908,-34.4200361774601 -59.4606649172845,-34.4203066062776 -59.4609912476957,-34.4203080448055 -59.4609877769147,-34.4208489024333 -59.4613141094502,-34.4208503401196 -59.4613106406777,-34.4213911977281 -59.4609843060412,-34.4213897600129 -59.4609860414895,-34.4211193312292 -59.4606597079267,-34.4211178926579 -59.4606579714278,-34.4213883214272 -59.4603316368375,-34.4213868819708 -59.4603298992649,-34.4216573107135 -59.4600035636473,-34.421655870372 -59.4600018250009,-34.4219262990882 -59.4603281616692,-34.4219277394442 -59.4603264240502,-34.4221981681629 -59.4606527617923,-34.4221996076627 -59.4606492885862,-34.4227404650928 -59.4609756284527,-34.422741903751 -59.460970421622,-34.4235531898491 -59.4616231077282,-34.4235560646403 -59.4616213741731,-34.4238264933445 -59.4619477183115,-34.4238279294484 -59.461945985784,-34.424098358155 -59.4622723309963,-34.4240997934028 -59.4622705994964,-34.4243702221118 -59.4629232920915,-34.424373090024 -59.4629215626701,-34.4246435187498 -59.463247910053,-34.4246449514142 -59.4632461816592,-34.4249153801423 -59.4635725301158,-34.4249168119505 -59.4635708027498,-34.425187240681 -59.4642235018337,-34.4251901017138 -59.4642217765461,-34.4254605304611 -59.4645481271733,-34.4254619596858 -59.4645464029136,-34.4257323884353 -59.4651991063386,-34.4257352443012 -59.4651956619534,-34.4262761018216 -59.4658483696734,-34.4262789542619 -59.4658466495481,-34.4265493830327 -59.4661730044933,-34.426550807961 -59.4661695662756,-34.4270916654951 -59.4668222804382,-34.4270945127967 -59.4668205633967,-34.4273649415743 -59.4671469215632,-34.4273663639332 -59.4671434895133,-34.4279072214809 -59.4681225704554,-34.4279114834184 -59.4681208575489,-34.4281819122171 -59.4684472189596,-34.4281833311356 -59.4684420832561,-34.4289946175021 -59.4681157186926,-34.4289931985408 -59.4681140056948,-34.4292636272913 -59.4684403713093,-34.4292650462668 -59.4684386593397,-34.4295354750195 -59.4690913927389,-34.4295383103865 -59.4690931026066,-34.4292678816053 -59.4700721997234,-34.4292721280814 -59.4700739064153,-34.4290016992455 -59.4704002711154,-34.4290031129815 -59.4704019767336,-34.4287326841192 -59.4707283404055,-34.4287340969702 -59.4707266358383,-34.4290045258467 -59.4710530005839,-34.429005937841 -59.4710564075937,-34.4284650800476 -59.4730145839319,-34.4284735335552 -59.4730111895336,-34.4290143915188 -59.472684824652,-34.4290129847496 -59.4726831263679,-34.4292834136992 -59.472356760458,-34.429282006045 -59.4723550611003,-34.4295524349684 -59.472028694162,-34.4295510264292 -59.4720269937307,-34.4298214553263 -59.471700625764,-34.429820045902 -59.4716955211809,-34.4306313324785 -59.4713691500838,-34.4306299221408 -59.4713674474597,-34.4309003509613 -59.4703883311515,-34.43089611468 -59.4703849195287,-34.4314369721996 -59.4700585453693,-34.4314355583355 -59.4700568384727,-34.431705987063 -59.4697304632849,-34.4317045723137 -59.4697270473211,-34.4322454297041 -59.4694006700538,-34.4322440140554 -59.4694023790982,-34.4319735853805 -59.4690760029048,-34.431972168875 -59.4690742928093,-34.4322425975357 -59.4687479155876,-34.4322411801451 -59.4687444932259,-34.4327820374017 -59.4690708725499,-34.4327834548209 -59.4690691623861,-34.4330538834454 -59.469395542784,-34.4330553000078 -59.4693938336486,-34.4333257286346 -59.4697202151205,-34.4333271443402 -59.4697185070134,-34.4335975729691 -59.470371272128,-34.4336004017959 -59.4703729781327,-34.4333299731386 -59.4710257412358,-34.4333327984529 -59.4710274451153,-34.4330623697551 -59.4720065867867,-34.4330666011514 -59.47200828749,-34.432796172399 -59.4723346670413,-34.4327975811082 -59.4723363666708,-34.4325271523295 -59.4726627451936,-34.4325285601537 -59.4726610466152,-34.4327989889465 -59.4729874262118,-34.4328003959138 -59.4729840310896,-34.4333412534917 -59.4733104128112,-34.4333426596163 -59.4733070197009,-34.4338835171742 -59.4729806358769,-34.4338821110213 -59.4729789382367,-34.434152539768 -59.472652553384,-34.43415113273 -59.4726508546699,-34.4344215614505 -59.471345311281,-34.4344159245312 -59.4713436083392,-34.4346863531829 -59.4710172214974,-34.4346849417613 -59.4710155174816,-34.4349553703868 -59.4706891296113,-34.4349539580799 -59.4706874245215,-34.4352243866791 -59.4703610356226,-34.4352229734869 -59.4703576232722,-34.4357638306208 -59.4700312322935,-34.4357624165291 -59.4700278177495,-34.4363032735863 -59.4697014246908,-34.436301858595 -59.4696980079531,-34.4368427155755 -59.4693716128144,-34.4368412996846 -59.4693664843829,-34.4376525850223 -59.4700192809914,-34.4376554160183 -59.4700158661288,-34.4381962729068 -59.470668667034,-34.4381991004751 -59.4706669616715,-34.4384695289297 -59.4716461663541,-34.4384737637911 -59.4716444641233,-34.4387441922762 -59.4713180614883,-34.4387427815127 -59.4713163581833,-34.4390132099716 -59.4709899545195,-34.4390117983227 -59.470991658876,-34.438741369878 -59.4706652562863,-34.4387399573722 -59.4706635508784,-34.4390103858026 -59.4700107436644,-34.439007558149 -59.4700124511753,-34.4387371297469 -59.4696860486539,-34.4387357146275 -59.4696843400915,-34.4390061430153 -59.4693579365414,-34.4390047270105 -59.4693596461552,-34.438734298637 -59.4687068412264,-34.4387314640422 -59.4687085529204,-34.4384610356852 -59.4683821515416,-34.4384596170953 -59.4683804387961,-34.4387300454381 -59.4677276340041,-34.4387272056163 -59.4677259191329,-34.4389976339185 -59.4670731123293,-34.4389947905833 -59.4670713953322,-34.4392652188448 -59.4667449909133,-34.4392637958561 -59.4667432728418,-34.4395342240913 -59.4664168673942,-34.4395328002171 -59.4664151482483,-34.4398032284258 -59.4657623353189,-34.4398003780351 -59.465760614047,-34.4400708062032 -59.4647813916703,-34.4400665240399 -59.4647796672209,-34.4403369521528 -59.4641268503149,-34.4403340929924 -59.4641251237393,-34.4406045210645 -59.4634723048223,-34.4406016583903 -59.463474033501,-34.4403312303471 -59.4628212167792,-34.4403283642168 -59.4628160243645,-34.4411396482239 -59.4624896128835,-34.4411382138087 -59.4624826851345,-34.4422199255916 -59.462809100822,-34.4422213600646 -59.4628073698787,-34.4424917879946 -59.463133786641,-34.4424932216108 -59.4631320567263,-34.4427636495431 -59.4637848924233,-34.4427665141903 -59.4637831645889,-34.4430369421394 -59.4650888404658,-34.4430426610355 -59.4650871168152,-34.4433130890301 -59.4654135368936,-34.4433145165902 -59.4654152594925,-34.4430440885812 -59.4657416785421,-34.4430455152556 -59.4657399569949,-34.443315943279 -59.4663927972664,-34.4433187940425 -59.4663910777997,-34.4435892220824 -59.4673703415339,-34.4435934917357 -59.4673686251995,-34.4438639198065 -59.4676950475417,-34.4438653412959 -59.4676933322362,-34.444135769369 -59.4683461790927,-34.4441386097622 -59.4683444658678,-34.4444090378519 -59.4686708903821,-34.4444104567557 -59.4686691781862,-34.4446808848476 -59.4696484550212,-34.4446851363737 -59.4696450368716,-34.4452259926067 -59.4699714646325,-34.4452274080679 -59.4699697565753,-34.4454978361805 -59.4702961854108,-34.4454992507845 -59.4702944783827,-34.4457696788993 -59.4706209082927,-34.4457710926461 -59.4706192022938,-34.4460415207631 -59.4709456332783,-34.4460429336526 -59.470942223316,-34.4465837898789 -59.471268656427,-34.4465852019255 -59.4712669524636,-34.4468556300347 -59.4715933866492,-34.446857041224 -59.4715950895607,-34.4465866131006 -59.4719215227171,-34.4465880234043 -59.4719198208576,-34.4468584515419 -59.4728991236185,-34.4468626772668 -59.4728957261428,-34.4474035335909 -59.4715899807582,-34.4473978974347 -59.4715916837151,-34.4471274693354 -59.4712652484775,-34.4471260581319 -59.4712635444687,-34.447396486217 -59.470937108202,-34.4473950741279 -59.4709388132627,-34.4471246460569 -59.4706123780706,-34.4471232331105 -59.4706140841605,-34.4468528050417 -59.4699612159483,-34.446849976563 -59.4699629241193,-34.4465795485106 -59.4693100581019,-34.4465767165745 -59.4693117683538,-34.4463062885386 -59.4689853364312,-34.4463048712777 -59.4689870477122,-34.4460344432439 -59.4686606168643,-34.4460330251258 -59.4686623291743,-34.4457625970943 -59.4680094696505,-34.4457597582724 -59.4680111840414,-34.4454893302573 -59.4676847553656,-34.4454879095536 -59.4676864707855,-34.4452174815408 -59.4670336156061,-34.4452146375476 -59.4670353331067,-34.4449442095514 -59.4663824801225,-34.4449413621013 -59.4663807605183,-34.445211790069 -59.4660543330088,-34.4452103650225 -59.4660526123299,-34.4454807929637 -59.4657261837915,-34.4454793670316 -59.4657279055223,-34.4452089391047 -59.4650750506179,-34.4452060846549 -59.4650733267835,-34.445476512553 -59.464746898314,-34.4454750840066 -59.4647451734049,-34.4457455118784 -59.4637658849788,-34.4457412209677 -59.4637624287804,-34.4462820765886 -59.4634359972474,-34.4462806445134 -59.4634342680618,-34.4465510722914 -59.4637607006467,-34.446552504381 -59.4637589724899,-34.4468229321614 -59.4631061052394,-34.4468200670819 -59.4631043749559,-34.4470904948214 -59.4627779403133,-34.4470890609601 -59.4627762089547,-34.447359488673 -59.4624497732834,-34.4473580539258 -59.4624532380812,-34.4468171985167 -59.4627796716488,-34.446818633235 -59.4627831342505,-34.4462777777488 -59.4631095657374,-34.4462792115668 -59.4631112959518,-34.4460087837912 -59.46343772641,-34.4460102167234 -59.4634394555495,-34.4457397889213 -59.4618073087488,-34.4457326156183 -59.4618090431244,-34.4454621878763 -59.4631147563115,-34.4454679282038 -59.4631164864567,-34.445197500392 -59.4634429137594,-34.4451989332809 -59.4634411846659,-34.4454693611072 -59.4644204698675,-34.4454736545889 -59.4644239217204,-34.444932798838 -59.4640974954005,-34.4449313685776 -59.4641009492651,-34.4443905128073 -59.4634481009014,-34.44438764973 -59.4634463718771,-34.4446580775924 -59.463119946678,-34.4446566447322 -59.4631216767541,-34.4443862168842 -59.4627952526298,-34.4443847831672 -59.4627969837346,-34.4441143553215 -59.4621441376589,-34.4441114853022 -59.4621476040061,-34.4435706296325 -59.4614947622297,-34.4435677561855 -59.4614964974721,-34.4432973283615 -59.4592115593458,-34.4432872439515 -59.4592098167414,-34.4435576716741 -59.4582305547374,-34.4435533366706 -59.4582288089546,-34.4438237643375 -59.4575759656314,-34.4438208699493 -59.4575742177219,-34.444091297575 -59.4569213723884,-34.4440883996724 -59.4569178722925,-34.4446292548293 -59.4565914475572,-34.4446278045418 -59.4565844428782,-34.4457095146526 -59.4562580139591,-34.4457080634353 -59.4562527570493,-34.446519345848 -59.4559263249979,-34.4465178937154 -59.4559245715961,-34.4467883211476 -59.4565774378258,-34.4467912245704 -59.4565756865044,-34.4470616520197 -59.4555963840391,-34.4470572955345 -59.4555928750148,-34.4475981503093 -59.4549400026138,-34.4475952415701 -59.4549417592415,-34.447324814218 -59.4546153241281,-34.4473233585558 -59.4546170817843,-34.4470529312063 -59.4542906477462,-34.4470514746873 -59.4542959237299,-34.4462401926104 -59.4539694928708,-34.4462387352639 -59.4539765313949,-34.4451570257177 -59.4536501047666,-34.4451555675586 -59.4536518653908,-34.4448851401566 -59.4539782909673,-34.4448865983011 -59.4539870884776,-34.4435344610366 -59.4530078275946,-34.4435300842091 -59.4530095901814,-34.4432596567641 -59.4526831709858,-34.4432581960936 -59.4526849346008,-34.4429877686512 -59.4523585164804,-34.4429863071242 -59.4523602811236,-34.4427158796844 -59.4520338640783,-34.4427144173007 -59.4520373953975,-34.4421735624144 -59.451710980479,-34.4421720991889 -59.4517145138073,-34.4416312442838 -59.4513881010157,-34.4416297802164 -59.4513898686961,-34.4413593527605 -59.4510634569797,-34.4413578878366 -59.4510652256881,-34.4410874603833 -59.4504124044291,-34.4410845279513 -59.4504159459816,-34.4405436730676 -59.4500895374906,-34.4405422055742 -59.450091309283,-34.440271778129 -59.4497649018672,-34.4402703097792 -59.4497684474842,-34.4397294548822 -59.4494420421951,-34.4397279856907 -59.4494438160197,-34.4394575582389 -59.4491174118056,-34.439456088191 -59.4491209614869,-34.4389152332808 -59.4487945593995,-34.4389137623913 -59.4487963352561,-34.4386433349329 -59.4484699342438,-34.438641863187 -59.4484717111282,-34.4383714357313 -59.4478189112776,-34.4383684896556 -59.4478171322903,-34.4386389170817 -59.4474907313491,-34.4386374427223 -59.4474889512867,-34.4389078701213 -59.4468361473726,-34.4389049187593 -59.4468343651835,-34.4391753461167 -59.4465079622106,-34.439173869114 -59.4465061789462,-34.4394442964445 -59.4461797749456,-34.4394428185558 -59.446177990606,-34.4397132458592 -59.4458515855776,-34.4397117670845 -59.445848014724,-34.4402526216255 -59.4455216076164,-34.4402511419498 -59.4455198211024,-34.4405215691873 -59.445193412967,-34.4405200886255 -59.4451898377644,-34.4410609430346 -59.4448634275497,-34.4410594615717 -59.4448616388611,-34.4413298887432 -59.4445352276187,-34.4413284063942 -59.4445316480667,-34.4418692606713 -59.4442052347449,-34.4418677774211 -59.4442034438815,-34.4421382045266 -59.443877029532,-34.4421367203903 -59.4438716536436,-34.4429480015897 -59.443545236163,-34.4429465165372 -59.4435434431008,-34.4432169435647 -59.4432170245924,-34.443215457626 -59.4432152304546,-34.4434858846263 -59.4435416500146,-34.44348737058 -59.4435398569046,-34.4437577975833 -59.4432134362928,-34.4437563116147 -59.4432116421072,-34.4440267385909 -59.4428852204676,-34.444025251736 -59.4428834252063,-34.4442956786853 -59.4432098478976,-34.4442971655551 -59.4432062594068,-34.4448380194474 -59.4428798346119,-34.4448365325476 -59.4428816299211,-34.4445661056224 -59.4425552062019,-34.4445646178663 -59.4425516134561,-34.4451054716745 -59.4422251876574,-34.445103983017 -59.4422233901968,-34.4453744098881 -59.4418969633702,-34.4453729203442 -59.4418933662735,-34.4459137740202 -59.4415669373673,-34.4459122835749 -59.4415633380711,-34.4464531371726 -59.4412369070851,-34.446451645826 -59.4412351063492,-34.4467220725917 -59.4409086743353,-34.4467205803587 -59.4409068725235,-34.4469910070973 -59.4399275734705,-34.4469865251245 -59.4399365980672,-34.4456343915359 -59.4402630258016,-34.4456358863231 -59.4402684371156,-34.4448246059801 -59.4405948617186,-34.4448260998508 -59.4405966643901,-34.4445556730307 -59.4402702408388,-34.444554179175 -59.440272044538,-34.4442837523578 -59.4405984670376,-34.4442852461984 -59.4406056773872,-34.4432035387489 -59.4412585140447,-34.443206523696 -59.4412603144687,-34.4429360967734 -59.4409338971796,-34.4429346047505 -59.4409356986313,-34.4426641778309 -59.4412621148687,-34.4426656698388 -59.4412639152447,-34.4423952428921 -59.4415903304544,-34.4423967340137 -59.4415957282836,-34.4415854530561 -59.4419221403625,-34.4415869432615 -59.4419239385393,-34.4413165162365 -59.4422503495905,-34.4413180055556 -59.4422521466918,-34.4410475785036 -59.4425785567154,-34.4410490669365 -59.4425803527412,-34.4407786398574 -59.4422539437692,-34.4407771514395 -59.4422557408226,-34.4405067243634 -59.4429085566874,-34.440509700298 -59.4429103516138,-34.4402392731798 -59.4432367585305,-34.4402407598254 -59.4432403462085,-34.439699905523 -59.4435667510461,-34.4397013912674 -59.4435703365255,-34.4391605368868 -59.443896739284,-34.4391620217302 -59.4439021141695,-34.4383507400241 -59.4442285137975,-34.4383522239514 -59.4442320948323,-34.4378113693905 -59.4445584923813,-34.4378128524168 -59.4445602818115,-34.4375424251034 -59.444886678333,-34.4375439072437 -59.4448902550191,-34.4370030525507 -59.4452166494616,-34.4370045337901 -59.4452237983425,-34.4359228241998 -59.4448974081053,-34.4359213430201 -59.4448991963172,-34.4356509156072 -59.4445728071552,-34.4356494335713 -59.4445745963946,-34.4353790061614 -59.4449009845054,-34.4353804881824 -59.4449027726697,-34.4351100607454 -59.445229159753,-34.4351115418805 -59.4452309468422,-34.4348411144166 -59.4449045608101,-34.4348396332964 -59.4449063489268,-34.4345692058354 -59.4452327339076,-34.4345706869406 -59.4452380949609,-34.4337594044403 -59.4449117131337,-34.4337579233798 -59.4449099250886,-34.434028350877 -59.4436043938136,-34.4340224178651 -59.4436026015397,-34.4342928452906 -59.442949833943,-34.4342898735286 -59.4429444506706,-34.4351011556431 -59.4426180637544,-34.4350996684106 -59.4426162682312,-34.435370095743 -59.441963492368,-34.4353671186351 -59.4419670875956,-34.4348262640182 -59.4413143160333,-34.434823283486 -59.4413107166006,-34.4353641380429 -59.4409843287529,-34.4353626464402 -59.4409861295325,-34.4350922191828 -59.44065974276,-34.4350907267241 -59.4406579409292,-34.4353611539665 -59.4400051653538,-34.4353581664058 -59.4400033613963,-34.4356285936061 -59.4396769725934,-34.4356270985042 -59.4396751675606,-34.4358975256774 -59.4390223879243,-34.4358945328301 -59.4390205807649,-34.4361649599611 -59.4386941899315,-34.4361634622158 -59.4386923816966,-34.4364338893197 -59.4383659898361,-34.4364323906883 -59.4383677991223,-34.4361619635995 -59.4380414083372,-34.436160464112 -59.4380395979996,-34.4364308911857 -59.4377132061873,-34.436429390812 -59.4377077718759,-34.4372406719156 -59.4370549820156,-34.4372376684643 -59.4370531684274,-34.4375080954445 -59.4367267724821,-34.4375065923971 -59.4367249578183,-34.43777701935 -59.4363985608458,-34.4377755154163 -59.4363967451064,-34.4380459423421 -59.4360703471067,-34.4380444375222 -59.4360685302918,-34.4383148644207 -59.4357421312648,-34.4383133587145 -59.4357384954594,-34.4388542124451 -59.4354120943538,-34.4388527058374 -59.4354084563485,-34.4393935594895 -59.4350820531642,-34.4393920519802 -59.4350802330737,-34.439662478773 -59.4344274246749,-34.4396594611106 -59.4344256024571,-34.439929887861 -59.4340991972427,-34.4399283777078 -59.434093727289,-34.4407396578409 -59.4347465440515,-34.4407426773671 -59.4347429015005,-34.4412835307896 -59.4353957225663,-34.4412865468916 -59.4353939033576,-34.4415569736151 -59.4357203149784,-34.4415584803743 -59.4357166785915,-34.4420993338154 -59.4360430923398,-34.4421008397337 -59.4360412751617,-34.4423712664513 -59.435388445586,-34.442368253713 -59.4353902648674,-34.4420978270258 -59.4350638511676,-34.4420963193649 -59.435067491761,-34.4415554659845 -59.4344146686405,-34.4415524481096 -59.434416491004,-34.4412820214317 -59.4337636700839,-34.4412790001022 -59.4337654945262,-34.4410085734426 -59.4334390851542,-34.4410070614861 -59.4334409106238,-34.4407366348297 -59.4327880940559,-34.4407336083336 -59.4327862664831,-34.4410040349596 -59.4321334479095,-34.4410010049481 -59.4321297884847,-34.441541858103 -59.4324561998625,-34.4415433735748 -59.4324543711651,-34.4418138001494 -59.4321279587357,-34.4418122846623 -59.4321224693425,-34.4426235642679 -59.4324488849268,-34.4426250798008 -59.4324433984691,-34.4434363593435 -59.4321169797298,-34.4434348437649 -59.4321151498101,-34.4437052702398 -59.4317887300435,-34.4437037537746 -59.4317905610149,-34.443433327315 -59.4314641423244,-34.4434318099938 -59.4314659743231,-34.4431613835374 -59.4311395567086,-34.4431598653601 -59.4311413897345,-34.4428894389069 -59.4308149731962,-34.4428879198736 -59.4308168072494,-34.4426174934236 -59.431143222736,-34.4426190124416 -59.4311450557131,-34.4423485859643 -59.4314714701725,-34.4423501040957 -59.4314751339501,-34.4418092510743 -59.4318015463307,-34.4418107683039 -59.4318052079075,-34.4412699152037 -59.4308259771485,-34.4412653609926 -59.4308241432175,-34.441535787503 -59.4304977319618,-34.4415342676748 -59.4304958969548,-34.4418046941578 -59.4301694846719,-34.4418031734431 -59.430160304012,-34.4431553056005 -59.4304867215531,-34.4431568263917 -59.4304848863994,-34.4434272528022 -59.4308113050166,-34.4434287727374 -59.4308076367393,-34.4439696255529 -59.4311340574843,-34.4439711446473 -59.4311322243607,-34.4442415710523 -59.4321114898976,-34.4442461231533 -59.4321096599048,-34.444516549592 -59.432436082851,-34.4445180652316 -59.4324379117921,-34.4442476387776 -59.4327643337108,-34.4442491535306 -59.4327679894165,-34.4437083005561 -59.4330944092562,-34.4437098144073 -59.4330962360208,-34.4434393878867 -59.4334226548331,-34.4434409008513 -59.4334153518357,-34.4445226069222 -59.4340681979471,-34.4445256303591 -59.4340645505095,-34.4450664833829 -59.4343909757052,-34.4450679938248 -59.4343891530017,-34.4453384203338 -59.4340627267542,-34.4453369098768 -59.4340590791707,-34.4458777628282 -59.4343855075218,-34.4458792733156 -59.4343818619447,-34.4464201262491 -59.4340554314899,-34.4464186157313 -59.4340536076131,-34.4466890421648 -59.4337271761308,-34.4466875307604 -59.4337253511778,-34.4469579571666 -59.434051783712,-34.4469594685862 -59.4340444878645,-34.4480411741511 -59.4337180511226,-34.4480396626707 -59.433716226048,-34.4483100890166 -59.4320840374443,-34.4483025184661 -59.4320913586351,-34.4472208133149 -59.4324177920995,-34.4472223291069 -59.4324196212843,-34.4469519027737 -59.4327460537211,-34.4469534176791 -59.4327570220073,-34.4453308593348 -59.4324305958814,-34.4453293445209 -59.4324324248957,-34.4450589181032 -59.432105999846,-34.4450574024331 -59.4321078298876,-34.4447869760186 -59.430475710264,-34.4447793846741 -59.43047754554,-34.4445089583238 -59.4298246999652,-34.4445059157171 -59.4298265373202,-34.4442354893854 -59.4295001156213,-34.4442339667904 -59.4295019540035,-34.4439635404619 -59.4291755333808,-34.4439620170108 -59.4291773727903,-34.4436915906856 -59.4295037923613,-34.4436931141214 -59.4295056306945,-34.4434226877688 -59.4298320492383,-34.4434242103179 -59.4298338864954,-34.443153783938 -59.4291810515357,-34.4431507379991 -59.4291828908716,-34.4428803116377 -59.4295093072875,-34.4428818350275 -59.4295111455473,-34.4426114086387 -59.429184730183,-34.4426098852642 -59.4291865694699,-34.4423394588787 -59.4285337409181,-34.4423364095466 -59.4285355822838,-34.4420659831797 -59.4278827559334,-34.4420629303932 -59.4278735383432,-34.4434150619535 -59.4275471199466,-34.4434135341765 -59.4275489645655,-34.4431431079039 -59.4272225472451,-34.443141579271 -59.4272280841091,-34.442330300427 -59.4269016699683,-34.4423287709689 -59.4269053631912,-34.4417879183767 -59.4259261272262,-34.4417833248672 -59.4259298266603,-34.4412424723191 -59.4256034168244,-34.4412409394376 -59.425605267556,-34.4409705131609 -59.4242996326655,-34.4409643729841 -59.4243014875787,-34.4406939467571 -59.4239750799694,-34.4406924095503 -59.4239732240047,-34.4409628357619 -59.4236468153686,-34.4409612976683 -59.4236505293763,-34.4404204452641 -59.423324122868,-34.4404189063304 -59.4233278388798,-34.4398780539088 -59.4230014344993,-34.4398765141348 -59.423005152515,-34.439335661696 -59.4226787502623,-34.4393341210818 -59.4226806102844,-34.4390636948598 -59.4220278079562,-34.4390606110488 -59.4220296700565,-34.4387901848458 -59.4207240699039,-34.438784006832 -59.4207222035978,-34.4390544329729 -59.4210486046501,-34.4390559787986 -59.4210411433831,-34.4401376833038 -59.4213675486662,-34.4401392283205 -59.4213619556095,-34.4409505066193 -59.4210355471717,-34.4409489615559 -59.4210318162399,-34.4414898136637 -59.4200525847665,-34.4414851731528 -59.4200507161085,-34.4417555991419 -59.4197243046156,-34.4417540505469 -59.4197205651217,-34.4422949024577 -59.4200469787178,-34.4422964510839 -59.4200413724451,-34.4431077289062 -59.4203677892211,-34.4431092767079 -59.4203659214653,-34.4433797026401 -59.4206923393179,-34.443381249586 -59.4206886058352,-34.4439221014453 -59.421015025816,-34.443923647551 -59.4210056969325,-34.4452757770659 -59.4206792716929,-34.4452742308825 -59.4206774047899,-34.4455446567337 -59.4203509785234,-34.4455431096633 -59.4203491105437,-34.4458135354869 -59.4200226832503,-34.4458119875296 -59.4200245522819,-34.4455415617216 -59.4196981260652,-34.4455400129084 -59.4196999961236,-34.4452695871039 -59.4190471458687,-34.4452664868947 -59.4190490180057,-34.4449960611093 -59.4183961699541,-34.4449929574458 -59.4183942957135,-34.4452633832 -59.4180678706734,-34.4452618300456 -59.4180697459657,-34.444991404307 -59.417416898064,-34.4449882954154 -59.4174150206681,-34.4452587211226 -59.417088595703,-34.4452571653541 -59.4170923525733,-34.4447163139588 -59.4167659297368,-34.4447147573503 -59.4167678091861,-34.4444443316502 -59.4164413874263,-34.4444427741859 -59.4164470287792,-34.4436314970602 -59.4161206101996,-34.4436299387716 -59.416126254482,-34.4428186615843 -59.4157998390825,-34.4428171024714 -59.4158036039153,-34.4422762509842 -59.4154771906441,-34.4422746910315 -59.4154809574798,-34.4417338395273 -59.415154546337,-34.4417322787347 -59.4151564307688,-34.4414618529803 -59.4148300207026,-34.4414602913321 -59.4148319061608,-34.4411898655813 -59.4145054971714,-34.4411883030776 -59.4145073836561,-34.4409178773305 -59.4141809757433,-34.4409163139713 -59.4141828632544,-34.4406458882277 -59.4132036428217,-34.4406411929701 -59.4132017521561,-34.4409116186664 -59.4125489365572,-34.440908484107 -59.412545150944,-34.4414493354003 -59.4122187410792,-34.4414477667823 -59.4122035892044,-34.4436111713463 -59.4118771709519,-34.4436096017307 -59.4118676949512,-34.4449617291119 -59.4121941184623,-34.4449632988065 -59.4121884357141,-34.4457745751377 -59.4118620090477,-34.4457730053957 -59.411860113696,-34.4460434307995 -59.411533686003,-34.4460418601704 -59.4115317895742,-34.4463122855463 -59.4105525034914,-34.446307568383 -59.4105544030756,-34.4460371430545 -59.4095751203761,-34.4460324180962 -59.4095770230904,-34.4457619928032 -59.4076184646871,-34.4457525194543 -59.407616555662,-34.446022944652 -59.4072901282986,-34.4460213626948 -59.4072882181963,-34.4462917878645 -59.4069617898065,-34.44629020502 -59.4069598786269,-34.4465606301617 -59.4063070198201,-34.4465574618266 -59.4063051065113,-34.4468278869244 -59.4056522457029,-34.4468247150717 -59.4056503302649,-34.4470951401255 -59.4049974674549,-34.4470919647553 -59.4049955498876,-34.447362389765 -59.4043426850761,-34.4473592108771 -59.4043407653795,-34.4476296358429 -59.4036878985665,-34.4476264534372 -59.4036859767405,-34.4478968783588 -59.4030331079262,-34.4478936924354 -59.4030350318559,-34.4476232675458 -59.4033614651984,-34.4476248609272 -59.4033633880507,-34.4473544360095 -59.4036898203668,-34.4473560285035 -59.4036917421416,-34.4470856035577 -59.4040181734315,-34.4470871951642 -59.4040200941288,-34.4468167701903 -59.4043465243925,-34.4468183609094 -59.4043522831753,-34.4460070858673 -59.4046787103091,-34.446008675667 -59.4046825472662,-34.4454678255466 -59.4050089723219,-34.445469414443 -59.4050108897103,-34.4451989893486 -59.405663737795,-34.4452021644953 -59.4056656530543,-34.444931739357 -59.4063184991376,-34.4449349109863 -59.4063204122679,-34.444664485804 -59.406646834296,-34.4446660702957 -59.4066487463491,-34.4443956450854 -59.406975167351,-34.4443972286898 -59.4069789892774,-34.443856378201 -59.4073054082013,-34.4438579609023 -59.4073149573133,-34.4425058343895 -59.4069885436476,-34.4425042517679 -59.4069942759642,-34.4416929757631 -59.4066678654789,-34.4416913923179 -59.4066716889991,-34.4411505416195 -59.4063452806424,-34.4411489573351 -59.4063471934158,-34.4408785319837 -59.4060207861361,-34.4408769468439 -59.4060246137095,-34.4403360961369 -59.4056982085584,-34.4403345101578 -59.4057001233584,-34.4400640848021 -59.4053737192843,-34.4400624979678 -59.4053756351102,-34.439792072616 -59.4050492321131,-34.4397904849264 -59.4050530657914,-34.4392496342186 -59.4047266649228,-34.4392480456898 -59.4047305006017,-34.4387071949656 -59.4044041018615,-34.4387056055976 -59.4044060207141,-34.4384351802334 -59.4040796230509,-34.4384335900103 -59.4040815429293,-34.43816316465 -59.4037551463431,-34.4381615735717 -59.4037609089789,-34.4373502974664 -59.4034345155724,-34.4373487055651 -59.4034364374512,-34.4370782801885 -59.4037628298063,-34.4370798720738 -59.4037724335593,-34.4357277449296 -59.4040988206835,-34.4357293358638 -59.4041026599031,-34.4351884848896 -59.4037762748814,-34.4351868939875 -59.4037839572183,-34.4341051919582 -59.4034575764271,-34.4341036002491 -59.4034594979985,-34.4338331747276 -59.4031331182841,-34.4338315821635 -59.4031350408811,-34.4335611566459 -59.4028086622435,-34.4335595632268 -59.402810585866,-34.4332891377133 -59.4024842083051,-34.4332875434392 -59.4024861329532,-34.4330171179296 -59.4018333800107,-34.4330139268008 -59.4018353067353,-34.4327435013112 -59.4008561806675,-34.4327387081339 -59.4008542507895,-34.4330091335753 -59.4005278744339,-34.4330075340915 -59.4005259434791,-34.4332779595047 -59.3998731887428,-34.4332747578921 -59.3998712556599,-34.433545183261 -59.3995448772793,-34.4335435811321 -59.3995352062226,-34.4348957077149 -59.3998615898592,-34.4348973099244 -59.3998596566217,-34.4351677352208 -59.4001860413353,-34.4351693365754 -59.4001841091234,-34.4354397618759 -59.400510494914,-34.4354413623755 -59.4005085637275,-34.43571178768 -59.4008349505951,-34.4357133873247 -59.4008310902476,-34.4362542379297 -59.4014838682651,-34.4362574346702 -59.4014819401553,-34.4365278599868 -59.4018083302539,-34.4365294570665 -59.4018064031698,-34.436799882387 -59.4031119680261,-34.4368062620594 -59.4031100451216,-34.4370766874321 -59.4027836528178,-34.4370750938046 -59.4027817288363,-34.4373455191491 -59.4021289422028,-34.4373423292487 -59.402127016093,-34.4376127545491 -59.4018006217633,-34.4376111582762 -59.4017929128619,-34.4386928592926 -59.4021193113971,-34.4386944556298 -59.4021154588951,-34.4392353060977 -59.4027682602483,-34.4392384962227 -59.4027644118495,-34.4397793467065 -59.4030908146675,-34.4397809404943 -59.4030831217682,-34.4408626413811 -59.4027567147442,-34.4408610475291 -59.4027528660377,-34.441401897868 -59.4024264569362,-34.4414003031127 -59.4024245314929,-34.441670728248 -59.4020981213655,-34.4416691326054 -59.402096194845,-34.4419395577126 -59.401443372564,-34.4419363637816 -59.4014453011877,-34.4416659387065 -59.4007924811128,-34.4416627413227 -59.4007944118139,-34.4413923162678 -59.4004680028666,-34.4413907162851 -59.4004699345936,-34.4411202912342 -59.4001435267236,-34.4411186903964 -59.4001454594764,-34.4408482653495 -59.3998190526836,-34.4408466636565 -59.3998171188793,-34.4411170886873 -59.3991643032681,-34.4411138826556 -59.399160431376,-34.4416547326163 -59.3988340215059,-34.4416531282613 -59.3988301474074,-34.4421939781415 -59.39850373546,-34.442192372883 -59.3984979209637,-34.4430036475643 -59.3988243360659,-34.4430052528713 -59.3988165872493,-34.4440869523418 -59.3981637486572,-34.4440837407273 -59.3981618092851,-34.4443541655325 -59.3971825484357,-34.4443493415273 -59.3971806058826,-34.4446197662718 -59.3965277633423,-34.4446165458793 -59.3965258186598,-34.4448869705794 -59.3952201296835,-34.4448805192735 -59.3952220785729,-34.4446100946383 -59.3948956574454,-34.4446084796497 -59.3948937075043,-34.4448789042686 -59.3945672853511,-34.4448772883924 -59.3945692363439,-34.4446068637898 -59.393916394219,-34.4446036294559 -59.3939144411227,-34.444874054026 -59.3926087529783,-34.4448675748371 -59.392606795649,-34.4451379993299 -59.3929332186977,-34.4451396204505 -59.3929234369187,-34.4464917428151 -59.3932498652524,-34.4464933631458 -59.393245954462,-34.4470342120397 -59.3925930936132,-34.4470309704417 -59.3925950511251,-34.4467605460334 -59.3922686217917,-34.4467589239436 -59.3922705803294,-34.4464884995396 -59.3919441520739,-34.4464868765947 -59.3919461116373,-34.4462164521948 -59.3916196844598,-34.4462148283949 -59.3916216450488,-34.4459444039993 -59.3912952189492,-34.4459427793443 -59.3912991421525,-34.4454019305496 -59.3909727181826,-34.445400305056 -59.3909746807968,-34.4451298806569 -59.3906482579047,-34.4451282543082 -59.3906521851581,-34.4445874055065 -59.3903257643958,-34.4445857783192 -59.3903277290349,-34.4443153539166 -59.3900013093504,-34.4443137258743 -59.3900032750151,-34.444043301476 -59.3893504378281,-34.4440400428103 -59.38935240557,-34.4437696184327 -59.3883731531412,-34.4437647239486 -59.3883751240118,-34.4434942996081 -59.3880487076398,-34.4434926663872 -59.3880506795358,-34.4432222420511 -59.3877242642417,-34.4432206079754 -59.387722291294,-34.4434910322951 -59.3873958749745,-34.4434893973316 -59.3873978489738,-34.4432189730283 -59.386745018517,-34.4432157005204 -59.3867469945934,-34.442945276238 -59.387073408757,-34.4429469129112 -59.3870753837553,-34.4426764886002 -59.3864225575577,-34.4426732144156 -59.386424534633,-34.4424027901255 -59.385771710644,-34.4423995124888 -59.3857736897961,-34.4421290882196 -59.3847944571653,-34.4421241652796 -59.3847924748584,-34.4423945894993 -59.3844660629827,-34.4423929467603 -59.3844620961864,-34.4429337951303 -59.3841356822339,-34.4429321514869 -59.3841297286863,-34.4437434239018 -59.3844561457938,-34.4437450675947 -59.3844442442948,-34.4453676121974 -59.384770667739,-34.4453692551182 -59.3847686851151,-34.4456396791929 -59.3850951096374,-34.4456413212589 -59.3850911464139,-34.446182169405 -59.3837854400687,-34.4461755957807 -59.3837894117065,-34.4456347477668 -59.3834629872899,-34.4456331022153 -59.3834768945507,-34.4437401339019 -59.3831504775226,-34.4437384875951 -59.3831544528907,-34.4431976394299 -59.3834808678155,-34.4431992857037 -59.3834908005142,-34.4418471649965 -59.3838172102074,-34.4418488103162 -59.3838191956162,-34.441578386122 -59.3834927869745,-34.4415767408188 -59.3834967598158,-34.4410358924272 -59.3831703533037,-34.441034246286 -59.3831723407361,-34.4407638220886 -59.3821931245134,-34.4407588784873 -59.3821951150739,-34.4404884543276 -59.3812159022444,-34.4404835029352 -59.3812139085294,-34.4407539270451 -59.3808875032545,-34.440752274822 -59.3808855084614,-34.4410226989032 -59.3805591021616,-34.4410210457922 -59.3805551103926,-34.4415618938851 -59.3799022936667,-34.441558584983 -59.3798903051021,-34.4431811287719 -59.3802167197614,-34.4431827837585 -59.3802147226257,-34.4434532076977 -59.3798883069148,-34.4434515526944 -59.3798803138994,-34.4445332482637 -59.3795538940084,-34.4445315923226 -59.3795578926727,-34.4439907445954 -59.3792314749118,-34.4439890878163 -59.3792354755729,-34.4434482400741 -59.3789090599419,-34.443446582457 -59.3789110612841,-34.4431761585845 -59.3792374758635,-34.4431778161849 -59.3792394761274,-34.4429073922836 -59.3795658896818,-34.4429090489961 -59.3795678888674,-34.4426386250661 -59.3792414763647,-34.4426369683703 -59.3792434765753,-34.4423665444448 -59.3795698880264,-34.4423682011239 -59.379577884396,-34.4412865052346 -59.3799042916676,-34.4412881609759 -59.3799142812726,-34.4399360407591 -59.3792614772713,-34.439932728572 -59.3792634772154,-34.4396623045257 -59.377631472936,-34.4396540088957 -59.3776334781107,-34.4393835849208 -59.3769806786888,-34.4393802606041 -59.3769826859396,-34.4391098366506 -59.3760034901617,-34.4391048436921 -59.3760014797566,-34.4393752675954 -59.3753486806024,-34.4393719345672 -59.3753466680676,-34.4396423584249 -59.3711034625165,-34.4396206085849 -59.371101436286,-34.4398910322117 -59.3704486337333,-34.4398876729812 -59.3704466053729,-34.4401580965622 -59.3707730076872,-34.4401597766299 -59.3707689529881,-34.4407006237893 -59.3710953574324,-34.4407023030196 -59.3710933310938,-34.4409727265981 -59.3717461421664,-34.4409760824789 -59.3717441179039,-34.4412465060791 -59.3720705245322,-34.4412481827295 -59.3720685012943,-34.4415186063345 -59.3723949090011,-34.4415202821306 -59.3723928867877,-34.4417907057403 -59.372719295573,-34.441792380682 -59.3727172743843,-34.4420628042965 -59.3730436842481,-34.4420644783838 -59.373041664084,-34.4423349020031 -59.3733680750263,-34.442336575236 -59.3733640367206,-34.4428774224718 -59.373690449793,-34.4428790948672 -59.3736884316514,-34.4431495184838 -59.3746676741848,-34.4431545304926 -59.3746656591712,-34.4434249541475 -59.3749920744544,-34.4434266230914 -59.3749900604656,-34.443697046751 -59.3753164768273,-34.4436987148404 -59.3753043986412,-34.4453212566452 -59.37563082134,-34.4453229239639 -59.3756288092668,-34.4455933475725 -59.3759552330441,-34.4455950140366 -59.3759532219959,-34.4458654376499 -59.3762796468518,-34.4458671032593 -59.3762776368285,-34.4461375268773 -59.3788890450528,-34.4461508205177 -59.3788870434171,-34.4464212442573 -59.3798663250971,-34.4464262150447 -59.3798643265903,-34.4466966388222 -59.3811700400769,-34.4467032544059 -59.3811680457508,-34.4469736782379 -59.3814944752407,-34.4469753299719 -59.3814884952583,-34.4477866014452 -59.3811620626128,-34.4477849496613 -59.3811600681803,-34.448055373445 -59.3808336345095,-34.448053720773 -59.3808356299938,-34.447783297006 -59.3801827648357,-34.4477799890811 -59.3801847623972,-34.4475095653352 -59.3795318994492,-34.4475062539579 -59.3795338990879,-34.4472358302333 -59.3775753171952,-34.4472258752872 -59.3775733112454,-34.4474962989117 -59.375614724004,-34.4474863124944 -59.3756127117163,-34.4477567360063 -59.3746334153018,-34.4477517309832 -59.3746313998317,-34.4480221544327 -59.3707142039722,-34.4480020557095 -59.3707182601305,-34.4474612092028 -59.3710446908667,-34.4474628888555 -59.3710467178534,-34.4471924655671 -59.372352436861,-34.4471991753962 -59.3723544596134,-34.4469287520282 -59.3730073171753,-34.4469321016806 -59.3730093377971,-34.4466616782669 -59.3736621933631,-34.4466650244 -59.3736642118543,-34.4463946009405 -59.3739906386258,-34.4463962726832 -59.3739946734241,-34.4458554256943 -59.3743210981189,-34.445857096532 -59.3743251307061,-34.4453162494611 -59.3746515533243,-34.4453179193938 -59.3746555837006,-34.444777072241 -59.3743291631858,-34.4447754023419 -59.3743311793854,-34.4445049787642 -59.3740047599492,-34.4445033080106 -59.3740067771736,-34.4442328844376 -59.373680358816,-34.4442312128294 -59.3736823770652,-34.4439607892611 -59.3733559597862,-34.4439591167985 -59.3733599983072,-34.4434182696593 -59.3727071680366,-34.4434149221875 -59.37270918936,-34.4431444986335 -59.3723827753167,-34.4431428236075 -59.372386819986,-34.4426019764969 -59.3720604080729,-34.4426003006333 -59.3720624314187,-34.4423298770767 -59.3717360205841,-34.4423282003588 -59.3717380449545,-34.442057776807 -59.3688003581237,-34.4420426472915 -59.3687840866877,-34.4442060341499 -59.3684576687622,-34.4442043486008 -59.368455633659,-34.4444747718867 -59.3681292147089,-34.4444730854493 -59.3681312508637,-34.4442026621803 -59.3678048329924,-34.4442009748886 -59.3678109444491,-34.4433897050601 -59.36748452976,-34.443388016948 -59.3674865679095,-34.4431175936646 -59.3671601542992,-34.4431159046982 -59.36716423262,-34.4425750581292 -59.3668378211401,-34.4425733683255 -59.3668398613113,-34.4423029450399 -59.3665134509101,-34.442301254382 -59.3665175332742,-34.4417604078084 -59.3668439415723,-34.4417620984323 -59.3668480217245,-34.4412212517764 -59.3665216155296,-34.4412195611865 -59.3665481475372,-34.4377040569657 -59.3737287893739,-34.4377410438552 -59.3737308069776,-34.4374706199969 -59.3740571990474,-34.4374722911847 -59.374059215573,-34.4372018672974 -59.3747119976904,-34.4372052070261 -59.3747140120865,-34.4369347830932 -59.3750404021341,-34.4369364516342 -59.375042415452,-34.4366660276724 -59.3756951935252,-34.4366693621075 -59.3756992158754,-34.4361285140806 -59.375372828928,-34.4361268473321 -59.3753828895906,-34.4347747271372 -59.3750565079262,-34.4347730596016 -59.3750625471555,-34.43396178739 -59.3747361686714,-34.4339601190337 -59.3747462387728,-34.4326079985233 -59.3757253585387,-34.4326130007276 -59.3757193260184,-34.4334242732211 -59.3760457024806,-34.4334259389309 -59.3760436926381,-34.433696363088 -59.3763700701782,-34.4336980279436 -59.3763640436433,-34.4345093003926 -59.3766904243638,-34.4345109644275 -59.3766884165165,-34.4347813885697 -59.3770147983149,-34.4347830517503 -59.3770107846424,-34.435323900032 -59.3773371685699,-34.435325562375 -59.377333156893,-34.4358664106419 -59.3776595429498,-34.4358680721473 -59.3776555332684,-34.4364089203992 -59.3779819214545,-34.436410581067 -59.377979917625,-34.4366810051916 -59.3789590854972,-34.4366859820187 -59.378957084795,-34.4369564061813 -59.3802626465363,-34.4369630298225 -59.3802606500127,-34.4372334540395 -59.3812398247521,-34.437238412674 -59.3812378313559,-34.4375088369289 -59.381890616751,-34.4375121383629 -59.381888625431,-34.437782562639 -59.3825414130349,-34.4377858606218 -59.3825394237911,-34.4380562849189 -59.3828658186842,-34.4380579326202 -59.3828638304652,-34.4383283569219 -59.3838430184577,-34.4383332948488 -59.3838410333664,-34.438603719188 -59.3871050055726,-34.4386201224864 -59.387103030969,-34.4388905469785 -59.3874294293859,-34.4388921825336 -59.3874235085716,-34.4397034559869 -59.3877499101692,-34.4397050907202 -59.3877479375633,-34.4399755151969 -59.3884007429403,-34.4399787820827 -59.3883987724111,-34.4402492065802 -59.3887251761905,-34.4402508387327 -59.3887232066865,-34.4405212632346 -59.389376016427,-34.4405245249589 -59.3893740489998,-34.4407949494815 -59.3906796730015,-34.4408014625413 -59.3906816362226,-34.4405310379532 -59.3910080412369,-34.4405326640237 -59.3910100033804,-34.4402622394072 -59.3913364073694,-34.4402638645902 -59.391340329475,-34.4397230152881 -59.3916667313871,-34.4397246395673 -59.3916706512852,-34.4391837901842 -59.391344251476,-34.4391821659378 -59.3913501342815,-34.4383708918217 -59.39069734105,-34.4383676408134 -59.3906993040357,-34.4380972161166 -59.3893937220921,-34.438090703712 -59.3893917549009,-34.4383611283433 -59.3884125655643,-34.4383562348439 -59.3884145359097,-34.4380858102618 -59.3880881405681,-34.4380841773695 -59.3880901119386,-34.4378137527918 -59.3884165062289,-34.4378153856676 -59.3884204467885,-34.4372745364431 -59.3887468390023,-34.437276168415 -59.3887488081913,-34.4370057437682 -59.3890751993801,-34.4370073748526 -59.3890811036359,-34.4361961007905 -59.389407491697,-34.4361977309546 -59.3894094586785,-34.4359273062266 -59.3890830716687,-34.4359256760789 -59.3890850396753,-34.4356552513553 -59.388758653743,-34.4356536203529 -59.3887606227747,-34.4353831956336 -59.3874550835131,-34.4353766629794 -59.3874531102765,-34.435647087633 -59.3868003387009,-34.4356438160467 -59.3868062646393,-34.4348325421485 -59.3871326472602,-34.4348341783278 -59.3871385698081,-34.4340229042715 -59.3868121903407,-34.4340212681416 -59.3868161406767,-34.4334804187433 -59.386489763338,-34.4334787817753 -59.3864917395176,-34.4332083570745 -59.3858389870215,-34.4332050805588 -59.385840965277,-34.4329346558788 -59.3855145901196,-34.432933016331 -59.3855185486539,-34.4323921669679 -59.3858449217091,-34.4323938064827 -59.3858468998856,-34.4321233817665 -59.3861732719161,-34.4321250203939 -59.3861752490151,-34.4318545956492 -59.3865016200209,-34.4318562333892 -59.3865035960426,-34.4315858086159 -59.387156336031,-34.4315890814502 -59.3871583099243,-34.4313186566319 -59.3874846789069,-34.4313202917263 -59.3874886245125,-34.4307794420205 -59.3878149914194,-34.430781076211 -59.3878169631317,-34.4305106513236 -59.3881433290139,-34.4305122846269 -59.3881472702578,-34.4299714347828 -59.3884736340643,-34.4299730671824 -59.3884756035959,-34.4297026422258 -59.3888019663777,-34.4297042737381 -59.3888039348321,-34.4294338487531 -59.3891302965892,-34.429435479378 -59.3891283291858,-34.4297059043795 -59.3897810548805,-34.4297091630497 -59.3897790895527,-34.4299795880719 -59.3901054534903,-34.4299812161171 -59.3901093820178,-34.429440366028 -59.3904357438797,-34.4294419931696 -59.3904435964169,-34.4283602927809 -59.3901172387586,-34.4283586657048 -59.390121166972,-34.4278178154707 -59.3888157450078,-34.4278112985892 -59.3888137767108,-34.4280817236467 -59.3884874202344,-34.428080092233 -59.3884854508603,-34.428350517262 -59.386853663618,-34.428342347049 -59.3868576128487,-34.4278014971433 -59.3865312575808,-34.4277998605213 -59.3865332332075,-34.4275294355668 -59.3862068790168,-34.4275277980904 -59.386208855668,-34.4272573731403 -59.3852297964066,-34.427252455536 -59.3852317761839,-34.4269820306233 -59.3845790722431,-34.4269787478996 -59.3845810540956,-34.4267083230078 -59.3839283523621,-34.4267050368342 -59.3839303362897,-34.4264346119634 -59.3832776367635,-34.4264313223399 -59.3832796227662,-34.4261608974901 -59.3819742282346,-34.4261543078604 -59.3819722380288,-34.4264247326439 -59.3813195388205,-34.4264214325714 -59.3813175464866,-34.4266918573096 -59.3809911958715,-34.4266902059506 -59.3809892024603,-34.4269606306601 -59.3793574445296,-34.4269523607209 -59.3793614418334,-34.4264115114564 -59.3796877912647,-34.4264131671524 -59.3796897888259,-34.4261427424853 -59.3800161372331,-34.426144397294 -59.3800181337168,-34.4258739725982 -59.3803444810999,-34.4258756265194 -59.3803464765063,-34.4256052017949 -59.3809991692508,-34.425608506992 -59.3810011625292,-34.4253380822222 -59.3813275078905,-34.425339733498 -59.3813295000916,-34.4250693086995 -59.3823085331828,-34.4250742572531 -59.3823105222053,-34.4248038323926 -59.3826368655713,-34.4248054801525 -59.3826348775995,-34.4250759050295 -59.3858983232218,-34.4250923349059 -59.3859003006866,-34.4248219098635 -59.3865529880264,-34.4248251853575 -59.3865549633634,-34.4245547602701 -59.3868813060221,-34.4245563966946 -59.386885254516,-34.4240155464507 -59.3872115950997,-34.4240171819715 -59.3872175144913,-34.4232059064658 -59.3868911770595,-34.4232042709942 -59.3868931511881,-34.422933845818 -59.3865668148332,-34.4229322094923 -59.386568789986,-34.4226617843204 -59.3859161194565,-34.4226585090901 -59.3859180966842,-34.4223880839391 -59.3849390942392,-34.4223831646136 -59.3849410745922,-34.4221127394999 -59.3842884085286,-34.4221094556296 -59.3842903909563,-34.421839030537 -59.3846167229243,-34.4218406728909 -59.3846187042751,-34.4215702477696 -59.385924028209,-34.4215768084135 -59.3859220510604,-34.4218472336008 -59.3869010474392,-34.421852144992 -59.3868990734159,-34.4221225702166 -59.3872254066453,-34.4221242056223 -59.3872234336463,-34.4223946308513 -59.388528771029,-34.4224011638336 -59.3885307398259,-34.4221307385389 -59.3891834065736,-34.4221339997736 -59.3891853732431,-34.421863574434 -59.3895117056057,-34.421865203729 -59.3895136711985,-34.4215947783609 -59.3898400025368,-34.421596406769 -59.3898478604438,-34.4205147051103 -59.3895215333075,-34.4205130767678 -59.3895234987693,-34.4202426513393 -59.3891971727096,-34.4202410221426 -59.3891991391957,-34.4199705967185 -59.3885464892559,-34.4199673357463 -59.3885504263511,-34.4194264849274 -59.3892030720891,-34.4194297458339 -59.3892050384965,-34.4191593203735 -59.3898576822386,-34.4191625777652 -59.389859646519,-34.41889215226 -59.3901859673789,-34.4188937796337 -59.3901879305827,-34.4186233541 -59.3905142504184,-34.4186249805868 -59.3905162125457,-34.4183545550247 -59.3914951690585,-34.4183594292132 -59.3914971280086,-34.4180890035899 -59.3918234458481,-34.4180906265621 -59.3918254037218,-34.4178202009104 -59.392151720537,-34.4178218229958 -59.3921536773342,-34.4175513973157 -59.3924799931252,-34.4175530185144 -59.3924975936746,-34.4151191867034 -59.392171287336,-34.4151175656516 -59.3921771568672,-34.4143062882129 -59.3918508537052,-34.4143046663397 -59.3918528112136,-34.414034240519 -59.3915265091278,-34.4140326177918 -59.3915284676602,-34.4137621919753 -59.3912021666506,-34.4137605683941 -59.3912041262071,-34.4134901425818 -59.3908778262737,-34.4134885181466 -59.3908797868542,-34.4132180923387 -59.3905534879971,-34.4132164670495 -59.3905515263665,-34.4134868928411 -59.3898989266305,-34.413483639619 -59.3898969628736,-34.4137540653658 -59.3895706619947,-34.4137524374329 -59.3895686971615,-34.4140228631512 -59.3892423952587,-34.4140212343316 -59.3892404293491,-34.4142916600214 -59.3889141264223,-34.4142900303151 -59.3889121594364,-34.4145604559764 -59.3885858554857,-34.4145588253833 -59.3885799512201,-34.4153701022457 -59.3882536441451,-34.4153684707329 -59.3882516749539,-34.4156388963132 -59.3879253668549,-34.4156372639136 -59.3879233965872,-34.4159076894653 -59.3866181602531,-34.4159011510974 -59.3866201347216,-34.4156307256115 -59.3862938267541,-34.4156290888599 -59.3862918512353,-34.4158995143294 -59.3853129243399,-34.415894598803 -59.3853109456441,-34.4161650242109 -59.3846583257452,-34.4161617428083 -59.3846543640734,-34.4167025935218 -59.384328052063,-34.4167009514819 -59.3843260701372,-34.416971376804 -59.383999757103,-34.4169697338771 -59.3839938080163,-34.4177810097214 -59.3836674918575,-34.4177793658744 -59.3836635235669,-34.4183202163438 -59.383337205334,-34.4183185715932 -59.3833332348368,-34.4188594219812 -59.3830069145296,-34.418857776327 -59.3830049281909,-34.4191282014864 -59.3823522855551,-34.4191249075334 -59.3823502970892,-34.4193953326475 -59.3816976524585,-34.4193920351794 -59.3816956618653,-34.4196624602482 -59.3813693385393,-34.4196608101918 -59.3813673468691,-34.4199312352319 -59.3810410225193,-34.4199295842883 -59.3810390297721,-34.4202000092998 -59.3807127043984,-34.4201983574691 -59.3807107105742,-34.4204687824518 -59.3803843841766,-34.4204671297339 -59.3803803943475,-34.4210079796299 -59.3800540658755,-34.4210063260082 -59.3800500738391,-34.4215471758226 -59.3797237432927,-34.421545521297 -59.379721746184,-34.4218159461694 -59.3784164200627,-34.4218093192946 -59.3784184213735,-34.4215388944889 -59.3780920909603,-34.4215372356104 -59.3780940932949,-34.4212668108092 -59.3777677639589,-34.4212651510769 -59.377771770649,-34.4207243014718 -59.3774454434407,-34.4207226409023 -59.3774494521249,-34.4201817912823 -59.375817826989,-34.4201734755438 -59.3758198365432,-34.4199030507993 -59.375167188777,-34.4198997184438 -59.3751712120068,-34.4193588689857 -59.3748448902648,-34.4193572015357 -59.3748469028899,-34.4190867768053 -59.3751732235815,-34.4190884442386 -59.3751752351294,-34.4188180194793 -59.3758278744923,-34.4188213517008 -59.3758258650452,-34.4190917764935 -59.376478506616,-34.4190951052665 -59.3764764992429,-34.4193655300807 -59.3768028211188,-34.4193671931782 -59.3768008147694,-34.4196376179971 -59.3777797837088,-34.4196426021166 -59.377781786907,-34.4193721772476 -59.3784344308993,-34.419375495608 -59.37843643197,-34.4191050706935 -59.3790890739682,-34.4191083855385 -59.3790910729114,-34.4188379605786 -59.3797437129154,-34.4188412719083 -59.3797457097313,-34.418570846903 -59.3800720287228,-34.4185725012454 -59.3800740244618,-34.4183020762114 -59.3804003424295,-34.4183037296667 -59.3804043317269,-34.4177628795291 -59.3807306476206,-34.4177645320807 -59.3807326411791,-34.4174941069772 -59.381058956049,-34.4174957586417 -59.3810629409858,-34.4169549083652 -59.3813892537817,-34.416956559126 -59.3813972191355,-34.4158748583615 -59.3810709105406,-34.4158732076671 -59.381072902863,-34.4156027824624 -59.3800939803884,-34.4155978252067 -59.3800959758348,-34.4153274000398 -59.3797696694466,-34.4153257458971 -59.3797716659166,-34.4150553207348 -59.3794453606052,-34.4150536657384 -59.3794473580988,-34.4147832405806 -59.3791210538642,-34.4147815847305 -59.3791250508718,-34.4142407344121 -59.3787987487641,-34.4142390777249 -59.3788067466601,-34.4131573770098 -59.3791330445673,-34.4131590336302 -59.3791370412553,-34.4126181831669 -59.3794633370889,-34.4126198388837 -59.3794813114167,-34.4101860110506 -59.3791550250329,-34.4101843554837 -59.379159021135,-34.4096435047546 -59.3788327368778,-34.4096418483509 -59.3788367349731,-34.4091009976068 -59.3781841707381,-34.4090976822556 -59.3781881729263,-34.4085568315299 -59.3762304934598,-34.4085468647925 -59.3762284860799,-34.4088172900611 -59.3755759243719,-34.4088139608205 -59.3755739148656,-34.4090843860435 -59.3749213511649,-34.4090810532887 -59.3749193395321,-34.4093514784661 -59.3745930566721,-34.4093498107667 -59.3745850056727,-34.4104315112881 -59.3749112927323,-34.4104331790547 -59.3749072691716,-34.4109740292765 -59.3752335583579,-34.4109756962064 -59.3752295367899,-34.4115165464135 -59.375555828103,-34.4115182125067 -59.3755497987001,-34.412329487777 -59.37587609319,-34.4123311530502 -59.3758660488998,-34.4136832783429 -59.3755397491595,-34.4136816129859 -59.3755357291557,-34.4142224629849 -59.375209427342,-34.414220796724 -59.3752013828124,-34.4153024965099 -59.3748750768248,-34.4153008293116 -59.3748730645752,-34.4155712542111 -59.3745467575642,-34.4155695861256 -59.3745548106024,-34.4144878865222 -59.374228507819,-34.4144862176335 -59.3742305220616,-34.4142157927193 -59.3739042203551,-34.414214122977 -59.373906235621,-34.4139436980675 -59.3735799349916,-34.4139420274717 -59.3735900161687,-34.4125899028269 -59.3739163115477,-34.4125915733387 -59.3739183266525,-34.4123211483567 -59.3742446210084,-34.4123228179813 -59.3742486490373,-34.4117819679474 -59.3739223567815,-34.4117802983564 -59.373926386803,-34.4112394483078 -59.373600096674,-34.4112377778801 -59.3736021126945,-34.4109673528546 -59.3732758236424,-34.4109656815735 -59.373277840686,-34.4106952565526 -59.3726252647623,-34.4106919114134 -59.3726232456188,-34.4109623364006 -59.3719706677028,-34.4109589877468 -59.3719686464325,-34.4112294126882 -59.3713160665243,-34.4112260605198 -59.3713140431271,-34.4114964854154 -59.3709877521634,-34.4114948080089 -59.3709897766107,-34.4112243831302 -59.370663486724,-34.4112227048704 -59.3706614612268,-34.4114931297322 -59.3703351703171,-34.4114914505852 -59.370333143743,-34.411761875418 -59.3706594357026,-34.4117635545819 -59.3706553845732,-34.4123044042451 -59.3703290905136,-34.4123027250475 -59.3703250371761,-34.4128435746286 -59.3706513333359,-34.41284525386 -59.3706472819905,-34.4133861034266 -59.3696683872918,-34.4133810630199 -59.3696704161282,-34.4131106382934 -59.3690178218977,-34.4131072737045 -59.3690056358723,-34.4147298216792 -59.3693319392747,-34.4147315045104 -59.3693299092259,-34.4150019291475 -59.3696562137055,-34.4150036111253 -59.3696541846798,-34.4152740357672 -59.3709594070693,-34.4152807550423 -59.3709573822174,-34.4155511797398 -59.3712836889325,-34.4155528573995 -59.371279641248,-34.416093706792 -59.3716059500905,-34.416095383615 -59.3716039272581,-34.4163658083101 -59.3722565471243,-34.4163691593787 -59.3722545263654,-34.4166395840954 -59.3729071484399,-34.4166429317161 -59.3729051297546,-34.4169133564544 -59.3732314418825,-34.4169150289759 -59.3732334595175,-34.4166446042209 -59.3738860817534,-34.4166479466191 -59.3738840662189,-34.4169183714078 -59.3742103784274,-34.4169200413181 -59.3742043348136,-34.4177313156622 -59.3745306501998,-34.4177329847524 -59.3745286366586,-34.4180034095264 -59.374202320222,-34.4180017404194 -59.3742003056035,-34.4182721651645 -59.3706108150229,-34.4182537473511 -59.3706087888237,-34.4185241718988 -59.3696298342624,-34.4185191305281 -59.3696359222318,-34.417707857001 -59.3693096072498,-34.417706174854 -59.3693116375692,-34.4174357503378 -59.3689853236645,-34.4174340673372 -59.3689873550071,-34.4171636428258 -59.3686610421797,-34.4171619589717 -59.3686630745455,-34.4168915344652 -59.3683367627956,-34.4168898497576 -59.3683387961846,-34.4166194252559 -59.3673598642481,-34.4166143659617 -59.367337460818,-34.4195890342557 -59.3689690719491,-34.4195974629936 -59.3689629771091,-34.4204087361653 -59.3686366516774,-34.4204070521079 -59.3686346189595,-34.4206774764574 -59.3683082925044,-34.4206757915125 -59.3683062587089,-34.420946215833 -59.3679799312305,-34.4209445300006 -59.3679778963574,-34.421214954292 -59.3673252393809,-34.4212115799815 -59.3673232023797,-34.4214820042269 -59.3666705434108,-34.4214786264002 -59.3666868554674,-34.419315232371 -59.3670131765347,-34.4193169215836 -59.3670355912198,-34.4163422533436 -59.3667092817059,-34.416340564318 -59.3667561623098,-34.410120799119 -59.3670824476719,-34.4101224877537 -59.3670844845832,-34.4098520630178 -59.3680633376824,-34.4098571236499 -59.3680613039208,-34.4101275484367 -59.3693664459655,-34.4101342838311 -59.3693684755274,-34.4098638589765 -59.3703473291952,-34.4098689013344 -59.3703493555803,-34.409598476417 -59.3706756391404,-34.4096001554457 -59.3706776644486,-34.4093297304993 -59.3710039469858,-34.4093314086409 -59.3710059712172,-34.4090609836656 -59.3713322527315,-34.4090626609201 -59.3713362990136,-34.4085218108994 -59.3716625784552,-34.40852348725 -59.371664600506,-34.4082530622047 -59.3719908789246,-34.4082547376683 -59.3720009835255,-34.406902612176 -59.3716747103558,-34.4069009367967 -59.3716767322449,-34.4066305116788 -59.3700453720496,-34.4066221218153 -59.3700473991604,-34.4063516967698 -59.3693948573708,-34.4063483347676 -59.3693989157102,-34.4058074847081 -59.3697251844922,-34.4058091661104 -59.3697272125716,-34.4055387410456 -59.3700534803309,-34.4055404215609 -59.3700555073337,-34.4052699964671 -59.3707080408338,-34.4052733548538 -59.3707100657103,-34.4050029297141 -59.3710363314512,-34.4050046075855 -59.371038355251,-34.4047341824168 -59.3713646199692,-34.4047358594013 -59.3713666426924,-34.4044654342037 -59.371692906388,-34.4044671103012 -59.3716949280346,-34.4041966850747 -59.3723474534073,-34.404200034626 -59.3723494729277,-34.4039296093537 -59.3739807815821,-34.4039379679226 -59.3739787673097,-34.4042083932791 -59.3746312930587,-34.4042117306503 -59.3746333052319,-34.4039413052602 -59.3752858289889,-34.4039446391177 -59.3752898490565,-34.4034037882342 -59.3759423687223,-34.4034071185446 -59.3759443766168,-34.4031366930513 -59.3762706354403,-34.4031383568847 -59.3762746490499,-34.4025975058282 -59.376600905801,-34.4025991687583 -59.3766049172046,-34.40205831762 -59.377257426589,-34.4020616408032 -59.3772594301517,-34.4017912151825 -59.3779119375438,-34.4017945348526 -59.3779139389809,-34.4015241091863 -59.3785664443808,-34.4015274253433 -59.3785644450427,-34.4017978510428 -59.3788906988321,-34.4017995078331 -59.3788887005169,-34.4020699335373 -59.3792149553825,-34.4020715894742 -59.3792129580901,-34.402342015183 -59.3795392140318,-34.4023436702667 -59.3795332251438,-34.4031549473705 -59.3792069660535,-34.4031532922369 -59.3792049686547,-34.4034237178973 -59.3788787085415,-34.403422061877 -59.3788767100665,-34.4036924875087 -59.3795292324188,-34.4036957987127 -59.3795312287946,-34.4034253730477 -59.3801837491542,-34.4034286807383 -59.3801857434042,-34.4031582550279 -59.3808382617709,-34.4031615592053 -59.3808402538953,-34.4028911334495 -59.3811665120689,-34.4028927842166 -59.3811704941389,-34.4023519326357 -59.38149675024,-34.4023535824996 -59.3815007301049,-34.4018127308371 -59.3818269841335,-34.4018143797979 -59.3818289729766,-34.4015439539319 -59.3821552259822,-34.4015456020062 -59.3821572137494,-34.4012751761115 -59.382483465732,-34.4012768232992 -59.3824854524232,-34.401006397376 -59.3828117033828,-34.4010080436772 -59.3828136889981,-34.4007376177253 -59.3831399389347,-34.40073926314 -59.3831419234741,-34.4004688371594 -59.3828156745869,-34.4004671917613 -59.3828176601493,-34.4001967657852 -59.383143907987,-34.4001984111668 -59.3831657358839,-34.3972237244508 -59.3828394995889,-34.3972220792514 -59.3828434700521,-34.3966812269973 -59.382517235882,-34.3966795809612 -59.3825192221231,-34.3964091548327 -59.3821929890288,-34.3964075079434 -59.3821949762927,-34.3961370818193 -59.381868744274,-34.3961354340768 -59.3818707325606,-34.3958650079573 -59.3815445016176,-34.3958633593617 -59.3815345546734,-34.3972154897557 -59.3812083185108,-34.3972138402072 -59.381204337449,-34.3977546922471 -59.3808780992143,-34.3977530417957 -59.3808761075943,-34.3980234677809 -59.3802236291061,-34.3980201642353 -59.3802256228247,-34.3977497382834 -59.3798993846697,-34.3977480852225 -59.3798973899019,-34.3980185111578 -59.3795711507242,-34.3980168572105 -59.3795731465414,-34.3977464312918 -59.378268194294,-34.3977398068711 -59.3782701942817,-34.397469381007 -59.3785964312543,-34.3974710384002 -59.3785984301661,-34.3972006125074 -59.3792509020927,-34.3972039246511 -59.3792528988793,-34.3969334987129 -59.3795791338333,-34.3969351534634 -59.3795851208858,-34.3961238755263 -59.3792588890795,-34.3961222208257 -59.3792648790402,-34.3953109428299 -59.3789386504081,-34.3953092873096 -59.3789426456805,-34.3947684352853 -59.3786164191732,-34.3947667789286 -59.3786284106461,-34.393144222666 -59.37830219046,-34.3931425655397 -59.3783041899946,-34.3928721394703 -59.3779779708842,-34.3928704814911 -59.3779799714412,-34.3926000554263 -59.3776537534065,-34.3925983965941 -59.3776557549859,-34.392327970534 -59.3770033210945,-34.3923246502941 -59.3770053247452,-34.3920542242553 -59.3763528930587,-34.3920509005703 -59.3763488815346,-34.3925917525688 -59.375696445759,-34.3925884253383 -59.3757004614791,-34.3920475734068 -59.3753742457294,-34.3920459085206 -59.3753762545983,-34.3917754825534 -59.3747238252772,-34.3917721502057 -59.3747258362173,-34.3915017242601 -59.3743996226459,-34.3915000567986 -59.3744016346081,-34.3912296308577 -59.3740754221125,-34.3912279625433 -59.3740734091014,-34.3914983884675 -59.3737471955836,-34.3914967192668 -59.3737492096437,-34.3912262933595 -59.3734229972018,-34.391224623306 -59.373425012284,-34.3909541974034 -59.3730988009179,-34.3909525264971 -59.3731068651737,-34.3898708228331 -59.37278065803,-34.3898691511246 -59.3727826750757,-34.3895987251953 -59.3718040569526,-34.3895937049029 -59.3718020367604,-34.3898641307817 -59.3714758297244,-34.389862455595 -59.3714717871613,-34.3904033072827 -59.3711455780544,-34.3904016311926 -59.3711435556836,-34.3906720570015 -59.3708173455547,-34.390670380025 -59.370815322108,-34.3909408058049 -59.3704891109573,-34.390939127942 -59.370485061885,-34.3914799794317 -59.3701588486634,-34.3914783006654 -59.3701507459992,-34.3925600034323 -59.3698245286086,-34.3925583237288 -59.3698225018261,-34.3928287493734 -59.3701487202657,-34.3928304290939 -59.3701406170616,-34.3939121316193 -59.3704668397245,-34.3939138105377 -59.3704607651852,-34.3947250873556 -59.3707869910224,-34.394726765455 -59.3707829432929,-34.3952676166404 -59.3714353992446,-34.3952709702976 -59.3714333774378,-34.3955413959059 -59.3717596065032,-34.3955430714468 -59.3717575857186,-34.3958134970599 -59.3720838158601,-34.3958151717479 -59.3720797763084,-34.3963560229716 -59.3724060085753,-34.3963576968236 -59.3724019710143,-34.3968985480327 -59.3733806742716,-34.396903564471 -59.3733826899179,-34.396633138822 -59.3737089233415,-34.3966348092118 -59.3737109379116,-34.3963643835339 -59.3740371703129,-34.3963660530371 -59.3740331432442,-34.3969069044144 -59.3743593777707,-34.3969085730814 -59.3743573652453,-34.3971789987687 -59.3746836008479,-34.3971806665828 -59.374681589345,-34.3974510922748 -59.3750078260237,-34.3974527592358 -59.3750058155432,-34.3977231849325 -59.3756582910795,-34.3977265162787 -59.3756562826708,-34.3979969419969 -59.3759825215284,-34.397998606382 -59.3759805141422,-34.3982690321049 -59.3727181162797,-34.398252348944 -59.3727201341589,-34.3979819233891 -59.3717414184718,-34.3979769015298 -59.3717434394719,-34.3977064760134 -59.3714172020127,-34.3977048003376 -59.3714192240351,-34.3974343748259 -59.3701142786649,-34.397427663492 -59.3701122524454,-34.3976980889361 -59.369786015121,-34.3976964089113 -59.3697880423898,-34.3974259834841 -59.3694618061418,-34.3974243026063 -59.3694597778237,-34.3976947280166 -59.3691335405534,-34.3976930462522 -59.3691396285743,-34.3968817700358 -59.3688133944788,-34.3968800874524 -59.3688154248142,-34.3966096620397 -59.3681629588029,-34.3966062942974 -59.3681649912097,-34.3963358689066 -59.3675125274051,-34.3963324977191 -59.3675165963342,-34.3957916469691 -59.3671903665709,-34.3957899601046 -59.3671985083004,-34.3947082585275 -59.3668722827608,-34.3947065708613 -59.3668926456761,-34.3920023162428 -59.3672188607251,-34.3920040037391 -59.3672229308846,-34.3914631526364 -59.3675491438629,-34.3914648392292 -59.367553211816,-34.3909239880442 -59.3678794227234,-34.3909256737334 -59.3678855213031,-34.3901143968146 -59.3682117290909,-34.3901160815833 -59.3682157925775,-34.3895752302097 -59.3685419982947,-34.389576914075 -59.3685460595753,-34.3890360626192 -59.3688722632219,-34.389037745581 -59.3688783517933,-34.388226468256 -59.3692045523205,-34.3882281502975 -59.3692106375023,-34.3874168728128 -59.3695368349103,-34.3874185539341 -59.3695388622014,-34.3871481280648 -59.3692126658422,-34.3871464469605 -59.369214694155,-34.3868760210961 -59.3688884988716,-34.3868743391392 -59.3688905282061,-34.3866039132796 -59.3685643339984,-34.3866022304703 -59.3685663643546,-34.3863318046156 -59.3682401712226,-34.3863301209537 -59.3682422026004,-34.3860596951039 -59.3679160105442,-34.3860580105896 -59.3679180429436,-34.3857875847446 -59.3675918519632,-34.3857858993778 -59.3675938853841,-34.3855154735378 -59.3672676954795,-34.3855137873185 -59.3672717643373,-34.3849729356361 -59.366945576557,-34.3849712485815 -59.3670290072279,-34.3738837791416 -59.3673551520267,-34.3738854654999 -59.3673592185534,-34.3733446127789 -59.3676853612832,-34.3733462982342 -59.3676894256056,-34.3728054454309 -59.3680155662665,-34.3728071299834 -59.368017597339,-34.3725367035466 -59.368343736979,-34.3725383872131 -59.3683498268904,-34.3717271077796 -59.3686759634136,-34.3717287905262 -59.3686800211234,-34.3711879374763 -59.3690061555778,-34.3711896193201 -59.3690203493754,-34.3692966331464 -59.3686942222561,-34.3692949514211 -59.3686982794792,-34.3687540981538 -59.3683721544825,-34.3687524155935 -59.3683782432577,-34.3679411356528 -59.3680521214312,-34.3679394522745 -59.3680602436103,-34.3668577455856 -59.3683863612459,-34.3668594288961 -59.3683904200778,-34.3663185754453 -59.3687165356451,-34.3663202578531 -59.3687205922734,-34.3657794043202 -59.3690467057725,-34.3657810858253 -59.3690507601975,-34.3652402322102 -59.3693768716284,-34.3652419128127 -59.3693910539321,-34.363348924661 -59.3697171580571,-34.3633506042763 -59.3697333564045,-34.361187188386 -59.3700594521769,-34.3611888669974 -59.3700614758016,-34.3609184399399 -59.3697353810765,-34.3609167613453 -59.3697374057215,-34.3606463342926 -59.3700634993992,-34.3606480128703 -59.3700776638276,-34.358755023045 -59.370403750201,-34.3587567006357 -59.3704057725356,-34.3584862734526 -59.3717101141098,-34.3584929750626 -59.3716838761189,-34.3620085283785 -59.3713577770695,-34.3620068540596 -59.3713517183605,-34.3628181352537 -59.3710256161957,-34.3628164600156 -59.3710175333502,-34.3638981680378 -59.3706914270223,-34.3638964918635 -59.3706792956607,-34.3655190534334 -59.3703531830743,-34.365517376289 -59.3703491369763,-34.3660582300153 -59.3700230223216,-34.3660565519683 -59.3700189740204,-34.3665974056125 -59.3696928572974,-34.3665957266629 -59.3696867815002,-34.3674070069879 -59.3700129013663,-34.3674086859882 -59.3700068284693,-34.3682199662553 -59.3703329515056,-34.3682216444374 -59.3703289048682,-34.3687624979222 -59.370655030027,-34.3687641752693 -59.3706530077157,-34.3690346020105 -59.3709791339492,-34.3690362785056 -59.3709771126587,-34.3693067052515 -59.3722816220532,-34.3693134026107 -59.3722796049271,-34.369583829412 -59.3726057333907,-34.3695855015964 -59.3726037172855,-34.3698559284025 -59.372277587774,-34.3698542562013 -59.3722715361536,-34.3706655364967 -59.3719454035254,-34.370663863376 -59.371943385217,-34.3709342901001 -59.3712911179455,-34.3709309412182 -59.3712870770563,-34.3714717945628 -59.3709609413651,-34.3714701187847 -59.3709528550717,-34.3725518252615 -59.3712789949546,-34.3725535011071 -59.3712769743619,-34.372823927713 -59.3716031153198,-34.3728256027065 -59.3716010957481,-34.3730960293171 -59.3719272377809,-34.3730977034585 -59.3719252192304,-34.3733681300739 -59.3722513623381,-34.3733698033631 -59.3722473272523,-34.3739106565915 -59.372573472483,-34.3739123290453 -59.3725714559479,-34.3741827556583 -59.3728976022535,-34.3741844272599 -59.3728955867395,-34.3744548538776 -59.3732217341201,-34.374456524627 -59.3732197196273,-34.3747269512494 -59.3735458680828,-34.3747286211466 -59.3735438546113,-34.3749990477738 -59.3738700041417,-34.3750007168187 -59.3738679916915,-34.3752711434506 -59.3741941422968,-34.3752728116433 -59.3741901194122,-34.3758136649044 -59.3748424248958,-34.3758169987496 -59.3748404155096,-34.3760874253957 -59.3751665693398,-34.3760890910314 -59.375164560975,-34.3763595176822 -59.377773800964,-34.376372811614 -59.3777718009579,-34.3766432383866 -59.3774456448176,-34.3766415796703 -59.3774436437367,-34.376912006414 -59.3771174865749,-34.3769103468119 -59.3771134822365,-34.3774512002298 -59.3764611638001,-34.3774478783513 -59.3764591594945,-34.3777183050086 -59.3761329992681,-34.3777166427489 -59.3761309938874,-34.3779870693775 -59.3754786714184,-34.377983742217 -59.3754766639144,-34.3782541688 -59.3741720151044,-34.3782475039821 -59.3741740268014,-34.3779770774662 -59.3738478657142,-34.3779754091055 -59.3738498784326,-34.3777049825944 -59.3735237184204,-34.3777033133814 -59.3735277458733,-34.3771624603565 -59.3732015879844,-34.377160790308 -59.3732056174263,-34.3766199372684 -59.372553305922,-34.3766165946312 -59.372555322699,-34.376346168127 -59.3712507042057,-34.3763394724906 -59.3712527251486,-34.3760690460417 -59.3709265716407,-34.3760673699768 -59.3709285936048,-34.3757969435326 -59.3702762887662,-34.3757935888291 -59.3702783127996,-34.3755231624067 -59.3699521614689,-34.3755214837683 -59.3699541865234,-34.3752510573507 -59.3693018860393,-34.3752476975003 -59.3692998588885,-34.375518123884 -59.3689737076388,-34.3755164426383 -59.3689716794129,-34.375786868993 -59.3686455271421,-34.3757851868613 -59.368643497841,-34.376055613187 -59.3683173445491,-34.3760539301692 -59.3683153141728,-34.3763243564659 -59.3679891598598,-34.376322672562 -59.3679830654239,-34.3771339513288 -59.3683092228814,-34.3771356352835 -59.3683071923968,-34.3774060615319 -59.3689595094896,-34.3774094268679 -59.3689574810744,-34.3776798531381 -59.3702621197772,-34.3776865734478 -59.3702560469486,-34.378497852389 -59.3699298840876,-34.3784961735646 -59.3699278587092,-34.3787665998372 -59.369601694827,-34.3787649201267 -59.3695996683732,-34.3790353463704 -59.3689473385931,-34.379031984308 -59.3689453100158,-34.3793024105057 -59.3686191441179,-34.3793007281537 -59.3686171144652,-34.3795711543225 -59.3682909475461,-34.3795694710843 -59.3682828244712,-34.3806511755707 -59.3686089955837,-34.3806528588766 -59.3686049359807,-34.3811937110812 -59.3689311092172,-34.3811953935517 -59.3689270516028,-34.3817362457419 -59.3692532269631,-34.3817379273771 -59.3692491713375,-34.3822787795528 -59.3695753488218,-34.3822804603525 -59.3695692683262,-34.3830917385763 -59.3698954489831,-34.3830934185574 -59.3698913972813,-34.3836342706801 -59.3702175800622,-34.3836359498257 -59.3702155552194,-34.3839063758858 -59.3705417390759,-34.3839080541789 -59.3705397152546,-34.3841784802439 -59.3708659001866,-34.3841801576846 -59.370863877387,-34.3844505837543 -59.3711900633945,-34.3844522603425 -59.3711880416165,-34.3847226864171 -59.3715142286996,-34.3847243621528 -59.3715122079433,-34.3849947882321 -59.3718383961019,-34.3849964631153 -59.3718363763673,-34.3852668891994 -59.3721625656014,-34.3852685632301 -59.3721605468886,-34.385538989319 -59.3724867371983,-34.385540662497 -59.3724847195072,-34.3858110885907 -59.3734632937435,-34.385816102959 -59.3734653082887,-34.3855456768149 -59.3737914987058,-34.3855473465153 -59.3737935121755,-34.3852769203423 -59.3741197015708,-34.3852785891565 -59.374121713965,-34.3850081629546 -59.3744479023386,-34.3850098308826 -59.3744499136574,-34.3847394046518 -59.3747761010091,-34.3847410716937 -59.374780121469,-34.3842002191623 -59.3744539362144,-34.384198552154 -59.3744559474528,-34.383928125887 -59.3741297632736,-34.3839264580262 -59.3741398243059,-34.3825743265939 -59.3744660032424,-34.3825759943708 -59.37446801432,-34.3823055680313 -59.3747941922348,-34.3823072349222 -59.374796202237,-34.3820368085538 -59.3751223791302,-34.3820384745586 -59.3751243880572,-34.3817680481614 -59.3754505639286,-34.3817697132801 -59.3754525717804,-34.381499286854 -59.3761049215066,-34.38150261445 -59.3761069272347,-34.3812321879784 -59.376759274971,-34.3812355120638 -59.3767612785756,-34.3809650855466 -59.3770874514354,-34.3809667462687 -59.3770894539648,-34.3806963197228 -59.3777417976676,-34.3806996385256 -59.3777437980735,-34.3804292119342 -59.3783961397862,-34.3804325272267 -59.3784001363246,-34.3798916739409 -59.3787263051241,-34.3798933302499 -59.3787283023051,-34.3796229035722 -59.3790544700828,-34.3796245589953 -59.3790564661888,-34.3793541322889 -59.3793826329448,-34.3793557868261 -59.3793846279759,-34.3790853600909 -59.3797107937102,-34.3790870137423 -59.3797127876663,-34.3788165869784 -59.3800389523788,-34.3788182397439 -59.3800409452601,-34.3785478129513 -59.3803671089509,-34.378549464831 -59.3803691007573,-34.3782790380097 -59.3806952634264,-34.3782806890036 -59.380697254158,-34.3780102621536 -59.3829803862457,-34.3780217946576 -59.3829823696129,-34.3777513676794 -59.3833085303973,-34.3777530116867 -59.3833065480784,-34.3780234386814 -59.3836327099375,-34.3780250818361 -59.3836307286404,-34.3782955088354 -59.3842830545343,-34.3782987925703 -59.3842850337348,-34.378028365538 -59.3846111956731,-34.3780300060852 -59.384613173799,-34.3777595790243 -59.3849393347153,-34.3777612186858 -59.3849373576377,-34.3780316457632 -59.3885251409846,-34.3780496248558 -59.3885231754116,-34.3783200521022 -59.3901539923142,-34.3783281897319 -59.3901520319566,-34.3785986170481 -59.3921090193915,-34.3786083536186 -59.3921109734593,-34.3783379262043 -59.3937417917966,-34.3783460160287 -59.3937437405969,-34.3780755885209 -59.3947222287661,-34.3780804319365 -59.3947241743957,-34.3778100043679 -59.3950503361224,-34.3778116170852 -59.3950542252072,-34.3772707618793 -59.3957065445453,-34.3772739846414 -59.3957104293335,-34.3767331293223 -59.3960365869449,-34.3767347393672 -59.3960521166771,-34.3745713174785 -59.3957259674509,-34.3745697075632 -59.3957337358884,-34.3734879963941 -59.3937768662291,-34.3734783190422 -59.3937749178703,-34.3737487467552 -59.3931226260953,-34.3737455139864 -59.3931245765503,-34.373475086306 -59.3914938528084,-34.3734669892574 -59.3914918971132,-34.3737374168563 -59.3908396057027,-34.373734171921 -59.3908415634939,-34.3734637443548 -59.3895369851783,-34.3734572441211 -59.3895389471357,-34.3731868166083 -59.3888866602307,-34.3731835613101 -59.388888624258,-34.3729131338181 -59.3914977641206,-34.3729261340235 -59.3914997197376,-34.3726557063885 -59.3918258612898,-34.3726573274873 -59.3918239067208,-34.3729277551386 -59.3934546201126,-34.3729358476791 -59.3934565694415,-34.3726654199462 -59.3944349946444,-34.3726702649935 -59.3944369408034,-34.3723998371998 -59.3947630815416,-34.3724014504613 -59.3947650266267,-34.3721310226393 -59.3954173060849,-34.3721342465229 -59.3954211919854,-34.3715933907777 -59.3957473296575,-34.3715950013835 -59.3957570387161,-34.3702428617283 -59.3960831711744,-34.3702444713841 -59.3961355606248,-34.3629429115953 -59.3958094564541,-34.3629413023771 -59.3958172204408,-34.3618595891325 -59.3948389206536,-34.3618547564603 -59.3948408647279,-34.3615843281677 -59.3928842721381,-34.3615746394672 -59.392886222471,-34.3613042112601 -59.3932123201237,-34.3613058281989 -59.3932142693832,-34.3610353999634 -59.3945186560638,-34.3610418589669 -59.3945206011078,-34.3607714306544 -59.3948466967954,-34.3607730432174 -59.3948486407661,-34.3605026148765 -59.3951747354322,-34.3605042265548 -59.3951766783296,-34.3602337981856 -59.3958288656449,-34.3602370189037 -59.3958385692702,-34.3588848767146 -59.39616465773,-34.3588864856898 -59.3961665973302,-34.3586160571995 -59.3997535605707,-34.3586336984234 -59.3997477762535,-34.3594449843909 -59.4000738671172,-34.3594465829755 -59.4000719400073,-34.3597170116234 -59.4007241239064,-34.359720206219 -59.4007221988656,-34.3599906348869 -59.401374384962,-34.3599938260403 -59.4013724619903,-34.3602642547283 -59.4020246502839,-34.3602674424394 -59.4020227293813,-34.3605378711475 -59.4026749198721,-34.3605410554162 -59.4026730010386,-34.3608114841443 -59.4029990973698,-34.3608130749918 -59.4029971795582,-34.3610835037238 -59.4033232769623,-34.3610850937186 -59.4033213601726,-34.3613555224546 -59.4039735571522,-34.3613586998704 -59.4039716424318,-34.3616291286263 -59.4042977420074,-34.3616307160472 -59.4042958283089,-34.361901144807 -59.4046219289574,-34.3619027313753 -59.4046200162808,-34.362173160139 -59.4049461180023,-34.3621747458546 -59.4049422946677,-34.3627156033778 -59.405594502377,-34.3627187722667 -59.4055925927664,-34.3629892010421 -59.4059186977068,-34.3629907841995 -59.4059167891183,-34.3632612129788 -59.4062428951316,-34.3632627952834 -59.4062390799735,-34.3638036528377 -59.4065651881073,-34.3638052343055 -59.4065594683221,-34.3646165205942 -59.406885579624,-34.364618101241 -59.406879862753,-34.365429387469 -59.4072059772232,-34.3654309672947 -59.4072021679441,-34.3659718247515 -59.4078544011512,-34.3659749818603 -59.407852498569,-34.3662454106024 -59.4075263809051,-34.3662438324665 -59.4075225735691,-34.3667846898828 -59.4078486933284,-34.3667862680505 -59.407841082543,-34.3678679828018 -59.4081672065186,-34.3678695601642 -59.4081634030693,-34.3684104174992 -59.4084895291657,-34.3684119940245 -59.4084857277107,-34.368952851343 -59.4088118559281,-34.3689544270312 -59.4088099562104,-34.3692248556882 -59.4084838269451,-34.3692232799842 -59.4084819261543,-34.3694937086133 -59.4088080564674,-34.3694952843332 -59.4088004572421,-34.3705769987925 -59.4084743227374,-34.3705754230092 -59.4084724218199,-34.370845851578 -59.4087985573724,-34.3708474273772 -59.4087909576407,-34.3719291415953 -59.4091170974103,-34.371930716589 -59.4091132994885,-34.3724715736573 -59.4094394413794,-34.3724731478137 -59.4094375434286,-34.3727435763457 -59.4097636863928,-34.3727451496489 -59.4097579955326,-34.3735564352199 -59.4104102878251,-34.3735595793143 -59.4104083929172,-34.3738300078455 -59.4107345401495,-34.373831578605 -59.4107326462644,-34.3741020071399 -59.41105879457,-34.3741035770462 -59.4110569017078,-34.3743740055848 -59.4117092004908,-34.3743771428217 -59.4117073096996,-34.3746475713799 -59.4113811592474,-34.3746460031802 -59.4113773754932,-34.3751868602289 -59.4117035280417,-34.3751884284602 -59.4117016371749,-34.3754588569822 -59.4120277907967,-34.3754604243601 -59.412016451356,-34.3770829953337 -59.4123426112922,-34.3770845619372 -59.4123407223455,-34.3773549904064 -59.4126668833552,-34.3773565561565 -59.4126631074828,-34.3778974130901 -59.4129892706142,-34.3778989780025 -59.4129873836885,-34.378169406467 -59.4133135478933,-34.378170970526 -59.4133116619908,-34.3784413989942 -59.4136378272691,-34.3784429621998 -59.4136359423898,-34.3787133906716 -59.4139621087415,-34.3787149530237 -59.4139602248854,-34.3789853814992 -59.4146125597607,-34.3789885036271 -59.4146106779762,-34.379258932122 -59.4152630150486,-34.3792620508045 -59.4152611353357,-34.3795324793187 -59.415913474605,-34.3795355945556 -59.4159153522211,-34.37926516601 -59.4172200268664,-34.3792713859904 -59.417221900264,-34.37900095737 -59.4178742356398,-34.3790040621136 -59.4178723643389,-34.3792744907651 -59.4185247019111,-34.3792775920629 -59.418522832682,-34.3795480207337 -59.4188490025538,-34.3795495700943 -59.4188471343481,-34.3798199987686 -59.4194994762633,-34.3798230949134 -59.4194976101295,-34.3800935236067 -59.420149954241,-34.3800966163057 -59.420144361981,-34.3809079024068 -59.4204705372193,-34.3809094474991 -59.4204668110186,-34.3814503048706 -59.4207929883787,-34.3814518491247 -59.4207892641757,-34.3819927064791 -59.4211154436575,-34.381994249895 -59.4211135825673,-34.3822646785696 -59.4214397631224,-34.3822662211317 -59.4214379030559,-34.3825366498098 -59.4217640846844,-34.382538191518 -59.4217622256417,-34.3828086201996 -59.42241459107,-34.3828117010391 -59.4224127340996,-34.3830821297396 -59.4227389178994,-34.3830836688708 -59.4227370619528,-34.3833540975748 -59.4233894317239,-34.3833571732601 -59.4233912855733,-34.3830867445252 -59.424043653346,-34.3830898167021 -59.4240455050737,-34.3828193879241 -59.4253502367209,-34.3828255217838 -59.4253483891875,-34.3830959506236 -59.426000757256,-34.3830990123681 -59.4259989117951,-34.3833694412266 -59.4273036524215,-34.383375554345 -59.4273018111304,-34.383645983253 -59.4276279973969,-34.3836475093745 -59.4276316778575,-34.3831066515158 -59.4279578620514,-34.3831081767373 -59.4279615403168,-34.3825673187996 -59.42763535822,-34.3825657936088 -59.4276371983644,-34.3822953646373 -59.4273110173407,-34.3822938385926 -59.4273128585091,-34.3820234096243 -59.4269866785584,-34.3820218827256 -59.4269885207508,-34.3817514537607 -59.4266623418732,-34.3817499260081 -59.4266660282813,-34.3812090680728 -59.4263398515251,-34.3812075394816 -59.4263416957408,-34.3809371105113 -59.4260155200577,-34.3809355810662 -59.4260173652973,-34.3806651520992 -59.4256911906872,-34.3806636218003 -59.4256930369506,-34.3803931928366 -59.4253668634136,-34.3803916616838 -59.4253687107008,-34.3801212327235 -59.4250425382368,-34.3801197007169 -59.4250443865478,-34.3798492717599 -59.4247182151568,-34.3798477388994 -59.4247200644916,-34.3795773099459 -59.4243938941737,-34.3795757762316 -59.4243957445321,-34.3793053472814 -59.4237434060671,-34.379302277276 -59.4237471109034,-34.3787614194013 -59.4230947767305,-34.3787583459808 -59.4230966312084,-34.3784879170563 -59.4227704652073,-34.3784863790578 -59.4227723207087,-34.3782159501367 -59.4221199908774,-34.3782128715629 -59.4221218484507,-34.3779424426608 -59.4217956846205,-34.3779409020856 -59.4217975432173,-34.3776704731869 -59.4204928923375,-34.3776643022565 -59.4204947551027,-34.3773938734079 -59.420168593493,-34.3773923285179 -59.4201648658414,-34.3779331861719 -59.4195125385035,-34.3779300937221 -59.4195144044383,-34.3776596649322 -59.4191882418549,-34.3776581174191 -59.4191901088132,-34.3773876886328 -59.418863947303,-34.3773861402661 -59.4188658152846,-34.3771157114833 -59.4182134944354,-34.3771126121736 -59.4182153644886,-34.3768421834099 -59.4178892051496,-34.3768406324669 -59.4178910762261,-34.3765702037068 -59.4172387597194,-34.3765670992447 -59.4172406328674,-34.3762966705038 -59.416588318557,-34.3762935625963 -59.4165901937765,-34.3760231338747 -59.4159378816624,-34.376020022522 -59.4159397589532,-34.3757495938196 -59.4152874490357,-34.3757464790218 -59.4152912077349,-34.3752056216436 -59.4156173605848,-34.3752071794456 -59.4156248734902,-34.3741254644816 -59.4152987248327,-34.3741239067423 -59.4153006040446,-34.3738534779868 -59.4149744564602,-34.3738519193941 -59.4149763366951,-34.3735814906423 -59.41334560439,-34.3735736847215 -59.4133437189148,-34.3738441133947 -59.4126914240724,-34.3738409849116 -59.4126895364759,-34.3741114135413 -59.4120372396379,-34.3741082815504 -59.4120429086405,-34.3732969957199 -59.4123690539027,-34.3732985621025 -59.4123728310157,-34.3727577047903 -59.4126989742069,-34.3727592702724 -59.4127046365437,-34.3719479841662 -59.4130307766161,-34.371949548732 -59.4130326629634,-34.3716791199901 -59.412706523939,-34.3716775554401 -59.4127197350016,-34.3697845540192 -59.4123936033378,-34.3697829887105 -59.4123954915797,-34.3695125599036 -59.4127216221957,-34.3695141251965 -59.4127235093646,-34.3692436963618 -59.4133757685764,-34.3692468243094 -59.4133738835032,-34.3695172531757 -59.4137000141946,-34.3695188158619 -59.4136981301442,-34.3697892447317 -59.4140242619086,-34.3697908065647 -59.4140204958281,-34.3703316642998 -59.4143466297133,-34.3703332252953 -59.4143428656282,-34.3708740830136 -59.4146690016344,-34.3708756431715 -59.4146671206022,-34.3711460720283 -59.4149932576814,-34.371147631333 -59.414991377672,-34.3714180601934 -59.4153175158242,-34.3714196186449 -59.4153137578263,-34.3719604763608 -59.4159660383976,-34.3719635907196 -59.415964161457,-34.3722340195908 -59.4162903028282,-34.3722355754823 -59.4162884269107,-34.3725060043572 -59.4166145693549,-34.3725075593954 -59.4166126944603,-34.3727779882739 -59.4172649815197,-34.3727810957745 -59.4172631086962,-34.3730515246722 -59.4175892533114,-34.3730530771346 -59.417587381511,-34.3733235060359 -59.4179135271991,-34.3733250576449 -59.4179116564219,-34.3735954865497 -59.418237803183,-34.3735970373053 -59.4182359334289,-34.3738674662137 -59.418562081263,-34.3738690161158 -59.4185583437762,-34.3744098739276 -59.4192106437116,-34.3744129711871 -59.419208777027,-34.3746834001061 -59.4195349280802,-34.3746849474478 -59.4195330624189,-34.3749553763704 -59.419859214545,-34.3749569228586 -59.419857349907,-34.3752273517846 -59.4205096563301,-34.3752304421848 -59.4205115188718,-34.3749600132277 -59.4208376710725,-34.3749615571086 -59.4208413939852,-34.374420699127 -59.4211675441144,-34.3744222421078 -59.4211749854498,-34.3733405259378 -59.4208488395129,-34.3733389830192 -59.4208525621279,-34.3727981248929 -59.420526418312,-34.3727965811363 -59.4205282806303,-34.3725261520707 -59.4202021378872,-34.3725246074606 -59.4202058645453,-34.3719837493242 -59.419879723923,-34.3719822038763 -59.4198871811333,-34.3709004875209 -59.4195610447276,-34.3708989412663 -59.4195685057319,-34.3698172247803 -59.4192423735428,-34.369815677719 -59.4192498383407,-34.3687339611024 -59.4189237103678,-34.3687324132345 -59.4189274447131,-34.368191554885 -59.4186013188607,-34.3681900061795 -59.4186050552021,-34.3676491478129 -59.4182789314701,-34.3676475982697 -59.4182808006512,-34.367377169084 -59.4179546779919,-34.3673756186875 -59.4179584183748,-34.366834760311 -59.4176322978359,-34.3668332090769 -59.4176341690376,-34.3665627798863 -59.4173080495714,-34.366561227799 -59.4173117939955,-34.3660203694127 -59.4169856766496,-34.3660188164879 -59.4169894230692,-34.3654779580846 -59.4166633078436,-34.3654764043223 -59.4166651820636,-34.3652059751182 -59.4163390679106,-34.3652044205027 -59.4163428183709,-34.3646635620897 -59.4160167063381,-34.3646620066368 -59.4160204587936,-34.3641211482069 -59.415694348881,-34.3641195919166 -59.4156981033316,-34.3635787334698 -59.4153719955392,-34.3635771763421 -59.41537763017,-34.3627658886285 -59.4150515255452,-34.3627643306791 -59.415053404753,-34.3624939014328 -59.4147273012007,-34.3624923426305 -59.4147310616359,-34.3619514841331 -59.4140788587965,-34.3619483639852 -59.4140807410715,-34.3616779347499 -59.4144068414312,-34.3616794952424 -59.4144087226336,-34.3614090659793 -59.414734821971,-34.3614106255875 -59.4147385822058,-34.3608697669936 -59.4140863877458,-34.3608666469714 -59.4140882699204,-34.3605962176878 -59.4134360776556,-34.3605930942226 -59.4134379618999,-34.3603226649583 -59.4127857718303,-34.3603195380501 -59.4127876581442,-34.3600491088053 -59.4124615641945,-34.360047544064 -59.4124559020351,-34.3608588317149 -59.4121298049684,-34.3608572660577 -59.4121241394403,-34.3616685535527 -59.4117980392565,-34.3616669869795 -59.4117999288385,-34.3613965578424 -59.4114738297272,-34.3613949904163 -59.4114776109105,-34.3608541321374 -59.4111515139193,-34.3608525638743 -59.4111534055205,-34.3605821347325 -59.4114795014643,-34.3605837029798 -59.4114832824963,-34.3600428446285 -59.4111571886473,-34.3600412764128 -59.4111647545983,-34.3589595596286 -59.411490844258,-34.3589611277812 -59.4114927346355,-34.3586906985392 -59.4154057999452,-34.3587094484322 -59.4154039221354,-34.3589798778631 -59.4157300121216,-34.3589814347242 -59.415728135334,-34.3592518641586 -59.416380317476,-34.3592549753064 -59.4163765680153,-34.3597958342018 -59.4167026612184,-34.3597973885041 -59.4167007874979,-34.3600678179494 -59.4170268817734,-34.3600693713988 -59.4170250090753,-34.3603398008476 -59.4180032951935,-34.360344456031 -59.4180014256126,-34.3606148855147 -59.420610198069,-34.3606272612423 -59.4206083368425,-34.3608976908386 -59.4215866300655,-34.3609023174507 -59.4215847719565,-34.3611727470815 -59.4222369696572,-34.3611758271773 -59.4222351136182,-34.3614462568271 -59.4225612135531,-34.3614477955876 -59.4225593585369,-34.3617182252408 -59.4232115605758,-34.3617213001867 -59.4232097076297,-34.3619917298588 -59.4235358097337,-34.3619932660442 -59.4235339578104,-34.3622636957198 -59.4241861641873,-34.3622667655155 -59.4241843143343,-34.3625371952099 -59.4245104186073,-34.3625387288202 -59.4245085697772,-34.362809158518 -59.425160780492,-34.3628122231633 -59.4251589337323,-34.3630826528799 -59.4258111466406,-34.3630857140813 -59.4258093019513,-34.3633561438167 -59.4277659475511,-34.363365306664 -59.4277641091226,-34.3636357364796 -59.4284163266138,-34.363638783843 -59.4284053080994,-34.3652613626674 -59.4280791930559,-34.365259839328 -59.4280773555035,-34.3655302690746 -59.4277512394369,-34.3655287448511 -59.4277420460691,-34.3668808933262 -59.426763682301,-34.3668763152124 -59.4267655241667,-34.3666058855876 -59.4261132838728,-34.3666028291984 -59.4261114399116,-34.3668732587924 -59.4257853187538,-34.3668717292791 -59.4257779384723,-34.367953447473 -59.4261040638212,-34.3679549770479 -59.4261022197371,-34.3682254065817 -59.4264283461583,-34.3682269353031 -59.4264246600121,-34.3687677943651 -59.4267507885535,-34.3687693222484 -59.4267471044048,-34.3693101812931 -59.4273993657526,-34.3693132345144 -59.4273938456325,-34.3701245230832 -59.4277199794868,-34.3701260484366 -59.4277181404457,-34.3703964779508 -59.4280442753724,-34.3703980024506 -59.4280405993124,-34.3709388614735 -59.4283667363595,-34.370940385135 -59.4283648993406,-34.3712108146437 -59.4286910374601,-34.3712123374516 -59.428687365445,-34.3717531964635 -59.4290135056849,-34.3717547184331 -59.4290116706886,-34.3720251479363 -59.4303162360847,-34.3720312271859 -59.430318066889,-34.3717607976215 -59.430644207251,-34.3717623152462 -59.4306387179089,-34.372573603949 -59.4309648614393,-34.3725751207505 -59.4309630326578,-34.3728455503093 -59.4306368880793,-34.3728440334925 -59.4306350582255,-34.373114463024 -59.4296566214922,-34.3731099073138 -59.4296547884698,-34.3733803367873 -59.4283502023087,-34.3733742502792 -59.4283483650696,-34.3736446796794 -59.4267176276789,-34.3736370519139 -59.4267194701584,-34.3733666225906 -59.4260671774701,-34.3733635654318 -59.4260690220212,-34.3730931361271 -59.4257428767619,-34.3730916062596 -59.4257447223365,-34.3728211769583 -59.4254185781498,-34.3728196462371 -59.4254278108936,-34.3714674996268 -59.4251016719716,-34.3714659681137 -59.4251053669927,-34.370925109416 -59.4247792301912,-34.3709235770648 -59.424784775682,-34.3701122889742 -59.4244586420489,-34.3701107558003 -59.4244623410153,-34.3695698970438 -59.4241362095026,-34.3695683630319 -59.4241380599967,-34.369297933651 -59.4231596687502,-34.3692933264482 -59.4231615223632,-34.3690228971016 -59.4228353930449,-34.369021359645 -59.422840956879,-34.3682100715794 -59.4212103263759,-34.3682023714954 -59.4212010269998,-34.3695545178233 -59.4215271582901,-34.3695560596555 -59.4215234404619,-34.3700969181334 -59.4218495738726,-34.3700984591277 -59.4218458580411,-34.3706393175883 -59.4221719935724,-34.3706408577447 -59.4221645658041,-34.3717225745833 -59.4224907055519,-34.3717241139327 -59.4224869936152,-34.3722649723106 -59.4228131354838,-34.3722665108221 -59.4228075705373,-34.373077798345 -59.4224814255247,-34.3730762597871 -59.422479569445,-34.3733466889218 -59.4228057155057,-34.3733482274952 -59.4228038604494,-34.3736186566333 -59.4231300075829,-34.3736201943532 -59.4231281535499,-34.3738906234948 -59.4234543017561,-34.373892160361 -59.4234524487465,-34.374162589506 -59.4241047473293,-34.3741656606623 -59.4241028963913,-34.3744360898261 -59.4244290467678,-34.3744376241161 -59.42442349695,-34.3752489115816 -59.4247496504955,-34.3752504450488 -59.4247459525901,-34.3757913033298 -59.4250721082566,-34.3757928359588 -59.4250702603151,-34.3760632650966 -59.4253964170545,-34.3760647968719 -59.4253945701366,-34.3763352260131 -59.4260468857856,-34.3763382869871 -59.4260450409395,-34.376608716147 -59.4270235177421,-34.3766133011356 -59.4270253594436,-34.3763428719295 -59.4286561493642,-34.3763504961174 -59.4286543129038,-34.3766209254002 -59.4289804720097,-34.3766224476457 -59.4289786365731,-34.3768928769319 -59.4293047967516,-34.3768943983235 -59.4292956244433,-34.37824654465 -59.4289694590234,-34.3782450231818 -59.4289676234401,-34.3785154523956 -59.4292937899083,-34.3785169738792 -59.429290120765,-34.3790578323012 -59.4289639522,-34.379056310787 -59.4289621165433,-34.3793267399647 -59.4292882861566,-34.3793282614942 -59.4292809474787,-34.3804099781454 -59.42960712131,-34.3804114988669 -59.4296034539212,-34.3809523571508 -59.4299296298739,-34.3809538770337 -59.4299168005828,-34.3828468807546 -59.4302429838995,-34.3828483998752 -59.430239320265,-34.3833892580033 -59.4305655057032,-34.3833907762851 -59.4305618440683,-34.3839316343955 -59.4308880316281,-34.3839331518385 -59.4308862018227,-34.3842035808909 -59.4305600132143,-34.3842020634326 -59.4305563514329,-34.3847429214706 -59.4302301607517,-34.3847414031124 -59.4302246647507,-34.3855526900331 -59.430550858578,-34.3855542084373 -59.4305471965526,-34.3860950663547 -59.4308733925018,-34.38609658392 -59.4308697324763,-34.3866374418197 -59.4311959305473,-34.3866389585461 -59.4311941015467,-34.3869093874931 -59.4315203006909,-34.3869109033653 -59.4315184727147,-34.3871813323155 -59.431844672932,-34.3871828473334 -59.4318428459803,-34.3874532762869 -59.4311904434725,-34.3874502453511 -59.4311849561783,-34.3882615320476 -59.4308587518145,-34.3882600152297 -59.4308569216189,-34.3885304440891 -59.4305307162307,-34.3885289263863 -59.4305270536684,-34.3890697840385 -59.4298746387698,-34.3890667459632 -59.4298728053543,-34.3893371747406 -59.4295465968927,-34.3893356543833 -59.4295447624039,-34.3896060831333 -59.4288923434564,-34.3896030397794 -59.4288905068453,-34.3898734684868 -59.4282380858978,-34.3898704216239 -59.4282362471644,-34.3901408502885 -59.4272576127803,-34.3901362734262 -59.4272557708756,-34.3904067020327 -59.4269295584143,-34.3904051746574 -59.4269277154361,-34.3906756032365 -59.4266015019505,-34.3906740749762 -59.4265996578987,-34.3909445035277 -59.4262734433887,-34.3909429743825 -59.4262715982634,-34.3912134029066 -59.4256191672192,-34.3912103419764 -59.4256173199713,-34.3914807704576 -59.4249648869276,-34.3914777060181 -59.4249630375571,-34.3917481344564 -59.4246368200232,-34.3917466009167 -59.4246312686167,-34.3925578861131 -59.4243050479604,-34.3925563516574 -59.4243031963932,-34.3928267800167 -59.4239769747125,-34.3928252446759 -59.4239714167155,-34.3936365296348 -59.4236451919122,-34.393634993378 -59.4236414843592,-34.394175849926 -59.4233152574824,-34.3941743127685 -59.4233134026196,-34.394444741009 -59.4229871747184,-34.3944432029663 -59.4229853187818,-34.3947136311792 -59.4223328609553,-34.3947105524537 -59.4223310028956,-34.3949809806235 -59.4216785430698,-34.394977898388 -59.421676682887,-34.3952483265148 -59.421350451962,-34.3952467840769 -59.4213485907052,-34.395517212176 -59.4206961268314,-34.3955141246599 -59.4206979901866,-34.3952436965918 -59.4210242210619,-34.3952452407692 -59.4210279455994,-34.3947043845658 -59.4213541744012,-34.3947059278423 -59.4213578967411,-34.3941650715596 -59.4216841234694,-34.3941666139354 -59.421685983553,-34.3938961857603 -59.422012209257,-34.3938977272509 -59.4220177862118,-34.3930864426069 -59.4223440087932,-34.3930879831812 -59.4223477245412,-34.3925471266606 -59.4226739450492,-34.3925486663343 -59.4226795153383,-34.3917373814163 -59.4223532979773,-34.3917358417892 -59.4223570134776,-34.3911949851479 -59.4220307982394,-34.3911934446822 -59.4220326570014,-34.390923016359 -59.4210540145823,-34.3909183897906 -59.4210558764664,-34.3906479615019 -59.4207296634253,-34.3906464175887 -59.4207278004923,-34.3909168458619 -59.4197491583711,-34.3909122088581 -59.4197472922663,-34.3911826370726 -59.4190948622119,-34.3911795413575 -59.4190929939842,-34.3914499695287 -59.4187667779454,-34.3914484203511 -59.418768647222,-34.3911779921956 -59.418116217317,-34.3911748912628 -59.4181143459424,-34.3914453193872 -59.4174619140393,-34.3914422149447 -59.4174581670193,-34.3919830710947 -59.4171319490071,-34.3919815175378 -59.4171300744106,-34.3922519455791 -59.4168038553744,-34.3922503911368 -59.4168019797039,-34.3925208191504 -59.4161495396085,-34.3925177076256 -59.4161457839962,-34.393058563554 -59.4158195618879,-34.3930570064557 -59.4158120461667,-34.3941387181049 -59.4154858198871,-34.3941371600743 -59.415474539259,-34.3957597270919 -59.4158007718337,-34.3957612852167 -59.4157988926905,-34.3960317130264 -59.4164513600135,-34.396034826698 -59.4164494829437,-34.396305254527 -59.416775717692,-34.3963068100737 -59.4167738416465,-34.3965772379064 -59.4171000774689,-34.396578792599 -59.4170982024477,-34.3968492204352 -59.4174244393444,-34.3968507742737 -59.4174225653475,-34.3971212021134 -59.4177488033185,-34.3971227550978 -59.4177506762661,-34.3968523272423 -59.4180769132128,-34.3968538793412 -59.4180787850863,-34.3965834514581 -59.4187312569559,-34.3965865530153 -59.418729387181,-34.3968569809296 -59.4190556242024,-34.3968585304191 -59.4190518866764,-34.3973993862427 -59.4187256475563,-34.397397836722 -59.4187200379325,-34.3982091203202 -59.4190462802005,-34.3982106698877 -59.4190444113254,-34.3984810977452 -59.4193706546677,-34.3984826464584 -59.419368786817,-34.3987530743195 -59.4200212756749,-34.3987561691675 -59.4200194098981,-34.3990265970476 -59.4203456554137,-34.3990281431824 -59.4203437906615,-34.3992985710661 -59.420996283866,-34.3993016607571 -59.4209944211877,-34.3995720886598 -59.4213206688767,-34.399573632216 -59.421318807223,-34.3998440601221 -59.4219713047741,-34.399847144656 -59.4219694451944,-34.4001175725811 -59.4222956950566,-34.4001191135587 -59.4222938365016,-34.4003895414873 -59.4232725893851,-34.400394159247 -59.4232744447917,-34.400123731272 -59.4242531947494,-34.4001283411561 -59.424255046983,-34.3998579131225 -59.4245812959688,-34.3998594479953 -59.4245831471283,-34.3995890199342 -59.4249093950894,-34.3995905539216 -59.4249112451748,-34.3993201258331 -59.4252374921111,-34.3993216589352 -59.4252393411225,-34.3990512308191 -59.4255655870341,-34.3990527630359 -59.4255692828841,-34.3985119067368 -59.4258955267216,-34.3985134380529 -59.4258992203744,-34.3979725816747 -59.4265517039257,-34.3979756416356 -59.4265572379246,-34.3971643568854 -59.4268834765891,-34.397165885515 -59.426885320157,-34.3968954572254 -59.4272115577969,-34.3968969849698 -59.4272134002908,-34.3966265566528 -59.4278658735457,-34.3966296095014 -59.4278677139166,-34.3963591811415 -59.4285201851711,-34.3963622304802 -59.428522023419,-34.3960918020777 -59.429174492673,-34.3960948479066 -59.4291763287979,-34.3958244194613 -59.4295025624124,-34.3958259410557 -59.4295043974637,-34.395555512583 -59.4301568626675,-34.395558553132 -59.4301586955959,-34.3952881246167 -59.4308111587991,-34.395291161656 -59.4308129896046,-34.395020733098 -59.4311392201936,-34.3950222502978 -59.4311410499256,-34.3947518217125 -59.4321197386914,-34.3947563680475 -59.4321215652515,-34.3944859394044 -59.4324477938396,-34.3944874530946 -59.4324496193262,-34.3942170244242 -59.4331020744771,-34.3942200491651 -59.4331038978411,-34.3939496204522 -59.4337563509909,-34.3939526416838 -59.4337581722324,-34.3936822129284 -59.4340843977946,-34.3936837222244 -59.4340862179627,-34.3934132934418 -59.4347386670617,-34.3934163093944 -59.4347404851073,-34.3931458805693 -59.435066708644,-34.3931473872259 -59.4350685256163,-34.3928769583736 -59.4353947481282,-34.3928784641453 -59.4353965640272,-34.3926080352658 -59.4357227855142,-34.3926095401527 -59.4357264151415,-34.3920686823272 -59.4360526345546,-34.3920701863142 -59.436059889323,-34.3909884704579 -59.4363861045643,-34.3909899735147 -59.4363933547501,-34.3899082574049 -59.4367195658197,-34.3899097595316 -59.4367250000588,-34.3890984722774 -59.4370512080058,-34.3890999734891 -59.4370530183216,-34.3888295443651 -59.4373792252439,-34.3888310446922 -59.4373828437055,-34.3882901863778 -59.4380352534269,-34.3882931843629 -59.4380316391607,-34.3888340427376 -59.4383578461553,-34.388835540456 -59.4383560400349,-34.3891059696404 -59.4393346643096,-34.3891104576235 -59.4393328613118,-34.3893808868409 -59.4390066521473,-34.3893793917011 -59.4390030439819,-34.3899202500697 -59.4393292552442,-34.3899217452397 -59.4393256490805,-34.3904626035903 -59.4389994357203,-34.3904611083902 -59.4390012398631,-34.390190679236 -59.4386750275759,-34.3901891831814 -59.4386714171683,-34.3907300414476 -59.4383452028073,-34.3907285444932 -59.4383397838685,-34.3915398317569 -59.4386660013765,-34.3915413287564 -59.4386678066645,-34.3912708996656 -59.4393202396547,-34.3912738910256 -59.4393220428207,-34.3910034618925 -59.4396482583028,-34.3910049562531 -59.4396500603958,-34.3907345270929 -59.439976274853,-34.3907360205688 -59.439978075873,-34.3904655913816 -59.4406305027615,-34.3904685756944 -59.4406323016596,-34.3901981464651 -59.4419371515283,-34.3902041045956 -59.4419389462067,-34.3899336752942 -59.4429175807126,-34.3899381347164 -59.4429193722203,-34.3896677053581 -59.4438980037943,-34.3896721569091 -59.4438962154334,-34.3899425863123 -59.4458534855183,-34.3899514660252 -59.4458552675856,-34.3896810365326 -59.4461814783007,-34.3896825134263 -59.4461832592954,-34.3894120839069 -59.4465094689853,-34.3894135599161 -59.4465112489073,-34.3891431303697 -59.4468374575721,-34.3891446054945 -59.4468427940493,-34.3883333167385 -59.4471689995911,-34.3883347909492 -59.4471867758198,-34.3856304941637 -59.4468605807658,-34.3856290201013 -59.4468641378246,-34.3850881606293 -59.4465379448917,-34.3850866857272 -59.4465432834482,-34.3842753964732 -59.446217093685,-34.3842739207463 -59.446218874205,-34.3840034909857 -59.4465450629196,-34.3840049666978 -59.4465486217912,-34.3834641071108 -59.4468748084323,-34.3834655819238 -59.446876586784,-34.3831951520973 -59.4465504011915,-34.3831936772992 -59.4465539599208,-34.3826528176398 -59.4462277764492,-34.382651342002 -59.4462295568268,-34.3823809121691 -59.4468819216967,-34.3823838625457 -59.4468836999536,-34.382113432671 -59.4475360628212,-34.3821163795405 -59.4475378389573,-34.3818459496241 -59.4488425607824,-34.3818518328718 -59.4488443327008,-34.3815814028841 -59.4498228711721,-34.3815858061476 -59.4498246399214,-34.3813153761036 -59.4504769969231,-34.3813183072364 -59.4504787635519,-34.3810478771508 -59.4508049410396,-34.3810493413985 -59.4508084721295,-34.3805084811616 -59.4511346475439,-34.3805099445105 -59.4511381764428,-34.379969084196 -59.4514643497838,-34.3799705466462 -59.4514678764919,-34.379429686254 -59.4517940477595,-34.3794311478054 -59.4517975722769,-34.3788902873356 -59.4521237414713,-34.3788917479884 -59.4521272637979,-34.378350887441 -59.4524534309191,-34.3783523471952 -59.4524639910461,-34.3767297651754 -59.4527901519009,-34.3767312239722 -59.4527919107917,-34.3764607935787 -59.4531180706217,-34.3764622514917 -59.4531198284409,-34.3761918210714 -59.4534459872461,-34.3761932781006 -59.4534477439936,-34.3759228476536 -59.453773901774,-34.375924303799 -59.4537756574498,-34.3756538733253 -59.4541018142054,-34.3756553285869 -59.4541035688097,-34.3753848980865 -59.4544297245405,-34.3753863524643 -59.4544349850685,-34.3745750608469 -59.4541088324822,-34.3745736065131 -59.4541123414803,-34.3740327454039 -59.4537861910137,-34.3740312902303 -59.4537897020144,-34.3734904291022 -59.4534635536674,-34.3734889730888 -59.4534670666707,-34.3729481119419 -59.4531409204432,-34.3729466550888 -59.4531426779578,-34.3726762245119 -59.4528165328018,-34.3726747668044 -59.452818291341,-34.3724043362302 -59.4524921472565,-34.3724028776683 -59.4524939068203,-34.3721324470967 -59.4521677638072,-34.3721309876806 -59.4521712849605,-34.3715901265306 -59.4515190031968,-34.3715872051501 -59.4515225284481,-34.3710463440107 -59.4511963896974,-34.3710448820464 -59.4511981533358,-34.3707744514734 -59.4508720156566,-34.3707729886548 -59.4508755449586,-34.3702321275021 -59.4505494093988,-34.370230663844 -59.4505511750625,-34.3699602332643 -59.4502250405741,-34.369958768752 -59.4502285739266,-34.369417907586 -59.4499024415575,-34.3694164422343 -59.4499042092464,-34.3691460116479 -59.4495780779487,-34.369144545442 -59.4495798466618,-34.3688741148584 -59.4492537164356,-34.3688726477984 -59.4492607952436,-34.3677909254024 -59.4495869212785,-34.3677923924033 -59.4495886898738,-34.3675219617595 -59.4499148148845,-34.3675234278767 -59.4499165824084,-34.367252997206 -59.4492643345061,-34.3672500641321 -59.4492625648866,-34.3675204947733 -59.4489364399231,-34.3675190269183 -59.4489346692323,-34.3677894575326 -59.4482824172804,-34.3677865191864 -59.4482859628295,-34.3672456580049 -59.4476337151632,-34.3672427162424 -59.4476354899978,-34.3669722856632 -59.4479616127714,-34.366973756964 -59.4479651602743,-34.3664328957398 -59.448291280976,-34.3664343661422 -59.4482930536442,-34.3661639354972 -59.4486191733219,-34.3661654050159 -59.4486209449188,-34.3658949743441 -59.4476425890998,-34.3658905632258 -59.4476443638162,-34.3656201325863 -59.4469921288172,-34.3656171875264 -59.4469939056052,-34.3653467569045 -59.4466677891889,-34.3653452830861 -59.4466695670009,-34.3650748524671 -59.4460173363347,-34.3650719022537 -59.4460191162183,-34.3648014716523 -59.4456930019684,-34.3647999952573 -59.4456947828759,-34.3645295646587 -59.4450425565425,-34.3645266092922 -59.4450443395216,-34.3642561787113 -59.4447182274381,-34.3642546997398 -59.444720011441,-34.3639842691617 -59.4430894566188,-34.3639768613473 -59.4430840888247,-34.3647881528215 -59.442757974789,-34.3647866686075 -59.4427561844289,-34.3650570990598 -59.4421039543337,-34.3650541279956 -59.4420931991003,-34.366676710277 -59.4417670778024,-34.3666752233519 -59.4417616967199,-34.367486514285 -59.442087821161,-34.367488001255 -59.4420860284668,-34.3677584315569 -59.4417599029779,-34.3677569445719 -59.4417509339094,-34.3691090958257 -59.4420770646374,-34.3691105828856 -59.4420752717999,-34.3693810131151 -59.4424014035997,-34.3693824993211 -59.4423996117861,-34.3696529295536 -59.4420734789384,-34.3696514433327 -59.4420698931438,-34.3701923037316 -59.4417437582243,-34.3701908166118 -59.4417455521814,-34.3699203864333 -59.4414194183337,-34.3699188984596 -59.4414050576234,-34.3720823394298 -59.4407527732325,-34.3720793606355 -59.44075097594,-34.3723497906725 -59.4404248327324,-34.3723482999569 -59.4404212359796,-34.3728891599648 -59.4400950906999,-34.37288766835 -59.4400932912395,-34.3731580983209 -59.4397671449358,-34.373156605822 -59.4397635438468,-34.3736974656975 -59.4394373954709,-34.3736959722996 -59.4394337921897,-34.3742368320968 -59.4391076417417,-34.3742353377997 -59.4391040362682,-34.3747761975186 -59.4387778837479,-34.3747747023223 -59.4387688644027,-34.3761268513333 -59.4384427066656,-34.3761253551926 -59.4384318763685,-34.3777479335176 -59.4381057123659,-34.3777464364173 -59.4380930685863,-34.379639443809 -59.4384192399273,-34.3796409410149 -59.4384120185745,-34.3807226593195 -59.4387381941333,-34.3807241557163 -59.4387237586606,-34.3828875918675 -59.4390499426315,-34.3828890875155 -59.4390409249225,-34.3842412347935 -59.4393671141604,-34.3842427296474 -59.4393635090059,-34.3847835885043 -59.4396897003651,-34.3847850825188 -59.4396878988005,-34.3850555119443 -59.4400140912324,-34.3850570051044 -59.4400104901284,-34.3855978639492 -59.4396842955991,-34.3855963707589 -59.4396824939624,-34.3858668001482 -59.4390301028784,-34.3858638111292 -59.4390282991203,-34.3861342404763 -59.4380497095285,-34.3861297503818 -59.4380479026001,-34.3864001796717 -59.4377217050688,-34.3863986812195 -59.4377198970676,-34.3866691104822 -59.4354365076834,-34.3866585968659 -59.4354328769259,-34.3871994551434 -59.4351066764415,-34.38719794969 -59.4351048599777,-34.3874683787955 -59.4347786584688,-34.3874668724574 -59.4347750233708,-34.3880077306019 -59.433470209187,-34.388001696433 -59.4334720309434,-34.3877312674275 -59.4328196260948,-34.3877282451564 -59.4328214499244,-34.3874578161693 -59.4321690472706,-34.3874547904505 -59.4321708731736,-34.3871843614818 -59.4324970734395,-34.3871858747607 -59.4325007230749,-34.3866450167566 -59.4328269212677,-34.3866465291356 -59.4328305687083,-34.3861056710528 -59.432504372613,-34.3861041587043 -59.4325080220538,-34.3855633006038 -59.4321818280803,-34.3855617874163 -59.4321854795212,-34.385020929298 -59.4318592876694,-34.3850194152716 -59.4318629411103,-34.3844785571355 -59.4321891308648,-34.3844800711315 -59.4321927821111,-34.3839392129167 -59.4334975329833,-34.3839452600847 -59.4334957115668,-34.384215689259 -59.4338219003942,-34.3842171988927 -59.4338200800021,-34.3844876280701 -59.4354510297458,-34.3844951632735 -59.4354528448948,-34.3842247340202 -59.4361052228645,-34.3842277419855 -59.436107035892,-34.3839573126898 -59.4364332238644,-34.3839588153532 -59.4364350358192,-34.3836883860304 -59.4367612227672,-34.3836898878092 -59.4367738984343,-34.381796882106 -59.4364477188261,-34.381795380433 -59.4364513423251,-34.3812545215824 -59.4361251648381,-34.3812530190703 -59.43613241574,-34.3801713012849 -59.435806242471,-34.3801697979641 -59.4358080561845,-34.3798993685027 -59.4361342284051,-34.3799008718085 -59.4361414788239,-34.378819153782 -59.4364676468752,-34.3788206561579 -59.4364730812906,-34.3780093674661 -59.436799246221,-34.3780108689274 -59.4368173488876,-34.3753065723532 -59.4371435033598,-34.3753080727942 -59.4371489305448,-34.3744967835416 -59.4374750818967,-34.3744982830682 -59.4374805057204,-34.3736869936618 -59.437806653952,-34.3736884922741 -59.4378102676179,-34.3731476325793 -59.4381364137774,-34.3731491302924 -59.4381436366281,-34.3720674106979 -59.4384697786196,-34.3720689074816 -59.4384733878045,-34.3715280475819 -59.4387995277241,-34.3715295434665 -59.4388067416136,-34.3704478234621 -59.4391328773654,-34.3704493184175 -59.4391382843864,-34.3696380282425 -59.4394644170185,-34.3696395222838 -59.4394770252255,-34.3677465113484 -59.4398031505468,-34.3677480044155 -59.4398247493071,-34.3645028412573 -59.44015086208,-34.3645043332753 -59.4401616538794,-34.3628817509552 -59.4408138669262,-34.3628847322046 -59.4408228489582,-34.3615325797897 -59.44114895028,-34.3615340690363 -59.4411543360696,-34.3607227773978 -59.4408282378901,-34.3607212881961 -59.4408300341528,-34.3604508576408 -59.4405039370446,-34.3604493675855 -59.4405057343308,-34.3601789370332 -59.440179638294,-34.3601774461243 -59.4401814366036,-34.3599070155749 -59.4398553416381,-34.3599055238124 -59.4398571409712,-34.359635093266 -59.4395310470771,-34.35963360065 -59.4395328474335,-34.3593631701065 -59.4392067546107,-34.3593616766369 -59.4392103573462,-34.358820815544 -59.4434495386792,-34.3588401625089</coordinates></LinearRing></outerBoundaryIs><innerBoundaryIs><LinearRing><coordinates>-59.418314441651,-34.3625094416782 -59.4176622340717,-34.3625063405786 -59.417660363244,-34.3627767699502 -59.4179864680686,-34.36277832095 -59.4179845982635,-34.3630487503251 -59.4183107041606,-34.3630503004718 -59.4183032288811,-34.3641320179142 -59.4186293389933,-34.3641335672546 -59.4186256032993,-34.3646744259347 -59.4189517155316,-34.3646759744375 -59.4189479818332,-34.3652168331005 -59.4192740961857,-34.3652183807657 -59.4192703644831,-34.3657592394117 -59.4195964809557,-34.3657607862393 -59.419592751249,-34.3663016448682 -59.4199188698418,-34.3663031908582 -59.4199151421311,-34.36684404947 -59.4202412628442,-34.3668455946222 -59.4202393999993,-34.3671160239256 -59.4205655217849,-34.3671175682246 -59.4205617981162,-34.3676584268262 -59.4208879220221,-34.3676599702874 -59.4208860611983,-34.3679303995857 -59.422190561261,-34.3679365648041 -59.4221924178938,-34.3676661354437 -59.4218662938887,-34.367664595458 -59.4218681515445,-34.367394166101 -59.4225203974838,-34.3673972451727 -59.4225222530193,-34.3671268157727 -59.4228483749784,-34.3671283539898 -59.4228520838798,-34.3665874951227 -59.4225259640162,-34.3665859569366 -59.4225296749141,-34.3660450980522 -59.4231819104752,-34.3660481734936 -59.4231837637918,-34.3657777440024 -59.422531530326,-34.3657746685919 -59.4225352410756,-34.3652338096352 -59.4222091264751,-34.3652322706577 -59.422212839221,-34.3646914116838 -59.4218867267405,-34.3646898718686 -59.4218885841239,-34.364419442379 -59.4215624727158,-34.3644179017106 -59.4215643311221,-34.3641474722244 -59.4212382207863,-34.3641459307028 -59.4212400802153,-34.3638755012201 -59.4209139709519,-34.3638739588452 -59.4209158314038,-34.3636035293661 -59.4205897232127,-34.363601986138 -59.4205915846873,-34.3633315566623 -59.4199393704747,-34.3633284676311 -59.4199412340196,-34.3630580381745 -59.4192890220014,-34.3630549456995 -59.4192908876165,-34.362784516262 -59.4183125729183,-34.362779871081 -59.418314441651,-34.3625094416782</coordinates></LinearRing></innerBoundaryIs><innerBoundaryIs><LinearRing><coordinates>-59.4003787699074,-34.362422895331 -59.4000526674966,-34.3624212974379 -59.4000102589305,-34.3683707219834 -59.4003363843892,-34.3683723202304 -59.4003248225453,-34.3699948896442 -59.4006509543166,-34.3699964871189 -59.4006490283007,-34.3702669153284 -59.4009751611455,-34.3702685119503 -59.4009732361517,-34.3705389401637 -59.4016255040141,-34.3705421308329 -59.4016235810905,-34.3708125590664 -59.4022758511513,-34.3708157462919 -59.4022739302979,-34.3710861745455 -59.4026000664146,-34.3710877668708 -59.4025981465835,-34.3713581951284 -59.4032504209895,-34.3713613772042 -59.4032465854424,-34.3719022337472 -59.4035727247797,-34.3719038235137 -59.4035669744113,-34.3727151082857 -59.4038931169181,-34.3727166972312 -59.4038892853075,-34.3732575537176 -59.4032369961274,-34.3732543748936 -59.4032408319301,-34.3727135184712 -59.4029146894744,-34.3727119277877 -59.4029166083854,-34.3724414995744 -59.4025904670033,-34.3724399080379 -59.4025923869368,-34.3721694798286 -59.4009616856503,-34.3721615091913 -59.400963610798,-34.3718910810502 -59.4006374716656,-34.3718894843319 -59.4006316930016,-34.3727007686707 -59.4003055507509,-34.3726991710351 -59.4003016960838,-34.3732400271685 -59.3999755517627,-34.3732384286317 -59.3999716948967,-34.3737792846846 -59.4002978413139,-34.3737808832536 -59.4002920589665,-34.3745921672908 -59.4009443581663,-34.3745953619182 -59.400942432762,-34.3748657899387 -59.4012685834485,-34.3748673859648 -59.4012666590667,-34.3751378139893 -59.400614355623,-34.3751346210357 -59.4006047228474,-34.3764867608162 -59.4009308797973,-34.376488357808 -59.4009251029685,-34.3772996415797 -59.4012512630887,-34.3773012377505 -59.4012454891737,-34.3781125214619 -59.4015716524643,-34.3781141168117 -59.4015601102318,-34.379736684005 -59.401886279838,-34.379738278582 -59.4018785886971,-34.3808199898671 -59.4022047625226,-34.380821583639 -59.4022009188953,-34.3813624392413 -59.4025270948433,-34.381364032176 -59.4025232532105,-34.381904887762 -59.402849431281,-34.3819064798595 -59.4028455916428,-34.3824473354294 -59.4031717718359,-34.3824489266896 -59.4031679341924,-34.3829897822432 -59.4034941165081,-34.3829913726662 -59.4034902808595,-34.3835322282036 -59.4038164652979,-34.3835338177892 -59.4038126316441,-34.3840746733103 -59.4041388182052,-34.3840762620585 -59.4041369023886,-34.384346689817 -59.4044630900239,-34.3843482777118 -59.4044611752304,-34.3846187054742 -59.4047873639398,-34.3846202925156 -59.4047835363735,-34.3851611480361 -59.4054359180634,-34.3851643195746 -59.4054340063394,-34.3854347473487 -59.4057601982712,-34.3854363318298 -59.4057582875703,-34.3857067596077 -59.4064106736077,-34.3857099259935 -59.4064087649788,-34.3859803537913 -59.4067349590843,-34.3859819356959 -59.4067330514786,-34.3862523634976 -59.4070592466583,-34.3862539445487 -59.4070573400759,-34.3865243723542 -59.407709732609,-34.3865275318799 -59.4077135415535,-34.3859866761932 -59.4080397357607,-34.3859882546201 -59.4080416391462,-34.3857178267428 -59.40836783233,-34.3857194042843 -59.4083716369276,-34.3851785484617 -59.4086978280394,-34.3851801251021 -59.4086997292515,-34.3849096971568 -59.4090259193401,-34.3849112729119 -59.4090316196784,-34.384099988956 -59.4093578066464,-34.3841015637941 -59.4093616046482,-34.3835607077315 -59.4096877895444,-34.3835622816685 -59.4096896874587,-34.3832918536033 -59.4100158713316,-34.3832934266551 -59.4100120775747,-34.3838342828052 -59.4109906356363,-34.3838389968395 -59.4109925293816,-34.383568568723 -59.4113187144041,-34.3835701383132 -59.4113149289854,-34.3841109945657 -59.4106625547713,-34.3841078544527 -59.4106606599269,-34.3843782825292 -59.4103344718092,-34.3843767111528 -59.4103306799473,-34.3849175672381 -59.4100044897575,-34.3849159949606 -59.4100006956973,-34.385456850966 -59.4096745034355,-34.3854552777874 -59.4096707071768,-34.3859961337128 -59.4093445128429,-34.3859945596332 -59.4093426136269,-34.3862649875619 -59.4090164182696,-34.386263412597 -59.4090126176641,-34.3868042683866 -59.4083602228307,-34.3868011157848 -59.4083583203924,-34.3870715436298 -59.408032121965,-34.3870699660088 -59.4080302184526,-34.3873403938258 -59.4083564179289,-34.3873419714627 -59.4083545154399,-34.3876123992835 -59.4086807159903,-34.3876139760667 -59.4086769130339,-34.3881548317039 -59.4090031157072,-34.3881564076494 -59.4089993147472,-34.3886972632701 -59.4093255195435,-34.3886988383777 -59.4093217205798,-34.3892396939819 -59.4096479274991,-34.3892412682517 -59.409644130532,-34.3897821238392 -59.4099703395743,-34.3897836972712 -59.4099684421017,-34.3900541250627 -59.4102946522183,-34.390055697641 -59.410290859295,-34.3905965532195 -59.4106170715347,-34.3905981249598 -59.4106151760841,-34.3908685527467 -59.410941389398,-34.3908701236332 -59.410937600519,-34.3914109792026 -59.4112638159561,-34.3914125492512 -59.4112600290741,-34.3919534048039 -59.4115862466344,-34.3919549740144 -59.4115843542045,-34.3922254017885 -59.4119105728391,-34.3922269701451 -59.4119067900018,-34.3927678256886 -59.4122330107596,-34.3927693932072 -59.4122311203522,-34.3930398209766 -59.4125573421843,-34.3930413876413 -59.4125554528008,-34.3933118154145 -59.4132078986387,-34.3933149461663 -59.4132097859241,-34.3930445183616 -59.4135360078317,-34.3930460824172 -59.4135378940428,-34.3927756545848 -59.4138641149265,-34.392777217755 -59.413869770262,-34.3919659341379 -59.4141959880237,-34.3919674963913 -59.4142167107811,-34.3889927886936 -59.4148691233032,-34.3889959102457 -59.4148653599505,-34.3895367663622 -59.415191568347,-34.3895383258653 -59.4151878069918,-34.3900791819649 -59.4155140175111,-34.3900807406299 -59.4155083784372,-34.3908920247359 -59.4158345921284,-34.3908935825784 -59.415832713436,-34.3911640106053 -59.4174637875118,-34.3911717868516 -59.4174656609594,-34.3909013587464 -59.4181180886667,-34.3909044631264 -59.4181199599914,-34.3906340349779 -59.4184461728335,-34.3906355858478 -59.4184499133102,-34.3900947294834 -59.4187761240794,-34.3900962794526 -59.4187779932314,-34.3898258512367 -59.4191042029766,-34.3898274003207 -59.4191079391082,-34.3892865438215 -59.4194341467804,-34.3892880920047 -59.41943601376,-34.3890176637214 -59.4200884270814,-34.3890207574481 -59.4200902919384,-34.3887503291216 -59.4207427032615,-34.3887534193389 -59.4207408405023,-34.3890238476965 -59.4213932540224,-34.3890269344667 -59.421391393336,-34.3892973628433 -59.4217176011822,-34.3892989049396 -59.4217157415199,-34.3895693333197 -59.4220419504398,-34.389570874562 -59.4220382331387,-34.390111731317 -59.4226906552483,-34.3901148112548 -59.4226869420439,-34.3906556680236 -59.4233393684482,-34.3906587445451 -59.4233412229649,-34.3903883161357 -59.4249722841632,-34.3903959921441 -59.4249741334105,-34.3901255636454 -59.4253003446752,-34.3901270962229 -59.4253021928489,-34.3898566676967 -59.4259546133544,-34.3898597302121 -59.4259564594057,-34.389589301643 -59.4269350872016,-34.3895938888479 -59.4269369300816,-34.3893234602207 -59.427915554952,-34.3893280395534 -59.4279173946608,-34.3890576108679 -59.4282436019511,-34.3890591355577 -59.4282454405865,-34.3887887068448 -59.4285716468524,-34.3887902306497 -59.4285734844144,-34.3885198019095 -59.428899689656,-34.3885213248295 -59.4289051990487,-34.3877100384904 -59.4292314011683,-34.3877115604949 -59.4292387424874,-34.3866298451459 -59.428912544563,-34.3866283232027 -59.4289162171733,-34.3860874654866 -59.4285900213708,-34.3860859427046 -59.4285936959806,-34.3855450849708 -59.4282675023,-34.3855435613501 -59.4282693406169,-34.3852731324804 -59.4279431480095,-34.3852716080056 -59.4279449873505,-34.3850011791392 -59.4272926043066,-34.3849981276119 -59.4272944457204,-34.3847276987642 -59.423380162106,-34.384709316754 -59.4233783081083,-34.3849797454166 -59.4227259257539,-34.3849766695455 -59.4227277818488,-34.3847062409139 -59.4207706416716,-34.3846969925276 -59.4207725040337,-34.3844265639771 -59.4204463151396,-34.384425019552 -59.4204481785255,-34.3841545910049 -59.419143427392,-34.3841484046728 -59.4191415598116,-34.3844188331576 -59.4178368048819,-34.3844126328529 -59.4178349330821,-34.3846830612632 -59.4175087433633,-34.3846815089979 -59.4175106162118,-34.3844110806032 -59.4168582389465,-34.3844079734956 -59.4168563640008,-34.384678401859 -59.4162039847381,-34.3846752912426 -59.4162133697028,-34.3833231494615 -59.4145824481994,-34.383315358098 -59.4145805660136,-34.3835857863999 -59.4142543807395,-34.3835842255034 -59.4142524974801,-34.3838546537774 -59.4139263111825,-34.3838530919959 -59.4139244268494,-34.3841235202422 -59.4135982395283,-34.3841219575755 -59.4136001249101,-34.3838515293449 -59.4129477524406,-34.3838484014348 -59.4129496398944,-34.3835779732236 -59.412623454746,-34.3835764079803 -59.4126442266113,-34.3806016970346 -59.4123180530215,-34.3806001310953 -59.412321831494,-34.3800592744345 -59.4119956600262,-34.3800577076575 -59.4119975502731,-34.3797872793247 -59.4116713798789,-34.3797857116942 -59.4116751623938,-34.3792448550241 -59.4113489941216,-34.379243286556 -59.4113508863895,-34.3789728582186 -59.4110247191909,-34.3789712888971 -59.4110285057478,-34.3784304322178 -59.4107023406711,-34.3784288620586 -59.4107061292237,-34.3778880053626 -59.4103799662688,-34.3778864343659 -59.4103837568169,-34.3773455776534 -59.4100575959838,-34.3773440058191 -59.4100632847613,-34.3765327207073 -59.4097371270981,-34.3765311480513 -59.4097409215865,-34.3759902912815 -59.409414766045,-34.3759887177881 -59.4094166642995,-34.3757182894009 -59.4090905098315,-34.3757167150543 -59.4090924091088,-34.3754462866709 -59.4087662557143,-34.375444711471 -59.4087681560144,-34.3751742830914 -59.4084420036934,-34.3751727070383 -59.408445806314,-34.3746318502747 -59.4081196561145,-34.3746302733842 -59.4081215584349,-34.3743598450001 -59.4077954093089,-34.3743582672565 -59.4077992159698,-34.373817410484 -59.4074730689653,-34.3738158319031 -59.4074749733058,-34.3735454035146 -59.4071488273748,-34.3735438240806 -59.4071526380756,-34.3730029672993 -59.4068264942661,-34.373001387028 -59.4068303069614,-34.3724605302303 -59.4065041652734,-34.3724589491218 -59.406507979963,-34.3719180923077 -59.4061818403963,-34.3719165103621 -59.4061856570802,-34.3713756535316 -59.4058595196349,-34.3713740707488 -59.4058709753635,-34.3697515000634 -59.405544844231,-34.3697499165074 -59.4055524850658,-34.3686682025396 -59.4052263581502,-34.3686666181785 -59.4052301805104,-34.3681257611541 -59.4049040557158,-34.3681241759561 -59.4049174405084,-34.3662311761025 -59.4045913230733,-34.3662295901474 -59.4045970621737,-34.3654183043629 -59.4042709479071,-34.3654167175869 -59.4042766899209,-34.3646054317417 -59.4039505788227,-34.3646038441449 -59.4039544087995,-34.3640629868864 -59.4036282998219,-34.3640613984529 -59.4036302158196,-34.3637909698216 -59.4033041079152,-34.3637893805353 -59.4033060249348,-34.3635189519079 -59.4029799181035,-34.3635173617689 -59.4029818361451,-34.3632469331455 -59.4023296246541,-34.3632437502934 -59.4023315447653,-34.36297332169 -59.4016793354717,-34.3629701353952 -59.4016812576522,-34.3626997068118 -59.4003768435626,-34.3626933238621 -59.4003787699074,-34.362422895331</coordinates></LinearRing></innerBoundaryIs><innerBoundaryIs><LinearRing><coordinates>-59.4427615554374,-34.3642458076667 -59.4424354435207,-34.3642443226138 -59.4424336521608,-34.3645147530753 -59.4427597651251,-34.3645162381431 -59.4427615554374,-34.3642458076667</coordinates></LinearRing></innerBoundaryIs><innerBoundaryIs><LinearRing><coordinates>-59.4019458722798,-34.3713550095767 -59.4016197351664,-34.3713534154973 -59.4016178121659,-34.3716238436947 -59.4009655359201,-34.3716206528971 -59.400963610798,-34.3718910810502 -59.4022681675841,-34.3718974592338 -59.4022700885142,-34.3716270310165 -59.4019439503273,-34.3716254377901 -59.4019458722798,-34.3713550095767</coordinates></LinearRing></innerBoundaryIs><innerBoundaryIs><LinearRing><coordinates>-59.3846052611372,-34.3788412871954 -59.3842790960541,-34.3788396465987 -59.3842771167744,-34.3791100735948 -59.3846032829059,-34.3791117142081 -59.3846052611372,-34.3788412871954</coordinates></LinearRing></innerBoundaryIs><innerBoundaryIs><LinearRing><coordinates>-59.3878649456682,-34.3791280725341 -59.3862341139583,-34.3791199042362 -59.3862321409423,-34.3793903313192 -59.3852536390868,-34.3793854198605 -59.3852516628994,-34.379655846882 -59.3823161493215,-34.3796410654192 -59.3823141636726,-34.3799114922798 -59.381987994581,-34.3799098455323 -59.3819860078572,-34.3801802723642 -59.3816598377438,-34.3801786247309 -59.3816578499451,-34.3804490515342 -59.3813316788097,-34.3804474030151 -59.3813237231564,-34.3815291100409 -59.3816498984854,-34.3815307586264 -59.3816479105543,-34.3818011853693 -59.3813217341768,-34.3817995367672 -59.3813157670789,-34.3826108168736 -59.3809895875825,-34.3826091673524 -59.3809856072877,-34.3831500206631 -59.3793546997185,-34.3831417598508 -59.3793527042886,-34.3834121864049 -59.3790265218059,-34.3834105316177 -59.3790285182844,-34.3831401050803 -59.3780499741418,-34.3831351355529 -59.3780519737392,-34.3828647090535 -59.3773996132077,-34.3828613917219 -59.3774016148754,-34.3825909652438 -59.3770754356982,-34.3825893052907 -59.3770734329819,-34.3828597317521 -59.3764210726106,-34.3828564092046 -59.3764190677706,-34.3831268356205 -59.3760928865764,-34.383125173026 -59.3760768385058,-34.3852885837844 -59.3764030280886,-34.3852902465128 -59.3763990179009,-34.3858310991152 -59.3767252096077,-34.3858327610076 -59.3767212014105,-34.3863736135951 -59.3770473952414,-34.3863752746516 -59.3770453921514,-34.386645700944 -59.3776977819907,-34.3866490204821 -59.3776957809715,-34.3869194467958 -59.3793267612798,-34.386927730509 -59.3793247654775,-34.387198156894 -59.3796509626678,-34.3871998110449 -59.3796389935884,-34.3888223692015 -59.379965197098,-34.3888240225828 -59.3799632032072,-34.3890944489166 -59.3802894077921,-34.389096101445 -59.3802874149236,-34.3893665277834 -59.380613620584,-34.3893681794589 -59.3806116287378,-34.3896386058018 -59.3812640422358,-34.3896419065775 -59.3812620524608,-34.3899123329416 -59.3825668839705,-34.3899189241248 -59.3825648983645,-34.3901893505431 -59.3828911073571,-34.3901909961816 -59.3828891227735,-34.3904614226044 -59.3832153328414,-34.3904630673899 -59.3832133492804,-34.3907334938172 -59.3835395604236,-34.3907351377496 -59.383537577885,-34.3910055641814 -59.3841900023486,-34.3910088494706 -59.3841880218815,-34.3912792759234 -59.3845142352018,-34.3912809172801 -59.3845122557573,-34.3915513437374 -59.384186041388,-34.3915497023641 -59.3841840608682,-34.3918201287928 -59.3828791994592,-34.3918135545375 -59.382877214717,-34.3920839808879 -59.3825509983819,-34.3920823351335 -59.3825490125642,-34.3923527614552 -59.3822227952065,-34.3923511148146 -59.3822188213938,-34.3928919673888 -59.3818926019645,-34.3928903198453 -59.3818906139694,-34.3931607460977 -59.3815643935176,-34.393159097668 -59.3815624044469,-34.3934295238917 -59.3812361829725,-34.3934278745757 -59.3812302124541,-34.3942391531246 -59.3815564370757,-34.3942408024904 -59.381554447899,-34.3945112286658 -59.3818806735962,-34.3945128771784 -59.3818826617238,-34.3942424509864 -59.3822088863984,-34.3942440986128 -59.3822108734504,-34.3939736723921 -59.3828633207809,-34.3939769650027 -59.382861335827,-34.3942473912565 -59.383187560581,-34.3942490362737 -59.3831835926923,-34.3947898887782 -59.3838360464761,-34.3947931762699 -59.3838301007396,-34.3956044550354 -59.3841563308185,-34.3956060975262 -59.3841484069969,-34.396687802444 -59.3844746412991,-34.3966894441312 -59.3844706813284,-34.3972302965506 -59.3847969177555,-34.3972319374011 -59.3847929597777,-34.3977727898053 -59.3851191983298,-34.397774429819 -59.3851172203507,-34.3980448560195 -59.3854434599784,-34.3980464951799 -59.3854414830222,-34.3983169213848 -59.3857677237256,-34.3983185596918 -59.3857657477924,-34.3985889859012 -59.3864182313767,-34.3985922599387 -59.3864202052113,-34.3983218336964 -59.3867464459936,-34.398323469394 -59.3867484187525,-34.3980530431231 -59.3870746585118,-34.3980546779344 -59.3870766301952,-34.397784251635 -59.3880553464828,-34.3977891508005 -59.388057314992,-34.3975187244398 -59.3883835527577,-34.3975203557389 -59.3883796178117,-34.3980612084812 -59.3887058577023,-34.3980628389433 -59.38870192475,-34.3986036916702 -59.3890281667654,-34.3986053212953 -59.3890262012993,-34.398875747657 -59.3893524443902,-34.3988773764287 -59.3893504799473,-34.3991478027947 -59.3896767241138,-34.3991494307129 -59.3896747606941,-34.3994198570832 -59.3903272512043,-34.3994231103428 -59.3903252898571,-34.3996935367338 -59.3913040289666,-34.3996984101482 -59.3913020707416,-34.3999688365762 -59.3919545657105,-34.3999720812024 -59.3919526095582,-34.400242507651 -59.3922788581312,-34.4002441286756 -59.3922769030023,-34.4005145551284 -59.3926031526508,-34.4005161752994 -59.3925992444136,-34.4010570282014 -59.3929254961871,-34.4010586475351 -59.3929215899447,-34.4015995004215 -59.3932478438431,-34.4016011189178 -59.3932458917324,-34.4018715453592 -59.3935721467064,-34.4018731630019 -59.3935701956191,-34.4021435894474 -59.3938964516686,-34.4021452062365 -59.3938945016049,-34.4024156326862 -59.3945470158809,-34.4024188636869 -59.3945450678903,-34.4026892901571 -59.3958501009519,-34.4026957417838 -59.3958481571336,-34.4029661683068 -59.3961744165133,-34.4029677790547 -59.3961724737187,-34.403238205582 -59.3964987341739,-34.4032398154761 -59.3964831992818,-34.405403227389 -59.3961569304294,-34.4054016173652 -59.3961297256853,-34.4091875861267 -59.3964560092348,-34.4091891963773 -59.3964424123087,-34.4110821799842 -59.3967687032337,-34.411083789478 -59.3967628787414,-34.4118950680342 -59.3970891728422,-34.4118966767064 -59.3970872323431,-34.4121671028838 -59.3974135275198,-34.4121687107019 -59.3974096485441,-34.4127095630529 -59.3977359458468,-34.412711170033 -59.3977320688678,-34.413252022368 -59.3980583682965,-34.4132536285102 -59.3980564308184,-34.4135240546758 -59.3983827313231,-34.4135256599638 -59.3983788583896,-34.414066512291 -59.3987051610203,-34.414068116741 -59.3987032255651,-34.4143385429026 -59.3990295292717,-34.4143401464984 -59.3990275948408,-34.4146105726641 -59.3993538996234,-34.4146121754056 -59.3993519662169,-34.4148826015754 -59.4003308838698,-34.4148874046261 -59.4003289535881,-34.4151578308322 -59.4006552605741,-34.4151594301244 -59.4006494727254,-34.4159707087184 -59.4003231625887,-34.4159691093779 -59.4003135104086,-34.417321240046 -59.3999871950463,-34.4173196397545 -59.3999833318935,-34.417860491905 -59.4003096493564,-34.4178620922287 -59.4003057882014,-34.4184029443631 -59.4006321077908,-34.4184045438485 -59.400630178225,-34.4186749699137 -59.4009564988905,-34.4186765685447 -59.4009526417827,-34.419217420671 -59.4019316102358,-34.4192222114374 -59.4019296847946,-34.4194926375307 -59.402256008714,-34.4194942327278 -59.4022540842976,-34.4197646588251 -59.4025804092931,-34.4197662531677 -59.4025765624842,-34.4203071053581 -59.4022502353878,-34.4203055109834 -59.4022463863754,-34.4208463630934 -59.4019200572036,-34.420844767816 -59.4019181316085,-34.4211151938368 -59.4022444618307,-34.4211167891303 -59.4022348387227,-34.4224689191336 -59.4025611742233,-34.4224705136368 -59.4025592505754,-34.4227409396173 -59.4028855871523,-34.4227425332658 -59.4028817418806,-34.4232833852226 -59.4032080805844,-34.4232849780326 -59.4031984722102,-34.4246371077936 -59.4028721282532,-34.4246355149035 -59.4028702054508,-34.4249059408034 -59.4025438604687,-34.4249043470266 -59.4025380887556,-34.4257156246059 -59.402211740647,-34.4257140299103 -59.4022059655508,-34.4265253073327 -59.4025323168118,-34.4265269020765 -59.4025303927793,-34.4267973278759 -59.4028567451167,-34.426798921765 -59.4028528990764,-34.4273397733597 -59.4031792535411,-34.4273413664101 -59.4031773315333,-34.4276117922053 -59.4038300426412,-34.4276149757257 -59.4038281227095,-34.4278854015409 -59.4041544793528,-34.427886992011 -59.4041525604463,-34.4281574178301 -59.404478918166,-34.4281590074453 -59.4044770002849,-34.4284294332684 -59.404803359081,-34.4284310220288 -59.4048014422253,-34.4287014478558 -59.4051278020978,-34.4287030357614 -59.4051258862674,-34.4289734615922 -59.4054522472164,-34.4289750486429 -59.4054503324115,-34.4292454744777 -59.4057766944369,-34.4292470606735 -59.4057747806574,-34.4295174865122 -59.4061011437593,-34.4295190718531 -59.4060954054205,-34.4303303493445 -59.4064217717008,-34.4303319338624 -59.4064198599212,-34.4306023596847 -59.406746227278,-34.4306039433477 -59.406744316524,-34.4308743691738 -59.4073970534159,-34.4308775339189 -59.4073951447385,-34.4311479597648 -59.4100061017309,-34.4311605840364 -59.4100080020001,-34.4308901580635 -59.4106607393996,-34.4308933053907 -59.4106626375415,-34.430622879374 -59.4109890052282,-34.4306244517154 -59.4109833138799,-34.4314357297766 -59.411309684745,-34.4314373012946 -59.4113077886294,-34.4317077273066 -59.4119605325375,-34.4317108677614 -59.4119586384988,-34.4319812937929 -59.4122850115418,-34.4319828627297 -59.4122831185289,-34.432253288765 -59.4135886151574,-34.4322595558658 -59.4135867263237,-34.4325299819521 -59.4142394768913,-34.4325331103082 -59.4142375901347,-34.4328035364139 -59.4145639665073,-34.4328050993013 -59.4145658522128,-34.4325346731799 -59.4152186029311,-34.4325377963104 -59.4152204865093,-34.4322673701455 -59.4158732352258,-34.4322704897607 -59.4158751166766,-34.4320000635523 -59.4162014900214,-34.4320016220379 -59.4162033703961,-34.4317311958018 -59.4165297427149,-34.4317327534007 -59.416533501287,-34.4311919008609 -59.4162071310703,-34.4311903432933 -59.4162090113699,-34.430919917021 -59.4165353805354,-34.4309214745729 -59.4165372597589,-34.4306510482728 -59.4171899960632,-34.4306541607326 -59.4171918731595,-34.4303837343891 -59.4175182402982,-34.430385289297 -59.4175201163186,-34.4301148629259 -59.4181728485689,-34.4301179700977 -59.4181747224623,-34.4298475436832 -59.4188274527105,-34.4298506473403 -59.418829324477,-34.4295802208825 -59.4191556885876,-34.4295817713892 -59.4191575592782,-34.4293113449037 -59.4194839223627,-34.4293128945239 -59.4194857919774,-34.4290424680108 -59.4198121540359,-34.4290440167446 -59.4198140225748,-34.4287735902038 -59.4201403836073,-34.4287751380511 -59.4201553226147,-34.4266117251658 -59.4204816752651,-34.4266132720178 -59.4205115316911,-34.422286443681 -59.4208378675553,-34.4222879894134 -59.4208471911301,-34.4209358548468 -59.4205208605188,-34.4209343091922 -59.4205283231333,-34.419852601384 -59.4208546495427,-34.4198541469763 -59.4208583785999,-34.4193132929687 -59.4211847029333,-34.4193148376594 -59.4211921565479,-34.4182331294372 -59.4215184767045,-34.4182346731952 -59.421522201262,-34.4176938189806 -59.4218485193427,-34.4176953618371 -59.4218522417003,-34.4171545075432 -59.4221785577051,-34.4171560494982 -59.4221841379046,-34.4163447679203 -59.4225104507833,-34.4163463089583 -59.4225141686918,-34.4158054544816 -59.4228404794947,-34.4158069946182 -59.422846053021,-34.4149957127663 -59.4231723606979,-34.414997251986 -59.423179787519,-34.4139155426192 -59.42350609102,-34.4139170809065 -59.4235172242086,-34.4122945164015 -59.4238435214335,-34.4122960537257 -59.4238565016783,-34.4104030611459 -59.4241827915778,-34.4104045974915 -59.4241957632623,-34.4085116042123 -59.4238694807122,-34.4085100679749 -59.4238713347611,-34.4082396403308 -59.4235450532856,-34.4082381032387 -59.4235431981869,-34.4085085308674 -59.4228906332104,-34.4085054540417 -59.4228887759871,-34.4087758816273 -59.4225624924861,-34.4087743418937 -59.4225606341882,-34.4090447694517 -59.4219080651607,-34.4090416873429 -59.4219062047382,-34.4093121148579 -59.4215799192118,-34.4093105724827 -59.4215780577146,-34.40958099997 -59.421251771163,-34.4095794567091 -59.4212499085911,-34.4098498841688 -59.4209236210143,-34.4098483400221 -59.4209217573676,-34.4101187674543 -59.4202691801888,-34.4101156765191 -59.4202673144174,-34.4103861039081 -59.4199410248153,-34.4103845571195 -59.419939157969,-34.4106549844809 -59.4196128673418,-34.4106534368065 -59.4196091314745,-34.4111942914619 -59.4192828387722,-34.4111927428862 -59.4192809697513,-34.4114631701801 -59.4189546760239,-34.4114616207185 -59.418952805928,-34.4117320479849 -59.4186265111754,-34.4117304976374 -59.4186227688087,-34.4122713521027 -59.418296471981,-34.4122698008537 -59.4182945997102,-34.4125402280526 -59.4179683018574,-34.4125386759176 -59.4179664285115,-34.4128091030889 -59.4176401296336,-34.412807550068 -59.4176363807667,-34.413348404343 -59.4179626817448,-34.4133499573952 -59.4179533143912,-34.4147020929497 -59.4182796206451,-34.4147036452096 -59.4182721305137,-34.4157853534984 -59.4179458200589,-34.4157838011761 -59.417942072743,-34.4163246552169 -59.4176157602126,-34.4163231019928 -59.4176063862341,-34.4176752368055 -59.4179327040161,-34.4176767901077 -59.4179270824802,-34.4184880708974 -59.4182534034382,-34.418489623376 -59.4182496577236,-34.4190304772067 -59.4179233346648,-34.4190289246968 -59.4179214607197,-34.4192993515784 -59.4175951366354,-34.4192977981824 -59.4175932616149,-34.4195682250364 -59.4166142863608,-34.4195635595782 -59.416610529942,-34.4201044131559 -59.4159578756959,-34.4201012984352 -59.415954114975,-34.4206421519019 -59.4156277857886,-34.4206405932043 -59.41562590434,-34.420911019904 -59.4152995741282,-34.4209094603201 -59.415297691604,-34.4211798869919 -59.4149713603667,-34.4211783265218 -59.4149732439414,-34.4209078998656 -59.4143205836432,-34.420904776345 -59.4143224692938,-34.4206343497083 -59.414975127491,-34.4206374731974 -59.4149770110155,-34.4203670465172 -59.4153033391012,-34.4203686069402 -59.4153052215501,-34.4200981802322 -59.4156315486105,-34.4200997397689 -59.4156353113321,-34.4195588862853 -59.4159616363166,-34.4195604449201 -59.4159635165894,-34.4192900181445 -59.4156371926553,-34.4192884595253 -59.4156390739534,-34.4190180327533 -59.4153127510948,-34.4190164732793 -59.4153146334182,-34.4187460465109 -59.4156409552264,-34.4187476059692 -59.4156428364744,-34.4184771791731 -59.4159691572573,-34.4184787377452 -59.4159672770597,-34.418749164557 -59.416293598918,-34.4187507222743 -59.4162954780652,-34.4184802954468 -59.4166217988982,-34.4184818522779 -59.4166274330384,-34.417670571676 -59.4169537507453,-34.4176721275896 -59.4169556276917,-34.4174017006825 -59.4166293110351,-34.4174001447845 -59.4166330669534,-34.4168592909654 -59.4163067524225,-34.4168577342283 -59.4163086313944,-34.4165873073163 -59.4159823179388,-34.4165857497244 -59.415989837777,-34.4155040420185 -59.4153372193432,-34.4155009243489 -59.4153391013406,-34.4152304974236 -59.4150127932115,-34.4152289372989 -59.415014676234,-34.4149585103773 -59.4143620621515,-34.4149553875481 -59.4143582918805,-34.4154962413165 -59.4137056736977,-34.4154931149429 -59.413703786424,-34.4157635417775 -59.4140300965531,-34.4157651054152 -59.4140282103046,-34.4160355322535 -59.4137018991253,-34.4160339686 -59.4137000118013,-34.4163043954105 -59.4140263240309,-34.4163059590797 -59.4140225514081,-34.416846812696 -59.413043608493,-34.4168421189825 -59.4130511662413,-34.4157604118907 -59.4127248561877,-34.4157588456417 -59.4127305273852,-34.4149475652435 -59.4133831412163,-34.4149506967765 -59.4133812529427,-34.4152211236195 -59.4140338689748,-34.4152242517025 -59.414037641296,-34.4146833979414 -59.4143639472493,-34.4146849606458 -59.414369602392,-34.4138736798666 -59.4140432995891,-34.4138721172093 -59.4140451856366,-34.4136016902745 -59.413718883909,-34.4136001267626 -59.4137226580288,-34.4130592728882 -59.4130700588496,-34.4130561433165 -59.4130719479719,-34.4127857163926 -59.4133982464989,-34.412787281598 -59.4134001345459,-34.4125168546463 -59.4137264320479,-34.4125184189656 -59.4137283190198,-34.4122479919861 -59.4143809119991,-34.4122511179822 -59.4143827968457,-34.4119806909592 -59.4150353878254,-34.4119838134427 -59.4150372705467,-34.4117133863763 -59.4153635650242,-34.4117149462969 -59.4153654466705,-34.4114445192026 -59.4156917401229,-34.4114460782373 -59.4156936206941,-34.4111756511153 -59.4160199131216,-34.411177209264 -59.4160236720888,-34.4106363549524 -59.4163499624414,-34.4106379121995 -59.4163518408375,-34.41036748501 -59.4170044195178,-34.410370596862 -59.4170062957889,-34.4101001696291 -59.4173325841166,-34.4101017242341 -59.4173344593127,-34.4098312969735 -59.4176607466154,-34.4098328506927 -59.4176626207367,-34.4095624234043 -59.4179889070145,-34.4095639762376 -59.4179907800608,-34.4092935489216 -59.4183170653136,-34.4092951008691 -59.4183208092315,-34.4087542461696 -59.4186470924095,-34.4087557972156 -59.4186489632812,-34.4084853698322 -59.4189752454342,-34.4084869199924 -59.4189771152311,-34.4082164925813 -59.4193033963592,-34.4082180418558 -59.4193071337785,-34.4076771869662 -59.4196334128318,-34.4076787353393 -59.4196352804543,-34.4074083078608 -59.4199615584827,-34.4074098553483 -59.4199671580514,-34.4065985727936 -59.4202934329552,-34.4066001193642 -59.4202971637771,-34.4060592642363 -59.4206234366063,-34.4060608099057 -59.4206271652293,-34.4055199546984 -59.4203008944996,-34.4055184090602 -59.4203046251226,-34.4049775538358 -59.4199783565172,-34.4049760073586 -59.4199802228411,-34.4047055797439 -59.4196539553102,-34.4047040324122 -59.4196558226589,-34.404433604801 -59.4193295562025,-34.4044320566148 -59.419331424576,-34.4041616290071 -59.4190051591942,-34.4041600799665 -59.4190070285924,-34.4038896523623 -59.4186807642852,-34.4038881024673 -59.4186826347081,-34.4036176748666 -59.4183563714755,-34.4036161241172 -59.4183582429231,-34.4033456965201 -59.418031980765,-34.4033441449162 -59.4180338532372,-34.4030737173226 -59.4177075921537,-34.4030721648644 -59.4177094656506,-34.4028017372744 -59.4173832056416,-34.4028001839618 -59.4173850801631,-34.4025297563754 -59.4167325623191,-34.4025266471714 -59.4167344389148,-34.4022562196043 -59.4164081810799,-34.402254663713 -59.4164100587,-34.4019842361494 -59.4160838019397,-34.4019826794038 -59.4160856805844,-34.4017122518438 -59.4154331692379,-34.4017091357741 -59.4154350499565,-34.4014387082334 -59.4151087953704,-34.4014371489093 -59.4151106771135,-34.4011667213723 -59.414131916654,-34.4011620382274 -59.4141338015205,-34.4008916107255 -59.4128287921243,-34.4008853544162 -59.4128269030599,-34.4011557818552 -59.4125006497242,-34.4011542155873 -59.4124987595852,-34.4014246429984 -59.4121725052252,-34.4014230758449 -59.4121687227725,-34.4019639305994 -59.4118424663387,-34.4019623625443 -59.411840574025,-34.4022327898877 -59.4115143165669,-34.4022312209468 -59.4115105297647,-34.4027720755659 -59.4111842702328,-34.4027705057234 -59.4111823757443,-34.403040932999 -59.410856115188,-34.4030393622708 -59.4108485327829,-34.4041210711894 -59.4111747975377,-34.4041226419809 -59.4111710082829,-34.4046634963994 -59.4118235420667,-34.4046666354355 -59.4118197569097,-34.4052074898689 -59.4121460259388,-34.4052090581134 -59.4121441343721,-34.4054794853278 -59.4124704044762,-34.4054810527181 -59.4124666233667,-34.4060219071422 -59.4127928955954,-34.4060234736939 -59.4127910060526,-34.4062939009036 -59.4131172793562,-34.406295466601 -59.4131135022946,-34.4068363210158 -59.4134397777229,-34.4068378858746 -59.4134378902042,-34.4071083130796 -59.4137641667074,-34.407109877084 -59.4137622802133,-34.4073803042927 -59.4147411130233,-34.4073849911323 -59.4147392296535,-34.4076554183761 -59.4150655083569,-34.4076569789313 -59.4150617436417,-34.4081978334142 -59.4153880244698,-34.4081993931307 -59.4153861431245,-34.4084698203698 -59.4150598612465,-34.4084682606375 -59.4150579788261,-34.4087386878488 -59.415710544707,-34.4087418064744 -59.4157067839907,-34.4092826609235 -59.4153804989379,-34.4092811020144 -59.4153767360215,-34.4098219563839 -59.415050448894,-34.4098203965732 -59.4150485663482,-34.4100908237241 -59.4147222781958,-34.4100892630275 -59.4147260453622,-34.409548408745 -59.4150523314146,-34.4095499694102 -59.4150560963807,-34.409009115048 -59.4147298124281,-34.4090075544142 -59.4147335793935,-34.4084667000351 -59.4144072975657,-34.4084651385626 -59.4144035285005,-34.4090059929102 -59.414077244598,-34.409004430536 -59.4140791301931,-34.408734003384 -59.4137528473656,-34.4087324401553 -59.4137547339855,-34.4084620130069 -59.413428452233,-34.4084604489238 -59.4134303398776,-34.4081900217791 -59.4127777785479,-34.4081868910339 -59.4127758888037,-34.4084573181471 -59.4117970438485,-34.4084526154558 -59.4117951509295,-34.4087230425096 -59.4114688682783,-34.4087214731896 -59.4114669742841,-34.4089919002156 -59.4108144069578,-34.4089887589335 -59.4108125108386,-34.4092591859158 -59.4104862261634,-34.4092576139537 -59.4104824317493,-34.4097984678503 -59.4101561449996,-34.4097968949863 -59.4101523483845,-34.4103377488031 -59.4098260595602,-34.4103361750372 -59.4098241601647,-34.4106066019116 -59.4091715804921,-34.4106034517375 -59.4091734819875,-34.4103330248948 -59.4088471932391,-34.4103314485182 -59.4088509982538,-34.4097905948283 -59.4085247116307,-34.4097890176132 -59.4085304221123,-34.4089777370355 -59.4088567055857,-34.4089793142029 -59.4088586079789,-34.4087088873036 -59.4091848904278,-34.408710463585 -59.4091829890844,-34.4089808905002 -59.4098355561578,-34.4089840404841 -59.4098393546197,-34.4084431865784 -59.4101656360947,-34.4084447602334 -59.4101637379262,-34.4087151872081 -59.4104900204763,-34.4087167600087 -59.4104919175949,-34.4084463330182 -59.4108181991204,-34.4084479049328 -59.4108200951638,-34.4081774779144 -59.4101675342378,-34.4081743332465 -59.4101694323556,-34.4079039062477 -59.4104957117561,-34.4079054790008 -59.4104976087988,-34.4076350519741 -59.4108238871748,-34.4076366238413 -59.4108314708936,-34.4065549155502 -59.4101789225653,-34.4065517710723 -59.4101808205314,-34.406281344001 -59.4098545474549,-34.4062797704727 -59.4098583454106,-34.4057389163256 -59.4095320744589,-34.4057373419589 -59.4095339744485,-34.4054669148831 -59.4088814347205,-34.4054637635711 -59.4088795326315,-34.4057341906152 -59.4085532617558,-34.4057326136383 -59.4085513585917,-34.4060030406544 -59.4082250866916,-34.4060014627915 -59.4082212781878,-34.4065423167558 -59.4078950042136,-34.406540737991 -59.4078892881182,-34.4073520187993 -59.4065841798782,-34.4073456948481 -59.4065803606224,-34.4078865485326 -59.4062540815263,-34.4078849653376 -59.406250260069,-34.408425818942 -59.4059239788987,-34.408424234845 -59.4059201552399,-34.4089650883692 -59.4062464385099,-34.4089666724981 -59.4062426168489,-34.409507526006 -59.4065689022442,-34.4095091092966 -59.4065669924254,-34.4097795360484 -59.4068932788961,-34.4097811184847 -59.4068913701018,-34.4100515452403 -59.4075439452193,-34.4100547075342 -59.407534411366,-34.4114068412904 -59.4078607042128,-34.4114084212115 -59.4078416451012,-34.4141126879775 -59.4075153417535,-34.4141111078974 -59.4075096203742,-34.4149223876442 -59.4078359268724,-34.414923967772 -59.4078321145928,-34.415464820908 -59.4081584232168,-34.4154664001972 -59.4081546129361,-34.4160072533166 -59.4088072344612,-34.4160104093474 -59.4088053313833,-34.4162808359208 -59.4091316432341,-34.4162824126465 -59.4091297411812,-34.4165528392236 -59.4094560541076,-34.4165544150947 -59.4094541530796,-34.4168248416757 -59.4097804670817,-34.4168264166922 -59.4097785670786,-34.4170968432769 -59.4101048821563,-34.4170984174388 -59.4101029831782,-34.4173688440273 -59.4104292993316,-34.4173704173346 -59.4104255034002,-34.4179112705071 -59.4107518216795,-34.4179128429755 -59.4107461307438,-34.4187241226912 -59.4110724521995,-34.4187256943367 -59.4110705562208,-34.4189961209002 -59.4113968787522,-34.4189976916909 -59.4113930888198,-34.4195385448135 -59.4117194134773,-34.4195401147653 -59.4117099434567,-34.4208922474395 -59.4120362733918,-34.4208938165997 -59.4120305942281,-34.4217050961067 -59.4123569273401,-34.4217066644437 -59.4123588193693,-34.4214362379377 -59.4126851514559,-34.4214378053883 -59.4126832604772,-34.4217082319101 -59.4130095936396,-34.4217097985059 -59.4130133734707,-34.4211689454186 -59.4133397045571,-34.4211705111123 -59.4133378157047,-34.4214409376777 -59.4136641478669,-34.4214425025165 -59.4136622600398,-34.4217129290856 -59.4139885932777,-34.4217144930696 -59.413986706476,-34.4219849196423 -59.4136603721876,-34.4219833556426 -59.4136584843102,-34.4222537821876 -59.4133321489964,-34.4222522173015 -59.413322703979,-34.4236043497666 -59.4136490445459,-34.4236059147314 -59.4136452684641,-34.4241467676644 -59.4139716111575,-34.42414833179 -59.4139697241295,-34.4244187582541 -59.4142960678988,-34.4244203215248 -59.4142941818963,-34.4246907479926 -59.4149468716116,-34.4246938719533 -59.4149449876855,-34.4249642984404 -59.4155976796026,-34.4249674189497 -59.415593915878,-34.4255082719506 -59.4159202639757,-34.4255098309306 -59.4159183831265,-34.4257802574286 -59.4155920339781,-34.425778698433 -59.4155845061275,-34.4268604042417 -59.415258152801,-34.4268588443125 -59.4152562697248,-34.4271292707189 -59.4149299153726,-34.4271277099032 -59.4149280312205,-34.4273981362818 -59.4146016758425,-34.4273965745797 -59.4145997906145,-34.4276670009304 -59.4139470778322,-34.4276638748823 -59.4139451904772,-34.4279343011896 -59.4132924756938,-34.4279311716268 -59.413290586212,-34.4282015978905 -59.4129642278072,-34.4282000317872 -59.4129623372492,-34.428470458023 -59.4126359778187,-34.4284688910331 -59.4126321945255,-34.429009743437 -59.4123058330183,-34.4290081755447 -59.4123039402829,-34.4292786017128 -59.4119775777501,-34.4292770329339 -59.4119737901017,-34.4298178852023 -59.4116474254922,-34.4298163155209 -59.4116455305792,-34.4300867416212 -59.4113191649439,-34.4300851710532 -59.4113343319484,-34.4279217620393 -59.4106816175685,-34.4279186185437 -59.4106835154321,-34.4276481923942 -59.4113362277102,-34.4276513358582 -59.4113400191582,-34.4271104834599 -59.4116663732334,-34.4271120538541 -59.4116682678687,-34.426841627621 -59.4119946209184,-34.4268431971286 -59.4119965144776,-34.4265727708677 -59.4123228665017,-34.4265743394888 -59.4123285438755,-34.4257630605862 -59.4120021950037,-34.4257614920125 -59.412005981895,-34.4252206393819 -59.4116796351499,-34.4252190699691 -59.4116815296084,-34.4249486436515 -59.4103761470838,-34.4249423573561 -59.4103742484224,-34.4252127836104 -59.4100479018037,-34.4252112098439 -59.4100460020662,-34.4254816360704 -59.4097196544221,-34.4254800614173 -59.4097177536086,-34.4257504876158 -59.4093914049391,-34.4257489120762 -59.4093895030495,-34.4260193382468 -59.4087368036849,-34.4260161845237 -59.4087348996684,-34.4262866106505 -59.4084085489735,-34.4262850324669 -59.4084104540407,-34.426014606356 -59.4080841044219,-34.4260130273176 -59.4080879165819,-34.4254721750914 -59.40776156909,-34.4254705952141 -59.4077634761826,-34.4252001690987 -59.4074371297669,-34.4251985883666 -59.4074409459773,-34.4246577361315 -59.4071146016884,-34.4246561545605 -59.4071203289653,-34.4238448761651 -59.4067939878539,-34.4238432937711 -59.4067997180538,-34.4230320153149 -59.4064733801197,-34.4230304320981 -59.4064752911861,-34.4227600059378 -59.4048436071512,-34.4227520768736 -59.404845523445,-34.4224816507811 -59.4058245306377,-34.4224864107836 -59.4058264437542,-34.422215984631 -59.4061527784855,-34.4222175695413 -59.406154690526,-34.4219471433608 -59.4071336917211,-34.4219518928202 -59.4071375094223,-34.4214110403272 -59.4074638411038,-34.4214126217073 -59.4074695643134,-34.4206013428297 -59.4077958928688,-34.4206029232915 -59.407797799504,-34.4203324969589 -59.4074714719991,-34.420330916513 -59.4074771949036,-34.4195196374905 -59.4071508705755,-34.4195180562218 -59.4071527792099,-34.4192476298727 -59.4068264559576,-34.4192460477494 -59.406828365617,-34.4189756214042 -59.4065020434406,-34.4189740384263 -59.406503954125,-34.4187036120849 -59.4058513119494,-34.4187004435495 -59.4058532247091,-34.4184300172279 -59.4055269047099,-34.4184284316704 -59.4055288184944,-34.4181580053527 -59.4052024995711,-34.4181564189407 -59.4052063291644,-34.4176155663011 -59.4048800123673,-34.4176139790505 -59.4048819281759,-34.4173435527286 -59.4045556124547,-34.4173419646235 -59.4045594460961,-34.4168011119754 -59.404233132501,-34.4167995230318 -59.4042369681407,-34.4162586703674 -59.4039106566718,-34.4162570805854 -59.4039144943098,-34.4157162279047 -59.4035881849669,-34.4157146372843 -59.403592024603,-34.4151737845873 -59.4032657173862,-34.4151721931285 -59.4032695590204,-34.4146313404153 -59.4029432539295,-34.4146297481182 -59.4029509410914,-34.4135480426109 -59.4032772419816,-34.4135496348439 -59.4032810833087,-34.4130087819858 -59.4036073821243,-34.4130103733165 -59.4036131407726,-34.4121990938907 -59.4039394364637,-34.412200684303 -59.4039451917317,-34.4113894047206 -59.4042714842982,-34.4113909942147 -59.4042734016197,-34.4111205676471 -59.4039471101032,-34.411118978169 -59.4039682105029,-34.4081442853047 -59.4042944904703,-34.4081458746068 -59.4043021583767,-34.4070641676846 -59.4039758826086,-34.4070625784465 -59.4039778005712,-34.4067921517018 -59.4043040752895,-34.4067937409238 -59.4043059921767,-34.4065233141511 -59.4039797185081,-34.406521724945 -59.4039816364195,-34.4062512981761 -59.4043079090383,-34.4062528873662 -59.4043098258744,-34.4059824605692 -59.404636097469,-34.4059840488733 -59.4046399289652,-34.4054431952112 -59.4049661984859,-34.4054447826132 -59.404968113146,-34.4051743557481 -59.404641844675,-34.4051727683621 -59.4046437603592,-34.4049023415009 -59.4062750977208,-34.4049102696504 -59.4062770081312,-34.4046398426973 -59.4072558077047,-34.4046445890986 -59.4072577149407,-34.4043741620857 -59.4075839804664,-34.4043757424635 -59.4075858866273,-34.4041053154226 -59.4079121511288,-34.4041068949144 -59.4079140562146,-34.4038364678455 -59.4082403196918,-34.4038380464514 -59.4082422237027,-34.4035676193546 -59.4085684861557,-34.4035691970746 -59.408572292002,-34.403028342813 -59.4088985523812,-34.4030299196313 -59.4089004542167,-34.4027594924665 -59.4092267135717,-34.4027610683989 -59.4092286143323,-34.4024906412062 -59.4095548726631,-34.4024922162527 -59.4095586720093,-34.4019513617994 -59.4098849282662,-34.4019529359443 -59.4098868268518,-34.4016825086837 -59.4102130820846,-34.4016840819428 -59.4102168770809,-34.4011432273537 -59.4105431302399,-34.4011447997112 -59.4105469230361,-34.4006039450422 -59.4108731741215,-34.4006055164981 -59.410890231009,-34.3981716697479 -59.4105639893682,-34.3981700984344 -59.4105677816085,-34.3976292434999 -59.4102415420916,-34.3976276713482 -59.4102453363294,-34.3970868163971 -59.4099190989364,-34.3970852434072 -59.4099209970666,-34.3968148159294 -59.4095947607481,-34.3968132420856 -59.4095985590312,-34.3962723871254 -59.4092723248366,-34.3962708124435 -59.4092761251168,-34.3957299574668 -59.4089498930459,-34.3957283819468 -59.4089479918693,-34.3959988094254 -59.4086217587745,-34.3959972330197 -59.4086198565233,-34.3962676604703 -59.4079673883114,-34.396264505018 -59.4079654839363,-34.3965349324248 -59.4076392488192,-34.3965333533781 -59.4076354378944,-34.3970742081236 -59.4073092007041,-34.3970726281753 -59.4073072941544,-34.397343055514 -59.4069810559402,-34.39734147468 -59.4069734252898,-34.3984231838507 -59.4066471829038,-34.3984216020831 -59.4066395476491,-34.399503310997 -59.4063133010911,-34.399501728296 -59.4063113911645,-34.3997721554783 -59.4059851435825,-34.3997705718914 -59.4059813215539,-34.4003114261881 -59.4056550718986,-34.4003098416994 -59.4056531597966,-34.4005802688136 -59.4053269091174,-34.4005786834391 -59.4053211695102,-34.4013899646616 -59.404994915708,-34.4013883783693 -59.4049930014051,-34.4016588054033 -59.4046667465789,-34.401657218225 -59.4046686619313,-34.4013867912069 -59.4040161544545,-34.4013836142725 -59.4040180718803,-34.4011131872743 -59.4036918192297,-34.4011115975181 -59.4036899007544,-34.4013820245003 -59.4033636470799,-34.4013804338582 -59.4033617275295,-34.4016508608123 -59.4027092181582,-34.4016476768863 -59.4027015313046,-34.4027293844539 -59.4030277901756,-34.402730976916 -59.4030239486942,-34.4032718306594 -59.40335020969,-34.4032734222835 -59.4033482899605,-34.4035438491532 -59.40171697999,-34.4035358822522 -59.4017150549869,-34.4038063090295 -59.401062529079,-34.4038031161469 -59.401060601951,-34.4040735428801 -59.4004080740465,-34.4040703464852 -59.4004100032738,-34.4037999197842 -59.4007362661635,-34.4038015184006 -59.4007381943155,-34.4035310916714 -59.4010644561813,-34.4035326894017 -59.4010740913077,-34.4021805554945 -59.4014003479514,-34.4021821522743 -59.4014119029586,-34.400559591091 -59.401738153331,-34.4005611869045 -59.4017400780263,-34.4002907599823 -59.4014138287033,-34.4002891641848 -59.4014157544224,-34.4000187372666 -59.4010895061745,-34.4000171406153 -59.4010933596344,-34.3994762867748 -59.4014196057835,-34.399477883394 -59.4014253826327,-34.3986666024945 -59.4017516256593,-34.3986681981956 -59.4017573991295,-34.3978569171393 -59.4024098789637,-34.3978601058356 -59.4024118013039,-34.3975896787607 -59.4030642791419,-34.3975928639456 -59.4030661993578,-34.3973224368265 -59.403392437266,-34.3973240280982 -59.4033962755226,-34.3967831737917 -59.4037225113578,-34.3967847641616 -59.4037263474136,-34.3962439097748 -59.4040525811759,-34.396245499243 -59.4040544981162,-34.3959750720155 -59.4043807308548,-34.3959766605978 -59.4043826467204,-34.3957062333423 -59.4047088784353,-34.3957078210389 -59.4047107932262,-34.3954373937553 -59.4050370239174,-34.3954389805662 -59.4050408513243,-34.3948981259308 -59.4053670799426,-34.39489971184 -59.4053728177142,-34.3940884297485 -59.4056990432107,-34.3940900147401 -59.4057028661661,-34.3935491599202 -59.4060290895898,-34.3935507440102 -59.4060367309987,-34.3924690341619 -59.4053842925693,-34.3924658652398 -59.4053862049559,-34.3921954377794 -59.4047337687264,-34.3921922654106 -59.4047318542418,-34.3924626928391 -59.4040794160163,-34.3924595169598 -59.404077499408,-34.3927299443442 -59.4034250591867,-34.3927267649542 -59.4034231404547,-34.3929971922946 -59.4027706982376,-34.392994009394 -59.402768777382,-34.3932644366901 -59.4024425552627,-34.3932628439193 -59.4024406333324,-34.3935332711874 -59.4021144101897,-34.3935316775309 -59.4021124871846,-34.3938021047708 -59.4017862630184,-34.3938005102286 -59.4017824148333,-34.3943413646402 -59.4014561885945,-34.3943397691961 -59.4014542634144,-34.3946101963678 -59.4008018089155,-34.3946070028383 -59.4007998816114,-34.3948774299657 -59.4004736533513,-34.3948758318803 -59.4004717249724,-34.3951462589796 -59.3998192664311,-34.3951430601674 -59.3998173359281,-34.3954134872224 -59.3994911056468,-34.3954118864956 -59.3994833791806,-34.3964935945305 -59.3998096136587,-34.3964951953218 -59.3998038216865,-34.3973064762696 -59.3994775840606,-34.39730487543 -59.3994737205186,-34.3978457293026 -59.399799960243,-34.3978473301745 -59.3997980294827,-34.3981177571088 -59.399471788709,-34.3981161562209 -59.3994698568736,-34.398386583127 -59.3978386481447,-34.398378565559 -59.3978444593133,-34.3975672850465 -59.3981706978596,-34.3975688902513 -59.398176505648,-34.3967576095816 -59.3985027410723,-34.3967592138682 -59.3985046759009,-34.396488786938 -59.3988309103017,-34.3964903903386 -59.3988347777832,-34.3959495364098 -59.3985085454808,-34.3959479330415 -59.3985143496574,-34.3951366521061 -59.3981881205284,-34.3951350479165 -59.3981958632659,-34.3940533398983 -59.3978696383593,-34.3940517349035 -59.3978715750283,-34.393781307885 -59.3981977988859,-34.3937829128636 -59.39819973448,-34.3935124858168 -59.3985259573142,-34.3935140899096 -59.3985298263269,-34.3929732357475 -59.3991822678765,-34.3929764412594 -59.3991842002461,-34.392706014128 -59.3995104200105,-34.3927076155634 -59.3995123513053,-34.3924371884037 -59.4001647888132,-34.3924403886333 -59.4001667179842,-34.3921699614294 -59.4004929357277,-34.3921715602236 -59.400494863824,-34.3919011329915 -59.4008210805442,-34.3919027309 -59.4008230075658,-34.3916323036398 -59.4014754389852,-34.3916354968156 -59.4014773638831,-34.3913650695112 -59.4018035785824,-34.3913666647787 -59.4018074262034,-34.3908258101015 -59.4021336388303,-34.3908274044672 -59.4021355615535,-34.3905569770945 -59.4024617731571,-34.3905585705746 -59.4024694595977,-34.3894768608988 -59.4021432521897,-34.3894752674829 -59.4021451747847,-34.3892048400498 -59.4018189684512,-34.3892032457804 -59.4018228156621,-34.3886623909101 -59.4014966114519,-34.3886607958032 -59.4014985360677,-34.3883903683661 -59.401172332932,-34.3883887724058 -59.4011761841842,-34.3878479175273 -59.4008499831718,-34.3878463207297 -59.4008519098082,-34.3875758932884 -59.4005257098703,-34.3875742956373 -59.4005276375297,-34.3873038682001 -59.4002014386663,-34.3873022696956 -59.4002033673488,-34.3870318422624 -59.3998771695598,-34.3870302429045 -59.3998790992654,-34.3867598154754 -59.3995529025508,-34.3867582152642 -59.3995548332794,-34.386487787839 -59.3985762464363,-34.3864829820369 -59.3985743125615,-34.3867534094137 -59.3979219193641,-34.386750201166 -59.3979199833661,-34.3870206284984 -59.3975937857573,-34.3870190230542 -59.3975918486847,-34.3872894503583 -59.3972656500531,-34.3872878440285 -59.3972637119059,-34.3875582713044 -59.3966113126225,-34.3875550560039 -59.3966093723519,-34.3878254832353 -59.3962831717003,-34.3878238742647 -59.3962792889839,-34.388364728659 -59.395626883563,-34.3883615080443 -59.3956249400684,-34.3886319351909 -59.395298736348,-34.3886303235631 -59.3952967917786,-34.3889007506814 -59.3946443823178,-34.3888975247847 -59.3946346485935,-34.3902496600329 -59.3952870685431,-34.390252886092 -59.3952851238182,-34.3905233131379 -59.3949589127816,-34.3905217005269 -59.3949569669819,-34.3907921275445 -59.3946307549222,-34.3907905140477 -59.3946268611471,-34.3913313680142 -59.3943006470155,-34.3913297536153 -59.3942948030112,-34.3921410344257 -59.3939685857586,-34.3921394191084 -59.3939627383736,-34.3929506997615 -59.3933102976521,-34.3929474664203 -59.3933063950693,-34.3934883200635 -59.3929801726495,-34.3934867020559 -59.3929762678645,-34.3940275556183 -59.3926500433725,-34.3940259367083 -59.3926461363852,-34.3945667901898 -59.3923199098209,-34.3945651703776 -59.3923120913372,-34.3956468771305 -59.3919858606024,-34.3956452563833 -59.3919760816655,-34.3969973894713 -59.3913236097819,-34.3969941452043 -59.3913255677199,-34.3967237186435 -59.3909993328665,-34.3967220952217 -59.3910130450463,-34.3948291090725 -59.3913392725554,-34.39483073238 -59.3913412302846,-34.3945603057226 -59.3910150038247,-34.3945586824315 -59.391016962577,-34.3942882557784 -59.3900382865013,-34.3942833807359 -59.3900363246016,-34.3945538073399 -59.3893838719169,-34.3945505529304 -59.3893819078928,-34.3948209794895 -59.3884032259147,-34.3948160913031 -59.388401258717,-34.395086517801 -59.3874225738274,-34.3950816217378 -59.3874245441725,-34.3948111952892 -59.386772089809,-34.3948079269313 -59.3867740622262,-34.3945375005035 -59.386447836133,-34.3945358650365 -59.386449809573,-34.3942654386131 -59.3861235845552,-34.3942638022928 -59.386125559018,-34.3939933758738 -59.3857993350757,-34.3939917387003 -59.3858013105612,-34.3937213122857 -59.3854750876943,-34.393719674259 -59.3854770642026,-34.3934492478488 -59.3851508424111,-34.3934476089689 -59.3851528199422,-34.3931771825631 -59.3854790406846,-34.3931788214265 -59.3854810171403,-34.3929083949922 -59.3861334566061,-34.392911670077 -59.3861314822486,-34.3931820965443 -59.38645770307,-34.3931837327987 -59.3864557297352,-34.3934541592704 -59.3871081735551,-34.3934574292031 -59.3871062022921,-34.3937278556957 -59.3887373175468,-34.3937360153903 -59.3887392835643,-34.3934655888156 -59.3890655056448,-34.3934672181291 -59.3890674705871,-34.3931967915259 -59.3897199127285,-34.393200047511 -59.3897218755465,-34.392929620863 -59.3900480956074,-34.3929312475347 -59.3900500573502,-34.3926608208583 -59.3903762763882,-34.3926624466439 -59.3903782370559,-34.392392019939 -59.390704455071,-34.3923936448387 -59.3907064146635,-34.3921232181053 -59.391358848674,-34.392126465263 -59.3913627635847,-34.3915856116948 -59.3916889785311,-34.3915872339365 -59.3916909348983,-34.3913168071179 -59.3920171488219,-34.3913184284737 -59.3920210593802,-34.3907775747678 -59.3923472712319,-34.3907791952213 -59.3923492254231,-34.3905087683339 -59.3926754362519,-34.3905103879016 -59.3926793424582,-34.3899695340579 -59.3930055512152,-34.3899711527234 -59.3930114071829,-34.3891598718185 -59.3933376128194,-34.3891614895656 -59.3933415145701,-34.3886206355361 -59.3936677181348,-34.3886222523811 -59.3936716176839,-34.3880813982707 -59.393997819177,-34.3880830142136 -59.3940036651594,-34.3872717329088 -59.3946560619308,-34.3872749620885 -59.3946580084422,-34.3870045349303 -59.3949842058181,-34.3870061481997 -59.3949861512548,-34.3867357210131 -59.3953123476079,-34.3867373333968 -59.3953142919699,-34.386466906182 -59.3956404873002,-34.38646851768 -59.3956424305876,-34.3861980904368 -59.395968624895,-34.3861997010492 -59.3959705671079,-34.3859292737777 -59.3962967603925,-34.3859308835045 -59.3962987015308,-34.3856604562047 -59.3966248937926,-34.3856620650458 -59.3966268338563,-34.3853916377178 -59.3969530250953,-34.3853932456733 -59.3969569030479,-34.3848523909487 -59.3976092814089,-34.3848556041866 -59.3976131550636,-34.3843147493491 -59.3982655293333,-34.3843179590448 -59.3982674640248,-34.3840475315756 -59.3979412779256,-34.3840459271786 -59.3979490206278,-34.3829642172457 -59.3976228387487,-34.382962612044 -59.3976286486501,-34.3821513295161 -59.3969762912604,-34.3821481166016 -59.3969743525554,-34.3824185440906 -59.3966481728508,-34.3824169363132 -59.3966520523319,-34.3818760813555 -59.397304407573,-34.3818792959762 -59.3973063451778,-34.3816088684469 -59.3976325217886,-34.3816104744372 -59.3976344583191,-34.3813400468796 -59.3973082827568,-34.3813384409055 -59.3973160328146,-34.3802567306192 -59.3969898614718,-34.3802551238406 -59.3969937384425,-34.3797142686574 -59.3966675692223,-34.3797126610419 -59.3966695087173,-34.3794422334484 -59.395038668246,-34.3794341824133 -59.3950367235093,-34.3797046099257 -59.3930797095091,-34.3796949199016 -59.3930777584562,-34.3799653473044 -59.3924254185672,-34.3799621103099 -59.3924234653915,-34.3802325376681 -59.3920972944377,-34.3802309178507 -59.3920953401876,-34.3805013451804 -59.3917691682114,-34.3804997244775 -59.3917652575362,-34.3810405790681 -59.3914390834893,-34.3810389574633 -59.3914351706129,-34.381579811973 -59.3911089944951,-34.3815781894662 -59.3911070369694,-34.3818486166866 -59.3907808598293,-34.3818469932941 -59.3907769426025,-34.3823878476661 -59.3904507633915,-34.3823862233716 -59.3904527230664,-34.382115796208 -59.39012654493,-34.3821141710606 -59.3901304662985,-34.3815733167299 -59.3904566423379,-34.3815749418446 -59.3904644805675,-34.3804932329729 -59.3907906524393,-34.3804948571529 -59.3907945693007,-34.379954002612 -59.3904683995256,-34.3799523784647 -59.3904703589655,-34.3796819511925 -59.3894918529421,-34.3796770735842 -59.389493815501,-34.379406646349 -59.3878629778938,-34.3793984996994 -59.3878649456682,-34.3791280725341</coordinates></LinearRing></innerBoundaryIs><innerBoundaryIs><LinearRing><coordinates>-59.4491616575821,-34.3829350213997 -59.4485092881867,-34.3829320831348 -59.4485075151016,-34.3832025130474 -59.4478551437036,-34.3831995712755 -59.4478533684977,-34.3834700011465 -59.4475271817856,-34.3834685289416 -59.4475254055074,-34.3837389587857 -59.4478515932681,-34.3837404310053 -59.4478480427381,-34.3842812906869 -59.4491528024066,-34.3842871709901 -59.4491581155827,-34.383475881272 -59.449484302413,-34.3834773491299 -59.4494860723759,-34.383206919185 -59.4491598865942,-34.3832054513419 -59.4491616575821,-34.3829350213997</coordinates></LinearRing></innerBoundaryIs><innerBoundaryIs><LinearRing><coordinates>-59.4507802207743,-34.3848353617067 -59.4504540286065,-34.3848338972526 -59.4504504946661,-34.3853747570743 -59.4507766889313,-34.3853762215579 -59.4507802207743,-34.3848353617067</coordinates></LinearRing></innerBoundaryIs><innerBoundaryIs><LinearRing><coordinates>-59.4481706840924,-34.3848236217298 -59.4478444921134,-34.3848221503203 -59.4478391659989,-34.38563343968 -59.4481653611239,-34.385634911134 -59.4481706840924,-34.3848236217298</coordinates></LinearRing></innerBoundaryIs><innerBoundaryIs><LinearRing><coordinates>-59.4051059016347,-34.3857035897443 -59.4047797087052,-34.3857020035084 -59.4047777948328,-34.3859724312264 -59.405103988811,-34.3859740174783 -59.4051059016347,-34.3857035897443</coordinates></LinearRing></innerBoundaryIs><innerBoundaryIs><LinearRing><coordinates>-59.3760286840264,-34.3917788114227 -59.375702469299,-34.3917771474229 -59.3757004614791,-34.3920475734068 -59.3760266772555,-34.3920492374233 -59.3760286840264,-34.3917788114227</coordinates></LinearRing></innerBoundaryIs><innerBoundaryIs><LinearRing><coordinates>-59.4428978725523,-34.3929128568626 -59.4419192034291,-34.3929083969466 -59.4419174084876,-34.3931788261153 -59.4415911844453,-34.3931773377223 -59.4415893884308,-34.393447766864 -59.4412631633633,-34.3934462775863 -59.4412613662758,-34.393716706701 -59.4406089141144,-34.3937137255064 -59.4406071149046,-34.3939841545791 -59.4393022066733,-34.3939781816932 -59.4393004032429,-34.3942486106937 -59.4363643516874,-34.3942351206862 -59.4363625387907,-34.3945055495388 -59.4357100810566,-34.3945025421621 -59.4357082660373,-34.3947729709724 -59.4353820361573,-34.3947714659643 -59.4353802200647,-34.3950418947473 -59.4347277582791,-34.3950388820916 -59.4347259400638,-34.3953093108322 -59.4343997081582,-34.3953078031845 -59.4343978888695,-34.395578231898 -59.4337454230325,-34.3955752139629 -59.4337436016211,-34.395845642634 -59.4334173676898,-34.3958441323466 -59.4334155452049,-34.3961145609903 -59.4327630753167,-34.3961115377758 -59.432761250709,-34.396381966377 -59.4321087788195,-34.3963789396529 -59.432106952089,-34.3966493682116 -59.4314544781984,-34.3966463379778 -59.431452649345,-34.396916766494 -59.4308001734533,-34.3969137327505 -59.430798342477,-34.397184161224 -59.4304721035184,-34.3971826430323 -59.4304702714684,-34.3974530714785 -59.429817791526,-34.3974500324549 -59.4298159573529,-34.3977204608585 -59.429489716369,-34.3977189400266 -59.4294860458508,-34.3982597967669 -59.4288335597591,-34.3982567524324 -59.4288317223646,-34.3985271807539 -59.4285054783061,-34.3985256572665 -59.4285036398377,-34.3987960855606 -59.4281773947544,-34.398794561188 -59.4281755552121,-34.3990649894546 -59.4278493091039,-34.3990634641968 -59.4278474684877,-34.399333892436 -59.4275212213546,-34.399332366293 -59.4275193796645,-34.3996027945048 -59.4271931315065,-34.3996012674765 -59.4271912887424,-34.3998716956608 -59.4268650395596,-34.3998701677473 -59.4268613518589,-34.400411024049 -59.4262088493692,-34.4004079655507 -59.426207003383,-34.4006783936527 -59.4258807511256,-34.4006768630832 -59.4258789040654,-34.4009472911577 -59.4255526507831,-34.4009457597029 -59.4255508026487,-34.4012161877499 -59.4252245483416,-34.4012146554098 -59.4252226991331,-34.4014850834293 -59.4248964438011,-34.4014835502038 -59.4248945935184,-34.4017539781958 -59.4245683371616,-34.4017524440848 -59.424560931586,-34.4028341558707 -59.4248871921411,-34.4028356900434 -59.4248834913045,-34.4033765458948 -59.4252097539834,-34.4033780792284 -59.4252079045778,-34.4036485071514 -59.425534168331,-34.4036500396304 -59.425530471545,-34.4041908954712 -59.4258567374221,-34.404192427111 -59.4258548900418,-34.4044628550287 -59.4261811569932,-34.4044643858138 -59.426179310638,-34.4047348137349 -59.4265055786636,-34.4047363436654 -59.4265037333335,-34.4050067715898 -59.4268300024335,-34.4050083006656 -59.4268281581284,-34.4052787285933 -59.4271544283027,-34.4052802568144 -59.4271525850228,-34.4055506847455 -59.4274788562713,-34.4055522121119 -59.4274770140166,-34.4058226400463 -59.4278032863394,-34.405824166558 -59.4278014451099,-34.4060945944956 -59.428127718507,-34.4060961201526 -59.4281258783027,-34.4063665480935 -59.4284521527741,-34.4063680728958 -59.428450313595,-34.40663850084 -59.4291028647109,-34.4066415478647 -59.4291010276069,-34.4069119758276 -59.4294273042513,-34.4069134980501 -59.4294254681727,-34.4071839260161 -59.4297517458914,-34.4071854473839 -59.4297499108381,-34.4074558753532 -59.4300761896311,-34.4074573958661 -59.4300780236346,-34.4071869678814 -59.4304043014022,-34.4071884875088 -59.4304061343315,-34.4069180594969 -59.4313849646315,-34.4069226131124 -59.4313867943869,-34.4066521850425 -59.4317130701526,-34.4066537011589 -59.4317167274908,-34.4061128449524 -59.4320430011812,-34.4061143601681 -59.4320484838565,-34.4053030757222 -59.4317222133153,-34.4053015605522 -59.4317258704098,-34.4047607042251 -59.4320521388516,-34.4047622193646 -59.4320539663127,-34.4044917911677 -59.4323802337292,-34.4044933054219 -59.4323838864788,-34.4039524489614 -59.4327101518204,-34.403953962315 -59.4327138023734,-34.4034131057759 -59.4333663289309,-34.4034161298122 -59.4333699751882,-34.4028752731639 -59.4330437139965,-34.4028737616112 -59.4330473622557,-34.4023329049451 -59.4323948441436,-34.4023298792907 -59.4323966703359,-34.40205945097 -59.4330491863489,-34.402062476594 -59.4330510104178,-34.4017920482308 -59.434029781471,-34.4017965800964 -59.4340261396063,-34.4023374369019 -59.4343523987717,-34.4023389458142 -59.4343487589091,-34.4028798026019 -59.4346750201979,-34.4028813106746 -59.43466774438,-34.403963024166 -59.4343414788927,-34.4039615160326 -59.4343287379303,-34.4058545140719 -59.4340024651194,-34.4058530049621 -59.4339988225266,-34.4063938614059 -59.4336725476404,-34.4063923513956 -59.4336670804198,-34.4072036359252 -59.4333408024085,-34.4072021249992 -59.4333389789032,-34.4074725531364 -59.4330126998664,-34.407471041325 -59.4330054014028,-34.4085527536923 -59.4333316846391,-34.4085542655645 -59.4333298610122,-34.4088246936414 -59.435940136175,-34.4088367574137 -59.4359383209232,-34.4091071856 -59.4392011775522,-34.4091221871485 -59.4391993727754,-34.4093926154737 -59.4408308072424,-34.4094000836903 -59.4408326067695,-34.4091296552899 -59.4450743255361,-34.409148970643 -59.4450761113904,-34.4088785420362 -59.4463812522372,-34.408884455575 -59.446383033868,-34.4086140268967 -59.4470356023342,-34.4086169784151 -59.4470373818415,-34.408346549695 -59.4473636650602,-34.4083480241341 -59.4473690002902,-34.4075367378569 -59.4476952803831,-34.4075382113813 -59.4477077210749,-34.4056452095419 -59.4480339938429,-34.4056466820924 -59.4480357699401,-34.4053762531952 -59.4477094982219,-34.4053747806595 -59.4477112753452,-34.405104351765 -59.4480375460137,-34.4051058242858 -59.4480641842767,-34.4010493891995 -59.4477379293524,-34.401047916901 -59.4477610251823,-34.3975323378246 -59.4474347839241,-34.3975308648489 -59.4474401163107,-34.3967195771249 -59.4471138782241,-34.3967181033238 -59.4471174351286,-34.3961772448105 -59.4467911991642,-34.3961757701693 -59.4467947580724,-34.3956349116375 -59.4464685242302,-34.3956334361562 -59.446472085142,-34.3950925776059 -59.4461458534219,-34.3950911012846 -59.4461476348914,-34.3948206720062 -59.4458214042443,-34.3948191948299 -59.4458231867392,-34.3945487655544 -59.4451707276147,-34.3945458086225 -59.4451725121842,-34.3942753793646 -59.4445200552531,-34.3942724189835 -59.4445218418971,-34.3940019897434 -59.4435431598266,-34.3939975426935 -59.4435467393379,-34.3934566842667 -59.443220514127,-34.3934552002072 -59.443222304896,-34.3931847709906 -59.4428960807581,-34.3931832860763 -59.4428978725523,-34.3929128568626</coordinates></LinearRing></innerBoundaryIs><innerBoundaryIs><LinearRing><coordinates>-59.450395706543,-34.3937580781456 -59.4497432530506,-34.393755145655 -59.4497414832166,-34.3940255751447 -59.4487628000076,-34.3940211698415 -59.4487610270025,-34.3942915992747 -59.4484347982643,-34.3942901290861 -59.4484330241864,-34.3945605584924 -59.4481067944226,-34.3945590874193 -59.4480979184328,-34.3959112341961 -59.4484241534426,-34.3959127053433 -59.4484206049796,-34.3964535639993 -59.4487468421116,-34.3964550343063 -59.4487432956525,-34.3969958929437 -59.449722013486,-34.3970002987346 -59.4497237835794,-34.3967298693776 -59.4503762601544,-34.396732802193 -59.4503780281258,-34.3964623727944 -59.4507042653994,-34.3964638378826 -59.4507060322978,-34.3961934084572 -59.4510322685457,-34.3961948726609 -59.4510340343714,-34.3959244432087 -59.4513602695935,-34.3959259065278 -59.4513637990758,-34.3953850475579 -59.451690032223,-34.3953865099777 -59.4516935595129,-34.3948456509301 -59.4513673284641,-34.3948441885397 -59.4513708577582,-34.3943033294733 -59.4510446288313,-34.3943018662425 -59.4510463944923,-34.394031436706 -59.4503939388073,-34.3940285076648 -59.450395706543,-34.3937580781456</coordinates></LinearRing></innerBoundaryIs><innerBoundaryIs><LinearRing><coordinates>-59.3916694134247,-34.3942915014582 -59.3913431879878,-34.3942898790531 -59.3913412302846,-34.3945603057226 -59.3916674567707,-34.394561928144 -59.3916694134247,-34.3942915014582</coordinates></LinearRing></innerBoundaryIs><innerBoundaryIs><LinearRing><coordinates>-59.3812302124541,-34.3942391531246 -59.380903987859,-34.3942375028891 -59.3809019965841,-34.3945079290313 -59.3812282222282,-34.3945095792834 -59.3812302124541,-34.3942391531246</coordinates></LinearRing></innerBoundaryIs><innerBoundaryIs><LinearRing><coordinates>-59.4138414913233,-34.3960223511373 -59.4135152578499,-34.3960207877782 -59.4135114847991,-34.3965616431415 -59.413837720371,-34.3965632065321 -59.4138414913233,-34.3960223511373</coordinates></LinearRing></innerBoundaryIs><innerBoundaryIs><LinearRing><coordinates>-59.4154670183392,-34.3968414381958 -59.4141620715033,-34.3968351967478 -59.4141583024988,-34.3973760521017 -59.4148107800636,-34.3973791746281 -59.4148126624799,-34.3971087469258 -59.4151389002507,-34.3971103068686 -59.4151370188837,-34.3973807345866 -59.4154632577289,-34.3973822936753 -59.4154613773862,-34.397652721397 -59.4148088976223,-34.3976496023184 -59.4148070151559,-34.3979200299966 -59.4157857379872,-34.3979247073568 -59.4157876173057,-34.3976542796315 -59.4161138572502,-34.3976558369962 -59.4161157354943,-34.3973854092432 -59.4164419744146,-34.3973869657224 -59.4164438515844,-34.3971165379416 -59.4154651380465,-34.3971118659416 -59.4154670183392,-34.3968414381958</coordinates></LinearRing></innerBoundaryIs><innerBoundaryIs><LinearRing><coordinates>-59.4509739830938,-34.4051190378198 -59.4499951705214,-34.4051146411393 -59.4499934007462,-34.4053850701373 -59.450645944537,-34.4053880021573 -59.4506424091149,-34.4059288601762 -59.4509686831451,-34.4059303249106 -59.4509739830938,-34.4051190378198</coordinates></LinearRing></innerBoundaryIs><innerBoundaryIs><LinearRing><coordinates>-59.3827739716641,-34.4061461344693 -59.3824477007623,-34.4061444878532 -59.3824457135679,-34.406414913547 -59.3821194416428,-34.4064132660443 -59.3821154650752,-34.4069541173625 -59.3817891910771,-34.4069524689565 -59.381785212304,-34.4074933201933 -59.3814589362329,-34.4074916708839 -59.381454955254,-34.4080325220392 -59.3817812334248,-34.4080341713817 -59.3817772544395,-34.4085750225219 -59.3821035347364,-34.4085766710274 -59.3820916034436,-34.4101992242576 -59.3824178900664,-34.4102008719925 -59.382411927212,-34.4110121484943 -59.3827382170112,-34.4110137954087 -59.3827362303901,-34.4112842209017 -59.3830625212656,-34.4112858669625 -59.3830645068368,-34.4110154414529 -59.3837170865673,-34.4110187309305 -59.3837210534303,-34.410477879809 -59.3840473412353,-34.4104795232093 -59.3840513058927,-34.4099386720063 -59.3843775916243,-34.4099403145034 -59.3843855164226,-34.4088586118864 -59.384711797981,-34.4088602534472 -59.384715758122,-34.4083194020332 -59.3843894786633,-34.4083177605054 -59.384391459744,-34.4080473347968 -59.3840651813616,-34.4080456924155 -59.3840671634657,-34.4077752667113 -59.3837408861595,-34.4077736234763 -59.383742869287,-34.4075031977766 -59.383416593057,-34.4075015536881 -59.3834205613324,-34.4069607022855 -59.3830942872284,-34.40695905736 -59.3830982574975,-34.4064182059423 -59.3827719855195,-34.4064165601797 -59.3827739716641,-34.4061461344693</coordinates></LinearRing></innerBoundaryIs><innerBoundaryIs><LinearRing><coordinates>-59.4137622802133,-34.4073803042927 -59.4134360026603,-34.4073787402726 -59.4134341150912,-34.4076491674535 -59.4137603936941,-34.4076507314894 -59.4137622802133,-34.4073803042927</coordinates></LinearRing></innerBoundaryIs><innerBoundaryIs><LinearRing><coordinates>-59.4147373462587,-34.4079258456078 -59.4140847868275,-34.4079227218554 -59.4140829013079,-34.4081931490437 -59.4147354628387,-34.4081962728275 -59.4147373462587,-34.4079258456078</coordinates></LinearRing></innerBoundaryIs><innerBoundaryIs><LinearRing><coordinates>-59.3869957696278,-34.408871720008 -59.3863432061685,-34.4088684481986 -59.3863412313078,-34.40913887397 -59.3860149485677,-34.4091372367436 -59.3860050686197,-34.4104893653369 -59.387636508831,-34.4104975431786 -59.3876384796236,-34.4102271174018 -59.3882910537922,-34.4102303824141 -59.3882949910987,-34.4096895307585 -59.3879687061012,-34.4096878987204 -59.387970675765,-34.4094174728909 -59.3876443918436,-34.4094158399989 -59.3876463625311,-34.4091454141738 -59.3869937968668,-34.4091421458123 -59.3869957696278,-34.408871720008</coordinates></LinearRing></innerBoundaryIs><innerBoundaryIs><LinearRing><coordinates>-59.427773823722,-34.4101510121126 -59.4274475346015,-34.410149485355 -59.4274456919293,-34.4104199130843 -59.4267931116621,-34.4104168569277 -59.4267894220442,-34.4109577122885 -59.4264631298474,-34.4109561828741 -59.4264612839516,-34.411226610521 -59.4261349907294,-34.4112250802209 -59.4261312967638,-34.4117659354477 -59.4258050014662,-34.4117644042465 -59.425795760871,-34.4131165420254 -59.4254694603476,-34.4131150098768 -59.4254620632275,-34.4141967198211 -59.4251357585282,-34.4141951867405 -59.425128356813,-34.41527689643 -59.4248020479376,-34.4152753624173 -59.4247964932414,-34.4160866445114 -59.4244701812399,-34.4160851095819 -59.4244664758853,-34.4166259642202 -59.4241401618079,-34.4166244283893 -59.4241346004397,-34.4174357102098 -59.4238082832361,-34.4174341734621 -59.4238027184944,-34.4182454551276 -59.4234763981645,-34.4182439174631 -59.4234745421507,-34.4185143446453 -59.4231482207951,-34.4185128060947 -59.4231426494544,-34.4193240875226 -59.4228163249722,-34.419322548055 -59.4228051753196,-34.420945110492 -59.4224788445594,-34.4209435700609 -59.4224472311741,-34.4255408276762 -59.4227735797952,-34.4255423683708 -59.4227587088361,-34.4277057826365 -59.4230850658885,-34.4277073225843 -59.423083207958,-34.4279777493288 -59.4237359242387,-34.427980826643 -59.4237340683853,-34.4282512534063 -59.4240604276137,-34.4282527907726 -59.4240585727864,-34.4285232175393 -59.4243849330904,-34.4285247540503 -59.4243830792893,-34.4287951808204 -59.4247094406689,-34.428796716476 -59.4247075878941,-34.4290671432495 -59.4253603128293,-34.4290702119791 -59.4253621635023,-34.4287997851747 -59.425688524956,-34.4288013182178 -59.4256940736742,-34.4279900376861 -59.4263467903501,-34.4279931010673 -59.4263615690343,-34.4258296855385 -59.4266879190025,-34.4258312157997 -59.4266897651765,-34.4255607887889 -59.4270161141185,-34.4255623181639 -59.4270142689953,-34.4258327451901 -59.4276669690547,-34.4258358013588 -59.4276651260085,-34.4261062284037 -59.4279914771258,-34.4261077551972 -59.4279877930612,-34.4266486092815 -59.4283141463047,-34.4266501352351 -59.4283123052864,-34.4269205622745 -59.4286386596052,-34.4269220873726 -59.4286349795968,-34.4274629414459 -59.4289613360418,-34.4274644657038 -59.4289594970517,-34.4277348927377 -59.4292858545721,-34.4277364161403 -59.4292821786201,-34.4282772702025 -59.4296085382668,-34.4282787927648 -59.429606701305,-34.4285492197932 -59.429933062027,-34.4285507415 -59.4299312260917,-34.4288211685316 -59.4302575878891,-34.4288226893829 -59.4302502481067,-34.4299043974498 -59.4305766141325,-34.4299059174914 -59.4305747801768,-34.4301763444933 -59.430901147278,-34.4301778636793 -59.4308974813952,-34.4307187176774 -59.431550219875,-34.430721753498 -59.4315520507265,-34.4304513264744 -59.431878418952,-34.4304528430631 -59.4318802487281,-34.4301824160122 -59.4325329831502,-34.4301854465463 -59.4325348108,-34.4299150194529 -59.4328611769965,-34.4299165333984 -59.4328593503978,-34.4301869605071 -59.4331857176697,-34.4301884735969 -59.4331838920976,-34.4304589007087 -59.4328575237747,-34.4304573876037 -59.4328520437593,-34.4312686688211 -59.4325256723076,-34.4312671547994 -59.4325220167401,-34.4318080088535 -59.4321956432107,-34.4318064939305 -59.4321938143393,-34.4320769209242 -59.4318674397831,-34.4320754051149 -59.431863779865,-34.4326162590357 -59.4315374032309,-34.4326147423249 -59.4315264165844,-34.434237303706 -59.4318527995255,-34.4342388205083 -59.4318491392172,-34.434779674236 -59.4315227541737,-34.4347781574032 -59.4315209229317,-34.4350485842337 -59.4311945368613,-34.4350470665146 -59.4311927045436,-34.4353174933177 -59.4308663174464,-34.4353159747123 -59.4308571502354,-34.4366681084707 -59.4311835425891,-34.4366696271525 -59.431181710125,-34.4369400538833 -59.4318344970085,-34.4369430886642 -59.4318326666226,-34.4372135154134 -59.4324854557064,-34.4372165467404 -59.4324872839896,-34.4369461199607 -59.4328136775166,-34.4369476343023 -59.4328173319071,-34.4364067806762 -59.4331437233559,-34.4364082941162 -59.4331418972242,-34.4366787209505 -59.4337946822973,-34.4366817452477 -59.433792858244,-34.4369521721004 -59.4357512203545,-34.4369612241767 -59.4357548558208,-34.4364203702772 -59.4360812474881,-34.4364218758774 -59.4360848807549,-34.4358810218993 -59.4367376599568,-34.4358840304259 -59.4367449177896,-34.4348023222038 -59.4370713032217,-34.4348038251 -59.4370731165682,-34.4345333979992 -59.4373995009733,-34.4345349000093 -59.4374013132444,-34.4342644728813 -59.4380540800245,-34.4342674742581 -59.4380522698558,-34.4345379014163 -59.4383786543333,-34.4345394008132 -59.4383804634507,-34.43426897364 -59.4390332303755,-34.4342719697907 -59.4390368443332,-34.4337311153477 -59.4393632257293,-34.4337326120863 -59.4393668374884,-34.433191757565 -59.4406723549038,-34.4331977356893 -59.4406741565426,-34.4329273083504 -59.4413269132921,-34.4329302921566 -59.4413305122931,-34.4323894373826 -59.441983264934,-34.4323924176449 -59.4419868596346,-34.4318515627626 -59.4423132338888,-34.4318530515573 -59.4423168263914,-34.4313121965968 -59.4419904542394,-34.431310707832 -59.4419922515059,-34.4310402803486 -59.4416658804289,-34.4310387907279 -59.4416712752377,-34.4302275082504 -59.4413449073378,-34.4302260178037 -59.4413485058592,-34.4296851627883 -59.4410221400853,-34.4296836715008 -59.4410275408404,-34.4288723889323 -59.4407011782434,-34.4288708968189 -59.4407065819354,-34.4280596141869 -59.4403802225151,-34.4280581212477 -59.4403820247487,-34.4277876936946 -59.4400556664033,-34.4277861998997 -59.4400574696637,-34.4275157723495 -59.4397311123933,-34.4275142776988 -59.4397329166805,-34.4272438501516 -59.439406560485,-34.4272423546451 -59.439410171089,-34.4267014995447 -59.4390838170193,-34.4267000031976 -59.439085623336,-34.4264295756443 -59.4387592703411,-34.4264280784414 -59.4387719212398,-34.4245350853364 -59.4384455756244,-34.4245335873683 -59.4384491920515,-34.423992732117 -59.4381228485615,-34.4239912333083 -59.4381264669936,-34.423450378039 -59.4378001256291,-34.4234488783898 -59.4378055562484,-34.4226375954405 -59.4374792180599,-34.422636094966 -59.4374828404533,-34.4220952396364 -59.4371565043902,-34.4220937383214 -59.4371583166013,-34.4218233106536 -59.436831981613,-34.4218218084831 -59.4368356080638,-34.4212809531415 -59.4365092752007,-34.4212794501306 -59.4365165320145,-34.4201977393633 -59.4361902033777,-34.4201962355424 -59.4361956488856,-34.4193849523856 -59.4358693234243,-34.4193834477395 -59.4358711395957,-34.4191130200116 -59.4355448152091,-34.4191115145101 -59.4355484495801,-34.4185706590484 -59.4352221273185,-34.4185691527068 -59.4352239455181,-34.418298724973 -59.4348976243312,-34.4182972177759 -59.4348994435569,-34.4180267900453 -59.4345731234446,-34.4180252819929 -59.4345749436965,-34.4177548542653 -59.4342486246588,-34.4177533453577 -59.4342504459368,-34.4174829176332 -59.4339241279738,-34.4174814078702 -59.4339277725575,-34.4169405524156 -59.4336014567194,-34.4169390418125 -59.4336051033066,-34.41639818634 -59.4332787895935,-34.4163966748969 -59.4332806139009,-34.4161262471577 -59.4329543012623,-34.4161247348594 -59.4329579519048,-34.4155838793754 -59.4326316413911,-34.4155823662371 -59.4326389465849,-34.4145006551852 -59.4323126402965,-34.4144991412375 -59.4323181220868,-34.4136878578676 -59.4319918189733,-34.4136863430952 -59.4319954754787,-34.4131454874854 -59.4316691744897,-34.4131439718732 -59.431671003756,-34.4128735440654 -59.4313447038416,-34.4128720275981 -59.4313483644012,-34.412331171977 -59.4310220666113,-34.4123296546699 -59.4310238979046,-34.4120592268566 -59.4306976011892,-34.4120577086944 -59.4306994335081,-34.4117872808843 -59.4303731378672,-34.4117857618671 -59.4303749712118,-34.4115153340602 -59.4300486766453,-34.411513814188 -59.4300505110155,-34.4112433863843 -59.4297242175235,-34.4112418656572 -59.4297260529193,-34.4109714378568 -59.4290734681088,-34.4109683938223 -59.4290753055801,-34.4106979660404 -59.4287490142615,-34.4106964427332 -59.4287508527583,-34.4104260149546 -59.4277719820998,-34.4104214398572 -59.427773823722,-34.4101510121126</coordinates></LinearRing></innerBoundaryIs><innerBoundaryIs><LinearRing><coordinates>-59.4395130328598,-34.4112871089012 -59.4365763859699,-34.4112736181692 -59.4365745726004,-34.4115440462771 -59.435921982568,-34.4115410387333 -59.4359201670742,-34.411811466799 -59.4355938710443,-34.4118099617065 -59.4355884212676,-34.4126212457856 -59.4352621221116,-34.4126197397773 -59.4352603044209,-34.4128901677644 -59.4355866046269,-34.4128916737878 -59.4355793378222,-34.4139733856761 -59.435905642253,-34.4139748908898 -59.4359020108058,-34.4145157467919 -59.4362283173612,-34.4145172511654 -59.4362246879175,-34.4150581070496 -59.4365509965975,-34.415059610583 -59.4365491828897,-34.4153300385221 -59.4368754926441,-34.4153315412003 -59.4368736799623,-34.4156019691424 -59.4371999907911,-34.4156034709653 -59.4371963674556,-34.4161443268437 -59.4375226804091,-34.4161458278263 -59.4375208697554,-34.4164162557625 -59.4378471837833,-34.4164177558899 -59.4378453741558,-34.4166881838291 -59.4381716892581,-34.4166896831011 -59.4381698806568,-34.4169601110433 -59.4384961968336,-34.4169616094599 -59.4384925816593,-34.4175024653384 -59.4388188999609,-34.4175039629147 -59.438817093388,-34.4177743908509 -59.4391434127639,-34.4177758875718 -59.4391416072173,-34.418046315511 -59.4394679276677,-34.4180478113764 -59.4394661231474,-34.4183182393186 -59.4401187662211,-34.418321228468 -59.4401151613101,-34.4188620843765 -59.4397888376604,-34.4188605902069 -59.4397870341184,-34.419131018128 -59.4401133588185,-34.4191325123126 -59.4401097537633,-34.4196733681486 -59.4404360805884,-34.4196748614927 -59.4404342790752,-34.4199452894077 -59.4397816233482,-34.4199423018189 -59.4397726049171,-34.4212944410624 -59.4400989380212,-34.4212959353673 -59.4400971353134,-34.4215663631948 -59.4407498036948,-34.4215693492228 -59.4407516043014,-34.4212989213652 -59.4410779374775,-34.4213004130582 -59.4410797370097,-34.4210299851736 -59.4414060691592,-34.421031475981 -59.4414078676168,-34.4207610480693 -59.4417341987398,-34.4207625379911 -59.4417324013327,-34.4210329659179 -59.4420587335302,-34.4210344549841 -59.4420605298867,-34.4207640270424 -59.4430395234711,-34.4207684889726 -59.4430413166522,-34.420498060974 -59.4433676468443,-34.4204995465279 -59.4433694389509,-34.4202291185022 -59.4440220973057,-34.4202320869686 -59.4440238872875,-34.4199616589009 -59.4466345132559,-34.4199734978242 -59.4466327316781,-34.4202439260109 -59.4469590610816,-34.4202454019737 -59.4469572805305,-34.4205158301632 -59.447936272035,-34.4205202528724 -59.4479344946117,-34.4207906810944 -59.4482608262111,-34.4207921536045 -59.4482626025838,-34.4205217253677 -59.4489152637526,-34.4205246677464 -59.4489170380006,-34.4202542394679 -59.4492433675699,-34.4202557093366 -59.4492469138941,-34.4197148527139 -59.4495732413861,-34.4197163216825 -59.449580329549,-34.4186346082331 -59.4492540062588,-34.4186331393237 -59.4492593252842,-34.4178218541545 -59.4489330051688,-34.4178203844189 -59.4489383271326,-34.4170090991855 -59.4486120101919,-34.4170076286238 -59.4486155601503,-34.4164667717708 -59.4482892453339,-34.4164653003683 -59.4482910213278,-34.4161948719386 -59.4479647075854,-34.4161933996804 -59.4479682616029,-34.4156525428143 -59.4476419499848,-34.4156510697154 -59.4476437280083,-34.4153806412791 -59.447317417464,-34.4153791673245 -59.4473191965141,-34.415108738891 -59.4469928870438,-34.4151072640808 -59.4469946671204,-34.4148368356501 -59.4466683587241,-34.4148353599844 -59.4466701398271,-34.4145649315565 -59.4463438325047,-34.4145634550353 -59.4463456146342,-34.4142930266101 -59.4460193083858,-34.4142915492334 -59.4460210915418,-34.414021120811 -59.4453684812166,-34.4140181634762 -59.4453720516579,-34.4134773066549 -59.4447194456285,-34.4134743458981 -59.4447230201752,-34.4129334890882 -59.4443967192965,-34.4129320074341 -59.4443985075842,-34.4126615790259 -59.4440722077795,-34.4126600965164 -59.4440757863835,-34.4121192396938 -59.443423191046,-34.4121162721235 -59.443426773755,-34.4115754153124 -59.4395112289406,-34.411557537145 -59.4395130328598,-34.4112871089012</coordinates></LinearRing></innerBoundaryIs><innerBoundaryIs><LinearRing><coordinates>-59.3700109070317,-34.41121934574 -59.369684617226,-34.4112176648694 -59.3696825885789,-34.4114880896805 -59.3700088794345,-34.411489770568 -59.3700109070317,-34.41121934574</coordinates></LinearRing></innerBoundaryIs><innerBoundaryIs><LinearRing><coordinates>-59.4476650624419,-34.412135499103 -59.4466861686864,-34.4121310751624 -59.4466843877969,-34.4124015036988 -59.4470106867418,-34.4124029792309 -59.4470053470815,-34.4132142648125 -59.4473316492005,-34.4132157395187 -59.4473334280608,-34.4129453109887 -59.4476597291534,-34.4129467848098 -59.4476579513431,-34.4132172133546 -59.4479842535095,-34.4132186863201 -59.4479895837188,-34.412407400605 -59.4476632847028,-34.412405927684 -59.4476650624419,-34.412135499103</coordinates></LinearRing></innerBoundaryIs><innerBoundaryIs><LinearRing><coordinates>-59.3696785312035,-34.4120289392665 -59.3693522382749,-34.4120272574749 -59.3693502084966,-34.4122976822328 -59.3696765024752,-34.4122993640413 -59.3696785312035,-34.4120289392665</coordinates></LinearRing></innerBoundaryIs><innerBoundaryIs><LinearRing><coordinates>-59.4727866802898,-34.4127872257199 -59.472460378464,-34.4127858189296 -59.4724552844658,-34.413597107869 -59.472781589442,-34.4135985147018 -59.4727866802898,-34.4127872257199</coordinates></LinearRing></innerBoundaryIs><innerBoundaryIs><LinearRing><coordinates>-59.387949008019,-34.4123921563509 -59.3863175309262,-34.4123839822845 -59.3863155557233,-34.4126544078988 -59.3856629629702,-34.4126511321473 -59.3856609856409,-34.4129215577166 -59.3853346882538,-34.4129199185189 -59.3853307314158,-34.4134607695883 -59.3850044319549,-34.4134591294873 -59.3849984933499,-34.4142704059513 -59.3853247959612,-34.4142720461019 -59.3853208388596,-34.4148128970506 -59.3866260579695,-34.4148194490812 -59.3866280323328,-34.414549023547 -59.3869543361259,-34.4145506593622 -59.3869563094128,-34.4142802337995 -59.387282612182,-34.414281868728 -59.3872865565766,-34.4137410175333 -59.3876128572719,-34.4137426515585 -59.3876167994611,-34.4132018002826 -59.3879430980824,-34.4132034334046 -59.387949008019,-34.4123921563509</coordinates></LinearRing></innerBoundaryIs><innerBoundaryIs><LinearRing><coordinates>-59.4159935975458,-34.4149631880931 -59.4156672904168,-34.4149616297249 -59.4156654094947,-34.4152320566779 -59.415991717674,-34.4152336150618 -59.4159935975458,-34.4149631880931</coordinates></LinearRing></innerBoundaryIs><innerBoundaryIs><LinearRing><coordinates>-59.4708084294468,-34.4160239261787 -59.4704821151544,-34.4160225139958 -59.4704804106042,-34.4162929434245 -59.4708067259469,-34.4162943556217 -59.4708084294468,-34.4160239261787</coordinates></LinearRing></innerBoundaryIs><innerBoundaryIs><LinearRing><coordinates>-59.4701540952843,-34.416291530357 -59.469827779987,-34.4162901164189 -59.4698260733135,-34.4165605458072 -59.470152389661,-34.4165619597595 -59.4701540952843,-34.416291530357</coordinates></LinearRing></innerBoundaryIs><innerBoundaryIs><LinearRing><coordinates>-59.4688471244073,-34.4165562987276 -59.4685208081508,-34.4165548812934 -59.4685190972532,-34.4168253106126 -59.46884541456,-34.416826728061 -59.4688471244073,-34.4165562987276</coordinates></LinearRing></innerBoundaryIs><innerBoundaryIs><LinearRing><coordinates>-59.4560962939633,-34.4202863754763 -59.4557699639007,-34.4202849238897 -59.4557682117135,-34.420555352477 -59.4560945428266,-34.4205568040782 -59.4560962939633,-34.4202863754763</coordinates></LinearRing></innerBoundaryIs><innerBoundaryIs><LinearRing><coordinates>-59.4391217446165,-34.4210210220464 -59.4387954126351,-34.4210195251448 -59.4387936057492,-34.4212899529242 -59.4391199387811,-34.4212914498409 -59.4391217446165,-34.4210210220464</coordinates></LinearRing></innerBoundaryIs><innerBoundaryIs><LinearRing><coordinates>-59.4456448196066,-34.4215916334292 -59.4446658159946,-34.421587192259 -59.4446640279708,-34.4218576202841 -59.4443376924305,-34.4218561381379 -59.4443359033324,-34.422126566136 -59.4440095667653,-34.4221250831042 -59.4440113569141,-34.421854655121 -59.443032350508,-34.4218502008468 -59.4430305572074,-34.4221206287852 -59.4427042207359,-34.4221191422709 -59.4427024263609,-34.4223895701822 -59.443028763883,-34.4223910567115 -59.4430269705347,-34.4226614846257 -59.4423742934131,-34.4226585106667 -59.4423724979396,-34.4229289385389 -59.4420461583641,-34.4229274502384 -59.442042565244,-34.4234683059168 -59.4423689069208,-34.4234697942473 -59.4423653158063,-34.4240106499074 -59.4426916596084,-34.4240121373971 -59.442689865066,-34.4242825652241 -59.4423635202132,-34.4242810777194 -59.4423599289551,-34.4248219333071 -59.4426862759094,-34.4248234208417 -59.4426826866571,-34.4253642764112 -59.4430090357368,-34.4253657631049 -59.4430018611484,-34.4264474741589 -59.4433282144551,-34.4264489600418 -59.4433138725379,-34.4286123816904 -59.4436402342755,-34.4286138668221 -59.4436366506592,-34.4291547221435 -59.4439630145226,-34.4291562064341 -59.4439612237295,-34.4294266340917 -59.4446139536299,-34.4294296000903 -59.4446121649149,-34.4297000277656 -59.4449385309519,-34.4297015094735 -59.4449349555525,-34.4302423648178 -59.4452613237152,-34.4302438456847 -59.4452595370309,-34.4305142733536 -59.4455859062684,-34.4305157533644 -59.4455823349303,-34.431056608696 -59.4459087062938,-34.4310580878656 -59.4459069216401,-34.4313285155282 -59.4462332940784,-34.4313299938418 -59.446231510452,-34.4316004215072 -59.4468842575021,-34.4316033755513 -59.4468824759542,-34.4318738032344 -59.4472088505659,-34.4318752789649 -59.447205289501,-34.4324161343244 -59.4475316662387,-34.4324176092137 -59.4475298867218,-34.4326880368902 -59.4478562645344,-34.4326895109234 -59.4478544860449,-34.4329599386027 -59.4481808649323,-34.4329614117796 -59.4481790874703,-34.4332318394617 -59.4485054674326,-34.4332333117825 -59.4484912552936,-34.4353967329232 -59.4488176436894,-34.4353982044915 -59.4488158681168,-34.4356686320946 -59.4491422575875,-34.4356701028065 -59.4491387084739,-34.4362109580062 -59.4497914916916,-34.4362138968761 -59.4497932641576,-34.4359434692527 -59.4501196547506,-34.4359449373662 -59.4501161118977,-34.4364857926304 -59.4507688973598,-34.4364887263032 -59.4507635892115,-34.4373000091976 -59.451089985132,-34.4373014747716 -59.4510882167535,-34.4375719023937 -59.451741010768,-34.4375748309578 -59.451737478146,-34.4381156862247 -59.4527166756527,-34.4381200726255 -59.4527149124607,-34.438390500285 -59.4523885122168,-34.4383890390079 -59.4523849836593,-34.4389298942613 -59.4527113860061,-34.4389313555678 -59.4527078594576,-34.4394722108024 -59.4530342639309,-34.4394736712672 -59.4530325016729,-34.4397440988811 -59.4533589072211,-34.4397455584893 -59.4533571459911,-34.4400159861058 -59.4536835526144,-34.4400174448575 -59.4536800321871,-34.4405583000837 -59.4543328497102,-34.4405612150321 -59.4543310915645,-34.4408316426565 -59.4549839112843,-34.4408345541492 -59.4549821552184,-34.4411049817908 -59.455308566165,-34.4411064362449 -59.4553068111273,-34.4413768638891 -59.4559596351939,-34.4413797702128 -59.4559578822359,-34.4416501978742 -59.4579163613056,-34.4416588960227 -59.4579181079539,-34.4413884682738 -59.4585709323936,-34.4413913606574 -59.4585726769154,-34.4411209328674 -59.4588990881186,-34.4411223777378 -59.4589008315656,-34.4408519499212 -59.4595536519384,-34.4408548370191 -59.459555393259,-34.4405844091614 -59.4605346208375,-34.4405887332304 -59.4605363589802,-34.4403183053171 -59.4611891753786,-34.4403211836446 -59.4611909113951,-34.4400507556904 -59.4615173185774,-34.4400521935328 -59.4615190535192,-34.439781765552 -59.4618454596732,-34.4397832025088 -59.4618471935403,-34.4395127745015 -59.4621735986659,-34.4395142105726 -59.4621839950749,-34.437891642189 -59.4625103939148,-34.4378930773022 -59.4625121255174,-34.4376226491816 -59.4621857277289,-34.4376212140828 -59.4621961231682,-34.4359986451927 -59.4625225146484,-34.4360000802049 -59.4625294402742,-34.4349183673126 -59.4631822148934,-34.4349212346084 -59.4631856733629,-34.4343803780322 -59.4635120586045,-34.4343818103446 -59.4635016892273,-34.436004380015 -59.4638280807997,-34.4360058115428 -59.4638177169016,-34.4376283808655 -59.463491319021,-34.4376269492512 -59.4634878621013,-34.4381678055669 -59.4638142620847,-34.4381692372099 -59.4638090796868,-34.4389805216361 -59.4647882892384,-34.4389848114678 -59.464790013573,-34.4387143832946 -59.4651164157514,-34.4387158114817 -59.4651181390116,-34.4384453832821 -59.4654445401615,-34.4384468105837 -59.4654462623472,-34.4381763823577 -59.4657726624686,-34.4381778087738 -59.4657743835799,-34.4379073805214 -59.4661007826728,-34.4379088060519 -59.4661025027098,-34.4376383777731 -59.4664289007742,-34.4376398024182 -59.4664306197368,-34.437369374113 -59.4670834138315,-34.437372220761 -59.4670885642737,-34.4365609356871 -59.4674149582012,-34.4365623576615 -59.4674132424614,-34.4368327860459 -59.4677396374631,-34.4368342071635 -59.4677413521516,-34.4365637787648 -59.4680677461249,-34.436565198997 -59.4680711733305,-34.436024342135 -59.4683975652239,-34.4360257614676 -59.4684009902356,-34.4354849045288 -59.4687273800491,-34.4354863229617 -59.4687342255935,-34.4344046088823 -59.4690606112248,-34.4344060263871 -59.4690623215026,-34.4341355978229 -59.4687359369226,-34.4341341803324 -59.468741070773,-34.4333228946101 -59.4684146893695,-34.4333214762914 -59.4684232505865,-34.4319693332513 -59.4680968744615,-34.431967914133 -59.4680985876876,-34.431697485503 -59.4684249627615,-34.4316989046071 -59.4684266749136,-34.4314284759508 -59.4681003008908,-34.4314270568611 -59.4681037272288,-34.430886199541 -59.4677773553311,-34.4308847796088 -59.4677824978199,-34.4300734935811 -59.4671297603993,-34.4300706511898 -59.4671314766186,-34.4298002225184 -59.4654996387224,-34.4297931013711 -59.4654979172481,-34.4300635299709 -59.4648451801481,-34.430060675387 -59.4648434565487,-34.430331103946 -59.4645170869821,-34.4303296753333 -59.4645153623087,-34.4306001038659 -59.4641889917141,-34.4305986743679 -59.4641872659666,-34.430869102874 -59.463860894344,-34.4308676724907 -59.4638591675224,-34.4311381009704 -59.463206422244,-34.4311352375623 -59.4632098800682,-34.4305943806485 -59.4628835095657,-34.4305929476669 -59.4628852394943,-34.4303225192063 -59.4632116089458,-34.4303239521736 -59.4632150666318,-34.4297830951874 -59.4628886992823,-34.4297816622491 -59.4628921589782,-34.4292408052436 -59.4625657937537,-34.4292393714632 -59.4625675246181,-34.4289689429567 -59.4619147963404,-34.4289660728122 -59.4619165292835,-34.4286956443226 -59.4615901662302,-34.4286942079585 -59.4615919002012,-34.4284237794713 -59.4609391762659,-34.4284209041594 -59.4609287594815,-34.4300434747281 -59.4606023912427,-34.430042035679 -59.4606041284823,-34.4297716072955 -59.4602777613176,-34.4297701673901 -59.4602829760504,-34.4289588822107 -59.4599566120619,-34.4289574414778 -59.4599583513108,-34.4286870130751 -59.4596319883964,-34.4286855714859 -59.4596354689265,-34.4281447146732 -59.4593091081371,-34.4281432722421 -59.4593108494183,-34.4278728438322 -59.4589844897031,-34.4278714005449 -59.458986232012,-34.4276009721374 -59.4586598733709,-34.4275995279938 -59.4586616167074,-34.4273290995888 -59.4583352591404,-34.4273276545889 -59.4583370035046,-34.4270572261864 -59.4580106470117,-34.4270557803302 -59.4580123924035,-34.4267853519302 -59.4576860369847,-34.4267839052177 -59.4576877834041,-34.4265134768203 -59.4573614290594,-34.4265120292516 -59.4573666713303,-34.4257007440305 -59.4567139690157,-34.4256978463683 -59.4567157184943,-34.4254274179663 -59.4560630183746,-34.4254245168502 -59.4560647699315,-34.4251540884654 -59.4547593741753,-34.4251482758428 -59.4547611299118,-34.4248778475044 -59.453455738733,-34.4248720210087 -59.4534574986491,-34.4246015927168 -59.4528048053018,-34.424598674274 -59.4528065672959,-34.4243282459994 -59.4524802217082,-34.4243267854866 -59.4524819847295,-34.4240563572147 -59.451829295726,-34.4240534336064 -59.4518310608252,-34.4237830053519 -59.4511783740173,-34.4237800782902 -59.4511801411943,-34.4235096500531 -59.4508537988763,-34.423508185231 -59.4508555670805,-34.4232377569965 -59.4505292258367,-34.4232362913184 -59.4505274565819,-34.4235067195381 -59.4502011143111,-34.4235052529747 -59.4501975736293,-34.4240461093484 -59.4505239180015,-34.4240475759414 -59.4505186099542,-34.4248588604558 -59.4508449575021,-34.4248603262224 -59.4508431891566,-34.4251307543845 -59.4511695377789,-34.4251322192951 -59.4511660031186,-34.4256730756126 -59.4508396523948,-34.4256716106725 -59.4508361155388,-34.4262124669124 -59.4505097627369,-34.4262110010721 -59.450506223685,-34.4267518572341 -59.450179868805,-34.4267503904935 -59.450176327557,-34.4272912465779 -59.449849970599,-34.427289778937 -59.4498464271548,-34.4278306349435 -59.4491937091061,-34.4278276969902 -59.4491972567538,-34.4272868410427 -59.4482181861633,-34.4272824276704 -59.4482199631043,-34.427011999723 -59.4488726747059,-34.4270149428124 -59.4488744495215,-34.4267445148233 -59.4492008043069,-34.4267459850471 -59.4492061254593,-34.4259347009631 -59.4488797738263,-34.4259332307838 -59.4488850979183,-34.4251219466357 -59.4485587494613,-34.42512047563 -59.4485569737369,-34.4253909036766 -59.4479042747923,-34.4253879590234 -59.4479078304205,-34.4248471029774 -59.4475814830853,-34.4248456293743 -59.4475850407202,-34.4243047733097 -59.447911385954,-34.4243062468831 -59.4479131636852,-34.4240358188178 -59.4475868195021,-34.4240343452593 -59.4475885982603,-34.4237639171968 -59.4479149413927,-34.4237653907406 -59.4479167190765,-34.4234949626512 -59.4475903769948,-34.4234934891223 -59.4475921557056,-34.4232230610357 -59.4472658146983,-34.4232215866509 -59.447267594436,-34.4229511585671 -59.4466149145938,-34.4229482072153 -59.4466184782006,-34.4224073510709 -59.4459658026559,-34.4224043962959 -59.4459693703701,-34.4218635401627 -59.4456430347346,-34.421862061499 -59.4456448196066,-34.4215916334292</coordinates></LinearRing></innerBoundaryIs><innerBoundaryIs><LinearRing><coordinates>-59.4417288064467,-34.4215738217351 -59.4407498036948,-34.4215693492228 -59.4407480030641,-34.4218397770683 -59.4410743383414,-34.4218412687914 -59.4410725387373,-34.4221116966399 -59.4417252114649,-34.4221146775042 -59.4417288064467,-34.4215738217351</coordinates></LinearRing></innerBoundaryIs><innerBoundaryIs><LinearRing><coordinates>-59.4560857867929,-34.4219089469067 -59.4554331140844,-34.4219060426876 -59.4554313607064,-34.4221764711879 -59.4541260113674,-34.4221706522436 -59.4541242537636,-34.4224410806733 -59.4544505921139,-34.42244253673 -59.4544470789373,-34.4229833935825 -59.4547734194123,-34.4229848487978 -59.4547716638395,-34.4232552772207 -59.4550980053885,-34.42325673158 -59.4550962508431,-34.4235271600054 -59.4554225934661,-34.4235286135086 -59.455420839948,-34.4237990419366 -59.4560735273655,-34.4238019463603 -59.4560752787823,-34.4235315179031 -59.4564016214754,-34.4235329687943 -59.4564103729561,-34.4221808262545 -59.4560840355162,-34.4221793754363 -59.4560857867929,-34.4219089469067</coordinates></LinearRing></innerBoundaryIs><innerBoundaryIs><LinearRing><coordinates>-59.4094123240522,-34.4227742234033 -59.4087596499042,-34.422771070061 -59.4087539386919,-34.4235823488396 -59.4090802789051,-34.4235839259937 -59.4090726678029,-34.4246656309264 -59.4103780457199,-34.4246719310897 -59.4103837414764,-34.4238606522181 -59.4107100828669,-34.4238622250347 -59.4107138778101,-34.4233213723616 -59.410061199257,-34.4233182259211 -59.4100630987919,-34.4230477995981 -59.4094104224413,-34.4230446497066 -59.4094123240522,-34.4227742234033</coordinates></LinearRing></innerBoundaryIs><innerBoundaryIs><LinearRing><coordinates>-59.4638850674289,-34.4270816725095 -59.4625796400224,-34.4270759430743 -59.4625779093196,-34.4273463716651 -59.4629042671875,-34.4273478053446 -59.4628990780932,-34.4281590910879 -59.4632254391369,-34.4281605239398 -59.4632219817274,-34.4287013810706 -59.463548344896,-34.4287028130804 -59.4635448894962,-34.4292436701918 -59.4655030816024,-34.4292522441354 -59.4655065243906,-34.4287113868515 -59.4658328877201,-34.4287128127653 -59.4658346080288,-34.428442384091 -59.4651818834947,-34.4284395314211 -59.4651870505889,-34.4276282454117 -59.4645343324521,-34.4276253893447 -59.4645360568726,-34.4273549606795 -59.4638833409295,-34.427352101158 -59.4638850674289,-34.4270816725095</coordinates></LinearRing></innerBoundaryIs><innerBoundaryIs><LinearRing><coordinates>-59.4234058522525,-34.4285201419049 -59.4227531318177,-34.428517062787 -59.422751272762,-34.4287874894797 -59.4224249115308,-34.4287859485991 -59.4224211912432,-34.4293268019173 -59.4220948279349,-34.4293252601348 -59.4220836601712,-34.4309478197066 -59.4224100297855,-34.4309493615822 -59.4224025883178,-34.4320310677842 -59.4227289621611,-34.4320326088509 -59.4227252433808,-34.4325734619104 -59.4230516193511,-34.4325750021372 -59.4230479025739,-34.4331158551795 -59.4233742806712,-34.4331173945663 -59.4233724232966,-34.4333878210848 -59.4236988024699,-34.4333893596161 -59.4236969461217,-34.433659786138 -59.4240233263709,-34.4336613238137 -59.4240214710492,-34.4339317503391 -59.4243478523742,-34.4339332871593 -59.424345998079,-34.434203713688 -59.42467238048,-34.4342052496527 -59.4246705272112,-34.4344756761848 -59.4259760612669,-34.4344818113951 -59.4259779103308,-34.4342113848012 -59.427936205846,-34.4342205613936 -59.427938048578,-34.4339501346953 -59.4282644301987,-34.4339516610635 -59.4282681134867,-34.4334108076001 -59.4285944930296,-34.4334123330665 -59.4285981741171,-34.4328714795241 -59.4289245515822,-34.4328730040889 -59.428926391038,-34.4326025772843 -59.4286000146241,-34.4326010527349 -59.4286036955645,-34.4320601991201 -59.4282773212773,-34.4320586737304 -59.4282810042217,-34.4315178200981 -59.4279546320612,-34.4315162938681 -59.4279564745477,-34.4312458670492 -59.4273037324025,-34.4312428120073 -59.4273055769665,-34.4309723852071 -59.4266528370218,-34.4309693267122 -59.4266546836633,-34.4306988999307 -59.4260019459191,-34.4306958379831 -59.426003794638,-34.4304254112203 -59.4256774268539,-34.4304238789555 -59.4256792765992,-34.4301534521961 -59.4253529098907,-34.4301519190758 -59.4253547606623,-34.4298814923198 -59.4247020294213,-34.4298784234975 -59.4247038822703,-34.4296079967603 -59.4243775177378,-34.4296064610583 -59.424379371613,-34.4293360343244 -59.4237266447241,-34.4293329603388 -59.4237303566042,-34.4287921068967 -59.4234039952987,-34.4287905686285 -59.4234058522525,-34.4285201419049</coordinates></LinearRing></innerBoundaryIs><innerBoundaryIs><LinearRing><coordinates>-59.3989230972801,-34.429213567684 -59.3979440128976,-34.4292087516209 -59.3979420738955,-34.4294791770741 -59.3976157114355,-34.4294775699619 -59.3976118312518,-34.4300184207997 -59.3972854667157,-34.4300168127844 -59.3972835255341,-34.430287238169 -59.3969571599728,-34.4302856292665 -59.3969455060339,-34.4319081812235 -59.3972718779013,-34.4319097902231 -59.3972660537357,-34.4327210660871 -59.3975924287822,-34.4327226742643 -59.397590488393,-34.4329930995443 -59.3979168645165,-34.4329947068668 -59.3979207431668,-34.4324538562623 -59.3988998653857,-34.4324586729068 -59.3989018015188,-34.432188247538 -59.3992281745923,-34.4321898513282 -59.3992301096485,-34.4319194259311 -59.3995564816967,-34.4319210288343 -59.3995584156761,-34.431650603409 -59.399884786699,-34.4316522054251 -59.3998925181547,-34.4305705035389 -59.3995661513359,-34.4305689015873 -59.3995700190111,-34.430028050604 -59.39924365432,-34.4300264478138 -59.3992475239941,-34.4294855968144 -59.3989211614308,-34.4294839931856 -59.3989230972801,-34.429213567684</coordinates></LinearRing></innerBoundaryIs><innerBoundaryIs><LinearRing><coordinates>-59.42012357532,-34.4312089766238 -59.4194708343622,-34.4312058797779 -59.4194689645481,-34.4314763061945 -59.4191425930555,-34.4314747564495 -59.4191407221655,-34.4317451828385 -59.4188143496468,-34.431743632207 -59.4188049895671,-34.4330957638925 -59.4184786118178,-34.4330942123121 -59.4184692458585,-34.4344463436178 -59.4181428628782,-34.4344447910883 -59.4181409885603,-34.4347152172976 -59.4178146045537,-34.4347136638814 -59.4178127291596,-34.434984090063 -59.4174863441268,-34.4349825357602 -59.4174844676564,-34.4352529619141 -59.4178108537404,-34.4352545162326 -59.4178089782962,-34.43552494239 -59.4181353654565,-34.4355264958531 -59.4181334910386,-34.4357969220141 -59.4184598792752,-34.4357984746218 -59.4184617526418,-34.4355280484451 -59.4197673016324,-34.4355342501026 -59.4197654324709,-34.4358046763416 -59.4204182092182,-34.4358077719752 -59.4204219433112,-34.4352669194227 -59.4207483296196,-34.4352684659018 -59.4207520615106,-34.4347276132699 -59.4210784457414,-34.4347291588468 -59.4210877697777,-34.4333770269782 -59.4207613908028,-34.4333754814791 -59.4207669880798,-34.4325642022597 -59.4204406122832,-34.4325626559363 -59.4204462124897,-34.431751376655 -59.4201198398713,-34.4317498295073 -59.42012357532,-34.4312089766238</coordinates></LinearRing></innerBoundaryIs><innerBoundaryIs><LinearRing><coordinates>-59.4432905636609,-34.432127940223 -59.4429641882839,-34.4321264540261 -59.442962394075,-34.4323968815061 -59.4432887705031,-34.432398367718 -59.4432905636609,-34.432127940223</coordinates></LinearRing></innerBoundaryIs><innerBoundaryIs><LinearRing><coordinates>-59.3998809208167,-34.4321930562957 -59.3995545476916,-34.4321914542474 -59.399550679604,-34.4327323050375 -59.3998770548313,-34.432733907118 -59.3998809208167,-34.4321930562957</coordinates></LinearRing></innerBoundaryIs><innerBoundaryIs><LinearRing><coordinates>-59.3923743454858,-34.4321559888385 -59.3910688555276,-34.4321494952938 -59.3910649327831,-34.4326903452396 -59.3904121837563,-34.4326870931762 -59.3904102202427,-34.4329575180983 -59.3900838447174,-34.4329558907438 -59.3900759861964,-34.4340375902457 -59.3904023659262,-34.4340392176657 -59.3904004022817,-34.4343096425273 -59.3907267830889,-34.4343112690926 -59.3907169697298,-34.4356633933015 -59.3910433558192,-34.4356650190777 -59.3910394323951,-34.4362058687094 -59.3913658206132,-34.4362074936471 -59.3913638599132,-34.4364779184612 -59.3916902492087,-34.4364795425443 -59.3916882895339,-34.4367499673626 -59.3920146799068,-34.4367515905909 -59.3920107625815,-34.4372924402241 -59.3923371550832,-34.437294062614 -59.3923351974327,-34.4375644874287 -59.3926615910119,-34.4375661089638 -59.3926596343867,-34.4378365337828 -59.3929860290433,-34.4378381544631 -59.3929840734434,-34.4381085792863 -59.3933104691774,-34.4381101991118 -59.3933085146029,-34.4383806239392 -59.3936349114144,-34.4383822429099 -59.3936329578652,-34.4386526677415 -59.3949385495769,-34.4386591349778 -59.3949404989205,-34.438388710081 -59.395266895862,-34.438390324696 -59.3952688441282,-34.438119899771 -59.3955952400442,-34.4381215134986 -59.3956030286439,-34.4370398136127 -59.3952766369333,-34.43703819995 -59.3952824812646,-34.4362269249575 -59.3949560927338,-34.4362253104725 -59.3949580418436,-34.4359548854671 -59.3946316543901,-34.4359532701273 -59.3946355546343,-34.4354124201127 -59.3943091693093,-34.4354108039343 -59.3943111204437,-34.4351403789252 -59.393984736196,-34.4351387618921 -59.3939866883555,-34.4348683368871 -59.393660305185,-34.4348667189992 -59.3936661646612,-34.4340554439608 -59.3933397846704,-34.4340538252507 -59.3933456470658,-34.4332425501524 -59.3930192702544,-34.4332409306203 -59.3930231804901,-34.4327000805269 -59.392696805807,-34.4326984601564 -59.3926987619368,-34.4324280351079 -59.392372388331,-34.4324264138827 -59.3923743454858,-34.4321559888385</coordinates></LinearRing></innerBoundaryIs><innerBoundaryIs><LinearRing><coordinates>-59.4429570113047,-34.4332081638739 -59.4416514932176,-34.4332022101372 -59.4416496947083,-34.4334726375091 -59.4423024558064,-34.4334756161494 -59.4423006593755,-34.4337460435392 -59.4432798043557,-34.433750505012 -59.443281597633,-34.4334800775773 -59.4429552170002,-34.4334785913057 -59.4429570113047,-34.4332081638739</coordinates></LinearRing></innerBoundaryIs><innerBoundaryIs><LinearRing><coordinates>-59.4429516283193,-34.4340194461331 -59.4422988629207,-34.4340164709169 -59.442297066442,-34.4342868982826 -59.442949833943,-34.4342898735286 -59.4429516283193,-34.4340194461331</coordinates></LinearRing></innerBoundaryIs><innerBoundaryIs><LinearRing><coordinates>-59.4409915317273,-34.4342809373381 -59.4400123809432,-34.434276457484 -59.4400105770819,-34.4345468847326 -59.439684192484,-34.4345453896907 -59.4396823875475,-34.4348158169122 -59.4406615445669,-34.4348202994696 -59.4406633463497,-34.434549872203 -59.4409897310197,-34.4345513646317 -59.4409915317273,-34.4342809373381</coordinates></LinearRing></innerBoundaryIs><innerBoundaryIs><LinearRing><coordinates>-59.4073722386252,-34.4343930689737 -59.4067194744043,-34.4343899038146 -59.4067137409962,-34.4352011807496 -59.4070401262476,-34.4352027638125 -59.4070382161119,-34.4354731894493 -59.4076909887936,-34.4354763529937 -59.4076890807349,-34.4357467786502 -59.4080154681652,-34.4357483591317 -59.4080135611324,-34.4360187847921 -59.4083399496393,-34.4360203644185 -59.4083380436325,-34.4362907900826 -59.4089908228251,-34.4362939467539 -59.4089927267294,-34.436023521058 -59.4093191153125,-34.4360250980711 -59.4093210181402,-34.4357546723473 -59.4089946306083,-34.43575309535 -59.4089965344619,-34.4354826696299 -59.4083437615769,-34.4354795130538 -59.4083456675076,-34.4352090873534 -59.4080192821545,-34.4352075077748 -59.408021189111,-34.4349370820782 -59.4076948048345,-34.4349355016443 -59.4076967128169,-34.4346650759516 -59.407370329617,-34.4346634946626 -59.4073722386252,-34.4343930689737</coordinates></LinearRing></innerBoundaryIs><innerBoundaryIs><LinearRing><coordinates>-59.4393560019224,-34.4348143209843 -59.4383768451917,-34.4348098279745 -59.4383750360261,-34.4350802551236 -59.4380486494461,-34.4350787556965 -59.4380450289399,-34.4356196099283 -59.4383714176224,-34.4356211093856 -59.4383732268363,-34.4353506822606 -59.439026002171,-34.4353536785319 -59.4390278092583,-34.4350832513647 -59.4393541959105,-34.4350847481787 -59.4393560019224,-34.4348143209843</coordinates></LinearRing></innerBoundaryIs><innerBoundaryIs><LinearRing><coordinates>-59.4276042917015,-34.4350303141153 -59.427277905925,-34.4350287859436 -59.4272760609922,-34.4352992125628 -59.4259705139274,-34.4352930911042 -59.4259686647649,-34.4355635176498 -59.4253158892777,-34.4355604516633 -59.4252992267825,-34.4379942897528 -59.4256256239758,-34.4379958233204 -59.4256219230305,-34.4385366761273 -59.4259483223514,-34.4385382088546 -59.4259464728932,-34.4388086352554 -59.4262728732901,-34.438810167127 -59.4262710248587,-34.4390805935311 -59.4269238278294,-34.4390836546915 -59.4269219814763,-34.4393540811143 -59.42724838405,-34.4393556104032 -59.4272465387238,-34.4396260368293 -59.4275729423736,-34.4396275652624 -59.4275710980743,-34.4398979916918 -59.4278975028001,-34.4398995192691 -59.4278956595277,-34.4401699457018 -59.4282220653297,-34.4401714724232 -59.4282202230843,-34.4404418988592 -59.4285466299623,-34.4404434247247 -59.4285447887439,-34.4407138511641 -59.4295240126797,-34.4407184235793 -59.4295221745914,-34.4409888500526 -59.4298485836706,-34.4409903724638 -59.4298504207073,-34.4407199459753 -59.430829644937,-34.4407245079358 -59.4308314787946,-34.4404540813892 -59.4311578858686,-34.440455600285 -59.4311597186502,-34.4401851737111 -59.431486124697,-34.4401866917204 -59.4314879564027,-34.4399162651192 -59.4318143614224,-34.4399177822419 -59.4318180226576,-34.4393769289728 -59.4314916197409,-34.4393754118805 -59.4315007776592,-34.4380232785727 -59.4311743800241,-34.4380217606856 -59.431176212586,-34.4377513340031 -59.4298706264956,-34.4377452538045 -59.4298742999571,-34.4372044005257 -59.4295479055985,-34.4372028783288 -59.4295497433438,-34.4369324516866 -59.429223350061,-34.4369309286339 -59.4292251888333,-34.436660501995 -59.4288987966263,-34.4366589780866 -59.4289024761999,-34.4361181248031 -59.4285760861201,-34.4361166000543 -59.4285797676983,-34.4355757467533 -59.4276006039139,-34.4355711673724 -59.4276042917015,-34.4350303141153</coordinates></LinearRing></innerBoundaryIs><innerBoundaryIs><LinearRing><coordinates>-59.4213992384309,-34.4355419825757 -59.4207464636369,-34.4355388921996 -59.4207445976292,-34.4358093184854 -59.4204182092182,-34.4358077719752 -59.4204163421344,-34.4360781982333 -59.4207427315967,-34.436079744759 -59.4207408655393,-34.4363501710206 -59.4210672560778,-34.4363517166909 -59.4210653910469,-34.4366221429559 -59.4220445659654,-34.4366267747867 -59.4220501515218,-34.4358154958154 -59.4213973745258,-34.4358124088925 -59.4213992384309,-34.4355419825757</coordinates></LinearRing></innerBoundaryIs><innerBoundaryIs><LinearRing><coordinates>-59.4109453657427,-34.4368442474078 -59.4099661902276,-34.4368395266786 -59.4099642894012,-34.437109952386 -59.4093115037484,-34.437106800846 -59.4093076978141,-34.437647652161 -59.4096340927306,-34.4376492283982 -59.4096321907768,-34.4379196540534 -59.409305794809,-34.4379180778003 -59.4093038917785,-34.4381885034277 -59.4096302887977,-34.4381900796966 -59.4096226806278,-34.4392717821485 -59.4099490818781,-34.4392733576097 -59.409945279744,-34.439814208795 -59.4102716831225,-34.4398157834167 -59.410269783069,-34.440086209007 -59.4119018055989,-34.4400940691269 -59.4119074899114,-34.4392827920825 -59.4122338913388,-34.4392843614455 -59.4122376786513,-34.4387435099906 -59.4119112793269,-34.4387419406591 -59.4119188578547,-34.4376602376676 -59.4115924627611,-34.4376586675282 -59.4115943583813,-34.4373882417659 -59.4112679643644,-34.4373866707712 -59.4112698610107,-34.4371162450126 -59.4109434680704,-34.4371146731626 -59.4109453657427,-34.4368442474078</coordinates></LinearRing></innerBoundaryIs><innerBoundaryIs><LinearRing><coordinates>-59.3978877713441,-34.4370510848607 -59.3975613794521,-34.4370494772957 -59.3975497342464,-34.4386720276354 -59.3978761324466,-34.4386736352974 -59.3978741925399,-34.438944060328 -59.3982005918174,-34.438945667135 -59.3981986529363,-34.4392160921696 -59.3985250532911,-34.4392176981217 -59.3985231154356,-34.4394881231604 -59.3991759183255,-34.4394913324833 -59.3991778540781,-34.4392209074124 -59.3995042545103,-34.439222510751 -59.3995061891857,-34.4389520856517 -59.3998325885923,-34.438953688103 -59.3998364557628,-34.4384128378362 -59.3995100584591,-34.4384112354172 -59.3995139276294,-34.4378703851343 -59.3991875324542,-34.4378687818763 -59.399189468052,-34.4375983567329 -59.3985366798819,-34.437595147636 -59.3985386175566,-34.4373247225127 -59.3978858315925,-34.4373215099637 -59.3978877713441,-34.4370510848607</coordinates></LinearRing></innerBoundaryIs><innerBoundaryIs><LinearRing><coordinates>-59.4341156057914,-34.4374945366571 -59.4337892100643,-34.4374930257696 -59.433787385938,-34.437763452586 -59.4341137827165,-34.4377649634888 -59.4341156057914,-34.4374945366571</coordinates></LinearRing></innerBoundaryIs><innerBoundaryIs><LinearRing><coordinates>-59.4334609891838,-34.4377619408122 -59.4324817990671,-34.4377574002637 -59.4324799707108,-34.4380278270072 -59.4321535730026,-34.4380263117335 -59.4321517435706,-34.4382967384497 -59.4318253448353,-34.4382952222896 -59.4318198532386,-34.4391065023201 -59.4321462551283,-34.4391080185259 -59.4321444255987,-34.4393784451939 -59.4324708285642,-34.4393799605438 -59.4324653429838,-34.4401912405209 -59.4331181552969,-34.4401942686986 -59.4331199817451,-34.4399238420211 -59.4334463868866,-34.4399253547879 -59.4334482122589,-34.4396549280831 -59.4337746163732,-34.4396564399635 -59.4337764406697,-34.4393860132315 -59.4344292468684,-34.4393890343482 -59.4344347133031,-34.4385777539886 -59.4350875132902,-34.4385807715295 -59.4350893332837,-34.4383103446885 -59.4344365353995,-34.438307327178 -59.4344383574716,-34.4380369003552 -59.4334591639818,-34.4380323676013 -59.4334609891838,-34.4377619408122</coordinates></LinearRing></innerBoundaryIs><innerBoundaryIs><LinearRing><coordinates>-59.4634878621013,-34.4381678055669 -59.4631614621408,-34.4381663730526 -59.4631562734341,-34.4389776573924 -59.4634826765489,-34.4389790899499 -59.4634878621013,-34.4381678055669</coordinates></LinearRing></innerBoundaryIs><innerBoundaryIs><LinearRing><coordinates>-59.4001570554521,-34.4392257148146 -59.3995042545103,-34.439222510751 -59.3995023198092,-34.439492935838 -59.3998287213186,-34.4394945383216 -59.3998267876432,-34.4397649634127 -59.4004795928423,-34.4397681657985 -59.4004815244149,-34.4394977406751 -59.4001551228539,-34.4394961399339 -59.4001570554521,-34.4392257148146</coordinates></LinearRing></innerBoundaryIs><innerBoundaryIs><LinearRing><coordinates>-59.4001512575801,-34.4400369901364 -59.399824853942,-34.4400353884918 -59.399822920215,-34.4403058135588 -59.4001493249046,-34.4403074152195 -59.4001512575801,-34.4400369901364</coordinates></LinearRing></innerBoundaryIs><innerBoundaryIs><LinearRing><coordinates>-59.433769143338,-34.4404677200871 -59.4334427360691,-34.4404662081611 -59.4334409106238,-34.4407366348297 -59.4337673189443,-34.4407381467709 -59.433769143338,-34.4404677200871</coordinates></LinearRing></innerBoundaryIs><innerBoundaryIs><LinearRing><coordinates>-59.3949249034445,-34.4405521089166 -59.3939456875409,-34.4405472594546 -59.393943734835,-34.4408176842059 -59.3929645160111,-34.4408128268543 -59.3929625601245,-34.4410832515446 -59.3926361528504,-34.4410816306687 -59.3926341958862,-34.4413520553306 -59.3923077875867,-34.4413504335671 -59.3923058295448,-34.4416208582007 -59.3919794202198,-34.4416192355497 -59.3919774611003,-34.4418896601549 -59.3913246404255,-34.4418864122064 -59.3913187566007,-34.4426976858514 -59.3916451700799,-34.4426993103103 -59.3916432098043,-34.4429697348508 -59.3929488681885,-34.4429762240389 -59.3929469120934,-34.4432466486326 -59.3932733278063,-34.4432482687678 -59.3932713727368,-34.4435186933657 -59.3939242063441,-34.4435219310546 -59.3939222533518,-34.4437923556731 -59.3945750891666,-34.4437955899093 -59.3945770400555,-34.4435251652584 -59.3955562908175,-34.4435300100292 -59.3955601862073,-34.4429891605935 -59.3958866010766,-34.4429907737421 -59.3958827077901,-34.4435316232102 -59.3965355418131,-34.4435348469583 -59.396537486366,-34.4432644221979 -59.3968639023647,-34.4432660327488 -59.3968619588635,-34.4435364575254 -59.3971883759398,-34.4435380672212 -59.3971922608131,-34.4429972176235 -59.3968658458401,-34.4429956079601 -59.3968677892895,-34.4427251831593 -59.3965413753941,-34.4427235726408 -59.3965433198693,-34.4424531478441 -59.3968697327131,-34.4424547583464 -59.3968755628283,-34.4416434838353 -59.3965491531393,-34.4416418733816 -59.3965510975108,-34.4413714485366 -59.3962246888993,-34.4413698372278 -59.3962266342964,-34.441099412387 -59.3959002267623,-34.4410978002232 -59.3959021731851,-34.4408273753865 -59.3949229538931,-34.4408225337167 -59.3949249034445,-34.4405521089166</coordinates></LinearRing></innerBoundaryIs><innerBoundaryIs><LinearRing><coordinates>-59.4631285968278,-34.4433045053717 -59.4624757570163,-34.4433016371816 -59.4624722928186,-34.4438424929043 -59.463125136837,-34.4438453611521 -59.4631234068071,-34.4441157890242 -59.4634498299026,-34.4441172218555 -59.463453287836,-34.4435763660704 -59.4631268668439,-34.443574933268 -59.4631285968278,-34.4433045053717</coordinates></LinearRing></innerBoundaryIs><innerBoundaryIs><LinearRing><coordinates>-59.4644325509504,-34.4435806592498 -59.4637797088511,-34.4435777980016 -59.4637762530212,-34.4441186538154 -59.4644290993274,-34.4441215151213 -59.4644325509504,-34.4435806592498</coordinates></LinearRing></innerBoundaryIs><innerBoundaryIs><LinearRing><coordinates>-59.3935938814136,-34.4440611618381 -59.3932674625196,-34.4440595425254 -59.3932635521982,-34.4446003916367 -59.393916394219,-34.4446036294559 -59.3939183472893,-34.4443332048737 -59.3935919273176,-34.4443315864161 -59.3935938814136,-34.4440611618381</coordinates></LinearRing></innerBoundaryIs><innerBoundaryIs><LinearRing><coordinates>-59.3929390874523,-34.4443283468868 -59.3922862476912,-34.4443251038722 -59.3922823310074,-34.4448659528615 -59.3926087529783,-34.4448675748371 -59.3926107102815,-34.4445971503321 -59.3929371312268,-34.4445987714201 -59.3929390874523,-34.4443283468868</coordinates></LinearRing></innerBoundaryIs><innerBoundaryIs><LinearRing><coordinates>-59.4337308259638,-34.4461466779117 -59.4334043966095,-34.4461451656663 -59.4334025706533,-34.4464155920814 -59.4337290010595,-34.4464171043421 -59.4337308259638,-34.4461466779117</coordinates></LinearRing></innerBoundaryIs></Polygon>
  </Placemark>
</Folder>
</Document></kml>
