{
"type": "FeatureCollection",
"name": "osm",
"crs": { "type": "name", "properties": { "name": "urn:ogc:def:crs:OGC:1.3:CRS84" } },
"features": [
{"type":"Feature","properties":{"waterway":"stream","name":"Arroyo de la Cruz","Name":"Arroyo de la Cruz (stream)"},"geometry":{"type":"LineString","coordinates":[[-59.317682700000056,-34.514966100000279],[-59.317648600000048,-34.514860000000269],[-59.317338200000066,-34.51459230000026],[-59.316865200000066,-34.514101400000278],[-59.316228200000069,-34.513438300000274],[-59.315762100000043,-34.512877500000265],[-59.315504,-34.512612300000271],[-59.315175400000058,-34.512272500000272],[-59.314995900000064,-34.512151800000254],[-59.314940500000056,-34.512115700000265],[-59.314928800000068,-34.51207720000027],[-59.314934600000072,-34.512041100000282],[-59.314975500000052,-34.511786200000266],[-59.314975500000067,-34.511709200000276],[-59.314925900000077,-34.511615400000252],[-59.314794500000062,-34.511528900000279],[-59.314736100000061,-34.51145910000028],[-59.314695300000061,-34.511338900000283],[-59.314651500000046,-34.511271500000269],[-59.31447050000007,-34.511177700000282],[-59.314356700000062,-34.511100800000271],[-59.314321700000058,-34.511038200000264],[-59.31432170000005,-34.510973300000266],[-59.31437710000008,-34.510889100000256],[-59.314420900000066,-34.510812100000294],[-59.314420900000066,-34.510759200000273],[-59.314377100000051,-34.51067510000027],[-59.314365500000058,-34.510511500000277],[-59.314336300000065,-34.510271000000301],[-59.314280800000049,-34.510172400000258],[-59.314213700000053,-34.510071400000278],[-59.314181600000055,-34.509984800000268],[-59.314140700000067,-34.509814000000262],[-59.314059,-34.509609600000267],[-59.313907800000059,-34.509446700000282],[-59.313733100000064,-34.509317300000269],[-59.313693300000068,-34.509269900000284],[-59.313691100000064,-34.50922070000027],[-59.313686600000047,-34.509087600000264],[-59.313724300000047,-34.50886890000028],[-59.313764100000057,-34.508741300000274],[-59.313770700000056,-34.508662900000253],[-59.313735300000069,-34.508591800000275],[-59.313635800000057,-34.508513500000269],[-59.31354730000006,-34.50838950000027],[-59.313443300000074,-34.508172600000272],[-59.313306200000063,-34.507961200000274],[-59.313131400000067,-34.507802600000275],[-59.312879300000056,-34.507554700000277],[-59.312819500000053,-34.50747990000027],[-59.312777500000067,-34.507388800000278],[-59.312788600000054,-34.507275800000258],[-59.312788600000054,-34.507222900000279],[-59.312764200000061,-34.507093500000273],[-59.312763400000065,-34.506979000000285],[-59.312747400000077,-34.50693090000027],[-59.312697800000073,-34.506886400000262],[-59.312626300000048,-34.506845500000281],[-59.312579600000042,-34.506837100000254],[-59.312483200000067,-34.506849100000274],[-59.312411700000062,-34.50685270000028],[-59.312296400000051,-34.506852700000287],[-59.312187,-34.506853900000273],[-59.312051300000064,-34.506823900000249],[-59.311838200000061,-34.506732500000268],[-59.311693700000063,-34.506712000000263],[-59.311560900000067,-34.506709600000256],[-59.311428100000057,-34.506726500000283],[-59.311320100000067,-34.506728900000262],[-59.311174200000067,-34.506696400000266],[-59.311070600000086,-34.506656700000256],[-59.310962600000053,-34.50658940000028],[-59.310834100000065,-34.506496800000264],[-59.310729100000067,-34.506375300000286],[-59.310634200000059,-34.506190100000261],[-59.310537900000071,-34.506071000000283],[-59.310470800000047,-34.50597360000026],[-59.310282500000049,-34.505634500000276],[-59.310266400000053,-34.505588800000261],[-59.310253300000063,-34.505490200000267],[-59.310228500000051,-34.505456500000285],[-59.31020520000007,-34.505454100000279],[-59.310130700000066,-34.505457700000271],[-59.310070900000056,-34.505439700000274],[-59.309962900000073,-34.505373500000275],[-59.309841800000051,-34.505324200000281],[-59.30971770000005,-34.505277300000294],[-59.309609700000067,-34.505271300000274],[-59.309539700000073,-34.50524480000027],[-59.309503200000051,-34.505205100000275],[-59.309475500000048,-34.505166700000267],[-59.309443400000056,-34.505155800000253],[-59.309376200000088,-34.505149800000268],[-59.30921210000006,-34.505056100000267],[-59.309096400000065,-34.504998100000279],[-59.309062900000065,-34.504996700000255],[-59.309027700000073,-34.505007800000271],[-59.30897410000005,-34.505043700000272],[-59.308915400000068,-34.505053400000271],[-59.308875100000066,-34.505053400000271],[-59.308794700000064,-34.505043700000272],[-59.308736,-34.505023000000271],[-59.308682400000073,-34.504987100000292],[-59.308662200000065,-34.504945600000276],[-59.308660600000067,-34.504904200000283],[-59.30872590000007,-34.504771600000282],[-59.308772900000065,-34.504710800000268],[-59.308782900000047,-34.504676200000269],[-59.308782900000047,-34.504629300000268],[-59.308774600000064,-34.504601600000292],[-59.308719200000056,-34.504564300000276],[-59.30867730000007,-34.504558800000289],[-59.308622,-34.50455190000028],[-59.308508,-34.504521500000287],[-59.308457700000069,-34.504511800000266],[-59.308419200000053,-34.504449700000265],[-59.30840240000007,-34.504405500000267],[-59.308348800000068,-34.504361300000284],[-59.308301800000073,-34.504325300000268],[-59.308271600000069,-34.504271500000272],[-59.308228100000065,-34.504256300000272],[-59.308147600000062,-34.504236900000286],[-59.308055400000072,-34.504217600000274],[-59.308030200000054,-34.504195500000293],[-59.307981600000055,-34.50415680000026],[-59.307928,-34.504102900000284],[-59.307881100000067,-34.504039400000273],[-59.307854200000058,-34.503970300000276],[-59.307824100000055,-34.503774100000271],[-59.307803900000074,-34.503731300000268],[-59.307711700000056,-34.503648400000287],[-59.307624600000061,-34.503604200000289],[-59.307529,-34.503579300000268],[-59.307460300000066,-34.503560000000277],[-59.307396100000055,-34.503523000000278],[-59.307382700000069,-34.503489800000274],[-59.307391100000061,-34.503444200000267],[-59.307421300000073,-34.50339030000027],[-59.307443,-34.503333700000262],[-59.307451400000062,-34.503267400000276],[-59.307439700000053,-34.503224500000272],[-59.30742630000006,-34.503205200000259],[-59.307364300000067,-34.503190000000266],[-59.30733070000008,-34.503159600000259],[-59.307317300000058,-34.50312650000027],[-59.307320700000062,-34.503074000000254],[-59.307315600000074,-34.503027000000273],[-59.307305600000056,-34.50299940000027],[-59.307258600000061,-34.502955200000258],[-59.307201600000049,-34.502940000000265],[-59.307079300000062,-34.502930300000273],[-59.306987100000072,-34.502915100000273],[-59.306941800000047,-34.502891600000268],[-59.306883100000064,-34.502846000000275],[-59.306858,-34.502797700000272],[-59.306854600000065,-34.50276310000028],[-59.306858,-34.502674700000284],[-59.306932600000067,-34.502560200000254],[-59.307139800000073,-34.502413400000272],[-59.30717480000007,-34.502365300000278],[-59.307177800000069,-34.502317200000284],[-59.307160200000062,-34.502271500000276],[-59.307020100000074,-34.502151300000286],[-59.306760400000066,-34.50197330000028],[-59.306667,-34.501828900000284],[-59.306611500000052,-34.501694200000273],[-59.306599800000043,-34.501614900000277],[-59.306629,-34.501499400000277],[-59.306661100000049,-34.501400800000269],[-59.306661100000063,-34.501297300000246],[-59.306646500000049,-34.50122760000027],[-59.306623200000068,-34.501177100000248],[-59.306567700000059,-34.501124200000277],[-59.306500600000064,-34.501088100000267],[-59.306389700000061,-34.500999100000264],[-59.306246700000081,-34.500876400000273],[-59.306141600000046,-34.500741700000269],[-59.305995700000068,-34.500597400000267],[-59.305954800000066,-34.500508400000278],[-59.30593730000006,-34.500436200000287],[-59.305946,-34.500380900000266],[-59.305984,-34.500337600000279],[-59.305981100000061,-34.500289500000271],[-59.305951900000053,-34.500246200000277],[-59.305925600000059,-34.500231800000286],[-59.305768,-34.500166800000272],[-59.30568040000005,-34.500171600000265],[-59.30560160000006,-34.500116300000272],[-59.305470300000074,-34.499957500000271],[-59.305353500000059,-34.499895000000272],[-59.305160900000068,-34.49971460000026],[-59.304936200000064,-34.499579900000256],[-59.30487190000008,-34.499478900000263],[-59.304816500000065,-34.499322500000261],[-59.304787300000065,-34.49923110000028],[-59.304711400000073,-34.49914450000027],[-59.304623800000073,-34.499108400000281],[-59.304475,-34.499074700000271],[-59.304355300000061,-34.499082000000264],[-59.304261900000064,-34.499043500000276],[-59.304136400000047,-34.498937600000261],[-59.304045900000048,-34.498839000000267],[-59.303920400000059,-34.498754800000285],[-59.303762800000065,-34.498646600000285],[-59.303681100000048,-34.498572000000259],[-59.303612200000067,-34.498472200000272],[-59.303538800000069,-34.498371400000288],[-59.303445900000064,-34.498306900000273],[-59.303338200000063,-34.498214100000297],[-59.30328930000006,-34.498135500000281],[-59.303274600000073,-34.498052800000281],[-59.303242800000071,-34.497984300000262],[-59.303179200000073,-34.497861300000274],[-59.303098500000061,-34.497762500000263],[-59.303015300000055,-34.497692000000271],[-59.302922400000071,-34.497639600000284],[-59.302778,-34.497567000000259],[-59.302692400000062,-34.497520600000271],[-59.302548100000045,-34.497395600000281],[-59.302440500000074,-34.497268600000261],[-59.302376900000063,-34.497190000000288],[-59.302374400000069,-34.497097200000269],[-59.302362200000047,-34.496940000000293],[-59.302340200000053,-34.496867400000262],[-59.302288800000063,-34.496815000000275],[-59.302244800000068,-34.49678880000026],[-59.302181200000057,-34.496774600000279],[-59.302105300000058,-34.49678270000026],[-59.302027,-34.49680090000026],[-59.301943900000055,-34.496804900000264],[-59.301882700000064,-34.496796800000261],[-59.301802,-34.496752500000269],[-59.301704100000059,-34.496673800000259],[-59.30162580000006,-34.496607300000271],[-59.301528,-34.496565000000267],[-59.301415500000061,-34.496548800000269],[-59.301302900000067,-34.496540800000268],[-59.301194200000062,-34.496516000000277],[-59.301040700000065,-34.496499900000281],[-59.300940400000073,-34.496465700000257],[-59.30090610000007,-34.496433400000271],[-59.300898800000049,-34.496389100000293],[-59.300908600000056,-34.496318500000278],[-59.300891400000069,-34.496235800000271],[-59.300864500000074,-34.496139100000256],[-59.300810400000067,-34.496018300000273],[-59.300715300000064,-34.49587720000028],[-59.300628800000062,-34.495733200000259],[-59.300580400000072,-34.495622000000267],[-59.300542300000053,-34.495546500000287],[-59.300504300000064,-34.495508000000264],[-59.300481800000064,-34.495473700000268],[-59.300461,-34.495401000000271],[-59.300429900000061,-34.495352600000267],[-59.300372800000069,-34.495306900000287],[-59.300305300000055,-34.495257100000259],[-59.300256900000065,-34.495212900000261],[-59.300213600000056,-34.495147300000276],[-59.30017040000007,-34.495107400000279],[-59.300123700000064,-34.495074600000272],[-59.300071800000048,-34.495058900000259],[-59.30001990000008,-34.495058900000274],[-59.299949,-34.495076000000275],[-59.299907500000067,-34.495077400000277],[-59.299853900000059,-34.495074600000287],[-59.299814100000049,-34.495056000000254],[-59.299717200000075,-34.495001900000275],[-59.299618600000066,-34.494946300000251],[-59.299542500000072,-34.494919200000275],[-59.299475,-34.494894900000268],[-59.299411,-34.494883500000277],[-59.299317600000045,-34.494852200000274],[-59.299251900000051,-34.49482940000027],[-59.299215600000068,-34.494808000000269],[-59.299146400000048,-34.494739500000264],[-59.299073700000058,-34.494672500000277],[-59.298990700000061,-34.494565600000278],[-59.298944,-34.494532800000265],[-59.29886620000007,-34.494468700000269],[-59.29881770000005,-34.494447300000267],[-59.29877620000007,-34.494433000000285],[-59.298734700000054,-34.49443160000029],[-59.298672400000072,-34.494447300000267],[-59.298577300000055,-34.494471500000266],[-59.298453500000072,-34.494504000000269],[-59.298407800000049,-34.494512400000254],[-59.298349,-34.494509600000278],[-59.298229600000049,-34.494505300000263],[-59.298110200000067,-34.494486700000287],[-59.297999300000058,-34.494459600000255],[-59.297906300000058,-34.494421300000269],[-59.297830500000074,-34.494378900000285],[-59.297754700000063,-34.494320500000278],[-59.29765680000007,-34.494239800000273],[-59.29754290000006,-34.49416690000028],[-59.297396200000058,-34.494076200000279],[-59.297244500000062,-34.493991500000263],[-59.297112400000074,-34.493912900000261],[-59.29695580000007,-34.493818100000269],[-59.296848200000063,-34.493725300000271],[-59.296806600000053,-34.493652800000284],[-59.296789500000067,-34.493572100000272],[-59.296813900000053,-34.493473300000268],[-59.296865300000064,-34.493348300000278],[-59.296914200000082,-34.493255600000268],[-59.296943600000048,-34.493156800000264],[-59.296953400000056,-34.493090200000275],[-59.296924,-34.49301160000028],[-59.296858,-34.492912800000269],[-59.296762600000058,-34.492787800000258],[-59.296672100000073,-34.492721300000262],[-59.29655220000005,-34.492666800000265],[-59.296415200000069,-34.492612400000269],[-59.296295300000061,-34.492594300000263],[-59.296207300000049,-34.492574100000276],[-59.296111900000064,-34.492543900000271],[-59.296053200000053,-34.49250760000028],[-59.295974900000054,-34.492445100000282],[-59.295903900000063,-34.492358400000278],[-59.295834500000055,-34.492186800000262],[-59.295717100000061,-34.492047700000263],[-59.295599700000068,-34.491940800000265],[-59.295523900000063,-34.491898500000268],[-59.295421100000063,-34.491840000000273],[-59.295340400000065,-34.491797700000284],[-59.295286600000061,-34.491743200000265],[-59.295242500000079,-34.491664600000256],[-59.295218100000056,-34.491573900000262],[-59.295193600000061,-34.491469000000279],[-59.295166700000067,-34.491410600000265],[-59.295076200000054,-34.491291600000253],[-59.294946600000067,-34.491136400000279],[-59.294873200000069,-34.491063800000276],[-59.294794900000056,-34.490997200000272],[-59.294750800000074,-34.490924600000277],[-59.294706800000078,-34.490864200000274],[-59.294653,-34.490829900000264],[-59.294572300000056,-34.490795600000268],[-59.294489100000064,-34.490767400000273],[-59.294432800000067,-34.490741200000279],[-59.294379,-34.490692800000275],[-59.294335,-34.49062830000026],[-59.294320300000066,-34.490543600000272],[-59.294278700000056,-34.490344000000292],[-59.294261600000056,-34.49023110000028],[-59.294268900000063,-34.490128200000271],[-59.294271400000063,-34.489954800000262],[-59.294246900000068,-34.489813700000262],[-59.294224900000067,-34.489747100000258],[-59.29416860000007,-34.489698800000298],[-59.294095200000072,-34.489662500000257],[-59.293904500000075,-34.489614300000277],[-59.293769900000051,-34.489557900000285],[-59.293669600000058,-34.48948730000027],[-59.293601100000068,-34.489416700000284],[-59.293522800000069,-34.489360300000264],[-59.293434800000078,-34.489326000000268],[-59.293354,-34.489322000000278],[-59.293197500000062,-34.489259500000273],[-59.293062900000052,-34.489201000000286],[-59.292869700000061,-34.489104200000284],[-59.292678900000062,-34.489001400000269],[-59.292529600000066,-34.48890260000028],[-59.292429300000073,-34.488828000000275],[-59.292329100000075,-34.488715100000263],[-59.292194900000055,-34.48855580000027],[-59.292165500000053,-34.488514500000271],[-59.292163700000067,-34.488483100000273],[-59.292175800000059,-34.488454600000267],[-59.292208700000067,-34.488428900000287],[-59.292229500000055,-34.488411800000272],[-59.292242400000063,-34.488393300000268],[-59.292240700000065,-34.488372600000275],[-59.292226,-34.488351900000275],[-59.292199200000056,-34.488335500000289],[-59.292175800000074,-34.48832980000028],[-59.292148200000071,-34.488322000000281],[-59.292129100000061,-34.488305600000281],[-59.292085,-34.488261400000248],[-59.292018400000075,-34.488166600000262],[-59.291958800000067,-34.488075300000261],[-59.291893900000062,-34.487999000000272],[-59.291851500000071,-34.487930600000261],[-59.291834200000061,-34.487872900000276],[-59.291825600000053,-34.487842900000267],[-59.291811700000061,-34.487828000000277],[-59.291787500000048,-34.487802300000254],[-59.291762400000053,-34.487768100000267],[-59.291743400000065,-34.487736700000283],[-59.291714900000066,-34.487691800000285],[-59.29170710000006,-34.487660400000287],[-59.291707100000067,-34.487625500000256],[-59.291705300000046,-34.487541400000282],[-59.29170710000006,-34.487418800000277],[-59.291695800000056,-34.487358900000267],[-59.291674200000067,-34.487313300000274],[-59.291643100000073,-34.487221300000272],[-59.291620600000073,-34.487161400000275],[-59.291584300000075,-34.487129300000277],[-59.291557400000052,-34.487114400000273],[-59.291522800000074,-34.487093700000266],[-59.291477,-34.487053800000261],[-59.291443300000076,-34.487035200000264],[-59.291386200000055,-34.487012400000275],[-59.291313500000058,-34.486991700000274],[-59.291245200000048,-34.486981100000271],[-59.291196800000058,-34.486978900000246],[-59.291129300000073,-34.486986800000267],[-59.291069600000057,-34.487000300000275],[-59.290991800000072,-34.487031000000272],[-59.290933900000056,-34.487073000000272],[-59.290875,-34.487115100000274],[-59.290823200000048,-34.487144300000274],[-59.290780800000064,-34.487154300000277],[-59.29073930000007,-34.48715570000028],[-59.290696900000079,-34.487145000000247],[-59.290651,-34.487126500000272],[-59.290613900000068,-34.48709650000027],[-59.290573200000047,-34.487054500000269],[-59.290522200000062,-34.486999600000267],[-59.290478900000068,-34.486961100000279],[-59.290446900000056,-34.486936900000273],[-59.290413200000053,-34.486917600000247],[-59.290368200000067,-34.486891900000273],[-59.290337100000073,-34.486857000000271],[-59.290271400000073,-34.486765800000263],[-59.290212500000052,-34.486699500000292],[-59.290190100000061,-34.486672400000288],[-59.290181400000073,-34.486649600000263],[-59.290178800000064,-34.486618200000287],[-59.290178800000064,-34.486579700000263],[-59.290158100000063,-34.486521200000269],[-59.290113900000058,-34.486383600000281],[-59.290077600000053,-34.48629310000026],[-59.290037800000079,-34.48622970000028],[-59.289991100000051,-34.486161200000289],[-59.28996780000007,-34.486106300000266],[-59.289949600000057,-34.486031500000294],[-59.28993320000005,-34.48595090000029],[-59.289920200000061,-34.485875400000253],[-59.289918500000063,-34.485819000000269],[-59.289930600000069,-34.485767000000273],[-59.289935800000073,-34.485724900000264],[-59.289935800000073,-34.48568290000027],[-59.28995390000005,-34.485627300000253],[-59.289976400000064,-34.485567400000271],[-59.289994600000057,-34.48552600000027],[-59.289992900000051,-34.485493200000278],[-59.290011300000053,-34.485371200000294],[-59.290000100000064,-34.485308500000272],[-59.289981900000058,-34.485277100000275],[-59.28994990000006,-34.485234300000265],[-59.289892900000048,-34.48513590000028],[-59.289860900000065,-34.485061800000288],[-59.289827100000082,-34.485025400000275],[-59.289802900000062,-34.485011900000266],[-59.289751900000056,-34.485006200000271],[-59.289699100000071,-34.485000500000275],[-59.289653300000062,-34.484980500000269],[-59.289627300000049,-34.484957700000265],[-59.289610900000056,-34.484931300000277],[-59.289584100000056,-34.484914900000248],[-59.289551200000055,-34.484905700000262],[-59.289501100000059,-34.484905700000262],[-59.289413700000054,-34.484911400000286],[-59.289327200000074,-34.484924200000279],[-59.289239900000062,-34.484942700000261],[-59.28914210000007,-34.484963400000254],[-59.28905390000007,-34.484998300000278],[-59.288999400000066,-34.485021200000276],[-59.288949300000077,-34.485026900000271],[-59.288899100000059,-34.485021200000276],[-59.288863600000063,-34.485015400000286],[-59.288836,-34.484996200000261],[-59.288813500000067,-34.484969800000286],[-59.288792700000059,-34.48493130000027],[-59.288772800000068,-34.484880700000282],[-59.288749500000073,-34.484840800000285],[-59.288727900000048,-34.484770200000277],[-59.288683700000043,-34.484659000000285],[-59.288653500000073,-34.484576300000271],[-59.288624100000057,-34.484527100000264],[-59.288586,-34.484481500000278],[-59.288541,-34.484439400000262],[-59.288476200000062,-34.48438450000026],[-59.288426900000054,-34.484348200000269],[-59.288374100000055,-34.484306100000289],[-59.288322200000053,-34.484264800000261],[-59.288296300000063,-34.48423050000028],[-59.288239200000071,-34.484144300000274],[-59.288195900000062,-34.484081500000272],[-59.288161300000063,-34.484049500000268],[-59.288117200000059,-34.48402170000027],[-59.28807570000005,-34.484001000000276],[-59.288043700000074,-34.483978900000267],[-59.288013500000048,-34.483928300000279],[-59.287981500000058,-34.483880500000289],[-59.287971100000071,-34.483836300000277],[-59.287964200000054,-34.483806400000276],[-59.287943400000053,-34.48375930000028],[-59.287918300000058,-34.483698000000267],[-59.287891500000065,-34.483565400000266],[-59.287862100000041,-34.483467700000261],[-59.287856900000065,-34.48340280000027],[-59.287851700000061,-34.483323000000276],[-59.287856,-34.483252400000275],[-59.287868200000077,-34.483197500000266],[-59.287888,-34.483130500000279],[-59.287919200000061,-34.483036400000273],[-59.287940800000058,-34.482939400000262],[-59.287950300000055,-34.482903100000264],[-59.287947400000057,-34.482828400000272],[-59.287951700000065,-34.482771300000273],[-59.287942200000067,-34.482742800000253],[-59.287922300000062,-34.482720700000272],[-59.287886900000061,-34.48270290000027],[-59.287826300000063,-34.482676500000281],[-59.287740700000072,-34.48265090000028],[-59.287662,-34.482640200000276],[-59.287613600000064,-34.482641600000285],[-59.287560800000072,-34.48265370000027],[-59.287541800000056,-34.482669400000269],[-59.28752530000007,-34.482674400000263],[-59.287502,-34.482675800000294],[-59.287474300000071,-34.482675100000257],[-59.287407700000067,-34.48268650000027],[-59.287366200000051,-34.482701500000275],[-59.287327300000065,-34.482710700000283],[-59.287285800000063,-34.482712200000272],[-59.287246800000062,-34.482703600000264],[-59.287186300000066,-34.482681500000261],[-59.287154300000054,-34.482660100000281],[-59.287121400000061,-34.482656600000269],[-59.287076500000055,-34.482656600000261],[-59.287035800000069,-34.482648700000269],[-59.287010700000074,-34.482632300000276],[-59.286977,-34.482603100000269],[-59.286925100000055,-34.482563900000279],[-59.28680920000005,-34.482454100000268],[-59.286757300000062,-34.482360700000271],[-59.286720100000061,-34.482268700000269],[-59.286714100000047,-34.482182500000285],[-59.286690700000051,-34.482077700000261],[-59.286651800000065,-34.481961500000267],[-59.286659900000068,-34.481869800000283],[-59.286673400000055,-34.481772000000269],[-59.286668500000061,-34.481713500000254],[-59.286633,-34.481665100000278],[-59.286589,-34.481609600000269],[-59.286520500000073,-34.481542100000283],[-59.286482600000063,-34.481518900000253],[-59.286455700000069,-34.481482600000277],[-59.28643,-34.481435200000263],[-59.286388400000064,-34.481349500000263],[-59.286379800000056,-34.48129100000029],[-59.28637620000007,-34.481205300000269],[-59.28637980000007,-34.481144800000266],[-59.28637,-34.481069200000256],[-59.286344400000068,-34.480964400000275],[-59.286332100000052,-34.480921000000272],[-59.286304,-34.480894800000272],[-59.286156,-34.480812100000271],[-59.286125400000067,-34.480801000000262],[-59.286076500000057,-34.480804000000269],[-59.286034900000054,-34.480803000000279],[-59.285995800000052,-34.480785900000271],[-59.285951700000055,-34.480779900000257],[-59.285928500000061,-34.480783900000262],[-59.28586120000007,-34.480784900000266],[-59.285701,-34.480792000000278],[-59.285638600000055,-34.480797000000287],[-59.285601900000053,-34.480813100000269],[-59.285564,-34.480841400000287],[-59.285543200000042,-34.480848400000291],[-59.285500400000046,-34.480850400000271],[-59.285473500000066,-34.4808383000003],[-59.285442900000049,-34.480813100000276],[-59.285405,-34.480776800000285],[-59.285301,-34.480701200000283],[-59.285208100000048,-34.480630600000261],[-59.285142,-34.480598400000268],[-59.285066200000067,-34.480549000000281],[-59.285018500000064,-34.480499600000272],[-59.284972,-34.480439100000268],[-59.284956100000052,-34.480384600000271],[-59.284940200000079,-34.48032410000026],[-59.28495,-34.480211200000284],[-59.284980600000061,-34.480130500000286],[-59.284991600000055,-34.480105300000275],[-59.285055200000059,-34.48000850000026],[-59.285074700000067,-34.479930900000276],[-59.285074700000052,-34.47986940000029],[-59.285065,-34.47983210000028],[-59.285044200000073,-34.479808900000272],[-59.285006200000048,-34.479798800000268],[-59.284965900000074,-34.479799800000279],[-59.284928,-34.479782700000278],[-59.284883900000068,-34.479746400000288],[-59.284811800000064,-34.479694000000265],[-59.284734700000065,-34.479639500000268],[-59.284709,-34.479602200000279],[-59.284682100000069,-34.479558900000278],[-59.284668700000061,-34.479508400000256],[-59.284668700000061,-34.479468100000275],[-59.284674800000055,-34.479437900000264],[-59.28469920000007,-34.479404600000279],[-59.284723700000065,-34.479389500000273],[-59.284757900000066,-34.479371300000267],[-59.284795900000049,-34.479353200000268],[-59.284822800000072,-34.479327000000275],[-59.284836200000065,-34.479306800000273],[-59.284846,-34.479276500000282],[-59.28484360000008,-34.479249300000276],[-59.284828900000065,-34.479217000000283],[-59.284776300000061,-34.479157600000264],[-59.284722600000073,-34.479070000000291],[-59.284694900000055,-34.478997300000273],[-59.284684500000054,-34.478926000000293],[-59.284698400000075,-34.478876100000257],[-59.284726100000064,-34.478810500000279],[-59.284758900000071,-34.47877060000026],[-59.284781400000071,-34.478736300000271],[-59.284791800000065,-34.478702100000277],[-59.28479180000005,-34.478655100000267],[-59.284783100000055,-34.478623700000284],[-59.284753700000067,-34.478576600000281],[-59.28472610000005,-34.478543800000267],[-59.284674200000055,-34.478506800000268],[-59.284598100000061,-34.478469700000261],[-59.284515,-34.478419800000275],[-59.28440430000007,-34.478339900000279],[-59.284314400000056,-34.478262900000281],[-59.284246900000078,-34.47818020000026],[-59.284101600000049,-34.47799340000028],[-59.28401680000006,-34.477913600000292],[-59.283838700000047,-34.477745300000265],[-59.283736600000069,-34.477651200000288],[-59.283684700000066,-34.477627000000275],[-59.283603400000068,-34.477602700000276],[-59.283541200000059,-34.477594200000276],[-59.283442600000051,-34.477601300000281],[-59.283323200000048,-34.477588500000273],[-59.283252300000065,-34.47756570000027],[-59.283207300000072,-34.477537100000262],[-59.283157200000062,-34.477498600000267],[-59.283145,-34.477468700000294],[-59.28314330000007,-34.477424500000275],[-59.283141600000071,-34.47737030000026],[-59.283155400000048,-34.477340400000273],[-59.28318830000007,-34.477283300000266],[-59.283254,-34.477197800000276],[-59.283350900000059,-34.477105100000287],[-59.283440800000079,-34.477029500000278],[-59.283499600000056,-34.476963900000264],[-59.283567100000056,-34.476929700000262],[-59.283679500000062,-34.47687830000028],[-59.283728,-34.476842700000269],[-59.28374350000005,-34.476798500000278],[-59.283748700000046,-34.47675710000027],[-59.283736600000069,-34.476701500000267],[-59.283731400000065,-34.476655900000267],[-59.283736600000069,-34.476556100000288],[-59.283722800000056,-34.476497600000258],[-59.283689900000063,-34.47645770000026],[-59.283632800000049,-34.476427700000265],[-59.283555,-34.476400700000276],[-59.283473700000066,-34.476390700000266],[-59.283392400000061,-34.476353600000287],[-59.28323150000007,-34.476299400000272],[-59.28307760000007,-34.47625810000028],[-59.282966900000055,-34.476206700000276],[-59.282889,-34.476152500000268],[-59.28283540000006,-34.476104100000271],[-59.282783500000065,-34.476048400000273],[-59.282759300000066,-34.476008500000269],[-59.282748900000058,-34.475931500000264],[-59.282752400000064,-34.475877300000285],[-59.282783500000065,-34.475813200000267],[-59.28281290000006,-34.47574900000027],[-59.282819800000063,-34.475679100000292],[-59.282826800000066,-34.475613500000271],[-59.282812900000074,-34.475570700000269],[-59.282776600000062,-34.475526500000271],[-59.282683200000072,-34.475465200000272],[-59.282588100000069,-34.47541390000027],[-59.282518900000063,-34.475371100000267],[-59.282432400000069,-34.475335500000284],[-59.282281900000058,-34.475292700000296],[-59.282121,-34.475258500000272],[-59.282031100000054,-34.475227100000254],[-59.281865,-34.475185700000253],[-59.281773300000047,-34.475155800000287],[-59.281724900000071,-34.475134400000293],[-59.281690300000051,-34.475107300000261],[-59.281673,-34.475065900000267],[-59.281615900000055,-34.474971800000269],[-59.281574400000061,-34.47487770000027],[-59.281513900000064,-34.474797900000262],[-59.281425600000063,-34.474690900000283],[-59.281387600000066,-34.474631000000272],[-59.281356500000051,-34.474605400000272],[-59.281318400000067,-34.474586800000289],[-59.281233600000071,-34.474554000000268],[-59.281159300000077,-34.474508400000246],[-59.281133300000064,-34.474468500000278],[-59.281126400000055,-34.474421400000274],[-59.281135,-34.474380000000274],[-59.281169600000055,-34.474334400000259],[-59.281231900000051,-34.474291600000278],[-59.281309800000074,-34.474246000000285],[-59.281361600000068,-34.474231700000267],[-59.281429100000068,-34.474231700000267],[-59.281519100000075,-34.474244600000254],[-59.281557100000065,-34.474263100000286],[-59.281591700000071,-34.47428020000028],[-59.281631500000081,-34.474284500000266],[-59.281681700000057,-34.474285900000268],[-59.281707600000061,-34.474271700000273],[-59.281721400000066,-34.474250300000278],[-59.281726600000056,-34.474208900000271],[-59.281724900000057,-34.474159000000292],[-59.281697200000053,-34.474074900000254],[-59.281640100000061,-34.473945100000286],[-59.281598600000045,-34.473895200000264],[-59.281555400000059,-34.473855300000267],[-59.281467200000058,-34.473678500000275],[-59.28141870000006,-34.473582900000274],[-59.281375500000074,-34.473518700000291],[-59.281313200000064,-34.473476000000282],[-59.281245700000049,-34.473434600000282],[-59.281204200000062,-34.473417500000274],[-59.281147200000056,-34.473373300000262],[-59.28110740000006,-34.473357600000256],[-59.281062400000067,-34.473329100000271],[-59.281005300000054,-34.473290600000283],[-59.280979400000064,-34.473257800000269],[-59.280963800000066,-34.473213600000271],[-59.280918800000052,-34.473165100000287],[-59.280898100000066,-34.473116600000274],[-59.280863500000073,-34.473051000000275],[-59.280813300000069,-34.472996800000267],[-59.280773500000059,-34.472971200000288],[-59.280738900000067,-34.472971200000273],[-59.280687,-34.47297540000028],[-59.28062130000005,-34.472996800000267],[-59.280546900000068,-34.473023900000271],[-59.280489800000048,-34.47303680000028],[-59.280431,-34.473041000000272],[-59.280344500000076,-34.473035300000284],[-59.280273600000051,-34.473029600000281],[-59.280187100000063,-34.47300820000028],[-59.280093700000059,-34.472969700000277],[-59.280009,-34.472922700000275],[-59.279913800000074,-34.472849900000263],[-59.279801400000061,-34.472728700000275],[-59.27973050000007,-34.472677400000272],[-59.279669900000059,-34.472650300000268],[-59.279569600000066,-34.472621800000262],[-59.279393200000065,-34.472597500000283],[-59.279244400000067,-34.47257470000028],[-59.279132,-34.472553300000264],[-59.279021300000046,-34.472507700000278],[-59.27894,-34.472464900000269],[-59.278831,-34.472436400000262],[-59.27875310000006,-34.472436400000262],[-59.278670100000056,-34.472436400000269],[-59.278576700000066,-34.472423600000276],[-59.278485,-34.472389300000273],[-59.27841240000005,-34.472340900000276],[-59.278331100000067,-34.472272400000257],[-59.278284400000068,-34.472248200000287],[-59.278223800000042,-34.472198300000272],[-59.278208300000074,-34.472159800000277],[-59.27821170000005,-34.472124100000286],[-59.278216900000068,-34.472088500000282],[-59.278203100000056,-34.472048500000263],[-59.278156400000071,-34.471987200000285],[-59.278137300000061,-34.471935900000268],[-59.278102700000062,-34.471904500000264],[-59.278043900000078,-34.471846000000291],[-59.277986900000073,-34.47181470000028],[-59.277941900000073,-34.471799000000246],[-59.277896900000073,-34.471766200000268],[-59.277819100000066,-34.471689200000277],[-59.277782700000074,-34.471636400000293],[-59.277774100000066,-34.471600700000273],[-59.277772400000067,-34.471552300000262],[-59.277753300000079,-34.471493800000253],[-59.277718700000058,-34.471443900000274],[-59.277661700000067,-34.47135260000028],[-59.277632200000063,-34.471331200000286],[-59.277559600000046,-34.471294100000264],[-59.277481800000061,-34.471251400000284],[-59.277407400000072,-34.471208600000267],[-59.277367600000048,-34.471175800000267],[-59.27732430000006,-34.471137300000287],[-59.277274200000072,-34.47106740000028],[-59.27723610000006,-34.471000400000271],[-59.277194600000051,-34.470956200000302],[-59.277118500000057,-34.470883400000275],[-59.277097700000063,-34.470849200000266],[-59.277073500000043,-34.470825000000275],[-59.277004300000058,-34.470760800000299],[-59.276966300000062,-34.470705200000289],[-59.276966300000062,-34.470655300000267],[-59.276959400000067,-34.470616800000286],[-59.276971500000052,-34.470589700000268],[-59.276999200000063,-34.470541200000255],[-59.277032,-34.470519800000275],[-59.277054500000062,-34.470501300000272],[-59.277071800000073,-34.470465600000253],[-59.277077,-34.470401400000263],[-59.277064900000056,-34.470337300000267],[-59.277051,-34.470277400000256],[-59.277032,-34.470226000000267],[-59.277003700000073,-34.47019820000029],[-59.276978400000083,-34.470173300000262],[-59.276914400000067,-34.470126200000287],[-59.27681410000006,-34.470057800000269],[-59.276679100000059,-34.469936500000287],[-59.276596100000049,-34.469883800000261],[-59.276485400000048,-34.469813900000283],[-59.276360900000071,-34.469715500000284],[-59.276276100000047,-34.469629900000278],[-59.276217300000063,-34.469514400000278],[-59.276175800000075,-34.46940460000026],[-59.276134300000066,-34.469346200000274],[-59.276084100000062,-34.469309100000267],[-59.276040900000062,-34.46929050000027],[-59.276002800000064,-34.469289100000275],[-59.27596130000007,-34.469286300000263],[-59.275888600000066,-34.469269100000268],[-59.275840200000047,-34.469250600000279],[-59.275807800000074,-34.469226000000276],[-59.275764600000073,-34.469188200000261],[-59.275738700000055,-34.469148300000285],[-59.275697100000073,-34.469072700000268],[-59.275678100000057,-34.469028500000256],[-59.27567470000006,-34.468969300000268],[-59.27567380000005,-34.468916500000262],[-59.275679800000063,-34.468841700000269],[-59.27567380000005,-34.468768900000278],[-59.275663400000056,-34.468715500000279],[-59.275664300000066,-34.468642000000273],[-59.275663400000056,-34.468615600000277],[-59.275652200000067,-34.468578500000262],[-59.275635700000052,-34.468535100000288],[-59.275600300000065,-34.468465900000275],[-59.275566500000068,-34.468426700000279],[-59.275519,-34.46839240000029],[-59.275452400000063,-34.468367500000284],[-59.27537370000006,-34.468350400000261],[-59.275311400000064,-34.468349700000275],[-59.275276800000071,-34.468358900000283],[-59.275250900000067,-34.468368200000285],[-59.275225800000058,-34.468372500000271],[-59.275192,-34.46836610000026],[-59.275159200000054,-34.46834750000027],[-59.275104700000071,-34.468304000000259],[-59.275058,-34.46824130000028],[-59.274992300000065,-34.468131500000254],[-59.274932600000049,-34.468019500000267],[-59.274874600000075,-34.467928200000273],[-59.274748400000064,-34.46776710000028],[-59.274683500000059,-34.467670100000291],[-59.274622100000073,-34.467559600000286],[-59.274538200000066,-34.467397700000269],[-59.274481100000074,-34.467309300000259],[-59.274424,-34.467238700000287],[-59.27437130000007,-34.467176700000287],[-59.274287400000048,-34.467097500000285],[-59.274212100000049,-34.46702840000026],[-59.274165400000079,-34.46698130000027],[-59.27414210000007,-34.466943500000276],[-59.274120500000052,-34.46688930000029],[-59.274116100000057,-34.466843700000275],[-59.274125600000055,-34.466781700000276],[-59.274155,-34.466705400000286],[-59.27417320000005,-34.466645500000276],[-59.274183600000057,-34.466591300000275],[-59.274199200000062,-34.466500000000266],[-59.274197400000062,-34.466430800000268],[-59.274188800000047,-34.46634670000028],[-59.274159400000052,-34.466200500000291],[-59.274116100000057,-34.466087100000266],[-59.274092800000062,-34.46604430000027],[-59.274062500000063,-34.466014400000269],[-59.274030500000059,-34.465992300000281],[-59.273974300000063,-34.465970900000272],[-59.273925,-34.465942400000273],[-59.273904200000068,-34.465911000000276],[-59.273842800000047,-34.465830400000264],[-59.273773600000077,-34.465739200000264],[-59.273682,-34.46564570000028],[-59.273545300000073,-34.46552020000027],[-59.273387200000073,-34.465368100000269],[-59.273275900000073,-34.465273300000263],[-59.273200100000047,-34.465239000000274],[-59.273136500000064,-34.46522490000028],[-59.273076600000053,-34.465221900000273],[-59.27304110000005,-34.465215800000266],[-59.27302030000007,-34.465204700000257],[-59.273005600000069,-34.465187600000263],[-59.273002,-34.465153300000274],[-59.273004400000069,-34.465109900000265],[-59.272995800000061,-34.465076600000259],[-59.27297870000006,-34.465051400000291],[-59.272949400000051,-34.465027200000264],[-59.272924900000071,-34.464997000000288],[-59.272893100000054,-34.464961700000281],[-59.272865,-34.464907200000262],[-59.272840500000065,-34.464839700000276],[-59.272820900000063,-34.464762000000256],[-59.272784200000068,-34.464686400000268],[-59.272736500000072,-34.464605700000249],[-59.272680300000047,-34.464489700000279],[-59.272653400000067,-34.464438300000275],[-59.272647300000081,-34.464401000000258],[-59.272646,-34.46436470000026],[-59.272655800000052,-34.464341500000273],[-59.272674200000061,-34.464321300000272],[-59.272697400000048,-34.464310200000277],[-59.272709600000063,-34.464296100000269],[-59.27273040000005,-34.464266900000268],[-59.272728,-34.464236600000284],[-59.272714500000063,-34.46419020000026],[-59.272674200000047,-34.464075300000289],[-59.272643600000073,-34.46400870000025],[-59.272608100000056,-34.463930000000289],[-59.272569,-34.463876600000269],[-59.272506600000064,-34.463813100000287],[-59.27245280000006,-34.463763600000277],[-59.272433200000066,-34.46373840000026],[-59.272418500000065,-34.463705200000284],[-59.272405100000057,-34.463654700000262],[-59.272379400000062,-34.463600300000287],[-59.272345100000059,-34.463548800000275],[-59.272257100000054,-34.463424800000269],[-59.272200800000057,-34.463362300000263],[-59.272149400000067,-34.463321900000281],[-59.272090700000042,-34.463290700000265],[-59.272047900000061,-34.463275600000287],[-59.272014900000073,-34.463262400000254],[-59.271961200000057,-34.463258000000287],[-59.271846300000071,-34.463256000000278],[-59.271709300000047,-34.46326200000027],[-59.271609,-34.463239900000254],[-59.271550300000072,-34.463195500000261],[-59.271535600000057,-34.463135000000264],[-59.27153310000007,-34.463054300000266],[-59.271481800000068,-34.46291720000027],[-59.271415700000063,-34.462733600000263],[-59.271313,-34.46254200000029],[-59.271246900000051,-34.462388700000275],[-59.271210200000063,-34.462237400000269],[-59.27113190000005,-34.461983300000284],[-59.271085500000055,-34.46189250000026],[-59.271026800000058,-34.461834100000267],[-59.270943600000066,-34.461787700000301],[-59.27090440000007,-34.461767500000278],[-59.270860400000046,-34.461767500000278],[-59.270789500000056,-34.461785600000276],[-59.270730800000074,-34.46180580000027],[-59.270672,-34.461807800000273],[-59.270632900000066,-34.461787700000279],[-59.270566900000055,-34.461743300000286],[-59.270425,-34.461590000000271],[-59.270344200000061,-34.461537600000277],[-59.270280600000063,-34.461454900000263],[-59.270253700000069,-34.461370200000282],[-59.270239100000083,-34.461301600000269],[-59.270195,-34.461158400000279],[-59.270126500000067,-34.461071600000281],[-59.270011500000059,-34.460950600000267],[-59.269940600000055,-34.460900200000275],[-59.26987940000005,-34.460878000000271],[-59.269818300000068,-34.460845700000277],[-59.269744900000063,-34.460781200000277],[-59.269683700000073,-34.460720700000287],[-59.269642200000042,-34.460670300000267],[-59.269598100000067,-34.460590300000263],[-59.26957850000008,-34.460517700000288],[-59.269580900000051,-34.460445100000278],[-59.269605400000074,-34.460332100000272],[-59.269595600000066,-34.460217100000285],[-59.269556500000057,-34.46009810000028],[-59.269497800000082,-34.460019500000286],[-59.269407200000074,-34.459936800000285],[-59.269333900000071,-34.459882300000274],[-59.269262900000065,-34.459854100000271],[-59.269160200000059,-34.459823800000272],[-59.269050100000058,-34.45977340000028],[-59.268984,-34.459725000000269],[-59.268952200000051,-34.459660400000281],[-59.268930200000071,-34.459575700000279],[-59.268854400000066,-34.459420400000283],[-59.26877860000004,-34.459317500000282],[-59.268737,-34.459206600000286],[-59.268724700000071,-34.459130000000272],[-59.268737,-34.459059400000264],[-59.268754100000073,-34.459006900000254],[-59.268798100000048,-34.458960500000266],[-59.268837300000065,-34.458900000000277],[-59.268847100000073,-34.458859700000254],[-59.268847100000059,-34.458815300000282],[-59.268817700000071,-34.458730600000273],[-59.26877120000006,-34.458627700000264],[-59.268651300000066,-34.458476400000258],[-59.268509500000064,-34.458327200000276],[-59.268448300000067,-34.458258600000264],[-59.268394500000063,-34.458224300000268],[-59.268345600000075,-34.458218300000262],[-59.268245300000068,-34.458198100000274],[-59.26819390000005,-34.458167800000275],[-59.268113200000059,-34.458119400000292],[-59.268025100000067,-34.45804880000027],[-59.267937,-34.457937900000275],[-59.267807400000066,-34.457788600000278],[-59.26765570000007,-34.457564700000269],[-59.267531,-34.457383200000265],[-59.267423300000061,-34.457268200000271],[-59.267215400000062,-34.457082700000271],[-59.26689,-34.456759900000272],[-59.266704100000062,-34.456534000000268],[-59.266474200000062,-34.456306100000276],[-59.266378800000062,-34.456187100000264],[-59.266334700000058,-34.456066000000277],[-59.266295600000063,-34.455941000000301],[-59.266214900000065,-34.455801800000266],[-59.266148800000074,-34.455743300000258],[-59.266065600000069,-34.455707000000274],[-59.26596780000007,-34.455672700000264],[-59.265865,-34.455634400000257],[-59.265808800000066,-34.455579900000266],[-59.265791700000065,-34.455515400000266],[-59.265752500000062,-34.455420600000281],[-59.265696300000066,-34.455317700000286],[-59.265684,-34.455239000000276],[-59.265698700000051,-34.455168400000275],[-59.265698700000051,-34.455091800000268],[-59.265708500000066,-34.454986900000293],[-59.265732900000053,-34.454908200000283],[-59.265730500000053,-34.454837600000275],[-59.265713400000067,-34.454789200000278],[-59.26567420000007,-34.454730700000276],[-59.26561550000006,-34.45467020000028],[-59.265550500000067,-34.454623100000283],[-59.265518700000065,-34.454598900000278],[-59.265450200000046,-34.454530300000265],[-59.26538050000007,-34.454469800000275],[-59.265297300000078,-34.454402300000268],[-59.265197,-34.45435890000028],[-59.265056300000069,-34.45431450000028],[-59.264940100000068,-34.45427110000027],[-59.264789700000073,-34.454202600000286],[-59.264641700000055,-34.454128900000278],[-59.264551200000071,-34.454078500000264],[-59.264408100000061,-34.45399780000028],[-59.264298,-34.453919200000264],[-59.264072900000066,-34.453794100000266],[-59.263887,-34.453676100000273],[-59.263808700000048,-34.453634700000279],[-59.263685200000069,-34.45358930000026],[-59.263543300000052,-34.453525800000278],[-59.263399,-34.453466300000272],[-59.263307200000057,-34.453455200000278],[-59.263225300000052,-34.453452200000285],[-59.263144600000054,-34.45345920000026],[-59.263085900000071,-34.453445100000266],[-59.26302960000006,-34.453421900000279],[-59.262991700000057,-34.453377500000279],[-59.262956200000048,-34.453304900000269],[-59.262946400000068,-34.453242400000271],[-59.262918300000059,-34.453170800000301],[-59.262879100000063,-34.453110300000276],[-59.262846100000047,-34.453080000000263],[-59.262808200000087,-34.453061900000257],[-59.262776400000071,-34.453036600000267],[-59.262756800000055,-34.453008400000272],[-59.262756800000055,-34.452967100000265],[-59.262740900000068,-34.452915600000281],[-59.262703,-34.452864200000256],[-59.262644300000055,-34.452819800000277],[-59.262544,-34.452739100000279],[-59.262474300000058,-34.452700800000279],[-59.262392300000066,-34.452673600000274],[-59.262227200000062,-34.452618100000272],[-59.262128100000055,-34.452556600000271],[-59.26201810000007,-34.452495000000276],[-59.261933700000064,-34.452456700000276],[-59.261871300000067,-34.45243550000027],[-59.261796700000069,-34.452418400000269],[-59.26167680000006,-34.452402200000286],[-59.261495800000056,-34.452395200000275],[-59.261368600000054,-34.45239320000028],[-59.261264600000068,-34.452391100000284],[-59.261172900000062,-34.452382100000285],[-59.261089700000056,-34.452353800000289],[-59.261013900000059,-34.452320500000255],[-59.260920200000065,-34.452254200000269],[-59.260839400000066,-34.452183200000277],[-59.260704800000049,-34.45207430000027],[-59.260502100000068,-34.451858800000259],[-59.26033330000007,-34.451659100000271],[-59.260261100000065,-34.451557200000259],[-59.260234200000056,-34.451483600000294],[-59.260214600000062,-34.451406000000276],[-59.260215800000061,-34.451346400000283],[-59.260241500000078,-34.451265800000279],[-59.260283100000066,-34.451161900000265],[-59.260291,-34.451123300000269],[-59.260282400000051,-34.451057800000271],[-59.260258,-34.451005300000269],[-59.260218800000061,-34.45096400000029],[-59.260165,-34.450910500000269],[-59.260139300000063,-34.450877200000285],[-59.260105100000061,-34.450803600000285],[-59.26009040000006,-34.45075520000028],[-59.260069600000058,-34.450696800000287],[-59.259941600000062,-34.450508600000255],[-59.259862,-34.450411600000287],[-59.259709800000067,-34.450311700000285],[-59.259533400000066,-34.450229000000284],[-59.25938110000007,-34.450126300000271],[-59.259197800000067,-34.450015000000292],[-59.258952200000053,-34.449883800000286],[-59.258744600000064,-34.449735500000266],[-59.258571600000067,-34.449629900000261],[-59.258433300000057,-34.449561800000261],[-59.258384800000059,-34.449516100000288],[-59.258338100000074,-34.449484800000285],[-59.258253400000072,-34.44940630000027],[-59.258158200000054,-34.449305000000265],[-59.258056200000063,-34.449186600000267],[-59.257995600000051,-34.44912240000027],[-59.257852100000072,-34.449015500000279],[-59.257711900000054,-34.448941300000271],[-59.257599500000055,-34.448881400000275],[-59.257488800000068,-34.448810100000273],[-59.257376400000055,-34.44874870000028],[-59.257224100000052,-34.448671700000276],[-59.257091,-34.448617500000282],[-59.256937,-34.448570400000264],[-59.256815900000049,-34.448520500000278],[-59.256726,-34.448462000000291],[-59.256629100000069,-34.448376400000278],[-59.256547800000057,-34.44828660000028],[-59.256437100000063,-34.448141100000271],[-59.256338500000069,-34.448058300000277],[-59.256269300000056,-34.447999800000275],[-59.256220900000066,-34.447935600000299],[-59.256167300000072,-34.447862900000281],[-59.256139600000068,-34.447834400000296],[-59.256108400000066,-34.447818700000283],[-59.25606,-34.447811500000256],[-59.256013300000056,-34.447817300000253],[-59.255968300000056,-34.447813000000245],[-59.255911900000051,-34.447795900000266],[-59.255797700000059,-34.447743500000257],[-59.255721500000071,-34.44767650000027],[-59.255599600000053,-34.447458800000284],[-59.255538200000068,-34.44735580000026],[-59.255530500000063,-34.447304500000271],[-59.255545800000071,-34.447281400000293],[-59.255566100000067,-34.44725210000027],[-59.255564800000066,-34.447220700000273],[-59.255544500000056,-34.447196600000275],[-59.255498800000062,-34.447173600000248],[-59.255454400000062,-34.447139000000284],[-59.255427700000062,-34.447090900000283],[-59.255397200000083,-34.446978900000268],[-59.25537820000006,-34.446935900000284],[-59.255375700000073,-34.44684070000028],[-59.255361700000066,-34.446776800000279],[-59.255331200000064,-34.446746400000272],[-59.255276600000066,-34.446701400000265],[-59.255195400000069,-34.44662400000027],[-59.255096400000085,-34.446460600000258],[-59.255060800000074,-34.446349700000269],[-59.255026500000071,-34.446161200000269],[-59.254977,-34.446037700000261],[-59.254937700000042,-34.445867000000284],[-59.254867800000056,-34.445781200000283],[-59.254763700000055,-34.445595900000264],[-59.254711700000065,-34.445453500000269],[-59.254664700000056,-34.445310100000285],[-59.25460630000007,-34.445137300000269],[-59.25454160000006,-34.445018000000275],[-59.254455200000073,-34.444944700000271],[-59.254356200000061,-34.444891300000272],[-59.254282600000053,-34.444831600000278],[-59.254186100000062,-34.444710200000287],[-59.254104900000065,-34.44464000000027],[-59.254066800000061,-34.444606500000283],[-59.254050300000067,-34.444548900000278],[-59.254041400000048,-34.444465200000266],[-59.254054100000062,-34.444357300000256],[-59.254078200000066,-34.444254700000286],[-59.254113700000055,-34.444196100000283],[-59.254135300000073,-34.444176200000278],[-59.254183600000069,-34.444159500000268],[-59.254230500000062,-34.444128000000291],[-59.254258500000063,-34.444097700000285],[-59.254283900000075,-34.444051600000286],[-59.254308,-34.443988800000277],[-59.254366400000059,-34.44389670000028],[-59.254421,-34.443803500000271],[-59.254459100000062,-34.443679900000276],[-59.254459100000062,-34.443602500000267],[-59.254451400000065,-34.443511400000276],[-59.25444,-34.443399400000267],[-59.25442730000006,-34.443344900000262],[-59.254389200000062,-34.443298800000292],[-59.254314300000061,-34.443227700000286],[-59.254178500000066,-34.443072700000272],[-59.254059200000057,-34.442952300000279],[-59.25399440000006,-34.442834000000268],[-59.253941100000063,-34.442702100000282],[-59.253881400000061,-34.442634000000275],[-59.253788700000058,-34.442532500000262],[-59.253649100000068,-34.442404700000267],[-59.253499300000065,-34.442277000000267],[-59.253280900000057,-34.44204350000026],[-59.253145100000062,-34.441876000000278],[-59.253074,-34.441729400000277],[-59.253029600000048,-34.441579700000268],[-59.252973700000062,-34.441468700000264],[-59.252912800000061,-34.44135670000027],[-59.252822600000059,-34.441250900000277],[-59.252704600000058,-34.44110960000026],[-59.252627100000062,-34.441020600000272],[-59.252480500000068,-34.440833500000267],[-59.252391400000057,-34.440681700000283],[-59.252384200000051,-34.44056320000027],[-59.252463200000072,-34.440299700000281],[-59.25261050000006,-34.440098300000273],[-59.252667900000048,-34.439929500000268],[-59.252664300000063,-34.439760700000285],[-59.252632,-34.43949120000029],[-59.252549400000063,-34.439195100000262],[-59.252452500000047,-34.43886040000028],[-59.252351900000058,-34.438709400000292],[-59.252168800000064,-34.438442900000268],[-59.252109800000071,-34.438284800000268],[-59.252012900000068,-34.438037300000289],[-59.251881500000067,-34.437776500000268],[-59.251761600000073,-34.437435700000279],[-59.251730800000061,-34.437238800000273],[-59.251769300000049,-34.437121300000271],[-59.251780800000056,-34.43706090000029],[-59.251753900000047,-34.436997400000273],[-59.251676800000062,-34.436924300000271],[-59.25159210000006,-34.436730600000274],[-59.251569,-34.436600300000286],[-59.25159210000006,-34.436501900000273],[-59.251576700000051,-34.436390700000274],[-59.251461200000065,-34.436117500000272],[-59.251411100000063,-34.435907900000274],[-59.251376400000055,-34.435691900000286],[-59.251311,-34.435463200000285],[-59.251284,-34.435237700000272],[-59.251249300000048,-34.435075700000276],[-59.251103,-34.434538800000276],[-59.251056800000065,-34.434300600000277],[-59.251037500000059,-34.434046500000278],[-59.250962300000076,-34.433908800000275],[-59.250868900000071,-34.433799200000266],[-59.250815100000047,-34.433710300000278],[-59.250811500000047,-34.433612600000274],[-59.250825800000058,-34.43351780000026],[-59.250718100000064,-34.433343100000265],[-59.250552900000066,-34.43312100000027],[-59.250502700000062,-34.433011400000275],[-59.250469800000062,-34.43291330000028],[-59.250361100000056,-34.43271170000029],[-59.25026780000006,-34.432588800000268],[-59.25023010000006,-34.432541400000268],[-59.250192400000053,-34.43239930000027],[-59.250143900000076,-34.432267500000279],[-59.250154700000067,-34.432211200000268],[-59.250170800000063,-34.432154900000292],[-59.250167200000064,-34.432089800000277],[-59.250120600000059,-34.431915000000274],[-59.250025400000055,-34.431707700000274],[-59.249948200000063,-34.431602600000282],[-59.249847700000061,-34.431503400000267],[-59.249648400000069,-34.431340500000289],[-59.249555,-34.431238300000281],[-59.249436500000051,-34.431099100000274],[-59.249280300000066,-34.430999900000273],[-59.249124100000053,-34.430912500000282],[-59.249045100000053,-34.430878400000275],[-59.248991300000064,-34.430874000000294],[-59.248923,-34.430887300000286],[-59.248842200000063,-34.430888800000268],[-59.248687800000063,-34.430866600000279],[-59.248580100000062,-34.430828100000269],[-59.248493900000071,-34.430776300000275],[-59.248429300000069,-34.430737800000287],[-59.248395200000068,-34.430697800000281],[-59.248389800000069,-34.430659300000272],[-59.248389800000069,-34.43059710000027],[-59.248382600000056,-34.430554100000279],[-59.248341300000064,-34.430486000000279],[-59.248285700000068,-34.43040160000028],[-59.248249800000075,-34.430336400000272],[-59.248244400000061,-34.430289100000273],[-59.248265900000071,-34.430235700000274],[-59.248262300000057,-34.430189800000271],[-59.248226400000064,-34.43012470000027],[-59.248149200000057,-34.430003300000266],[-59.248134900000061,-34.429939600000267],[-59.248145600000058,-34.429867000000286],[-59.248183300000065,-34.429804800000284],[-59.248215700000067,-34.429753000000275],[-59.248242600000061,-34.42965670000028],[-59.248233600000077,-34.429582700000282],[-59.24818690000005,-34.429490900000268],[-59.248111500000071,-34.429407900000292],[-59.248043300000056,-34.429366500000292],[-59.247906800000052,-34.429329500000271],[-59.247811700000064,-34.429290900000282],[-59.247700400000063,-34.429224300000264],[-59.247535200000058,-34.429091000000277],[-59.247362800000062,-34.428911800000279],[-59.247147400000053,-34.428654200000288],[-59.246939100000048,-34.428400900000284],[-59.246791900000055,-34.428266200000273],[-59.24672910000006,-34.428235100000265],[-59.246616,-34.428212900000268],[-59.246506400000058,-34.428211400000258],[-59.24643640000005,-34.42818180000026],[-59.246364600000064,-34.428118100000269],[-59.246271200000066,-34.428027700000264],[-59.246222800000062,-34.427938900000278],[-59.246203,-34.427858900000274],[-59.246197600000066,-34.427752300000265],[-59.246185100000069,-34.427688600000288],[-59.246125800000073,-34.427561300000278],[-59.246010900000059,-34.427359900000269],[-59.245865500000079,-34.427050300000268],[-59.245799,-34.426994100000279],[-59.245677,-34.426902200000271],[-59.245592600000066,-34.426797100000286],[-59.245400500000059,-34.426591200000267],[-59.245208400000053,-34.426357300000284],[-59.245095300000067,-34.426283200000277],[-59.245005500000062,-34.426198800000279],[-59.244903100000066,-34.426071400000275],[-59.244809800000048,-34.425954400000279],[-59.244746900000059,-34.425809300000267],[-59.244746900000059,-34.425759000000269],[-59.244777500000069,-34.425695300000278],[-59.24483850000005,-34.425625700000275],[-59.244858300000061,-34.425565000000255],[-59.244847500000077,-34.425514600000277],[-59.244800800000064,-34.425453900000271],[-59.244750500000045,-34.42539610000027],[-59.244712800000059,-34.425328000000285],[-59.24472,-34.42524650000027],[-59.244714600000066,-34.42518580000025],[-59.244671500000067,-34.425132500000259],[-59.244578200000063,-34.42501850000027],[-59.244488400000073,-34.424953300000283],[-59.244405800000074,-34.424905900000276],[-59.24436270000006,-34.424857100000274],[-59.244353800000063,-34.424799300000267],[-59.244341200000079,-34.424747500000265],[-59.244292700000067,-34.424683800000274],[-59.244228100000079,-34.424577200000279],[-59.244132900000054,-34.424390600000272],[-59.244104200000073,-34.424291300000263],[-59.244036,-34.424156600000288],[-59.243965900000063,-34.424072100000274],[-59.243906700000053,-34.42396110000027],[-59.243857600000062,-34.423881900000275],[-59.243763400000056,-34.423750700000269],[-59.243701700000067,-34.423680000000267],[-59.243620900000053,-34.423580700000279],[-59.243549400000063,-34.423511600000282],[-59.243486900000057,-34.423447600000266],[-59.243353,-34.423358400000275],[-59.243260100000072,-34.42324030000028],[-59.243200700000074,-34.423183800000274],[-59.243080400000053,-34.423021800000292],[-59.243022500000073,-34.422948900000293],[-59.242975300000055,-34.422887400000292],[-59.242912900000064,-34.422764300000267],[-59.242897700000071,-34.422720300000258],[-59.24286110000007,-34.422666300000273],[-59.242769800000062,-34.422577100000282],[-59.242679900000056,-34.422465300000276],[-59.24257180000005,-34.422353500000284],[-59.24245,-34.422176400000268],[-59.242328200000074,-34.421989300000284],[-59.242206400000065,-34.421825700000248],[-59.242083,-34.42163510000028],[-59.241961200000055,-34.421451700000276],[-59.241888100000061,-34.421328600000265],[-59.241795200000062,-34.421203000000268],[-59.24176020000008,-34.421149000000263],[-59.241761700000048,-34.421105000000281],[-59.241796700000066,-34.420985700000273],[-59.241801300000056,-34.420904000000277],[-59.241808900000088,-34.420852500000279],[-59.241781500000066,-34.420788500000278],[-59.241716,-34.420690500000255],[-59.241615500000059,-34.42059000000026],[-59.241515,-34.420485700000285],[-59.241431300000073,-34.420341300000274],[-59.241324700000057,-34.420248300000267],[-59.241253300000068,-34.42015880000028],[-59.24118610000005,-34.420051100000258],[-59.241140400000063,-34.419964400000275],[-59.241120700000067,-34.419870200000275],[-59.241106900000055,-34.419779800000271],[-59.241122200000063,-34.41971200000026],[-59.24112980000006,-34.419670500000294],[-59.241117600000059,-34.419639100000289],[-59.241065800000065,-34.419596400000266],[-59.240973700000062,-34.419526200000263],[-59.240951,-34.419494900000259],[-59.240945500000066,-34.419464500000274],[-59.240918700000059,-34.419400800000275],[-59.24087240000005,-34.419354600000268],[-59.240806700000057,-34.419290600000267],[-59.240729900000069,-34.419234400000271],[-59.240649100000049,-34.419194900000292],[-59.240559400000066,-34.419137700000299],[-59.240515200000061,-34.419088700000273],[-59.240455800000056,-34.419009600000273],[-59.240364400000061,-34.418901500000281],[-59.240292900000057,-34.418822400000273],[-59.240263500000069,-34.418782100000271],[-59.24023440000007,-34.418729700000263],[-59.240220400000055,-34.418702100000274],[-59.240193500000046,-34.418680800000267],[-59.240121300000055,-34.418632900000283],[-59.240043800000066,-34.418603500000266],[-59.239972800000068,-34.418578700000268],[-59.239902800000074,-34.418528900000275],[-59.239820700000067,-34.418458400000262],[-59.239728300000053,-34.418361900000278],[-59.23962820000007,-34.41825000000027],[-59.239579800000065,-34.418174500000262],[-59.239531300000053,-34.418075100000266],[-59.239471400000077,-34.417924000000276],[-59.239399900000066,-34.417794400000282],[-59.239356900000061,-34.417704400000268],[-59.239322400000063,-34.41758390000026],[-59.239289,-34.417466600000274],[-59.239258900000067,-34.417350300000273],[-59.239258900000053,-34.417272700000261],[-59.239271800000054,-34.41716550000028],[-59.239285800000061,-34.417082000000292],[-59.23931060000006,-34.417011800000274],[-59.239353600000051,-34.416936300000266],[-59.239412900000062,-34.416860000000277],[-59.23949360000006,-34.416757800000276],[-59.239589800000068,-34.416659400000292],[-59.239618500000063,-34.416605000000274],[-59.239636800000063,-34.416543700000268],[-59.239639,-34.416478900000264],[-59.23962280000007,-34.416414100000267],[-59.239589400000064,-34.41636080000027],[-59.239543100000056,-34.41631190000026],[-59.239489500000047,-34.41627320000029],[-59.239447300000052,-34.416217800000283],[-59.239413900000066,-34.416128900000274],[-59.23938360000006,-34.416059500000273],[-59.239346100000063,-34.416018800000273],[-59.23926,-34.415945900000274],[-59.239205100000049,-34.415892700000299],[-59.239122100000053,-34.415794900000265],[-59.239079100000062,-34.415742500000277]]}},
{"type":"Feature","properties":{"waterway":"stream","name":null,"Name":"sin nombre (stream)"},"geometry":{"type":"LineString","coordinates":[[-59.556364700000074,-34.386791500000278],[-59.555506400000056,-34.385374900000265],[-59.554261900000057,-34.381082300000273],[-59.552759800000054,-34.377724600000271],[-59.549283700000061,-34.373715000000267],[-59.546408400000061,-34.369223500000274],[-59.544520100000071,-34.366106200000281],[-59.544305500000064,-34.362379500000287],[-59.543490100000071,-34.359021100000263],[-59.543275500000064,-34.356427700000275],[-59.543169800000072,-34.354268100000262],[-59.542879900000081,-34.353836500000263],[-59.542849,-34.353634600000262],[-59.542841,-34.353324100000272],[-59.542779300000063,-34.353203200000273],[-59.542626700000064,-34.352925300000273],[-59.542619100000074,-34.352678800000263],[-59.54254,-34.352529600000274],[-59.542252,-34.352319700000287],[-59.542142800000065,-34.352176600000284],[-59.542031500000078,-34.351852400000247],[-59.541804800000065,-34.351484400000253],[-59.541855300000066,-34.351216700000279],[-59.541851100000073,-34.351137600000264],[-59.541742900000074,-34.350856700000286],[-59.541749300000049,-34.350666400000264],[-59.54169310000006,-34.350410300000284],[-59.541722300000067,-34.350219300000283],[-59.541755900000062,-34.350008900000269],[-59.541757700000062,-34.349774700000268],[-59.541733,-34.349674700000271],[-59.54163080000005,-34.349581200000287],[-59.54151060000008,-34.349377500000273],[-59.541285200000047,-34.349012100000273],[-59.541183300000064,-34.348848200000283],[-59.541097500000063,-34.348626800000261],[-59.540909700000064,-34.348445200000278],[-59.540727300000071,-34.348299100000268],[-59.540673700000063,-34.348170600000287],[-59.54070590000007,-34.348020000000275],[-59.54081,-34.347931400000256],[-59.540947300000063,-34.347860600000281],[-59.541065300000056,-34.347780900000252],[-59.541097500000049,-34.347634700000285],[-59.54107070000007,-34.347466400000272],[-59.54100090000005,-34.347386700000271],[-59.54041620000006,-34.347010200000263],[-59.540260600000074,-34.34684630000028],[-59.540249900000049,-34.346700200000264],[-59.540389400000052,-34.346279400000263],[-59.54041620000006,-34.346168700000277],[-59.54033570000005,-34.345978200000282],[-59.540276700000071,-34.345845400000265],[-59.540148,-34.34573910000028],[-59.540142600000067,-34.34560620000029],[-59.539960200000067,-34.345247400000268],[-59.53962760000006,-34.34461850000028],[-59.539166300000069,-34.344082600000277],[-59.539053600000074,-34.343878800000269],[-59.539010700000048,-34.343537800000284],[-59.538914200000065,-34.343139100000272],[-59.538876600000073,-34.34276710000028],[-59.538747900000075,-34.342430400000275],[-59.538522600000071,-34.341983100000284],[-59.538452800000066,-34.341730600000261],[-59.538570800000066,-34.34139840000028],[-59.538560100000069,-34.341172500000262],[-59.538522600000071,-34.341039600000279],[-59.538404600000064,-34.340959900000271],[-59.538377700000055,-34.340827000000282],[-59.538195400000063,-34.340534700000276]]}},
{"type":"Feature","properties":{"waterway":"stream","name":"Arroyo Chico","Name":"Arroyo Chico (stream)"},"geometry":{"type":"LineString","coordinates":[[-59.445249300000064,-34.49133180000026],[-59.444483400000053,-34.491639700000277],[-59.44451040000007,-34.492410400000267],[-59.444424600000069,-34.492790700000285],[-59.444574800000048,-34.493029400000268],[-59.444403100000073,-34.493666100000283],[-59.444424600000055,-34.49417900000028],[-59.444185300000072,-34.494701400000267],[-59.444567600000049,-34.495057300000276],[-59.444482600000079,-34.49531400000027],[-59.444459600000066,-34.496094100000263],[-59.444595100000065,-34.496398800000271],[-59.444373300000066,-34.496693400000261],[-59.444373300000052,-34.49690670000026],[-59.444188400000058,-34.49705900000027],[-59.444114500000069,-34.497658300000261],[-59.444250100000062,-34.498003600000281],[-59.444484200000062,-34.498552100000254],[-59.444484200000048,-34.498907600000265],[-59.444422600000074,-34.499273300000262],[-59.444405100000068,-34.499910400000253],[-59.444666600000048,-34.500149100000272],[-59.444900100000062,-34.500518500000275],[-59.444937500000066,-34.500972700000283],[-59.445348400000064,-34.501888600000278],[-59.445740700000052,-34.502065700000301],[-59.445694,-34.502527500000262],[-59.445591300000061,-34.502666100000255],[-59.445862100000063,-34.503197100000293],[-59.445638,-34.504197800000263],[-59.445441800000076,-34.50436710000028],[-59.445591300000061,-34.504705800000266],[-59.445561700000056,-34.505054000000271]]}},
{"type":"Feature","properties":{"waterway":"stream","name":"Arroyo de la Noria","Name":"Arroyo de la Noria (stream)"},"geometry":{"type":"LineString","coordinates":[[-59.479443700000076,-34.412450000000284],[-59.479431500000047,-34.41223530000029],[-59.479488400000065,-34.41206090000027],[-59.479447700000065,-34.411863100000261],[-59.479390800000083,-34.411671900000272],[-59.479317600000066,-34.411567900000271],[-59.479285100000062,-34.411403600000263],[-59.479179400000071,-34.411249300000271],[-59.479118400000054,-34.411115100000295],[-59.479110300000052,-34.410830000000267],[-59.479016800000061,-34.41059860000027],[-59.478939600000054,-34.41035710000029],[-59.478772900000067,-34.410025000000282],[-59.478659,-34.409917700000292],[-59.478488300000059,-34.409823800000268],[-59.478362300000072,-34.409729900000258],[-59.478012600000071,-34.409210000000286],[-59.477829700000058,-34.408867900000253],[-59.477638600000063,-34.408509000000265],[-59.47748,-34.408408400000255],[-59.477199500000047,-34.40826410000026],[-59.477073500000074,-34.408126600000259],[-59.477069400000062,-34.407975700000257],[-59.477055700000058,-34.407870800000275]]}},
{"type":"Feature","properties":{"waterway":"stream","name":"Arroyo El Sauce","Name":"Arroyo El Sauce (stream)"},"geometry":{"type":"LineString","coordinates":[[-59.360242400000068,-34.474933800000279],[-59.360235900000056,-34.47485480000028],[-59.360189,-34.474698900000284],[-59.36015010000007,-34.474410400000281],[-59.360158100000049,-34.474193700000278],[-59.360142100000076,-34.474089800000272],[-59.360061600000058,-34.473992500000286],[-59.359991900000054,-34.47390180000027],[-59.359927500000055,-34.47382660000028],[-59.35991670000007,-34.473766900000271],[-59.359946300000054,-34.473605500000261],[-59.359849700000062,-34.473435300000268],[-59.359833600000059,-34.473300400000262],[-59.359849700000062,-34.473205300000259],[-59.359863100000048,-34.473094700000274],[-59.359847,-34.473043900000285],[-59.359790700000055,-34.472988600000278],[-59.359656600000065,-34.472913400000266],[-59.359509100000054,-34.472769700000285],[-59.35945,-34.472732100000279],[-59.359283700000049,-34.472743200000259],[-59.359101400000057,-34.472729900000267],[-59.358935100000046,-34.472710000000298],[-59.358833100000076,-34.472656900000281],[-59.358763400000072,-34.472630400000291],[-59.358736600000064,-34.472579500000279],[-59.358752700000046,-34.472497700000275],[-59.358792900000047,-34.472442400000283],[-59.35891630000004,-34.472373900000271],[-59.35898330000007,-34.472307500000284],[-59.359028900000055,-34.472243400000295],[-59.359034300000054,-34.472183700000286],[-59.359002100000069,-34.472128400000265],[-59.358803600000059,-34.472026700000278],[-59.358656100000061,-34.471989100000286],[-59.358570300000061,-34.471878600000267],[-59.358495200000071,-34.47174370000026],[-59.358500500000062,-34.471630900000271],[-59.358559600000063,-34.471542500000275],[-59.358653400000073,-34.471491600000277],[-59.358758,-34.471451800000246],[-59.358830500000067,-34.471398700000286],[-59.358851900000055,-34.471361100000266],[-59.35889210000007,-34.471250600000275],[-59.358739300000067,-34.47110910000027],[-59.358677600000071,-34.470980800000284],[-59.358717800000058,-34.470872500000276],[-59.358881400000065,-34.470759700000272],[-59.358900200000086,-34.470669000000264],[-59.358838500000061,-34.470560700000277],[-59.358790200000065,-34.470421400000276],[-59.358792900000061,-34.470348400000276],[-59.358827800000064,-34.470275400000261],[-59.359031600000073,-34.470069800000275],[-59.359050400000065,-34.469877400000279],[-59.359042300000056,-34.46969610000027],[-59.359090600000052,-34.469530200000264],[-59.359096,-34.46944840000026],[-59.359074500000062,-34.469315700000294],[-59.359058400000066,-34.469247200000282],[-59.358854600000058,-34.468672200000256],[-59.358723200000071,-34.468521900000276],[-59.358621200000059,-34.468422400000279],[-59.358564900000061,-34.468309600000275],[-59.35851130000006,-34.468172500000264],[-59.358398600000065,-34.467869500000255],[-59.358371800000079,-34.467553300000269],[-59.35832620000005,-34.467372000000267],[-59.358320800000065,-34.467265800000284],[-59.358331600000078,-34.466976100000281],[-59.358336900000062,-34.466839000000256],[-59.358331600000049,-34.466704100000271],[-59.35830210000006,-34.466602400000269],[-59.358235,-34.466538300000273],[-59.358213500000055,-34.466394600000264],[-59.358213500000048,-34.466193300000285],[-59.358130400000064,-34.466020800000273],[-59.358055300000046,-34.465881500000279],[-59.35799360000005,-34.465762100000262],[-59.357934600000057,-34.465673600000265],[-59.357870200000072,-34.465426000000278],[-59.35787830000006,-34.465098700000262],[-59.357915800000058,-34.464915100000269],[-59.357910500000067,-34.464813400000267],[-59.35774150000006,-34.464382200000259],[-59.35750010000006,-34.46399740000026],[-59.357408900000074,-34.463696600000262],[-59.357408900000088,-34.463440100000277],[-59.357408900000074,-34.463298600000272],[-59.357215800000063,-34.46282970000027],[-59.356990500000059,-34.462533400000275],[-59.356663200000071,-34.462330000000271],[-59.35648620000007,-34.462237100000266],[-59.35630380000007,-34.462042500000251],[-59.356129500000073,-34.461954000000262],[-59.35601410000006,-34.461874400000262],[-59.35590950000006,-34.461741700000275],[-59.355941700000066,-34.461606800000261],[-59.355981900000067,-34.461507300000271],[-59.355971200000056,-34.461197700000263],[-59.355944400000055,-34.460994200000279],[-59.355837100000059,-34.460839400000275],[-59.355729800000063,-34.460671300000271],[-59.355633300000065,-34.460520900000276],[-59.355520600000055,-34.459954800000254],[-59.355424,-34.459448400000269],[-59.355367700000073,-34.459355500000271],[-59.355295300000066,-34.45928250000027],[-59.355230900000059,-34.459236000000281],[-59.355139700000059,-34.459229400000254],[-59.354952,-34.459194000000274],[-59.354659600000062,-34.458972900000283],[-59.354525500000058,-34.458824700000278],[-59.354420900000065,-34.458731800000272],[-59.354340400000062,-34.458630100000278],[-59.354313600000054,-34.458501800000278],[-59.354292200000053,-34.458035200000268],[-59.354278700000066,-34.457940100000272],[-59.354423600000054,-34.457783000000276],[-59.354715900000073,-34.457533100000276],[-59.354809800000062,-34.457400400000274],[-59.354844700000065,-34.457309800000274],[-59.354825900000066,-34.457245600000277],[-59.354659600000062,-34.457181500000267],[-59.354469200000054,-34.457095200000268],[-59.354372600000062,-34.45702670000027],[-59.354343100000072,-34.456947000000277],[-59.354284100000065,-34.456734700000261],[-59.354246600000053,-34.45631010000028],[-59.354184900000057,-34.456031400000285],[-59.35410710000005,-34.455799200000264],[-59.354072200000061,-34.455664300000265],[-59.354002500000071,-34.455582500000276],[-59.353747700000064,-34.455507300000271],[-59.353565300000071,-34.455513900000277],[-59.353433900000077,-34.45548070000028],[-59.353334600000061,-34.455381200000268],[-59.353264900000063,-34.455266200000274],[-59.353259500000064,-34.455191000000283],[-59.35334270000007,-34.455064900000266],[-59.353342700000077,-34.454907900000251],[-59.353294400000053,-34.454808400000267],[-59.353205900000056,-34.45467570000028],[-59.352961800000074,-34.454631400000274],[-59.352870600000074,-34.454600500000254],[-59.35262380000006,-34.454445700000257],[-59.352414600000067,-34.454366000000263],[-59.352224200000073,-34.454297500000273],[-59.35200690000007,-34.454213400000278],[-59.351851300000057,-34.454136000000261],[-59.35166090000007,-34.454085200000286],[-59.351443700000068,-34.454018800000277],[-59.351304200000058,-34.453976800000262],[-59.350982300000055,-34.453795400000267],[-59.350842800000052,-34.453724700000279],[-59.350687300000061,-34.453709200000276],[-59.350515600000051,-34.453718000000279],[-59.350424400000065,-34.453704700000273],[-59.350306400000051,-34.453616300000277],[-59.350242,-34.453523400000272],[-59.350142800000071,-34.45346370000027],[-59.349973800000065,-34.453446000000284],[-59.349745800000065,-34.453408400000271],[-59.349587600000071,-34.453368600000275],[-59.349501700000054,-34.453328800000271],[-59.349397100000068,-34.453293400000263],[-59.348938500000052,-34.453160700000282],[-59.348801700000067,-34.453061100000269],[-59.348689,-34.452908500000269],[-59.348573700000067,-34.452764800000274],[-59.348469100000045,-34.452663000000271],[-59.348353700000047,-34.452614400000272],[-59.348230400000048,-34.452579000000284],[-59.34786560000007,-34.452342300000289],[-59.347653700000066,-34.452207400000269],[-59.347471300000066,-34.452103500000256],[-59.347326500000065,-34.451970800000275],[-59.347262100000073,-34.451802700000279],[-59.347173600000069,-34.451672200000239],[-59.346875800000056,-34.45143770000027],[-59.346661300000072,-34.451287300000274],[-59.346594200000048,-34.45120330000028],[-59.346414500000073,-34.451238700000268],[-59.346194600000047,-34.451329300000282],[-59.346087300000065,-34.451353700000261],[-59.345773500000064,-34.451366900000266],[-59.345534700000073,-34.451307200000272],[-59.345427500000049,-34.451112600000279],[-59.345368400000055,-34.450993200000276],[-59.345288,-34.450871500000275],[-59.345135100000057,-34.450789700000279],[-59.34506,-34.450743200000268],[-59.344923200000061,-34.450721100000266],[-59.344773,-34.450785200000261],[-59.344604,-34.450845000000278],[-59.344290200000046,-34.45088260000027],[-59.344169500000064,-34.450734400000258],[-59.344094400000074,-34.450570700000263],[-59.344035400000053,-34.450475600000267],[-59.34395760000006,-34.450267700000275],[-59.343772500000071,-34.45012830000028],[-59.343507,-34.450055400000274],[-59.343324600000059,-34.449977900000277],[-59.343096600000067,-34.449858500000275],[-59.342874,-34.449705900000275],[-59.342769400000059,-34.449544400000285],[-59.342434100000062,-34.449285600000273],[-59.342171300000054,-34.449084400000267],[-59.342093500000054,-34.449011400000302],[-59.341836,-34.448962700000287],[-59.341503400000065,-34.449007000000265],[-59.341288800000065,-34.44884330000027],[-59.341181500000054,-34.44874600000027],[-59.341192300000046,-34.448635400000271],[-59.341213700000047,-34.448502700000262],[-59.341117100000062,-34.448431900000287],[-59.340811400000057,-34.448356700000268],[-59.340645100000053,-34.448268200000264],[-59.340441200000058,-34.448210700000274],[-59.340210600000056,-34.447967400000287],[-59.339947700000053,-34.447741800000273],[-59.33966340000007,-34.447516200000273],[-59.339438100000066,-34.447383500000278],[-59.339105500000052,-34.44727730000028],[-59.338746100000066,-34.447219800000276],[-59.338493900000053,-34.447162300000272],[-59.338279400000054,-34.446958800000274],[-59.338104400000063,-34.446878200000263],[-59.338103,-34.44683260000027],[-59.33807750000004,-34.446784600000264],[-59.338027900000064,-34.446719200000274],[-59.337977400000071,-34.446646500000277],[-59.337961400000047,-34.446609300000283],[-59.33796040000005,-34.446556400000276],[-59.337950400000068,-34.446515100000283],[-59.337938300000047,-34.446492000000283],[-59.337909300000071,-34.44646470000027],[-59.337870200000054,-34.446437400000271],[-59.337789,-34.446383700000254],[-59.337630600000068,-34.446272100000286],[-59.337473200000055,-34.446167100000274],[-59.337383600000074,-34.446094500000278],[-59.337295400000073,-34.446016000000263],[-59.337252300000053,-34.44597380000026],[-59.337206200000054,-34.445912600000277],[-59.337157100000063,-34.445867200000279],[-59.337076900000056,-34.445790300000283],[-59.337039800000063,-34.445740700000265],[-59.337022800000049,-34.445691100000268],[-59.337001700000059,-34.445610900000275],[-59.336982700000057,-34.445562100000274],[-59.336929600000055,-34.445467100000272],[-59.336886500000055,-34.445397600000263],[-59.33686040000007,-34.445338100000271],[-59.336849400000048,-34.445303400000284],[-59.336811300000051,-34.445270300000274],[-59.336778200000069,-34.445243000000254],[-59.336747100000046,-34.445193400000271],[-59.33671,-34.445101700000286],[-59.336685,-34.445058700000281],[-59.33665790000007,-34.445015700000269],[-59.336613800000059,-34.444972500000276],[-59.336531600000058,-34.444840200000272],[-59.336487500000054,-34.444755900000274],[-59.336469400000063,-34.444673300000289],[-59.336445400000066,-34.444582300000292],[-59.336371200000059,-34.444405400000278],[-59.336317100000066,-34.444281400000257],[-59.336273,-34.444197100000274],[-59.33615670000006,-34.44396890000025],[-59.336124600000055,-34.443912700000269],[-59.336090500000061,-34.443894500000269],[-59.336012300000064,-34.443868100000266],[-59.335944200000064,-34.443823400000269],[-59.33591610000007,-34.443795300000275],[-59.335898100000058,-34.443714300000295],[-59.335876,-34.443658100000292],[-59.33582990000005,-34.443621700000286],[-59.335767800000049,-34.443558900000269],[-59.335700300000063,-34.443474200000281],[-59.33565780000005,-34.44338540000026],[-59.335611,-34.443302400000285],[-59.33555290000006,-34.443191300000272],[-59.33554,-34.443130000000266],[-59.33552,-34.443070000000255],[-59.33548,-34.443000000000275],[-59.33543,-34.442920000000285],[-59.33536,-34.442830000000278],[-59.33533,-34.442760000000277],[-59.3353,-34.442680000000252],[-59.33529,-34.442610000000279],[-59.33529,-34.442550000000274],[-59.33531,-34.442500000000294],[-59.33534,-34.442420000000276],[-59.33536,-34.442360000000278],[-59.33537,-34.442320000000272],[-59.33536,-34.44229000000027],[-59.33532,-34.442250000000264],[-59.33528,-34.442220000000262],[-59.33522,-34.442200000000277],[-59.3352,-34.44218000000027],[-59.33515,-34.44213000000029],[-59.33509,-34.442070000000292],[-59.33505,-34.442030000000294],[-59.33503,-34.441980000000271],[-59.335,-34.441890000000271],[-59.33499,-34.441830000000273],[-59.33499,-34.441720000000274],[-59.335,-34.441650000000294],[-59.33498,-34.441600000000264],[-59.33494,-34.441510000000257],[-59.33487,-34.441380000000279],[-59.33482,-34.441320000000275],[-59.33478,-34.441290000000265],[-59.33472,-34.441250000000252],[-59.33465,-34.441230000000282],[-59.33456,-34.441180000000294],[-59.33448,-34.441130000000271],[-59.33435,-34.441070000000273],[-59.33426,-34.441010000000269],[-59.33415,-34.440920000000268],[-59.33411,-34.440860000000271],[-59.3341,-34.440800000000273],[-59.3341,-34.440710000000259],[-59.33412,-34.440660000000278],[-59.33415,-34.440640000000265],[-59.33419,-34.440620000000287],[-59.33423,-34.440600000000266],[-59.33428,-34.440570000000264],[-59.33431,-34.440540000000283],[-59.33432,-34.440520000000284],[-59.33433,-34.440490000000274],[-59.33433,-34.440470000000275],[-59.33432,-34.440450000000261],[-59.33429,-34.440410000000263],[-59.33427,-34.440360000000275],[-59.33425,-34.440290000000267],[-59.33423,-34.440240000000266],[-59.33421,-34.440160000000276],[-59.33418,-34.440080000000279],[-59.33418,-34.440020000000267],[-59.33416,-34.439960000000262],[-59.33417,-34.439870000000262],[-59.33419,-34.439800000000282],[-59.33421,-34.439740000000263],[-59.33422,-34.439680000000266],[-59.33423,-34.439620000000289],[-59.33422,-34.43950000000028],[-59.33419,-34.43933000000029],[-59.33415,-34.439040000000269],[-59.33412,-34.43882000000027],[-59.33409,-34.438560000000273],[-59.33408,-34.43845000000028],[-59.33407,-34.438390000000268],[-59.33404,-34.438340000000288],[-59.33401,-34.438290000000272],[-59.33392,-34.438140000000281],[-59.33385,-34.437970000000291],[-59.33379,-34.437890000000273],[-59.33368,-34.437720000000262],[-59.33361,-34.437640000000265],[-59.33355,-34.43759000000027],[-59.33351,-34.437570000000271],[-59.33344,-34.437560000000268],[-59.33337,-34.437570000000278],[-59.33332,-34.43759000000027],[-59.33325,-34.437630000000276],[-59.3332,-34.437650000000261],[-59.33315,-34.437650000000275],[-59.33308,-34.437630000000269],[-59.33302,-34.43760000000028],[-59.33296,-34.437570000000264],[-59.33288,-34.437500000000284],[-59.33277,-34.437400000000267],[-59.3327,-34.437360000000254],[-59.33261,-34.437310000000259],[-59.33252,-34.437240000000273],[-59.33248,-34.437210000000277],[-59.33243,-34.437160000000276],[-59.33237,-34.437080000000272],[-59.33236,-34.437040000000266],[-59.33238,-34.437000000000261],[-59.33241,-34.436970000000279],[-59.33246,-34.436930000000274],[-59.3325,-34.436910000000267],[-59.33251,-34.436880000000279],[-59.3325,-34.436850000000291],[-59.33249,-34.43682000000026],[-59.33245,-34.43674000000027],[-59.33244,-34.43668000000028],[-59.3324,-34.436640000000267],[-59.33236,-34.436620000000246],[-59.3323,-34.436600000000283],[-59.33221,-34.436590000000272],[-59.33212,-34.436580000000284],[-59.33206,-34.436580000000276],[-59.332,-34.436580000000276],[-59.33192,-34.436570000000273],[-59.33187,-34.436570000000266],[-59.33182,-34.43659000000028],[-59.33176,-34.436630000000278],[-59.33171,-34.436670000000277],[-59.33167,-34.436690000000276],[-59.33161,-34.436700000000265],[-59.33153,-34.436700000000258],[-59.3314,-34.436690000000269],[-59.33132,-34.436690000000276],[-59.33124,-34.436690000000276],[-59.33116,-34.436670000000298],[-59.33105,-34.43665000000027],[-59.33097,-34.436610000000265],[-59.3309,-34.43656000000027],[-59.33082,-34.436510000000268],[-59.33077,-34.436450000000292],[-59.33075,-34.436410000000279],[-59.33074,-34.43635000000026],[-59.33073,-34.436290000000263],[-59.33075,-34.436190000000281],[-59.33073,-34.436090000000263],[-59.33071,-34.43600000000027],[-59.33067,-34.435930000000283],[-59.33064,-34.435890000000271],[-59.33059,-34.435870000000278],[-59.33052,-34.435850000000272],[-59.33044,-34.435820000000284],[-59.33038,-34.435810000000266],[-59.33034,-34.435780000000278],[-59.3303,-34.435720000000266],[-59.33028,-34.435640000000262],[-59.33029,-34.435540000000302],[-59.33029,-34.435490000000271],[-59.33027,-34.435430000000274],[-59.33026,-34.435370000000276],[-59.33022,-34.435310000000271],[-59.33016,-34.435220000000292],[-59.33013,-34.435200000000293],[-59.33008,-34.435200000000286],[-59.33005,-34.435180000000294],[-59.33002,-34.43516000000028],[-59.33,-34.435130000000278],[-59.33,-34.435100000000268],[-59.33001,-34.43505000000026],[-59.33003,-34.434980000000287],[-59.33004,-34.434910000000286],[-59.33009,-34.434850000000282],[-59.33011,-34.434830000000275],[-59.33014,-34.434810000000276],[-59.33018,-34.434810000000276],[-59.33022,-34.434780000000288],[-59.33025,-34.434730000000272],[-59.33026,-34.434690000000288],[-59.33025,-34.434650000000275],[-59.33024,-34.434640000000293],[-59.33022,-34.434610000000276],[-59.3302,-34.434570000000278],[-59.33018,-34.43449000000026],[-59.33016,-34.434460000000279],[-59.33013,-34.43442000000028],[-59.33011,-34.434390000000271],[-59.33007,-34.434390000000278],[-59.33001,-34.434400000000259],[-59.32996,-34.43441000000027],[-59.32989,-34.434400000000259],[-59.32983,-34.434400000000259],[-59.32976,-34.43442000000028],[-59.3297,-34.434420000000273],[-59.32965,-34.434420000000273],[-59.32959,-34.434390000000278],[-59.32952,-34.434360000000275],[-59.32944,-34.434310000000266],[-59.32934,-34.434250000000269],[-59.32927,-34.434190000000278],[-59.32923,-34.434140000000269],[-59.32911,-34.434050000000269],[-59.32903,-34.433990000000271],[-59.32886,-34.433880000000265],[-59.32876,-34.433820000000274],[-59.32865,-34.433770000000273],[-59.32854,-34.433720000000278],[-59.32845,-34.433690000000276],[-59.32839,-34.43368000000028],[-59.32835,-34.433680000000273],[-59.32829,-34.433660000000273],[-59.32822,-34.433620000000261],[-59.32814,-34.433570000000266],[-59.32808,-34.433510000000268],[-59.32801,-34.433460000000267],[-59.32793,-34.433430000000271],[-59.32785,-34.433370000000259],[-59.32779,-34.433340000000292],[-59.32772,-34.433330000000275],[-59.32764,-34.433340000000271],[-59.32753,-34.433370000000266],[-59.32745,-34.43339000000028],[-59.32738,-34.433400000000269],[-59.3273,-34.433400000000262],[-59.32724,-34.433400000000255],[-59.3272,-34.433400000000269],[-59.32715,-34.433370000000266],[-59.32709,-34.433330000000296],[-59.32705,-34.43330000000028],[-59.32701,-34.433240000000268],[-59.3269,-34.433110000000276],[-59.32679,-34.432980000000278],[-59.32676,-34.43293000000029],[-59.32674,-34.432880000000274],[-59.32673,-34.432860000000275],[-59.3267,-34.432800000000263],[-59.32668,-34.432740000000273],[-59.32663,-34.432660000000276],[-59.32661,-34.43261000000026],[-59.32659,-34.432500000000275],[-59.32656,-34.432430000000288],[-59.32651,-34.432400000000271],[-59.32645,-34.432370000000283],[-59.32638,-34.432360000000259],[-59.32634,-34.432370000000283],[-59.32629,-34.432390000000282],[-59.32626,-34.432400000000271],[-59.32621,-34.432400000000271],[-59.32609,-34.432360000000266],[-59.32598,-34.432320000000281],[-59.32595,-34.432290000000258],[-59.32593,-34.43224000000027],[-59.32593,-34.432210000000289],[-59.32595,-34.432170000000283],[-59.32596,-34.432120000000275],[-59.32598,-34.432020000000286],[-59.326,-34.431930000000271],[-59.326,-34.431810000000269],[-59.326,-34.431760000000267],[-59.32596,-34.4317300000003],[-59.32592,-34.431720000000254],[-59.32583,-34.431680000000263],[-59.32578,-34.431650000000275],[-59.32577,-34.431630000000268],[-59.32576,-34.43159000000027],[-59.32573,-34.431560000000289],[-59.32568,-34.431530000000272],[-59.32559,-34.431510000000294],[-59.32553,-34.431490000000274],[-59.32546,-34.431490000000259],[-59.32538,-34.431460000000286],[-59.3253,-34.431430000000269],[-59.32516,-34.431400000000266],[-59.3251,-34.431390000000285],[-59.32504,-34.431350000000279],[-59.32499,-34.431310000000281],[-59.3249,-34.431260000000279],[-59.32481,-34.431230000000269],[-59.32457,-34.431140000000283],[-59.32438,-34.431060000000272],[-59.32425,-34.431020000000267],[-59.32417,-34.431010000000278],[-59.32399,-34.43100000000026],[-59.3239,-34.430980000000268],[-59.32378,-34.43095000000028],[-59.32366,-34.430920000000285],[-59.32357,-34.430890000000275],[-59.32351,-34.430850000000262],[-59.32346,-34.430800000000275],[-59.32337,-34.430710000000261],[-59.32326,-34.430570000000266],[-59.32316,-34.430460000000281],[-59.32305,-34.430370000000266],[-59.32295,-34.430310000000283],[-59.32287,-34.430250000000271],[-59.32284,-34.430200000000255],[-59.32283,-34.430150000000282],[-59.3228,-34.43009000000027],[-59.32276,-34.430040000000261],[-59.32272,-34.430020000000269],[-59.32268,-34.429970000000267],[-59.32267,-34.42991000000027],[-59.32267,-34.429850000000265],[-59.32269,-34.429820000000291],[-59.32271,-34.429780000000285],[-59.32271,-34.429740000000287],[-59.32273,-34.429650000000265],[-59.32274,-34.429560000000279],[-59.32274,-34.429500000000267],[-59.32272,-34.429440000000277],[-59.32268,-34.429370000000276],[-59.3226,-34.42924000000027],[-59.32249,-34.429100000000275],[-59.32238,-34.428960000000252],[-59.32236,-34.428920000000268],[-59.32234,-34.428860000000256],[-59.32229,-34.42877000000027],[-59.32225,-34.428720000000268],[-59.32221,-34.428640000000279],[-59.32214,-34.42848000000027],[-59.32211,-34.42838000000026],[-59.32209,-34.428310000000273],[-59.32206,-34.428250000000268],[-59.32202,-34.428190000000285],[-59.32197,-34.428130000000273],[-59.32191,-34.428080000000264],[-59.32183,-34.428040000000259],[-59.32173,-34.428000000000281],[-59.32157,-34.427940000000262],[-59.32147,-34.427900000000271],[-59.32136,-34.427850000000269],[-59.32129,-34.427820000000281],[-59.32117,-34.427770000000265],[-59.32103,-34.427710000000275],[-59.32094,-34.427680000000265],[-59.32084,-34.427660000000273],[-59.3208,-34.427640000000281],[-59.32074,-34.427610000000271],[-59.32068,-34.42757000000028],[-59.32063,-34.427510000000268],[-59.32057,-34.427430000000271],[-59.32052,-34.427360000000256],[-59.3205,-34.427300000000294],[-59.32049,-34.427230000000243],[-59.32045,-34.427160000000278],[-59.32037,-34.426990000000266],[-59.32033,-34.426900000000273],[-59.32026,-34.426760000000279],[-59.32021,-34.426690000000271],[-59.3202,-34.426640000000283],[-59.32017,-34.426590000000274],[-59.32013,-34.426540000000266],[-59.32008,-34.42651000000027],[-59.32003,-34.426490000000285],[-59.31998,-34.426450000000273],[-59.31989,-34.426410000000281],[-59.31981,-34.426390000000268],[-59.31966,-34.426370000000276],[-59.31961,-34.426370000000276],[-59.31956,-34.426390000000282],[-59.31952,-34.42641000000026],[-59.31945,-34.426480000000275],[-59.31936,-34.426550000000269],[-59.31928,-34.426590000000274],[-59.31921,-34.426610000000267],[-59.31913,-34.42661000000026],[-59.31904,-34.42661000000026],[-59.31899,-34.426600000000263],[-59.31895,-34.426570000000275],[-59.3189,-34.426530000000284],[-59.31886,-34.426470000000265],[-59.3188,-34.426380000000286],[-59.31873,-34.426300000000261],[-59.31867,-34.426240000000284],[-59.31859,-34.426180000000272],[-59.31848,-34.426080000000269],[-59.31842,-34.426010000000282],[-59.3184,-34.42598000000028],[-59.31839,-34.425930000000285],[-59.31837,-34.42586000000027],[-59.31837,-34.42574000000026],[-59.31835,-34.425690000000266],[-59.31831,-34.425640000000271],[-59.31826,-34.425590000000277],[-59.31819,-34.425540000000304],[-59.3181,-34.425470000000274],[-59.31801,-34.425420000000287],[-59.31794,-34.42539000000027],[-59.31786,-34.425380000000267],[-59.31778,-34.425380000000281],[-59.31769,-34.425390000000263],[-59.31764,-34.42539000000027],[-59.3176,-34.425380000000274],[-59.31751,-34.425360000000303],[-59.31738,-34.425310000000287],[-59.3173,-34.425270000000268],[-59.31722,-34.42522000000028],[-59.31717,-34.425170000000264],[-59.31711,-34.425080000000271],[-59.31705,-34.42500000000026],[-59.317,-34.424930000000273],[-59.31691,-34.424830000000277],[-59.31687,-34.424750000000294],[-59.31684,-34.424700000000286],[-59.31682,-34.424640000000281],[-59.31682,-34.424560000000263],[-59.31682,-34.424470000000269],[-59.31682,-34.424430000000285],[-59.3168,-34.424410000000279],[-59.31677,-34.424380000000262],[-59.31672,-34.424340000000285],[-59.31666,-34.424290000000262],[-59.31663,-34.424250000000278],[-59.3166,-34.424190000000273],[-59.31657,-34.424130000000268],[-59.31651,-34.424060000000289],[-59.31645,-34.424010000000273],[-59.31638,-34.423940000000265],[-59.31632,-34.423870000000264],[-59.31624,-34.423830000000265],[-59.31618,-34.42381000000028],[-59.3161,-34.423810000000273],[-59.31599,-34.423780000000271],[-59.31577,-34.42371000000027],[-59.31564,-34.423680000000267],[-59.31549,-34.423670000000271],[-59.31538,-34.423660000000275],[-59.31531,-34.423670000000286],[-59.31526,-34.42368000000026],[-59.3152,-34.423690000000278],[-59.31509,-34.423680000000282],[-59.31487,-34.423650000000272],[-59.31474,-34.423630000000287],[-59.31456,-34.423600000000278],[-59.31441,-34.423590000000267],[-59.31433,-34.423580000000278],[-59.3143,-34.423550000000269],[-59.31425,-34.423510000000277],[-59.31421,-34.42345000000028],[-59.3142,-34.423400000000271],[-59.31421,-34.423340000000287],[-59.31424,-34.423260000000269],[-59.31424,-34.423210000000267],[-59.31422,-34.42315000000027],[-59.31421,-34.423040000000285],[-59.31421,-34.422910000000272],[-59.31417,-34.422670000000267],[-59.31416,-34.422390000000277],[-59.31414,-34.422140000000276],[-59.31412,-34.421970000000279],[-59.3141,-34.42193000000028],[-59.31407,-34.421920000000263],[-59.31403,-34.42193000000028],[-59.31399,-34.42192000000027],[-59.31395,-34.421890000000275],[-59.31386,-34.42183000000027],[-59.31376,-34.42180000000026],[-59.3137,-34.421780000000261],[-59.31364,-34.421780000000268],[-59.3136,-34.42180000000026],[-59.31355,-34.42183000000027],[-59.31345,-34.421890000000275],[-59.31328,-34.421980000000268],[-59.31309,-34.422080000000264],[-59.31296,-34.422130000000273],[-59.31286,-34.422150000000286],[-59.31276,-34.422160000000289],[-59.31267,-34.422170000000285],[-59.3126,-34.422160000000261],[-59.31255,-34.422130000000273],[-59.31248,-34.422080000000285],[-59.31239,-34.421980000000268],[-59.31236,-34.421910000000274],[-59.31235,-34.421880000000264],[-59.31235,-34.421820000000295],[-59.31234,-34.421790000000271],[-59.31231,-34.421750000000287],[-59.31226,-34.421710000000267],[-59.31213,-34.421640000000274],[-59.31206,-34.42157000000028],[-59.31201,-34.421500000000286],[-59.31187,-34.421340000000271],[-59.31179,-34.421240000000275],[-59.31176,-34.421180000000277],[-59.3117,-34.421110000000269],[-59.3117,-34.421080000000288],[-59.31171,-34.421050000000271],[-59.31173,-34.421010000000273],[-59.31178,-34.420940000000286],[-59.31182,-34.420860000000268],[-59.31187,-34.420770000000267],[-59.31191,-34.420690000000278],[-59.31192,-34.420600000000277],[-59.31195,-34.42052000000028],[-59.31199,-34.420420000000284],[-59.31201,-34.420330000000284],[-59.31199,-34.420280000000275],[-59.31197,-34.420220000000285],[-59.31196,-34.420200000000285],[-59.31193,-34.420190000000268],[-59.3119,-34.420180000000279],[-59.31183,-34.420180000000272],[-59.31175,-34.420170000000269],[-59.31169,-34.420160000000273],[-59.31163,-34.420170000000269],[-59.31158,-34.420170000000269],[-59.31151,-34.420150000000277],[-59.3114,-34.420110000000285],[-59.31133,-34.420090000000279],[-59.31129,-34.420090000000258],[-59.31122,-34.420090000000279],[-59.31119,-34.420110000000257],[-59.31116,-34.420150000000248],[-59.31117,-34.420190000000268],[-59.31116,-34.420230000000267],[-59.31113,-34.420260000000276],[-59.31107,-34.42028000000029],[-59.31104,-34.420310000000278],[-59.31101,-34.420360000000265],[-59.31099,-34.420390000000268],[-59.31097,-34.420420000000277],[-59.31092,-34.420440000000276],[-59.31087,-34.420450000000265],[-59.31081,-34.420450000000272],[-59.31075,-34.420440000000283],[-59.31068,-34.42039000000026],[-59.31059,-34.42034000000028],[-59.31053,-34.420320000000267],[-59.3105,-34.420300000000275],[-59.31049,-34.420270000000265],[-59.31048,-34.420230000000267],[-59.31046,-34.420190000000275],[-59.3104,-34.420120000000274],[-59.31033,-34.420000000000293],[-59.31026,-34.419890000000258],[-59.31019,-34.41983000000026],[-59.31011,-34.419750000000271],[-59.30998,-34.419640000000278],[-59.30984,-34.419550000000285],[-59.30965,-34.419410000000283],[-59.30956,-34.419350000000264],[-59.30945,-34.419320000000276],[-59.30936,-34.419270000000274],[-59.30919,-34.419160000000247],[-59.3091,-34.419080000000299],[-59.30906,-34.419030000000276],[-59.30903,-34.419000000000274],[-59.30893,-34.418950000000279],[-59.30883,-34.418880000000279],[-59.30875,-34.418830000000284],[-59.3087,-34.418810000000271],[-59.30866,-34.418810000000271],[-59.30863,-34.418830000000277],[-59.30859,-34.418870000000283],[-59.3085,-34.418970000000272],[-59.30844,-34.419000000000274],[-59.3084,-34.419010000000277],[-59.30834,-34.419000000000274],[-59.30828,-34.418950000000279],[-59.30823,-34.418910000000267],[-59.30815,-34.418790000000278],[-59.30811,-34.418730000000274],[-59.3081,-34.418680000000272],[-59.30808,-34.418630000000284],[-59.30802,-34.41854000000027],[-59.30796,-34.418430000000264],[-59.3079,-34.418380000000269],[-59.30788,-34.418340000000278],[-59.30786,-34.418300000000286],[-59.30777,-34.418190000000273],[-59.30769,-34.418110000000269],[-59.30761,-34.418050000000285],[-59.30753,-34.418000000000283],[-59.30748,-34.417940000000286],[-59.30742,-34.417890000000277],[-59.30735,-34.417860000000246],[-59.30725,-34.417830000000279],[-59.30718,-34.417790000000267],[-59.30714,-34.417760000000264],[-59.30709,-34.417700000000281],[-59.30704,-34.417620000000262],[-59.30699,-34.417560000000279],[-59.30692,-34.417490000000278],[-59.30688,-34.417440000000262],[-59.30688,-34.417400000000285],[-59.30689,-34.417350000000276],[-59.30692,-34.417310000000278],[-59.30695,-34.417270000000286],[-59.30697,-34.417230000000266],[-59.30698,-34.417200000000257],[-59.30698,-34.417170000000269],[-59.30697,-34.417060000000276],[-59.30697,-34.416950000000277],[-59.30695,-34.41686000000027],[-59.30691,-34.416820000000271],[-59.30687,-34.41679000000029],[-59.30673,-34.416740000000289],[-59.30664,-34.416710000000279],[-59.30659,-34.416710000000279],[-59.30657,-34.416710000000279],[-59.30654,-34.416720000000268],[-59.3065,-34.416730000000278],[-59.30645,-34.416720000000282],[-59.30635,-34.416690000000273],[-59.30624,-34.416650000000281],[-59.30618,-34.416610000000254],[-59.30605,-34.416510000000265],[-59.30591,-34.416390000000277],[-59.30585,-34.416350000000271],[-59.30575,-34.416290000000259],[-59.30566,-34.416240000000258],[-59.30559,-34.416180000000274],[-59.30554,-34.416120000000276],[-59.3055,-34.416060000000279],[-59.30544,-34.415930000000266],[-59.3054,-34.415860000000258],[-59.30532,-34.41575000000028],[-59.30531,-34.415710000000288],[-59.30534,-34.415570000000272],[-59.30534,-34.415410000000271],[-59.30533,-34.415300000000258],[-59.3053,-34.415240000000274],[-59.30525,-34.415190000000258],[-59.30516,-34.415120000000265],[-59.30512,-34.415080000000266],[-59.30507,-34.415070000000277],[-59.30502,-34.41508000000028],[-59.30497,-34.415090000000262],[-59.3049,-34.41510000000028],[-59.30487,-34.415110000000261],[-59.3048,-34.415120000000279],[-59.30469,-34.415110000000276],[-59.30459,-34.415100000000287],[-59.30453,-34.415100000000265],[-59.30448,-34.415110000000276],[-59.3044,-34.415100000000272],[-59.30432,-34.415080000000259],[-59.30425,-34.415060000000281],[-59.30419,-34.415030000000272],[-59.30415,-34.414970000000267],[-59.30406,-34.414850000000278],[-59.30399,-34.414730000000276],[-59.30389,-34.414570000000282],[-59.30383,-34.414470000000279],[-59.30378,-34.414430000000266],[-59.30372,-34.414390000000274],[-59.30362,-34.41434000000028],[-59.30355,-34.414320000000259],[-59.3035,-34.414320000000288],[-59.30346,-34.414330000000263],[-59.30341,-34.414350000000269],[-59.30338,-34.414350000000255],[-59.30329,-34.414340000000287],[-59.30318,-34.414330000000263],[-59.3031,-34.41431000000027],[-59.30302,-34.414310000000278],[-59.30293,-34.414310000000256],[-59.30289,-34.414320000000259],[-59.3028,-34.414320000000266],[-59.30268,-34.41430000000026],[-59.30259,-34.414290000000271],[-59.30251,-34.414300000000274],[-59.30243,-34.41430000000026],[-59.30232,-34.41430000000026],[-59.30215,-34.414300000000267],[-59.30198,-34.414270000000258],[-59.30186,-34.41424000000027],[-59.3017,-34.414170000000261],[-59.30161,-34.41413000000027],[-59.30156,-34.414080000000283],[-59.30149,-34.414010000000275],[-59.30144,-34.413930000000278],[-59.30137,-34.413830000000267],[-59.30135,-34.413750000000292],[-59.30129,-34.413580000000266],[-59.30125,-34.413440000000286],[-59.3012,-34.413270000000267],[-59.30117,-34.413230000000262],[-59.30113,-34.41320000000028],[-59.30107,-34.41319000000027],[-59.301,-34.413190000000291],[-59.30093,-34.413200000000273],[-59.30082,-34.41322000000028],[-59.30076,-34.413230000000269],[-59.30071,-34.413230000000262],[-59.30062,-34.413210000000277],[-59.30054,-34.413180000000274],[-59.3004,-34.413140000000276],[-59.30024,-34.413070000000275],[-59.3001,-34.41302000000028],[-59.29977,-34.412910000000274],[-59.2996,-34.412840000000273],[-59.29942,-34.412750000000294],[-59.29929,-34.412690000000261],[-59.29915,-34.412600000000261],[-59.29908,-34.412580000000268],[-59.29904,-34.412580000000283],[-59.29902,-34.412600000000261],[-59.299,-34.412630000000277],[-59.29898,-34.412660000000272],[-59.29888,-34.412740000000277],[-59.29881,-34.41280000000026],[-59.29879,-34.412850000000283],[-59.29876,-34.412910000000267],[-59.29873,-34.412940000000283],[-59.2987,-34.413000000000281],[-59.29868,-34.413050000000275],[-59.29865,-34.413080000000285],[-59.29861,-34.41310000000027],[-59.29847,-34.413160000000268],[-59.29832,-34.413210000000262],[-59.29827,-34.413210000000269],[-59.29823,-34.41320000000028],[-59.2982,-34.413180000000281],[-59.29818,-34.413150000000279],[-59.29818,-34.413110000000287],[-59.29815,-34.413010000000249],[-59.29813,-34.412950000000265],[-59.29811,-34.412900000000263],[-59.2981,-34.412860000000279],[-59.2981,-34.412750000000287],[-59.29808,-34.412570000000272],[-59.29806,-34.412520000000264],[-59.29803,-34.412490000000268],[-59.29797,-34.412450000000256],[-59.29791,-34.412430000000278],[-59.29785,-34.412430000000263],[-59.29779,-34.412440000000274],[-59.29773,-34.412460000000273],[-59.29767,-34.412480000000279],[-59.29756,-34.412480000000265],[-59.29745,-34.412490000000282],[-59.29729,-34.412510000000289],[-59.29713,-34.412540000000277],[-59.29706,-34.412550000000273],[-59.29693,-34.412560000000269],[-59.29682,-34.412540000000277],[-59.29676,-34.412530000000274],[-59.29672,-34.412510000000275],[-59.29667,-34.41245000000027],[-59.2966,-34.412410000000271],[-59.2965,-34.41236000000027],[-59.29636,-34.412290000000283],[-59.29627,-34.412260000000281],[-59.29615,-34.412260000000273],[-59.29603,-34.412270000000269],[-59.29593,-34.412280000000287],[-59.2957,-34.412330000000296],[-59.2956,-34.412350000000274],[-59.29555,-34.412350000000281],[-59.29548,-34.41234000000027],[-59.29539,-34.412310000000254],[-59.29526,-34.412270000000262],[-59.2951,-34.412200000000283],[-59.29505,-34.412160000000277],[-59.29501,-34.41211000000029],[-59.29495,-34.412020000000275],[-59.29493,-34.411960000000271],[-59.29492,-34.411890000000277],[-59.29495,-34.411810000000287],[-59.29497,-34.411740000000279],[-59.29498,-34.411700000000266],[-59.29502,-34.411660000000253],[-59.29504,-34.411620000000276],[-59.29505,-34.411590000000253],[-59.29504,-34.411550000000283],[-59.29502,-34.411490000000278],[-59.29497,-34.411400000000278],[-59.29491,-34.411320000000281],[-59.29483,-34.411270000000272],[-59.29471,-34.411220000000284],[-59.29463,-34.41121000000026],[-59.29455,-34.411190000000261],[-59.29445,-34.411170000000268],[-59.2943,-34.411150000000283],[-59.29418,-34.41113000000027],[-59.29408,-34.411120000000281],[-59.29399,-34.411120000000267],[-59.29387,-34.411140000000266],[-59.29378,-34.411160000000265],[-59.29371,-34.411170000000268],[-59.29365,-34.411160000000272],[-59.29353,-34.411140000000266],[-59.29333,-34.411100000000282],[-59.29318,-34.41104000000027],[-59.29305,-34.410980000000265],[-59.29292,-34.410910000000271],[-59.29275,-34.410790000000262],[-59.29269,-34.41076000000028],[-59.29263,-34.410720000000254],[-59.29252,-34.410680000000262],[-59.29245,-34.410650000000274],[-59.29236,-34.410620000000286],[-59.29219,-34.410550000000278],[-59.29192,-34.410460000000263],[-59.29186,-34.410430000000275],[-59.29178,-34.410350000000292],[-59.29171,-34.410310000000266],[-59.29164,-34.410270000000267],[-59.2916,-34.410230000000276],[-59.29155,-34.410210000000269],[-59.29145,-34.410160000000275],[-59.29139,-34.41009000000026],[-59.29134,-34.410050000000268],[-59.29128,-34.410030000000262],[-59.29124,-34.410020000000273],[-59.29116,-34.410000000000267],[-59.29106,-34.409970000000285],[-59.2909,-34.40993000000028],[-59.29086,-34.409930000000294],[-59.29082,-34.409930000000266],[-59.29079,-34.409950000000265],[-59.29075,-34.409960000000268],[-59.2907,-34.409970000000264],[-59.29061,-34.409980000000289],[-59.29054,-34.409990000000278],[-59.29049,-34.410020000000294],[-59.29046,-34.410070000000267],[-59.29044,-34.410120000000255],[-59.2904,-34.410140000000261],[-59.29035,-34.410180000000267],[-59.29032,-34.410230000000276],[-59.29032,-34.410270000000267],[-59.29034,-34.410330000000293],[-59.29035,-34.410360000000267],[-59.29033,-34.410390000000277],[-59.29028,-34.410420000000272],[-59.29025,-34.410430000000268],[-59.29018,-34.410430000000268],[-59.2901,-34.410410000000297],[-59.28997,-34.410360000000274],[-59.28986,-34.410330000000272],[-59.28974,-34.410310000000273],[-59.28966,-34.410300000000277],[-59.2895,-34.410310000000273],[-59.28935,-34.410350000000271],[-59.28922,-34.41037000000027],[-59.2891,-34.410370000000285],[-59.28894,-34.410330000000286],[-59.28873,-34.410270000000267],[-59.28854,-34.410240000000272],[-59.28843,-34.410230000000261],[-59.28813,-34.410230000000269],[-59.28791,-34.410230000000269],[-59.28767,-34.410240000000272],[-59.28756,-34.410250000000282],[-59.28748,-34.410300000000284],[-59.28733,-34.410370000000285],[-59.2872,-34.410420000000272],[-59.28711,-34.410470000000267],[-59.28702,-34.410510000000265],[-59.28697,-34.410520000000268],[-59.28693,-34.410520000000282],[-59.2869,-34.410500000000269],[-59.28687,-34.410470000000267],[-59.28683,-34.410420000000279],[-59.28674,-34.410310000000273],[-59.2867,-34.410240000000272],[-59.28668,-34.410170000000278],[-59.28664,-34.41005000000029],[-59.28661,-34.410000000000259],[-59.28657,-34.409970000000293],[-59.28651,-34.409940000000269],[-59.28646,-34.409940000000262],[-59.28635,-34.409940000000283],[-59.28625,-34.409950000000279],[-59.28609,-34.409960000000268],[-59.28598,-34.409960000000261],[-59.2859,-34.40998000000026],[-59.28585,-34.410000000000274],[-59.28578,-34.410030000000283],[-59.28574,-34.410040000000265],[-59.28567,-34.410060000000271],[-59.28552,-34.410070000000289],[-59.28537,-34.410070000000267],[-59.28517,-34.41007000000026],[-59.28505,-34.410060000000279],[-59.28498,-34.410050000000275],[-59.28491,-34.410040000000265],[-59.28475,-34.410000000000259],[-59.2846,-34.409970000000257],[-59.28445,-34.40993000000028],[-59.28435,-34.409890000000267],[-59.28425,-34.409850000000269],[-59.28414,-34.40980000000026],[-59.28408,-34.409780000000275],[-59.28403,-34.409770000000279],[-59.28395,-34.409770000000265],[-59.28381,-34.40975000000028],[-59.28368,-34.409730000000273],[-59.2836,-34.40972000000027],[-59.28352,-34.409730000000287],[-59.28345,-34.409740000000284],[-59.28334,-34.409760000000283],[-59.28326,-34.409780000000275],[-59.28321,-34.409800000000267],[-59.28314,-34.409850000000269],[-59.28309,-34.409880000000264],[-59.28305,-34.409890000000296],[-59.28301,-34.409890000000274],[-59.28296,-34.409900000000277],[-59.28284,-34.409890000000274],[-59.28267,-34.409880000000285],[-59.2826,-34.409880000000264],[-59.28256,-34.409870000000275],[-59.28253,-34.409850000000276],[-59.28248,-34.409830000000269],[-59.28241,-34.409780000000268],[-59.28239,-34.409760000000276],[-59.28238,-34.409740000000276],[-59.28238,-34.409720000000263],[-59.28239,-34.409690000000289],[-59.28242,-34.409630000000277],[-59.28243,-34.409560000000283],[-59.28243,-34.409520000000278],[-59.28242,-34.409470000000276],[-59.2824,-34.409430000000263],[-59.28237,-34.40938000000029],[-59.28235,-34.409330000000288]]}},
{"type":"Feature","properties":{"waterway":"river","name":"Arroyo de Giles","Name":"Arroyo de Giles (river)"},"geometry":{"type":"LineString","coordinates":[[-59.445165200000055,-34.431619700000269],[-59.44473,-34.431110000000267],[-59.443798100000073,-34.429967100000276],[-59.443718900000057,-34.429890500000269],[-59.44356,-34.429800000000284],[-59.44332,-34.429720000000266],[-59.443225300000066,-34.429700100000261],[-59.443133900000049,-34.429622200000267],[-59.443030200000074,-34.429464300000284],[-59.442981700000061,-34.429358100000272],[-59.442986800000064,-34.429226400000267],[-59.442983,-34.429044900000271],[-59.44295730000006,-34.428911100000271],[-59.442925,-34.428736100000279],[-59.442853300000081,-34.428546100000283],[-59.442773200000062,-34.42833400000027],[-59.442733900000064,-34.428227300000266],[-59.442694600000074,-34.428160100000255],[-59.442659400000068,-34.428121900000271],[-59.442596200000075,-34.428084800000285],[-59.442520300000062,-34.428053500000253],[-59.442448700000064,-34.428000200000291],[-59.442294100000069,-34.42789930000027],[-59.442129700000052,-34.427788100000271],[-59.442048200000073,-34.427728900000261],[-59.441990600000061,-34.427702300000277],[-59.441845800000067,-34.427659400000273],[-59.441718,-34.427625800000271],[-59.441626600000063,-34.427620000000275],[-59.441540900000071,-34.427620000000275],[-59.441428500000065,-34.427611900000272],[-59.441328700000064,-34.427592200000284],[-59.441179800000072,-34.427543500000269],[-59.44104630000006,-34.427480900000276],[-59.440949400000058,-34.427405600000277],[-59.440887500000066,-34.427333700000275],[-59.440867900000057,-34.427276900000273],[-59.440867900000057,-34.42719000000028],[-59.440877700000058,-34.42709730000027],[-59.44091,-34.427008000000271],[-59.440952200000062,-34.426953600000253],[-59.441011200000069,-34.42688170000028],[-59.441059,-34.426809800000264],[-59.441074400000055,-34.426769300000281],[-59.44108,-34.426738000000256],[-59.441066,-34.426661500000264],[-59.441028,-34.42650270000027],[-59.440950800000067,-34.426231500000284],[-59.440903,-34.426105100000285],[-59.440891700000066,-34.426032100000285],[-59.440893100000061,-34.425982300000264],[-59.440915600000061,-34.425902300000267],[-59.440943700000076,-34.425796800000285],[-59.440980300000071,-34.425657700000272],[-59.44098450000007,-34.42560670000028],[-59.440974600000068,-34.425563800000262],[-59.440949400000072,-34.425522100000279],[-59.440905800000067,-34.425480400000261],[-59.440797600000067,-34.425405100000269],[-59.440584,-34.425226600000272],[-59.440454700000068,-34.42513850000028],[-59.44038450000005,-34.425108300000289],[-59.44028890000007,-34.425080500000277],[-59.440161100000054,-34.425067800000278],[-59.439902500000052,-34.425065500000279],[-59.439814,-34.425058500000269],[-59.439763400000054,-34.425043400000263],[-59.439738100000064,-34.425019100000256],[-59.439718400000054,-34.424985500000268],[-59.43971,-34.424935600000261],[-59.43971,-34.424873000000268],[-59.439704400000061,-34.424752500000267],[-59.439703,-34.42468530000027],[-59.439718400000068,-34.424620400000293],[-59.439769,-34.424460400000285],[-59.439792900000064,-34.424348000000279],[-59.43979010000006,-34.424293500000253],[-59.439771800000052,-34.424247100000258],[-59.439743700000065,-34.424207700000267],[-59.439704400000061,-34.424169500000268],[-59.439580700000043,-34.424112700000272],[-59.439212600000054,-34.424008400000261],[-59.439101600000065,-34.423969000000255],[-59.439029900000065,-34.423920300000276],[-59.438920300000063,-34.423827600000273],[-59.43880230000007,-34.423705900000272],[-59.438748900000057,-34.423630500000272],[-59.438733400000054,-34.423578400000281],[-59.438733400000061,-34.423510000000284],[-59.438748900000057,-34.423413800000276],[-59.438769900000054,-34.423346500000278],[-59.438821900000072,-34.423249200000278],[-59.438904800000067,-34.423147200000265],[-59.439163400000048,-34.422940900000256],[-59.43925470000007,-34.422845800000296],[-59.439281400000056,-34.422793600000254],[-59.439294100000062,-34.422751900000279],[-59.439294100000062,-34.422699800000267],[-59.43927720000007,-34.422604700000285],[-59.439267400000062,-34.422545600000298],[-59.439267400000062,-34.422476100000281],[-59.439294100000048,-34.422403000000273],[-59.439325,-34.422306800000271],[-59.439322200000056,-34.422267400000294],[-59.439305300000051,-34.422240800000267],[-59.439261800000054,-34.422210600000284],[-59.439222400000062,-34.422182800000279],[-59.439207,-34.422158500000272],[-59.439177700000066,-34.422119600000286],[-59.439145900000064,-34.422008100000284],[-59.439134,-34.421875400000275],[-59.439136,-34.421740900000287],[-59.439157800000061,-34.421596700000279],[-59.439197600000064,-34.42145240000027],[-59.439225400000062,-34.421344200000263],[-59.439233300000055,-34.42124750000027],[-59.439225400000062,-34.421150800000262],[-59.439199500000058,-34.421018000000259],[-59.43913,-34.42086230000028],[-59.439054500000047,-34.420752500000276],[-59.439038600000067,-34.420701700000265],[-59.439026700000056,-34.420621300000271],[-59.439024700000061,-34.420503300000284],[-59.438992900000059,-34.420416400000271],[-59.438921300000061,-34.420277100000277],[-59.438847800000069,-34.420162300000278],[-59.438714700000055,-34.420029600000277],[-59.438531800000071,-34.41982960000027],[-59.438361,-34.419623000000279],[-59.438158300000069,-34.419375500000278],[-59.438052900000059,-34.419206600000287],[-59.437963600000067,-34.419078600000283],[-59.437892,-34.418993500000269],[-59.437789300000063,-34.418888900000262],[-59.437625800000063,-34.418720900000281],[-59.437548300000074,-34.41861440000028],[-59.43748230000007,-34.41850080000026],[-59.437465100000068,-34.418449900000276],[-59.437470900000072,-34.418408500000275],[-59.437495200000072,-34.418316200000277],[-59.437495200000072,-34.418235700000267],[-59.437460800000061,-34.418044000000279],[-59.43739050000007,-34.417751700000252],[-59.437373300000054,-34.417672400000271],[-59.437381900000062,-34.417581300000279],[-59.437389100000075,-34.417525600000275],[-59.43739630000006,-34.417504300000274],[-59.437422100000049,-34.417486600000274],[-59.437460800000075,-34.417477100000262],[-59.437521100000048,-34.417484200000267],[-59.437577,-34.41748900000028],[-59.437622900000058,-34.417478300000283],[-59.437673100000062,-34.417455800000269],[-59.43772910000007,-34.417406100000271],[-59.437782200000051,-34.417329200000268],[-59.437818,-34.417261700000289],[-59.437819500000074,-34.417222700000274],[-59.437803700000067,-34.417193100000276],[-59.437764900000062,-34.417151700000296],[-59.437678900000066,-34.417085400000282],[-59.43761,-34.417041600000267],[-59.437564100000067,-34.417025100000274],[-59.437515300000072,-34.417025100000281],[-59.437432100000052,-34.417039300000269],[-59.437315900000065,-34.417053500000286],[-59.437231300000064,-34.417053500000272],[-59.437095,-34.417044000000281],[-59.436960200000065,-34.417033300000277],[-59.436872700000066,-34.417019100000275],[-59.43683390000006,-34.417006100000272],[-59.436788,-34.416980100000266],[-59.436726300000053,-34.416928000000262],[-59.436614400000067,-34.41680380000026],[-59.436572800000057,-34.41673630000026],[-59.436519700000069,-34.416654600000278],[-59.43646810000007,-34.416590700000285],[-59.436420800000072,-34.416558800000274],[-59.436357600000079,-34.416536300000274],[-59.436284500000056,-34.416524500000278],[-59.436198400000066,-34.416497200000279],[-59.43608650000008,-34.41645110000028],[-59.435976100000062,-34.416389600000272],[-59.435821100000069,-34.416316200000274],[-59.435763700000052,-34.416296100000274],[-59.43571210000006,-34.416290100000275],[-59.435657600000056,-34.416296100000274],[-59.435605900000063,-34.416316200000288],[-59.435489700000069,-34.416374200000263],[-59.435314700000063,-34.416455800000271],[-59.435198500000077,-34.416512600000253],[-59.435145400000074,-34.416522100000272],[-59.435073700000061,-34.416522100000265],[-59.435012,-34.416513800000274],[-59.434940300000065,-34.416483000000269],[-59.434882900000069,-34.416444000000268],[-59.434825500000066,-34.416371800000285],[-59.434773900000067,-34.416294900000267],[-59.434653400000059,-34.41610790000027],[-59.434603200000062,-34.416012000000265],[-59.434558700000061,-34.415968200000272],[-59.434485500000058,-34.415906700000278],[-59.434365,-34.415821500000277],[-59.434178600000052,-34.415686600000278],[-59.434066700000066,-34.41560970000026],[-59.434025100000063,-34.415570600000272],[-59.433956200000068,-34.415491300000269],[-59.433888800000055,-34.415400200000285],[-59.433782600000065,-34.415248700000262],[-59.433686500000064,-34.415111400000264],[-59.433639200000052,-34.415060500000266],[-59.433588900000068,-34.415017900000265],[-59.433517200000054,-34.414975300000272],[-59.433402500000049,-34.414904300000281],[-59.433339300000057,-34.414855800000268],[-59.433312100000059,-34.41482860000027],[-59.433290600000063,-34.414791900000267],[-59.433270500000063,-34.414743400000269],[-59.433246100000062,-34.414667600000278],[-59.433236,-34.414613200000275],[-59.43323320000006,-34.414537400000263],[-59.433241800000054,-34.414486600000274],[-59.433261900000069,-34.414417900000267],[-59.433300600000074,-34.414331500000266],[-59.433343600000072,-34.414208400000277],[-59.43336660000007,-34.414084200000261],[-59.433360900000068,-34.414009600000277],[-59.433350800000078,-34.413959900000279],[-59.433330700000063,-34.413919700000278],[-59.433300600000074,-34.413888900000266],[-59.433247500000057,-34.413849800000271],[-59.433115500000063,-34.413763500000286],[-59.433091200000064,-34.413730300000275],[-59.433078200000061,-34.413692400000258],[-59.433078200000061,-34.413638000000276],[-59.433091200000064,-34.413576500000268],[-59.433118400000062,-34.413541000000258],[-59.433170100000069,-34.413459300000255],[-59.433241800000069,-34.413362300000287],[-59.433320700000053,-34.413277000000278],[-59.433416800000074,-34.413196600000276],[-59.433523,-34.413113700000252],[-59.433578900000064,-34.413074700000273],[-59.433606200000064,-34.413048600000273],[-59.433616200000053,-34.413021400000282],[-59.433613300000061,-34.412990600000285],[-59.433586100000049,-34.412937400000274],[-59.433527300000065,-34.412836800000292],[-59.433464100000059,-34.412772900000292],[-59.433401,-34.412730300000263],[-59.43328910000006,-34.412677000000286],[-59.433072500000058,-34.412601300000276],[-59.432794200000053,-34.41249830000028],[-59.43271960000007,-34.412468700000275],[-59.432669400000051,-34.412433200000272],[-59.432646400000067,-34.412400100000262],[-59.432633500000065,-34.412357500000276],[-59.432624900000071,-34.412273400000259],[-59.432610600000046,-34.412189400000287],[-59.432589100000065,-34.412108900000263],[-59.432581900000066,-34.41201190000028],[-59.432557500000065,-34.411861600000265],[-59.432518800000047,-34.411572800000272],[-59.432490100000066,-34.411403600000263],[-59.432464300000049,-34.411347900000266],[-59.432425500000065,-34.411290000000278],[-59.432353800000058,-34.411218900000286],[-59.432236200000048,-34.411095900000284],[-59.43213,-34.411014200000267],[-59.43197940000006,-34.410926600000295],[-59.431823,-34.410807100000277],[-59.431732600000061,-34.410751500000288],[-59.431655200000073,-34.410699400000262],[-59.431460100000066,-34.410563300000263],[-59.431352500000074,-34.41049460000027],[-59.431292200000073,-34.410444900000272],[-59.431184600000066,-34.410353800000266],[-59.431067,-34.410242500000265],[-59.430939300000077,-34.410117100000264],[-59.430834600000061,-34.409983300000263],[-59.430732700000057,-34.409810500000283],[-59.430658100000059,-34.409652000000278],[-59.430613700000045,-34.409569100000276],[-59.430592200000063,-34.409492200000273],[-59.430582100000066,-34.409417600000289],[-59.430580700000071,-34.409333600000274],[-59.43057060000006,-34.409281500000276],[-59.430546300000074,-34.409242400000281],[-59.430501800000059,-34.409211700000277],[-59.430425800000066,-34.40917030000027],[-59.430299500000046,-34.409087400000274],[-59.430194800000066,-34.409024700000273],[-59.430107300000067,-34.408969000000283],[-59.430011200000081,-34.408927600000254],[-59.429879200000073,-34.408886200000261],[-59.429774500000065,-34.408860200000277],[-59.429622400000071,-34.408821100000281],[-59.429486100000055,-34.408788000000264],[-59.429326900000056,-34.408727600000269],[-59.42912320000007,-34.408631700000264],[-59.429024200000057,-34.40856660000027],[-59.428882200000047,-34.408451800000265],[-59.428754500000053,-34.408335900000274],[-59.428655500000055,-34.408238800000255],[-59.428549400000051,-34.408088500000261],[-59.428405900000065,-34.407926300000263],[-59.428294,-34.407765400000272],[-59.428230900000059,-34.407702600000256],[-59.428185,-34.407663600000255],[-59.42811180000006,-34.407629300000288],[-59.428008500000054,-34.407591400000278],[-59.427948300000068,-34.407555900000268],[-59.427893800000064,-34.407506200000292],[-59.427776100000067,-34.407412700000286],[-59.427677100000054,-34.407323900000272],[-59.427615500000066,-34.407254100000266],[-59.427522200000062,-34.407158200000275],[-59.427447600000065,-34.407080100000265],[-59.427371600000065,-34.407023300000269],[-59.427251100000049,-34.406912000000283],[-59.427186500000055,-34.406858800000272],[-59.427116200000057,-34.406816200000279],[-59.42702010000005,-34.406779500000262],[-59.426934,-34.406759300000274],[-59.426855100000061,-34.406759300000267],[-59.426769100000065,-34.406765300000281],[-59.426690200000067,-34.406764100000288],[-59.426628500000056,-34.406751100000292],[-59.42653670000005,-34.406717900000274],[-59.42638890000007,-34.406643400000263],[-59.426351600000054,-34.406619700000277],[-59.426298500000065,-34.406565200000266],[-59.426202400000065,-34.406438600000286],[-59.426133600000071,-34.406333300000263],[-59.426106300000058,-34.406290600000261],[-59.426090500000072,-34.406238600000265],[-59.426071900000061,-34.406162800000274],[-59.426041700000063,-34.406110700000291],[-59.425942800000051,-34.405972300000279],[-59.425894,-34.405869300000269],[-59.425836600000068,-34.405729600000278],[-59.425793600000063,-34.405640900000279],[-59.425734700000071,-34.405550900000279],[-59.425665900000048,-34.405442000000278],[-59.42559990000008,-34.405372200000272],[-59.42553250000006,-34.405320100000282],[-59.425460700000066,-34.40528810000027],[-59.425396200000066,-34.405271600000269],[-59.425313,-34.405265700000264],[-59.425193900000053,-34.405243200000264],[-59.425090600000054,-34.405211200000281],[-59.425044700000065,-34.405181600000269],[-59.424977300000059,-34.405103500000287],[-59.424892700000051,-34.405012400000281],[-59.424800900000051,-34.404922400000281],[-59.424744900000071,-34.404878600000288],[-59.424693300000058,-34.404846700000284],[-59.424621500000065,-34.404819400000271],[-59.424522500000066,-34.404798100000278],[-59.424430700000066,-34.404780400000284],[-59.424328900000063,-34.404759100000277],[-59.42425,-34.404731800000278],[-59.424189700000056,-34.404703400000272],[-59.424123700000074,-34.404656100000274],[-59.424026200000071,-34.404574400000257],[-59.42396590000007,-34.404505800000265],[-59.423904300000068,-34.404386200000253],[-59.423834,-34.40423950000028],[-59.423756,-34.404086200000279],[-59.423735900000061,-34.4040199000003],[-59.423730100000057,-34.403950000000293],[-59.423758800000066,-34.403866000000278],[-59.423816200000068,-34.403746500000267],[-59.423865,-34.403587900000275],[-59.423889400000057,-34.403464800000279],[-59.423879300000074,-34.403432800000267],[-59.423832,-34.403402000000263],[-59.423771800000068,-34.40335820000027],[-59.423730100000071,-34.403314400000276],[-59.423678500000058,-34.403276600000275],[-59.423576700000062,-34.403204400000263],[-59.42351350000007,-34.403173600000272],[-59.423461900000049,-34.403160600000277],[-59.42340590000007,-34.40315580000027],[-59.423332800000061,-34.403139300000269],[-59.423192200000067,-34.403099000000282],[-59.423074600000064,-34.403083600000258],[-59.422941100000067,-34.403057600000274],[-59.422872300000073,-34.403033900000281],[-59.422823500000064,-34.402999600000257],[-59.422797700000061,-34.402959400000277],[-59.42268720000007,-34.402812600000267],[-59.422576800000058,-34.402702500000274],[-59.422469200000073,-34.402579400000285],[-59.422381700000052,-34.402517900000262],[-59.422297,-34.40247760000026],[-59.422200900000057,-34.402452800000276],[-59.42210910000005,-34.402422000000271],[-59.422025900000065,-34.402387700000276],[-59.421873800000064,-34.402362800000276],[-59.421668700000062,-34.402315500000263],[-59.421473600000077,-34.402274000000276],[-59.421383200000065,-34.402246800000277],[-59.421287100000058,-34.40220660000027],[-59.421206800000078,-34.402148600000274],[-59.421160900000054,-34.402102400000267],[-59.421097700000068,-34.402027800000276],[-59.421046100000069,-34.401988800000268],[-59.420968600000052,-34.401947300000273],[-59.420861,-34.40190350000028],[-59.42070750000007,-34.401836100000267],[-59.42061570000007,-34.401795800000272],[-59.420519600000063,-34.40176620000026],[-59.420427800000063,-34.401727200000273],[-59.420338900000054,-34.401679800000259],[-59.420264300000063,-34.401618300000273],[-59.420198300000067,-34.401578000000256],[-59.42006490000005,-34.401518900000269],[-59.419954400000073,-34.401483400000259],[-59.419776500000062,-34.401419400000286],[-59.419625900000071,-34.401344900000282],[-59.419505400000062,-34.401266700000285],[-59.41939060000005,-34.401199300000272],[-59.419284500000067,-34.401153100000279],[-59.419159700000073,-34.401088000000257],[-59.419057800000061,-34.401040700000294],[-59.418938700000069,-34.400995700000287],[-59.418730700000062,-34.400940100000284],[-59.418542800000061,-34.400876100000275],[-59.418383600000062,-34.400814600000274],[-59.418268800000071,-34.400760100000262],[-59.418144,-34.400695000000276],[-59.418050700000052,-34.400622800000292],[-59.417973300000064,-34.400576700000272],[-59.417908700000062,-34.400553000000265],[-59.417796800000069,-34.40047960000026],[-59.417683500000059,-34.400426300000291],[-59.417554400000043,-34.400381400000285],[-59.417445400000062,-34.400330500000301],[-59.417385100000061,-34.400290200000263],[-59.417134100000055,-34.400147000000281],[-59.416944700000073,-34.400025100000278],[-59.416799800000064,-34.399930400000258],[-59.416660700000051,-34.399817900000279],[-59.416583200000055,-34.399787200000262],[-59.41646410000007,-34.399749300000273],[-59.416359400000069,-34.399720900000261],[-59.416261800000065,-34.399693700000256],[-59.416193,-34.399657000000268],[-59.416145600000057,-34.399616700000273],[-59.416092600000063,-34.399555200000279],[-59.416058100000051,-34.399472300000276],[-59.416022300000073,-34.399375200000271],[-59.415970600000065,-34.399227300000284],[-59.415888900000077,-34.399047400000278],[-59.415834300000064,-34.398916000000263],[-59.415778400000072,-34.398859200000274],[-59.415728200000046,-34.39883780000028],[-59.415675100000051,-34.398839000000287],[-59.415610600000065,-34.398848500000277],[-59.415471400000079,-34.398855600000275],[-59.415335100000071,-34.398831900000275],[-59.41520310000007,-34.398813000000267],[-59.415095600000051,-34.398814200000274],[-59.414957800000074,-34.398840200000286],[-59.414820100000071,-34.398874500000282],[-59.414724,-34.398904100000273],[-59.414670900000054,-34.398901800000282],[-59.414620700000057,-34.398888700000263],[-59.414577700000059,-34.398862700000265],[-59.414523200000062,-34.39881180000026],[-59.414467200000054,-34.398747900000274],[-59.414424200000063,-34.398660300000273],[-59.414418400000066,-34.398597600000286],[-59.414434200000052,-34.39849100000027],[-59.414457200000072,-34.39839400000028],[-59.414458600000067,-34.398320600000268],[-59.414428500000064,-34.398253100000268],[-59.414378300000074,-34.398160800000284],[-59.414343800000061,-34.398124100000274],[-59.414292200000062,-34.398096900000269],[-59.41424060000007,-34.398073200000269],[-59.414161700000072,-34.398025800000269],[-59.414034,-34.397964300000282],[-59.413972300000047,-34.397933500000292],[-59.41390490000007,-34.397918100000275],[-59.413827400000066,-34.39791810000029],[-59.413719800000052,-34.397899200000289],[-59.413622300000057,-34.397886200000279],[-59.413554800000057,-34.39787080000027],[-59.41349890000005,-34.39784350000027],[-59.413398500000064,-34.397765400000274],[-59.413316700000053,-34.397688500000271],[-59.413295200000064,-34.397656500000274],[-59.413290900000071,-34.397615100000273],[-59.413295200000064,-34.397581900000269],[-59.413315300000058,-34.397553500000285],[-59.413348300000074,-34.397528700000279],[-59.413417100000039,-34.397486100000279],[-59.413504600000067,-34.397431600000267],[-59.413564900000061,-34.397371200000272],[-59.413595,-34.397326300000273],[-59.413609300000061,-34.397268300000277],[-59.413610800000065,-34.39722330000027],[-59.413600700000067,-34.397184200000268],[-59.413529,-34.397076500000274],[-59.413401300000061,-34.396858700000273],[-59.413365500000054,-34.396779400000277],[-59.413365500000054,-34.39673440000027],[-59.413379800000065,-34.396683500000286],[-59.413431200000055,-34.396607500000272],[-59.413510300000063,-34.39652880000029],[-59.41358940000007,-34.396483600000273],[-59.413638100000064,-34.396451800000278],[-59.413678700000055,-34.396411600000278],[-59.413690900000049,-34.396351400000277],[-59.413666500000062,-34.396272700000274],[-59.413625900000056,-34.396190600000267],[-59.413583300000056,-34.396135400000276],[-59.413532600000053,-34.396098600000272],[-59.413441300000066,-34.396070100000273],[-59.413348,-34.39606340000028],[-59.413228300000064,-34.396053400000255],[-59.413086300000067,-34.396033300000269],[-59.412976700000065,-34.395993100000283],[-59.41286920000006,-34.39595290000026],[-59.412723100000058,-34.395865900000267],[-59.412666300000062,-34.395809000000277],[-59.412619700000057,-34.395735300000261],[-59.412587200000068,-34.395644900000285],[-59.412589200000063,-34.395566200000282],[-59.412607500000064,-34.395479200000274],[-59.412605500000069,-34.395434000000286],[-59.412585200000059,-34.395368700000269],[-59.412550700000061,-34.395231400000263],[-59.412518200000072,-34.395125900000259],[-59.412463500000065,-34.395060700000272],[-59.412404600000073,-34.39498700000027],[-59.41232750000006,-34.394915000000282],[-59.412153100000054,-34.394672300000273],[-59.412007,-34.39445800000027],[-59.411783800000052,-34.394141600000275],[-59.411627600000052,-34.393960800000286],[-59.411530200000058,-34.393873700000285],[-59.411404400000052,-34.393759900000283],[-59.411275500000073,-34.393610400000263],[-59.410973600000062,-34.393404000000274],[-59.410713900000061,-34.393250000000279],[-59.410539400000069,-34.393106000000287],[-59.410462300000049,-34.393069200000276],[-59.410369,-34.393032300000286],[-59.410287900000064,-34.392958700000257],[-59.410117400000068,-34.392690800000267],[-59.409910500000073,-34.392376100000284],[-59.40972390000006,-34.392044600000254],[-59.409484500000055,-34.391659600000274],[-59.409269400000049,-34.391314700000265],[-59.409119300000064,-34.390976500000271],[-59.408969200000051,-34.390722100000275],[-59.408782500000065,-34.390427400000263],[-59.40865270000004,-34.390119400000266],[-59.408547200000072,-34.389874900000272],[-59.408466,-34.389744300000274],[-59.408419400000071,-34.389694100000277],[-59.40836050000005,-34.389667300000276],[-59.408281400000071,-34.389647200000262],[-59.408238800000056,-34.389622100000288],[-59.408202300000063,-34.389566900000275],[-59.408202300000077,-34.389523400000272],[-59.40818,-34.389479800000267],[-59.408127200000067,-34.389414500000271],[-59.408038,-34.389352600000286],[-59.408011600000059,-34.389317400000294],[-59.407983200000068,-34.389257200000273],[-59.40790410000006,-34.389193500000268],[-59.407664700000069,-34.388974200000284],[-59.407569300000041,-34.388880500000269],[-59.407510500000058,-34.38878840000028],[-59.407433400000066,-34.38865950000028],[-59.407354300000087,-34.388520500000261],[-59.407311700000072,-34.38844180000028],[-59.407143300000065,-34.388184000000287],[-59.406944400000064,-34.387907800000271],[-59.406861300000081,-34.387827400000269],[-59.406753700000067,-34.387750400000286],[-59.40663610000005,-34.38768010000026],[-59.406439300000066,-34.387576300000283],[-59.406240500000067,-34.387474100000297],[-59.406007200000069,-34.387362000000287],[-59.405814400000047,-34.387269900000263],[-59.405629800000071,-34.387161100000277],[-59.405465500000069,-34.387040500000289],[-59.405319400000053,-34.386930000000277],[-59.405248400000062,-34.386836300000283],[-59.405195600000056,-34.386727400000275],[-59.405132800000054,-34.38660860000028],[-59.40512460000005,-34.386509800000276],[-59.405114500000067,-34.386447800000283],[-59.40508,-34.386402600000267],[-59.405007,-34.386365800000291],[-59.40478580000007,-34.38629550000028],[-59.404562700000056,-34.386246900000273],[-59.404398300000054,-34.386208400000257],[-59.40431520000007,-34.386168200000277],[-59.404262400000071,-34.386118000000288],[-59.404185300000059,-34.386017600000272],[-59.404069700000065,-34.38577810000028],[-59.403903300000067,-34.385542100000272],[-59.403720700000072,-34.385279200000269],[-59.403578700000054,-34.385162000000292],[-59.403369800000057,-34.385001300000283],[-59.403207500000072,-34.384855600000286],[-59.403037,-34.384644700000258],[-59.402943700000066,-34.384552600000276],[-59.402815900000064,-34.384448800000271],[-59.402700300000063,-34.384396900000276],[-59.402572400000068,-34.384376800000261],[-59.402424300000071,-34.384366700000292],[-59.402349300000054,-34.384366700000285],[-59.402286400000065,-34.384350000000275],[-59.402193100000076,-34.384309800000281],[-59.402069300000065,-34.384232800000269],[-59.401949600000052,-34.384134000000273],[-59.40184210000006,-34.384010100000289],[-59.401740700000055,-34.383916400000274],[-59.40166760000006,-34.38387280000029],[-59.401535700000068,-34.383822600000279],[-59.40141,-34.383759000000282],[-59.401192900000055,-34.383635100000276],[-59.40103670000007,-34.383532900000283],[-59.400921,-34.383427500000259],[-59.400813500000069,-34.38337220000026],[-59.40071210000005,-34.383342100000277],[-59.400635,-34.383328700000277],[-59.400580200000057,-34.383340400000264],[-59.400521400000052,-34.383375600000264],[-59.400454400000051,-34.383407400000273],[-59.400389500000074,-34.383410700000276],[-59.400298200000059,-34.383422400000278],[-59.400227200000074,-34.383422400000278],[-59.400170400000057,-34.383404000000276],[-59.400119700000069,-34.383365500000266],[-59.400016200000067,-34.383283500000267],[-59.399924900000066,-34.383198100000271],[-59.399762600000081,-34.383032300000259],[-59.399630700000053,-34.382903400000288],[-59.399557700000074,-34.382849800000272],[-59.39944610000007,-34.382776600000277],[-59.399365,-34.382689500000268],[-59.399308200000064,-34.382565600000277],[-59.399287900000054,-34.382435000000271],[-59.399324400000047,-34.38237470000027],[-59.399385300000063,-34.382321100000283],[-59.399413700000061,-34.382234100000282],[-59.399389300000053,-34.38214700000028],[-59.399291900000058,-34.382033200000265],[-59.399125600000062,-34.381939400000256],[-59.398987600000062,-34.381862400000287],[-59.39889430000008,-34.381788700000264],[-59.39883750000007,-34.381691600000266],[-59.398809100000065,-34.381577700000278],[-59.398813100000055,-34.38147390000028],[-59.398845600000072,-34.381383500000275],[-59.398934900000057,-34.381246200000255],[-59.399016,-34.381145800000269],[-59.399109300000063,-34.381058700000267],[-59.399251400000068,-34.380964900000272],[-59.399344700000071,-34.380944800000286],[-59.399474500000053,-34.380954900000269],[-59.399567800000057,-34.380954900000276],[-59.399654500000068,-34.38094370000028],[-59.399703300000049,-34.380910600000284],[-59.399734800000061,-34.380863200000285],[-59.399743400000062,-34.380811100000287],[-59.399740600000058,-34.380763800000238],[-59.399697500000073,-34.380709300000269],[-59.399513900000059,-34.380529300000255],[-59.399227,-34.380195500000276],[-59.399189700000065,-34.380143400000271],[-59.399189700000065,-34.380077100000278],[-59.399201200000064,-34.380015500000255],[-59.399244200000069,-34.379920800000278],[-59.399298700000067,-34.379830800000271],[-59.399410600000067,-34.379733700000287],[-59.39949670000005,-34.379658000000276],[-59.39962,-34.379520600000262],[-59.399734800000068,-34.379395100000274],[-59.399780700000065,-34.379321700000261],[-59.399803700000056,-34.37926010000028],[-59.399800800000065,-34.379167800000268],[-59.399777800000059,-34.37900910000026],[-59.399769200000073,-34.378822100000271],[-59.399809400000059,-34.378698900000288],[-59.399858200000068,-34.378604200000261],[-59.399872500000065,-34.378488200000277],[-59.399895500000049,-34.378393500000271],[-59.399947100000077,-34.378327200000264],[-59.400041800000054,-34.378230100000273],[-59.400096300000051,-34.37814960000027],[-59.400125,-34.378080900000263],[-59.400125,-34.377981400000273],[-59.400102100000062,-34.377867800000253],[-59.400079100000063,-34.37773040000026],[-59.399951700000052,-34.377521800000281],[-59.399900100000067,-34.377394000000265],[-59.399816900000047,-34.377320500000266],[-59.399748,-34.37728740000027],[-59.399633300000062,-34.37726370000027],[-59.399489800000055,-34.377214000000279],[-59.399395100000071,-34.377164300000274],[-59.399326300000055,-34.377090800000275],[-59.399274600000048,-34.376991400000279],[-59.399225800000053,-34.376910900000276],[-59.399225800000067,-34.376837500000271],[-59.399248800000073,-34.376752200000261],[-59.399234400000061,-34.376671700000259],[-59.39919140000007,-34.376572300000284],[-59.39901480000006,-34.376234200000255],[-59.398978700000058,-34.375895800000279],[-59.398952900000069,-34.375784500000286],[-59.398950100000064,-34.375666100000274],[-59.398964400000061,-34.375559600000273],[-59.398961500000063,-34.375481400000261],[-59.398918500000057,-34.375438800000246],[-59.398855400000066,-34.375403300000286],[-59.398723400000065,-34.375306200000267],[-59.398643100000072,-34.375204400000257],[-59.398554100000062,-34.375083600000281],[-59.398465200000068,-34.375022000000271],[-59.398390600000063,-34.374998400000266],[-59.398313100000067,-34.374955700000285],[-59.398281600000068,-34.374924900000281],[-59.398275800000064,-34.374880000000267],[-59.398205400000066,-34.374795600000262],[-59.398173800000066,-34.374769600000263],[-59.398057800000039,-34.374593700000283],[-59.397966,-34.374536800000264],[-59.397822500000061,-34.37433080000028],[-59.39777950000007,-34.374233700000275],[-59.397785200000051,-34.37417920000027],[-59.397796700000072,-34.374131900000279],[-59.397834,-34.374101100000267],[-59.397928700000072,-34.374082200000274],[-59.39799180000005,-34.374077400000282],[-59.398052,-34.374053700000275],[-59.398109400000067,-34.373992200000281],[-59.398229900000061,-34.373793200000279],[-59.398316,-34.373646400000283],[-59.398354800000057,-34.37352010000027],[-59.398291600000057,-34.37339930000028],[-59.398225700000062,-34.37331880000027],[-59.398162500000055,-34.373285600000273],[-59.397961700000074,-34.373214600000281],[-59.397829700000074,-34.37316010000027],[-59.397692,-34.373053600000254],[-59.397631800000063,-34.373001500000271],[-59.39758010000007,-34.372977800000292],[-59.39746820000007,-34.372968300000274],[-59.397387900000062,-34.372973000000258],[-59.397310400000059,-34.372942300000268],[-59.397261600000064,-34.372890200000278],[-59.397238700000067,-34.37282390000027],[-59.397230100000073,-34.37277180000028],[-59.397247500000063,-34.372736200000254],[-59.397274100000068,-34.372629400000285],[-59.397359,-34.372430700000265],[-59.397458100000065,-34.372232100000282],[-59.39747230000004,-34.372091900000285],[-59.397571400000061,-34.371998400000273],[-59.397684600000062,-34.371834800000272],[-59.397797900000057,-34.371601100000277],[-59.397797900000072,-34.371367400000267],[-59.397500600000072,-34.370771500000266],[-59.397387300000062,-34.370362500000269],[-59.397458100000065,-34.369579600000279],[-59.397543,-34.36894860000028],[-59.397585500000055,-34.368165700000283],[-59.397712900000066,-34.367721600000266],[-59.397854500000058,-34.367347700000273],[-59.397840300000048,-34.366716700000289],[-59.397585500000069,-34.366389500000267],[-59.397528900000061,-34.36595710000028],[-59.397557200000065,-34.3656767000003],[-59.397599700000065,-34.365232600000283],[-59.397543,-34.36483530000028],[-59.397543,-34.364075700000285],[-59.397727100000061,-34.362895400000291],[-59.397585500000055,-34.362603200000272],[-59.397344800000063,-34.362299400000275],[-59.397344800000063,-34.361878700000283],[-59.397514700000059,-34.361189200000283],[-59.397882800000062,-34.360978900000276],[-59.398180100000062,-34.360850300000259],[-59.398293300000056,-34.360639900000301],[-59.397897,-34.359225900000276],[-59.397486400000055,-34.358723300000278],[-59.397288200000069,-34.358197400000265],[-59.397160800000087,-34.357776700000279],[-59.397104200000051,-34.356689800000275],[-59.397075,-34.356458600000281],[-59.396934300000069,-34.35611720000027],[-59.39679510000007,-34.355966200000289],[-59.396488300000073,-34.355782000000289],[-59.396389,-34.355641400000273],[-59.396290900000075,-34.355297700000278],[-59.396286900000064,-34.355003200000255],[-59.396321100000065,-34.354945800000273],[-59.396321900000061,-34.354860800000267],[-59.396194300000069,-34.354697100000273],[-59.395994500000057,-34.354233700000265],[-59.395791900000063,-34.35399980000026],[-59.395602700000055,-34.353821200000255],[-59.395557300000064,-34.353713400000274],[-59.395536300000074,-34.353410600000259],[-59.395438200000072,-34.35329600000027],[-59.395216100000049,-34.353138800000281],[-59.395169700000054,-34.353100900000271],[-59.395092600000069,-34.352833200000276],[-59.395053600000061,-34.352198400000269],[-59.394993400000047,-34.351928600000292],[-59.394898200000071,-34.351420400000279],[-59.394858800000065,-34.351281100000278],[-59.394766700000062,-34.351221000000272],[-59.394584600000066,-34.351224500000271],[-59.394459200000064,-34.351240200000277],[-59.394401,-34.351184700000267],[-59.394198900000063,-34.350566100000272],[-59.394179900000061,-34.350434900000273],[-59.394212200000055,-34.350299300000266],[-59.394326800000059,-34.349945300000279],[-59.394338900000065,-34.349847100000261],[-59.39425540000007,-34.349525000000277],[-59.394108900000063,-34.349322200000273],[-59.39389550000007,-34.349154200000271],[-59.39376060000005,-34.34894130000027],[-59.393660600000075,-34.348808800000278],[-59.393581,-34.348735500000281],[-59.393502700000063,-34.348676700000269],[-59.393031200000081,-34.34842730000026],[-59.392856600000066,-34.348304900000286],[-59.392487500000058,-34.34801100000027],[-59.392311100000057,-34.347713300000287],[-59.392260800000074,-34.347524800000272],[-59.392008600000061,-34.347164200000293],[-59.391847200000065,-34.346746600000273],[-59.391730400000071,-34.34623680000027],[-59.391601700000052,-34.345897000000285],[-59.391410100000058,-34.345631600000267],[-59.391094800000069,-34.344777900000274],[-59.39092310000008,-34.344164800000293],[-59.390743100000066,-34.343889100000268],[-59.39062,-34.343419300000278],[-59.390114200000049,-34.342201200000268],[-59.389976900000057,-34.342185100000272],[-59.389866500000068,-34.34208040000027],[-59.389718900000055,-34.341340900000276],[-59.389529800000062,-34.340895400000278],[-59.389382200000064,-34.340553500000276],[-59.389173600000056,-34.340412700000293],[-59.388930300000048,-34.340244600000275],[-59.388692900000073,-34.340110600000273],[-59.388546200000071,-34.339821400000268],[-59.388405900000066,-34.339086900000289],[-59.388343500000062,-34.338946900000273],[-59.387953900000049,-34.338441200000261],[-59.387782400000056,-34.337795800000286],[-59.387621500000066,-34.337451400000283],[-59.38749360000007,-34.337215800000273],[-59.387216300000048,-34.336591400000273],[-59.386936400000074,-34.336200900000271],[-59.386817900000061,-34.335754000000257],[-59.386802300000063,-34.335218200000277],[-59.386703,-34.335111500000252],[-59.386453100000061,-34.335029000000276],[-59.386173500000069,-34.33483720000028],[-59.385995,-34.334490600000272],[-59.385958,-34.334303800000278],[-59.386051900000062,-34.333992900000261],[-59.386072500000047,-34.333780800000284],[-59.386141500000072,-34.333701400000265],[-59.386332200000069,-34.333589800000283],[-59.386379800000064,-34.332719800000277],[-59.386329400000065,-34.332497000000266],[-59.386289500000053,-34.332444600000272],[-59.386199500000046,-34.332406800000271],[-59.386129700000083,-34.332279400000282],[-59.386151600000069,-34.332112900000268],[-59.386442700000075,-34.331501500000272],[-59.386477200000066,-34.33135200000028],[-59.386459600000066,-34.331153700000279],[-59.38639730000007,-34.330942000000263],[-59.38633860000008,-34.330863500000277],[-59.386258900000051,-34.330821900000281],[-59.386101700000047,-34.330773700000286],[-59.385917900000052,-34.330644500000261],[-59.385800300000049,-34.33040960000028],[-59.385841300000074,-34.330257500000279],[-59.385832300000061,-34.330118400000266],[-59.385826100000052,-34.32992720000027],[-59.385847900000066,-34.329702900000278],[-59.385736900000062,-34.329574100000272],[-59.385626300000048,-34.32947970000027],[-59.385383400000073,-34.329191400000269],[-59.385306400000061,-34.329146000000279],[-59.385145200000053,-34.329114600000274],[-59.385061500000063,-34.32904820000028],[-59.384946100000072,-34.328954800000282],[-59.384707900000052,-34.328725300000272],[-59.384557900000054,-34.32853580000026],[-59.384439200000052,-34.32838000000028],[-59.384390400000072,-34.328322100000278],[-59.384294200000063,-34.328118200000269],[-59.384338300000067,-34.328026400000269],[-59.384392300000066,-34.327896500000286],[-59.384441200000062,-34.327712300000272],[-59.384390200000048,-34.327569500000287],[-59.384408800000081,-34.327429800000267],[-59.384525700000061,-34.327310500000266],[-59.384547300000079,-34.327223300000284],[-59.384497200000062,-34.327072600000278],[-59.384402700000074,-34.326779500000264],[-59.384119300000059,-34.326504700000285],[-59.38406530000006,-34.326452000000266],[-59.383983700000066,-34.326372300000259],[-59.383888200000072,-34.32619170000028],[-59.383777300000062,-34.325990700000247],[-59.383761800000052,-34.325812600000255],[-59.383728,-34.325621700000269],[-59.383709500000073,-34.325273100000274],[-59.383641700000062,-34.325089900000286],[-59.383592400000055,-34.324993200000293],[-59.383407500000047,-34.324904200000283],[-59.383305900000067,-34.324789700000267],[-59.383201100000065,-34.32460390000027],[-59.383170300000053,-34.324400400000265],[-59.383210300000059,-34.324003400000272],[-59.383278100000069,-34.32371590000028],[-59.383324300000069,-34.323540300000282],[-59.383419900000064,-34.323349500000283],[-59.383549300000062,-34.323117900000256],[-59.383595500000055,-34.322899100000271],[-59.383527700000073,-34.32258360000025],[-59.383481500000059,-34.322387600000269],[-59.383324300000069,-34.32209500000026],[-59.383284300000071,-34.321934700000277],[-59.383133300000061,-34.321609000000279],[-59.383077900000067,-34.321504700000276],[-59.382933,-34.321400300000285],[-59.382594100000063,-34.321250200000279],[-59.382369200000056,-34.321123000000263],[-59.382224400000069,-34.320983000000275],[-59.38217820000007,-34.320764200000269],[-59.382224400000077,-34.320547900000271],[-59.382276800000071,-34.320268000000269],[-59.38224910000006,-34.319990600000267],[-59.382159700000066,-34.319865900000281],[-59.381959400000049,-34.319789600000284],[-59.381814600000055,-34.319718300000289],[-59.38172840000005,-34.31961660000028],[-59.381725300000056,-34.319489300000249],[-59.381805400000061,-34.319265400000269],[-59.381799900000068,-34.319056400000271],[-59.38181380000006,-34.318927500000271]]}},
{"type":"Feature","properties":{"waterway":"stream","name":"Arroyo Vagues","Name":"Arroyo Vagues (stream)"},"geometry":{"type":"LineString","coordinates":[[-59.473191400000069,-34.338490500000276],[-59.473036300000054,-34.338123400000285],[-59.472994900000067,-34.33793550000027],[-59.472912200000053,-34.337636700000274],[-59.472839800000067,-34.337440400000261],[-59.472726100000067,-34.337235400000274],[-59.472674400000074,-34.337039100000275],[-59.472602,-34.336868300000269],[-59.472498600000073,-34.336689000000284],[-59.472364200000072,-34.336518300000272],[-59.472260800000065,-34.336432900000275],[-59.472105700000064,-34.336356100000266],[-59.471950700000079,-34.33615970000028],[-59.471867900000063,-34.336108500000279],[-59.471764500000056,-34.335997500000254],[-59.471723200000071,-34.335835300000269],[-59.471578400000062,-34.335621800000261],[-59.471488400000077,-34.335478300000268],[-59.471061,-34.334909400000271],[-59.470819700000057,-34.334373800000265],[-59.470593400000062,-34.333676200000269],[-59.470306800000053,-34.333256800000264],[-59.470050300000068,-34.332708700000261],[-59.46990610000006,-34.332416200000253],[-59.469777300000054,-34.33196430000028],[-59.469670100000073,-34.331485900000274],[-59.469423300000066,-34.331158100000266],[-59.469240900000059,-34.330564500000264],[-59.469358900000053,-34.330139200000275],[-59.469251600000071,-34.329749400000267],[-59.468951200000049,-34.329005100000266],[-59.468811700000067,-34.328411500000264],[-59.468565,-34.327995100000294],[-59.468296800000068,-34.327738200000262],[-59.468168,-34.327357200000293],[-59.468275300000059,-34.326896400000273],[-59.468350400000062,-34.326471100000298],[-59.468189500000072,-34.325957200000268],[-59.46817870000006,-34.325204100000278],[-59.468114400000054,-34.32459270000026],[-59.467985600000063,-34.324238300000268],[-59.468028500000067,-34.323919300000277],[-59.468039300000079,-34.322927000000284],[-59.468007100000072,-34.32243960000028],[-59.467824700000058,-34.321987700000271],[-59.467545700000066,-34.321261100000285],[-59.467245300000059,-34.320570000000281],[-59.467277500000066,-34.320366200000286],[-59.467245300000059,-34.319985200000261],[-59.466977100000072,-34.319426900000281],[-59.466831200000065,-34.318960100000282],[-59.466770100000069,-34.31878360000028],[-59.466751800000054,-34.31853650000027],[-59.466721300000074,-34.318299500000279],[-59.466540800000068,-34.318164700000281],[-59.466360300000041,-34.318065300000271],[-59.466300100000062,-34.317845200000278],[-59.466337800000055,-34.317673900000273],[-59.466283800000056,-34.317450900000274],[-59.466373800000049,-34.317242700000278],[-59.466319800000065,-34.31703460000027],[-59.466103700000062,-34.316826400000267],[-59.465905700000071,-34.316692600000259],[-59.465743700000075,-34.316484500000257],[-59.465869700000063,-34.31620190000028],[-59.465869700000063,-34.315785600000275],[-59.465761700000073,-34.315220600000259],[-59.465725700000071,-34.314700200000267],[-59.465509700000069,-34.314150100000276],[-59.465374100000069,-34.31383240000028],[-59.465294500000063,-34.313415900000287],[-59.465281200000064,-34.313141900000282],[-59.465387400000061,-34.312856900000277],[-59.465559900000066,-34.312593800000279],[-59.465559900000066,-34.312407500000276],[-59.465506800000064,-34.312144400000278],[-59.46544040000007,-34.311892300000274],[-59.465175,-34.311815600000273],[-59.464883100000073,-34.311651200000277],[-59.464750400000064,-34.311508700000267],[-59.46461670000005,-34.311371900000275],[-59.464481300000067,-34.311313800000285],[-59.464318900000073,-34.311264600000271],[-59.464237700000062,-34.311157300000289],[-59.464107700000071,-34.310862100000278],[-59.464059,-34.310696700000264],[-59.463772,-34.310549100000266],[-59.463474300000073,-34.310464100000274],[-59.46321980000004,-34.310379100000269],[-59.463127700000051,-34.310191300000284],[-59.463003200000067,-34.310052700000277],[-59.462997800000046,-34.30989610000028],[-59.462943700000061,-34.309802200000263],[-59.462862500000064,-34.309753000000264],[-59.462824600000047,-34.309601000000285],[-59.462743300000071,-34.309533900000289],[-59.462537600000061,-34.30950710000026],[-59.462337300000065,-34.309431000000259],[-59.462147800000082,-34.309305800000267],[-59.462082800000061,-34.309265600000288],[-59.461974500000053,-34.309256600000275],[-59.461871600000073,-34.309234300000291],[-59.461763400000073,-34.309185100000278],[-59.461628,-34.309028500000274],[-59.46161720000007,-34.308867500000261],[-59.461546800000072,-34.308715500000289],[-59.461351900000047,-34.308630500000255],[-59.461037900000065,-34.308415800000269],[-59.460740100000052,-34.308062500000268],[-59.460648,-34.307736100000284],[-59.460664300000055,-34.307373800000263],[-59.46040980000005,-34.30702050000027],[-59.460085,-34.306881900000256],[-59.459879200000067,-34.306872900000272],[-59.459835900000073,-34.306895300000278],[-59.459765500000067,-34.306890800000261],[-59.459706,-34.306828200000268],[-59.459706,-34.306734300000279],[-59.459651800000067,-34.306667200000277],[-59.459570600000049,-34.306595600000279],[-59.459164500000057,-34.306058900000252],[-59.458861300000045,-34.305589300000264],[-59.458336200000048,-34.305034800000271],[-59.457648600000056,-34.304627800000276],[-59.457448200000059,-34.304431000000278],[-59.457361600000048,-34.304193900000286],[-59.45742120000007,-34.303997200000261],[-59.457339900000058,-34.303880900000266],[-59.457139600000062,-34.303652800000265],[-59.456966400000056,-34.30347840000028],[-59.456841800000049,-34.303254700000267],[-59.456722700000064,-34.303098200000278],[-59.456538600000066,-34.302820900000278],[-59.456143400000059,-34.302650900000295],[-59.455975600000066,-34.302521200000264],[-59.455905200000068,-34.302248400000273],[-59.455769800000049,-34.3016670000003],[-59.455634500000073,-34.301573000000268],[-59.455342100000067,-34.301416500000279],[-59.455021900000069,-34.301119400000267],[-59.454915,-34.301107700000266],[-59.454872300000062,-34.301051400000276],[-59.454814100000071,-34.300943800000283],[-59.454903600000065,-34.300690600000273],[-59.454921700000057,-34.300616500000267],[-59.454956100000054,-34.300488800000259],[-59.454925800000069,-34.300430200000278],[-59.45485780000007,-34.30029270000027],[-59.454802400000062,-34.30023740000027],[-59.454796600000051,-34.300190700000286],[-59.454597400000054,-34.300022500000274],[-59.454556600000068,-34.299962800000266],[-59.454535100000072,-34.299901000000283],[-59.454504700000051,-34.299645200000271],[-59.454473700000065,-34.29949580000028],[-59.454404400000065,-34.299362400000255],[-59.454328200000063,-34.29924140000027],[-59.45425160000007,-34.299099600000275],[-59.454045900000054,-34.298846600000267],[-59.453869400000066,-34.298536000000261],[-59.453696,-34.298301200000289],[-59.453522,-34.297922400000267],[-59.453336800000059,-34.297601000000284],[-59.453276600000059,-34.297434400000284],[-59.453266,-34.297328400000268],[-59.453251,-34.297190700000272],[-59.453115300000064,-34.297057600000272],[-59.453023500000064,-34.296998500000257],[-59.452936600000058,-34.296822300000265],[-59.452849100000059,-34.296693900000278],[-59.452804,-34.296488700000282],[-59.452747500000065,-34.296107800000264],[-59.452718,-34.295648700000278],[-59.452581500000058,-34.295342600000282],[-59.452505800000054,-34.295132800000282],[-59.452429200000047,-34.295054500000262],[-59.452401300000062,-34.294977900000276],[-59.452295900000081,-34.294864100000275],[-59.452257800000055,-34.294706400000273],[-59.452202800000066,-34.294631200000282],[-59.452102,-34.294481100000269],[-59.452080500000051,-34.294502600000278],[-59.452041,-34.294464600000275],[-59.451957300000068,-34.294434100000267],[-59.451934500000071,-34.29436810000027],[-59.451905300000064,-34.294286800000265],[-59.451943100000065,-34.294088800000267],[-59.451942500000065,-34.293947100000281],[-59.451900600000059,-34.293843700000266],[-59.451880900000063,-34.293703000000271],[-59.451774,-34.293591100000285],[-59.451666900000056,-34.293505400000271],[-59.451532500000056,-34.293455000000279],[-59.451385400000063,-34.293474500000279],[-59.451200400000062,-34.293451200000291],[-59.451099400000068,-34.293420600000267],[-59.451042500000071,-34.293403700000276],[-59.450972200000066,-34.293356600000273],[-59.450919900000081,-34.293310200000271],[-59.450852100000063,-34.293193000000279],[-59.450752800000046,-34.293128900000276],[-59.450642300000069,-34.293092300000268],[-59.450594,-34.293025800000272],[-59.450477100000072,-34.292939800000262],[-59.450407,-34.292919400000265],[-59.450358800000068,-34.29284260000027],[-59.450335600000059,-34.292768500000292],[-59.450350500000077,-34.292719100000276],[-59.450393700000056,-34.292682000000262],[-59.450488400000069,-34.292635400000272],[-59.450521600000066,-34.292610700000274],[-59.450536500000055,-34.292581900000272],[-59.45054650000008,-34.29253800000027],[-59.450533200000059,-34.292491300000272],[-59.450514500000068,-34.292445200000259],[-59.450486,-34.292357100000274],[-59.45048240000007,-34.292252200000277],[-59.450501200000062,-34.292137700000268],[-59.450508200000066,-34.292050400000257],[-59.450487100000061,-34.291986400000269],[-59.450426,-34.291873800000253],[-59.450320300000051,-34.291761300000275],[-59.450167700000065,-34.291625500000272],[-59.450036200000064,-34.291479900000276],[-59.449871800000061,-34.291225800000277],[-59.449822500000067,-34.291093800000269],[-59.449813100000064,-34.291012300000268],[-59.449824800000066,-34.290932800000249],[-59.449857700000059,-34.290894000000279],[-59.449869400000061,-34.29084160000027],[-59.449843700000066,-34.290766100000283],[-59.449706800000072,-34.290574700000278],[-59.449468300000071,-34.290459100000255],[-59.449309800000051,-34.290207500000278],[-59.449312700000057,-34.290034800000285],[-59.449391400000067,-34.289679100000278],[-59.449354400000061,-34.289321700000265],[-59.449099500000067,-34.288783900000283],[-59.448842200000051,-34.288450500000295],[-59.448476400000054,-34.288321600000273],[-59.44832250000006,-34.288226100000287],[-59.448227400000043,-34.288060000000279],[-59.447901100000045,-34.287566100000284],[-59.447646900000066,-34.287388000000277],[-59.44754120000006,-34.287165300000282],[-59.44741470000006,-34.287073400000281],[-59.447262200000054,-34.286890400000274],[-59.446955700000061,-34.286676500000276],[-59.446648500000059,-34.286231900000281],[-59.446574600000055,-34.285965900000285],[-59.446239900000052,-34.285433500000273],[-59.445999800000067,-34.284832200000274],[-59.44578580000006,-34.284723600000277],[-59.445416100000067,-34.28472360000027],[-59.445132600000065,-34.28478470000028],[-59.444812200000058,-34.284682900000284],[-59.444689,-34.28449960000026],[-59.444664300000071,-34.284234900000293],[-59.44482450000006,-34.283939600000252],[-59.444984700000056,-34.283735900000281],[-59.445214600000071,-34.283662100000292],[-59.445292900000069,-34.283542400000279],[-59.445280100000055,-34.283423100000277],[-59.445215100000077,-34.283302500000268],[-59.445009400000068,-34.283175800000279],[-59.44472,-34.283049000000283],[-59.44455540000007,-34.282841800000291],[-59.444532100000075,-34.282530900000275],[-59.444486800000057,-34.28244160000029],[-59.444252600000063,-34.282285600000279],[-59.443858800000051,-34.28214680000027],[-59.443604800000067,-34.281924800000283],[-59.443302,-34.281716500000279],[-59.442985800000059,-34.281524600000274],[-59.44291,-34.281338100000276],[-59.442707,-34.281063300000262],[-59.442779600000065,-34.280830900000282],[-59.442670400000061,-34.280503700000281],[-59.442453700000073,-34.280242600000271],[-59.442362500000073,-34.280003800000273],[-59.442171600000066,-34.279843300000259],[-59.441959400000059,-34.279687600000273],[-59.441732500000064,-34.279589800000259],[-59.441615900000059,-34.279611200000275],[-59.441553300000074,-34.279548800000278],[-59.441273300000056,-34.279408000000267],[-59.441271100000066,-34.279402600000282]]}},
{"type":"Feature","properties":{"waterway":"stream","name":null,"Name":"sin nombre (stream)"},"geometry":{"type":"LineString","coordinates":[[-59.465559900000066,-34.312593800000279],[-59.465617800000047,-34.312586800000275],[-59.46568220000006,-34.312538100000282],[-59.465741200000068,-34.312507100000275],[-59.465853800000048,-34.312582400000267],[-59.465961100000058,-34.312693200000282],[-59.466089900000078,-34.312777300000278],[-59.466368800000062,-34.312777300000278],[-59.466674600000047,-34.312741900000276],[-59.466969600000077,-34.312759600000291],[-59.467388100000065,-34.312777300000278],[-59.467565100000066,-34.312724200000282],[-59.467683100000066,-34.312657700000287],[-59.467795700000075,-34.312622300000278],[-59.467994200000057,-34.31262670000028],[-59.468294600000064,-34.31272860000027],[-59.468584300000074,-34.313083100000256],[-59.468729200000062,-34.313193800000278],[-59.468949100000067,-34.313255900000286],[-59.469136900000052,-34.313220400000269],[-59.469426500000061,-34.313127400000283],[-59.469769900000053,-34.313060900000274],[-59.469936200000063,-34.31311410000027],[-59.47007030000006,-34.313242600000279],[-59.470209700000062,-34.313291300000273],[-59.470429700000054,-34.313233700000268],[-59.470558400000066,-34.31322930000028],[-59.470676400000073,-34.31338440000026],[-59.470832,-34.313517300000264],[-59.471116300000055,-34.313663500000274],[-59.471379200000072,-34.313663500000281],[-59.471615200000059,-34.313574900000276],[-59.471808300000056,-34.313574900000276],[-59.472393100000048,-34.313672400000272],[-59.47268810000007,-34.313752100000293],[-59.473149400000082,-34.313987000000282],[-59.47329430000007,-34.314004700000268],[-59.473433800000059,-34.313960400000262],[-59.473744900000071,-34.314062300000266],[-59.473986300000071,-34.314181900000264],[-59.474420800000068,-34.314545200000289],[-59.474619300000057,-34.31464270000027],[-59.47471580000007,-34.314642700000277],[-59.474855300000058,-34.314598400000293],[-59.475080600000062,-34.314523100000265],[-59.475086,-34.314518700000271],[-59.475391800000054,-34.314571800000273],[-59.475483,-34.314664900000253],[-59.475531200000049,-34.31477120000028],[-59.475397100000066,-34.314930700000261],[-59.475359500000053,-34.315187700000273],[-59.47540780000007,-34.315289600000277],[-59.475665300000067,-34.315617400000264],[-59.475708200000078,-34.315763700000268],[-59.475751100000046,-34.315896600000265],[-59.475851400000067,-34.316045900000276],[-59.47601490000006,-34.316134600000261],[-59.47626240000006,-34.316342900000286],[-59.476453800000073,-34.316477900000272],[-59.476759500000064,-34.316730300000266],[-59.476905700000067,-34.316802200000275]]}},
{"type":"Feature","properties":{"waterway":"stream","name":null,"Name":"sin nombre (stream)"},"geometry":{"type":"LineString","coordinates":[[-59.30564760000005,-34.479159800000261],[-59.304869800000048,-34.479042600000284],[-59.304271600000071,-34.478761800000278],[-59.302628800000072,-34.478110700000279],[-59.301038200000058,-34.477507000000273],[-59.300607700000072,-34.477259400000271],[-59.300385100000057,-34.477231800000283],[-59.30021210000006,-34.47714000000029],[-59.29998410000006,-34.476997400000272],[-59.299805800000065,-34.47677740000028],[-59.29976020000008,-34.476648000000274],[-59.299832600000059,-34.476495500000262],[-59.299980100000049,-34.476360600000284],[-59.300065900000064,-34.476197000000248],[-59.29994260000008,-34.476059900000273],[-59.299719900000063,-34.475986900000258],[-59.299473200000051,-34.475920600000272],[-59.299306900000047,-34.475832100000275],[-59.299188900000054,-34.475681800000281],[-59.299135200000052,-34.475533600000261],[-59.299014500000062,-34.475266100000276],[-59.298947500000061,-34.47506710000026],[-59.298727500000048,-34.47491010000028],[-59.298590700000062,-34.474841600000268],[-59.298040900000068,-34.474554100000262],[-59.297761900000076,-34.474410400000281],[-59.297410600000063,-34.474226900000275],[-59.297236200000057,-34.474158300000269],[-59.296968,-34.474072100000285],[-59.296514700000067,-34.473928300000267],[-59.295900500000066,-34.473733800000261],[-59.295659100000059,-34.473691800000275],[-59.295415,-34.473517100000286],[-59.295229900000074,-34.47339320000026],[-59.295103900000072,-34.47331810000027],[-59.294892,-34.473307000000247],[-59.294717600000062,-34.473278300000267],[-59.294594200000056,-34.473156600000266],[-59.294551300000052,-34.473030600000278],[-59.29453520000007,-34.472962100000288],[-59.294414500000066,-34.472847100000287],[-59.294218700000073,-34.472794000000256],[-59.294079200000056,-34.472787400000286],[-59.293934400000062,-34.472749800000273],[-59.293825800000072,-34.472690100000278],[-59.293654100000062,-34.472508800000277],[-59.293552200000057,-34.472418100000262],[-59.293572300000072,-34.472326300000269],[-59.293580400000067,-34.472211400000269],[-59.29363,-34.472136200000257],[-59.293530700000062,-34.472075400000278],[-59.293403300000065,-34.472032200000285],[-59.29285080000006,-34.471796800000284],[-59.292590600000061,-34.471706100000269],[-59.292380100000074,-34.471719400000268],[-59.292256700000053,-34.471737100000283],[-59.292157400000065,-34.471768000000274],[-59.292086400000059,-34.47179560000027],[-59.29203,-34.471806700000272],[-59.291938800000054,-34.471778000000278],[-59.291870400000057,-34.471722700000264],[-59.291834200000061,-34.47166850000027],[-59.291823500000049,-34.471607700000277],[-59.291716200000053,-34.47148610000027],[-59.291478800000064,-34.471347900000275],[-59.291212,-34.471162100000278],[-59.291055100000051,-34.471176500000261],[-59.290764,-34.471108000000285],[-59.290560200000058,-34.470989700000274],[-59.290155200000065,-34.47091120000028],[-59.289825300000082,-34.470943200000256],[-59.289455100000048,-34.470954300000258],[-59.289223100000072,-34.47093770000027],[-59.288981700000065,-34.470958700000274],[-59.28880740000006,-34.470966400000258],[-59.28864510000006,-34.470906700000263],[-59.288388900000072,-34.470808300000272],[-59.288210600000063,-34.47080060000026],[-59.288128800000074,-34.470868000000273],[-59.288083200000067,-34.470924400000264],[-59.287950400000071,-34.470978600000279],[-59.28779350000007,-34.470957600000276],[-59.287727800000077,-34.470920000000262],[-59.287713,-34.470844800000272],[-59.28770630000006,-34.470747500000265],[-59.287695600000063,-34.470692200000279],[-59.287678200000066,-34.470619300000287],[-59.287648600000068,-34.470557400000281],[-59.287577600000063,-34.470552900000264],[-59.287507800000064,-34.470551800000294],[-59.28740860000007,-34.47053970000028],[-59.287326800000059,-34.47053300000028],[-59.287258400000056,-34.470526400000267],[-59.287127,-34.47046340000027],[-59.287035800000069,-34.470403700000254],[-59.286775600000063,-34.47030310000028],[-59.286594500000056,-34.470278700000264],[-59.286409500000055,-34.470374900000273],[-59.286351800000062,-34.470443500000279],[-59.286284700000067,-34.470497600000272],[-59.286193600000047,-34.470524200000277],[-59.286048700000073,-34.470441300000275],[-59.285891800000073,-34.470336200000276],[-59.285799300000065,-34.470256600000255],[-59.285678600000047,-34.470174800000279],[-59.285600800000068,-34.470095200000266],[-59.285500200000051,-34.470025500000276],[-59.285409,-34.469972500000274],[-59.285292300000059,-34.469958100000262],[-59.285139400000048,-34.469997900000273],[-59.284979900000053,-34.470001200000276],[-59.284829600000066,-34.46992710000027],[-59.284805500000061,-34.469858600000286],[-59.284737100000065,-34.469735900000252],[-59.284643200000062,-34.469550100000269],[-59.284585600000064,-34.469448400000275],[-59.284483600000058,-34.469410800000276],[-59.284188600000057,-34.469366600000257],[-59.283790300000057,-34.469347800000286],[-59.283527400000061,-34.469292500000279],[-59.283390600000047,-34.469231700000272],[-59.283227,-34.469160900000276],[-59.282966900000041,-34.46898290000027],[-59.282805900000071,-34.468933200000258],[-59.282626200000053,-34.468841400000265],[-59.282556500000062,-34.46877400000028],[-59.282592700000073,-34.468620300000275],[-59.282600700000067,-34.468513000000279],[-59.282569900000055,-34.468466600000262],[-59.282481400000073,-34.468404700000278],[-59.282404900000074,-34.468340500000259],[-59.282305700000066,-34.468281900000278],[-59.282191700000062,-34.468266500000276],[-59.282109900000066,-34.468284100000261],[-59.28203610000007,-34.468308500000262],[-59.281969100000062,-34.468330600000264],[-59.281794700000056,-34.468326200000277],[-59.281607,-34.468366000000273],[-59.281475500000063,-34.468400200000268],[-59.281243500000059,-34.468466600000276],[-59.281102700000055,-34.468573800000279],[-59.281042400000054,-34.468687700000267],[-59.281016900000054,-34.468829200000279],[-59.281022300000082,-34.468936500000268],[-59.281022300000053,-34.468985100000275],[-59.281003500000061,-34.469008400000284],[-59.280968600000051,-34.469018300000286],[-59.280917600000066,-34.469019400000263],[-59.280712500000057,-34.46892210000027],[-59.280475100000061,-34.468797200000274],[-59.280275300000064,-34.468640200000273],[-59.280130400000061,-34.468540700000283],[-59.280011100000053,-34.468462200000253],[-59.279948,-34.468385900000278],[-59.279827300000065,-34.468252100000271],[-59.279699900000075,-34.468096200000268],[-59.279591300000071,-34.468004400000275],[-59.279518900000049,-34.467935900000285],[-59.279400900000063,-34.467875100000278],[-59.279328400000061,-34.467872800000265],[-59.279250700000048,-34.467910400000292],[-59.279199700000063,-34.467933700000273],[-59.27915540000005,-34.468011000000274],[-59.279083,-34.468159200000279],[-59.278788,-34.46827090000027],[-59.278458100000044,-34.468314000000277],[-59.278259600000048,-34.468381400000276],[-59.278164400000065,-34.468667800000262],[-59.278063800000062,-34.468865700000279],[-59.277900400000064,-34.469032400000273],[-59.277871,-34.469185000000266],[-59.277845,-34.469234900000274],[-59.277820800000057,-34.469252000000282],[-59.27777930000007,-34.469264900000269],[-59.277748100000068,-34.469294800000284],[-59.277715300000054,-34.469346200000274],[-59.277659900000053,-34.469470200000288],[-59.277647800000068,-34.469505900000271],[-59.277659900000067,-34.469517300000277],[-59.277661700000053,-34.469534400000271],[-59.277649500000074,-34.469557200000281],[-59.277602800000061,-34.469615700000269],[-59.27756480000005,-34.469647100000266],[-59.277502500000047,-34.469689800000268],[-59.277452400000072,-34.469745500000279],[-59.277407400000072,-34.469802500000277],[-59.277378,-34.469838100000274],[-59.277338200000067,-34.469906600000279],[-59.277286300000064,-34.47000500000027],[-59.277253400000049,-34.470052100000267],[-59.277205,-34.470094800000275],[-59.277156600000069,-34.470124800000271],[-59.277059700000066,-34.470177500000283],[-59.277003700000073,-34.47019820000029]]}},
{"type":"Feature","properties":{"waterway":"stream","name":null,"Name":"sin nombre (stream)"},"geometry":{"type":"LineString","coordinates":[[-59.476961700000061,-34.316853800000246],[-59.477053800000064,-34.316896600000277],[-59.477070300000065,-34.317029500000288],[-59.477250900000065,-34.317256200000266],[-59.477358300000056,-34.317514700000267],[-59.477624500000061,-34.318050800000258],[-59.477671200000067,-34.318255200000273],[-59.477708600000064,-34.318440300000269],[-59.477755300000076,-34.31894180000026],[-59.477872,-34.319443200000286],[-59.478161600000057,-34.320129700000273],[-59.478273700000067,-34.32065810000028],[-59.478306400000065,-34.32093200000029],[-59.478474500000061,-34.321576100000279],[-59.478759300000064,-34.322386000000265],[-59.478955500000055,-34.322551800000269],[-59.479273,-34.322598100000278],[-59.479450500000056,-34.322575000000285],[-59.479722400000064,-34.322771800000268],[-59.481558700000065,-34.326893900000265],[-59.482581700000068,-34.328318800000261],[-59.482902100000061,-34.329153300000286],[-59.483247200000065,-34.330313500000273],[-59.48341970000007,-34.330568000000255],[-59.48401130000007,-34.331443200000265],[-59.484173900000073,-34.331597600000279],[-59.484417800000074,-34.331658100000261],[-59.484824400000058,-34.331718500000271],[-59.484954500000079,-34.331832700000284],[-59.484938200000073,-34.332087800000266],[-59.484808100000066,-34.332577900000274],[-59.484832500000067,-34.332765900000282],[-59.484897500000052,-34.332933800000276],[-59.485043900000079,-34.333007700000273],[-59.485409800000063,-34.333054700000275],[-59.485596800000067,-34.333148700000294],[-59.485653700000064,-34.333289700000279],[-59.485930200000077,-34.33341720000027],[-59.486190400000069,-34.333605200000271],[-59.486418,-34.333954400000273],[-59.48645870000005,-34.334196100000284],[-59.486393600000063,-34.334437800000281],[-59.486125300000083,-34.334961500000276]]}},
{"type":"Feature","properties":{"waterway":"stream","name":null,"Name":"sin nombre (stream)"},"geometry":{"type":"LineString","coordinates":[[-59.476905700000067,-34.316802200000275],[-59.476961700000061,-34.316853800000246]]}},
{"type":"Feature","properties":{"waterway":"stream","name":"Arroyo Suero","Name":"Arroyo Suero (stream)"},"geometry":{"type":"LineString","coordinates":[[-59.434847100000049,-34.355849700000284],[-59.434028400000074,-34.355519800000287],[-59.433818800000061,-34.355455700000284],[-59.433279800000065,-34.355113200000268],[-59.433260900000064,-34.35508540000027],[-59.433050100000067,-34.354978600000273],[-59.432724,-34.354653400000274],[-59.432491,-34.35456350000026],[-59.432302500000063,-34.354405100000278],[-59.432238,-34.354225100000264],[-59.431997900000056,-34.354124300000272],[-59.431924800000061,-34.35401200000026],[-59.431894800000073,-34.353708700000261],[-59.431857500000064,-34.35359030000027],[-59.431703800000058,-34.35350700000027],[-59.431440700000088,-34.353257400000274],[-59.431336400000063,-34.353105800000279],[-59.431231300000071,-34.35303550000026],[-59.430999500000063,-34.352834900000282],[-59.430750400000051,-34.352652800000271],[-59.430556500000066,-34.352526600000282],[-59.430508800000048,-34.352454100000273],[-59.430293100000071,-34.352264700000276],[-59.430212100000062,-34.35215840000027],[-59.42997990000007,-34.351947100000253],[-59.429842400000048,-34.351884800000285],[-59.42951110000007,-34.351731900000267],[-59.429409200000066,-34.351617700000268],[-59.429411100000067,-34.351356500000279],[-59.42946610000007,-34.351209300000285],[-59.429373900000066,-34.351062300000272],[-59.429075800000071,-34.350874200000277],[-59.429021300000073,-34.350820400000259],[-59.428949500000066,-34.350808100000279],[-59.428513100000067,-34.350489500000279],[-59.428467700000049,-34.350450100000273],[-59.428408500000074,-34.350418600000289],[-59.428129300000066,-34.350308900000293],[-59.428001800000061,-34.350213300000291],[-59.427866300000062,-34.350036300000284],[-59.427702700000054,-34.349890300000276],[-59.427617200000071,-34.34981500000027],[-59.42752810000006,-34.349759200000278],[-59.427442500000055,-34.349658400000273],[-59.427194600000071,-34.349439500000287],[-59.427050400000063,-34.349239500000273],[-59.426939200000064,-34.349174300000257],[-59.426590600000061,-34.349014000000267],[-59.426428400000056,-34.348685300000277],[-59.425947900000068,-34.348424600000286],[-59.425898,-34.348332300000273],[-59.425934400000074,-34.348184900000291],[-59.426260600000063,-34.347807200000275],[-59.426230900000064,-34.347489800000268],[-59.425970600000063,-34.347158200000273],[-59.425645,-34.346971500000279],[-59.425504400000072,-34.346811400000263],[-59.425239,-34.346601300000266],[-59.425167500000072,-34.346410400000273],[-59.425199,-34.346251100000281],[-59.425182100000065,-34.346176200000272],[-59.425038600000065,-34.34604350000027],[-59.424910700000069,-34.345965000000263],[-59.424765400000048,-34.345800500000287],[-59.42461260000006,-34.345537700000278],[-59.424503900000055,-34.345414400000266],[-59.424421200000076,-34.345282000000253],[-59.424339900000071,-34.345254400000293],[-59.424057200000064,-34.345148300000268],[-59.423936200000071,-34.345002700000293],[-59.423880300000064,-34.34472440000026],[-59.423910300000067,-34.34448960000028],[-59.423898900000054,-34.344240000000269],[-59.423564300000074,-34.343721400000277],[-59.423138600000044,-34.343267100000261],[-59.422761600000058,-34.343145500000261],[-59.422563900000057,-34.342990700000286],[-59.422328300000061,-34.342677600000293],[-59.422273900000071,-34.34243610000027],[-59.42195,-34.342164900000284],[-59.421887,-34.342053700000278],[-59.422059300000051,-34.341516200000285],[-59.421994800000064,-34.34141300000028],[-59.421904400000074,-34.341315600000272],[-59.421793100000059,-34.341300200000255],[-59.421629400000064,-34.34130660000028],[-59.42144820000005,-34.341248700000264],[-59.421463700000061,-34.341169700000279],[-59.421341400000074,-34.340989000000256],[-59.421266,-34.340517200000271],[-59.421062900000052,-34.340267500000266],[-59.42093380000005,-34.339986000000273],[-59.420894100000069,-34.339940700000284],[-59.420687,-34.339839900000278],[-59.420532,-34.339686200000273],[-59.42050640000005,-34.339567500000271],[-59.420597500000063,-34.33933390000027],[-59.420622300000069,-34.339168700000265],[-59.420669100000069,-34.339034300000272],[-59.420633500000065,-34.338927300000272],[-59.420092100000048,-34.338469000000281],[-59.419805700000062,-34.338342900000285],[-59.419654100000059,-34.338327700000278],[-59.419597500000066,-34.338292900000297],[-59.419507400000057,-34.338281800000281],[-59.419215600000072,-34.338300800000269],[-59.418970600000065,-34.33826280000028],[-59.418859700000063,-34.338217400000268],[-59.418607100000067,-34.338180300000282],[-59.418412200000056,-34.338182800000261],[-59.418028200000066,-34.338102500000275],[-59.417808700000052,-34.338088800000271],[-59.417534800000062,-34.338015000000269],[-59.417407400000066,-34.337944300000281],[-59.417169900000061,-34.337589100000265],[-59.416626100000087,-34.337309500000273],[-59.416287600000047,-34.337203500000271],[-59.415942400000048,-34.337018100000286],[-59.415715900000052,-34.336970600000271],[-59.415582400000062,-34.33700300000028],[-59.415365600000051,-34.337090500000294],[-59.415238400000064,-34.337089000000262],[-59.414832100000055,-34.336906200000271],[-59.414611,-34.336759400000268],[-59.414539200000064,-34.336780900000271],[-59.414380100000074,-34.336708800000252],[-59.414210300000072,-34.336689900000266],[-59.41396270000007,-34.336422800000271],[-59.413725100000065,-34.336273400000259],[-59.413557100000062,-34.336067100000278],[-59.413457100000045,-34.335718600000284],[-59.41360760000007,-34.335251900000266],[-59.413510800000076,-34.33507050000027],[-59.413286400000068,-34.334979300000278],[-59.413066500000056,-34.334888000000255],[-59.412887,-34.334762900000271],[-59.412753500000065,-34.334742300000279],[-59.412473900000059,-34.334783800000267],[-59.412156300000049,-34.334910600000264],[-59.412053200000067,-34.334936500000275],[-59.41199090000007,-34.334994300000275],[-59.411757200000068,-34.335060000000276],[-59.411432400000052,-34.335083100000269],[-59.411356900000072,-34.335078500000272],[-59.411079200000067,-34.335142600000246],[-59.410800900000062,-34.335119900000294],[-59.410116800000054,-34.334766700000273],[-59.409964800000054,-34.334729000000287],[-59.409487700000064,-34.334669100000269],[-59.40927970000007,-34.334666400000273],[-59.409095100000066,-34.334688600000291],[-59.408726700000059,-34.334601200000264],[-59.40864950000006,-34.334605600000287],[-59.408367500000054,-34.334640000000277],[-59.408253800000068,-34.334615800000279],[-59.408033100000075,-34.334546600000266],[-59.407801100000064,-34.334431800000253],[-59.407514600000049,-34.334411100000267],[-59.407208200000071,-34.334431200000267],[-59.406626900000056,-34.334295000000274],[-59.40618250000005,-34.334250100000261],[-59.405921600000063,-34.334257500000277],[-59.405821300000056,-34.334305300000267],[-59.405465,-34.334586900000282],[-59.405333,-34.334613200000277],[-59.405121300000062,-34.334572100000273],[-59.404806200000053,-34.334611700000288],[-59.404585600000047,-34.334481000000281],[-59.404298700000069,-34.33444240000027],[-59.403894500000064,-34.334451400000255],[-59.403798200000061,-34.334409300000253],[-59.403467400000054,-34.333927900000276],[-59.403438500000064,-34.333847000000276],[-59.403320100000066,-34.333762800000287],[-59.403175100000063,-34.333758000000266],[-59.403078300000061,-34.333781200000267],[-59.402758700000057,-34.333717900000273],[-59.402465800000066,-34.333746400000273],[-59.402186900000046,-34.333640500000271],[-59.402082900000067,-34.33348680000028],[-59.401703400000066,-34.333103600000271],[-59.40137820000006,-34.333045900000272],[-59.401176100000065,-34.332970100000267],[-59.40094530000006,-34.332975200000256],[-59.400838,-34.332935500000282],[-59.400441500000063,-34.332558400000266],[-59.400382900000061,-34.332411700000272],[-59.400357,-34.332270800000281],[-59.400084800000066,-34.332122700000276],[-59.39991320000005,-34.332107500000276],[-59.39968790000006,-34.332190700000275],[-59.399413900000049,-34.33221320000029],[-59.399226,-34.332295500000278],[-59.399106300000057,-34.332397200000266],[-59.398984800000072,-34.332437900000272],[-59.398753100000064,-34.332581900000285],[-59.398469,-34.332672000000279],[-59.398407700000071,-34.332650300000275],[-59.398276100000061,-34.332476400000282],[-59.398089700000057,-34.332430900000283],[-59.397989300000063,-34.332438600000273],[-59.397767100000067,-34.332579900000283],[-59.397633600000049,-34.332697900000269],[-59.397552400000066,-34.332707100000292],[-59.397426700000054,-34.332683700000267],[-59.397289700000059,-34.332509800000281],[-59.397033500000056,-34.33232430000028],[-59.396786900000066,-34.332152700000279],[-59.396351900000049,-34.332036200000275],[-59.396037300000053,-34.331980700000273],[-59.395888600000056,-34.331931900000278],[-59.395618700000071,-34.331927900000281],[-59.395177800000056,-34.331772200000266],[-59.395047700000063,-34.331689900000278],[-59.394655100000065,-34.331513000000271],[-59.394539600000066,-34.331387700000271],[-59.39457350000005,-34.331321500000286],[-59.39462720000008,-34.331260100000279],[-59.394632800000061,-34.331156500000297],[-59.394457200000055,-34.330843900000261],[-59.394224300000047,-34.33068820000026],[-59.394130500000067,-34.330668900000262],[-59.393481200000068,-34.330653900000272],[-59.393203300000074,-34.330424900000274],[-59.393097800000064,-34.330397700000262],[-59.39295460000006,-34.330457000000273],[-59.39283930000007,-34.330480600000278],[-59.392628700000081,-34.33045710000026],[-59.392504800000054,-34.330479700000275],[-59.392075900000066,-34.330575700000267],[-59.391845400000065,-34.330693500000272],[-59.39172,-34.330660600000279],[-59.39169,-34.330526000000262],[-59.391650200000065,-34.330466200000274],[-59.391645500000067,-34.330398400000277],[-59.391533700000046,-34.330226900000277],[-59.391471200000069,-34.330197100000277],[-59.391287900000066,-34.330118600000269],[-59.391132700000064,-34.330231800000277],[-59.390941,-34.330273100000269],[-59.390609900000065,-34.330071800000269],[-59.390284100000059,-34.329955400000287],[-59.389618900000066,-34.329754700000258],[-59.389351700000063,-34.32981980000028],[-59.388899,-34.330029000000273],[-59.388518100000063,-34.32992660000027],[-59.388039600000063,-34.329900500000264],[-59.387811400000075,-34.329816600000271],[-59.387719300000064,-34.329764900000292],[-59.387550300000058,-34.329773000000259],[-59.387480900000064,-34.329808800000272],[-59.387385800000061,-34.329954500000262],[-59.386992100000072,-34.330084100000278],[-59.386893,-34.330056600000276],[-59.386783200000053,-34.329975700000283],[-59.385847900000066,-34.329702900000278]]}},
{"type":"Feature","properties":{"waterway":"stream","name":null,"Name":"sin nombre (stream)"},"geometry":{"type":"LineString","coordinates":[[-59.466094900000058,-34.44389190000026],[-59.465696400000063,-34.443812700000272],[-59.465312300000051,-34.443682000000265],[-59.465229800000067,-34.443661900000279],[-59.465101600000047,-34.443626700000287]]}},
{"type":"Feature","properties":{"waterway":"stream","name":null,"Name":"sin nombre (stream)"},"geometry":{"type":"LineString","coordinates":[[-59.404824300000065,-34.456863300000279],[-59.403571500000048,-34.455708800000266],[-59.402963600000071,-34.455389800000283],[-59.402687200000067,-34.455025200000264],[-59.401766100000067,-34.454326400000276],[-59.401029200000067,-34.453323800000284],[-59.400163300000074,-34.453080700000271],[-59.399794800000066,-34.452792100000266],[-59.399463200000071,-34.452670600000275],[-59.399021100000063,-34.452366800000284],[-59.398468400000077,-34.452123700000271],[-59.39791570000007,-34.451850200000273],[-59.397621,-34.451698300000274],[-59.397215700000061,-34.451424900000291],[-59.396515600000072,-34.450604500000274],[-59.396220800000059,-34.449784200000259],[-59.394102200000056,-34.447991500000285],[-59.393475800000068,-34.447444600000274],[-59.392794200000047,-34.446700200000265],[-59.392462600000052,-34.446320400000268],[-59.39202040000005,-34.44580380000027],[-59.391817800000062,-34.445408800000266],[-59.391283500000071,-34.444968200000268],[-59.390804500000073,-34.444041500000267],[-59.389901800000054,-34.443570500000263],[-59.388833300000066,-34.44302350000028],[-59.388651500000073,-34.44294390000028],[-59.388634900000042,-34.442913200000277]]}},
{"type":"Feature","properties":{"waterway":"stream","name":null,"Name":"sin nombre (stream)"},"geometry":{"type":"LineString","coordinates":[[-59.501685500000065,-34.481654800000271],[-59.501423900000063,-34.481658700000267],[-59.500840100000062,-34.481770300000285],[-59.499934,-34.482028300000259],[-59.49914940000005,-34.482567300000277],[-59.499116700000066,-34.48264430000026],[-59.499154,-34.482790600000271],[-59.499065300000076,-34.483037000000266],[-59.499163400000064,-34.483410400000253],[-59.499289500000067,-34.483529700000261],[-59.499457600000071,-34.483626000000257],[-59.499541700000051,-34.483806900000268],[-59.499714500000053,-34.484007100000291],[-59.500032100000062,-34.484530700000278],[-59.500120900000063,-34.484827100000281],[-59.50017220000008,-34.485162100000252],[-59.500064800000061,-34.486324700000274],[-59.500027400000064,-34.486471000000279],[-59.499926,-34.486597300000284],[-59.499965500000066,-34.486792700000258],[-59.499915100000067,-34.486967900000273],[-59.500006400000068,-34.48716510000029],[-59.499982,-34.487751700000267],[-59.500145500000066,-34.487966000000284],[-59.500158400000061,-34.488040600000275],[-59.500080800000049,-34.488262100000277],[-59.500064800000061,-34.488405900000267],[-59.500469500000065,-34.489118000000268],[-59.50056,-34.489454000000279],[-59.500723100000059,-34.48967880000027],[-59.500801700000061,-34.489751000000268],[-59.50109230000006,-34.489753100000279],[-59.501145900000054,-34.489807700000284],[-59.501248400000065,-34.490053400000278],[-59.501104200000064,-34.49035550000027],[-59.50111750000007,-34.490552800000273],[-59.501238200000067,-34.490651400000267],[-59.501221700000066,-34.490795600000268],[-59.500983200000064,-34.490983300000288],[-59.500834300000058,-34.491072700000267],[-59.500941600000054,-34.491205700000279],[-59.501306400000068,-34.49131110000026],[-59.501398400000063,-34.491563400000274],[-59.501395,-34.492007600000264],[-59.501239100000049,-34.492334100000278],[-59.501025800000065,-34.492491900000267],[-59.500950300000063,-34.492614000000273],[-59.50096080000008,-34.492753700000272],[-59.501089600000071,-34.493069500000267],[-59.501092600000071,-34.493426900000266],[-59.501242,-34.493734000000288],[-59.501278900000074,-34.493843300000279],[-59.501512,-34.493989100000263],[-59.501564800000047,-34.494065000000283],[-59.501568100000078,-34.494297000000266],[-59.501616800000065,-34.494462500000267],[-59.501742200000066,-34.494859600000268],[-59.501697600000071,-34.495147600000287],[-59.501624900000067,-34.49520240000026],[-59.501442300000072,-34.495197700000276],[-59.501320700000079,-34.495246700000266],[-59.501221300000054,-34.49532190000027],[-59.501250800000065,-34.495479200000268],[-59.501236800000065,-34.495626800000267],[-59.501013800000074,-34.495873900000262],[-59.500855800000053,-34.496174500000265],[-59.500936200000062,-34.496460100000284],[-59.50104550000006,-34.496587100000269],[-59.501037800000049,-34.496688900000308],[-59.500861600000057,-34.49678840000027],[-59.500877200000055,-34.496899600000283],[-59.501242,-34.497465500000253],[-59.501422500000068,-34.498221400000254],[-59.50176720000006,-34.498526400000287],[-59.501814800000048,-34.498696000000258],[-59.501734500000069,-34.499105600000277],[-59.501840700000074,-34.499517300000285],[-59.501911600000064,-34.499574700000274],[-59.502091,-34.499596200000262],[-59.502175500000064,-34.499640200000272],[-59.502237600000058,-34.499761900000273],[-59.502120900000072,-34.500108900000249],[-59.501893800000062,-34.500401000000281],[-59.501884400000066,-34.500518400000281],[-59.501946900000071,-34.50061250000028],[-59.50202,-34.500667200000287],[-59.502100600000063,-34.50067250000027],[-59.502135300000063,-34.500746700000263],[-59.502089600000069,-34.500918200000285],[-59.501964400000062,-34.501065800000262],[-59.501946,-34.501134000000292],[-59.502040300000061,-34.501270400000273],[-59.502049900000067,-34.501333700000274],[-59.501966700000061,-34.501387800000273],[-59.501791800000056,-34.501515100000283],[-59.501644600000063,-34.501524500000272],[-59.501424500000077,-34.501499900000276],[-59.501327800000062,-34.50152250000027],[-59.501247300000067,-34.501621200000265],[-59.501244900000053,-34.50179850000027],[-59.501285800000062,-34.501918000000288],[-59.501267400000067,-34.502039700000282],[-59.501136800000062,-34.502216700000261],[-59.501123100000065,-34.502299900000274],[-59.501149700000063,-34.502368400000272],[-59.501274900000055,-34.502542600000282],[-59.501315400000053,-34.502776200000277],[-59.50125430000007,-34.503076700000292],[-59.501228600000061,-34.503628200000271],[-59.501268,-34.503761700000261],[-59.501380400000052,-34.503849100000274],[-59.501530100000053,-34.503893000000254],[-59.501700700000065,-34.503924400000287],[-59.501757900000058,-34.503994300000272],[-59.501779800000072,-34.504109900000266],[-59.501820600000073,-34.504181500000279],[-59.501821900000067,-34.504316200000275],[-59.501869200000073,-34.504411300000271],[-59.501872100000057,-34.504508300000275],[-59.501807900000067,-34.50460970000028],[-59.501650300000065,-34.50466780000027],[-59.501536700000067,-34.504634500000279],[-59.501459500000088,-34.504639300000264],[-59.50142170000008,-34.504753300000253],[-59.501456300000051,-34.504843100000258],[-59.501544100000061,-34.504909900000271],[-59.50172910000007,-34.504932400000271],[-59.501869300000067,-34.504990700000263],[-59.502002600000068,-34.50507420000028],[-59.502086700000056,-34.50517370000027],[-59.502141900000062,-34.505303500000281],[-59.502119700000073,-34.505433300000263],[-59.502026100000073,-34.505607700000255],[-59.501979,-34.505822400000277],[-59.501886800000065,-34.505943300000268],[-59.501776800000073,-34.505994000000278],[-59.501672900000067,-34.506034700000264],[-59.501594700000069,-34.506178400000266],[-59.501641900000074,-34.506349700000271],[-59.501606800000062,-34.506475900000268],[-59.501532700000062,-34.506605500000255],[-59.501543500000061,-34.506690500000254],[-59.501573200000074,-34.506745400000256],[-59.501761500000057,-34.506891800000254],[-59.501836700000055,-34.507007100000287],[-59.501864300000065,-34.507102900000277],[-59.501831200000048,-34.507452300000274],[-59.501784400000062,-34.50754800000027],[-59.501711200000059,-34.507631900000263],[-59.50113730000006,-34.507966300000277],[-59.501044600000071,-34.50807090000027],[-59.501017200000064,-34.508173900000301],[-59.501078600000078,-34.508304600000272],[-59.501256800000064,-34.508553200000271],[-59.501281500000083,-34.508686700000261],[-59.501255800000074,-34.508810900000263],[-59.501203100000062,-34.508874400000273],[-59.500983100000056,-34.508918700000272],[-59.500929500000062,-34.508970600000261],[-59.500895600000064,-34.509052600000274],[-59.500953900000063,-34.509426100000276],[-59.500920100000052,-34.509543000000271],[-59.500405200000081,-34.509967400000271],[-59.500343900000068,-34.510068000000274],[-59.500349400000061,-34.510192900000263],[-59.500374700000066,-34.510268400000264],[-59.500350600000061,-34.510355600000253],[-59.500240100000084,-34.510444800000279],[-59.500054900000066,-34.510559100000272],[-59.500032600000061,-34.510629500000277],[-59.500276400000068,-34.510957500000281],[-59.500310500000062,-34.511228200000268],[-59.500272,-34.51148860000027],[-59.500265700000064,-34.51186010000027],[-59.500239100000066,-34.511919500000275],[-59.500096100000057,-34.512043700000262],[-59.500010600000081,-34.512172100000271],[-59.500049,-34.512427800000282],[-59.499990700000062,-34.512534300000276],[-59.499912400000063,-34.512621300000276],[-59.499859,-34.512759800000275],[-59.500009800000072,-34.513030700000272],[-59.500226100000063,-34.513185800000279],[-59.500279800000072,-34.513265200000262],[-59.500298500000049,-34.513380800000263],[-59.500228400000069,-34.51359300000027],[-59.500161700000064,-34.513864100000262],[-59.500172200000065,-34.51421050000026],[-59.500406300000051,-34.514938300000253],[-59.500549200000066,-34.515070000000271],[-59.500742200000069,-34.515075500000279],[-59.500872500000064,-34.515115900000261],[-59.500880200000068,-34.515247300000262],[-59.500812400000058,-34.515365700000267],[-59.500648500000061,-34.515564200000284],[-59.500586100000049,-34.515706600000271],[-59.500661800000067,-34.515801900000277],[-59.500947800000063,-34.515984900000269],[-59.501010700000059,-34.51634490000027],[-59.500996200000053,-34.516700300000252],[-59.500811900000073,-34.516837300000262],[-59.500748500000057,-34.516951400000281],[-59.500677700000054,-34.517246200000251],[-59.500584800000077,-34.517391000000281],[-59.500477200000063,-34.517442800000275],[-59.500432,-34.517520100000276],[-59.500419700000066,-34.517610100000283],[-59.500729600000049,-34.517915900000268],[-59.500769500000068,-34.518036800000267],[-59.500652100000067,-34.518239000000285],[-59.500671600000061,-34.518328800000262],[-59.500732800000065,-34.518432800000276],[-59.500924300000058,-34.518565300000255],[-59.501003300000065,-34.518665900000272],[-59.500993700000073,-34.518777000000256],[-59.500898700000064,-34.519108300000276],[-59.500912800000066,-34.51923520000026],[-59.501421300000068,-34.519955400000278],[-59.501412700000074,-34.520089400000273],[-59.501349400000073,-34.520259400000263],[-59.501239200000064,-34.520345900000287],[-59.50103,-34.520391900000263],[-59.500856300000073,-34.520264800000255],[-59.500718900000074,-34.520281800000276],[-59.500654600000068,-34.520395700000272],[-59.500626600000047,-34.520536700000278],[-59.500947300000078,-34.520820500000269],[-59.501055700000059,-34.521007300000278],[-59.501170800000054,-34.521100700000275],[-59.501275500000055,-34.521134800000262],[-59.501510500000073,-34.521128200000284],[-59.501649700000065,-34.521176800000269],[-59.501784600000072,-34.521662900000273],[-59.501788600000062,-34.521837600000282],[-59.501715800000063,-34.521915500000269],[-59.501578300000062,-34.521996500000277],[-59.501466,-34.522118400000259],[-59.501352100000062,-34.522294900000276],[-59.50126250000006,-34.522362100000272],[-59.501136300000056,-34.522371600000291],[-59.501020300000057,-34.522221200000267],[-59.500916500000059,-34.522167500000265],[-59.500801900000056,-34.522164800000276],[-59.500721300000059,-34.522218900000254],[-59.500631300000073,-34.522640800000275],[-59.500451100000063,-34.522837400000299],[-59.500403100000064,-34.52301550000027],[-59.500322900000057,-34.523055400000267],[-59.50031440000005,-34.523214500000286],[-59.500224400000064,-34.523277200000273],[-59.500008800000067,-34.523279900000269],[-59.499929200000061,-34.523353300000267],[-59.499988700000067,-34.523496400000269],[-59.500119600000055,-34.523632600000276],[-59.500103900000049,-34.523733900000288],[-59.499994300000047,-34.523802700000267],[-59.499369600000065,-34.52385960000025],[-59.499104200000069,-34.524047400000285],[-59.49898450000007,-34.524095200000275],[-59.49883870000005,-34.524235300000264],[-59.49879750000008,-34.524384700000255],[-59.498891400000076,-34.524542800000276],[-59.498791,-34.524703900000269],[-59.498675400000074,-34.52475530000028],[-59.498508800000067,-34.524878700000265],[-59.498517,-34.525003500000274],[-59.498569400000058,-34.525091500000272],[-59.498555600000074,-34.525175100000276],[-59.49880550000006,-34.525353300000283],[-59.498801200000052,-34.525480600000279],[-59.498603300000056,-34.525690300000271],[-59.49853490000006,-34.525962100000271],[-59.498499800000083,-34.526054800000253]]}},
{"type":"Feature","properties":{"waterway":"stream","name":null,"Name":"sin nombre (stream)"},"geometry":{"type":"LineString","coordinates":[[-59.483440300000062,-34.50198980000026],[-59.483638500000062,-34.502724800000259],[-59.484006600000065,-34.50263150000027],[-59.484289700000062,-34.50294650000027],[-59.484148100000063,-34.504638100000271],[-59.484261400000072,-34.504906500000267],[-59.484105700000065,-34.505139800000286],[-59.484289700000062,-34.505396500000266],[-59.484063200000087,-34.505886400000257],[-59.484332200000068,-34.507449700000286],[-59.484572800000059,-34.507694700000293],[-59.484856,-34.509152900000274],[-59.484714400000072,-34.509537900000275],[-59.48468610000004,-34.509911200000275],[-59.484983400000068,-34.510599400000281],[-59.485181600000054,-34.511357700000261],[-59.485139100000069,-34.511859300000275],[-59.485011700000072,-34.512524200000279],[-59.484700200000056,-34.513340800000265],[-59.484643600000055,-34.513784000000285],[-59.484813500000065,-34.51425060000026],[-59.484374600000059,-34.51464730000027],[-59.484615300000065,-34.515102200000278],[-59.484332200000054,-34.51545210000026],[-59.484516200000066,-34.516292000000277],[-59.484247200000063,-34.517108500000276],[-59.484573300000065,-34.518657400000272],[-59.484794,-34.519672700000257],[-59.484663200000064,-34.520065200000268],[-59.484924800000051,-34.520465400000283],[-59.484728600000061,-34.520911700000276],[-59.484971500000078,-34.521719700000261],[-59.485419800000052,-34.52172740000028],[-59.485587900000063,-34.522335300000272],[-59.485597200000065,-34.522820100000267],[-59.486167,-34.523666600000276],[-59.486549900000064,-34.523435800000279],[-59.487091600000063,-34.523674300000273],[-59.487708100000049,-34.523612800000279],[-59.487642700000066,-34.524028300000275],[-59.488343200000045,-34.524266800000262],[-59.488380600000056,-34.524751600000279],[-59.489006300000057,-34.525067100000285],[-59.489436,-34.524844000000272],[-59.48984690000006,-34.524897800000268],[-59.489977700000061,-34.524982500000256],[-59.490715600000065,-34.525636600000269],[-59.491210600000052,-34.526098200000263],[-59.491481400000048,-34.526329100000282],[-59.49150950000007,-34.526829300000273],[-59.491191900000061,-34.527190900000278],[-59.491014400000068,-34.527898800000266],[-59.49136,-34.528245100000277],[-59.491658900000061,-34.528745300000267],[-59.492172700000062,-34.529123200000278]]}},
{"type":"Feature","properties":{"waterway":"stream","name":"Arroyo Giles","Name":"Arroyo Giles (stream)"},"geometry":{"type":"LineString","coordinates":[[-59.486393500000055,-34.465190100000271],[-59.486280700000059,-34.465253300000271],[-59.486127300000064,-34.465357500000287],[-59.485946900000073,-34.46546910000027],[-59.485816100000058,-34.46564010000025],[-59.485747,-34.465857300000273],[-59.485715100000064,-34.466109800000268],[-59.485562,-34.466272800000269],[-59.485453600000064,-34.466372800000286],[-59.485300500000072,-34.466520000000273],[-59.485262200000065,-34.466635700000268],[-59.485051700000064,-34.466725100000282],[-59.484771,-34.466935500000268],[-59.484483900000065,-34.467019700000264],[-59.484235100000078,-34.467035500000271],[-59.483903400000074,-34.46706700000027],[-59.483692800000064,-34.467166900000265],[-59.48342490000006,-34.46733000000026],[-59.483118700000063,-34.467372100000247],[-59.482704,-34.467524600000274],[-59.482356200000062,-34.467769400000279],[-59.482200600000063,-34.467857900000254],[-59.481980700000079,-34.467999400000267],[-59.481862600000063,-34.468127700000252],[-59.48175,-34.46828690000028],[-59.481712400000056,-34.468463800000265],[-59.48165340000007,-34.468587600000262],[-59.481567600000076,-34.46872910000026],[-59.481401300000066,-34.468839700000267],[-59.481267200000062,-34.468937000000267],[-59.481170600000063,-34.46906080000025],[-59.481025800000054,-34.469158100000264],[-59.480859500000079,-34.46921120000026],[-59.480752200000055,-34.469352700000279],[-59.480752200000055,-34.469547300000279],[-59.480703900000051,-34.469684400000276],[-59.480575200000061,-34.469795000000261],[-59.480500100000071,-34.469901100000271],[-59.480435700000051,-34.470047100000279],[-59.480242600000047,-34.470201900000284],[-59.47995290000005,-34.470263800000275],[-59.479770500000065,-34.470254900000263],[-59.479641800000067,-34.470254900000256],[-59.47953750000007,-34.470274500000265],[-59.479458700000073,-34.470367800000268],[-59.479330600000061,-34.47037430000028]]}},
{"type":"Feature","properties":{"waterway":"stream","name":null,"Name":"sin nombre (stream)"},"geometry":{"type":"LineString","coordinates":[[-59.397436300000066,-34.421387100000253],[-59.39625,-34.419692900000278],[-59.396072900000064,-34.419064800000264],[-59.396037500000048,-34.418524400000287],[-59.396161500000048,-34.417691900000264],[-59.396161500000055,-34.417049200000264],[-59.395878200000062,-34.41599750000028],[-59.395524100000067,-34.415267200000294],[-59.394320100000066,-34.413572900000275],[-59.39407220000006,-34.413090800000255],[-59.393983700000071,-34.412725700000273],[-59.393293200000087,-34.409716600000294],[-59.393186900000067,-34.409263800000268],[-59.392939100000063,-34.408942400000271],[-59.392620400000069,-34.408679500000289],[-59.391965300000059,-34.408241200000262],[-59.389716600000057,-34.406035400000285],[-59.388778200000054,-34.404925200000271],[-59.387981500000052,-34.403625100000248],[-59.387627400000071,-34.402602500000256],[-59.387627400000056,-34.401740600000252],[-59.387556600000067,-34.401024700000264],[-59.386866,-34.399257000000276],[-59.386759800000064,-34.398570400000267],[-59.386777500000051,-34.398102900000282],[-59.386724400000048,-34.397825300000285],[-59.386848300000054,-34.397533100000274],[-59.387096200000059,-34.397094800000268],[-59.387344100000064,-34.396861100000265],[-59.387379500000065,-34.396729600000292],[-59.387237900000059,-34.396598100000261],[-59.385821400000069,-34.395239400000278],[-59.38525480000007,-34.394801100000286],[-59.384422700000059,-34.393778400000272],[-59.383652500000061,-34.39324170000026],[-59.382882300000063,-34.392869100000269],[-59.381377300000068,-34.39222630000026],[-59.381182500000065,-34.39209480000028],[-59.380855,-34.391641800000279],[-59.380438900000051,-34.391145100000273],[-59.380292,-34.391023900000292]]}},
{"type":"Feature","properties":{"waterway":"stream","name":null,"Name":"sin nombre (stream)"},"geometry":{"type":"LineString","coordinates":[[-59.332124200000074,-34.373023000000273],[-59.331872100000048,-34.372956600000272]]}},
{"type":"Feature","properties":{"waterway":"stream","name":null,"Name":"sin nombre (stream)"},"geometry":{"type":"LineString","coordinates":[[-59.308168900000062,-34.379104900000272],[-59.308149500000049,-34.379128900000268],[-59.308144200000065,-34.379155900000292],[-59.308175900000066,-34.37919210000026],[-59.308805,-34.379649900000274],[-59.308858900000047,-34.379776100000264],[-59.308061100000053,-34.380400000000286],[-59.307951600000067,-34.380408600000273],[-59.307779600000075,-34.380408600000266],[-59.307617900000061,-34.380456000000279],[-59.307482400000048,-34.380546300000276],[-59.30717480000007,-34.380705500000261],[-59.306507400000051,-34.381024000000274],[-59.306382200000066,-34.38113590000026],[-59.306351,-34.381230500000271],[-59.306403100000047,-34.381368200000274],[-59.306486500000048,-34.381450000000285],[-59.30665860000007,-34.381450000000271],[-59.306736800000067,-34.381544600000268],[-59.306653400000066,-34.381643600000253],[-59.306481300000051,-34.381708200000276],[-59.306236200000065,-34.381734000000272],[-59.306032900000055,-34.381807100000273],[-59.305756600000066,-34.382099700000275],[-59.305323800000068,-34.382482700000267],[-59.305120500000072,-34.382573100000272],[-59.304776300000064,-34.382908700000272],[-59.304510400000062,-34.383278800000262],[-59.304171500000074,-34.383536900000273],[-59.304103700000063,-34.383614400000276],[-59.303916,-34.383760700000281],[-59.30375960000007,-34.383838100000276],[-59.303655300000074,-34.383954300000255],[-59.303519800000053,-34.384096300000266],[-59.303233,-34.38423830000027],[-59.302920200000067,-34.384285600000283],[-59.302586500000061,-34.384449200000262],[-59.302258,-34.384608400000275],[-59.301887800000067,-34.384810600000293],[-59.301387300000073,-34.385111800000274],[-59.301079700000052,-34.38533980000026],[-59.300902400000048,-34.385507700000261],[-59.300876300000063,-34.385662600000273],[-59.300834600000066,-34.38586480000027],[-59.300756400000068,-34.386170300000281],[-59.300662500000051,-34.386381100000257],[-59.300537400000067,-34.38654030000027],[-59.300354900000073,-34.386703800000284],[-59.300172400000065,-34.386867300000276],[-59.300094200000061,-34.387043800000264],[-59.299875200000052,-34.387164200000292],[-59.299484200000066,-34.387435300000284],[-59.299390300000063,-34.387474000000267],[-59.299291300000078,-34.387474000000267],[-59.299160900000054,-34.387469700000281],[-59.298796,-34.387422400000276],[-59.298670800000053,-34.387422400000268],[-59.298451800000066,-34.38743530000027],[-59.298269300000072,-34.387478300000268],[-59.29811810000006,-34.387482600000254],[-59.297966900000056,-34.387448200000279],[-59.297810500000047,-34.387366500000269],[-59.297701,-34.38729330000028],[-59.297607200000066,-34.387246000000282],[-59.297492500000061,-34.387258900000276],[-59.297341300000056,-34.387332000000285],[-59.297164,-34.387405200000273],[-59.29677820000007,-34.387512800000273],[-59.296475700000066,-34.387616000000271],[-59.29630370000006,-34.387607400000277],[-59.29623590000007,-34.387555800000278],[-59.296173300000063,-34.387508500000273],[-59.296152500000069,-34.387452500000272],[-59.296100300000056,-34.38740090000028],[-59.296001300000057,-34.387336300000271],[-59.295938700000058,-34.387319100000276],[-59.295844900000063,-34.387336300000278],[-59.295771900000069,-34.387392300000279],[-59.295714500000066,-34.387448200000264],[-59.295552900000068,-34.387521400000267],[-59.295406900000089,-34.387555800000271],[-59.295234800000067,-34.387564400000272],[-59.29490640000008,-34.38757730000026],[-59.294640400000056,-34.387590200000282],[-59.294551800000065,-34.387620300000293],[-59.294452700000072,-34.387702100000276],[-59.294385,-34.38779670000028],[-59.294166,-34.38788710000027],[-59.293993900000061,-34.387986100000269],[-59.293858300000046,-34.388037700000282],[-59.293728,-34.388097900000275],[-59.293649800000061,-34.388175400000257],[-59.293566400000074,-34.388278600000277],[-59.293477700000061,-34.388390500000263],[-59.293363,-34.388450700000277],[-59.293237900000058,-34.388485200000275],[-59.292779100000061,-34.38846370000028],[-59.292633100000067,-34.388442100000269],[-59.292565300000064,-34.388424900000281],[-59.292507900000047,-34.38836900000026],[-59.292388,-34.388265700000282],[-59.292330700000065,-34.388222700000277],[-59.292216,-34.388162500000284],[-59.292122100000071,-34.388141000000253],[-59.292007400000067,-34.388145300000282],[-59.291887500000058,-34.38819690000026],[-59.291762300000066,-34.388201200000282],[-59.291444300000059,-34.388235600000286],[-59.291256600000047,-34.388274300000269],[-59.291089700000072,-34.38836040000028],[-59.290886400000062,-34.388511000000271],[-59.290166900000067,-34.388928300000273],[-59.289968700000053,-34.389074600000271],[-59.289833200000061,-34.38926390000028],[-59.289713300000066,-34.389345700000291],[-59.289629800000071,-34.389358600000286],[-59.289520400000065,-34.389341400000262],[-59.289311800000043,-34.389319900000274],[-59.289129300000063,-34.389362900000279],[-59.288795600000071,-34.389500600000282],[-59.288566200000062,-34.38954360000028],[-59.288383700000054,-34.389487700000274],[-59.288133400000063,-34.389504900000269],[-59.288003100000068,-34.389535000000265],[-59.287763300000066,-34.389621100000269],[-59.287387800000062,-34.389668400000268],[-59.286574500000071,-34.389870600000293],[-59.286277300000059,-34.389952400000269],[-59.286006200000067,-34.390068500000275],[-59.285828900000048,-34.390171800000275],[-59.285583800000062,-34.390266500000273],[-59.285484800000063,-34.39033960000026],[-59.285328300000074,-34.390485900000272],[-59.284952900000057,-34.390731100000281],[-59.284786100000055,-34.390830100000272],[-59.284603600000061,-34.390877400000278],[-59.28449930000005,-34.390834400000273],[-59.284290800000065,-34.390817200000257],[-59.283931,-34.39085590000029],[-59.283738100000051,-34.390838700000252],[-59.283211500000057,-34.390804300000269],[-59.283044600000068,-34.390782800000245],[-59.282903900000051,-34.39072250000028],[-59.282825600000066,-34.390670900000273],[-59.28263270000005,-34.390623600000282],[-59.28253890000007,-34.390623600000268],[-59.282413700000063,-34.390662300000272],[-59.282304300000057,-34.390722500000287],[-59.282033100000064,-34.39086880000027],[-59.281871500000058,-34.390924800000278],[-59.281746400000067,-34.390950600000288],[-59.281616,-34.390967800000276],[-59.281407500000057,-34.390954900000267],[-59.281277100000075,-34.390907500000282],[-59.281178,-34.390916100000275],[-59.281115500000048,-34.390942000000273],[-59.281042500000069,-34.39101940000026],[-59.281000800000058,-34.391118400000259],[-59.280979900000062,-34.39123020000028],[-59.280938200000065,-34.391290500000274],[-59.280839100000058,-34.391329200000271],[-59.280708800000063,-34.391324900000264],[-59.280541900000074,-34.391286200000273],[-59.280416800000062,-34.391281900000287],[-59.280286500000066,-34.391281900000287],[-59.280135300000062,-34.391324900000285],[-59.279968400000072,-34.391320600000277],[-59.279431400000057,-34.391299100000268],[-59.279170700000051,-34.39128190000028],[-59.278988200000065,-34.391316300000291],[-59.278857800000061,-34.391342100000266],[-59.278529400000053,-34.391423800000283],[-59.278357300000067,-34.391488400000284],[-59.278242600000048,-34.391574400000287],[-59.278164400000065,-34.391664800000278],[-59.278065300000065,-34.391768100000291],[-59.277955800000051,-34.391819700000269],[-59.27782550000007,-34.391888500000292],[-59.277538700000058,-34.391931500000275],[-59.277361400000053,-34.391953100000272],[-59.277199800000055,-34.391931500000275],[-59.277059,-34.391892800000285],[-59.276939100000057,-34.391832600000271],[-59.276798300000067,-34.391819700000262],[-59.276688800000066,-34.39182400000027],[-59.276516800000053,-34.391849800000266],[-59.276104900000064,-34.391858400000267],[-59.275927600000067,-34.391858400000274],[-59.27568250000008,-34.391832600000285],[-59.27551050000006,-34.391785300000272],[-59.275291500000051,-34.391755100000267],[-59.275109,-34.391781000000286],[-59.274931700000067,-34.391879900000276],[-59.274712800000067,-34.391961700000273],[-59.274431200000066,-34.392009000000257],[-59.274269600000061,-34.39203480000026],[-59.274175700000072,-34.392095000000289],[-59.274029700000064,-34.392189700000259],[-59.273946300000077,-34.392219800000255],[-59.273847200000041,-34.392224100000277],[-59.273758600000065,-34.392202600000253],[-59.273623,-34.39216820000027],[-59.273560500000052,-34.392206900000275],[-59.273492700000055,-34.392232700000285],[-59.273451,-34.392301600000273],[-59.273466600000056,-34.392413400000279],[-59.27346660000007,-34.392503800000284],[-59.273398800000066,-34.392559700000277],[-59.273247600000069,-34.392568300000264],[-59.273195500000071,-34.392568300000264],[-59.273148600000056,-34.392525300000266],[-59.272934800000058,-34.392430600000282],[-59.272820100000054,-34.392379000000275],[-59.272695,-34.392344600000264],[-59.272606300000056,-34.392348900000272],[-59.272522900000055,-34.392400500000285],[-59.272387300000069,-34.392447800000276],[-59.272189200000057,-34.392594100000288],[-59.272032800000069,-34.392688800000293],[-59.271819,-34.392731800000277],[-59.271469700000061,-34.392886700000268],[-59.271068200000059,-34.393144800000279],[-59.270833600000067,-34.39323950000027],[-59.270463400000054,-34.393329900000282],[-59.27038,-34.39341160000027],[-59.270145300000088,-34.393592300000279],[-59.269968100000064,-34.393682600000261],[-59.269801200000067,-34.39371280000028],[-59.269478,-34.393876300000279],[-59.269243300000056,-34.393910700000276],[-59.268982600000072,-34.393910700000269],[-59.26872720000005,-34.39391500000027],[-59.268503,-34.39397950000027],[-59.268132800000053,-34.394186000000268],[-59.267512300000057,-34.394706600000283],[-59.267189,-34.39501210000028],[-59.267095200000078,-34.39516270000027],[-59.267095200000064,-34.395296000000265],[-59.267131700000071,-34.395455200000264],[-59.267058700000049,-34.395549900000276],[-59.26695440000006,-34.395640200000273],[-59.266652,-34.39571770000029],[-59.266542500000057,-34.395773600000275],[-59.266287,-34.396005900000269],[-59.266083700000074,-34.396199500000279],[-59.26570310000006,-34.396462000000284],[-59.265369400000083,-34.396625500000269],[-59.264801100000064,-34.396973900000276],[-59.264488200000059,-34.397137400000275],[-59.264258800000064,-34.397232100000274],[-59.263857300000048,-34.39734820000028],[-59.26335160000005,-34.397537500000283],[-59.262934500000057,-34.397645100000261],[-59.262798900000071,-34.397735400000279],[-59.262407900000063,-34.397997900000284],[-59.262246200000064,-34.398040900000275],[-59.262068900000067,-34.398040900000268],[-59.261881200000047,-34.398092500000274],[-59.26171960000007,-34.398045200000269],[-59.261662300000054,-34.39794620000027],[-59.261651800000074,-34.397761200000275],[-59.261735300000076,-34.397490200000256],[-59.261766500000064,-34.397219200000265],[-59.261704,-34.397124500000267],[-59.261568400000066,-34.397068600000274],[-59.261427600000061,-34.397111600000265],[-59.261344200000075,-34.397150300000277],[-59.261156500000062,-34.397365400000261],[-59.260948,-34.397490200000277],[-59.260739400000055,-34.397563300000286],[-59.260431800000063,-34.397675200000279],[-59.260207600000072,-34.39776980000029],[-59.260035500000058,-34.39782150000029],[-59.259842600000063,-34.397838700000285],[-59.259649700000061,-34.397890300000284],[-59.259446300000072,-34.397985000000268],[-59.259086600000067,-34.398174300000278],[-59.258851900000074,-34.398354900000278],[-59.258633,-34.39856580000027],[-59.258294100000064,-34.398759300000272],[-59.258080300000053,-34.398884100000259],[-59.257929100000069,-34.398909900000277],[-59.257720500000048,-34.398854000000291],[-59.257428500000067,-34.398841100000276],[-59.257293,-34.398897000000275],[-59.257214800000078,-34.399017500000269],[-59.257147,-34.399172400000282],[-59.257115700000057,-34.399335800000273],[-59.256985400000048,-34.399525100000268],[-59.25663080000006,-34.399735900000294],[-59.256255400000057,-34.399908000000266],[-59.255885200000066,-34.400084400000274],[-59.255608900000048,-34.400295200000286],[-59.255071800000067,-34.400549000000282],[-59.254743400000073,-34.400630800000279],[-59.254529600000062,-34.400605000000283],[-59.254404500000057,-34.400596300000267],[-59.254091600000073,-34.40067380000027],[-59.253924800000071,-34.400630800000272],[-59.253763100000043,-34.400544700000268],[-59.253502400000052,-34.400665200000276],[-59.253439900000046,-34.400716800000282],[-59.253257400000059,-34.400841600000277],[-59.253132300000068,-34.401005000000282],[-59.252861100000068,-34.401065300000276],[-59.252668200000066,-34.401091100000279],[-59.252537900000064,-34.40109540000028],[-59.252397100000067,-34.401108300000267],[-59.252303200000057,-34.401147000000279],[-59.252240700000058,-34.401233100000276],[-59.252126,-34.401314800000272],[-59.251969500000072,-34.40136210000027],[-59.251917400000067,-34.401452500000246],[-59.251969500000072,-34.40176220000027],[-59.251781800000067,-34.401831000000271],[-59.251401200000068,-34.401831000000286],[-59.251276100000062,-34.401891300000266],[-59.251244800000059,-34.401964400000281],[-59.251317800000066,-34.402050400000277],[-59.251312600000063,-34.402140800000282],[-59.251249100000052,-34.402298100000287]]}},
{"type":"Feature","properties":{"waterway":"stream","name":null,"Name":"sin nombre (stream)"},"geometry":{"type":"LineString","coordinates":[[-59.369039500000063,-34.384796700000287],[-59.368922200000057,-34.384692300000275]]}},
{"type":"Feature","properties":{"waterway":"stream","name":null,"Name":"sin nombre (stream)"},"geometry":{"type":"LineString","coordinates":[[-59.368922200000057,-34.384692300000275],[-59.362873900000068,-34.37922940000027],[-59.36278,-34.379179900000274],[-59.362687300000054,-34.379165000000263],[-59.362360300000063,-34.379225100000262],[-59.362277700000057,-34.379226100000281],[-59.360110800000072,-34.377938800000273],[-59.360036300000054,-34.377889100000267]]}},
{"type":"Feature","properties":{"waterway":"stream","name":null,"Name":"sin nombre (stream)"},"geometry":{"type":"LineString","coordinates":[[-59.360036300000054,-34.377889100000267],[-59.359867900000047,-34.377776900000278]]}},
{"type":"Feature","properties":{"waterway":"stream","name":null,"Name":"sin nombre (stream)"},"geometry":{"type":"LineString","coordinates":[[-59.359867900000047,-34.377776900000278],[-59.359699800000065,-34.377715200000267],[-59.359232800000051,-34.377622700000273],[-59.356514900000064,-34.377776900000278],[-59.352638800000065,-34.378077500000273],[-59.349967500000062,-34.378455200000282],[-59.349257700000074,-34.378601700000281],[-59.3488,-34.37857090000027],[-59.348136900000064,-34.378794400000253],[-59.347856700000058,-34.378632500000265],[-59.347389700000079,-34.37857090000027],[-59.347146900000055,-34.378632500000286],[-59.346894700000071,-34.378894600000265],[-59.346268900000069,-34.378994800000264],[-59.345904600000061,-34.379172100000282],[-59.344858600000073,-34.379203000000267],[-59.343943200000062,-34.379403400000264],[-59.343728400000074,-34.379372500000265],[-59.342411500000068,-34.37869420000029],[-59.342280700000067,-34.378694200000261],[-59.341916500000067,-34.378547700000276],[-59.341178600000049,-34.378501500000276],[-59.340777,-34.378285600000275],[-59.340412700000044,-34.377969600000277],[-59.340188600000069,-34.377491700000263],[-59.339973700000066,-34.377376000000268],[-59.339628200000064,-34.377268100000265],[-59.339105100000047,-34.377198700000257],[-59.33858210000006,-34.37675160000029],[-59.338432600000054,-34.376420200000275],[-59.338376600000068,-34.376304500000288],[-59.33723710000006,-34.375680100000267],[-59.337031600000067,-34.375387200000269],[-59.336676700000048,-34.375263800000269],[-59.336228400000053,-34.375132800000266],[-59.335789400000067,-34.37505570000026],[-59.33555590000006,-34.374716500000275],[-59.335453200000067,-34.374639400000284],[-59.334565900000051,-34.374169200000281],[-59.334407100000071,-34.373976500000254],[-59.334070900000057,-34.373752900000255],[-59.333529100000085,-34.373490800000276],[-59.333220900000079,-34.373267200000271],[-59.332918100000057,-34.37292120000027],[-59.332784,-34.372814900000279],[-59.332682100000071,-34.37277060000028],[-59.332531900000063,-34.372828200000271],[-59.332328,-34.37293450000027],[-59.332124200000074,-34.373023000000273]]}},
{"type":"Feature","properties":{"waterway":"drain","name":null,"Name":"sin nombre (drain)"},"geometry":{"type":"LineString","coordinates":[[-59.361188,-34.335368300000276],[-59.362915900000068,-34.33428090000028],[-59.36370050000005,-34.333964600000279],[-59.366026100000056,-34.333116200000276],[-59.366661200000074,-34.332900300000276],[-59.368594600000058,-34.332429800000263],[-59.369229700000076,-34.332345000000281],[-59.369566,-34.332291000000268],[-59.370770800000059,-34.331820500000269],[-59.372143800000067,-34.331458000000268],[-59.372302600000054,-34.331411700000274],[-59.372461400000063,-34.33131920000028],[-59.372564100000069,-34.330902700000266],[-59.372601500000066,-34.330817800000283],[-59.372722900000063,-34.330748400000275],[-59.372919,-34.330655900000281],[-59.373245900000057,-34.330478500000268],[-59.373460800000046,-34.330378200000276],[-59.373582200000072,-34.330270200000278],[-59.373927800000061,-34.329861400000262],[-59.374030500000067,-34.329738000000248],[-59.374544200000088,-34.329514300000277],[-59.37494580000007,-34.32942950000028],[-59.375282100000064,-34.329252100000275],[-59.375543600000071,-34.329182700000274],[-59.376001200000054,-34.328951300000277],[-59.376412200000068,-34.32874300000028],[-59.376925900000067,-34.328611900000276],[-59.377682400000047,-34.328288000000278],[-59.378028,-34.328210800000264],[-59.378635100000068,-34.327940900000279],[-59.37884990000007,-34.327879200000275],[-59.378971400000054,-34.327879200000268],[-59.379475700000064,-34.327809700000294],[-59.380101500000066,-34.327848300000269],[-59.380372400000056,-34.327848300000269],[-59.380848700000065,-34.327717200000286],[-59.381754700000073,-34.327300700000272],[-59.382090900000044,-34.327092400000275],[-59.382315100000064,-34.326999800000287],[-59.382520600000049,-34.326884100000285],[-59.382707400000058,-34.32685330000028],[-59.382866100000065,-34.326884100000271],[-59.382931500000062,-34.326915000000277],[-59.383137,-34.326814700000284],[-59.383221100000057,-34.32684560000029],[-59.383491900000053,-34.326830200000288],[-59.38366940000008,-34.326783900000287],[-59.383846800000057,-34.326706700000273],[-59.38406530000006,-34.326452000000266]]}},
{"type":"Feature","properties":{"waterway":"stream","name":null,"Name":"sin nombre (stream)"},"geometry":{"type":"LineString","coordinates":[[-59.498757100000049,-34.484230400000285],[-59.499261500000074,-34.484684700000265],[-59.499345500000061,-34.484777100000287],[-59.499368900000064,-34.484919500000274],[-59.499322200000066,-34.485062000000276],[-59.499401600000063,-34.485281400000275],[-59.499471600000057,-34.485612500000272],[-59.499471600000057,-34.485716400000271],[-59.49941560000007,-34.485797300000272],[-59.499392200000059,-34.485889700000264],[-59.499495,-34.486032100000273],[-59.499779900000064,-34.486290100000247],[-59.499878,-34.486336300000268],[-59.499892,-34.486409400000291],[-59.499926,-34.486597300000284]]}},
{"type":"Feature","properties":{"waterway":"stream","name":null,"Name":"sin nombre (stream)"},"geometry":{"type":"LineString","coordinates":[[-59.538050500000061,-34.340357500000295],[-59.538039800000064,-34.340237900000275],[-59.538077300000047,-34.340167000000271],[-59.538147100000074,-34.340051900000269],[-59.53812020000008,-34.339861400000267],[-59.537771600000049,-34.339316600000267],[-59.537696400000051,-34.339112800000287],[-59.537685700000068,-34.338984400000285],[-59.53770720000005,-34.338771800000281],[-59.537648200000056,-34.338590200000283],[-59.537519400000065,-34.33834650000027],[-59.537557,-34.338275700000267],[-59.537712500000048,-34.338187100000276],[-59.53772330000006,-34.338151600000273],[-59.537712500000062,-34.338014300000275],[-59.537616,-34.337908000000276],[-59.537476500000061,-34.337673200000268],[-59.537428200000079,-34.337504900000276],[-59.537417500000053,-34.337270200000283],[-59.537369200000064,-34.33708850000027],[-59.537058100000067,-34.336326600000277],[-59.53689180000007,-34.335928000000266],[-59.536746900000061,-34.335316700000277],[-59.53662360000007,-34.334940200000283],[-59.536634300000067,-34.334634500000277],[-59.536698700000059,-34.334510500000285],[-59.536650400000063,-34.33429790000028],[-59.536548500000052,-34.33420040000027],[-59.536376800000056,-34.334138400000271],[-59.536264200000055,-34.334023200000267],[-59.536242700000059,-34.333837200000282],[-59.536065700000059,-34.333465100000275],[-59.535813500000074,-34.33304420000028],[-59.535486300000066,-34.332534800000275],[-59.535041100000058,-34.331950100000277],[-59.534708500000065,-34.331307700000266],[-59.534214900000066,-34.330576800000273],[-59.533624900000063,-34.329659800000265],[-59.532970400000067,-34.328911100000283],[-59.532391,-34.32841050000026],[-59.532042400000066,-34.32804280000029],[-59.531849100000066,-34.327529100000291],[-59.531663600000059,-34.32718340000028],[-59.530928700000075,-34.326202100000266],[-59.53066890000008,-34.325834500000276],[-59.530373500000053,-34.325515500000293],[-59.530207600000068,-34.325318400000278],[-59.530137900000064,-34.325256400000256],[-59.529818700000064,-34.325154500000274],[-59.529730200000074,-34.325090300000269],[-59.529719,-34.324992700000273],[-59.529796800000064,-34.324853100000261],[-59.529863900000059,-34.324718000000274],[-59.529824,-34.324558600000273],[-59.529714100000064,-34.32435710000027],[-59.52958,-34.324049200000267],[-59.529453900000071,-34.323898500000269],[-59.52934350000006,-34.323785500000291],[-59.529309,-34.323654900000285],[-59.52933050000005,-34.323535300000287],[-59.529338600000067,-34.323351400000277],[-59.52931980000006,-34.323222900000282],[-59.529209800000046,-34.322968200000261],[-59.529091400000063,-34.322664600000266],[-59.529006,-34.322580500000271],[-59.528989500000051,-34.322496200000273],[-59.529035500000063,-34.32242320000028],[-59.529089100000057,-34.322334600000275],[-59.529089100000057,-34.32218400000027],[-59.529035500000063,-34.321754300000272],[-59.528995200000068,-34.321625800000263],[-59.528863800000053,-34.321495100000291],[-59.528828900000065,-34.321415300000275],[-59.52881510000006,-34.321277900000261],[-59.528684100000063,-34.321216000000284],[-59.528571400000075,-34.321094100000295],[-59.528504400000067,-34.320965600000278],[-59.528482900000043,-34.320766300000287],[-59.528450700000064,-34.320602400000261],[-59.528469500000064,-34.32046060000026],[-59.528495900000074,-34.320305400000287],[-59.528590200000053,-34.320170400000279],[-59.528611700000049,-34.320035300000285],[-59.528611700000063,-34.319891300000286],[-59.528536600000059,-34.319767200000264],[-59.528450700000064,-34.319672000000267],[-59.528348800000067,-34.319543500000293],[-59.528259900000066,-34.319483500000267],[-59.528083300000056,-34.319324200000274],[-59.527981400000073,-34.319151400000273],[-59.527957200000081,-34.319027300000279],[-59.527981400000051,-34.318923200000263],[-59.528037700000063,-34.318859000000259],[-59.52820930000005,-34.318808000000281],[-59.528367200000055,-34.318750300000261],[-59.528437300000057,-34.318703900000273],[-59.528456100000064,-34.31863520000028],[-59.528428900000051,-34.318533200000253],[-59.528351500000049,-34.318402600000276],[-59.52823080000006,-34.318196600000284],[-59.528139600000074,-34.318017100000276],[-59.528123500000063,-34.317915200000272],[-59.52813380000007,-34.31782870000027],[-59.528104300000066,-34.317715800000272],[-59.528059100000057,-34.317587400000278],[-59.528077900000063,-34.31743230000027],[-59.528123500000063,-34.317250600000264],[-59.528090900000045,-34.31710650000025],[-59.527943400000062,-34.316931500000273],[-59.527903600000066,-34.316789900000281],[-59.527914300000063,-34.316517400000279],[-59.527871400000073,-34.316382200000277],[-59.527806600000076,-34.316280200000278],[-59.527672900000063,-34.31617400000026],[-59.527436900000055,-34.315970200000272],[-59.527292,-34.315894900000281],[-59.527141400000062,-34.315861500000274],[-59.527021100000063,-34.315784100000272],[-59.526938,-34.315660000000285],[-59.526954100000061,-34.315529300000279],[-59.526961700000079,-34.315387400000262],[-59.527056,-34.315157200000272],[-59.527106600000067,-34.315019700000263],[-59.527082800000073,-34.314920100000279],[-59.526994300000069,-34.314827100000272],[-59.526688100000072,-34.31460980000027],[-59.526428,-34.314408200000301],[-59.526283100000057,-34.314286400000285],[-59.526229900000047,-34.314138100000271],[-59.526229900000054,-34.314067200000288],[-59.526302300000069,-34.31401400000027],[-59.526454800000067,-34.313951900000269],[-59.526554400000066,-34.313892200000289],[-59.526610700000063,-34.313785800000261],[-59.526656300000063,-34.313590900000278],[-59.526677400000054,-34.31351320000028],[-59.526785100000055,-34.313462400000276],[-59.526908500000076,-34.313424700000283],[-59.526956800000072,-34.313327200000273],[-59.526908500000069,-34.31318550000028],[-59.526895100000061,-34.31304590000029],[-59.526849500000061,-34.312939500000276],[-59.526715400000064,-34.312855400000274],[-59.526527200000068,-34.312875200000278],[-59.526337200000064,-34.312946200000283],[-59.526141,-34.312986000000279],[-59.525972400000072,-34.31289970000028],[-59.525883900000046,-34.312784500000269],[-59.525902600000066,-34.312664800000277],[-59.52597770000007,-34.312330300000269],[-59.525937100000064,-34.31213300000028],[-59.525773500000057,-34.311913700000268],[-59.525596900000046,-34.311807400000269],[-59.525516400000058,-34.311643500000258],[-59.525438600000065,-34.311448500000289],[-59.525389900000071,-34.311342100000253],[-59.525414500000061,-34.311309000000271],[-59.525430200000052,-34.311257900000292],[-59.525408700000057,-34.311213600000293],[-59.525454700000061,-34.311138400000267],[-59.525518700000049,-34.311067400000276],[-59.525564700000075,-34.311071900000272],[-59.525677300000076,-34.311091900000285],[-59.52573370000006,-34.311065300000259],[-59.525803400000065,-34.311012100000269],[-59.525905300000062,-34.311007700000268],[-59.525926800000072,-34.310987700000261],[-59.525959,-34.310901300000275],[-59.525967,-34.31076620000028],[-59.525948200000066,-34.310717400000286],[-59.525827500000062,-34.310608900000268],[-59.525776600000064,-34.310484800000275],[-59.525714900000054,-34.310398400000274],[-59.525728300000061,-34.310316400000268],[-59.52576580000008,-34.310192400000254],[-59.525816800000051,-34.310114800000271],[-59.525830200000073,-34.310070500000286],[-59.525822200000064,-34.310017300000254],[-59.525725600000065,-34.309855600000283],[-59.525553600000059,-34.309611800000269],[-59.525478500000062,-34.309560800000277],[-59.525385,-34.309512200000277],[-59.525326,-34.309461200000271],[-59.525315200000072,-34.309374800000278],[-59.525334,-34.309197600000275],[-59.525403800000063,-34.309027000000277],[-59.525446700000067,-34.30880320000027],[-59.525440900000056,-34.308714500000264],[-59.525368900000061,-34.308614900000272],[-59.525347,-34.308541700000283],[-59.525392600000075,-34.308448600000283],[-59.525483800000075,-34.308335600000277],[-59.525562,-34.30829590000026],[-59.52568770000007,-34.308282500000296],[-59.525795400000057,-34.308302500000273],[-59.525856600000061,-34.308302400000265],[-59.525902200000061,-34.308260300000278],[-59.526036800000057,-34.308005600000271],[-59.526052800000073,-34.307941400000253],[-59.526060900000047,-34.307728700000283],[-59.526079700000068,-34.307613500000258],[-59.52606890000007,-34.307414100000287],[-59.52606630000006,-34.307225800000282],[-59.526082400000071,-34.307021900000265],[-59.52611450000007,-34.30693110000027],[-59.526195,-34.306720600000268],[-59.526210700000064,-34.306578700000266],[-59.526168200000058,-34.306456900000278],[-59.526001900000068,-34.306208800000256],[-59.525849,-34.305945100000272],[-59.525830200000058,-34.305832100000266],[-59.525849,-34.305712500000269],[-59.525843600000066,-34.305626100000254],[-59.525800700000055,-34.305433300000274],[-59.525647800000058,-34.305134200000268],[-59.525610300000061,-34.305032300000263],[-59.52555090000007,-34.304985700000287],[-59.525537900000053,-34.304939300000285],[-59.525545900000061,-34.304786400000275],[-59.525586100000062,-34.304748700000275],[-59.525599200000059,-34.304673300000275],[-59.525586100000076,-34.304602500000279],[-59.52552450000006,-34.304487300000275],[-59.525288400000051,-34.30421470000028],[-59.525237500000074,-34.304143800000283],[-59.525239700000078,-34.30410160000028],[-59.525266600000087,-34.304048400000262],[-59.525256200000051,-34.303922300000274],[-59.525285700000083,-34.303698500000266],[-59.525330900000064,-34.303476800000254],[-59.525385,-34.303397200000276],[-59.52550530000007,-34.303326100000262],[-59.525629100000067,-34.303250900000286],[-59.525727900000071,-34.303215400000269],[-59.52577620000006,-34.303241900000266],[-59.525851300000078,-34.303266300000274],[-59.525959,-34.303237600000273],[-59.525996500000062,-34.303206600000273],[-59.526004200000074,-34.30313560000026],[-59.525983100000069,-34.303082500000265],[-59.525985400000067,-34.302929500000268],[-59.525950500000079,-34.302867500000275],[-59.525908,-34.302827700000286],[-59.525848600000067,-34.302821000000264],[-59.525744400000072,-34.302849900000275],[-59.525663500000064,-34.302856400000287],[-59.525583500000067,-34.302823300000284],[-59.525406400000058,-34.302810000000278],[-59.525293400000066,-34.302836500000261],[-59.525226300000057,-34.302927300000285],[-59.525175800000063,-34.302947400000271],[-59.525114100000067,-34.302936300000262],[-59.525033600000064,-34.302865400000265],[-59.52488880000007,-34.302776800000274],[-59.524767700000069,-34.302657000000274],[-59.524730500000068,-34.302533000000267],[-59.524682200000051,-34.3023425000003],[-59.524634,-34.302225100000285],[-59.524650100000066,-34.30212310000028],[-59.524671500000061,-34.302041100000281],[-59.524650100000066,-34.301999000000272],[-59.52447260000006,-34.301939100000268],[-59.524142700000077,-34.301823900000272],[-59.523981800000051,-34.301702000000269],[-59.523850800000069,-34.30152490000026],[-59.523791700000061,-34.301391900000262],[-59.523805200000055,-34.30131660000027],[-59.524188700000067,-34.300685100000258],[-59.524226300000059,-34.30058760000027],[-59.524220900000067,-34.300437000000265],[-59.524180300000062,-34.300284000000268],[-59.524107800000067,-34.300142100000286],[-59.523989800000066,-34.300046900000275],[-59.52382390000006,-34.299973900000253],[-59.523694800000044,-34.299938300000271],[-59.523587900000081,-34.29986310000028],[-59.523451100000067,-34.299796600000271],[-59.523284400000065,-34.299701200000264],[-59.523169500000066,-34.299572800000277],[-59.523022,-34.299346800000272],[-59.522938800000063,-34.299118600000256],[-59.522912,-34.299025500000283],[-59.522933,-34.298952300000266],[-59.52301120000007,-34.298830500000271],[-59.523016600000069,-34.298779600000259],[-59.522984,-34.298706300000276],[-59.522713500000066,-34.298449400000273],[-59.522603500000081,-34.298274300000273],[-59.52260080000007,-34.298148000000253],[-59.522654100000061,-34.297966200000261],[-59.522783200000056,-34.29779130000027],[-59.522839600000069,-34.297631800000261],[-59.52292,-34.29735920000028],[-59.522936100000067,-34.297221800000266],[-59.522901300000065,-34.297166400000286],[-59.522782800000066,-34.296989100000275],[-59.522530700000068,-34.296791800000264],[-59.522327300000057,-34.296608000000276],[-59.522241400000048,-34.29642860000029],[-59.522228,-34.296262400000288],[-59.52223610000005,-34.29604080000027],[-59.522262500000068,-34.295852300000263],[-59.522236100000072,-34.295754900000276],[-59.522174400000061,-34.295628600000271],[-59.522093500000061,-34.295519900000265],[-59.521988900000053,-34.295440200000279],[-59.521966600000063,-34.29539570000027],[-59.521968200000067,-34.295191900000276],[-59.521999500000071,-34.29497190000027],[-59.522042400000061,-34.294872800000277],[-59.522169500000068,-34.294810000000268],[-59.52230080000006,-34.294671800000273],[-59.52232140000006,-34.294494000000277],[-59.522280700000067,-34.294228100000261],[-59.522156,-34.294026300000283],[-59.521995100000048,-34.293414700000277],[-59.521946400000068,-34.29328580000027],[-59.521770800000048,-34.293008900000274],[-59.521679100000057,-34.292927600000283],[-59.521597600000071,-34.292751500000271],[-59.521653800000067,-34.292674900000293],[-59.521685800000071,-34.292594400000269],[-59.521636200000053,-34.292502100000299],[-59.521593300000056,-34.29231600000027],[-59.521428400000055,-34.292325500000267],[-59.521082400000061,-34.292374900000262],[-59.520983300000061,-34.292380300000282],[-59.520911500000068,-34.292306700000275],[-59.520741,-34.292063600000276],[-59.520581300000067,-34.291861300000285],[-59.520353700000072,-34.291785800000262],[-59.520321400000078,-34.291650700000268],[-59.520362800000065,-34.291536900000267],[-59.520556700000057,-34.291401300000281],[-59.520652900000066,-34.291322200000288],[-59.520707600000058,-34.291181000000279],[-59.520708,-34.291037400000263],[-59.520614100000074,-34.290939000000272],[-59.520295800000071,-34.290678400000282],[-59.520083200000059,-34.290589200000269],[-59.519898200000064,-34.290500700000273],[-59.519430900000067,-34.29017930000029],[-59.518991,-34.289895700000258],[-59.518900400000071,-34.289639100000272],[-59.518915900000067,-34.289355000000256],[-59.518915900000067,-34.289177700000295],[-59.518733500000067,-34.289027000000289],[-59.518567800000056,-34.288814700000266],[-59.518540400000056,-34.288574900000278],[-59.518439,-34.288477800000265],[-59.518245900000061,-34.288460100000265],[-59.517961100000065,-34.288557200000263],[-59.517725,-34.288619200000269],[-59.517596300000058,-34.288628100000274],[-59.517430500000081,-34.288486700000291],[-59.517392400000062,-34.288220300000262],[-59.517409100000073,-34.287573700000287],[-59.51751040000007,-34.287130000000275],[-59.517484200000062,-34.286802500000263],[-59.517344700000066,-34.286563100000272],[-59.517113500000072,-34.286465200000272],[-59.516963300000072,-34.286474000000275],[-59.516866700000058,-34.286536100000291],[-59.516727200000069,-34.286438600000274],[-59.516416100000065,-34.285906700000261],[-59.516223,-34.285685100000272],[-59.516143100000065,-34.285331000000269],[-59.516212300000063,-34.285020200000282],[-59.516544800000055,-34.284745400000283],[-59.516727200000055,-34.284603600000281],[-59.516780900000057,-34.284470600000283],[-59.516679500000073,-34.28429380000027],[-59.516898900000058,-34.283956500000265],[-59.517038400000061,-34.283548700000289],[-59.517301800000062,-34.283176800000263],[-59.517467500000059,-34.282937000000274],[-59.517398300000075,-34.282715900000298],[-59.517183700000068,-34.282636100000275],[-59.516974,-34.282591300000284],[-59.516829700000052,-34.282432200000287],[-59.516625800000057,-34.282113000000273],[-59.516459,-34.282006200000282],[-59.515611400000068,-34.281758000000281],[-59.515392,-34.281581100000281],[-59.515274,-34.281306300000253],[-59.515338400000054,-34.281120200000281],[-59.51510720000006,-34.280880400000271],[-59.514871100000072,-34.280587800000276],[-59.514549300000084,-34.280410500000265],[-59.514324,-34.280392800000278],[-59.514050900000051,-34.280348900000291],[-59.513654,-34.280278000000258],[-59.513465700000062,-34.280197700000279],[-59.513401300000048,-34.28003820000027],[-59.513508600000065,-34.279843100000278],[-59.513568100000064,-34.279551000000261],[-59.513664700000056,-34.279373700000278],[-59.513654,-34.279010200000286],[-59.513718300000065,-34.278788600000262],[-59.513900700000065,-34.278735400000279],[-59.514040200000053,-34.278717700000264],[-59.514130900000062,-34.278566500000281],[-59.514126,-34.278239000000262],[-59.514152300000063,-34.277892800000281],[-59.51396510000005,-34.277529700000279],[-59.513761200000062,-34.277201700000276],[-59.513739800000074,-34.27687370000028],[-59.513927,-34.276483200000264],[-59.514287,-34.276129000000275],[-59.514785300000057,-34.27580050000028],[-59.514930700000065,-34.275481800000271],[-59.51493070000005,-34.275144900000285],[-59.515021400000073,-34.274869600000279],[-59.515456400000062,-34.274462200000265],[-59.515542200000063,-34.274178500000275],[-59.515445700000065,-34.273850500000272],[-59.515042800000074,-34.273646100000263],[-59.51492,-34.27345150000027],[-59.514924800000067,-34.273140800000263],[-59.515021400000059,-34.272732900000278],[-59.515306200000047,-34.272361000000274],[-59.515579300000056,-34.272138900000265],[-59.51569240000007,-34.271793600000258],[-59.515703200000068,-34.271465500000268],[-59.515467100000052,-34.271066600000275],[-59.514989200000066,-34.270764700000271],[-59.514635100000056,-34.270472100000269],[-59.514588200000055,-34.270223600000278],[-59.514656600000066,-34.26966530000027],[-59.51459220000006,-34.269461300000287],[-59.51473170000007,-34.269284000000269],[-59.514780500000064,-34.26906280000027],[-59.514839,-34.268831800000278],[-59.514973600000062,-34.268530800000271],[-59.515005800000054,-34.268211600000257],[-59.514957,-34.267936300000279],[-59.514860400000074,-34.267741300000274],[-59.514914100000063,-34.267617100000273],[-59.515209600000048,-34.267511200000278],[-59.515574400000062,-34.267245200000275],[-59.515911800000062,-34.266987600000277],[-59.515997700000057,-34.266677300000268],[-59.515949900000066,-34.266429500000264],[-59.515746100000058,-34.266287600000254],[-59.515729500000063,-34.266003400000272],[-59.515960700000065,-34.265826500000266],[-59.516143100000065,-34.26578220000026],[-59.51651270000005,-34.265710800000264],[-59.517205200000063,-34.265471900000264],[-59.517462700000053,-34.265436400000283],[-59.517645100000053,-34.265436400000276],[-59.517763100000074,-34.26523250000028],[-59.517848900000061,-34.265055100000268],[-59.517988400000078,-34.265010800000262],[-59.518164900000059,-34.265116700000256],[-59.518342500000074,-34.265072900000284],[-59.518787200000062,-34.264868500000262],[-59.520327300000076,-34.264070900000299],[-59.521029500000076,-34.263724700000253],[-59.521335800000074,-34.263530000000266],[-59.521619600000065,-34.263556200000274],[-59.52229550000007,-34.26335220000027],[-59.522456400000074,-34.263192600000259],[-59.522558900000057,-34.263201900000269],[-59.52287,-34.263335000000282],[-59.523267,-34.263397000000261],[-59.523449400000068,-34.263290600000275],[-59.523728300000066,-34.263184200000268],[-59.523985800000062,-34.263201900000276],[-59.524258900000063,-34.263307900000271],[-59.524591500000064,-34.263325600000293],[-59.524730900000073,-34.263192600000274],[-59.524672500000051,-34.263042300000301],[-59.524666600000067,-34.262802500000269],[-59.524812,-34.262616700000272],[-59.524983600000049,-34.262581300000278],[-59.525192300000064,-34.262563100000285],[-59.525245900000073,-34.262430100000273],[-59.525299600000046,-34.262226100000277],[-59.525567800000061,-34.261969000000263],[-59.526002900000059,-34.26172120000026],[-59.526254400000077,-34.261499000000278],[-59.526592900000082,-34.261268900000289],[-59.526839700000053,-34.261002900000271],[-59.52696250000006,-34.260638900000266],[-59.527069800000056,-34.260488200000275],[-59.527537100000053,-34.260160500000275],[-59.527992500000053,-34.259973900000254],[-59.528196400000056,-34.259805400000261],[-59.528406100000069,-34.259770400000278],[-59.52871720000006,-34.259823600000281],[-59.528931800000052,-34.259734900000282],[-59.529226300000062,-34.259548200000275],[-59.529511200000073,-34.259282700000277],[-59.529676900000062,-34.259131500000287],[-59.529655500000061,-34.25898960000027],[-59.529554100000063,-34.25870630000027],[-59.529425400000072,-34.258511200000292],[-59.529564800000053,-34.258121000000266],[-59.529521900000049,-34.257837300000283],[-59.529489700000049,-34.25765110000026],[-59.529355100000053,-34.25755310000028],[-59.529301400000065,-34.257428900000271],[-59.529569700000074,-34.25715400000027],[-59.529725800000065,-34.257083500000277],[-59.529880800000065,-34.257074200000268],[-59.529945200000071,-34.256941200000263],[-59.529902200000066,-34.256781600000274],[-59.529676900000062,-34.256666300000255],[-59.529521900000049,-34.256533700000283],[-59.529575600000065,-34.25632090000029],[-59.529676900000062,-34.255983500000298],[-59.529827100000077,-34.255699700000278],[-59.529811600000066,-34.255407500000267],[-59.529731100000063,-34.25521420000026]]}},
{"type":"Feature","properties":{"waterway":"stream","name":null,"Name":"sin nombre (stream)"},"geometry":{"type":"LineString","coordinates":[[-59.538195400000063,-34.340534700000276],[-59.538050500000061,-34.340357500000295]]}},
{"type":"Feature","properties":{"waterway":"stream","name":"Arroyo Suero","Name":"Arroyo Suero (stream)"},"geometry":{"type":"LineString","coordinates":[[-59.555825500000054,-34.414973400000278],[-59.555061800000054,-34.41386340000026],[-59.554987900000064,-34.413538100000267],[-59.554975600000063,-34.412928000000271],[-59.554778400000082,-34.412460300000262],[-59.554310100000066,-34.411575800000264],[-59.553681500000067,-34.410182800000278],[-59.553533600000065,-34.40916610000027],[-59.553373400000055,-34.407407000000276],[-59.553348800000066,-34.406085200000277],[-59.553102300000056,-34.403665100000275],[-59.55296670000007,-34.403187200000268],[-59.552757200000066,-34.402882200000271],[-59.551093400000049,-34.401295900000278],[-59.550736,-34.401011100000275],[-59.549799400000062,-34.400533200000275],[-59.548986,-34.400085800000262],[-59.548061700000048,-34.399384100000283],[-59.546792300000071,-34.398509600000281],[-59.546496500000053,-34.398214700000267],[-59.545399700000047,-34.397350300000284],[-59.544241200000059,-34.396638500000272],[-59.543292200000074,-34.396018100000276],[-59.541739400000075,-34.395184200000273],[-59.541308,-34.395031700000274],[-59.541098500000068,-34.394858800000264],[-59.54107390000005,-34.394645300000299],[-59.541098500000068,-34.394452000000264],[-59.540926,-34.394238500000277],[-59.540556300000063,-34.394004600000279],[-59.535651200000061,-34.391899400000263],[-59.535380100000047,-34.39173670000028],[-59.534517400000063,-34.391126500000283],[-59.533827200000061,-34.390557000000264],[-59.532890600000052,-34.389926500000271],[-59.532126500000047,-34.38928580000028],[-59.531239200000073,-34.388899300000276],[-59.531054300000065,-34.388767100000273],[-59.530980400000061,-34.388431500000287],[-59.530684600000072,-34.388136500000272],[-59.530487400000062,-34.387933100000261],[-59.530093,-34.387739900000263],[-59.529723300000065,-34.387617800000278],[-59.529291900000054,-34.387139800000263],[-59.528564800000055,-34.386387200000271],[-59.528306,-34.386255000000283],[-59.528071800000063,-34.38612280000028],[-59.527887,-34.385726100000262],[-59.526666900000052,-34.384342900000263],[-59.526013700000057,-34.383854700000271],[-59.524756600000067,-34.382756300000274],[-59.523413300000065,-34.38185100000026],[-59.522254800000063,-34.381383200000286],[-59.520923800000055,-34.380671200000286],[-59.520196700000049,-34.380508400000274],[-59.51885330000006,-34.379938900000262],[-59.518545200000084,-34.379776100000278],[-59.517855100000055,-34.379318400000273],[-59.517547,-34.379226900000269],[-59.517201900000067,-34.379186200000269],[-59.516684300000065,-34.379155700000268],[-59.516314600000058,-34.379043800000275],[-59.516203600000047,-34.379033600000277],[-59.515907900000059,-34.379104800000277],[-59.515809300000065,-34.379053900000294],[-59.515624400000078,-34.378881000000291],[-59.514478300000064,-34.37852500000028],[-59.514120900000066,-34.378453800000266],[-59.512629600000054,-34.37865730000027],[-59.512457100000056,-34.378586100000277],[-59.51225990000006,-34.378423300000271],[-59.511150700000066,-34.378138500000262],[-59.510522200000061,-34.377955400000268],[-59.509252800000056,-34.377477400000274],[-59.508414700000053,-34.37730440000027],[-59.50772460000006,-34.377172200000267],[-59.507083700000067,-34.37702980000028],[-59.506344300000066,-34.376948400000281],[-59.505964700000071,-34.376875600000268]]}},
{"type":"Feature","properties":{"waterway":"stream","name":"Arroyo Suero","Name":"Arroyo Suero (stream)"},"geometry":{"type":"LineString","coordinates":[[-59.505964700000071,-34.376875600000268],[-59.505829400000067,-34.37684960000027]]}},
{"type":"Feature","properties":{"waterway":"stream","name":"Arroyo Suero","Name":"Arroyo Suero (stream)"},"geometry":{"type":"LineString","coordinates":[[-59.505829400000067,-34.37684960000027],[-59.50539080000005,-34.376693700000267],[-59.505180800000062,-34.37664170000027],[-59.505052500000055,-34.376639800000277],[-59.504907800000062,-34.376668600000286],[-59.504779500000069,-34.376726400000273],[-59.50457650000007,-34.376818800000272],[-59.504438900000061,-34.376863100000278],[-59.504340900000059,-34.376880400000282],[-59.504156600000044,-34.376855400000274],[-59.503946600000056,-34.376766800000269],[-59.503813700000066,-34.376732200000284],[-59.503634,-34.376720600000276],[-59.503335400000061,-34.376684000000274],[-59.503176800000062,-34.37668790000027],[-59.503067100000052,-34.376711000000284],[-59.502950400000067,-34.376755300000262],[-59.502878100000054,-34.376824600000255],[-59.50280350000007,-34.376882400000262],[-59.502742800000064,-34.376901600000274],[-59.502572500000056,-34.376899700000266],[-59.502409200000066,-34.376870800000269],[-59.502315900000063,-34.37683040000028],[-59.502161900000068,-34.376705200000281],[-59.502047600000068,-34.376597400000264],[-59.501982300000059,-34.376570400000269],[-59.501881900000065,-34.376555000000273],[-59.501786300000056,-34.376566600000253],[-59.501658,-34.376595500000271],[-59.501450300000052,-34.376608900000271],[-59.501247400000061,-34.376599300000279],[-59.500813400000062,-34.37655500000028],[-59.500484500000049,-34.376547300000276],[-59.500269800000083,-34.376524200000269],[-59.500153200000071,-34.376528100000272],[-59.500048200000073,-34.376524200000269],[-59.499924600000071,-34.376499200000268],[-59.499630600000067,-34.376404800000287],[-59.499465,-34.37635860000028],[-59.49936,-34.376349000000268],[-59.49925730000006,-34.376358600000273],[-59.499094,-34.376416400000267],[-59.498982,-34.376443400000291],[-59.498923700000063,-34.376458800000286],[-59.498865400000057,-34.376458800000286],[-59.498776700000072,-34.376437600000273],[-59.498620400000071,-34.376381700000266],[-59.498389400000057,-34.376291200000281],[-59.498314800000074,-34.376254700000274],[-59.498226100000046,-34.376193000000292],[-59.498163100000063,-34.376158400000271],[-59.497873900000073,-34.376073700000255],[-59.497505200000077,-34.375969700000269],[-59.497406100000049,-34.37596290000026],[-59.497323300000048,-34.37598120000029],[-59.497262600000077,-34.376011100000262],[-59.497155300000067,-34.376108300000261],[-59.497108600000082,-34.376133300000276],[-59.497048,-34.376140100000278],[-59.49699080000007,-34.376129500000268],[-59.496925500000067,-34.376095800000286],[-59.496849700000055,-34.376021700000273],[-59.496792500000076,-34.375973500000271],[-59.49673420000007,-34.375949500000274],[-59.496622200000061,-34.375923500000276],[-59.496436700000068,-34.375884000000269],[-59.496342200000065,-34.375847400000275],[-59.496189400000048,-34.375768500000248],[-59.496077400000068,-34.37572320000028],[-59.49578820000005,-34.375656800000279],[-59.49557240000005,-34.375608600000263],[-59.49552220000006,-34.375606700000283],[-59.495461500000054,-34.375623100000276],[-59.495410200000066,-34.375641400000269],[-59.495364700000067,-34.375642300000266],[-59.495278400000061,-34.37562980000029],[-59.495197900000065,-34.375601900000284],[-59.49510230000007,-34.375556600000273],[-59.494846800000062,-34.375370800000269],[-59.494718500000062,-34.375300500000286],[-59.49461,-34.375266800000276],[-59.49445020000006,-34.375232200000276],[-59.494285700000063,-34.375213900000254],[-59.494064100000074,-34.375189800000271],[-59.493717600000053,-34.375167700000283],[-59.493504200000075,-34.375163800000266],[-59.493392200000052,-34.375146500000284],[-59.49331050000005,-34.375128200000269],[-59.493241700000077,-34.375099300000279],[-59.493168200000071,-34.375044400000284],[-59.493070200000048,-34.374965500000272],[-59.493004900000081,-34.374937600000273],[-59.492877700000051,-34.374887500000277],[-59.492792600000065,-34.374868300000273],[-59.492730800000068,-34.374868300000287],[-59.492637400000064,-34.374890400000254],[-59.49255,-34.374926000000272],[-59.492363300000065,-34.375005000000272],[-59.492063500000071,-34.375110900000294],[-59.491899100000055,-34.37521100000027],[-59.491776600000051,-34.375269700000274],[-59.491720600000072,-34.37528030000027],[-59.491657600000053,-34.375271700000276],[-59.491599300000061,-34.375248600000276],[-59.491564300000057,-34.375217700000263],[-59.491535100000064,-34.37516480000027],[-59.491504800000065,-34.375100300000277],[-59.49146390000007,-34.375041600000273],[-59.491422,-34.375017500000276],[-59.491325100000047,-34.374989600000262],[-59.491222500000063,-34.374953900000293],[-59.491093,-34.374899100000256],[-59.490995,-34.374861500000279],[-59.490920400000071,-34.374859600000271],[-59.490789700000064,-34.374875000000273],[-59.490580900000062,-34.374930800000278],[-59.490491100000057,-34.374938500000262],[-59.490423400000061,-34.374930800000293],[-59.490377900000048,-34.374910600000256],[-59.490360400000071,-34.374884600000264],[-59.490358100000051,-34.374850000000272],[-59.490358100000066,-34.374801800000292],[-59.49034760000005,-34.374746900000282],[-59.490290500000071,-34.374656400000262],[-59.490203,-34.374566900000275],[-59.490133,-34.374514900000285],[-59.490040800000067,-34.374467700000267],[-59.489916,-34.374437900000281],[-59.489683900000067,-34.37441960000028],[-59.489435400000062,-34.374405200000268],[-59.489206800000062,-34.374389800000273],[-59.48911,-34.374365700000276],[-59.48901780000007,-34.374336800000279],[-59.488957100000071,-34.374309800000262],[-59.488908200000054,-34.374272300000285],[-59.488877800000047,-34.374231900000268],[-59.488844,-34.374169300000268],[-59.488832300000048,-34.374111500000268],[-59.488833600000071,-34.374059400000277],[-59.488823200000063,-34.373923400000272],[-59.488802200000059,-34.373868500000263],[-59.488760300000081,-34.373831900000269],[-59.48868790000008,-34.373797300000277],[-59.488609800000056,-34.373787600000298],[-59.488497800000069,-34.373792400000262],[-59.488399800000067,-34.373803000000272],[-59.488342600000045,-34.373792400000262],[-59.48827030000006,-34.373763600000267],[-59.488075500000065,-34.373665400000277],[-59.487950700000049,-34.373619100000262],[-59.487873700000051,-34.373604700000271],[-59.487801400000066,-34.373604700000278],[-59.487740700000067,-34.37362680000026],[-59.487605400000064,-34.373687500000266],[-59.487513300000082,-34.373706800000271],[-59.487452600000069,-34.373705800000266],[-59.487396600000061,-34.373690400000271],[-59.487354600000074,-34.373666300000259],[-59.487322,-34.373633600000289],[-59.487278800000063,-34.373539200000273],[-59.487232100000057,-34.37344010000028],[-59.487135100000067,-34.373288300000269],[-59.487071800000059,-34.373225600000254],[-59.487025600000059,-34.373201000000279],[-59.486956300000074,-34.37319020000028],[-59.486880400000047,-34.373176500000291],[-59.486817700000074,-34.373153400000277],[-59.486750100000059,-34.373116600000294],[-59.486687400000051,-34.373052600000271],[-59.48656530000008,-34.372911000000279],[-59.486501,-34.37286060000028],[-59.48636740000007,-34.372788500000269],[-59.486212300000055,-34.372705400000285],[-59.486131500000063,-34.372641400000262],[-59.486022600000062,-34.372546100000271],[-59.485862600000054,-34.372400400000288],[-59.485775100000062,-34.37233780000026],[-59.485567300000064,-34.372174400000262],[-59.485458400000063,-34.372107700000257],[-59.485390800000062,-34.372079100000263],[-59.485329700000065,-34.372068200000285],[-59.485258800000061,-34.372076400000267],[-59.485151600000052,-34.372092700000273],[-59.484994900000061,-34.372124000000269],[-59.484927200000065,-34.372124000000291],[-59.484857900000065,-34.37211310000027],[-59.484795200000065,-34.372081800000259],[-59.484584100000049,-34.371948400000278],[-59.484480200000078,-34.371889800000275],[-59.484364700000064,-34.371799900000276],[-59.484277200000065,-34.371737300000269],[-59.484193100000063,-34.371708700000276],[-59.484080900000073,-34.371677400000266],[-59.483854900000054,-34.371602500000265],[-59.483630600000069,-34.371507200000281],[-59.483328700000065,-34.371387400000287],[-59.483205,-34.371324700000287],[-59.483000400000066,-34.371195400000261],[-59.482818900000055,-34.371061900000264],[-59.482688600000074,-34.370961200000274],[-59.48264080000007,-34.37092990000027],[-59.482581400000058,-34.370906700000269],[-59.482508800000069,-34.370869900000272],[-59.482393300000069,-34.37077330000028],[-59.48233890000008,-34.370739200000266],[-59.482286100000067,-34.370714700000271],[-59.482193700000074,-34.370686100000277],[-59.482109600000072,-34.370676600000273],[-59.48203040000007,-34.37067660000028],[-59.481835700000055,-34.37070520000028],[-59.481693800000066,-34.370721500000272],[-59.48162790000007,-34.370720200000292],[-59.481568500000058,-34.370709300000293],[-59.481522300000059,-34.37068750000028],[-59.48147280000007,-34.370656200000276],[-59.481439800000068,-34.370612600000278],[-59.481350700000071,-34.370509100000277],[-59.481291300000059,-34.370449200000266],[-59.481218700000056,-34.370396100000271],[-59.48104550000005,-34.370303500000276],[-59.480908600000085,-34.370240900000276],[-59.480796400000052,-34.370202700000284],[-59.480558900000062,-34.37011700000027],[-59.48032460000006,-34.370016200000265],[-59.480243800000054,-34.36999170000027],[-59.48010690000006,-34.369961700000289],[-59.479961700000061,-34.369922200000268],[-59.479821500000057,-34.369880000000279],[-59.479691100000053,-34.369859600000282],[-59.479519600000074,-34.369831000000275],[-59.479425500000048,-34.369824200000281],[-59.479245700000071,-34.36979020000026],[-59.479141800000065,-34.36975880000027],[-59.479051100000063,-34.369718000000269],[-59.478926500000071,-34.369661400000275],[-59.478913300000059,-34.369617900000286],[-59.478908300000057,-34.369560700000271],[-59.478919900000058,-34.369514400000263],[-59.47892980000006,-34.369458500000277],[-59.478924800000065,-34.369404100000295],[-59.478938,-34.369269300000269],[-59.478951200000047,-34.369167100000261],[-59.478967700000048,-34.369122200000263],[-59.479005700000044,-34.369051400000274],[-59.479058400000064,-34.368943800000274],[-59.479065,-34.368903000000273],[-59.479063400000058,-34.368858000000287],[-59.47902550000007,-34.368811700000279],[-59.478951200000061,-34.368754600000273],[-59.478895100000074,-34.368702800000285],[-59.478885200000057,-34.368632000000275],[-59.478900100000068,-34.368538000000285],[-59.47888850000006,-34.368475400000271],[-59.478853900000068,-34.36841000000026],[-59.478819200000061,-34.368373300000286],[-59.478771400000056,-34.368346100000259],[-59.478677400000066,-34.368320200000277],[-59.478618900000065,-34.368320900000278],[-59.478411,-34.368296400000276],[-59.478227900000043,-34.368244700000268],[-59.478095900000056,-34.368212000000263],[-59.478003500000057,-34.368173800000292],[-59.477827,-34.368127500000277],[-59.477594400000058,-34.368049900000265],[-59.477472300000052,-34.367991400000264],[-59.477277700000073,-34.367900100000263],[-59.477124200000063,-34.36778850000028],[-59.477013700000057,-34.367710900000269],[-59.47686360000008,-34.367612800000273],[-59.476772900000057,-34.367552900000291],[-59.476616900000053,-34.367512400000273],[-59.476574,-34.367498800000277],[-59.476517900000054,-34.367464700000276],[-59.476415700000061,-34.367406200000275],[-59.476326600000078,-34.36737480000027],[-59.476252300000048,-34.367353100000273],[-59.476214400000075,-34.367327200000283],[-59.47616,-34.367268600000273],[-59.476090700000064,-34.367172000000252],[-59.476028,-34.367132500000274],[-59.475957100000059,-34.367103900000259],[-59.475894400000065,-34.367090300000271],[-59.475806900000052,-34.367094300000275],[-59.475635400000066,-34.367101100000269],[-59.475529800000068,-34.367108000000265],[-59.475490200000067,-34.367099800000275],[-59.475432500000061,-34.36707660000026],[-59.475340100000061,-34.367016700000271],[-59.475204800000064,-34.366952700000283],[-59.475000200000061,-34.366857400000264],[-59.474912800000055,-34.366832900000276],[-59.474841900000065,-34.366835600000279],[-59.474695100000069,-34.366858800000273],[-59.474396500000047,-34.366914600000278],[-59.474310700000061,-34.36691600000028],[-59.474215,-34.366903700000279],[-59.474154,-34.366883300000254],[-59.474116,-34.366854700000275],[-59.474088,-34.36681380000028],[-59.47408140000006,-34.366773000000293],[-59.474046700000059,-34.366738900000271],[-59.473957600000048,-34.366660000000287],[-59.473886700000058,-34.366617700000262],[-59.473804200000068,-34.36654970000027],[-59.473744800000055,-34.366496500000267],[-59.473673900000065,-34.366454300000278],[-59.473567500000065,-34.36636690000028],[-59.473506500000063,-34.366328700000267],[-59.473319400000065,-34.366210500000278],[-59.473152800000072,-34.36609480000029],[-59.473045500000062,-34.366026700000276],[-59.47298780000007,-34.365977600000278],[-59.472908600000061,-34.365920500000293],[-59.472786500000069,-34.36581020000029],[-59.472722200000064,-34.365740700000281],[-59.472657900000058,-34.365661700000267],[-59.472603400000061,-34.365574600000279],[-59.472567100000063,-34.36554190000026],[-59.472512700000074,-34.365506500000272],[-59.472451600000063,-34.365488800000279],[-59.472372500000056,-34.36548610000029],[-59.472153100000064,-34.365477900000279],[-59.472072200000063,-34.365480600000261],[-59.472026,-34.365465600000277],[-59.471991400000071,-34.36544250000027],[-59.471971600000074,-34.365411200000267],[-59.471971600000074,-34.365378500000276],[-59.471986400000063,-34.365329500000279],[-59.472034300000047,-34.365232800000285],[-59.472034300000061,-34.365189200000287],[-59.472022700000061,-34.365159200000271],[-59.47199470000006,-34.365133400000282],[-59.471963300000063,-34.365119800000265],[-59.471900700000049,-34.365103400000294],[-59.471828100000053,-34.365091200000279],[-59.47177860000005,-34.365091200000265],[-59.471682900000047,-34.36506940000028],[-59.471422300000057,-34.364963700000267],[-59.471306800000072,-34.364916100000286],[-59.471227600000056,-34.364873800000282],[-59.471151800000058,-34.364801700000278],[-59.471069300000053,-34.364725400000275],[-59.470953800000068,-34.364643700000286],[-59.470772300000057,-34.364514300000273],[-59.470549600000048,-34.364359100000279],[-59.47042260000007,-34.364291000000279],[-59.470308800000062,-34.364240600000265],[-59.470214700000042,-34.364214800000283],[-59.470117400000049,-34.364217500000279],[-59.47001680000006,-34.364231100000282],[-59.469916100000063,-34.364251500000279],[-59.469757800000053,-34.364308700000279],[-59.46963240000008,-34.364334600000269],[-59.469533400000067,-34.364344100000253],[-59.469450900000062,-34.364345500000283],[-59.469388200000061,-34.36433320000026],[-59.469352,-34.364312800000285],[-59.469325600000055,-34.364281500000267],[-59.469272800000049,-34.364182100000278],[-59.469210100000055,-34.364058200000279],[-59.469191900000055,-34.364011900000285],[-59.469163900000055,-34.363987300000296],[-59.469088,-34.363932900000293],[-59.468992300000053,-34.36386340000027],[-59.468843900000053,-34.363785800000272],[-59.468632300000074,-34.363648200000263],[-59.468492100000056,-34.363544700000269],[-59.468396400000067,-34.363461600000278],[-59.468335400000079,-34.363374500000255],[-59.468332100000062,-34.363326800000273],[-59.468312300000079,-34.363277800000276],[-59.468272700000064,-34.363234200000285],[-59.46823140000005,-34.363198800000276]]}},
{"type":"Feature","properties":{"waterway":"stream","name":"Arroyo de la Noria","Name":"Arroyo de la Noria (stream)"},"geometry":{"type":"LineString","coordinates":[[-59.477042,-34.40776580000027],[-59.477029100000074,-34.40766670000027],[-59.476901700000049,-34.407573200000272],[-59.476696400000058,-34.407357200000277],[-59.476512400000054,-34.40708850000027],[-59.476222100000051,-34.406960000000282],[-59.476172600000055,-34.40674400000028],[-59.475960200000053,-34.40646950000027],[-59.475854100000056,-34.406300100000266],[-59.475974400000069,-34.406265100000276],[-59.476045200000073,-34.406107400000259],[-59.475861100000074,-34.405932200000265],[-59.475719600000048,-34.40567520000026],[-59.47552850000006,-34.405634300000258],[-59.47540810000006,-34.405517500000279],[-59.475238200000064,-34.405132100000266],[-59.475089600000061,-34.404916000000291],[-59.474948,-34.404647400000272],[-59.474756900000052,-34.40422100000027],[-59.474643700000065,-34.404180200000269],[-59.474509200000064,-34.404075000000283],[-59.474459600000067,-34.403882300000276],[-59.474312400000073,-34.403617300000271],[-59.474205100000049,-34.40360410000028],[-59.473915400000067,-34.403581900000262],[-59.473835,-34.403489000000278],[-59.47371690000007,-34.403232300000255],[-59.473550700000054,-34.403174700000271],[-59.473497,-34.403081800000265],[-59.473303900000069,-34.403019800000273],[-59.473185900000047,-34.402957900000274],[-59.473137600000065,-34.402860500000266],[-59.473196600000058,-34.402696700000284],[-59.473196600000072,-34.402559500000287],[-59.473008800000073,-34.402528500000294],[-59.472729900000061,-34.402541800000265],[-59.472628,-34.402444400000249],[-59.472515300000055,-34.402112500000285],[-59.472664,-34.402046000000261],[-59.472628100000051,-34.401867900000283],[-59.472468500000055,-34.401729500000293],[-59.472445700000065,-34.401520900000271],[-59.47237620000007,-34.401430500000288],[-59.472299800000059,-34.40086130000028],[-59.472169700000052,-34.400743400000252],[-59.471970300000066,-34.40078860000029],[-59.47177,-34.40083490000027],[-59.471596200000064,-34.400714600000249],[-59.471553800000073,-34.400446300000276],[-59.471581600000071,-34.4001620000003],[-59.471303100000064,-34.399464000000286],[-59.471360700000062,-34.399241600000281],[-59.471316500000071,-34.399007100000276],[-59.471514900000052,-34.398719900000273],[-59.471683500000054,-34.398637100000279],[-59.471675900000065,-34.398425100000267],[-59.47151950000007,-34.398424500000253],[-59.47139250000005,-34.398325100000271],[-59.471346500000074,-34.398187600000256],[-59.471436300000065,-34.398051600000279],[-59.471426,-34.397951800000278],[-59.471199500000061,-34.397557900000251],[-59.471203900000056,-34.397217100000262],[-59.47114540000004,-34.396916700000283],[-59.470858,-34.396446800000255],[-59.470614700000063,-34.39606340000028],[-59.470384800000069,-34.395961200000279],[-59.470188500000063,-34.395539000000269],[-59.469815500000053,-34.395410100000277],[-59.469649300000071,-34.395264700000268],[-59.469538300000053,-34.395070100000275],[-59.469593600000074,-34.394764800000253],[-59.469796800000054,-34.394614100000268],[-59.469777500000063,-34.394522300000276],[-59.469626500000054,-34.394509400000267],[-59.469163400000056,-34.394342800000274],[-59.469075700000069,-34.394164500000272],[-59.468744100000073,-34.393859300000265],[-59.468724400000049,-34.393505800000256],[-59.468500100000064,-34.392769500000284],[-59.468673500000079,-34.391884900000264],[-59.468230800000057,-34.39117310000028],[-59.468467,-34.390280400000258],[-59.468264600000062,-34.389805500000293],[-59.46779230000007,-34.389462500000285],[-59.467556,-34.389018000000277],[-59.467290200000043,-34.388878600000282],[-59.466890100000072,-34.388907500000293],[-59.466547600000048,-34.388773800000287],[-59.466476400000069,-34.388474800000267],[-59.467010900000069,-34.388047100000279],[-59.467105200000056,-34.387808500000261],[-59.467054200000071,-34.387643500000259],[-59.465712500000073,-34.386979400000271],[-59.465066800000066,-34.387073800000266],[-59.464965700000064,-34.386992500000261],[-59.465023700000067,-34.386263100000278],[-59.464874,-34.38600670000028],[-59.464342500000065,-34.385425100000262],[-59.464181400000065,-34.385053200000264],[-59.464159800000054,-34.384617600000269],[-59.464297700000074,-34.384221900000284],[-59.464269800000061,-34.38410660000028],[-59.464056700000057,-34.383918800000266],[-59.46387110000007,-34.383883900000292],[-59.463635100000076,-34.383918000000264],[-59.46347960000007,-34.383872400000278],[-59.463298200000061,-34.38372050000028],[-59.463336700000063,-34.383511200000278],[-59.462931400000059,-34.383074500000276],[-59.462577400000058,-34.382966900000277],[-59.462074100000073,-34.382679800000282],[-59.461624200000074,-34.382475400000274],[-59.461509800000073,-34.382312200000264],[-59.461601200000061,-34.382087500000267],[-59.461437300000071,-34.381942300000269],[-59.460894500000066,-34.38174750000028],[-59.460664600000058,-34.381550000000267],[-59.460712,-34.381274800000263],[-59.460561500000047,-34.380954600000287],[-59.459758900000068,-34.38047930000026],[-59.459726600000067,-34.379591000000268],[-59.458926500000061,-34.379495700000277],[-59.458915100000063,-34.378769900000272],[-59.458422800000072,-34.378082500000268],[-59.457895900000061,-34.378070400000276],[-59.457738200000065,-34.377256500000264],[-59.456934500000081,-34.376867900000278],[-59.456668100000073,-34.376490600000281],[-59.457153600000055,-34.376133600000273],[-59.457112600000073,-34.376025400000273],[-59.456484500000059,-34.375710600000282],[-59.456513900000061,-34.374704000000271],[-59.456397900000063,-34.374581600000297],[-59.456345200000065,-34.374130500000277],[-59.455923800000051,-34.374061700000262],[-59.455830300000073,-34.373789100000273],[-59.456043700000066,-34.373505100000266],[-59.454912100000058,-34.373014700000283],[-59.454694700000054,-34.372795700000268],[-59.454243400000067,-34.372739900000255],[-59.453961500000055,-34.371840400000259],[-59.453162400000046,-34.371572400000282],[-59.453197100000047,-34.371158000000293],[-59.452535700000062,-34.370804000000263],[-59.452200400000066,-34.369604100000274],[-59.452043400000072,-34.369461600000278],[-59.451867200000066,-34.369281300000267],[-59.451799100000066,-34.369194100000264],[-59.451728600000052,-34.369155300000287],[-59.451634700000064,-34.36913780000026],[-59.451543100000073,-34.369137800000267],[-59.451453900000047,-34.369163000000299],[-59.451399800000061,-34.369176600000287],[-59.451331700000061,-34.369180500000269],[-59.451282400000053,-34.369157200000259],[-59.451261300000063,-34.36913010000027],[-59.451256600000058,-34.369070000000285],[-59.451294200000063,-34.368845100000279],[-59.451291800000064,-34.36878110000027],[-59.451261300000063,-34.368711400000272],[-59.451212,-34.368672600000266],[-59.451129800000061,-34.368616400000278],[-59.451017,-34.368575700000285],[-59.450920700000054,-34.36855430000027],[-59.450866700000056,-34.368525300000272],[-59.450836200000062,-34.368480700000262],[-59.450833800000062,-34.368441900000292],[-59.450864400000079,-34.368399300000256],[-59.450911400000059,-34.368360500000264],[-59.45097710000006,-34.368319800000265],[-59.451059300000047,-34.368275200000269],[-59.451108600000047,-34.368230600000274],[-59.451141500000062,-34.368162800000277],[-59.45115090000008,-34.368094900000273],[-59.451127400000061,-34.368040600000256],[-59.451082800000066,-34.367998000000284],[-59.451000600000064,-34.367951400000294],[-59.450899600000071,-34.367918500000286],[-59.450819800000048,-34.367920400000251],[-59.450716400000069,-34.367943700000275],[-59.450643600000063,-34.36798440000026],[-59.450554400000058,-34.368029000000263],[-59.450491,-34.368089100000276],[-59.450399400000073,-34.368151100000262],[-59.450312500000067,-34.368176300000265],[-59.450272500000054,-34.368176300000286],[-59.450211500000066,-34.36814720000028],[-59.450134,-34.368091000000291],[-59.450068200000068,-34.368025100000274],[-59.450002500000053,-34.367922400000268],[-59.449927300000063,-34.367763400000271],[-59.449861600000055,-34.367620000000258],[-59.449856900000064,-34.367544300000276],[-59.449863900000054,-34.367492000000283],[-59.449894400000048,-34.367412500000285],[-59.449929700000062,-34.367373800000266],[-59.449986,-34.367344700000267],[-59.450094100000058,-34.367305900000268],[-59.450326600000061,-34.36718960000028],[-59.450373500000069,-34.36714310000027],[-59.45039,-34.367073300000285],[-59.450382900000072,-34.36701510000028],[-59.450347700000052,-34.36695500000026],[-59.450265500000064,-34.366863900000283],[-59.450192700000059,-34.366801900000283],[-59.450136300000068,-34.366734000000264],[-59.45006120000005,-34.366641000000271],[-59.450018900000082,-34.366573100000267],[-59.449969600000074,-34.366524700000276],[-59.449915600000061,-34.366493600000268],[-59.449805200000057,-34.366460700000275],[-59.449704200000063,-34.366460700000282],[-59.449544500000059,-34.366468400000272],[-59.449398900000062,-34.366509100000265],[-59.449220400000065,-34.366555700000276],[-59.449149900000066,-34.366559500000285],[-59.44906540000008,-34.366547900000292],[-59.448966800000058,-34.366518800000264],[-59.448922100000068,-34.366474300000291],[-59.448901,-34.366431600000269],[-59.448875200000067,-34.366346300000266],[-59.44886810000007,-34.366251300000258],[-59.448922100000068,-34.366148600000287],[-59.448959700000074,-34.366088500000281],[-59.449002,-34.366001200000262],[-59.449018400000071,-34.365884900000268],[-59.44900430000007,-34.365817100000264],[-59.448917400000063,-34.365675500000258],[-59.448882200000057,-34.365621300000271],[-59.448837600000076,-34.365584400000273],[-59.448743600000057,-34.365547600000269],[-59.448635600000067,-34.36549330000026],[-59.448522900000071,-34.365423500000276],[-59.448421900000064,-34.365359600000268],[-59.448316200000058,-34.365311100000277],[-59.448250400000063,-34.36526070000027],[-59.448205800000068,-34.365192800000273],[-59.448118900000061,-34.365051300000275],[-59.448081400000063,-34.365010600000282],[-59.448046100000063,-34.364958300000282],[-59.447985100000075,-34.364915600000259],[-59.447888800000072,-34.364805100000268],[-59.447884100000067,-34.36478180000028],[-59.447866500000067,-34.364722700000279],[-59.447848800000067,-34.364699400000276],[-59.447813600000082,-34.364682000000272],[-59.447784300000052,-34.364677200000273],[-59.447749,-34.364679100000274],[-59.447715,-34.364668400000284],[-59.447686800000064,-34.36464130000028],[-59.447677400000074,-34.364604500000269],[-59.447647400000065,-34.364553900000281],[-59.447584300000052,-34.364458000000283],[-59.44756270000007,-34.36439760000026],[-59.447537800000084,-34.364261900000272],[-59.447524500000064,-34.36414400000028],[-59.447511300000066,-34.364015200000274],[-59.447511300000066,-34.36395490000028],[-59.447509600000068,-34.363906900000273],[-59.447494700000064,-34.363872600000271],[-59.447456500000051,-34.36380410000028],[-59.447398300000067,-34.363731400000262],[-59.447313600000051,-34.363639600000269],[-59.447297,-34.363588800000279],[-59.447277100000065,-34.363505200000269],[-59.447240600000072,-34.363376400000277],[-59.447210700000063,-34.363310600000268],[-59.447124300000063,-34.363224200000261],[-59.447034700000067,-34.363146100000272],[-59.446963200000063,-34.363107700000263],[-59.446797200000056,-34.36305560000028],[-59.446596200000066,-34.362991200000252],[-59.446461700000064,-34.362922600000275],[-59.446318900000058,-34.362880100000282],[-59.446171100000065,-34.362860900000278],[-59.446056500000047,-34.362837600000262],[-59.445963500000062,-34.362825300000289],[-59.445932,-34.362826700000269],[-59.445913700000062,-34.362836300000282],[-59.445903700000059,-34.362859600000277],[-59.445897100000053,-34.362902100000284],[-59.44589710000006,-34.36292950000027],[-59.445882100000055,-34.362947300000272],[-59.445863900000063,-34.362955500000297],[-59.445817400000074,-34.362948700000267],[-59.44576420000007,-34.362937700000259],[-59.445722700000069,-34.362930800000264],[-59.445681200000074,-34.362915800000266],[-59.445643,-34.362882900000287],[-59.445594800000073,-34.362855400000271],[-59.44549850000007,-34.362814300000267],[-59.445438700000054,-34.362780000000264],[-59.44539060000006,-34.36276500000028],[-59.445309200000061,-34.362743000000265],[-59.445226200000064,-34.362718400000269],[-59.445131500000066,-34.362700500000294],[-59.445020300000067,-34.36266080000027],[-59.444874100000064,-34.362625100000251],[-59.444709700000075,-34.362566200000281],[-59.44461840000006,-34.362521000000292],[-59.444523700000062,-34.362474300000287],[-59.444440700000065,-34.36241270000027],[-59.444380900000063,-34.362346900000269],[-59.444352700000074,-34.362290600000271],[-59.444342700000057,-34.362231700000279],[-59.44434270000005,-34.362183700000287],[-59.444362600000055,-34.362142600000283],[-59.444390900000066,-34.36211110000027],[-59.444424100000077,-34.362042500000264],[-59.444457300000053,-34.361979500000267],[-59.444475600000054,-34.361939700000278],[-59.44448550000007,-34.361867100000254],[-59.444480500000061,-34.361817700000266],[-59.44448550000007,-34.361754600000268],[-59.444503800000071,-34.361710800000282],[-59.444538700000074,-34.361680600000277],[-59.444586800000053,-34.361640900000275],[-59.444635,-34.361581900000282],[-59.444684800000061,-34.361535300000284],[-59.444704700000052,-34.361492800000271],[-59.44471140000006,-34.361422900000278],[-59.444698100000039,-34.361380400000279],[-59.444676500000064,-34.361355700000274],[-59.444648300000047,-34.361344700000274],[-59.444615,-34.361344700000259],[-59.444537,-34.361347500000278],[-59.444492200000063,-34.361354300000279],[-59.444432400000068,-34.361346100000269],[-59.444359300000073,-34.361335200000276],[-59.444289600000069,-34.361331000000277],[-59.444266300000059,-34.361339300000267],[-59.444243100000065,-34.361351600000269],[-59.444223100000087,-34.361351600000269],[-59.444191600000053,-34.361335200000262],[-59.444158400000049,-34.361306400000259],[-59.444110200000054,-34.361251500000265],[-59.44408030000006,-34.361235100000258],[-59.444028800000048,-34.361215900000261],[-59.443995600000051,-34.361196700000256],[-59.443947500000064,-34.36116380000027],[-59.44392250000007,-34.361115800000256],[-59.443895100000063,-34.361086300000267],[-59.443889300000059,-34.36106170000027],[-59.443899300000062,-34.36103420000029],[-59.443921700000061,-34.360997900000278],[-59.443949100000054,-34.360971200000272],[-59.443999200000064,-34.360946600000268],[-59.444022700000055,-34.36092330000028],[-59.444065,-34.36087780000026],[-59.444090800000069,-34.360833200000272],[-59.444100200000065,-34.360798300000276],[-59.444095500000067,-34.360767300000269],[-59.44407910000006,-34.360729500000268],[-59.444068500000064,-34.360687800000264],[-59.444066100000065,-34.360644200000266],[-59.444038,-34.36058700000028],[-59.444002700000048,-34.360549200000285],[-59.443939300000068,-34.360496800000263],[-59.443879400000064,-34.36046090000027],[-59.443846600000057,-34.360440600000267],[-59.443744400000071,-34.360390200000282],[-59.443692700000057,-34.360384400000285],[-59.443627,-34.360381500000273],[-59.443557700000056,-34.360354300000274],[-59.44352360000007,-34.360337800000273],[-59.443461400000054,-34.360296200000263],[-59.443421500000063,-34.360265100000269],[-59.443354500000062,-34.360212800000262],[-59.443260600000073,-34.360155600000283],[-59.443173700000067,-34.360114900000269],[-59.443113800000056,-34.36009160000026],[-59.443061,-34.360081000000278],[-59.44297640000007,-34.360075100000266],[-59.442879,-34.360059600000277],[-59.442817900000058,-34.360061600000279],[-59.442758,-34.360075100000273],[-59.442705200000049,-34.360067400000275],[-59.442666400000064,-34.36005570000026],[-59.442646400000065,-34.360033500000263],[-59.442635900000077,-34.359982100000273],[-59.442613600000072,-34.359957800000281],[-59.442568900000062,-34.359938500000275],[-59.442527800000072,-34.359912300000268],[-59.442491400000051,-34.359889000000258],[-59.442443300000065,-34.359869600000295],[-59.442370500000067,-34.359855100000267],[-59.442261300000048,-34.359827900000255],[-59.442221400000065,-34.359801800000263],[-59.442123900000063,-34.359732000000278],[-59.442006500000048,-34.359639900000268],[-59.441772800000059,-34.359443100000263],[-59.441724600000065,-34.359404300000271],[-59.441687100000067,-34.359375200000279],[-59.441646,-34.359321000000264],[-59.441620100000058,-34.359270600000272],[-59.44159080000005,-34.359200800000281],[-59.44156730000006,-34.359150400000267],[-59.441564900000074,-34.359108700000277],[-59.441579,-34.35904280000026],[-59.44159310000007,-34.35897490000027],[-59.441629300000081,-34.358943900000249],[-59.441704,-34.358913800000273],[-59.441772100000065,-34.358894600000248],[-59.441797,-34.358876800000282],[-59.441805300000063,-34.358843900000267],[-59.441747200000066,-34.358782200000284],[-59.441664200000069,-34.358738300000269],[-59.441504700000074,-34.358702700000279],[-59.441405100000061,-34.358697200000279],[-59.441268900000061,-34.35870950000028],[-59.441170900000067,-34.358683500000268],[-59.441077900000074,-34.358667000000281],[-59.44096,-34.358665700000273],[-59.440789,-34.358651900000275],[-59.440652800000073,-34.358623200000281],[-59.440536600000051,-34.358576500000275],[-59.440450200000065,-34.358516200000274],[-59.440383800000077,-34.358457300000275],[-59.440289100000065,-34.358410700000263],[-59.440171200000066,-34.358359900000288],[-59.440035,-34.35832430000027],[-59.439955300000065,-34.358317400000281],[-59.439883900000055,-34.358333900000261],[-59.439809200000049,-34.358338000000295],[-59.439726200000052,-34.358318800000283],[-59.439641500000064,-34.358276300000291],[-59.439598300000064,-34.358239300000271],[-59.439528500000058,-34.358125500000263],[-59.439458800000047,-34.35805010000027],[-59.439311,-34.357925400000269],[-59.439189800000065,-34.357792400000271],[-59.43913830000006,-34.357678600000263],[-59.439108400000073,-34.357581200000268],[-59.439080100000055,-34.357534600000285],[-59.439042,-34.357501700000277],[-59.438950600000062,-34.357433200000273],[-59.438870900000062,-34.357366000000255],[-59.438799500000066,-34.357327600000261],[-59.438620100000065,-34.357244000000279],[-59.438379300000051,-34.357142500000286],[-59.438296300000069,-34.357117900000269],[-59.438107,-34.357042500000269],[-59.43788450000006,-34.35691910000029],[-59.437808100000062,-34.356883400000278],[-59.437733300000069,-34.356869700000281],[-59.437655300000053,-34.356853300000274],[-59.437580600000068,-34.356828600000263],[-59.437502500000065,-34.35678750000028],[-59.437392900000056,-34.35673950000028],[-59.437265,-34.356687400000283],[-59.437113900000057,-34.356660000000254],[-59.437052500000057,-34.356660000000275],[-59.436972800000049,-34.35663940000029],[-59.43688470000005,-34.356621600000267],[-59.436834900000051,-34.356621600000281],[-59.436778500000067,-34.356654500000253],[-59.436708700000061,-34.356684600000271],[-59.436597400000075,-34.356697000000246],[-59.436471200000064,-34.356695600000265],[-59.436401500000052,-34.35667780000027],[-59.436331700000061,-34.356646300000278],[-59.436253700000087,-34.356585900000276],[-59.436207200000077,-34.356525600000268],[-59.436202200000061,-34.356458400000271],[-59.436180600000064,-34.356392600000262],[-59.436154,-34.356369300000267],[-59.43606930000005,-34.356332300000282],[-59.435963100000073,-34.35627200000026],[-59.43587170000005,-34.356245900000268],[-59.435787,-34.356215800000278],[-59.435614300000061,-34.356134900000278],[-59.435510100000059,-34.356076600000272],[-59.435395100000065,-34.356030700000289],[-59.435224100000077,-34.355956700000277],[-59.435112800000063,-34.355925100000292],[-59.435029800000052,-34.355910100000273],[-59.434847100000049,-34.355849700000284]]}},
{"type":"Feature","properties":{"waterway":"stream","name":"Arroyo de la Noria","Name":"Arroyo de la Noria (stream)"},"geometry":{"type":"LineString","coordinates":[[-59.477055700000058,-34.407870800000275],[-59.477042,-34.40776580000027]]}},
{"type":"Feature","properties":{"waterway":"stream","name":"Arroyo Suero","Name":"Arroyo Suero (stream)"},"geometry":{"type":"LineString","coordinates":[[-59.468142300000054,-34.363136200000277],[-59.468056600000054,-34.363065300000287],[-59.467931200000059,-34.362985000000258],[-59.467871800000054,-34.362918300000274],[-59.467771200000051,-34.362794400000269],[-59.467594100000056,-34.362537600000273],[-59.467480200000075,-34.362439600000279],[-59.46730040000007,-34.36232380000029],[-59.467107400000067,-34.362223100000264],[-59.467044700000066,-34.362175400000261],[-59.466988600000064,-34.36211680000028],[-59.466955600000048,-34.362047400000272],[-59.46689790000007,-34.361854000000278],[-59.466899500000075,-34.361807700000263],[-59.466907800000087,-34.361689200000271],[-59.466904500000055,-34.361642900000277],[-59.46687480000007,-34.361600700000267],[-59.466815400000073,-34.361555800000261],[-59.46671970000007,-34.361499900000254],[-59.466599300000048,-34.361444100000277],[-59.466503600000067,-34.36141550000027],[-59.46643430000006,-34.361386900000269],[-59.466381500000061,-34.361346100000276],[-59.466323800000055,-34.361265700000267],[-59.466205,-34.361045100000261],[-59.466181900000059,-34.361017900000284],[-59.466140700000054,-34.360997400000279],[-59.466066500000046,-34.360982500000276],[-59.465997200000061,-34.360959300000268],[-59.465951,-34.360926600000269],[-59.46588,-34.360842200000285],[-59.465842100000074,-34.360778200000283],[-59.465804200000058,-34.360684200000286],[-59.465789300000061,-34.360632500000278],[-59.465764600000057,-34.360602500000262],[-59.46572,-34.360564400000278],[-59.465624300000059,-34.360454100000283],[-59.465541900000048,-34.360322000000266],[-59.465370300000046,-34.360011500000255],[-59.465277900000046,-34.359824900000277],[-59.465251500000058,-34.359769100000271],[-59.465221800000073,-34.359744600000262],[-59.465142600000071,-34.359714600000274],[-59.465083300000067,-34.359702400000288],[-59.465014,-34.359706400000277],[-59.464971100000049,-34.359714600000281],[-59.464924900000064,-34.359745900000284],[-59.464878700000078,-34.359797700000271],[-59.464849,-34.359882100000277],[-59.464835800000074,-34.359943400000247],[-59.464817700000069,-34.360000600000284],[-59.464821,-34.360041500000271],[-59.464814400000058,-34.36007690000028],[-59.464786300000057,-34.360110900000286],[-59.464735200000057,-34.360134100000273],[-59.46467250000007,-34.360134100000288],[-59.464614700000055,-34.360113600000282],[-59.464565300000061,-34.360075500000278],[-59.464542200000047,-34.360038700000253],[-59.464520700000065,-34.360004700000268],[-59.464458,-34.359909400000276],[-59.464392,-34.359814000000277],[-59.464309600000071,-34.359733700000255],[-59.464265,-34.359683300000263],[-59.464241900000061,-34.359617900000288],[-59.464225400000075,-34.359571600000272],[-59.464202300000046,-34.359496700000271],[-59.46418580000006,-34.359461300000277],[-59.464147900000071,-34.35943140000029],[-59.464098400000069,-34.359406800000279],[-59.464042300000067,-34.359402800000275],[-59.463989500000068,-34.359409600000269],[-59.463931800000061,-34.35943140000029],[-59.463870700000065,-34.359427300000263],[-59.463743700000059,-34.35943410000025],[-59.463627900000063,-34.359436900000269],[-59.463578,-34.359430000000273],[-59.463536500000046,-34.35941080000029],[-59.463518200000053,-34.359386100000279],[-59.463505,-34.35931480000027],[-59.463508300000065,-34.359187300000286],[-59.463501600000072,-34.359117400000279],[-59.463480100000062,-34.359084500000257],[-59.463435200000042,-34.359037900000274],[-59.46340370000005,-34.359011900000283],[-59.463347200000065,-34.358992700000286],[-59.46330570000007,-34.358961100000272],[-59.463261100000061,-34.358914800000271],[-59.46324120000007,-34.358859900000262],[-59.46324120000007,-34.35882290000027],[-59.463264400000064,-34.358783200000275],[-59.463304300000061,-34.358736500000283],[-59.463410600000067,-34.358662500000264],[-59.463555100000065,-34.358578900000282],[-59.46359330000007,-34.358537800000271],[-59.463608200000067,-34.358489800000292],[-59.463606500000054,-34.358451400000263],[-59.463588300000062,-34.358404800000272],[-59.463550100000056,-34.358369100000282],[-59.463501900000061,-34.358321200000262],[-59.463438800000056,-34.358277300000275],[-59.463355800000073,-34.358227900000273],[-59.463299300000067,-34.358210100000271],[-59.463234600000071,-34.358210100000264],[-59.463131600000054,-34.358221100000264],[-59.463041900000064,-34.358232000000264],[-59.462963900000062,-34.358234800000275],[-59.462897400000053,-34.358221100000272],[-59.462822700000068,-34.358181300000275],[-59.462724700000074,-34.35812920000027],[-59.462560300000071,-34.358052500000255],[-59.462259700000054,-34.357885200000283],[-59.462219900000072,-34.357849600000279],[-59.462198300000061,-34.357797500000267],[-59.46219,-34.357761800000276],[-59.462163400000051,-34.357726200000272],[-59.462135200000056,-34.357689200000266],[-59.462108600000057,-34.357645300000293],[-59.462075400000082,-34.357600000000275],[-59.462038900000081,-34.357575400000293],[-59.461997400000051,-34.357558900000264],[-59.461954200000051,-34.357557500000276],[-59.461897700000073,-34.357554800000273],[-59.461821300000047,-34.357541100000269],[-59.461748300000068,-34.357516400000272],[-59.461700100000058,-34.357483500000271],[-59.461656900000079,-34.357443800000269],[-59.461575500000066,-34.357373800000275],[-59.461505800000062,-34.357330000000253],[-59.461286600000065,-34.357225800000279],[-59.461215200000055,-34.357192900000285],[-59.461191900000074,-34.357155900000286],[-59.461162,-34.357133900000271],[-59.461130500000074,-34.357112000000264],[-59.461103900000062,-34.35707630000028],[-59.461057400000065,-34.356983100000278],[-59.461032500000051,-34.356955700000285],[-59.460991,-34.356937900000268],[-59.460886400000064,-34.356907700000271],[-59.460838200000069,-34.356885800000271],[-59.46077010000004,-34.356843300000286],[-59.460680400000051,-34.35679390000027],[-59.460624,-34.35677750000027],[-59.460552600000049,-34.356739100000276],[-59.460491100000063,-34.35672130000026],[-59.460434700000064,-34.356703400000278],[-59.460373200000049,-34.356665100000285],[-59.460310100000072,-34.356613000000273],[-59.460193900000057,-34.356530700000278],[-59.460082600000064,-34.356443000000283],[-59.460017800000067,-34.35640320000028],[-59.45992650000008,-34.356363500000285],[-59.459773700000056,-34.356294900000272],[-59.459647500000074,-34.356231800000259],[-59.459579400000074,-34.356185200000269],[-59.45953290000007,-34.356137200000276],[-59.459504700000053,-34.356082400000275],[-59.459469800000051,-34.35596310000026],[-59.45942160000007,-34.355880900000251],[-59.45935020000006,-34.355801400000267],[-59.459255600000063,-34.35572050000026],[-59.459197500000073,-34.355686200000257],[-59.459104500000066,-34.355636800000283],[-59.458996500000055,-34.355605300000263],[-59.458903500000048,-34.35558340000027],[-59.458833800000065,-34.355577900000284],[-59.458779,-34.355582000000268],[-59.458717500000063,-34.35557510000028],[-59.458661100000064,-34.355562800000278],[-59.45858960000006,-34.35553680000028],[-59.458471700000061,-34.355490100000253],[-59.45836550000007,-34.355469600000269],[-59.458267500000062,-34.355455900000273],[-59.458199400000062,-34.355447600000282],[-59.458156200000062,-34.355427100000277],[-59.458118,-34.355387300000267],[-59.458074800000055,-34.355355800000275],[-59.458005100000051,-34.355329700000283],[-59.457897100000061,-34.355277600000278],[-59.457830700000059,-34.355244700000277],[-59.457762600000073,-34.355226900000268],[-59.457726100000066,-34.355226900000289],[-59.457687900000053,-34.35525020000027],[-59.457659700000072,-34.355292700000277],[-59.457621500000052,-34.355358500000271],[-59.457583300000074,-34.355432600000285],[-59.45757,-34.355457200000266],[-59.457565,-34.355501100000254],[-59.457548400000071,-34.355598500000262],[-59.457508600000047,-34.355723200000263],[-59.457473700000044,-34.355787600000284],[-59.457432200000063,-34.355826000000278],[-59.457382300000063,-34.35585210000027],[-59.457332500000064,-34.355857600000249],[-59.457282700000071,-34.355849300000287],[-59.457249500000067,-34.355830100000269],[-59.457213,-34.355794500000265],[-59.457176400000051,-34.355738300000269],[-59.457159800000049,-34.355688900000274],[-59.45713820000006,-34.355654700000265],[-59.457133200000051,-34.355616300000271],[-59.457143200000061,-34.355564200000295],[-59.457154800000055,-34.355531300000273],[-59.457153200000064,-34.355502500000291],[-59.457139900000072,-34.35548330000028],[-59.4571,-34.35546140000028],[-59.457055200000049,-34.355460000000264],[-59.457000400000076,-34.355438000000277],[-59.456937300000064,-34.355407900000287],[-59.456872500000067,-34.355391400000279],[-59.456816,-34.355391400000279],[-59.456701500000065,-34.35539550000027],[-59.456628400000056,-34.355405100000262],[-59.456590200000065,-34.355414700000267],[-59.456560300000056,-34.355440800000274],[-59.456495500000067,-34.35551620000026],[-59.456424100000064,-34.355594300000277],[-59.456407500000047,-34.355632700000285],[-59.456387600000056,-34.355651900000275],[-59.456339400000061,-34.355660100000279],[-59.456233200000064,-34.355667000000274],[-59.456133500000057,-34.355658800000278],[-59.456085400000063,-34.355638200000278],[-59.456042200000077,-34.355597100000274],[-59.455975700000081,-34.355551800000256],[-59.455889400000061,-34.355503900000279],[-59.455808,-34.355479200000275],[-59.45571,-34.355457200000259],[-59.455661900000067,-34.355436700000269],[-59.455595500000065,-34.355396900000265],[-59.455578800000062,-34.355366800000276],[-59.455552300000065,-34.355294100000279],[-59.455505800000061,-34.355243400000276],[-59.455437700000061,-34.355192600000279],[-59.455316500000073,-34.355148800000272],[-59.455085600000061,-34.355103500000268],[-59.454883,-34.35506650000027],[-59.454808300000067,-34.355061000000276],[-59.45473020000005,-34.355065100000274],[-59.454667100000073,-34.355048700000268],[-59.454604,-34.355015800000281],[-59.454560900000061,-34.354978800000275],[-59.454529300000054,-34.354934900000288],[-59.454482800000065,-34.354836200000278],[-59.454406400000067,-34.354701800000285],[-59.454349900000054,-34.354538700000269],[-59.454298500000057,-34.354370100000288],[-59.454266900000057,-34.354259000000269],[-59.454240300000073,-34.354228800000271],[-59.454197200000053,-34.354208300000273],[-59.454159,-34.354204200000268],[-59.454097500000074,-34.354209600000267],[-59.45402940000006,-34.354224700000273],[-59.453944700000051,-34.354228800000271],[-59.453841800000063,-34.354233000000271],[-59.453702300000067,-34.354220600000282],[-59.453561100000051,-34.354191800000279],[-59.453385100000069,-34.35414380000028],[-59.453139300000053,-34.354083500000286],[-59.452978200000061,-34.354053400000282],[-59.452812200000061,-34.35403690000026],[-59.452745700000065,-34.354042400000267],[-59.452672700000058,-34.35405200000028],[-59.452634500000066,-34.354050600000285],[-59.452591300000051,-34.354032800000276],[-59.452558100000068,-34.354019100000251],[-59.452495,-34.354009500000267],[-59.452407,-34.35399300000028],[-59.452327200000063,-34.353973800000276],[-59.452234200000071,-34.353930000000283],[-59.452146200000065,-34.353883400000292],[-59.452109700000058,-34.353853200000273],[-59.452069800000061,-34.35384080000027],[-59.451930300000058,-34.353809300000279],[-59.451752700000057,-34.353760000000278],[-59.451672900000041,-34.353754500000264],[-59.451596500000058,-34.353755800000286],[-59.45149030000006,-34.353755800000272],[-59.451355800000066,-34.353736700000269],[-59.451224600000074,-34.353705100000262],[-59.451121600000057,-34.353672200000268],[-59.451033600000052,-34.353617400000282],[-59.450978800000065,-34.353569400000268],[-59.450935600000051,-34.353509100000288],[-59.450900700000062,-34.353433700000267],[-59.450889100000055,-34.353367900000286],[-59.450900700000062,-34.353287000000272],[-59.450919,-34.353239000000279],[-59.450950500000062,-34.353195100000285],[-59.450962200000049,-34.353152600000257],[-59.450973800000071,-34.353038800000277],[-59.450978800000065,-34.352971600000267],[-59.450968800000062,-34.35293600000027],[-59.450924,-34.352888000000284],[-59.450849200000064,-34.352844100000283],[-59.450751300000057,-34.352800300000268],[-59.450708100000064,-34.352792000000285],[-59.450654900000053,-34.352801600000269],[-59.450566900000062,-34.352835900000265],[-59.450467300000049,-34.352868800000259],[-59.450409200000067,-34.352896200000274],[-59.450258,-34.352940100000275],[-59.450060400000055,-34.352993600000261],[-59.449911,-34.35305250000026],[-59.44981460000006,-34.353095000000295],[-59.449758200000076,-34.35309780000027],[-59.449695100000078,-34.353081300000262],[-59.449592100000054,-34.353048400000283],[-59.449537300000053,-34.35301410000028],[-59.449499100000054,-34.35296070000026],[-59.449484200000043,-34.352903100000276],[-59.449479200000063,-34.352835900000251],[-59.449495800000051,-34.352781100000286],[-59.449532300000058,-34.35270980000027],[-59.449603700000061,-34.352597300000262],[-59.44962370000006,-34.352543900000263],[-59.449655200000059,-34.352487700000289],[-59.449700100000065,-34.352405400000279],[-59.449706700000064,-34.352351900000279],[-59.44968180000005,-34.352297100000264],[-59.449643600000066,-34.352262800000275],[-59.449588800000065,-34.35223130000027],[-59.449542300000054,-34.352217600000273],[-59.449467600000048,-34.35221760000028],[-59.449276600000083,-34.352242200000276],[-59.449082300000072,-34.352280600000263],[-59.448951100000066,-34.352313500000271],[-59.448888,-34.35232180000029],[-59.448836500000063,-34.352320400000281],[-59.448755100000056,-34.352302600000264],[-59.44860070000005,-34.352258700000263],[-59.448477800000049,-34.35221480000029],[-59.448321700000065,-34.352165500000289],[-59.448195500000054,-34.352140800000278],[-59.448084200000046,-34.352118900000278],[-59.448002800000062,-34.352092800000285],[-59.447901500000064,-34.352091400000283],[-59.447828500000071,-34.352095500000274],[-59.447785300000071,-34.352105100000266],[-59.44774210000007,-34.352138000000267],[-59.447689,-34.352217600000266],[-59.447577700000068,-34.352364300000275],[-59.447496300000047,-34.352452000000255],[-59.447449800000065,-34.352482200000281],[-59.447393400000067,-34.35249180000028],[-59.447258900000072,-34.352484900000277],[-59.447121,-34.35247940000027],[-59.447036300000057,-34.352469800000279],[-59.446961600000073,-34.352452000000262],[-59.446885200000047,-34.352420500000264],[-59.446820400000071,-34.352398500000277],[-59.446760700000056,-34.352398500000277],[-59.446710800000055,-34.352416400000273],[-59.446657700000067,-34.352482200000274],[-59.44659290000007,-34.352556200000265],[-59.446581300000055,-34.352593200000271],[-59.446579700000065,-34.352663200000286],[-59.446578,-34.352698800000255],[-59.446549800000071,-34.352744000000278],[-59.446501600000062,-34.352798900000259],[-59.446410300000068,-34.352851000000278],[-59.446355500000074,-34.352863300000273],[-59.446284100000064,-34.352859200000267],[-59.446179400000062,-34.352835900000265],[-59.44609640000008,-34.352800300000276],[-59.44601,-34.35276460000027],[-59.445961900000057,-34.352752300000276],[-59.445868900000072,-34.352744000000285],[-59.445792500000074,-34.352745400000266],[-59.445682900000051,-34.35275230000029],[-59.445624800000076,-34.352745400000273],[-59.445523500000064,-34.352722100000278],[-59.445412200000064,-34.352719400000275],[-59.445286,-34.352737200000298],[-59.445211300000054,-34.352737200000291],[-59.44511660000007,-34.352715300000263],[-59.445055200000063,-34.352687800000268],[-59.444792900000081,-34.352622500000287],[-59.444610300000072,-34.352597800000261],[-59.444381100000051,-34.352597800000261],[-59.444225,-34.352603300000283],[-59.444098800000049,-34.352628000000287],[-59.444022400000044,-34.352638900000265],[-59.443964300000061,-34.352640300000267],[-59.44390120000007,-34.352619700000268],[-59.443861300000059,-34.352584100000264],[-59.443851300000063,-34.35254710000028],[-59.443831400000072,-34.352420900000261],[-59.443839700000069,-34.352293400000278],[-59.443839700000069,-34.352175500000271],[-59.443824800000073,-34.352142600000271],[-59.443793200000066,-34.352130300000276],[-59.443743400000066,-34.352128900000267],[-59.443693600000081,-34.352139900000275],[-59.443603900000056,-34.352182400000267],[-59.443542400000055,-34.352204300000274],[-59.443452800000053,-34.352212500000292],[-59.443336500000079,-34.352238600000277],[-59.443233600000063,-34.352260500000277],[-59.443160500000047,-34.352264600000268],[-59.443060900000063,-34.352252300000295],[-59.442984500000065,-34.352229000000285],[-59.442942900000055,-34.352202900000286],[-59.442883200000054,-34.352137100000277],[-59.44284660000006,-34.352108300000289],[-59.442790200000069,-34.35208640000026],[-59.442705500000066,-34.352056200000277],[-59.442569300000066,-34.351976700000257],[-59.442478,-34.351950700000295],[-59.442404900000064,-34.351931500000276],[-59.442358400000067,-34.351898600000276],[-59.442340100000067,-34.35185740000027],[-59.442330200000065,-34.351771100000285],[-59.442320200000061,-34.351739500000278],[-59.44227540000005,-34.35169290000028],[-59.442114300000064,-34.351570900000269],[-59.442042900000054,-34.351538000000261],[-59.441976400000058,-34.351524300000278],[-59.441895100000067,-34.351522900000283],[-59.441798700000064,-34.351533900000263],[-59.441614400000056,-34.351565400000261],[-59.441448300000047,-34.351575000000246],[-59.44125570000007,-34.351561300000263],[-59.441064700000062,-34.351573600000272],[-59.440951800000072,-34.351601100000266],[-59.440853800000063,-34.351653200000264],[-59.440789,-34.351719000000287],[-59.44074750000005,-34.351797100000255],[-59.440734200000065,-34.351854700000253],[-59.440732600000061,-34.351949300000271],[-59.440754200000072,-34.352013700000278],[-59.440792400000063,-34.352089100000278],[-59.440887,-34.352268700000259],[-59.440928500000062,-34.352342800000265],[-59.440975,-34.352394900000284],[-59.441033200000064,-34.35243050000026],[-59.441131100000057,-34.35249220000027],[-59.441146100000054,-34.352519600000271],[-59.441144400000056,-34.352551200000285],[-59.441111200000066,-34.352600500000271],[-59.441026500000056,-34.352714300000272],[-59.440961800000061,-34.352774700000268],[-59.440852200000059,-34.352869300000265],[-59.440810600000056,-34.352881600000281],[-59.440759200000066,-34.352877500000275],[-59.440699400000064,-34.352836300000256],[-59.440639600000061,-34.35276370000026],[-59.440634600000067,-34.352717100000277],[-59.44060970000006,-34.352681400000272],[-59.440564900000062,-34.35262930000026],[-59.44049840000006,-34.352571700000276],[-59.440438600000071,-34.352540200000284],[-59.440392100000061,-34.352537500000267],[-59.440365600000064,-34.352552500000272],[-59.440325700000066,-34.352595100000286],[-59.440290800000064,-34.352696500000278],[-59.440257600000081,-34.352796600000268],[-59.440257600000066,-34.352844600000267],[-59.440280900000047,-34.352877500000268],[-59.440332400000059,-34.352940500000287],[-59.440344,-34.352985800000276],[-59.440339,-34.353036500000279],[-59.440314100000059,-34.353092700000268],[-59.440246,-34.35315580000028],[-59.440143,-34.353216100000282],[-59.440121500000068,-34.353261400000285],[-59.440133100000061,-34.353302500000268],[-59.440161300000064,-34.353343600000265],[-59.440202800000058,-34.353372400000268],[-59.44026760000007,-34.35339020000027],[-59.440320700000058,-34.353398500000282],[-59.440354,-34.353409400000281],[-59.440385500000069,-34.353442300000268],[-59.440445300000064,-34.353484800000274],[-59.440511700000066,-34.353531500000265],[-59.440601400000055,-34.353569800000272],[-59.440662800000062,-34.353584900000278],[-59.440735900000057,-34.353590400000279],[-59.440842200000063,-34.35357530000028],[-59.440890300000071,-34.353567100000276],[-59.440920200000079,-34.353546500000284],[-59.440975,-34.353491700000276],[-59.441013200000064,-34.35346560000027],[-59.441056400000065,-34.353450600000279],[-59.441109600000075,-34.353453300000254],[-59.441308800000087,-34.353515000000264],[-59.441441700000063,-34.353547900000265],[-59.441483200000079,-34.353574000000272],[-59.44150310000007,-34.353611000000278],[-59.441536400000068,-34.35368230000028],[-59.441566200000047,-34.353735700000279],[-59.441582900000071,-34.353778200000278],[-59.441587800000065,-34.353829000000268],[-59.441569600000065,-34.353860500000273],[-59.441516400000062,-34.353908500000287],[-59.441401800000072,-34.353960600000271],[-59.441337100000062,-34.354007200000254],[-59.441274,-34.35406480000028],[-59.441240800000067,-34.354082600000268],[-59.441189300000055,-34.354093600000269],[-59.441074700000065,-34.354105900000278],[-59.440995,-34.354126500000277],[-59.440951800000057,-34.35415940000027],[-59.44091360000008,-34.354229300000256],[-59.440875400000074,-34.354306100000272],[-59.440833900000051,-34.354363600000276],[-59.44080570000007,-34.354418500000271],[-59.440779100000064,-34.354490700000255],[-59.44072740000005,-34.354566300000279],[-59.440695700000063,-34.354648700000276],[-59.440672200000066,-34.354681600000283],[-59.44064520000007,-34.354710700000261],[-59.440592300000063,-34.354726200000279],[-59.440503100000072,-34.354731100000286],[-59.440366900000072,-34.354734000000263],[-59.440283500000071,-34.354729100000263],[-59.440226,-34.354730100000275],[-59.440181300000063,-34.354744700000268],[-59.440147300000056,-34.354775700000282],[-59.440101500000061,-34.354805700000263],[-59.440035700000067,-34.354822200000271],[-59.43988070000006,-34.354843500000271],[-59.439761,-34.35484550000028],[-59.439586,-34.354859000000275],[-59.439461500000064,-34.35485520000028],[-59.439413400000056,-34.354847400000274],[-59.439340600000065,-34.354816400000267],[-59.439162100000061,-34.354723300000288],[-59.439118600000064,-34.354700100000279],[-59.439071700000071,-34.354694200000274],[-59.438994200000067,-34.354701000000262],[-59.438919,-34.354725300000268],[-59.438801600000048,-34.354785400000253],[-59.438704100000066,-34.354844500000283],[-59.438663,-34.354896900000284],[-59.438645400000048,-34.354928800000273],[-59.438647700000075,-34.354958900000277],[-59.438654800000059,-34.355009300000262],[-59.438653600000073,-34.355063600000285],[-59.438647700000061,-34.355148900000287],[-59.438629,-34.355225500000273],[-59.438626600000056,-34.35527780000028],[-59.43862540000007,-34.355329200000284],[-59.438614900000061,-34.355372800000268],[-59.438577300000055,-34.355421300000287],[-59.438536200000065,-34.355447500000267],[-59.438428200000047,-34.35552800000027],[-59.438296600000051,-34.355633600000253],[-59.438226200000074,-34.35568210000028],[-59.438186300000062,-34.355691800000265],[-59.438161600000065,-34.355683100000277],[-59.438121700000067,-34.355673400000256],[-59.438091100000065,-34.355673400000278],[-59.438038300000066,-34.355676300000262],[-59.437971400000066,-34.355664600000267],[-59.437936100000059,-34.355638500000282],[-59.437897400000054,-34.355586100000274],[-59.437877400000062,-34.355548300000279],[-59.437870400000058,-34.355507600000273],[-59.43788330000006,-34.35547660000028],[-59.437897400000068,-34.355445600000266],[-59.437897400000068,-34.355389300000269],[-59.437888,-34.35529820000027],[-59.437866900000074,-34.355269100000264],[-59.437810500000047,-34.355244900000294],[-59.437758800000054,-34.355244900000294],[-59.43768010000008,-34.355258500000261],[-59.437585,-34.355293400000278],[-59.437536900000055,-34.355316600000279],[-59.437505200000047,-34.355346700000268],[-59.437469900000067,-34.355414500000279],[-59.437388900000066,-34.355595800000273],[-59.437374800000065,-34.35566850000027],[-59.437369,-34.35571310000028],[-59.437373700000059,-34.355752900000283],[-59.437406500000058,-34.355814900000269],[-59.437412400000078,-34.355859500000285],[-59.437403,-34.355902200000259],[-59.437364300000056,-34.355930300000274],[-59.437276200000056,-34.355962300000272],[-59.437217500000074,-34.355975800000273],[-59.437152900000058,-34.35597100000026],[-59.437090700000063,-34.355956400000281],[-59.436988500000069,-34.355959300000279],[-59.436867500000062,-34.355970000000276],[-59.436776,-34.355983600000258],[-59.436717200000075,-34.355979700000276],[-59.43665270000006,-34.355960300000277],[-59.436611600000077,-34.355945800000278],[-59.436581,-34.355917700000269],[-59.436529400000062,-34.355848800000274],[-59.436410800000054,-34.355733500000277],[-59.436316800000078,-34.355645300000248],[-59.436287500000056,-34.355631700000288],[-59.436202900000055,-34.355626800000273],[-59.436139500000074,-34.35562200000026],[-59.436033800000068,-34.35563650000028],[-59.435950400000067,-34.35565790000026],[-59.43590930000007,-34.355682100000273],[-59.435844800000069,-34.355743200000276],[-59.435773100000056,-34.355800400000277],[-59.435715600000073,-34.355852700000284],[-59.435629900000066,-34.355951600000289],[-59.435585200000048,-34.356014600000279],[-59.435510100000059,-34.356076600000272]]}},
{"type":"Feature","properties":{"waterway":"stream","name":"Arroyo Suero","Name":"Arroyo Suero (stream)"},"geometry":{"type":"LineString","coordinates":[[-59.46823140000005,-34.363198800000276],[-59.468142300000054,-34.363136200000277]]}},
{"type":"Feature","properties":{"waterway":"stream","name":null,"Name":"sin nombre (stream)"},"geometry":{"type":"LineString","coordinates":[[-59.464905400000063,-34.443570100000265],[-59.464798500000043,-34.443543400000273],[-59.464788900000059,-34.443583000000267],[-59.464692900000067,-34.443606800000289],[-59.464678500000055,-34.443670100000276],[-59.464505700000068,-34.443769100000274],[-59.464414400000067,-34.443749300000277],[-59.463977500000041,-34.443749300000277],[-59.463847900000054,-34.443686000000277],[-59.463228500000056,-34.443602800000285],[-59.46278680000006,-34.443456300000292],[-59.462642800000062,-34.443365300000295],[-59.462407500000054,-34.44319900000027],[-59.462273100000061,-34.443088100000253],[-59.462191400000059,-34.442985100000278],[-59.46199940000006,-34.442807000000286],[-59.461951400000054,-34.442672300000275],[-59.461879400000072,-34.442482300000272],[-59.461768900000067,-34.442379300000255],[-59.461605700000064,-34.442363500000276],[-59.461245600000069,-34.442244700000266],[-59.461082300000065,-34.44210610000026],[-59.460938300000066,-34.44208630000027],[-59.460866300000063,-34.442121900000274],[-59.460573400000058,-34.44224470000028],[-59.460391,-34.442284300000281],[-59.459848400000055,-34.442224900000284],[-59.459593900000066,-34.442141700000263],[-59.459464300000064,-34.442141700000256],[-59.459387500000062,-34.442276400000274],[-59.459277100000072,-34.442486200000268],[-59.459089800000051,-34.442640700000283],[-59.458902600000066,-34.442763400000281],[-59.458816100000064,-34.442882200000263],[-59.458667300000059,-34.442981200000268],[-59.458321600000055,-34.442973300000283],[-59.458220800000063,-34.442894100000274],[-59.457999900000061,-34.442842600000283],[-59.457827100000074,-34.442842600000269],[-59.457539,-34.442818800000282],[-59.457419,-34.442783200000292],[-59.457294100000055,-34.442688200000276],[-59.45719810000007,-34.442640700000283],[-59.457073300000062,-34.442573300000255],[-59.456847600000067,-34.44259710000027],[-59.456602700000055,-34.442632700000274],[-59.45641070000007,-34.442537700000287],[-59.456122600000064,-34.442601100000267],[-59.45580570000007,-34.442573300000255],[-59.455728900000061,-34.442494100000282],[-59.45546960000005,-34.442430800000267],[-59.455301600000062,-34.442323900000268],[-59.455196,-34.442316000000268],[-59.45487910000007,-34.442292200000267],[-59.45457660000006,-34.44221300000028],[-59.454202100000067,-34.442137800000268],[-59.453947600000049,-34.442019000000272],[-59.453621100000056,-34.441924000000277],[-59.453405100000055,-34.441817100000264],[-59.453265800000061,-34.441765600000274],[-59.453054600000073,-34.44173390000028],[-59.452882900000056,-34.44178170000027]]}},
{"type":"Feature","properties":{"waterway":"stream","name":null,"Name":"sin nombre (stream)"},"geometry":{"type":"LineString","coordinates":[[-59.465101600000047,-34.443626700000287],[-59.464905400000063,-34.443570100000265]]}},
{"type":"Feature","properties":{"waterway":"stream","name":null,"Name":"sin nombre (stream)"},"geometry":{"type":"LineString","coordinates":[[-59.38538620000007,-34.44050670000027],[-59.38185,-34.438794000000271],[-59.380875700000047,-34.438801500000274],[-59.379728400000054,-34.438764000000269],[-59.378590200000062,-34.438816500000272],[-59.378171300000062,-34.438681300000269],[-59.37741560000007,-34.438478600000273],[-59.376841900000066,-34.438140600000274],[-59.376486800000052,-34.438125600000276],[-59.375785700000073,-34.438170700000278],[-59.375357700000073,-34.438230800000284],[-59.375039,-34.438088100000293],[-59.374866,-34.438245800000274],[-59.374565500000088,-34.438411000000272],[-59.374028300000049,-34.438365900000264],[-59.373545700000065,-34.438298300000291],[-59.373409100000067,-34.438050500000273],[-59.373272500000049,-34.43804300000027],[-59.373090400000066,-34.438178200000266],[-59.372926500000069,-34.43838100000027],[-59.372680700000046,-34.438328400000273],[-59.371660800000065,-34.43840350000027],[-59.371041600000069,-34.438411000000272],[-59.370295,-34.438283300000258],[-59.369521,-34.438290800000274],[-59.368929100000074,-34.438185700000268],[-59.368009500000049,-34.438230800000277],[-59.367727200000061,-34.438245800000281],[-59.366953200000054,-34.438103100000262],[-59.366507100000049,-34.438260800000265],[-59.36596980000008,-34.438215700000285],[-59.365596500000052,-34.437877800000294],[-59.365113900000054,-34.437682600000272],[-59.364695,-34.437509800000278],[-59.364285300000063,-34.437216900000266],[-59.363684300000052,-34.437096800000269],[-59.363019600000065,-34.43687900000026],[-59.361371500000061,-34.436278200000267],[-59.360424500000057,-34.435715000000279],[-59.359905500000053,-34.435452100000276],[-59.35940470000007,-34.435332000000294],[-59.358922100000072,-34.434948900000279],[-59.358658,-34.434791200000255],[-59.358312,-34.43454340000028],[-59.357929600000062,-34.43425050000026],[-59.357811200000064,-34.433890000000247],[-59.357355900000066,-34.433792400000272],[-59.356900600000067,-34.433409400000265],[-59.356827800000069,-34.433191600000271],[-59.356758200000058,-34.433089500000293]]}},
{"type":"Feature","properties":{"waterway":"stream","name":null,"Name":"sin nombre (stream)"},"geometry":{"type":"LineString","coordinates":[[-59.385533800000061,-34.440573100000272],[-59.38538620000007,-34.44050670000027]]}},
{"type":"Feature","properties":{"waterway":"stream","name":null,"Name":"sin nombre (stream)"},"geometry":{"type":"LineString","coordinates":[[-59.388504900000065,-34.442536600000267],[-59.388387,-34.442480800000268],[-59.388140800000066,-34.44238610000027],[-59.386612200000052,-34.441061900000271],[-59.386156900000067,-34.440896700000295],[-59.385892900000059,-34.44074650000028],[-59.385533800000061,-34.440573100000272]]}},
{"type":"Feature","properties":{"waterway":"stream","name":null,"Name":"sin nombre (stream)"},"geometry":{"type":"LineString","coordinates":[[-59.388634900000042,-34.442913200000277],[-59.388504900000065,-34.442536600000267]]}},
{"type":"Feature","properties":{"waterway":"stream","name":null,"Name":"sin nombre (stream)"},"geometry":{"type":"LineString","coordinates":[[-59.349282100000067,-34.428032700000273],[-59.349151800000072,-34.427979400000268],[-59.348787500000064,-34.42785920000027],[-59.348578100000061,-34.427926800000265],[-59.348359600000059,-34.427784100000274],[-59.348223,-34.427641400000269],[-59.34790430000006,-34.427498700000285],[-59.34774950000007,-34.427521200000285],[-59.347612900000065,-34.427678900000267],[-59.347485400000046,-34.427648900000278],[-59.347403500000063,-34.427491200000283],[-59.347412600000069,-34.427295900000281],[-59.347394400000063,-34.42714570000026],[-59.347221400000066,-34.427063100000261],[-59.347039300000048,-34.427063100000254],[-59.346857200000088,-34.427025500000248],[-59.346811600000073,-34.426837700000263],[-59.34676610000006,-34.426695000000272],[-59.346629500000056,-34.42663490000028],[-59.346383700000054,-34.426747600000276],[-59.346156,-34.426770100000283],[-59.345773600000065,-34.426717600000273],[-59.345418500000051,-34.426650000000272],[-59.345118,-34.426672500000294],[-59.344772,-34.426680000000275],[-59.344671800000057,-34.426777600000278],[-59.344107300000076,-34.426867800000259],[-59.343788600000053,-34.426950400000273],[-59.343424300000073,-34.426717600000273],[-59.343114700000072,-34.426747600000262],[-59.342695900000066,-34.426740100000266],[-59.341903700000067,-34.42684520000028],[-59.341448400000068,-34.426965400000292],[-59.341275400000058,-34.426950400000273],[-59.341211700000066,-34.426867800000267],[-59.340920300000064,-34.426897800000276],[-59.340501400000065,-34.426927900000265],[-59.340255600000063,-34.426815200000263],[-59.340009700000067,-34.426627400000264],[-59.339873200000063,-34.426725100000269],[-59.339754800000051,-34.426912800000267],[-59.339663700000052,-34.426980400000268],[-59.339527100000062,-34.427003000000269],[-59.339408800000072,-34.42689030000026],[-59.339026300000057,-34.42679270000027],[-59.338735,-34.42681520000027],[-59.338425400000062,-34.426912800000281],[-59.338297900000065,-34.426980400000282],[-59.338124900000054,-34.427220800000278],[-59.337970100000064,-34.427363500000254],[-59.337760700000061,-34.427295900000267],[-59.337615,-34.427243300000278],[-59.337232500000063,-34.427431100000256],[-59.337196100000064,-34.427588800000272],[-59.337150600000065,-34.42773900000028],[-59.336786400000058,-34.427701500000275],[-59.336567800000047,-34.427716500000273],[-59.336485900000064,-34.42791180000026],[-59.336376600000072,-34.428084500000267],[-59.336185400000055,-34.428189700000267],[-59.336003300000066,-34.428047000000255],[-59.335329500000064,-34.428069500000277],[-59.335138200000067,-34.428189700000274],[-59.33512,-34.428302300000269],[-59.334983400000048,-34.428452500000269],[-59.334582800000071,-34.428219700000263],[-59.334127500000072,-34.428167100000273],[-59.333672200000052,-34.428302300000254],[-59.333462800000056,-34.42834740000027],[-59.333308,-34.42836990000027],[-59.333207800000068,-34.428467600000261],[-59.333226100000068,-34.428572700000259],[-59.333080400000071,-34.428662800000261],[-59.332816300000061,-34.428737900000272],[-59.332597800000073,-34.428617800000268],[-59.332433900000055,-34.428595200000267],[-59.332279100000065,-34.428655300000266],[-59.332124300000046,-34.428572700000252],[-59.332097,-34.428347400000291],[-59.331969500000064,-34.428294800000273],[-59.331887500000072,-34.428400000000266],[-59.331723600000046,-34.428565200000271],[-59.331505100000058,-34.428632800000287],[-59.331368500000053,-34.428572700000274],[-59.331368500000067,-34.428482600000279],[-59.331131800000065,-34.428339900000282],[-59.330885900000069,-34.428317300000266],[-59.330631,-34.42852760000028],[-59.330212100000061,-34.428467600000268],[-59.329966300000059,-34.428482600000258],[-59.329820600000048,-34.428572700000267],[-59.329738600000056,-34.428737900000257],[-59.329647600000065,-34.428933200000266],[-59.329511,-34.429113500000263],[-59.329219600000052,-34.429211100000252],[-59.328937300000064,-34.42924110000029],[-59.328391,-34.429105900000266],[-59.328218,-34.42903080000027],[-59.328172400000064,-34.428925700000285],[-59.327972100000046,-34.428850600000267],[-59.327753600000058,-34.42864780000027],[-59.327498600000055,-34.428617800000275],[-59.327416700000057,-34.428737900000272],[-59.327298300000074,-34.428843100000272],[-59.327179900000068,-34.429053400000278],[-59.32707070000005,-34.429211100000273],[-59.32687030000006,-34.429256200000289],[-59.326633600000072,-34.429428900000275],[-59.326342200000063,-34.429579100000254],[-59.326205600000073,-34.429736800000271],[-59.326050800000061,-34.42991710000026],[-59.325905200000072,-34.42996210000026],[-59.32578680000006,-34.430195000000275],[-59.325759500000061,-34.43037520000027],[-59.325413500000067,-34.43048790000028],[-59.325295100000055,-34.430713200000277],[-59.32515850000005,-34.430931000000271],[-59.325058300000059,-34.431126300000273],[-59.325031,-34.43123890000026],[-59.32504,-34.431350000000279]]}},
{"type":"Feature","properties":{"waterway":"stream","name":null,"Name":"sin nombre (stream)"},"geometry":{"type":"LineString","coordinates":[[-59.349420400000064,-34.428098700000263],[-59.349282100000067,-34.428032700000273]]}},
{"type":"Feature","properties":{"waterway":"stream","name":null,"Name":"sin nombre (stream)"},"geometry":{"type":"LineString","coordinates":[[-59.356665300000074,-34.432949700000265],[-59.35652730000006,-34.432726000000279],[-59.356154,-34.432275300000271],[-59.356026500000063,-34.432095100000275],[-59.355534800000072,-34.431944900000254],[-59.355225200000071,-34.431336600000293],[-59.354806300000064,-34.430968500000262],[-59.354569600000062,-34.43069070000027],[-59.354360200000073,-34.430315100000279],[-59.354132500000063,-34.429939600000274],[-59.353950400000045,-34.42981940000027],[-59.353422300000062,-34.429759400000272],[-59.353085400000047,-34.429691800000278],[-59.352739400000054,-34.429368800000276],[-59.352284100000041,-34.429233600000266],[-59.351929,-34.428970800000279],[-59.351746900000066,-34.428850600000267],[-59.351191400000069,-34.428700400000253],[-59.350699700000064,-34.428557700000283],[-59.349825600000059,-34.428242200000277],[-59.349506900000073,-34.428137100000264],[-59.349420400000064,-34.428098700000263]]}},
{"type":"Feature","properties":{"waterway":"stream","name":null,"Name":"sin nombre (stream)"},"geometry":{"type":"LineString","coordinates":[[-59.356758200000058,-34.433089500000293],[-59.356665300000074,-34.432949700000265]]}},
{"type":"Feature","properties":{"waterway":"stream","name":null,"Name":"sin nombre (stream)"},"geometry":{"type":"LineString","coordinates":[[-59.42243370000007,-34.304099600000285],[-59.422331800000059,-34.303979900000293],[-59.422420300000063,-34.30360550000028]]}},
{"type":"Feature","properties":{"waterway":"stream","name":null,"Name":"sin nombre (stream)"},"geometry":{"type":"LineString","coordinates":[[-59.428734200000072,-34.304615800000271],[-59.428522300000061,-34.304086300000286]]}},
{"type":"Feature","properties":{"waterway":"drain","name":null,"Name":"sin nombre (drain)"},"geometry":{"type":"LineString","coordinates":[[-59.485020800000065,-34.463301100000272],[-59.485176400000078,-34.46319630000027]]}},
{"type":"Feature","properties":{"waterway":"drain","name":null,"Name":"sin nombre (drain)"},"geometry":{"type":"LineString","coordinates":[[-59.484878700000067,-34.463342500000287],[-59.484732,-34.463450600000279]]}},
{"type":"Feature","properties":{"waterway":"drain","name":null,"Name":"sin nombre (drain)"},"geometry":{"type":"LineString","coordinates":[[-59.450681400000057,-34.465950200000293],[-59.450715800000069,-34.465800900000268]]}},
{"type":"Feature","properties":{"waterway":"drain","name":null,"Name":"sin nombre (drain)"},"geometry":{"type":"LineString","coordinates":[[-59.450037700000074,-34.465888300000266],[-59.450077800000074,-34.465737400000272]]}},
{"type":"Feature","properties":{"waterway":"drain","name":null,"Name":"sin nombre (drain)"},"geometry":{"type":"LineString","coordinates":[[-59.450362200000072,-34.466270800000281],[-59.450342100000071,-34.466438900000263]]}},
{"type":"Feature","properties":{"waterway":"drain","name":null,"Name":"sin nombre (drain)"},"geometry":{"type":"LineString","coordinates":[[-59.449719800000061,-34.466206700000278],[-59.449702400000064,-34.466340500000278]]}},
{"type":"Feature","properties":{"waterway":"drain","name":null,"Name":"sin nombre (drain)"},"geometry":{"type":"LineString","coordinates":[[-59.397397300000065,-34.463909900000282],[-59.397485200000048,-34.463792900000271]]}},
{"type":"Feature","properties":{"waterway":"drain","name":null,"Name":"sin nombre (drain)"},"geometry":{"type":"LineString","coordinates":[[-59.397326800000052,-34.463997800000271],[-59.397263,-34.46408680000026]]}},
{"type":"Feature","properties":{"waterway":"drain","name":null,"Name":"sin nombre (drain)"},"geometry":{"type":"LineString","coordinates":[[-59.398242300000057,-34.464362000000271],[-59.398337700000042,-34.464261600000285]]}},
{"type":"Feature","properties":{"waterway":"drain","name":null,"Name":"sin nombre (drain)"},"geometry":{"type":"LineString","coordinates":[[-59.398006100000075,-34.464375600000267],[-59.397941900000063,-34.46451350000028]]}},
{"type":"Feature","properties":{"waterway":"drain","name":null,"Name":"sin nombre (drain)"},"geometry":{"type":"LineString","coordinates":[[-59.415478200000074,-34.461463200000281],[-59.415336300000071,-34.461414600000268]]}},
{"type":"Feature","properties":{"waterway":"drain","name":null,"Name":"sin nombre (drain)"},"geometry":{"type":"LineString","coordinates":[[-59.415655100000059,-34.461437800000262],[-59.415667800000058,-34.461440800000268],[-59.415836,-34.461480300000282]]}},
{"type":"Feature","properties":{"waterway":"drain","name":null,"Name":"sin nombre (drain)"},"geometry":{"type":"LineString","coordinates":[[-59.414950200000057,-34.462030100000277],[-59.414846,-34.461963500000259]]}},
{"type":"Feature","properties":{"waterway":"drain","name":null,"Name":"sin nombre (drain)"},"geometry":{"type":"LineString","coordinates":[[-59.415123400000049,-34.462015000000271],[-59.415132300000067,-34.462018400000275],[-59.415341900000051,-34.462097200000272]]}},
{"type":"Feature","properties":{"waterway":"drain","name":null,"Name":"sin nombre (drain)"},"geometry":{"type":"LineString","coordinates":[[-59.415132300000067,-34.462018400000275],[-59.415059200000059,-34.462096200000282],[-59.414984300000064,-34.46217640000026],[-59.414907700000072,-34.462250700000283],[-59.414838300000049,-34.462311800000293],[-59.414768200000061,-34.462364400000276],[-59.41469,-34.462418300000266],[-59.414610300000064,-34.462467600000274],[-59.414523400000071,-34.462513000000278],[-59.414419700000074,-34.462558400000276],[-59.414305700000071,-34.462601100000271],[-59.414190800000057,-34.462634600000271],[-59.414088,-34.462658300000278],[-59.413973900000073,-34.462676700000273],[-59.413806500000057,-34.462698400000257],[-59.413535300000071,-34.46272870000027],[-59.413441300000081,-34.462735200000274],[-59.413002600000056,-34.462748700000269],[-59.41258160000006,-34.462773700000284],[-59.412464900000074,-34.462785400000264],[-59.412299900000072,-34.462807300000286],[-59.412232600000053,-34.462819800000268],[-59.412038200000062,-34.462948100000283],[-59.412012600000047,-34.462940200000276]]}},
{"type":"Feature","properties":{"waterway":"drain","name":null,"Name":"sin nombre (drain)"},"geometry":{"type":"LineString","coordinates":[[-59.415667800000058,-34.461440800000268],[-59.416474900000068,-34.460602500000284],[-59.416877900000053,-34.460226400000259],[-59.416923400000073,-34.460260800000285]]}},
{"type":"Feature","properties":{"waterway":"drain","name":null,"Name":"sin nombre (drain)"},"geometry":{"type":"LineString","coordinates":[[-59.485326700000066,-34.463767200000277],[-59.485183900000081,-34.463878500000263]]}},
{"type":"Feature","properties":{"waterway":"drain","name":null,"Name":"sin nombre (drain)"},"geometry":{"type":"LineString","coordinates":[[-59.485463700000061,-34.463703800000275],[-59.485637400000073,-34.463621300000284]]}},
{"type":"Feature","properties":{"waterway":"stream","name":null,"Name":"sin nombre (stream)"},"geometry":{"type":"LineString","coordinates":[[-59.489493700000054,-34.46290970000026],[-59.488965300000061,-34.462969400000276],[-59.488426200000056,-34.463044600000273],[-59.488026500000061,-34.463113100000257],[-59.487747600000077,-34.463214900000267],[-59.48755710000006,-34.463298900000275],[-59.48720840000005,-34.463449300000271],[-59.48700190000006,-34.463559900000277]]}},
{"type":"Feature","properties":{"waterway":"stream","name":null,"Name":"sin nombre (stream)"},"geometry":{"type":"LineString","coordinates":[[-59.486841,-34.46362400000028],[-59.486452100000051,-34.463805300000267],[-59.486413500000054,-34.46383720000027],[-59.486391200000064,-34.46387660000029],[-59.486324200000055,-34.464062000000268],[-59.486317800000066,-34.464123800000266],[-59.486313,-34.464254000000267],[-59.48640670000006,-34.464403500000266],[-59.486748,-34.464726900000286],[-59.48671410000005,-34.46475070000028]]}},
{"type":"Feature","properties":{"waterway":"stream","name":null,"Name":"sin nombre (stream)"},"geometry":{"type":"LineString","coordinates":[[-59.48700190000006,-34.463559900000277],[-59.486841,-34.46362400000028]]}},
{"type":"Feature","properties":{"waterway":"stream","name":null,"Name":"sin nombre (stream)"},"geometry":{"type":"LineString","coordinates":[[-59.48391560000006,-34.464774300000258],[-59.483258500000062,-34.465047800000292],[-59.482929900000066,-34.465229200000273],[-59.482477,-34.465510600000265],[-59.481746600000058,-34.466044500000265],[-59.481158600000064,-34.466468900000272],[-59.480490800000062,-34.466902300000278],[-59.480013700000065,-34.467174400000268],[-59.479423600000061,-34.467484000000283],[-59.478720900000063,-34.467780300000278],[-59.477921600000052,-34.468067800000263],[-59.476945300000068,-34.468337600000261],[-59.476183500000062,-34.46848790000027],[-59.47536280000007,-34.468567500000276],[-59.474638600000063,-34.468611800000268],[-59.473959600000057,-34.468593100000263],[-59.473506700000058,-34.468561600000292],[-59.47327060000007,-34.468524700000295],[-59.473105300000057,-34.468491600000263]]}},
{"type":"Feature","properties":{"waterway":"stream","name":null,"Name":"sin nombre (stream)"},"geometry":{"type":"LineString","coordinates":[[-59.484075,-34.464708500000285],[-59.48391560000006,-34.464774300000258]]}},
{"type":"Feature","properties":{"waterway":"stream","name":null,"Name":"sin nombre (stream)"},"geometry":{"type":"LineString","coordinates":[[-59.486525600000064,-34.464894700000286],[-59.486499200000047,-34.464911000000285],[-59.486087700000063,-34.464595400000277],[-59.485874,-34.464445500000267],[-59.485660300000063,-34.46436400000028],[-59.485494500000058,-34.464329800000279],[-59.485268,-34.464316700000246],[-59.48499690000007,-34.464343000000277],[-59.484719400000067,-34.464427100000272],[-59.484075,-34.464708500000285]]}},
{"type":"Feature","properties":{"waterway":"stream","name":null,"Name":"sin nombre (stream)"},"geometry":{"type":"LineString","coordinates":[[-59.48671410000005,-34.46475070000028],[-59.486525600000064,-34.464894700000286]]}},
{"type":"Feature","properties":{"waterway":"stream","name":null,"Name":"sin nombre (stream)"},"geometry":{"type":"LineString","coordinates":[[-59.485727200000049,-34.462650200000262],[-59.485641100000066,-34.462663300000273],[-59.485445,-34.462653500000279],[-59.48512920000006,-34.462571700000275],[-59.484353300000073,-34.462348500000282],[-59.484222500000072,-34.462322500000269],[-59.484172200000081,-34.46231830000027],[-59.484118700000074,-34.46232990000027]]}},
{"type":"Feature","properties":{"waterway":"stream","name":null,"Name":"sin nombre (stream)"},"geometry":{"type":"LineString","coordinates":[[-59.487843200000071,-34.462391800000283],[-59.487608600000058,-34.462404900000273],[-59.487268,-34.462434600000265],[-59.487114700000049,-34.46245510000027],[-59.48695230000007,-34.462458800000284],[-59.486632,-34.46243650000028],[-59.486442500000067,-34.462421600000262],[-59.485903500000063,-34.462610600000268]]}},
{"type":"Feature","properties":{"waterway":"stream","name":null,"Name":"sin nombre (stream)"},"geometry":{"type":"LineString","coordinates":[[-59.485903500000063,-34.462610600000268],[-59.485727200000049,-34.462650200000262]]}},
{"type":"Feature","properties":{"waterway":"stream","name":null,"Name":"sin nombre (stream)"},"geometry":{"type":"LineString","coordinates":[[-59.463993,-34.469353000000254],[-59.462785,-34.467773000000285]]}},
{"type":"Feature","properties":{"waterway":"stream","name":null,"Name":"sin nombre (stream)"},"geometry":{"type":"LineString","coordinates":[[-59.461999900000066,-34.466637600000269],[-59.461884600000076,-34.466457700000291],[-59.463304100000052,-34.465392600000285],[-59.463891,-34.465000800000261],[-59.464793700000058,-34.464488000000287],[-59.46498990000007,-34.464394300000265]]}},
{"type":"Feature","properties":{"waterway":"stream","name":null,"Name":"sin nombre (stream)"},"geometry":{"type":"LineString","coordinates":[[-59.46211920000006,-34.466790900000269],[-59.461999900000066,-34.466637600000269]]}},
{"type":"Feature","properties":{"waterway":"stream","name":null,"Name":"sin nombre (stream)"},"geometry":{"type":"LineString","coordinates":[[-59.462222900000057,-34.467001500000265],[-59.46211920000006,-34.466790900000269]]}},
{"type":"Feature","properties":{"waterway":"stream","name":null,"Name":"sin nombre (stream)"},"geometry":{"type":"LineString","coordinates":[[-59.462508900000053,-34.467394000000276],[-59.462222900000057,-34.467001500000265]]}},
{"type":"Feature","properties":{"waterway":"stream","name":null,"Name":"sin nombre (stream)"},"geometry":{"type":"LineString","coordinates":[[-59.462676300000041,-34.467622400000273],[-59.462508900000053,-34.467394000000276]]}},
{"type":"Feature","properties":{"waterway":"stream","name":null,"Name":"sin nombre (stream)"},"geometry":{"type":"LineString","coordinates":[[-59.462785,-34.467773000000285],[-59.462676300000041,-34.467622400000273]]}},
{"type":"Feature","properties":{"waterway":"stream","name":null,"Name":"sin nombre (stream)"},"geometry":{"type":"LineString","coordinates":[[-59.450747800000052,-34.473210400000283],[-59.450806500000063,-34.473091400000257],[-59.450932800000047,-34.47294270000026],[-59.451090700000051,-34.472808800000273],[-59.451171800000047,-34.472712100000273],[-59.451212400000067,-34.472559700000282],[-59.451415400000066,-34.471641100000269],[-59.451514700000061,-34.471399400000273],[-59.451762800000068,-34.471075800000285],[-59.452200300000072,-34.470629600000272],[-59.452380800000057,-34.47048830000027],[-59.452417700000069,-34.470465300000264]]}},
{"type":"Feature","properties":{"waterway":"stream","name":null,"Name":"sin nombre (stream)"},"geometry":{"type":"LineString","coordinates":[[-59.45247250000007,-34.470440000000281],[-59.452606300000049,-34.470373000000293],[-59.453016800000057,-34.470108900000284],[-59.453508500000048,-34.469722200000291],[-59.453977600000066,-34.469301900000275],[-59.454239300000069,-34.469108500000281],[-59.454528,-34.468970900000265],[-59.454807600000066,-34.468781300000288],[-59.455037700000048,-34.468561900000267],[-59.456318800000048,-34.46739410000027],[-59.456472200000057,-34.467249000000265],[-59.45650380000005,-34.467219300000259],[-59.456517900000051,-34.467162600000272]]}},
{"type":"Feature","properties":{"waterway":"stream","name":null,"Name":"sin nombre (stream)"},"geometry":{"type":"LineString","coordinates":[[-59.452417700000069,-34.470465300000264],[-59.45247250000007,-34.470440000000281]]}},
{"type":"Feature","properties":{"waterway":"stream","name":null,"Name":"sin nombre (stream)"},"geometry":{"type":"LineString","coordinates":[[-59.456539900000067,-34.467050700000286],[-59.456553100000065,-34.467015000000281],[-59.456575,-34.466985800000266],[-59.456675900000057,-34.46689720000029],[-59.456690300000062,-34.466876300000273],[-59.456702400000061,-34.466854500000274]]}},
{"type":"Feature","properties":{"waterway":"stream","name":null,"Name":"sin nombre (stream)"},"geometry":{"type":"LineString","coordinates":[[-59.456517900000051,-34.467162600000272],[-59.456539900000067,-34.467050700000286]]}},
{"type":"Feature","properties":{"waterway":"stream","name":null,"Name":"sin nombre (stream)"},"geometry":{"type":"LineString","coordinates":[[-59.456738300000062,-34.466705400000286],[-59.456750500000069,-34.466655100000267]]}},
{"type":"Feature","properties":{"waterway":"stream","name":null,"Name":"sin nombre (stream)"},"geometry":{"type":"LineString","coordinates":[[-59.456702400000061,-34.466854500000274],[-59.456738300000062,-34.466705400000286]]}},
{"type":"Feature","properties":{"waterway":"stream","name":null,"Name":"sin nombre (stream)"},"geometry":{"type":"LineString","coordinates":[[-59.456785400000072,-34.466510000000255],[-59.457085200000066,-34.466328600000267]]}},
{"type":"Feature","properties":{"waterway":"stream","name":null,"Name":"sin nombre (stream)"},"geometry":{"type":"LineString","coordinates":[[-59.456750500000069,-34.466655100000267],[-59.456785400000072,-34.466510000000255]]}},
{"type":"Feature","properties":{"waterway":"stream","name":null,"Name":"sin nombre (stream)"},"geometry":{"type":"LineString","coordinates":[[-59.457187300000072,-34.466189200000272],[-59.457343600000073,-34.46608660000026],[-59.457461600000052,-34.466015600000276],[-59.457557300000055,-34.465881500000286],[-59.457659400000061,-34.465723700000275],[-59.457739100000055,-34.465644800000284],[-59.459748600000061,-34.46409580000028],[-59.459857100000043,-34.464027500000284]]}},
{"type":"Feature","properties":{"waterway":"stream","name":null,"Name":"sin nombre (stream)"},"geometry":{"type":"LineString","coordinates":[[-59.457085200000066,-34.466328600000267],[-59.457187300000072,-34.466189200000272]]}},
{"type":"Feature","properties":{"waterway":"stream","name":null,"Name":"sin nombre (stream)"},"geometry":{"type":"LineString","coordinates":[[-59.459978300000053,-34.463945900000269],[-59.460290900000061,-34.463696100000277],[-59.46187390000005,-34.462464700000282],[-59.461976300000075,-34.462399100000262],[-59.462075,-34.462399100000276],[-59.462150800000067,-34.462405300000277],[-59.462279800000069,-34.462402200000298],[-59.462356500000062,-34.462386300000261]]}},
{"type":"Feature","properties":{"waterway":"stream","name":null,"Name":"sin nombre (stream)"},"geometry":{"type":"LineString","coordinates":[[-59.459857100000043,-34.464027500000284],[-59.459978300000053,-34.463945900000269]]}},
{"type":"Feature","properties":{"waterway":"river","name":"Arroyo de Giles","Name":"Arroyo de Giles (river)"},"geometry":{"type":"LineString","coordinates":[[-59.468138600000081,-34.472004600000261],[-59.468095700000063,-34.471672900000279],[-59.468058100000071,-34.471188700000276],[-59.468007200000066,-34.471073700000261],[-59.467980400000059,-34.470907800000262],[-59.467967,-34.470742000000264],[-59.467873200000064,-34.470460000000287],[-59.467803500000073,-34.470208000000277],[-59.46780330000005,-34.470018900000284],[-59.467824800000074,-34.469886200000261],[-59.467924,-34.469731400000292],[-59.468074200000068,-34.469468300000273],[-59.468098400000066,-34.469324600000277],[-59.468058100000057,-34.469194100000273],[-59.46784090000007,-34.468990700000276],[-59.467720200000052,-34.468893400000262],[-59.467561900000071,-34.468822600000287],[-59.467374200000059,-34.468738600000279],[-59.467272300000047,-34.468581600000263],[-59.467159600000066,-34.468442200000283],[-59.467060400000058,-34.468409100000272],[-59.466864700000066,-34.468350500000277],[-59.466701,-34.46825870000027],[-59.466536800000064,-34.468116800000253],[-59.466448800000066,-34.467986500000279],[-59.466432700000055,-34.467849600000264],[-59.466440200000072,-34.467807700000265],[-59.466486400000072,-34.46754890000026],[-59.466497100000055,-34.467391900000287],[-59.466486400000058,-34.46734100000026],[-59.466477300000058,-34.467248500000274],[-59.466473900000047,-34.46721350000027],[-59.466489300000056,-34.467009700000268],[-59.466493800000066,-34.466956000000287],[-59.466478600000073,-34.466880600000273],[-59.466038300000065,-34.466071600000262],[-59.465817900000062,-34.465701200000275],[-59.465676400000056,-34.465530100000265],[-59.46560350000005,-34.465446800000286],[-59.465576800000065,-34.465348300000272],[-59.465553800000059,-34.465234300000269],[-59.465514500000069,-34.465125900000281],[-59.465397300000078,-34.464975400000284],[-59.46513170000005,-34.464731000000263],[-59.465069500000062,-34.464641400000268],[-59.465023800000054,-34.464517500000284],[-59.46499510000006,-34.464426000000259],[-59.46498990000007,-34.464394300000265],[-59.464982900000066,-34.46435180000028],[-59.464920500000055,-34.464248800000256],[-59.464917600000071,-34.464177200000272],[-59.464888900000062,-34.464135500000282],[-59.464877900000047,-34.464094200000289],[-59.464833400000074,-34.464081200000273],[-59.464767400000063,-34.464045700000277],[-59.464722900000083,-34.464007900000269],[-59.464674200000061,-34.463962900000276],[-59.464652600000065,-34.463919200000277],[-59.46465120000007,-34.463868300000271],[-59.464659800000064,-34.46378910000027],[-59.464694200000061,-34.463701500000269],[-59.464722900000069,-34.463634100000284],[-59.464741600000089,-34.463579700000267],[-59.464744400000065,-34.463530000000276],[-59.464740100000064,-34.46348270000027],[-59.464718600000062,-34.463428300000274],[-59.464689900000067,-34.463390500000273],[-59.464636900000073,-34.46335380000027],[-59.464575200000063,-34.463329000000272],[-59.464502,-34.463310000000277],[-59.464414500000068,-34.463305300000279],[-59.464322700000054,-34.463326600000279],[-59.464218,-34.463375100000277],[-59.464126200000067,-34.463457900000279],[-59.464050100000058,-34.46352890000027],[-59.463949700000057,-34.463609300000279],[-59.46382490000007,-34.463703900000276],[-59.463748900000056,-34.463770100000254],[-59.463688600000054,-34.463837600000268],[-59.463634100000057,-34.46391560000027],[-59.463586800000073,-34.464000800000285],[-59.463553800000064,-34.46404690000027],[-59.463523600000066,-34.464076500000282],[-59.463477700000048,-34.464099000000289],[-59.463420300000074,-34.464100100000287],[-59.463347200000079,-34.464083600000265],[-59.463288400000067,-34.464055200000281],[-59.463241,-34.46400670000029],[-59.463213800000055,-34.463936900000263],[-59.463119100000057,-34.463794600000284],[-59.463055900000064,-34.463717700000274],[-59.462998600000049,-34.463673900000288],[-59.462869500000068,-34.463594700000279],[-59.462753300000067,-34.463522500000281],[-59.462693,-34.463474100000262],[-59.462639900000063,-34.463405500000263],[-59.462595500000049,-34.463271800000271],[-59.46254090000005,-34.463079000000263],[-59.462518,-34.462982000000274],[-59.462489300000058,-34.462917000000282],[-59.462416100000063,-34.462808200000282],[-59.462376,-34.462702900000259],[-59.462357300000065,-34.462623600000271],[-59.462353,-34.462477000000256],[-59.462356500000062,-34.462386300000261],[-59.462357300000065,-34.462364600000271],[-59.462365900000059,-34.462257000000271],[-59.462410400000074,-34.462137500000281],[-59.462530900000054,-34.462010200000286],[-59.462561,-34.461955800000268],[-59.46256970000006,-34.461899000000273],[-59.462556700000071,-34.461858800000272],[-59.462532400000057,-34.461817400000257],[-59.462482100000059,-34.461760600000275],[-59.462409,-34.461695500000275],[-59.462354500000068,-34.461673100000269],[-59.462289900000066,-34.461658900000288],[-59.462153600000072,-34.461653000000261],[-59.462071900000069,-34.461653000000268],[-59.462034600000059,-34.46163640000028],[-59.461971400000067,-34.461554800000272],[-59.461921200000063,-34.461469600000271],[-59.461853800000064,-34.461209400000264],[-59.461845200000056,-34.461105300000277],[-59.461812200000054,-34.461024900000261],[-59.461769200000063,-34.46096460000026],[-59.461681700000071,-34.460891200000262],[-59.461523900000067,-34.460788300000267],[-59.461363200000072,-34.460694900000284],[-59.461252700000067,-34.460644000000272],[-59.46114940000006,-34.460609700000269],[-59.461020300000058,-34.460576600000287],[-59.460925700000047,-34.460536400000279],[-59.460828100000072,-34.460493800000286],[-59.460783600000056,-34.460457100000262],[-59.460765,-34.460429900000264],[-59.460754900000055,-34.46036130000028],[-59.460710500000062,-34.460275000000287],[-59.46068460000005,-34.46014490000028],[-59.460676,-34.460103500000265],[-59.460656,-34.460049100000276]]}},
{"type":"Feature","properties":{"waterway":"stream","name":null,"Name":"sin nombre (stream)"},"geometry":{"type":"LineString","coordinates":[[-59.483101,-34.463852500000286],[-59.482945400000062,-34.464068200000277],[-59.482674700000068,-34.464369400000272],[-59.482408600000056,-34.464624200000273],[-59.482207800000062,-34.464808300000293],[-59.482000300000081,-34.464973800000273],[-59.481596600000067,-34.46526020000028],[-59.480602,-34.465987200000271],[-59.48005390000008,-34.46635730000024],[-59.47969530000006,-34.466584200000277],[-59.479280300000063,-34.466788700000265],[-59.478856200000052,-34.466980200000258],[-59.47837810000005,-34.467190400000277],[-59.478005900000056,-34.467316800000276],[-59.477665400000063,-34.467430200000273],[-59.477284200000064,-34.467545500000263],[-59.476839900000066,-34.467659000000261],[-59.476530900000064,-34.467725900000282],[-59.476172200000065,-34.467787300000261],[-59.475689600000052,-34.467848600000274],[-59.475373800000071,-34.467884000000268],[-59.475019700000061,-34.467910000000273],[-59.474676900000063,-34.467934200000272],[-59.474261900000066,-34.467926700000262],[-59.473779200000067,-34.467923000000269],[-59.473407,-34.467911800000287],[-59.473194900000067,-34.467909200000271]]}},
{"type":"Feature","properties":{"waterway":"stream","name":null,"Name":"sin nombre (stream)"},"geometry":{"type":"LineString","coordinates":[[-59.483270200000064,-34.463713000000276],[-59.483101,-34.463852500000286]]}},
{"type":"Feature","properties":{"waterway":"stream","name":null,"Name":"sin nombre (stream)"},"geometry":{"type":"LineString","coordinates":[[-59.483882700000073,-34.462546200000268],[-59.483854300000054,-34.462586100000266],[-59.483836300000064,-34.462675300000278],[-59.483836300000078,-34.462831500000256],[-59.483818200000059,-34.462993300000264],[-59.48375960000007,-34.463140200000261],[-59.483671600000065,-34.463283400000272],[-59.483504700000061,-34.46346570000027],[-59.483270200000064,-34.463713000000276]]}},
{"type":"Feature","properties":{"waterway":"stream","name":null,"Name":"sin nombre (stream)"},"geometry":{"type":"LineString","coordinates":[[-59.484118700000074,-34.46232990000027],[-59.483882700000073,-34.462546200000268]]}},
{"type":"Feature","properties":{"waterway":"stream","name":null,"Name":"sin nombre (stream)"},"geometry":{"type":"LineString","coordinates":[[-59.473066300000056,-34.467905100000273],[-59.472857300000072,-34.46788150000026],[-59.47258240000005,-34.46784280000027],[-59.47231690000006,-34.467800800000262],[-59.47199370000007,-34.467762100000272],[-59.4717,-34.467733300000269],[-59.47109650000008,-34.467676900000285],[-59.470493,-34.467637100000275],[-59.469870700000058,-34.467579600000271],[-59.468921200000068,-34.467495600000262],[-59.468215800000067,-34.467424800000266],[-59.467617600000047,-34.467367300000269],[-59.467041,-34.467307600000289],[-59.466477300000058,-34.467248500000274]]}},
{"type":"Feature","properties":{"waterway":"stream","name":null,"Name":"sin nombre (stream)"},"geometry":{"type":"LineString","coordinates":[[-59.473194900000067,-34.467909200000271],[-59.473066300000056,-34.467905100000273]]}},
{"type":"Feature","properties":{"waterway":"stream","name":null,"Name":"sin nombre (stream)"},"geometry":{"type":"LineString","coordinates":[[-59.472985600000065,-34.468483600000276],[-59.472826600000054,-34.468488200000259],[-59.472624800000055,-34.46848730000027],[-59.47186290000004,-34.468413700000283],[-59.471027200000066,-34.468332200000276],[-59.467898100000063,-34.468050800000277],[-59.46674340000007,-34.467950900000268],[-59.466603100000064,-34.467914100000279],[-59.466504200000053,-34.467869400000275],[-59.466440200000072,-34.467807700000265]]}},
{"type":"Feature","properties":{"waterway":"stream","name":null,"Name":"sin nombre (stream)"},"geometry":{"type":"LineString","coordinates":[[-59.473105300000057,-34.468491600000263],[-59.472985600000065,-34.468483600000276]]}},
{"type":"Feature","properties":{"waterway":"stream","name":null,"Name":"sin nombre (stream)"},"geometry":{"type":"LineString","coordinates":[[-59.328439300000056,-34.302761800000276],[-59.327632800000082,-34.304681700000287]]}},
{"type":"Feature","properties":{"waterway":"stream","name":null,"Name":"sin nombre (stream)"},"geometry":{"type":"LineString","coordinates":[[-59.327544100000047,-34.304999000000279],[-59.327453100000064,-34.305456500000282],[-59.327411300000051,-34.305578700000275],[-59.327362,-34.305663300000262],[-59.327286100000052,-34.305763600000283]]}},
{"type":"Feature","properties":{"waterway":"stream","name":null,"Name":"sin nombre (stream)"},"geometry":{"type":"LineString","coordinates":[[-59.327632800000082,-34.304681700000287],[-59.327544100000047,-34.304999000000279]]}},
{"type":"Feature","properties":{"waterway":"drain","name":null,"Name":"sin nombre (drain)"},"geometry":{"type":"LineString","coordinates":[[-59.531961700000053,-34.461668700000267],[-59.531942900000061,-34.462004900000274]]}},
{"type":"Feature","properties":{"waterway":"drain","name":null,"Name":"sin nombre (drain)"},"geometry":{"type":"LineString","coordinates":[[-59.50938820000006,-34.461343600000255],[-59.509350700000049,-34.461502900000283],[-59.509280900000071,-34.46169080000027]]}},
{"type":"Feature","properties":{"waterway":"stream","name":"Arroyo Giles","Name":"Arroyo Giles (stream)"},"geometry":{"type":"LineString","coordinates":[[-59.479330600000061,-34.47037430000028],[-59.479191900000053,-34.470330600000288],[-59.479030900000055,-34.47028650000027],[-59.47889150000006,-34.47033510000027],[-59.478682200000065,-34.470439000000269],[-59.478502500000062,-34.47058280000028],[-59.478403300000053,-34.470664600000269],[-59.478293300000068,-34.470702200000268],[-59.478041500000067,-34.470745300000267],[-59.477923400000066,-34.470793900000274],[-59.477725,-34.47088900000027],[-59.477494,-34.470945400000289],[-59.477292900000066,-34.470980800000284],[-59.477145300000053,-34.471080300000246],[-59.477062200000049,-34.47127270000027],[-59.477056800000064,-34.471403100000266],[-59.477038100000073,-34.471515900000277],[-59.476904200000057,-34.47159880000028],[-59.47671110000006,-34.471685100000258],[-59.476397300000073,-34.471753600000298],[-59.476102,-34.471907300000282],[-59.475992,-34.471973600000261],[-59.475798900000051,-34.472243400000295],[-59.475546700000073,-34.47247560000028],[-59.475375100000072,-34.472570700000283],[-59.475157800000062,-34.472692300000283],[-59.47489760000007,-34.472745400000257],[-59.47453560000006,-34.472825000000277],[-59.474358500000065,-34.472794000000277],[-59.474168100000071,-34.472780700000278],[-59.473843500000058,-34.472842600000277],[-59.47361020000006,-34.472948800000275],[-59.47352170000007,-34.473037200000263],[-59.473438500000064,-34.473077000000259],[-59.473371500000063,-34.473063800000254],[-59.473320500000064,-34.473001900000284],[-59.473288300000057,-34.472911200000269],[-59.473248100000042,-34.472882500000274],[-59.473175700000063,-34.472897900000277],[-59.473140800000074,-34.472933300000285],[-59.473038900000063,-34.473066000000273],[-59.472902100000063,-34.473223000000253],[-59.472813600000073,-34.473386600000268],[-59.472644600000066,-34.473614400000272],[-59.472381700000049,-34.473839900000272],[-59.472204700000063,-34.473983600000288],[-59.472116200000073,-34.474010200000293],[-59.471724600000066,-34.474007900000267],[-59.471499300000062,-34.474019000000254],[-59.471362500000062,-34.474080900000253],[-59.471161300000048,-34.474244500000275],[-59.471040600000066,-34.474313100000273],[-59.470788500000069,-34.474324100000281],[-59.470573900000062,-34.474319700000279],[-59.470434500000067,-34.474350700000286],[-59.470337900000054,-34.474328600000284],[-59.470203800000064,-34.47421580000028],[-59.46984170000006,-34.473974800000292],[-59.469731700000054,-34.473904000000275],[-59.469549300000061,-34.473866400000261],[-59.469340100000053,-34.473893000000253],[-59.46911750000006,-34.473870900000279],[-59.46890020000005,-34.473813400000274],[-59.468825100000061,-34.473822200000278],[-59.468683,-34.473910700000282],[-59.468500800000058,-34.473914000000264],[-59.468361100000074,-34.473842100000269],[-59.468259300000057,-34.473678500000261],[-59.468291500000063,-34.47353030000027],[-59.468337,-34.473452900000268],[-59.468415,-34.473412000000287],[-59.468565,-34.473397700000277],[-59.468661500000053,-34.473353400000271],[-59.468674900000075,-34.473262800000263],[-59.468642700000061,-34.47317430000026],[-59.468570300000067,-34.473059300000273],[-59.468484500000052,-34.472928900000269],[-59.468339600000064,-34.47287360000027],[-59.468227300000059,-34.472810600000287],[-59.468208400000073,-34.47272990000026],[-59.468275500000068,-34.472611600000278],[-59.468326500000067,-34.472483300000277],[-59.468294200000059,-34.47234070000026],[-59.468138600000081,-34.472004600000261]]}},
{"type":"Feature","properties":{"waterway":"drain","name":null,"Name":"sin nombre (drain)"},"geometry":{"type":"LineString","coordinates":[[-59.40802080000006,-34.461365700000272],[-59.407964500000062,-34.461217600000275]]}},
{"type":"Feature","properties":{"waterway":"drain","name":null,"Name":"sin nombre (drain)"},"geometry":{"type":"LineString","coordinates":[[-59.408140200000062,-34.461801400000269],[-59.40804360000007,-34.461619000000262]]}},
{"type":"Feature","properties":{"waterway":"drain","name":null,"Name":"sin nombre (drain)"},"geometry":{"type":"LineString","coordinates":[[-59.408295800000069,-34.462231500000264],[-59.408172400000062,-34.461867800000263]]}},
{"type":"Feature","properties":{"waterway":"drain","name":null,"Name":"sin nombre (drain)"},"geometry":{"type":"LineString","coordinates":[[-59.412156800000069,-34.463052000000282],[-59.411871100000077,-34.463126100000267]]}},
{"type":"Feature","properties":{"waterway":"drain","name":null,"Name":"sin nombre (drain)"},"geometry":{"type":"LineString","coordinates":[[-59.420723800000047,-34.461661000000269],[-59.420969200000066,-34.461473000000275],[-59.421158300000073,-34.461289500000262]]}},
{"type":"Feature","properties":{"waterway":"drain","name":null,"Name":"sin nombre (drain)"},"geometry":{"type":"LineString","coordinates":[[-59.423616500000058,-34.461488500000279],[-59.423537400000065,-34.461127200000277]]}},
{"type":"Feature","properties":{"waterway":"drain","name":null,"Name":"sin nombre (drain)"},"geometry":{"type":"LineString","coordinates":[[-59.424979100000073,-34.461186600000268],[-59.424950900000056,-34.46101520000029]]}},
{"type":"Feature","properties":{"waterway":"drain","name":null,"Name":"sin nombre (drain)"},"geometry":{"type":"LineString","coordinates":[[-59.429761500000069,-34.462255900000272],[-59.430033700000067,-34.461975000000287]]}},
{"type":"Feature","properties":{"waterway":"drain","name":null,"Name":"sin nombre (drain)"},"geometry":{"type":"LineString","coordinates":[[-59.437231400000051,-34.465004700000264],[-59.437484900000065,-34.464875300000266],[-59.437547900000055,-34.464715000000282]]}},
{"type":"Feature","properties":{"waterway":"drain","name":null,"Name":"sin nombre (drain)"},"geometry":{"type":"LineString","coordinates":[[-59.444445200000061,-34.465701300000269],[-59.444472400000073,-34.465519100000272]]}},
{"type":"Feature","properties":{"waterway":"drain","name":null,"Name":"sin nombre (drain)"},"geometry":{"type":"LineString","coordinates":[[-59.382656500000067,-34.479157600000264],[-59.382476800000063,-34.479096800000278]]}},
{"type":"Feature","properties":{"waterway":"drain","name":null,"Name":"sin nombre (drain)"},"geometry":{"type":"LineString","coordinates":[[-59.382313200000056,-34.479049300000263],[-59.38220050000006,-34.478996200000267]]}},
{"type":"Feature","properties":{"waterway":"stream","name":"Arroyo El Sauce","Name":"Arroyo El Sauce (stream)"},"geometry":{"type":"LineString","coordinates":[[-59.362786200000052,-34.486165400000274],[-59.362797400000069,-34.48614860000027],[-59.36277870000005,-34.486066800000273],[-59.362684800000061,-34.486002700000249],[-59.362456800000061,-34.485949600000261],[-59.362360200000062,-34.485883300000275],[-59.362306600000053,-34.485834600000274],[-59.362258300000065,-34.485766100000262],[-59.362228800000047,-34.485357100000279],[-59.362228800000075,-34.485266500000272],[-59.362177900000063,-34.484455100000268],[-59.362175200000081,-34.484094700000277],[-59.36214570000007,-34.484004000000262],[-59.362215400000061,-34.483895700000275],[-59.362269,-34.483794000000259],[-59.362287800000054,-34.483617100000288],[-59.36227980000006,-34.483500000000284],[-59.362164400000061,-34.483135200000255],[-59.36224490000005,-34.482783600000253],[-59.362502400000061,-34.482157900000267],[-59.362529200000047,-34.481903700000267],[-59.362572100000065,-34.481706900000255],[-59.362679400000061,-34.481293400000276],[-59.36270360000006,-34.48117400000028],[-59.362625800000053,-34.481032500000268],[-59.362628500000056,-34.480928600000261],[-59.362663300000072,-34.480820300000261],[-59.362684800000061,-34.48071190000028],[-59.362633800000062,-34.480526200000284],[-59.362486300000064,-34.480314000000277],[-59.362384400000067,-34.479980100000283],[-59.362352200000053,-34.479694900000261],[-59.362279800000074,-34.479571100000285],[-59.36218860000006,-34.479440600000288],[-59.362092,-34.479307900000258],[-59.36186940000006,-34.479190800000275],[-59.361764800000074,-34.479075800000274],[-59.361743300000064,-34.47895200000027],[-59.361786200000068,-34.478808300000274],[-59.36187210000007,-34.478680000000267],[-59.361882800000053,-34.478618100000276],[-59.361826500000056,-34.47852300000028],[-59.361644100000056,-34.478383700000272],[-59.361536800000074,-34.478246700000277],[-59.361461700000056,-34.478131700000269],[-59.361397300000057,-34.478045400000283],[-59.36129,-34.477890700000273],[-59.361196200000066,-34.477658500000281],[-59.361078100000071,-34.477384300000281],[-59.361027200000073,-34.477322400000276],[-59.360842100000056,-34.477023900000276],[-59.360764300000064,-34.476860300000254],[-59.360708,-34.476774100000277],[-59.360565800000067,-34.47664580000027],[-59.360461200000074,-34.476548500000263],[-59.360391500000055,-34.476435800000274],[-59.360391500000055,-34.47632960000027],[-59.360394200000052,-34.476250000000263],[-59.360380800000073,-34.476009000000289],[-59.360324400000074,-34.475595600000268],[-59.360286900000062,-34.475299300000273],[-59.360260100000069,-34.475146700000259],[-59.360246400000072,-34.474981400000281]]}},
{"type":"Feature","properties":{"waterway":"stream","name":"Arroyo El Sauce","Name":"Arroyo El Sauce (stream)"},"geometry":{"type":"LineString","coordinates":[[-59.360246400000072,-34.474981400000281],[-59.360242400000068,-34.474933800000279]]}},
{"type":"Feature","properties":{"waterway":"stream","name":null,"Name":"sin nombre (stream)"},"geometry":{"type":"LineString","coordinates":[[-59.380163,-34.390917400000276],[-59.37989,-34.390692100000287],[-59.379553600000058,-34.390553300000249],[-59.379137600000071,-34.390465700000277],[-59.377388300000071,-34.390049300000278],[-59.371552300000062,-34.387034400000275],[-59.369039500000063,-34.384796700000287]]}},
{"type":"Feature","properties":{"waterway":"stream","name":null,"Name":"sin nombre (stream)"},"geometry":{"type":"LineString","coordinates":[[-59.380292,-34.391023900000292],[-59.380163,-34.390917400000276]]}},
{"type":"Feature","properties":{"waterway":"river","name":"Arroyo de Giles","Name":"Arroyo de Giles (river)"},"geometry":{"type":"LineString","coordinates":[[-59.381831700000056,-34.318844300000279],[-59.381854700000062,-34.318766600000274],[-59.382132,-34.318262800000277],[-59.382236700000085,-34.31814830000026],[-59.382319900000063,-34.318016000000256],[-59.382292200000073,-34.317774200000258],[-59.382252100000066,-34.317710600000282],[-59.382138100000063,-34.317682600000268],[-59.381984100000068,-34.31773350000028],[-59.38185780000007,-34.317700400000298],[-59.381694500000052,-34.317529900000281],[-59.381608200000066,-34.317440800000277],[-59.381485,-34.317313600000276],[-59.381472600000066,-34.317148200000283],[-59.381753,-34.316723200000261],[-59.381904,-34.316323700000261],[-59.381934800000053,-34.315880900000266],[-59.381919400000058,-34.315578100000266],[-59.381965600000065,-34.315265100000275],[-59.382042600000069,-34.315053900000272],[-59.382276800000056,-34.314888500000265],[-59.382634200000062,-34.314664500000283],[-59.383663300000073,-34.313819600000294],[-59.384045700000073,-34.313418400000288],[-59.384134400000072,-34.313194700000267],[-59.384125100000055,-34.313032700000285],[-59.384045700000058,-34.31291310000028],[-59.384017700000065,-34.312805100000276],[-59.384055,-34.312643100000265],[-59.384199800000069,-34.312357600000261],[-59.384498700000073,-34.311956500000271],[-59.384629400000058,-34.311644000000257],[-59.384741500000054,-34.311385600000293],[-59.385003,-34.311138700000278],[-59.385372,-34.310868700000277],[-59.385568100000064,-34.31062180000027],[-59.385624200000052,-34.310355700000279],[-59.385670900000065,-34.310158900000275],[-59.385787600000064,-34.309892800000277],[-59.386095800000049,-34.309653600000281],[-59.386404,-34.309337300000287],[-59.386866400000059,-34.307967900000271],[-59.386945800000049,-34.307532000000279],[-59.387053200000054,-34.306502000000272],[-59.386941100000058,-34.306066100000272],[-59.386969100000066,-34.305240600000268],[-59.386992500000062,-34.304623400000288],[-59.386983100000052,-34.304133400000254],[-59.386880400000067,-34.302358900000293],[-59.386903700000047,-34.30219300000028],[-59.386973800000071,-34.301973100000268],[-59.38702520000006,-34.301795600000283],[-59.387057800000058,-34.301066500000267],[-59.386983100000059,-34.300271800000274],[-59.387034500000048,-34.298952400000275],[-59.386959800000049,-34.298223300000259],[-59.387123200000069,-34.297636800000276],[-59.387300700000054,-34.296915400000273],[-59.387492200000075,-34.296255700000266],[-59.387473500000056,-34.296020300000265],[-59.387394100000073,-34.295804300000292],[-59.387436100000073,-34.295669200000255],[-59.387618200000048,-34.295075100000261],[-59.387702300000065,-34.293041900000283],[-59.387842400000068,-34.292262500000277],[-59.38805720000007,-34.291220800000268],[-59.388169300000065,-34.290939100000294],[-59.388346800000065,-34.290742300000261],[-59.388519600000066,-34.290599600000277],[-59.388542900000061,-34.290344900000278],[-59.388697,-34.288967500000282],[-59.388739,-34.288809300000274],[-59.388813800000065,-34.288728300000265],[-59.38893520000007,-34.28860100000027],[-59.389131300000066,-34.288392600000272],[-59.389178,-34.288176500000276],[-59.389173400000061,-34.288022200000277],[-59.389178,-34.287891000000279],[-59.389178,-34.287617100000276],[-59.389187400000068,-34.287323800000287],[-59.389262100000067,-34.287115500000269],[-59.389504900000063,-34.286856900000274],[-59.389845800000067,-34.286629300000286],[-59.389967200000065,-34.286540500000285],[-59.390088700000049,-34.286228000000271],[-59.390056,-34.285969500000277],[-59.389957900000063,-34.285664700000268],[-59.389999900000063,-34.285421600000269],[-59.390102700000064,-34.28515920000028],[-59.39019140000007,-34.284927700000267],[-59.390210100000061,-34.284750200000275],[-59.389990600000054,-34.284202300000267],[-59.389995300000074,-34.283179700000268],[-59.389953200000043,-34.282855600000268],[-59.389911200000057,-34.28249670000028],[-59.389883200000064,-34.282114700000271],[-59.389934600000075,-34.281238800000274],[-59.390004600000061,-34.280042600000257],[-59.389967200000065,-34.279811100000302],[-59.389873800000061,-34.279637400000254],[-59.389691700000057,-34.279332600000274],[-59.38960770000007,-34.279027700000292],[-59.389518900000056,-34.278533800000268],[-59.389462900000048,-34.278012800000283],[-59.38937880000006,-34.277507300000288],[-59.389243400000062,-34.277017200000294],[-59.389126700000062,-34.276492400000272],[-59.389164,-34.276052500000269],[-59.389220100000067,-34.275759200000273],[-59.389234100000067,-34.275238300000282],[-59.389023900000055,-34.274709600000278],[-59.388879100000054,-34.274381500000274],[-59.388556900000054,-34.27379500000027],[-59.388608400000066,-34.273528400000274],[-59.388731700000051,-34.273182200000271],[-59.388904200000056,-34.272820600000273],[-59.389027500000054,-34.272342000000286],[-59.389076800000076,-34.271878600000271],[-59.388928900000053,-34.271522100000269],[-59.388793300000053,-34.271323500000271],[-59.388737900000059,-34.271058700000275],[-59.388639300000065,-34.270524000000272],[-59.388583800000063,-34.269327300000263],[-59.388367100000053,-34.268216100000274],[-59.387914100000067,-34.26682390000029],[-59.387404500000052,-34.265162500000287],[-59.387319500000061,-34.264168000000275],[-59.387546,-34.263091600000266],[-59.387829200000056,-34.262553400000265],[-59.388593600000057,-34.261675900000277],[-59.389740300000071,-34.260786700000267],[-59.390563900000068,-34.260125100000288],[-59.391352800000071,-34.259340800000267]]}},
{"type":"Feature","properties":{"waterway":"river","name":"Arroyo de Giles","Name":"Arroyo de Giles (river)"},"geometry":{"type":"LineString","coordinates":[[-59.38181380000006,-34.318927500000271],[-59.381831700000056,-34.318844300000279]]}},
{"type":"Feature","properties":{"waterway":"stream","name":null,"Name":"sin nombre (stream)"},"geometry":{"type":"LineString","coordinates":[[-59.331872100000048,-34.372956600000272],[-59.331523400000073,-34.372854800000276],[-59.331475100000056,-34.372699800000284],[-59.33129270000007,-34.372602400000289],[-59.331212200000067,-34.372509400000276],[-59.330901100000062,-34.372385400000276],[-59.330455900000061,-34.372226000000268],[-59.329983800000058,-34.372066600000252],[-59.329576100000054,-34.371920500000286],[-59.329232800000064,-34.371801000000268],[-59.329039700000067,-34.371770000000275],[-59.328782200000063,-34.371694700000255],[-59.328642700000074,-34.371716800000286],[-59.328546100000061,-34.371778800000286],[-59.328503200000057,-34.37187620000028],[-59.328428100000068,-34.371973600000274],[-59.328363700000061,-34.371978100000277],[-59.328149200000077,-34.371907200000273],[-59.32802040000005,-34.371845200000273],[-59.327875600000056,-34.371840800000278],[-59.32767170000006,-34.371761100000278],[-59.327473200000057,-34.371646000000261],[-59.327226500000066,-34.371654800000272],[-59.32714060000005,-34.37169030000026],[-59.326947500000067,-34.371743400000277],[-59.32669,-34.371739000000282],[-59.326529100000066,-34.37169030000026],[-59.326448600000063,-34.371610600000281],[-59.326325300000057,-34.37153090000028],[-59.326110700000058,-34.371446700000291],[-59.325976600000068,-34.371336000000284],[-59.325713700000065,-34.370906500000288],[-59.325574200000048,-34.370742700000278],[-59.325429400000061,-34.370632000000271],[-59.325102200000067,-34.370547900000282],[-59.324796400000047,-34.370415100000287],[-59.324555,-34.370237900000269],[-59.324254600000053,-34.370118400000273],[-59.324072200000053,-34.370047600000262],[-59.323820100000049,-34.369945700000272],[-59.323525,-34.369773000000265],[-59.323385600000066,-34.369604800000275],[-59.322479,-34.369277100000275],[-59.322446800000051,-34.369122100000268],[-59.322425300000063,-34.368993700000274],[-59.322301900000056,-34.36885650000027],[-59.321733300000062,-34.368643900000279],[-59.321524100000055,-34.368533200000279],[-59.321481200000065,-34.36842690000028],[-59.321341700000048,-34.36830300000026],[-59.321239800000072,-34.368249800000285],[-59.32113790000006,-34.368227700000283],[-59.320853500000055,-34.368192300000281],[-59.320649700000054,-34.36815240000027],[-59.320199100000082,-34.368148000000268],[-59.319941600000057,-34.368121400000277],[-59.319753800000051,-34.368037300000275],[-59.319614400000042,-34.368041700000269],[-59.319330100000073,-34.368156800000271],[-59.319153,-34.368121400000263],[-59.318831200000069,-34.36815240000027],[-59.318267900000052,-34.368210000000261],[-59.318107,-34.368289700000282],[-59.318021100000074,-34.368378200000258],[-59.318031900000072,-34.368480100000262],[-59.317967500000066,-34.368683800000255],[-59.317870900000067,-34.368878600000265],[-59.317715400000068,-34.369060100000276],[-59.317436400000069,-34.369215100000275],[-59.317302300000065,-34.369374500000283],[-59.317168200000054,-34.369600300000272],[-59.3169,-34.369742000000272],[-59.31669080000006,-34.370012100000274],[-59.316444,-34.370335400000272],[-59.316191900000057,-34.370547900000268],[-59.315950500000056,-34.370671900000275],[-59.315612500000057,-34.370977400000285],[-59.315317500000063,-34.371212100000278],[-59.315043900000063,-34.371327200000266],[-59.314614700000071,-34.37161940000027],[-59.31386370000007,-34.37211980000027],[-59.313584800000072,-34.372327900000272],[-59.31319320000005,-34.372482800000277],[-59.313016100000056,-34.372567000000252],[-59.312882,-34.372806000000267],[-59.312624500000062,-34.373089400000289],[-59.31243680000005,-34.373204500000263],[-59.312104200000071,-34.373403800000261],[-59.311954,-34.373647300000272],[-59.311809100000062,-34.373740300000286],[-59.311707200000065,-34.373921800000261],[-59.311540900000054,-34.374041400000287],[-59.311256600000057,-34.374107800000274],[-59.311138600000049,-34.374178600000285],[-59.310993700000047,-34.374400000000286],[-59.310806,-34.374709900000283],[-59.310634300000061,-34.375148300000269],[-59.310532400000056,-34.375369600000276],[-59.310537800000056,-34.375666300000276],[-59.310500200000064,-34.375821300000283],[-59.310537800000048,-34.376020500000273],[-59.310527,-34.376153300000254],[-59.310371500000066,-34.376299400000285],[-59.310215900000067,-34.376436700000276],[-59.309996,-34.376724500000257],[-59.309556100000059,-34.376875000000247],[-59.309400500000059,-34.377016700000269],[-59.309304,-34.377233600000274],[-59.309280800000053,-34.377522600000262],[-59.309066500000064,-34.377869200000269],[-59.30887970000007,-34.377984800000284],[-59.308777,-34.378023400000281],[-59.308664900000068,-34.378100500000272],[-59.308599500000064,-34.378262300000259],[-59.308330500000068,-34.378905700000281],[-59.308242700000072,-34.379014000000268]]}},
{"type":"Feature","properties":{"waterway":"stream","name":null,"Name":"sin nombre (stream)"},"geometry":{"type":"LineString","coordinates":[[-59.308242700000072,-34.379014000000268],[-59.308168900000062,-34.379104900000272]]}},
{"type":"Feature","properties":{"waterway":"stream","name":"Arroyo El Sauce","Name":"Arroyo El Sauce (stream)"},"geometry":{"type":"LineString","coordinates":[[-59.361880100000072,-34.488118400000261],[-59.361872100000056,-34.488067600000264],[-59.362743800000047,-34.486962200000285],[-59.36275990000005,-34.486860500000283],[-59.36261240000006,-34.486511200000265],[-59.362631100000065,-34.486385100000277],[-59.362754500000065,-34.486212700000287]]}},
{"type":"Feature","properties":{"waterway":"stream","name":"Arroyo El Sauce","Name":"Arroyo El Sauce (stream)"},"geometry":{"type":"LineString","coordinates":[[-59.362754500000065,-34.486212700000287],[-59.362786200000052,-34.486165400000274]]}},
{"type":"Feature","properties":{"waterway":"river","name":"Arroyo de Giles","Name":"Arroyo de Giles (river)"},"geometry":{"type":"LineString","coordinates":[[-59.45504,-34.445984600000273],[-59.455004400000064,-34.445772900000264],[-59.45497,-34.445540000000271],[-59.45492,-34.445270000000271],[-59.45484,-34.445040000000276],[-59.45474,-34.444750000000269],[-59.454604400000058,-34.444394300000262],[-59.45451,-34.444190000000248],[-59.454424100000068,-34.444011900000291],[-59.454333100000063,-34.443861500000267],[-59.45403,-34.443430000000284],[-59.45376,-34.443040000000266],[-59.45357,-34.442778300000271],[-59.45338,-34.442534300000268],[-59.45308,-34.44209000000027],[-59.452932100000069,-34.441848600000256],[-59.452882900000056,-34.44178170000027],[-59.452842700000055,-34.441727100000271],[-59.452731700000065,-34.441581300000273],[-59.452503100000051,-34.44120200000026]]}},
{"type":"Feature","properties":{"waterway":"river","name":"Arroyo de Giles","Name":"Arroyo de Giles (river)"},"geometry":{"type":"LineString","coordinates":[[-59.451300400000058,-34.439578300000264],[-59.451244600000066,-34.439487700000264],[-59.451151800000069,-34.439302300000286],[-59.450970800000071,-34.439014900000267],[-59.450759600000069,-34.438693600000271],[-59.450634900000061,-34.438508400000273],[-59.450488,-34.438324600000271],[-59.450339700000072,-34.438155200000281],[-59.45026,-34.438050000000274],[-59.450147100000059,-34.437898300000292],[-59.449972900000063,-34.43763770000028],[-59.449889400000053,-34.437506600000276],[-59.449825200000056,-34.437393100000293],[-59.44977,-34.437300000000292],[-59.449686,-34.437146000000283],[-59.449526,-34.436914100000287],[-59.449454300000063,-34.43680560000027],[-59.449366100000063,-34.43668220000027],[-59.449164700000068,-34.436437900000278],[-59.448976600000066,-34.436207500000293]]}},
{"type":"Feature","properties":{"waterway":"river","name":"Arroyo de Giles","Name":"Arroyo de Giles (river)"},"geometry":{"type":"LineString","coordinates":[[-59.452503100000051,-34.44120200000026],[-59.45249380000007,-34.441186600000293],[-59.452402800000073,-34.441028100000274],[-59.452086100000066,-34.440607400000282],[-59.451873800000079,-34.440337100000285],[-59.451566,-34.439909700000271],[-59.451365500000058,-34.439684100000285],[-59.451300400000058,-34.439578300000264]]}},
{"type":"Feature","properties":{"waterway":"river","name":"Arroyo de Giles","Name":"Arroyo de Giles (river)"},"geometry":{"type":"LineString","coordinates":[[-59.455205500000055,-34.446785100000277],[-59.455120800000067,-34.44638470000028],[-59.455095800000073,-34.44625580000028],[-59.45504,-34.445984600000273]]}},
{"type":"Feature","properties":{"waterway":"river","name":"Arroyo de Giles","Name":"Arroyo de Giles (river)"},"geometry":{"type":"LineString","coordinates":[[-59.456801600000063,-34.450292500000273],[-59.456799800000063,-34.450192600000278],[-59.456846,-34.449960100000276],[-59.45687,-34.449830000000269],[-59.456874800000058,-34.449694300000267],[-59.45685,-34.449590000000285],[-59.45681,-34.449500000000285],[-59.456729600000074,-34.449428600000275],[-59.45663840000006,-34.449372500000273],[-59.456567500000055,-34.449329700000284],[-59.456496600000051,-34.449268400000278],[-59.456430900000065,-34.449172800000262],[-59.456268300000062,-34.448926100000271],[-59.456166300000078,-34.448703600000279],[-59.456140300000051,-34.44860230000026],[-59.456104,-34.448493900000273],[-59.456034800000069,-34.448305600000268],[-59.456000200000062,-34.448205800000274],[-59.455946600000068,-34.448107400000296],[-59.455877400000055,-34.448021800000284],[-59.455771900000066,-34.447922000000268],[-59.455673300000065,-34.447830700000281],[-59.455607600000064,-34.447769400000261],[-59.455533200000062,-34.447663800000278],[-59.455481300000066,-34.447556800000271],[-59.455444100000051,-34.44744570000028],[-59.45538,-34.447250000000274],[-59.455233100000058,-34.446915400000272],[-59.455205500000055,-34.446785100000277]]}},
{"type":"Feature","properties":{"waterway":"river","name":"Arroyo de Giles","Name":"Arroyo de Giles (river)"},"geometry":{"type":"LineString","coordinates":[[-59.457693500000055,-34.451862700000262],[-59.457707300000067,-34.451681600000271],[-59.457705600000061,-34.451607400000256],[-59.457712500000056,-34.45148330000027],[-59.457714800000041,-34.451418600000267],[-59.45773,-34.451310000000284],[-59.45778,-34.451140000000287],[-59.457799200000061,-34.450952900000267],[-59.45779,-34.45085000000028],[-59.457747700000063,-34.450750000000276],[-59.457678400000063,-34.450672900000271],[-59.457576700000061,-34.450635700000284],[-59.457413200000062,-34.450634300000281],[-59.45721,-34.45065000000028],[-59.457094600000062,-34.450627100000268],[-59.456970800000065,-34.45057430000027],[-59.45688040000006,-34.450518600000265],[-59.456829600000063,-34.450435700000284],[-59.456802300000064,-34.450328500000268],[-59.456801600000063,-34.450292500000273]]}},
{"type":"Feature","properties":{"waterway":"river","name":"Arroyo de Giles","Name":"Arroyo de Giles (river)"},"geometry":{"type":"LineString","coordinates":[[-59.460656,-34.460049100000276],[-59.460624400000057,-34.45997100000028],[-59.460610100000061,-34.459921300000282],[-59.46058570000006,-34.459851500000262],[-59.460453600000079,-34.459748200000277],[-59.460435,-34.459716300000274],[-59.460403400000061,-34.459682000000278],[-59.460356100000062,-34.459595700000278],[-59.460310200000066,-34.45945140000029],[-59.460298700000074,-34.459336600000277],[-59.460292400000071,-34.459256600000288],[-59.460294300000065,-34.459186600000258],[-59.460294300000051,-34.459104900000277],[-59.460294300000051,-34.459074600000292],[-59.460283300000057,-34.45905140000027],[-59.460255200000063,-34.459029200000273],[-59.460214800000067,-34.458968700000284],[-59.460190300000065,-34.458956600000263],[-59.460145100000055,-34.458932400000286],[-59.460104700000066,-34.458906200000278],[-59.46005830000005,-34.458859800000276],[-59.460028900000054,-34.458822500000245],[-59.460009300000074,-34.458780200000284],[-59.460005700000075,-34.45872770000026],[-59.459992200000066,-34.458669200000259],[-59.459981200000065,-34.458605700000263],[-59.459984900000059,-34.458541200000255],[-59.459984900000073,-34.458492800000272],[-59.459969,-34.458442300000264],[-59.459943300000049,-34.458407100000265],[-59.459920100000055,-34.458349600000254],[-59.459912700000061,-34.458309200000272],[-59.459877200000051,-34.458262800000277],[-59.459847900000064,-34.45823060000027],[-59.459801400000075,-34.458162000000264],[-59.459750100000072,-34.45810960000027],[-59.459685200000067,-34.458058100000279],[-59.459641200000057,-34.457983500000267],[-59.459596,-34.457888700000268],[-59.459549500000065,-34.457812100000268],[-59.459498100000062,-34.457751600000265],[-59.45946880000006,-34.457665900000286],[-59.459466300000059,-34.45762050000026],[-59.459479800000054,-34.457549900000252],[-59.459496900000062,-34.457466200000269],[-59.459510300000055,-34.457412700000283],[-59.459533600000064,-34.457360300000275],[-59.45953850000005,-34.457338100000264],[-59.459534800000064,-34.45732100000027],[-59.459525,-34.457280600000274],[-59.459516500000063,-34.457226200000271],[-59.459526200000056,-34.457176800000276],[-59.459526200000056,-34.457077900000272],[-59.459525,-34.457019500000285],[-59.459500600000048,-34.456946900000275],[-59.459501800000062,-34.456859100000273],[-59.459504200000062,-34.456778400000253],[-59.459516500000078,-34.456705800000272],[-59.459537200000049,-34.456618100000277],[-59.459609400000055,-34.456442600000273],[-59.459631400000063,-34.45637510000028],[-59.45962240000005,-34.45632660000026],[-59.459567400000061,-34.456227300000279],[-59.459495500000067,-34.456139400000261],[-59.459312700000069,-34.456033000000282],[-59.45928,-34.455929300000264],[-59.459119100000066,-34.455772900000269],[-59.45898,-34.455660000000272],[-59.45881,-34.455530000000266],[-59.45861,-34.45544000000028],[-59.45856,-34.455330000000259],[-59.45856,-34.455190000000279],[-59.45853,-34.455100000000279],[-59.45845,-34.455050000000263],[-59.45828,-34.455030000000271],[-59.45818340000006,-34.455012100000282],[-59.458096300000065,-34.454960500000269],[-59.458023100000062,-34.454935900000287],[-59.457853,-34.454868300000264],[-59.457767700000062,-34.454797300000273],[-59.457682400000053,-34.454726300000274],[-59.45760360000007,-34.454643800000284],[-59.45754990000006,-34.454572500000261],[-59.457492900000069,-34.454479800000271],[-59.457456500000049,-34.454392800000285],[-59.457439200000067,-34.454310100000257],[-59.457434100000057,-34.454226000000268],[-59.457439200000067,-34.454073400000283],[-59.457491100000055,-34.453689700000275],[-59.457543,-34.453076400000256],[-59.457600100000064,-34.452594400000272],[-59.45764680000007,-34.452276300000271],[-59.457665800000051,-34.452036700000285],[-59.457693500000055,-34.451862700000262]]}},
{"type":"Feature","properties":{"waterway":"drain","name":null,"Name":"sin nombre (drain)"},"geometry":{"type":"LineString","coordinates":[[-59.444472400000073,-34.465519100000272],[-59.444497500000054,-34.465350800000273]]}},
{"type":"Feature","properties":{"waterway":"river","name":"Arroyo de Giles","Name":"Arroyo de Giles (river)"},"geometry":{"type":"LineString","coordinates":[[-59.447919700000057,-34.434990500000275],[-59.447658900000064,-34.434652700000278],[-59.447484200000062,-34.43444190000028],[-59.447340400000066,-34.434260800000267],[-59.447076400000064,-34.433904100000255],[-59.446914300000074,-34.433664100000271],[-59.446794300000072,-34.433498500000283],[-59.44664250000006,-34.433328500000272],[-59.44612,-34.432750000000269],[-59.445811700000064,-34.432382000000281],[-59.445457100000056,-34.431961400000255],[-59.445165200000055,-34.431619700000269]]}},
{"type":"Feature","properties":{"waterway":"river","name":"Arroyo de Giles","Name":"Arroyo de Giles (river)"},"geometry":{"type":"LineString","coordinates":[[-59.44853990000005,-34.435566200000267],[-59.44832940000007,-34.435370000000269],[-59.448167800000064,-34.435244900000278],[-59.448,-34.435094600000269],[-59.447919700000057,-34.434990500000275]]}},
{"type":"Feature","properties":{"waterway":"ditch","name":null,"Name":"sin nombre (ditch)"},"geometry":{"type":"LineString","coordinates":[[-59.44881,-34.435870000000271],[-59.447699600000064,-34.436544600000275],[-59.446995300000061,-34.436816000000277],[-59.446223800000055,-34.437011600000268]]}},
{"type":"Feature","properties":{"waterway":"river","name":"Arroyo de Giles","Name":"Arroyo de Giles (river)"},"geometry":{"type":"LineString","coordinates":[[-59.448976600000066,-34.436207500000293],[-59.448903700000052,-34.436118300000253],[-59.44886,-34.435970000000275],[-59.44881,-34.435870000000271],[-59.448724200000072,-34.435759500000266],[-59.448616100000066,-34.435637200000272],[-59.44853990000005,-34.435566200000267]]}}
]
}
