{
"type": "FeatureCollection",
"name": "red_2km2",
"crs": { "type": "name", "properties": { "name": "urn:ogc:def:crs:OGC:1.3:CRS84" } },
"features": [
{"type":"Feature","properties":{"length_m":2800.6601717798189,"Name":"Red de drenaje ≥ 2 km²"},"geometry":{"type":"LineString","coordinates":[[-59.52744680850158,-34.354190093845936],[-59.527448326150029,-34.353919659309028],[-59.527449843778236,-34.353649224760126],[-59.527451361386213,-34.353378790199187],[-59.527778952120855,-34.35310961382212],[-59.527780468641325,-34.352839179224432],[-59.527781985141537,-34.352568744614743],[-59.527783501621577,-34.352298309993024],[-59.528111087060267,-34.352029132636076],[-59.528112602452843,-34.351758697977637],[-59.528114117825226,-34.351488263307175],[-59.528115633177407,-34.351217828624684],[-59.528117148509395,-34.350947393930177],[-59.52844472758531,-34.350678215568756],[-59.528446241829954,-34.350407780837521],[-59.528447756054412,-34.350137346094257],[-59.52844927025869,-34.349866911338978],[-59.528450784442796,-34.349596476571676],[-59.528452298606716,-34.349326041792345],[-59.528453812750449,-34.349055607000992],[-59.528455326873996,-34.348785172197594],[-59.528456840977384,-34.348514737382189],[-59.528458355060579,-34.348244302554733],[-59.528459869123573,-34.347973867715289],[-59.528461383166416,-34.347703432863796],[-59.528462897189073,-34.347432998000265],[-59.528464411191543,-34.347162563124733],[-59.528465925173855,-34.346892128237187],[-59.528793487217428,-34.346622948624663],[-59.528795000112638,-34.346352513700388],[-59.52912255899583,-34.346083333157679],[-59.529124070803967,-34.345812898196741],[-59.529125582591988,-34.345542463223779],[-59.529127094359829,-34.345272028238767],[-59.52945464794908,-34.345002846716604],[-59.529782199444981,-34.344733664288988],[-59.529783709059103,-34.344463229242677],[-59.530111257394957,-34.344194045884997],[-59.530112765922205,-34.343923610802008],[-59.530114274429344,-34.343653175706997],[-59.530441818538549,-34.343383991394703],[-59.530769360554572,-34.343114806177077],[-59.531096900477451,-34.342845620054113],[-59.531424438307212,-34.342576433025869],[-59.531751974043907,-34.342307245092371],[-59.53207950768752,-34.342038056253621],[-59.532081009774899,-34.341767620998979],[-59.53240854025897,-34.341498431230455],[-59.532736068650074,-34.341229240556757],[-59.533063594948231,-34.340960048977919],[-59.533391119153471,-34.340690856493957],[-59.533718641265807,-34.340421663104912],[-59.534046161285282,-34.340152468810778],[-59.534373679211917,-34.339883273611633],[-59.534701195045763,-34.339614077507441],[-59.53502721629706,-34.339615315973745],[-59.535353237568273,-34.33961655357205],[-59.535679258859339,-34.339617790302334],[-59.536006769520874,-34.339348590651767],[-59.536008258851595,-34.339078155126906],[-59.536009748162471,-34.338807719590008],[-59.536011237453494,-34.338537284041088],[-59.536012726724678,-34.338266848480153],[-59.536014215975996,-34.337996412907188],[-59.536015705207475,-34.337725977322208],[-59.536017194419102,-34.337455541725213],[-59.536018683610884,-34.337185106116159],[-59.536020172782806,-34.336914670495119],[-59.536021661934896,-34.33664423486205],[-59.53602315106712,-34.33637379921695],[-59.536024640179491,-34.336103363559836],[-59.536026129272024,-34.335832927890706],[-59.536027618344725,-34.335562492209533],[-59.536029107397567,-34.335292056516352],[-59.536030596430564,-34.335021620811141],[-59.536032085443701,-34.334751185093907],[-59.536033574437006,-34.334480749364673],[-59.536035063410473,-34.334210313623402],[-59.536036552364081,-34.333939877870108],[-59.536038041297843,-34.333669442104785],[-59.53603953021176,-34.333399006327461],[-59.535715022904299,-34.333127334974598],[-59.535716512824592,-34.332856899185664],[-59.535392008635419,-34.332585226978345]]}},
{"type":"Feature","properties":{"length_m":84.852813742385706,"Name":"Red de drenaje ≥ 2 km²"},"geometry":{"type":"LineString","coordinates":[[-59.52946527558651,-34.459668726934126],[-59.529790246427538,-34.459940413099375],[-59.530115219373791,-34.460212098405911]]}},
{"type":"Feature","properties":{"length_m":7032.2748878546863,"Name":"Red de drenaje ≥ 2 km²"},"geometry":{"type":"LineString","coordinates":[[-59.528408558093233,-34.415313029817312],[-59.528083762762485,-34.41504133946011],[-59.52808528181793,-34.414770907592406],[-59.528086800853139,-34.414500475712664],[-59.528088319868104,-34.414230043820872],[-59.528089838862812,-34.413959611917058],[-59.528091357837297,-34.413689180001185],[-59.528092876791526,-34.413418748073305],[-59.52809439572551,-34.41314831613338],[-59.528095914639259,-34.412877884181405],[-59.528097433532764,-34.412607452217401],[-59.528098952406019,-34.412337020241374],[-59.528100471259037,-34.412066588253289],[-59.528101990091812,-34.411796156253175],[-59.527777209220957,-34.41152446504649],[-59.52777872906335,-34.411254033034972],[-59.527780248885492,-34.410983601011417],[-59.527455472174488,-34.410711908949004],[-59.527456993006162,-34.410441476914059],[-59.527132219425049,-34.410169783995343],[-59.526807447943987,-34.409898090219691],[-59.526808970814891,-34.409627658174038],[-59.526484202463578,-34.409355963542133],[-59.526485726343864,-34.409085531485104],[-59.526160961122208,-34.408813835997023],[-59.52616248601182,-34.408543403928647],[-59.525837723919693,-34.408271707584426],[-59.525512963927426,-34.408000010383397],[-59.525514490855919,-34.40772957830437],[-59.525189733993038,-34.407457880247264],[-59.525191261930708,-34.407187448156918],[-59.525192789848006,-34.406917016054507],[-59.525194317744933,-34.406646583940088],[-59.524869566070329,-34.406374885028384],[-59.524544816495386,-34.406103185260001],[-59.524220069020082,-34.405831484634959],[-59.523895323644382,-34.405559783153301],[-59.523569047324216,-34.405558512925801],[-59.523242771024464,-34.405557241828177],[-59.522918029888807,-34.405285537775214],[-59.522591754679752,-34.405284264950126],[-59.522267016713883,-34.405012559183341],[-59.52194228084754,-34.404740852560032],[-59.521616007799473,-34.404739577150252],[-59.521289734771926,-34.404738300870378],[-59.520965003145605,-34.404466591676076],[-59.520638731208862,-34.404465313668837],[-59.520314002752279,-34.40419360276092],[-59.519987731906404,-34.404192323026372],[-59.519663006619567,-34.403920610404889],[-59.519336736864567,-34.403919328943061],[-59.51901046713018,-34.403918046611167],[-59.518685746083378,-34.403646331419012],[-59.518361027135953,-34.403374615370609],[-59.51803475956288,-34.403373330454343],[-59.517710043785137,-34.403101612692573],[-59.517385330106734,-34.4028298940746],[-59.517060618527601,-34.402558174600465],[-59.516735909047746,-34.402286454270183],[-59.516411201667125,-34.402014733083796],[-59.516086496385704,-34.401743011041297],[-59.515760235255378,-34.401741720112597],[-59.515435533143481,-34.401469996357058],[-59.515110833130755,-34.401198271745479],[-59.514786135217143,-34.400926546277901],[-59.514459877318657,-34.400925251908255],[-59.514135182574478,-34.40065352472778],[-59.513808925767172,-34.400652228631245],[-59.513484234192447,-34.400380499737921],[-59.513157978476379,-34.400379201914504],[-59.512833290071057,-34.400107471308417],[-59.512507035446269,-34.400106171758132],[-59.512180780842364,-34.400104871337923],[-59.511856096676865,-34.399833138162286],[-59.511531414610353,-34.399561404130878],[-59.51120516216821,-34.399560101127044],[-59.510880483271052,-34.399288365383093],[-59.51055423192031,-34.399287060652526],[-59.51022955619252,-34.399015323196068],[-59.509903305933214,-34.399014016738789],[-59.509577055694926,-34.3990127094116],[-59.509252384206931,-34.398740969386004],[-59.508926135060143,-34.398739660332161],[-59.508599885934409,-34.398738350408429],[-59.508275218686251,-34.398466607813781],[-59.507948970652087,-34.398465296163437],[-59.50762272263902,-34.398463983643197],[-59.507298059630706,-34.398192238479652],[-59.506971812709295,-34.398190924232829],[-59.506645565809002,-34.398189609116145],[-59.506319318929876,-34.398188293129564],[-59.505994661231988,-34.397916544540635],[-59.505668415444596,-34.397915226827543],[-59.505342169678386,-34.397913908244576],[-59.505015923933385,-34.397912588791719],[-59.504689678209601,-34.397911268469002],[-59.50436343250707,-34.39790994727641],[-59.504038782260949,-34.397638193549128],[-59.503712537650301,-34.397636870630102],[-59.50338629306092,-34.397635546841187],[-59.503060048492834,-34.397634222182411],[-59.50273380394605,-34.397632896653775],[-59.50240755942059,-34.397631570255285],[-59.502082916626549,-34.39735981139011],[-59.501756673193121,-34.397358483265251],[-59.501430429781074,-34.397357154270516],[-59.501105791227168,-34.397085392837248],[-59.500779548907218,-34.397084062116186],[-59.500453306608662,-34.397082730525298],[-59.500128672294906,-34.396810966524029],[-59.499802431088533,-34.396809633206864],[-59.499476189903611,-34.396808299019845],[-59.499149948740147,-34.396806963963009],[-59.498823707598142,-34.396805628036326],[-59.49849746647763,-34.396804291239789],[-59.498171225378627,-34.396802953573435],[-59.497844984301103,-34.396801615037226],[-59.497518743245145,-34.396800275631193],[-59.497192502210723,-34.396798935355314],[-59.496866261197837,-34.396797594209588],[-59.496540020206531,-34.396796252194044],[-59.49621539977057,-34.396524477917737],[-59.495889159871744,-34.396523134176036],[-59.495562919994548,-34.396521789564517],[-59.49523668013898,-34.396520444083158],[-59.494910440305041,-34.396519097731975],[-59.494584200492774,-34.396517750510966],[-59.494257960702157,-34.396516402420119],[-59.493931720933226,-34.396515053459453],[-59.493605481185988,-34.396513703628962],[-59.493279241460463,-34.396512352928646],[-59.492953001756646,-34.396511001358498],[-59.492628394129014,-34.396239217664842],[-59.492302155517997,-34.396237864368665],[-59.491977551059982,-34.3959660789642],[-59.491651313541794,-34.395964723942022],[-59.491325076045392,-34.395963368050047],[-59.490998838570803,-34.395962011288262],[-59.490672601118042,-34.395960653656672],[-59.490346363687095,-34.395959295155272],[-59.490021766683086,-34.395687504615516],[-59.489695530345109,-34.395686144388186],[-59.489369294029025,-34.395684783291081],[-59.48904305773484,-34.395683421324172],[-59.488718466042769,-34.395411627361682],[-59.488392230841633,-34.395410263668893],[-59.48806599566246,-34.395408899106322],[-59.487739760505207,-34.395407533673961],[-59.487413525369938,-34.39540616737181],[-59.487088940061106,-34.395134369130787],[-59.486762706019015,-34.395133001102828],[-59.486436471998935,-34.395131632205093],[-59.486111890931042,-34.394859831397788],[-59.485785658004225,-34.394858460774309],[-59.485461080105992,-34.394586658256813],[-59.48513484827248,-34.39458528590761],[-59.484810273543928,-34.394313481679987],[-59.48448404280375,-34.394312107605089],[-59.484157812085698,-34.394310732660422],[-59.48383324159807,-34.394038925866866],[-59.483507011973416,-34.394037549196568],[-59.483182444655441,-34.393765740693063],[-59.482856216124247,-34.393764362297148],[-59.482531651975897,-34.39349255208375],[-59.482207089925822,-34.393220741016357],[-59.481882529974008,-34.392948929095006],[-59.481557972120434,-34.39267711631971],[-59.481231747896722,-34.392675733630803],[-59.480905523695242,-34.392674350072227],[-59.480580970082528,-34.392402534731495],[-59.480254746974666,-34.392401149447473],[-59.479928523889072,-34.392399763293739],[-59.479603974517246,-34.392127945387706],[-59.479277752525334,-34.392126557508576],[-59.478951530555733,-34.392125168759783],[-59.47862698542481,-34.391853348288571],[-59.478300764548962,-34.39185195781441],[-59.477976222587557,-34.391580135633802],[-59.477650002805504,-34.391578743434323],[-59.477323783045826,-34.391577350365189],[-59.476997563308544,-34.391575956426379],[-59.476671343593672,-34.391574561617922],[-59.476345123901261,-34.391573165939803],[-59.476017219044905,-34.391842200144573],[-59.475690998348341,-34.391840802713084],[-59.475364777674251,-34.391839404411918],[-59.475040245356141,-34.39156757453074],[-59.474714025776073,-34.391566174504341],[-59.474387806218537,-34.391564773608259],[-59.474061586683518,-34.391563371842537],[-59.473735367171045,-34.391561969207167],[-59.473409147681124,-34.391560565702115],[-59.473084622818952,-34.391288730689745],[-59.472758404423217,-34.39128732545953],[-59.472432186050071,-34.391285919359696],[-59.472105967699555,-34.391284512390186],[-59.471779749371663,-34.391283104551022],[-59.471455230894051,-34.391011265263337],[-59.471129013660459,-34.391009855699075],[-59.470802796449533,-34.391008445265186],[-59.470476579261309,-34.391007033961635],[-59.470150362095765,-34.391005621788473],[-59.46982585000292,-34.390733778225758],[-59.469499633931804,-34.39073236432754],[-59.469173417883425,-34.39073094955971],[-59.468848910032023,-34.390459103433031]]}},
{"type":"Feature","properties":{"length_m":3652.2034611053264,"Name":"Red de drenaje ≥ 2 km²"},"geometry":{"type":"LineString","coordinates":[[-59.528570872134729,-34.386376751653316],[-59.528246186941182,-34.386105061363168],[-59.527921503845228,-34.385833370216794],[-59.527596822846817,-34.385561678214252],[-59.527272143945936,-34.385289985355541],[-59.526947467142534,-34.385018291640691],[-59.526948988147353,-34.384747858487877],[-59.526950509131893,-34.384477425323034],[-59.526625836482829,-34.384205730753393],[-59.526301165931145,-34.383934035327698],[-59.525976497476798,-34.383662339045969],[-59.525651831119795,-34.383390641908228],[-59.525327166860059,-34.383118943914525],[-59.525002504697589,-34.382847245064816],[-59.524677844632386,-34.382575545359195],[-59.524353186664349,-34.382303844797647],[-59.52402853079353,-34.382032143380222],[-59.523703877019834,-34.381760441106948],[-59.52337922534327,-34.381488737977861],[-59.523053042440011,-34.381487467149221],[-59.522728393929519,-34.381215762307754],[-59.522403747516073,-34.380944056610531],[-59.522077566771223,-34.380942783199465],[-59.521752923523813,-34.380671075790019],[-59.521426743868446,-34.380669800653131],[-59.521100564233578,-34.3806685246469],[-59.52077592522118,-34.380396814668813],[-59.520449746675851,-34.380395536936824],[-59.520125110829483,-34.380123825246649],[-59.519800477080068,-34.379852112700895],[-59.519474300693361,-34.379850832386722],[-59.519148124327259,-34.37984955120325],[-59.518823494812835,-34.379577836089155],[-59.518498867395316,-34.379306120119551],[-59.51817269318795,-34.379304836354052],[-59.51784806893636,-34.379033118672659],[-59.517521895818717,-34.379031833181507],[-59.517195722721745,-34.379030546821127],[-59.516869549645442,-34.379029259591441],[-59.516543376589873,-34.379027971492505],[-59.516217203554994,-34.379026682524291],[-59.515891030540828,-34.379025392686813],[-59.515564857547432,-34.379024101980043],[-59.515238684574769,-34.379022810404024],[-59.514912511622889,-34.379021517958748],[-59.514586338691792,-34.379020224644172],[-59.514261727228437,-34.378748497544549],[-59.513935555387349,-34.378747202504478],[-59.513609383567093,-34.378745906595142],[-59.513283211767657,-34.378744609816565],[-59.512957039989089,-34.378743312168723],[-59.512630868231383,-34.378742013651618],[-59.512306264211055,-34.378470281415815],[-59.511980093543528,-34.378468981173278],[-59.51165392289689,-34.378467680061497],[-59.511327752271171,-34.378466378080454],[-59.511003153555521,-34.378194642421114],[-59.510676984020073,-34.378193338714688],[-59.510352388470473,-34.377921601344212],[-59.510026220025331,-34.377920295912475],[-59.509700051601179,-34.377918989611487],[-59.509375460286968,-34.377647249673892],[-59.509049292953186,-34.377645941647614],[-59.508724704805033,-34.377374199999025],[-59.508398538561671,-34.377372890247493],[-59.508072372339356,-34.377371579626761],[-59.507746206138115,-34.377370268136801],[-59.507421623294796,-34.377098523065307],[-59.507095458184054,-34.377097209850156],[-59.50676929309445,-34.377095895765791],[-59.506443128025957,-34.377094580812226],[-59.506118550487564,-34.376822832318034],[-59.505792386509668,-34.376821515639328],[-59.505466222552961,-34.37682019809143],[-59.505140058617442,-34.376818879674317],[-59.504813894703119,-34.376817560388005],[-59.504487730810013,-34.376816240232529],[-59.504161566938137,-34.376814919207852],[-59.503835403087486,-34.376813597313948],[-59.503509239258122,-34.376812274550886],[-59.503183075450011,-34.376810950918625],[-59.502856911663173,-34.376809626417156],[-59.50253234691656,-34.376537868509381],[-59.502206184220626,-34.376536542282885],[-59.501880021546022,-34.376535215187204],[-59.501553858892748,-34.376533887222344],[-59.501227696260827,-34.376532558388298],[-59.500901533650271,-34.376531228685089],[-59.500575371061103,-34.376529898112672],[-59.500249208493329,-34.376528566671077],[-59.499923045946971,-34.376527234360303],[-59.499596883422022,-34.376525901180344],[-59.499270720918524,-34.376524567131206],[-59.49894455843647,-34.376523232212897],[-59.498618395975875,-34.376521896425395],[-59.498293846161886,-34.376250127393817],[-59.497967684792521,-34.376248789881423],[-59.497641523444685,-34.37624745149985],[-59.497316977866738,-34.375975679902609],[-59.496990817610197,-34.375974339796187],[-59.496664657375213,-34.3759729988206],[-59.496338497161787,-34.375971656975842],[-59.496013956889747,-34.375699881957431],[-59.495687797767722,-34.375698538387894],[-59.495361638667305,-34.375697193949193],[-59.495035479588502,-34.375695848641328],[-59.49471094462244,-34.375424070201966]]}},
{"type":"Feature","properties":{"length_m":4016.4675298172542,"Name":"Red de drenaje ≥ 2 km²"},"geometry":{"type":"LineString","coordinates":[[-59.51775276151745,-34.33873717671289],[-59.518080325415603,-34.338468025425172],[-59.518407887221095,-34.338198873231619],[-59.518735446933988,-34.337929720132259],[-59.519063004554297,-34.337660566127106],[-59.519390560082023,-34.337391411216181],[-59.519718113517222,-34.337122255399535],[-59.520045664859907,-34.336853098677175],[-59.520373214110109,-34.336583941049135],[-59.520700761267854,-34.336314782515423],[-59.521028306333186,-34.33604562307611],[-59.521355849306111,-34.335776462731182],[-59.521683390186674,-34.335507301480675],[-59.522010928974879,-34.335238139324616],[-59.522338465670757,-34.334968976263049],[-59.522666000274363,-34.334699812295973],[-59.522993532785698,-34.334430647423403],[-59.522995063603801,-34.334160212186916],[-59.523322592956397,-34.333891046384124],[-59.523650120216814,-34.33362187967591],[-59.523977645385088,-34.333352712062293],[-59.523979172983402,-34.333082276739368],[-59.524306694993143,-34.332813108195616],[-59.524634214910819,-34.332543938746539],[-59.524961732736443,-34.332274768392189],[-59.525287725137197,-34.332276032554581],[-59.52561371755823,-34.332277295849202],[-59.525941231240438,-34.332008122828611],[-59.526268742830659,-34.331738948902782],[-59.526596252328915,-34.331469774071792],[-59.52692375973524,-34.331200598335634],[-59.527251265049649,-34.330931421694359],[-59.527252782005419,-34.330660986135968],[-59.527254298940953,-34.330390550565568],[-59.527581800031214,-34.330121372969771],[-59.527583315880435,-34.329850937362657],[-59.527584831709454,-34.329580501743507],[-59.527912328575766,-34.329311323193295],[-59.52823982335039,-34.329042143738064],[-59.528241337027112,-34.328771708057509],[-59.528242850683654,-34.328501272364946],[-59.528244364320038,-34.328230836660367],[-59.52824587793625,-34.327960400943745],[-59.528247391532261,-34.3276899652151],[-59.528248905108121,-34.32741952947444],[-59.528576391395262,-34.3271503489662],[-59.528577903885036,-34.326879913188868],[-59.528579416354638,-34.326609477399479],[-59.528906898418548,-34.326340295937015],[-59.528908409802149,-34.326069860110941],[-59.528909921165578,-34.325799424272866],[-59.529237399006448,-34.325530241856214],[-59.529564874755977,-34.32526105853475],[-59.529892348414222,-34.324991874308473],[-59.529893856560214,-34.324721438384451],[-59.529569402330814,-34.324449750800483],[-59.529244950192641,-34.324178062362222],[-59.528920500145674,-34.323906373069697],[-59.528922011347966,-34.323635937135428],[-59.528923522530135,-34.323365501189166],[-59.528925033692133,-34.323095065230852],[-59.528926544834007,-34.322824629260523],[-59.528928055955738,-34.322554193278194],[-59.528929567057318,-34.322283757283842],[-59.528931078138768,-34.322013321277446],[-59.528932589200068,-34.321742885259034],[-59.52893410024123,-34.321472449228608],[-59.528935611262256,-34.321202013186152],[-59.528937122263137,-34.320931577131681],[-59.528938633243882,-34.320661141065187],[-59.528940144204498,-34.320390704986671],[-59.528941655144962,-34.320120268896126],[-59.528943166065275,-34.319849832793594],[-59.528618733489232,-34.319578142656042],[-59.528294303003925,-34.319306451664424],[-59.528295815954507,-34.319036015551063],[-59.528297328884925,-34.318765579425708],[-59.52829884179517,-34.318495143288324],[-59.52830035468525,-34.318224707138924],[-59.528301867555165,-34.317954270977509],[-59.528303380404907,-34.317683834804072],[-59.52830489323452,-34.317413398618591],[-59.528306406043932,-34.317142962421123],[-59.528307918833171,-34.316872526211611],[-59.528309431602281,-34.316602089990091],[-59.528310944351212,-34.316331653756528],[-59.528312457079984,-34.316061217510963],[-59.528313969788584,-34.315790781253376],[-59.528315482477019,-34.31552034498376],[-59.528316995145303,-34.315249908702135],[-59.528318507793429,-34.314979472408481],[-59.528320020421376,-34.314709036102812],[-59.527995609452518,-34.314437344267859],[-59.527997123085235,-34.314166907950806],[-59.52799863669776,-34.313896471621717],[-59.528000150290133,-34.31362603528062],[-59.528001663862312,-34.313355598927508],[-59.527677259083134,-34.313083906241239],[-59.527678773659979,-34.312813469876751],[-59.527680288216636,-34.312543033500233],[-59.527681802753136,-34.312272597111672],[-59.527357403138367,-34.312000903573527],[-59.527033005613539,-34.311729209181607],[-59.526708610178602,-34.311457513935942],[-59.526384216833542,-34.311185817836538],[-59.526059825578322,-34.310914120883417],[-59.526061345218189,-34.310643684486202],[-59.526062864837805,-34.310373248076949],[-59.526064384437163,-34.310102811655675],[-59.525739998345614,-34.309831113850976],[-59.525741518949317,-34.309560677418389],[-59.525743039532742,-34.309290240973773],[-59.525744560095902,-34.309019804517128],[-59.525746080638775,-34.308749368048467],[-59.526071982130134,-34.308750629369037]]}},
{"type":"Feature","properties":{"length_m":1960.6601717798203,"Name":"Red de drenaje ≥ 2 km²"},"geometry":{"type":"LineString","coordinates":[[-59.518226438390734,-34.483693674768816],[-59.517899858425629,-34.483692386880371],[-59.517573278481258,-34.483691098119294],[-59.517246698557642,-34.483689808485508],[-59.516920118654788,-34.48368851797909],[-59.516593538772696,-34.483687226599997],[-59.516266958911395,-34.483685934348244],[-59.515940379070898,-34.483684641223853],[-59.51561379925122,-34.483683347226766],[-59.515287219452382,-34.483682052357025],[-59.514960639674371,-34.483680756614639],[-59.514634059917242,-34.483679459999578],[-59.514307480180968,-34.48367816251185],[-59.51397933197763,-34.483947292407613],[-59.513651181666589,-34.48421642139256],[-59.513323029247829,-34.484485549466626],[-59.512994874721308,-34.484754676629812],[-59.512666718087019,-34.485023802882075],[-59.512338559344926,-34.485292928223394],[-59.512010398494972,-34.485562052653748],[-59.511682235537172,-34.485831176173086],[-59.51135564755829,-34.485829870726427],[-59.511027481459664,-34.486098992448895],[-59.510699313253113,-34.486368113260291],[-59.510371142938624,-34.486637233160593],[-59.510042970516174,-34.486906352149781],[-59.509716378426617,-34.486905042286793],[-59.509388202863242,-34.487174159478869],[-59.509061609761851,-34.487172847857181],[-59.50873343105755,-34.487441963252103],[-59.50840683694441,-34.487440649871665],[-59.508080242852401,-34.48743933561844],[-59.507752059974273,-34.487708448330139],[-59.507423874988049,-34.487977560130552],[-59.507095687893731,-34.488246671019638],[-59.506769090724319,-34.488245353235527],[-59.50644249357611,-34.488244034578649],[-59.506115896449131,-34.488242715048933],[-59.505789299343377,-34.48824139464643],[-59.505462702258896,-34.488240073371109],[-59.505136105195696,-34.488238751222966],[-59.504809508153755,-34.488237428202048],[-59.504481311721584,-34.488506531977158],[-59.50415311318126,-34.488775634840771],[-59.503824912532735,-34.489044736792877],[-59.503498312413853,-34.489043410240704],[-59.503171712316295,-34.489042082815722],[-59.50284350749407,-34.489311182083895],[-59.502515300563594,-34.489580280440457],[-59.50218709152486,-34.489849377885378],[-59.501858880377824,-34.490118474418658],[-59.501530667122474,-34.490387570040241],[-59.50152905805276,-34.490657997492455],[-59.50152744896161,-34.490928424932598],[-59.501525839849016,-34.491198852360704],[-59.501524230714978,-34.491469279776751]]}},
{"type":"Feature","properties":{"length_m":5088.6709909225774,"Name":"Red de drenaje ≥ 2 km²"},"geometry":{"type":"LineString","coordinates":[[-59.517215952642374,-34.432306908436288],[-59.516891128827474,-34.432035188861455],[-59.516892684898139,-34.431764758188159],[-59.516894240948083,-34.431494327502826],[-59.516569421296282,-34.431222607072755],[-59.516570978355844,-34.430952176376309],[-59.516246161836627,-34.430680455090162],[-59.51624771990577,-34.430410024382617],[-59.515922906519016,-34.430138302240401],[-59.515924465597713,-34.429867871521758],[-59.515599655343323,-34.429596148523537],[-59.515274847191009,-34.429324424668366],[-59.515276408309369,-34.429053993939625],[-59.515277969406952,-34.428783563198834],[-59.514953165417026,-34.428511838488724],[-59.514628363529063,-34.428240112921728],[-59.514303563743027,-34.427968386497923],[-59.513978766058877,-34.427696659217283],[-59.513980331256121,-34.42742622846842],[-59.51365553670388,-34.427154500331994],[-59.513330744253459,-34.426882771338832],[-59.513332311489883,-34.42661234057995],[-59.513007522171208,-34.426340610731089],[-59.512682734954275,-34.426068880025539],[-59.512357949839028,-34.425797148463317],[-59.512033166825432,-34.425525416044472],[-59.511708385913479,-34.425253682768989],[-59.511382033687234,-34.425252379389512],[-59.511055681481956,-34.425251075139244],[-59.510730904815148,-34.424979339291923],[-59.51040613024994,-34.42470760258805],[-59.510081357786262,-34.424435865027704],[-59.5097565874241,-34.424164126610883],[-59.509431819163424,-34.423892387337602],[-59.509105472338092,-34.423891077928651],[-59.508780707250693,-34.423619336941414],[-59.508455944264711,-34.423347595097809],[-59.508131183380151,-34.423075852397851],[-59.507806424596943,-34.422804108841575],[-59.507480082079887,-34.422802795131901],[-59.507155326469849,-34.422531049861881],[-59.506830572961121,-34.422259303735586],[-59.506505821553695,-34.421987556753081],[-59.506181072247522,-34.421715808914364],[-59.505854734038863,-34.421714490904321],[-59.505529987905732,-34.421442741352038],[-59.505205243873824,-34.421170990943658],[-59.504878907829998,-34.421169670348249],[-59.504554166971083,-34.420897918226423],[-59.504229428213314,-34.420626165248535],[-59.503904691556677,-34.4203544114146],[-59.503578358749614,-34.420353087376647],[-59.503253625265899,-34.420081331829422],[-59.502927293551998,-34.420080006063593],[-59.502602563241183,-34.4198082488032],[-59.502276232620481,-34.419806921309544],[-59.501951505482559,-34.419535162336011],[-59.501626780445648,-34.419263402506566],[-59.501302057509704,-34.4189916418213],[-59.500977336674723,-34.4187198802802],[-59.500652617940638,-34.418448117883308],[-59.50032790130745,-34.418176354630631],[-59.500003186775125,-34.417904590522213],[-59.499676863678907,-34.417903256157878],[-59.499352152319275,-34.417631490336674],[-59.499027443060463,-34.417359723659779],[-59.498702735902427,-34.417087956127247],[-59.49837803084511,-34.416816187739066],[-59.498053327888549,-34.416544418495313],[-59.497728627032643,-34.416272648395982],[-59.4974039282774,-34.416000877441107],[-59.497079231622791,-34.41572910563071],[-59.49675453706881,-34.415457332964834],[-59.496429844615356,-34.415185559443493],[-59.49610515426248,-34.414913785066716],[-59.495778842978446,-34.414912440404983],[-59.495454155797987,-34.414640664315918],[-59.495127845607463,-34.414639317926898],[-59.494803161599378,-34.414367540125603],[-59.494478479691729,-34.414095761468971],[-59.494153799884515,-34.413823981957044],[-59.493829122177701,-34.413552201589845],[-59.493504446571265,-34.413280420367393],[-59.493179773065179,-34.413008638289739],[-59.492855101659387,-34.412736855356869],[-59.492530432353881,-34.412465071568846],[-59.492205765148668,-34.412193286925685],[-59.49188110004367,-34.411921501427415],[-59.491556437038859,-34.411649715074041],[-59.491231776134228,-34.411377927865622],[-59.490907117329733,-34.411106139802136],[-59.490582460625362,-34.410834350883661],[-59.490257806021077,-34.410562561110204],[-59.489933153516866,-34.410290770481801],[-59.489608503112677,-34.410018978998458],[-59.489283854808491,-34.409747186660212],[-59.488959208604271,-34.409475393467076],[-59.488634564499989,-34.409203599419087],[-59.488309922495645,-34.408931804516286],[-59.487983634836745,-34.408930439266776],[-59.487658996004171,-34.408658642652689],[-59.487334359271472,-34.408386845183848],[-59.487009724638575,-34.408115046860296],[-59.486683440217398,-34.408113678171212],[-59.486358808756215,-34.407841878136523],[-59.486032525428939,-34.40784050772082],[-59.485707897139477,-34.407568705975095],[-59.485381614906188,-34.40756733383283],[-59.485056989788383,-34.407295530376118],[-59.484732366770295,-34.407023726064836],[-59.484406086702982,-34.407022351339712],[-59.484079806657775,-34.407020975744423],[-59.483753526634686,-34.407019599278961],[-59.483427246633759,-34.407018221943353],[-59.483100966654987,-34.407016843737573],[-59.482774686698363,-34.407015464661626],[-59.482448406763936,-34.407014084715527],[-59.482122126851714,-34.407012703899255],[-59.481795846961674,-34.407011322212846],[-59.48146956709386,-34.407009939656248],[-59.481143287248315,-34.407008556229485],[-59.480817007424996,-34.407007171932584],[-59.480490727623945,-34.407005786765517],[-59.480164447845176,-34.407004400728283],[-59.479838168088698,-34.407003013820898],[-59.479511888354537,-34.407001626043346],[-59.479185608642688,-34.407000237395629],[-59.478859328953185,-34.406998847877766],[-59.478533049286021,-34.406997457489723],[-59.478206769641211,-34.406996066231528],[-59.477880490018812,-34.406994674103174],[-59.477554210418795,-34.406993281104683],[-59.477227930841153,-34.406991887236018],[-59.476903334581003,-34.40672006237714],[-59.476578740420507,-34.406448236664168]]}},
{"type":"Feature","properties":{"length_m":672.42640687119285,"Name":"Red de drenaje ≥ 2 km²"},"geometry":{"type":"LineString","coordinates":[[-59.515284605837074,-34.314387702691612],[-59.515286160227831,-34.314117266874845],[-59.515287714597868,-34.31384683104605],[-59.515289268947193,-34.313576395205224],[-59.515290823275819,-34.313305959352384],[-59.515292377583719,-34.313035523487521],[-59.515293931870886,-34.31276508761065],[-59.515295486137347,-34.312494651721735],[-59.515297040383096,-34.312224215820791],[-59.515298594608119,-34.311953779907832],[-59.515300148812422,-34.31168334398285],[-59.515301702996027,-34.311412908045831],[-59.514977346940078,-34.311141182048267],[-59.51497890212714,-34.310870746100221],[-59.514980457293483,-34.310600310140153],[-59.514982012439106,-34.310329874168055],[-59.514983567563988,-34.310059438183927],[-59.514985122668136,-34.309789002187784],[-59.514986677751558,-34.309518566179612],[-59.514988232814254,-34.309248130159432],[-59.514989787856223,-34.308977694127208],[-59.514991342877472,-34.308707258082975],[-59.515317243692657,-34.308708548014508]]}},
{"type":"Feature","properties":{"length_m":1792.2034611053268,"Name":"Red de drenaje ≥ 2 km²"},"geometry":{"type":"LineString","coordinates":[[-59.514015401913156,-34.477727439467046],[-59.513687276317917,-34.477996569029578],[-59.513359148615592,-34.478265697681472],[-59.513031018806153,-34.478534825422678],[-59.512702886889592,-34.478803952253138],[-59.512374752865881,-34.47907307817291],[-59.512046616734956,-34.479342203181908],[-59.511718478496846,-34.479611327280075],[-59.511390338151458,-34.479880450467469],[-59.511062195698806,-34.480149572744004],[-59.510734051138854,-34.480418694109659],[-59.510405904471597,-34.480687814564433],[-59.510077755696955,-34.480956934108271],[-59.509749604814942,-34.481226052741178],[-59.509421451825531,-34.481495170463091],[-59.509093296728665,-34.481764287274011],[-59.508765139524357,-34.482033403173908],[-59.508436980212537,-34.48230251816274],[-59.508108818793197,-34.4825716322405],[-59.507780655266309,-34.482840745407152],[-59.507452489631866,-34.483109857662662],[-59.507124321889805,-34.483378969007006],[-59.506796152040124,-34.483648079440172],[-59.506467980082782,-34.483917188962138],[-59.506141399819064,-34.483915869644676],[-59.505813224721429,-34.484184977369445],[-59.505485047516096,-34.484454084182921],[-59.505156868202988,-34.484723190085113],[-59.504828686782119,-34.484992295075955],[-59.504500503253475,-34.485261399155434],[-59.504172317617005,-34.48553050232352],[-59.503844129872682,-34.485799604580201],[-59.503515940020478,-34.486068705925433],[-59.503187748060377,-34.486337806359188],[-59.502859553992344,-34.486606905881452],[-59.502531357816352,-34.486876004492196],[-59.502529752187357,-34.48714643214128],[-59.502528146536982,-34.487416859778293],[-59.502199946102152,-34.487685957426642],[-59.501871743559256,-34.487955054163386],[-59.501543538908258,-34.488224149988525],[-59.501215332149151,-34.488493244902017],[-59.501213722175436,-34.488763672425222],[-59.501212112180283,-34.489034099936369],[-59.501210502163673,-34.489304527435458]]}},
{"type":"Feature","properties":{"length_m":1334.5584412271569,"Name":"Red de drenaje ≥ 2 km²"},"geometry":{"type":"LineString","coordinates":[[-59.503193612053046,-34.319748091653878],[-59.50319520553608,-34.319477656564572],[-59.503196798997848,-34.319207221463252],[-59.503198392438385,-34.318936786349873],[-59.503199985857684,-34.318666351224472],[-59.503201579255744,-34.318395916087077],[-59.503203172632588,-34.318125480937617],[-59.503204765988158,-34.317855045776156],[-59.503206359322512,-34.317584610602658],[-59.503207952635627,-34.317314175417124],[-59.503209545927497,-34.317043740219567],[-59.503211139198136,-34.316773305010003],[-59.503212732447537,-34.316502869788373],[-59.503214325675707,-34.316232434554742],[-59.503215918882617,-34.315961999309089],[-59.503217512068325,-34.315691564051399],[-59.50321910523278,-34.315421128781672],[-59.503220698376005,-34.315150693499938],[-59.503222291497984,-34.314880258206152],[-59.503223884598739,-34.314609822900366],[-59.503225477678264,-34.314339387582528],[-59.503227070736557,-34.314068952252683],[-59.503228663773598,-34.313798516910801],[-59.503230256789408,-34.313528081556896],[-59.503557767607468,-34.313258967560614],[-59.503559359535807,-34.312988532169349],[-59.503560951442928,-34.312718096766041],[-59.503888458038531,-34.312448981813297],[-59.50389004885826,-34.312178546372635],[-59.504217552297767,-34.311909430488818],[-59.504219142030152,-34.311638995010796],[-59.50422073174132,-34.311368559520758],[-59.504548230958733,-34.311099442680593],[-59.504549819582657,-34.310829007153217],[-59.504877315644173,-34.310559889382091],[-59.504878903180867,-34.310289453817354],[-59.504880490696408,-34.310019018240624],[-59.504882078190789,-34.309748582651849],[-59.505209568964553,-34.309479463899187],[-59.505211155371796,-34.309209028273116],[-59.50521274175788,-34.308938592634981],[-59.505214328122847,-34.308668156984865],[-59.505540228310153,-34.308669472926184]]}},
{"type":"Feature","properties":{"length_m":5740.5086527633121,"Name":"Red de drenaje ≥ 2 km²"},"geometry":{"type":"LineString","coordinates":[[-59.50344082940893,-34.443610078385476],[-59.503442429493219,-34.443339648769438],[-59.503444029556199,-34.443069219141364],[-59.503445629597842,-34.442798789501204],[-59.503447229618182,-34.442528359849049],[-59.503448829617177,-34.442257930184823],[-59.503450429594878,-34.441987500508539],[-59.503452029551234,-34.441717070820232],[-59.50345362948628,-34.44144664111986],[-59.503128815680796,-34.441174885472002],[-59.502804003978554,-34.440903128967513],[-59.502479194379539,-34.440631371606401],[-59.50215438688371,-34.440359613388701],[-59.501829581491037,-34.440087854314442],[-59.50150317208503,-34.440086524076165],[-59.501176762700418,-34.440085192966642],[-59.500850353337228,-34.440083860985865],[-59.500523943995468,-34.440082528133836],[-59.500197534675166,-34.440081194410574],[-59.499871125376309,-34.440079859816088],[-59.499543103651646,-34.440348953950277],[-59.499215079823792,-34.440618047174326],[-59.498887053892787,-34.440887139488169],[-59.498559025858547,-34.441156230891778],[-59.498230995721073,-34.441425321385132],[-59.497902963480342,-34.441694410968189],[-59.49757492913632,-34.441963499640948],[-59.49724689268897,-34.442232587403375],[-59.496918854138279,-34.442501674255425],[-59.496590813484218,-34.442770760197092],[-59.496262770726737,-34.443039845228363],[-59.495934725865823,-34.443308929349165],[-59.495608304227495,-34.443307583266048],[-59.495283508966942,-34.443035807019641],[-59.494957088423654,-34.443034459207411],[-59.494630667902086,-34.443033110523849],[-59.494304247402191,-34.443031760968928],[-59.493977826924031,-34.443030410542697],[-59.493651406467585,-34.443029059245106],[-59.493324986032881,-34.44302770707619],[-59.492996931901814,-34.44329678323281],[-59.492668875667292,-34.443565858478806],[-59.492340817329264,-34.443834932814148],[-59.49201275688776,-34.44410400623881],[-59.491684694342688,-34.444373078752776],[-59.491356629694089,-34.444642150355996],[-59.491028562941878,-34.444911221048457],[-59.490700494086063,-34.445180290830159],[-59.490698852830917,-34.445450719835087],[-59.490697211553908,-34.44572114882795],[-59.49037078079774,-34.445719788680229],[-59.490045993444141,-34.445447998695592],[-59.489721208194233,-34.445176207854878],[-59.489396425047943,-34.444904416158117],[-59.489071644005278,-34.444632623605344],[-59.488746865066211,-34.444360830196572],[-59.488422088230692,-34.444089035931839],[-59.488097313498706,-34.443817240811164],[-59.487772540870218,-34.443545444834577],[-59.487447770345199,-34.443273648002112],[-59.487123001923628,-34.44300185031377],[-59.486798235605463,-34.442730051769601],[-59.48647347139071,-34.442458252369626],[-59.486148709279291,-34.44218645211388],[-59.4858239492712,-34.441914651002378],[-59.485499191366408,-34.441642849035119],[-59.485172776738217,-34.441641475152046],[-59.484846362132132,-34.441640100397677],[-59.484519947548151,-34.441638724772034],[-59.484193532986318,-34.441637348275101],[-59.483868781479835,-34.441365542022389],[-59.483544032076587,-34.44109373491407],[-59.483219284776531,-34.440821926950179],[-59.482894539579682,-34.440550118130723],[-59.48256979648599,-34.440278308455753],[-59.482245055495412,-34.440006497925253],[-59.481920316607933,-34.439734686539317],[-59.481595579823527,-34.439462874297924],[-59.481270845142156,-34.4391910612011],[-59.480946112563799,-34.438919247248883],[-59.480621382088422,-34.4386474324413],[-59.48029665371601,-34.438375616778373],[-59.479970252061769,-34.438374229122289],[-59.479645526866058,-34.438102411746833],[-59.479320803773241,-34.437830593516097],[-59.478996082783304,-34.437558774430116],[-59.478671363896197,-34.437286954488918],[-59.478346647111906,-34.437015133692547],[-59.478021932430408,-34.436743312040981],[-59.477697219851635,-34.436471489534284],[-59.477372509375606,-34.43619966617247],[-59.477047801002286,-34.435927841955561],[-59.476723094731611,-34.435656016883591],[-59.476398390563588,-34.435384190956583],[-59.476073688498168,-34.435112364174557],[-59.475748988535337,-34.434840536537578],[-59.475424290675051,-34.43456870804561],[-59.47509790407625,-34.434567307519188],[-59.474773209392282,-34.434295477315345],[-59.47444851681081,-34.434023646256627],[-59.474122132382135,-34.434022243145272],[-59.473795747976013,-34.434020839162898],[-59.473469363592493,-34.434019434309477],[-59.473142979231589,-34.434018028585044],[-59.472816594893295,-34.434016621989571],[-59.472490210577632,-34.434015214523058],[-59.472163826284614,-34.434013806185519],[-59.471837442014255,-34.434012396976954],[-59.471511057766556,-34.434010986897356],[-59.471184673541565,-34.43400957594671],[-59.470856584854623,-34.434278592773587],[-59.470530199623802,-34.434277180066687],[-59.470202107805832,-34.434546195096786],[-59.469874013885359,-34.43481520921533],[-59.46987230617875,-34.43508563778505],[-59.469870598449361,-34.435356066342685],[-59.469542500278237,-34.435625079497051],[-59.469214400004482,-34.435894091739804],[-59.469212690104165,-34.436164520232786],[-59.468884586653608,-34.436433531537574],[-59.468556481100364,-34.436702541930664],[-59.468554769028913,-34.436972970358973],[-59.468226660298726,-34.43724197981399],[-59.46789854946573,-34.437510988357282],[-59.467896835223016,-34.437781416720853],[-59.467568721212942,-34.438050424326022],[-59.467242321491284,-34.438049002708503],[-59.466914204349749,-34.438318008516376],[-59.46658608510532,-34.438587013412402],[-59.466259683349421,-34.438585589152751],[-59.465931560973509,-34.438854592251367],[-59.465603436494639,-34.439123594438051],[-59.465275309912784,-34.439392595712796],[-59.464948905094175,-34.439391167925351],[-59.464620775380773,-34.439660167402543],[-59.464294369556633,-34.439658737858288],[-59.463967963755472,-34.439657307442836],[-59.463639829881998,-34.439926304236785],[-59.46331342307537,-34.439924872064495],[-59.462985286070335,-34.440193867060735],[-59.462657146962201,-34.440462861144837],[-59.462329005750966,-34.440731854316802],[-59.462002595881927,-34.440730418616312],[-59.461676186036016,-34.440728982044568],[-59.461348040664681,-34.440997972532941],[-59.461021629813423,-34.440996534204238],[-59.460693481310457,-34.441265522894632],[-59.460365330704299,-34.441534510672739],[-59.460038917819318,-34.441533069701308],[-59.459712504957515,-34.441531627858595],[-59.459384350191279,-34.441800612952832],[-59.4590561933218,-34.442069597134683],[-59.458728034349022,-34.442338580404126]]}},
{"type":"Feature","properties":{"length_m":912.42640687119285,"Name":"Red de drenaje ≥ 2 km²"},"geometry":{"type":"LineString","coordinates":[[-59.501524230714978,-34.491469279776751],[-59.501522621559509,-34.491739707180734],[-59.501521012382568,-34.492010134572674],[-59.501519403184197,-34.492280561952548],[-59.501517793964389,-34.492550989320371],[-59.50151618472313,-34.492821416676144],[-59.50151457546044,-34.493091844019851],[-59.501512966176278,-34.493362271351501],[-59.501511356870701,-34.493632698671085],[-59.501509747543665,-34.493903125978655],[-59.501508138195184,-34.49417355327413],[-59.501506528825253,-34.494443980557563],[-59.501504919433891,-34.494714407828944],[-59.501503310021057,-34.494984835088253],[-59.501501700586807,-34.495255262335505],[-59.501500091131099,-34.495525689570691],[-59.501498481653933,-34.495796116793848],[-59.501496872155329,-34.496066544004947],[-59.501495262635281,-34.496336971203966],[-59.50149365309376,-34.496607398390942],[-59.50149204353081,-34.496877825565868],[-59.501817065566442,-34.497149584919576],[-59.501815457015141,-34.497420012083793],[-59.501813848442396,-34.497690439235939],[-59.501812239848199,-34.497960866376012],[-59.501810631232573,-34.498231293504048],[-59.501809022595531,-34.498501720620006],[-59.501807413937037,-34.498772147723912],[-59.501805805257099,-34.499042574815775],[-59.501804196555746,-34.49931300189558],[-59.501802587832927,-34.499583428963327]]}},
{"type":"Feature","properties":{"length_m":252.42640687119285,"Name":"Red de drenaje ≥ 2 km²"},"geometry":{"type":"LineString","coordinates":[[-59.501210502163673,-34.489304527435458],[-59.501208892125611,-34.489574954922489],[-59.501207282066069,-34.489845382397469],[-59.501205671985083,-34.490115809860399],[-59.501204061882653,-34.490386237311284],[-59.501202451758758,-34.490656664750098],[-59.501200841613418,-34.490927092176854],[-59.501199231446606,-34.491197519591552],[-59.501524230714978,-34.491469279776751]]}},
{"type":"Feature","properties":{"length_m":144.85281374238571,"Name":"Red de drenaje ≥ 2 km²"},"geometry":{"type":"LineString","coordinates":[[-59.500563748552054,-34.488220149504805],[-59.500888734309676,-34.488491911394021],[-59.500887123281899,-34.488762338903825],[-59.500885512232635,-34.489032766401571],[-59.501210502163673,-34.489304527435458]]}},
{"type":"Feature","properties":{"length_m":542.13203435596427,"Name":"Red de drenaje ≥ 2 km²"},"geometry":{"type":"LineString","coordinates":[[-59.496367633549127,-34.371103873409488],[-59.496366015044309,-34.371374305932157],[-59.496038253096195,-34.371643395945213],[-59.496036633500211,-34.371913828430294],[-59.496035013882647,-34.372184260903332],[-59.496033394243483,-34.372454693364347],[-59.49603177458274,-34.372725125813318],[-59.496030154900396,-34.372995558250217],[-59.496028535196487,-34.373265990675122],[-59.496026915470978,-34.373536423087984],[-59.496025295723875,-34.373806855488809],[-59.49569752312231,-34.374075944389197],[-59.495695902283877,-34.374346376752413],[-59.495694281423859,-34.374616809103593],[-59.495366504586435,-34.374885897044635],[-59.495038725652634,-34.375154984077426],[-59.49471094462244,-34.375424070201966]]}},
{"type":"Feature","properties":{"length_m":1892.497833620555,"Name":"Red de drenaje ≥ 2 km²"},"geometry":{"type":"LineString","coordinates":[[-59.495174495174098,-34.461154542936548],[-59.494848004134489,-34.461153194215669],[-59.494519883202422,-34.461422273080252],[-59.494193391153615,-34.461420922601938],[-59.493865267085255,-34.461689999669851],[-59.493538774027236,-34.461688647434073],[-59.493212280990981,-34.461687294326367],[-59.492885787976519,-34.461685940346712],[-59.492559294983842,-34.461684585495121],[-59.492232802012957,-34.461683229771594],[-59.491906309063893,-34.461681873176133],[-59.491578176704856,-34.461950944019463],[-59.491251682746785,-34.46194958566646],[-59.490923547251541,-34.462218654712849],[-59.490597052284514,-34.462217294602283],[-59.490268913653011,-34.462486361851667],[-59.489940772916093,-34.462755428189645],[-59.489939128133166,-34.463025856383773],[-59.489610984216078,-34.463294921784573],[-59.489282838193482,-34.46356398627389],[-59.488956338072363,-34.463562621734937],[-59.488628188913395,-34.463831684427056],[-59.488300037648848,-34.464100746207627],[-59.487973535488059,-34.464099379025193],[-59.487645381087106,-34.464368439008432],[-59.487318877917552,-34.464367070068192],[-59.486990720380163,-34.46463612825405],[-59.48666256073713,-34.464905185528217],[-59.486334398988419,-34.465174241890765],[-59.486006235133964,-34.465443297341565],[-59.485678069173808,-34.465712351880683],[-59.485349901107881,-34.465981405508018],[-59.485021730936133,-34.466250458223563],[-59.484693558658563,-34.466519510027325],[-59.484365384275158,-34.466788560919227],[-59.484037207785875,-34.467057610899296],[-59.483709029190685,-34.467326659967476],[-59.483380848489567,-34.467595708123731],[-59.483052665682472,-34.467864755368055],[-59.482726149134905,-34.467863374038927],[-59.482397963191062,-34.468132419485265],[-59.482069775141213,-34.468401464019564],[-59.481741584985315,-34.468670507641846],[-59.481413392723347,-34.468939550352069],[-59.48108519835526,-34.469208592150189],[-59.480757001881088,-34.469477633036206],[-59.480428803300725,-34.469746673010064],[-59.480100602614229,-34.470015712071785],[-59.479772399821478,-34.470284750221296],[-59.479444194922522,-34.470553787458584]]}},
{"type":"Feature","properties":{"length_m":1059.4112549695428,"Name":"Red de drenaje ≥ 2 km²"},"geometry":{"type":"LineString","coordinates":[[-59.494986778241945,-34.383808811321025],[-59.494662212472214,-34.383537032836138],[-59.494663837191155,-34.383266600922916],[-59.494339274545645,-34.382994821585235],[-59.494014713997323,-34.382723041393263],[-59.494016340748502,-34.382452609471052],[-59.493691783324252,-34.382180828426364],[-59.493693411080613,-34.381910396493645],[-59.493695038815282,-34.381639964548896],[-59.49369666652823,-34.38136953259211],[-59.493372114281641,-34.381097750697862],[-59.493373742999715,-34.380827318730582],[-59.493375371696096,-34.380556886751265],[-59.493050823600058,-34.380285104005949],[-59.49305245330148,-34.380014672016131],[-59.493054082981182,-34.379744240014311],[-59.493055712639162,-34.379473808000441],[-59.493057342275407,-34.379203375974512],[-59.493058971889951,-34.378932943936562],[-59.493060601482775,-34.378662511886574],[-59.493062231053884,-34.378392079824536],[-59.49306386060325,-34.378121647750469],[-59.493065490130931,-34.377851215664357],[-59.493067119636876,-34.377580783566202],[-59.493068749121115,-34.377310351455996],[-59.493070378583631,-34.377039919333775],[-59.493072008024413,-34.376769487199503],[-59.493073637443516,-34.376499055053181],[-59.493075266840862,-34.376228622894828],[-59.493076896216508,-34.375958190724447],[-59.493078525570454,-34.375687758542021],[-59.492753997023804,-34.375415974969229],[-59.492429470573576,-34.375144190542471]]}},
{"type":"Feature","properties":{"length_m":222.42640687119285,"Name":"Red de drenaje ≥ 2 km²"},"geometry":{"type":"LineString","coordinates":[[-59.49471094462244,-34.375424070201966],[-59.494384786635138,-34.375422723169358],[-59.494058628669485,-34.375421375267614],[-59.493732470725526,-34.375420026496741],[-59.493406312803252,-34.375418676856711],[-59.493080154902664,-34.375417326347545],[-59.492755627382508,-34.375145542776309],[-59.492429470573576,-34.375144190542471]]}},
{"type":"Feature","properties":{"length_m":3915.2900397563371,"Name":"Red de drenaje ≥ 2 km²"},"geometry":{"type":"LineString","coordinates":[[-59.492429470573576,-34.375144190542471],[-59.492103313786373,-34.375142837439498],[-59.491777157020948,-34.375141483467388],[-59.491451000277294,-34.375140128626157],[-59.491124843555419,-34.375138772915761],[-59.49080032348148,-34.374866984213142],[-59.49047416785141,-34.374865626778167],[-59.490149650943842,-34.374593836366252],[-59.489823496405606,-34.374592477206718],[-59.489497341889233,-34.374591117178056],[-59.489172829218042,-34.374319324201522],[-59.488848318643171,-34.374047530371271],[-59.48852216628876,-34.374046167762707],[-59.488197658880203,-34.37377437222338],[-59.487873153567904,-34.373502575830372],[-59.487547003375497,-34.373501210642019],[-59.487222501229489,-34.37322941254007],[-59.486896352129101,-34.373228045627322],[-59.48657185314935,-34.372956245816482],[-59.486247356265757,-34.372684445152096],[-59.485921209327522,-34.372683075659722],[-59.485596715610143,-34.372411273286566],[-59.485270569764019,-34.372409902069883],[-59.48494607921284,-34.372138097988028],[-59.484619934458884,-34.372136725047113],[-59.48429544707389,-34.371864919256602],[-59.483969303412117,-34.371863544591449],[-59.483644819193302,-34.371591737092388],[-59.483318676623782,-34.371590360703046],[-59.482994195571109,-34.371318551495492],[-59.48266805409385,-34.371317173382003],[-59.482341912638752,-34.371315794399493],[-59.482017435822378,-34.371043982628429],[-59.481692961101984,-34.370772170004095],[-59.481368488477521,-34.370500356526556],[-59.481044017948946,-34.370228542195839],[-59.480717880796711,-34.370227158924031],[-59.4803934134342,-34.36995534288512],[-59.480395083179417,-34.369684910974946],[-59.480070618938406,-34.369413094084813],[-59.479744484996672,-34.369411708247966],[-59.479418351077221,-34.369410321542169],[-59.47909389107236,-34.369138502089008],[-59.478767758245404,-34.369137113659313],[-59.478443301406486,-34.368865292498185],[-59.478118846663307,-34.368593470484093],[-59.477794394015824,-34.368321647617037],[-59.47746826442183,-34.368320255753652],[-59.477142134850197,-34.368318863021372],[-59.476816005300975,-34.36831746942017],[-59.476489875774156,-34.368316074950073],[-59.476163746269748,-34.368314679611068],[-59.475839301069129,-34.368042851616764],[-59.475514857964157,-34.367771022769666],[-59.475190416954767,-34.367499193069783],[-59.474865978040988,-34.367227362517134],[-59.474541541222756,-34.366955531111763],[-59.474215417092182,-34.36695413062985],[-59.473889292984111,-34.366952729279056],[-59.473564860401972,-34.366680895311497],[-59.473240429915336,-34.366409060491272],[-59.472916001524176,-34.366137224818438],[-59.472591575228471,-34.365865388293017],[-59.472265455424122,-34.36586398265456],[-59.471941032294126,-34.36559214442191],[-59.471942728923231,-34.365321712684519],[-59.471618308913676,-34.365049873601478],[-59.471292192320227,-34.365048465399084],[-59.470967775476304,-34.364776624608936],[-59.470643360727671,-34.364504782966364],[-59.470318948074308,-34.364232940471361],[-59.469994537516186,-34.363961097123969],[-59.46967012905327,-34.363689252924225],[-59.469344017834025,-34.36368783958023],[-59.46901790663749,-34.363686425367469],[-59.468693502410389,-34.36341457860636],[-59.468369100278466,-34.363142730992976],[-59.468044700241663,-34.362870882527353],[-59.467720302299952,-34.362599033209513],[-59.467395906453305,-34.362327183039461],[-59.467071512701722,-34.362055332017228],[-59.467073224749441,-34.361784900336772],[-59.466748834117517,-34.361513048464651],[-59.466424445580572,-34.361241195740426],[-59.466100059138533,-34.360969342164125],[-59.465775674791416,-34.360697487735777],[-59.465451292539157,-34.360425632455396],[-59.465126912381756,-34.360153776322989],[-59.464802534319141,-34.359881919338598],[-59.464478158351348,-34.359610061502273],[-59.464152063209575,-34.359608634473823],[-59.463827690406831,-34.359336774931322],[-59.463503319698809,-34.359064914536951],[-59.463178951085503,-34.358793053290711],[-59.46285458456687,-34.358521191192644],[-59.46285630993308,-34.358250759542209],[-59.462531946533389,-34.357978896594716],[-59.462207585228285,-34.357707032795439],[-59.461883226017726,-34.35743516814442],[-59.461557139438447,-34.357433734282594],[-59.461232783392731,-34.35716186792574],[-59.460906697906822,-34.357160432341281],[-59.460582345025941,-34.356888564278698],[-59.460256260633436,-34.356887126971635],[-59.459931910917348,-34.35661525720338]]}},
{"type":"Feature","properties":{"length_m":3589.1883092036746,"Name":"Red de drenaje ≥ 2 km²"},"geometry":{"type":"LineString","coordinates":[[-59.486478296660529,-34.334823842510843],[-59.486479944685243,-34.334553408786263],[-59.486481592688015,-34.334282975049653],[-59.486157243461626,-34.334011173779764],[-59.486158892466506,-34.333740740032859],[-59.486160541449422,-34.33347030627391],[-59.486162190410361,-34.333199872502924],[-59.486163839349302,-34.332929438719908],[-59.485839496311286,-34.332657636604765],[-59.485841146252277,-34.332387202811482],[-59.485515155365242,-34.332385833637417],[-59.48518916450022,-34.332384463595623],[-59.48486317365721,-34.332383092686086],[-59.484538836939194,-34.332111287158682],[-59.484540491020077,-34.331840853396557],[-59.484542145078898,-34.331570419622388],[-59.484217812500617,-34.331298613246467],[-59.483893482014196,-34.331026806018464],[-59.483569153619612,-34.330754997938406],[-59.48357081072794,-34.330484564157608],[-59.483572467814191,-34.33021413036478],[-59.483248143558988,-34.329942321436342],[-59.482923821395495,-34.329670511655912],[-59.482925480507177,-34.329400077854714],[-59.482601161459087,-34.329128267224185],[-59.48260282157235,-34.328857833412769],[-59.482278505639584,-34.328586021932132],[-59.48195419179838,-34.328314209599647],[-59.481955853936803,-34.328043775779904],[-59.481957516053079,-34.327773341948124],[-59.481959178147207,-34.327502908104314],[-59.481634869468323,-34.327231094925537],[-59.481636532563826,-34.326960661071567],[-59.481312226999925,-34.326688847042853],[-59.481313891096796,-34.326418413178715],[-59.481315555171491,-34.326147979302554],[-59.480991253745941,-34.325876164425814],[-59.480992918821926,-34.325605730539486],[-59.480994583875699,-34.325335296641114],[-59.480670286588314,-34.325063480916448],[-59.48067195264332,-34.324793047007937],[-59.480347658470514,-34.324521230433469],[-59.480349325526674,-34.324250796514825],[-59.480350992560624,-34.32398036258413],[-59.480026702525642,-34.32370854516185],[-59.480028370560674,-34.323438111221037],[-59.479704083640065,-34.32316629294904],[-59.479705752676125,-34.322895858998109],[-59.479381468869789,-34.322624039876473],[-59.479383138906826,-34.322353605915417],[-59.479384808921616,-34.32208317194236],[-59.479060529252621,-34.321811351973032],[-59.479062200268316,-34.321540917989857],[-59.479063871261758,-34.321270483994638],[-59.47873959572992,-34.320998663177711],[-59.478741267724196,-34.320728229172403],[-59.47841699530624,-34.320456407505951],[-59.478418668301309,-34.320185973490567],[-59.478420341274095,-34.319915539463139],[-59.478096072992948,-34.319643716949201],[-59.477771806802458,-34.319371893583892],[-59.477773481798948,-34.319101459548357],[-59.477775156773113,-34.318831025500785],[-59.47777683172496,-34.318560591441177],[-59.477452570693956,-34.318288767230442],[-59.477454246646403,-34.318018333160794],[-59.477129988728805,-34.317746508100733],[-59.476805732901667,-34.31747468218942],[-59.47648147916496,-34.317202855426864],[-59.476157227518648,-34.316931027813119],[-59.475832977962725,-34.316659199348173],[-59.47550873049714,-34.316387370032068],[-59.475184485121858,-34.316115539864846],[-59.474860241836865,-34.315843708846508],[-59.474536000642139,-34.315571876977096],[-59.474211761537624,-34.315300044256631],[-59.473887524523327,-34.315028210685149],[-59.47356328959922,-34.314756376262658],[-59.473237367517285,-34.314754975032407],[-59.472911445457889,-34.314753572934968],[-59.472585523421031,-34.314752169970362],[-59.472259601406712,-34.314750766138587],[-59.471935372843141,-34.31447892745301],[-59.471611146369661,-34.31420708791655],[-59.471285226513174,-34.314205681511616],[-59.470961003197424,-34.313933840271325],[-59.47063508443118,-34.313932432146274],[-59.470309165687553,-34.313931023154076],[-59.469983246966571,-34.313929613294732],[-59.46965902894388,-34.313657768644831],[-59.46933481301118,-34.313385923144217],[-59.46900889644823,-34.313384510711899],[-59.468682979907989,-34.313383097412462],[-59.46835876820068,-34.313111249355366],[-59.468032852750852,-34.313109834335968],[-59.467706937323754,-34.313108418449403],[-59.467382729841866,-34.312836567836008],[-59.467056815505266,-34.312835150229532],[-59.46673090119144,-34.312833731755909],[-59.466404986900415,-34.312832312415217],[-59.466080784711728,-34.312560458392817],[-59.465754871511287,-34.312559037332214]]}},
{"type":"Feature","properties":{"length_m":596.98484809834997,"Name":"Red de drenaje ≥ 2 km²"},"geometry":{"type":"LineString","coordinates":[[-59.480723501292054,-34.474886180857197],[-59.480398633812733,-34.474614365797798],[-59.4800737684401,-34.474342549881911],[-59.480075445743616,-34.474072122609215],[-59.47975058350859,-34.473800305838758],[-59.479752261820693,-34.473529878555929],[-59.479427402723168,-34.473258060930974],[-59.479102545732218,-34.472986242449629],[-59.478777690847778,-34.472714423111896],[-59.478451155634218,-34.472713030192928],[-59.47812462044309,-34.472711636401691],[-59.477799769816443,-34.472439814491089],[-59.477473235723437,-34.47243841896929],[-59.477146701652899,-34.472437022575221],[-59.476820167604814,-34.472435625308862],[-59.476493633579231,-34.472434227170218],[-59.476167099576159,-34.47243282815932],[-59.475840565595597,-34.472431428276117]]}},
{"type":"Feature","properties":{"length_m":157.27922061357856,"Name":"Red de drenaje ≥ 2 km²"},"geometry":{"type":"LineString","coordinates":[[-59.480755327063676,-34.469748060541789],[-59.480427127407928,-34.470017100489663],[-59.480098925645962,-34.470286139525342],[-59.479770721777761,-34.470555177648841],[-59.479444194922522,-34.470553787458584]]}},
{"type":"Feature","properties":{"length_m":2335.2186130069767,"Name":"Red de drenaje ≥ 2 km²"},"geometry":{"type":"LineString","coordinates":[[-59.48080128953535,-34.356705548570105],[-59.480475204784796,-34.356704165126146],[-59.480150789758824,-34.356432348327431],[-59.479824706100004,-34.356430963160342],[-59.479500294237972,-34.356159144654391],[-59.479174211670909,-34.356157757764237],[-59.478849802972789,-34.355885937551122],[-59.478523721497531,-34.355884548937915],[-59.47819931596333,-34.355612727017707],[-59.477873235579921,-34.355611336681505],[-59.477548833209603,-34.355339513054282],[-59.477224432933625,-34.355067688574543],[-59.476898354711643,-34.355066295660919],[-59.476573957599498,-34.354794469474292],[-59.476249562581629,-34.354522642435228],[-59.475923486521154,-34.354521246944266],[-59.475597410483097,-34.354519850584879],[-59.475273019698598,-34.354248020984627],[-59.47494863100831,-34.353976190532059],[-59.474624244412226,-34.35370435922718],[-59.474298171605341,-34.353702959436234],[-59.473972098820973,-34.353701558776862],[-59.47364771645821,-34.353429724911052],[-59.473321644765953,-34.353428322528934],[-59.472995573096249,-34.353426919278384],[-59.472669501449083,-34.353425515159422],[-59.472345124389321,-34.353153677878566],[-59.472019053834373,-34.353152272036901],[-59.471692983302027,-34.35315086532686],[-59.471368610475643,-34.352879025485365],[-59.471042541035587,-34.35287761705267],[-59.470716471618168,-34.352876207751549],[-59.470390402223423,-34.352874797582047],[-59.470064332851337,-34.352873386544132],[-59.469738263501917,-34.352871974637814],[-59.469413898118084,-34.352600129673277],[-59.469087829861124,-34.35259871604439],[-59.468763467641075,-34.352326869373748],[-59.468437400476574,-34.352325454022335],[-59.468111333334818,-34.352324037802546],[-59.467785266215834,-34.35232262071434],[-59.467459199119652,-34.352321202757764],[-59.467133132046236,-34.352319783932813],[-59.466807064995635,-34.35231836423948],[-59.466480997967864,-34.352316943677756],[-59.466154930962922,-34.352315522247636],[-59.465828863980832,-34.352314099949155],[-59.46550108053728,-34.352583108812674],[-59.465173294999701,-34.352852116767096],[-59.464845507368075,-34.353121123812357],[-59.46451771764233,-34.353390129948465],[-59.464189925822488,-34.353659135175363],[-59.463862131908513,-34.353928139493057],[-59.46386041005146,-34.354198571379399],[-59.463532612973253,-34.354467574761408],[-59.463204813800814,-34.354736577234142],[-59.462877012534136,-34.355005578797574],[-59.462549209173154,-34.35527457945166],[-59.462221403717891,-34.355543579196393],[-59.461893596168281,-34.355812578031731],[-59.461565786524297,-34.356081575957653],[-59.461237974785924,-34.356350572974151],[-59.460910160953155,-34.356619569081175],[-59.460584077584791,-34.356618132657104],[-59.460257994239527,-34.356616695364494],[-59.459931910917348,-34.35661525720338]]}},
{"type":"Feature","properties":{"length_m":416.98484809834997,"Name":"Red de drenaje ≥ 2 km²"},"geometry":{"type":"LineString","coordinates":[[-59.479444194922522,-34.470553787458584],[-59.479115987917297,-34.470822823783614],[-59.478789460053697,-34.470821431834949],[-59.478462932212501,-34.470820039014022],[-59.478134721039496,-34.471089072654323],[-59.477808192190018,-34.471087678074909],[-59.47747997787998,-34.471356709916599],[-59.477151761463602,-34.471625740845894],[-59.476825230575145,-34.471624343621713],[-59.476497011021706,-34.471893372752305],[-59.476168789361857,-34.472162400970454],[-59.475840565595597,-34.472431428276117]]}},
{"type":"Feature","properties":{"length_m":891.83766184073568,"Name":"Red de drenaje ≥ 2 km²"},"geometry":{"type":"LineString","coordinates":[[-59.479471684143519,-34.413491947999162],[-59.479473359575721,-34.413221518056226],[-59.479475034985605,-34.412951088101217],[-59.479476710373163,-34.412680658134207],[-59.479478385738382,-34.412410228155125],[-59.479153761419994,-34.41213840925073],[-59.479155437790673,-34.411867979261523],[-59.479157114138992,-34.411597549260279],[-59.479158790464979,-34.411327119246984],[-59.479160466768626,-34.411056689221631],[-59.47883584866134,-34.410784869470568],[-59.478511232654093,-34.410513048865134],[-59.478512910990752,-34.410242618831646],[-59.478514589305036,-34.409972188786078],[-59.478516267596945,-34.409701758728467],[-59.478191656772594,-34.409429937274595],[-59.478193336069758,-34.409159507206901],[-59.477868728372897,-34.408887684900698],[-59.477870408675201,-34.408617254822921],[-59.477545804105738,-34.408345431664479],[-59.477547485413147,-34.408075001576606],[-59.477222883970988,-34.407803177565945],[-59.477224566283454,-34.407532747468018],[-59.476899967968478,-34.407260922605175],[-59.476575371753199,-34.406989096888196],[-59.476577056098058,-34.406718666782211],[-59.476578740420507,-34.406448236664168]]}},
{"type":"Feature","properties":{"length_m":2068.2337649086276,"Name":"Red de drenaje ≥ 2 km²"},"geometry":{"type":"LineString","coordinates":[[-59.476578740420507,-34.406448236664168],[-59.476254148359594,-34.406176410097103],[-59.475929558398292,-34.405904582675973],[-59.475604970536537,-34.405632754400813],[-59.475606657918469,-34.405362324276773],[-59.475282073183493,-34.405090495149629],[-59.474957490548,-34.40481866516852],[-59.4749591799619,-34.404548235036501],[-59.474634600453044,-34.404276404203486],[-59.474310023043564,-34.40400457251657],[-59.473985447733433,-34.403732739975766],[-59.473660874522665,-34.403460906581095],[-59.47333630341118,-34.403189072332587],[-59.473337997938131,-34.402918642198848],[-59.473013429952964,-34.402646807098641],[-59.472688864066996,-34.402374971144638],[-59.472690560625388,-34.402104541003027],[-59.472365997865573,-34.401832704197417],[-59.472367695428289,-34.401562274045887],[-59.472369392968375,-34.401291843882326],[-59.472044834361533,-34.401020006227199],[-59.472046532905892,-34.400749576053705],[-59.472048231427628,-34.400479145868125],[-59.471723676973554,-34.400207307363623],[-59.471725376499478,-34.399936877168138],[-59.471727076002765,-34.399666446960602],[-59.471728775483392,-34.399396016741008],[-59.471404226208655,-34.39912417738929],[-59.471405926693407,-34.398853747159798],[-59.471407627155493,-34.398583316918263],[-59.471409327594905,-34.398312886664655],[-59.471084783499215,-34.398041046465785],[-59.471086484942681,-34.397770616202273],[-59.47108818636346,-34.397500185926745],[-59.471089887761586,-34.397229755639138],[-59.470765348844587,-34.396957914593202],[-59.470767051246668,-34.396687484295718],[-59.470768753626047,-34.39641705398617],[-59.470444218860877,-34.396145212091085],[-59.470445922244153,-34.39587478177166],[-59.470121390604071,-34.395602939025309],[-59.469796861062484,-34.395331095425583],[-59.469798566476094,-34.395060665098448],[-59.469474040059438,-34.394788820647548],[-59.469475746476768,-34.39451839031053],[-59.469151223184959,-34.3942465450085],[-59.469152930605986,-34.393976114661655],[-59.469154638004248,-34.393705684302773],[-59.468830118863544,-34.393433838151843],[-59.468831827265426,-34.393163407783085],[-59.468833535644535,-34.392892977402305],[-59.4688352440009,-34.392622547009474],[-59.468836952334463,-34.392352116604577],[-59.468838660645275,-34.392081686187645],[-59.468840368933307,-34.391811255758668],[-59.46884207719858,-34.391540825317641],[-59.468843785441102,-34.391270394864563],[-59.468845493660844,-34.390999964399427],[-59.468847201857805,-34.390729533922247],[-59.468848910032023,-34.390459103433031]]}},
{"type":"Feature","properties":{"length_m":746.98484809834997,"Name":"Red de drenaje ≥ 2 km²"},"geometry":{"type":"LineString","coordinates":[[-59.475840565595597,-34.472431428276117],[-59.47551233972289,-34.472700454669273],[-59.47518580473416,-34.472699053027448],[-59.474859269768011,-34.472697650513304],[-59.474531039727452,-34.472966674221155],[-59.474204503753207,-34.472965269948325],[-59.47387796780157,-34.472963864803198],[-59.47354973359321,-34.473232885825588],[-59.473223196633555,-34.473231478921733],[-59.472896659696573,-34.473230071145565],[-59.472570122782237,-34.4732286624971],[-59.472241883375496,-34.473497679947442],[-59.471915345453226,-34.473496269540178],[-59.471588807553694,-34.473494858260608],[-59.471262269676856,-34.473493446108726],[-59.47093573182277,-34.473492033084533],[-59.4706091939914,-34.47349061918802],[-59.470282656182803,-34.473489204419224],[-59.469956118396958,-34.473487788778094],[-59.469629580633921,-34.473486372264645],[-59.469304754888178,-34.473214528035754],[-59.468979931248967,-34.472942682950993],[-59.468655109716252,-34.472670837010433]]}},
{"type":"Feature","properties":{"length_m":734.55844122715712,"Name":"Red de drenaje ≥ 2 km²"},"geometry":{"type":"LineString","coordinates":[[-59.470576741819983,-34.478628727998519],[-59.470578450033855,-34.478358301327575],[-59.470580158224983,-34.478087874644579],[-59.470581866393331,-34.477817447949505],[-59.470583574538928,-34.477547021242373],[-59.470258730105876,-34.477275179555193],[-59.470260439259413,-34.47700475283817],[-59.470262148390162,-34.476734326109096],[-59.470263857498139,-34.476463899367914],[-59.470265566583329,-34.476193472614732],[-59.470267275645767,-34.475923045849441],[-59.470268984685426,-34.475652619072115],[-59.470270693702297,-34.475382192282723],[-59.469945858590663,-34.475110349754715],[-59.469947568615339,-34.474839922955425],[-59.469949278617243,-34.474569496144106],[-59.469624447673418,-34.474297652764506],[-59.469299618836232,-34.474025808529028],[-59.469301330876362,-34.473755381710006],[-59.468976505176251,-34.473483536620854],[-59.468978218224024,-34.473213109791956],[-59.46865339566088,-34.472941263849179],[-59.468655109716252,-34.472670837010433]]}},
{"type":"Feature","properties":{"length_m":1223.9696961966997,"Name":"Red de drenaje ≥ 2 km²"},"geometry":{"type":"LineString","coordinates":[[-59.469803979248944,-34.445902770687468],[-59.469477548869932,-34.445901354755044],[-59.469152829234559,-34.44562950989225],[-59.469154539932617,-34.445359081821231],[-59.468829823429921,-34.445087236105692],[-59.468503396274784,-34.445085817601822],[-59.468178682950317,-34.444813970174252],[-59.46785225689262,-34.444812549941894],[-59.467527546746368,-34.444540700802378],[-59.467202838703649,-34.444268850808015],[-59.466876414818124,-34.444267427990162],[-59.466549990955471,-34.444266004300943],[-59.466225287165578,-34.443994151737712],[-59.465898864400522,-34.443992726320111],[-59.465572441658402,-34.443991300031151],[-59.465246018939204,-34.443989872870844],[-59.464919596243,-34.443988444839185],[-59.464594898855374,-34.443716587993258],[-59.464270203571218,-34.44344473029269],[-59.463945510390488,-34.443172871737495],[-59.463619090941435,-34.443171440263633],[-59.463294400938828,-34.44289957999694],[-59.462967982587557,-34.442898146794846],[-59.462641564259329,-34.442896712721435],[-59.462315145954186,-34.442895277776721],[-59.461990461279214,-34.442623414084828],[-59.461665778707577,-34.442351549538479],[-59.461341098239267,-34.442079684137703],[-59.46101468318156,-34.442078245751119],[-59.460688268146995,-34.442076806493269],[-59.460361853135566,-34.442075366364122],[-59.460035438147337,-34.442073925363701],[-59.45970902318227,-34.442072483491984],[-59.459382608240425,-34.442071040748978],[-59.45905445029608,-34.442340024904247],[-59.458728034349022,-34.442338580404126]]}},
{"type":"Feature","properties":{"length_m":1376.1017305526634,"Name":"Red de drenaje ≥ 2 km²"},"geometry":{"type":"LineString","coordinates":[[-59.468655109716252,-34.472670837010433],[-59.468656823748759,-34.472400410159629],[-59.468332005352885,-34.472128563365459],[-59.468333720392927,-34.471858136504807],[-59.468335435410097,-34.471587709632104],[-59.46833715040443,-34.471317282747307],[-59.468338865375898,-34.471046855850481],[-59.468014053207668,-34.470775008209458],[-59.468015769186557,-34.470504581302784],[-59.468017485142575,-34.470234154384052],[-59.467692677141109,-34.469962305891805],[-59.467694394104484,-34.469691878963239],[-59.467696111044972,-34.469421452022623],[-59.46737130721003,-34.469149602679202],[-59.467373025157841,-34.468879175728766],[-59.467048224459134,-34.468607325531977],[-59.467049943414146,-34.468336898571728],[-59.466725145851591,-34.468065047521627],[-59.466726865813769,-34.467794620551587],[-59.466728585753039,-34.467524193569453],[-59.466403792356552,-34.467252341668356],[-59.466079001065978,-34.466980488911751],[-59.466080723042339,-34.466710061922122],[-59.465755934887611,-34.46643820831234],[-59.465757657870974,-34.466167781312919],[-59.465759380831386,-34.465897354301454],[-59.465434596842307,-34.465625499840819],[-59.465436320809658,-34.465355072819577],[-59.46511153995619,-34.465083217505835],[-59.465113264930416,-34.464812790474838],[-59.464788487212445,-34.464540934308047],[-59.464463711600096,-34.464269077285962],[-59.464465438610944,-34.463998650247532],[-59.464140666133936,-34.463726792372462],[-59.463815895762465,-34.463454933642112],[-59.463491127496496,-34.463183074056545],[-59.463166361336015,-34.462911213615747],[-59.462841597280956,-34.462639352319776],[-59.462516835331343,-34.462367490168639]]}},
{"type":"Feature","properties":{"length_m":2393.086578651013,"Name":"Red de drenaje ≥ 2 km²"},"geometry":{"type":"LineString","coordinates":[[-59.469548437865498,-34.331235948629619],[-59.469550139992478,-34.330965515476592],[-59.46955184209677,-34.330695082311522],[-59.469553544178403,-34.330424649134429],[-59.469229264834986,-34.330152803497917],[-59.468904987583308,-34.329880957010182],[-59.468906691688538,-34.32961052382543],[-59.468582417551673,-34.329338676488682],[-59.46858412265729,-34.329068243294117],[-59.468585827740192,-34.328797810087508],[-59.468261557741087,-34.328525961904042],[-59.468263263824305,-34.328255528687606],[-59.468264969884792,-34.327985095459134],[-59.468266675922528,-34.327714662218618],[-59.468268381937534,-34.327444228966066],[-59.468270087929788,-34.327173795701491],[-59.468271793899305,-34.326903362424872],[-59.468273499846092,-34.326632929136203],[-59.468601172463636,-34.326363910686268],[-59.468602877319299,-34.326093477359287],[-59.46827861755002,-34.325821629197982],[-59.468280323405871,-34.325551195861166],[-59.468607991749913,-34.32528217730605],[-59.468935658002721,-34.325013157842889],[-59.469263322164338,-34.324744137471718],[-59.469590984234806,-34.324475116192517],[-59.469266727397972,-34.324203270604251],[-59.468942472652273,-34.323931424164947],[-59.46861821999763,-34.323659576874618],[-59.468293969434058,-34.32338772873328],[-59.46829567508528,-34.323117295288135],[-59.468297380713757,-34.322846861830946],[-59.468299086319497,-34.3225764283617],[-59.468300791902521,-34.322305994880445],[-59.467976547520912,-34.322034145897057],[-59.467652305230203,-34.321762296062765],[-59.467654012835865,-34.321491862573914],[-59.467655720418769,-34.321221429073027],[-59.467331482264193,-34.320949578392337],[-59.467007246200389,-34.320677726860808],[-59.467008955805746,-34.320407293352396],[-59.467010665388308,-34.320136859831933],[-59.467012374948091,-34.319866426299434],[-59.466688144042692,-34.319594573923879],[-59.466689854602208,-34.319324140381603],[-59.46669156513893,-34.31905370682729],[-59.466367338369139,-34.318781853605522],[-59.466369049905531,-34.318511420041439],[-59.466370761419107,-34.31824098646532],[-59.466372472909867,-34.317970552877156],[-59.466374184377813,-34.317700119276985],[-59.466375895822964,-34.317429685664742],[-59.46670353825759,-34.317160671610083],[-59.466705248611937,-34.31689023795947],[-59.467032887888209,-34.316621222970568],[-59.467034597151795,-34.316350789281572],[-59.4670363063926,-34.316080355580567],[-59.467038015610619,-34.315809921867526],[-59.467039724805844,-34.315539488142427],[-59.467041433978295,-34.315269054405306],[-59.467043143127981,-34.314998620656141],[-59.467044852254872,-34.314728186894939],[-59.46704656135897,-34.314457753121701],[-59.467048270440308,-34.314187319336426],[-59.46704997949886,-34.313916885539115],[-59.466725771085848,-34.313645033213284],[-59.466727481143828,-34.313374599406188],[-59.466403275843021,-34.313102746232062],[-59.466079072632198,-34.312830892207401],[-59.465754871511287,-34.312559037332214]]}},
{"type":"Feature","properties":{"length_m":4284.70129472588,"Name":"Red de drenaje ≥ 2 km²"},"geometry":{"type":"LineString","coordinates":[[-59.468848910032023,-34.390459103433031],[-59.468524404278583,-34.39018725645316],[-59.468199900623034,-34.389915408620205],[-59.467875399065377,-34.389643559934122],[-59.467877110295305,-34.38937312943952],[-59.467552611861642,-34.389101279902583],[-59.467228115525771,-34.388829429512612],[-59.466903621287692,-34.388557578269641],[-59.466905335573003,-34.388287147769717],[-59.466580844458669,-34.388015295676006],[-59.466582559747138,-34.387744865166297],[-59.466258071756471,-34.387473012221911],[-59.465933585863453,-34.387201158424602],[-59.465609102068036,-34.386929303774409],[-59.465284620370198,-34.386657448271329],[-59.464960140769925,-34.386385591915428],[-59.464961861165001,-34.386115161405101],[-59.464963581537155,-34.385844730882745],[-59.464639106086004,-34.385572873678647],[-59.464314632732297,-34.385301015621778],[-59.464316355133072,-34.385030585092032],[-59.464318077510882,-34.3847601545502],[-59.463993608306048,-34.384488295645255],[-59.463995331686597,-34.384217865093703],[-59.463670865604747,-34.383946005338409],[-59.463346401620171,-34.383674144730428],[-59.463021939732847,-34.383402283269817],[-59.462697479942719,-34.383130420956569],[-59.462373022249771,-34.382858557790755],[-59.462048566653984,-34.382586693772375],[-59.461724113155334,-34.38231482890145],[-59.461725843691966,-34.382044398354431],[-59.461401393315874,-34.381772532633406],[-59.461075212449302,-34.381771096602094],[-59.460750765241869,-34.381499229173727],[-59.460752498854802,-34.381228798633934],[-59.460428054769757,-34.380956930355552],[-59.460103612781658,-34.380685061224796],[-59.459779172890492,-34.380413191241644],[-59.459780909556351,-34.380142760697119],[-59.459782646199066,-34.379872330140543],[-59.459458210455352,-34.379600459309955],[-59.459133776808457,-34.379328587627079],[-59.458809345258345,-34.379056715091927],[-59.458811084953595,-34.378786284530669],[-59.458486656525423,-34.378514411145744],[-59.458162230193942,-34.378242536908616],[-59.458163971916285,-34.377972106340273],[-59.457839548706595,-34.377700231253456],[-59.457841291430817,-34.377429800675579],[-59.45751687134279,-34.377157924739095],[-59.457192453351333,-34.376886047950499],[-59.45686803745641,-34.376614170309814],[-59.45686978323247,-34.376343739727425],[-59.456871528985261,-34.376073309132984],[-59.456873274714781,-34.375802878526478],[-59.456548863991209,-34.375531000041327],[-59.456550610722388,-34.375260569425315],[-59.456552357430283,-34.374990138797251],[-59.456227950852863,-34.374718259465148],[-59.456229698562353,-34.374447828827577],[-59.456231446248566,-34.374177398177956],[-59.455905295106092,-34.374175948646055],[-59.455907043817128,-34.373905517998985],[-59.455582643481911,-34.37363363696808],[-59.455258245242881,-34.373361755085277],[-59.45493384910003,-34.373089872350612],[-59.454609455053316,-34.372817988764091],[-59.454285063102702,-34.372546104325764],[-59.454286816914063,-34.372275673679503],[-59.453962428084168,-34.372003788391964],[-59.453638041350317,-34.371731902252684],[-59.453313656712446,-34.371460015261647],[-59.452989274170534,-34.371188127418918],[-59.452991032056872,-34.370917696771045],[-59.452666652635429,-34.370645808079253],[-59.452668411522843,-34.370375377421986],[-59.45234227530986,-34.370373918535826],[-59.452344035221756,-34.370103487881195],[-59.45234579511019,-34.3698330572145],[-59.452021421929359,-34.369561166824759],[-59.451697050844302,-34.369289275583412],[-59.45137268185497,-34.369017383490537],[-59.451048314961376,-34.368745490546139],[-59.451050078923871,-34.368475059878065],[-59.450725715150263,-34.368203166084847],[-59.450401353472266,-34.367931271440163],[-59.450403119459821,-34.367660840765403],[-59.450078760901675,-34.367388945271983],[-59.449754404439055,-34.36711704892717],[-59.449430050071967,-34.366845151730992],[-59.449431819108582,-34.366574721052316],[-59.449433588121607,-34.366304290361576],[-59.449109237898284,-34.366032392319489],[-59.449111007911846,-34.365761961619434],[-59.448786660808004,-34.365490062728782],[-59.448462315799503,-34.365218162986856],[-59.4481379728863,-34.36494626239368],[-59.447813632068396,-34.364674360949294],[-59.44748929334574,-34.364402458653714],[-59.447491068455825,-34.364132027955364],[-59.447492843542243,-34.363861597244984],[-59.447168508962669,-34.36358969410378],[-59.446844176478251,-34.363317790111459],[-59.446519846088947,-34.363045885268043],[-59.446195517794735,-34.362773979573575],[-59.445869411389808,-34.362772503724464],[-59.445543305008634,-34.362771027006623],[-59.445218980951978,-34.362499118753419],[-59.44489465899035,-34.362227209649248],[-59.444570339123729,-34.361955299694102],[-59.444572123448225,-34.361684869021083],[-59.444247806700261,-34.361412958217869],[-59.443923492047212,-34.361141046563759]]}},
{"type":"Feature","properties":{"length_m":653.96969619669994,"Name":"Red de drenaje ≥ 2 km²"},"geometry":{"type":"LineString","coordinates":[[-59.465754871511287,-34.312559037332214],[-59.465430672480288,-34.312287181606564],[-59.46543238660405,-34.312016747796555],[-59.465108190684987,-34.311744891222737],[-59.464783996855772,-34.311473033798492],[-59.464459805116348,-34.311201175523877],[-59.464135615466674,-34.310929316398877],[-59.463811427906748,-34.310657456423534],[-59.463487242436535,-34.310385595597879],[-59.463163059055987,-34.310113733921924],[-59.462838877765108,-34.309841871395705],[-59.46251469856383,-34.30957000801925],[-59.462190521452165,-34.309298143792589],[-59.461866346430078,-34.309026278715734],[-59.461542173497499,-34.308754412788737],[-59.461218002654448,-34.308482546011582],[-59.460892105470649,-34.308481112161324]]}},
{"type":"Feature","properties":{"length_m":1349.1168824543142,"Name":"Red de drenaje ≥ 2 km²"},"geometry":{"type":"LineString","coordinates":[[-59.46314955419728,-34.414503149453417],[-59.462824975301345,-34.414231287723695],[-59.46250039850581,-34.413959425140362],[-59.462175823810647,-34.413687561703476],[-59.461849519051945,-34.413686126576515],[-59.461524947530364,-34.413414261430141],[-59.461198643868009,-34.413412824576923],[-59.460874075520032,-34.413140957721176],[-59.460547772954065,-34.413139519141701],[-59.460221470411227,-34.413138079691883],[-59.459896906310085,-34.41286621027097],[-59.459570604863728,-34.412864769094959],[-59.459244303440528,-34.412863327048591],[-59.458919743586272,-34.412591455062618],[-59.458593443259616,-34.412590011290135],[-59.458267142956174,-34.412588566647287],[-59.457940842675967,-34.412587121134116],[-59.457614542419016,-34.412585674750616],[-59.457288242185328,-34.412584227496801],[-59.456960194128492,-34.412853208354591],[-59.456633892891247,-34.412851759345529],[-59.456307591677344,-34.412850309466116],[-59.45598129048674,-34.412848858716366],[-59.455654989319477,-34.412847407096272],[-59.455328688175548,-34.412845954605849],[-59.455002387055004,-34.412844501245104],[-59.454676085957828,-34.412843047013993],[-59.454351541131437,-34.41257116304751],[-59.454025241131177,-34.412569707090377],[-59.453698941154329,-34.41256825026295],[-59.453372641200936,-34.412566792565165],[-59.453044580823132,-34.412835762803432],[-59.452718279866495,-34.412834303350316],[-59.452391978933377,-34.41283284302687],[-59.452065678023729,-34.41283138183308],[-59.451739377137578,-34.412829919768939],[-59.45141307627496,-34.412828456834468],[-59.451086775435854,-34.412826993029682],[-59.450760474620317,-34.412825528354539],[-59.450435942677075,-34.412553634120457],[-59.450111412834048,-34.412281739033467]]}},
{"type":"Feature","properties":{"length_m":1875.8073580374344,"Name":"Red de drenaje ≥ 2 km²"},"geometry":{"type":"LineString","coordinates":[[-59.462516835331343,-34.462367490168639],[-59.462518568497231,-34.462097063132248],[-59.462193809682567,-34.461825200128359],[-59.461869052973249,-34.461553336269397],[-59.461870788175133,-34.461282909225709],[-59.461546034600616,-34.461011044514052],[-59.461221283131344,-34.46073917894735],[-59.46122302036909,-34.460468751896421],[-59.460898272034463,-34.460196885477131],[-59.460573525805017,-34.45992501820286],[-59.460575265078418,-34.459654591144691],[-59.460577004328641,-34.459384164074464],[-59.460578743555693,-34.459113736992173],[-59.460254002519434,-34.458841868870266],[-59.460255742752636,-34.458571441778354],[-59.460257482962639,-34.458301014674369],[-59.460259223149457,-34.458030587558319],[-59.460260963313068,-34.457760160430219],[-59.460262703453502,-34.457489733290053],[-59.460264443570743,-34.45721930613783],[-59.460266183664821,-34.456948878973535],[-59.460267923735678,-34.456678451797188],[-59.46026966378335,-34.456408024608784],[-59.460271403807845,-34.456137597408301],[-59.46027314380914,-34.455867170195773],[-59.460274883787264,-34.455596742971174],[-59.459950157206713,-34.455324874023624],[-59.459625432730824,-34.455053004221327],[-59.459300710359543,-34.454781133564296],[-59.458975990092867,-34.454509262052547],[-59.458651271930769,-34.454237389686092],[-59.458326555873214,-34.453965516464997],[-59.458328302002528,-34.453695089243105],[-59.458003589078444,-34.453423215169856],[-59.457678878258811,-34.453151340242002],[-59.457680626422729,-34.452880913013054],[-59.457682374563348,-34.452610485772027],[-59.457684122680682,-34.452340058518942],[-59.457685870774711,-34.452069631253806],[-59.457687618845441,-34.451799203976591],[-59.457689366892886,-34.451528776687326],[-59.45769111491704,-34.451258349386002],[-59.457366413403811,-34.450986473621136],[-59.457041713994791,-34.450714597001785],[-59.457043464053221,-34.450444169693434],[-59.457045214088325,-34.450173742372996],[-59.45672051884096,-34.449901864904241],[-59.456395825697683,-34.449629986581058],[-59.456071134658465,-34.449358107403484],[-59.455746445723278,-34.449086227371552],[-59.455421758892093,-34.448814346485278],[-59.455749953952854,-34.448545372714811],[-59.455751708032572,-34.448274945368368],[-59.455753462088929,-34.448004518009846]]}},
{"type":"Feature","properties":{"length_m":1912.2034611053264,"Name":"Red de drenaje ≥ 2 km²"},"geometry":{"type":"LineString","coordinates":[[-59.450024937460434,-34.475292766707128],[-59.450026711762803,-34.47502234080487],[-59.450355027678185,-34.474753383816108],[-59.45035680087998,-34.474482957874962],[-59.450358574058122,-34.474212531921751],[-59.450360347212609,-34.473942105956475],[-59.450688657790593,-34.473673147973265],[-59.45069042984457,-34.473402721969094],[-59.450692201874951,-34.473132295952858],[-59.450693973881705,-34.472861869924529],[-59.450695745864849,-34.472591443884163],[-59.451024050028884,-34.472322484879797],[-59.451352352086545,-34.472053524961609],[-59.451680652037801,-34.471784564129607],[-59.452008949882696,-34.47151560238386],[-59.45233724562128,-34.471246639724349],[-59.452665539253566,-34.470977676151115],[-59.452993830779576,-34.470708711664209],[-59.453322120199367,-34.470439746263608],[-59.453650407512932,-34.47017077994937],[-59.453978692720305,-34.469901812721531],[-59.454306975821495,-34.469632844580104],[-59.45463525681658,-34.469363875525097],[-59.454963535705566,-34.46909490555656],[-59.455291812488468,-34.468825934674527],[-59.455620087165315,-34.468556962878999],[-59.455948359736155,-34.468287990170019],[-59.456276630200968,-34.468019016547608],[-59.456604898559839,-34.467750042011787],[-59.456933164812767,-34.467481066562598],[-59.457261428959768,-34.46721209020005],[-59.457589691000898,-34.466943112924191],[-59.457917950936178,-34.466674134735023],[-59.458246208765608,-34.466405155632579],[-59.458574464489253,-34.466136175616903],[-59.458902718107112,-34.465867194688002],[-59.45923096961922,-34.465598212845904],[-59.459559219025621,-34.465329230090646],[-59.459887466326315,-34.46506024642224],[-59.460215711521343,-34.46479126184073],[-59.460543954610756,-34.464522276346152],[-59.46087219559454,-34.46425328993849],[-59.46120043447273,-34.463984302617803],[-59.461528671245382,-34.463715314384103],[-59.461856905912491,-34.463446325237435],[-59.462185138474119,-34.463177335177797],[-59.46251336893026,-34.462908344205232],[-59.462515102142355,-34.462637917192957],[-59.462516835331343,-34.462367490168639]]}},
{"type":"Feature","properties":{"length_m":2585.5129855222053,"Name":"Red de drenaje ≥ 2 km²"},"geometry":{"type":"LineString","coordinates":[[-59.459931910917348,-34.35661525720338],[-59.459607563295698,-34.356343386583553],[-59.459283217768473,-34.356071515112163],[-59.458957136610131,-34.356070074374514],[-59.458632794247634,-34.355798201197594],[-59.45830671418279,-34.355796758737476],[-59.457980634141151,-34.355795315408862],[-59.457654554122705,-34.355793871211752],[-59.457328474127458,-34.355792426146145],[-59.457004138140853,-34.355520548701982],[-59.456678059239266,-34.355519101913956],[-59.456351980360921,-34.355517654257461],[-59.456025901505868,-34.355516205732492],[-59.455701570824864,-34.355244324875244],[-59.45537724223815,-34.354972443166702],[-59.455051165547275,-34.354970992065503],[-59.454725088879748,-34.354969540095844],[-59.454400764528209,-34.354697655828318],[-59.454076442270903,-34.354425770709582],[-59.453752122107808,-34.354153884739659],[-59.45342604867507,-34.354152429340125],[-59.453101731676618,-34.353880541665255],[-59.452775659337746,-34.353879084543493],[-59.45245134550396,-34.353607195163768],[-59.452125274259011,-34.353605736319864],[-59.451799203037531,-34.353604276607548],[-59.451473131839499,-34.353602816026822],[-59.451147060664972,-34.35360135457767],[-59.45082275320739,-34.353329460932024],[-59.450496683126907,-34.353327997760779],[-59.450170613069929,-34.353326533721123],[-59.449846309847572,-34.353054637517161],[-59.449520240884716,-34.353053171755448],[-59.449194171945429,-34.353051705125353],[-59.44886810302971,-34.353050237626839],[-59.448542034137581,-34.353048769259921],[-59.448215965269064,-34.353047300024613],[-59.447891669493849,-34.352775398701709],[-59.447565601719596,-34.352773927744408],[-59.447239533968975,-34.352772455918739],[-59.446913466242037,-34.352770983224673],[-59.446587398538774,-34.35276950966221],[-59.446261330859187,-34.352768035231364],[-59.445935263203303,-34.352766559932128],[-59.44560919557113,-34.35276508376451],[-59.445284909384789,-34.352493175616004],[-59.444958842847107,-34.352491697726492],[-59.444632776333172,-34.352490218968597],[-59.444306709842998,-34.35248873934232],[-59.443980643376626,-34.352487258847688],[-59.443656363567356,-34.352215346434626],[-59.443330298195583,-34.35221386421815],[-59.443004232847635,-34.352212381133299],[-59.442678167523511,-34.352210897180086],[-59.442350311402002,-34.35247984334876],[-59.442024245078628,-34.352478357643847],[-59.44169638583999,-34.352747302018834],[-59.4413703185174,-34.352745814562169],[-59.44104425121872,-34.352744326237136],[-59.441042456161654,-34.35301475714337],[-59.441040661080677,-34.353285188037567],[-59.441038865975756,-34.353555618919714],[-59.440712795559911,-34.353554129681278],[-59.44038492794504,-34.353823070414535],[-59.440057058236057,-34.354092010237288],[-59.43972918643292,-34.354360949149502],[-59.439401312535608,-34.354629887151184],[-59.439073436544071,-34.354898824242298],[-59.438745558458308,-34.355167760422781],[-59.438417678278263,-34.355436695692646],[-59.43808979600395,-34.355705630051858],[-59.43776191163532,-34.355974563500389],[-59.437435832035497,-34.355973065442065],[-59.437109752459776,-34.355971566515237],[-59.436783672908142,-34.355970066719948],[-59.436457593380609,-34.35596856605617]]}},
{"type":"Feature","properties":{"length_m":414.85281374238571,"Name":"Red de drenaje ≥ 2 km²"},"geometry":{"type":"LineString","coordinates":[[-59.458728034349022,-34.442338580404126],[-59.458401618425199,-34.442337135032716],[-59.458073456320726,-34.442606116503917],[-59.457747039391784,-34.442604669375363],[-59.457420622486104,-34.442603221375514],[-59.457094205603738,-34.442601772504347],[-59.456767788744678,-34.442600322761884],[-59.456441371908966,-34.442598872148118],[-59.456114955096581,-34.442597420663049],[-59.455788538307559,-34.442595968306676],[-59.455462121541892,-34.442594515079008],[-59.455135704799623,-34.44259306098003],[-59.454811044801247,-34.442321178441851],[-59.454484629157442,-34.442319722614911]]}},
{"type":"Feature","properties":{"length_m":704.55844122715712,"Name":"Red de drenaje ≥ 2 km²"},"geometry":{"type":"LineString","coordinates":[[-59.455753462088929,-34.448004518009846],[-59.455755216121908,-34.447734090639273],[-59.455430534433603,-34.447462209765796],[-59.455432289471744,-34.447191782385708],[-59.455434044486488,-34.44692135499357],[-59.455435799477847,-34.446650927589367],[-59.455437554445822,-34.446380500173099],[-59.455112878975292,-34.446108618455639],[-59.455114634948337,-34.445838191029871],[-59.45511639089797,-34.445567763592074],[-59.455118146824212,-34.445297336142183],[-59.455119902727041,-34.445026908680248],[-59.455448083762519,-34.444757935422224],[-59.455449838566793,-34.444487507921544],[-59.455451593347682,-34.444217080408791],[-59.455453348105188,-34.44394665288398],[-59.455455102839288,-34.443676225347112],[-59.455456857550018,-34.443405797798178],[-59.455458612237358,-34.443135370237194],[-59.45513394910737,-34.442863488550536],[-59.454809288080739,-34.442591606009749],[-59.454484629157442,-34.442319722614911]]}},
{"type":"Feature","properties":{"length_m":1106.1017305526643,"Name":"Red de drenaje ≥ 2 km²"},"geometry":{"type":"LineString","coordinates":[[-59.44657753779245,-34.45337202665381],[-59.446903995999349,-34.453373504000879],[-59.447232236088084,-34.453104553730014],[-59.447560474072439,-34.452835602545747],[-59.447886930246142,-34.452837077248212],[-59.448213386443562,-34.45283855107904],[-59.448541620266596,-34.452569597208502],[-59.448869851985258,-34.452300642424646],[-59.449198081599597,-34.452031686727516],[-59.449526309109636,-34.451762730117146],[-59.449854534515403,-34.451493772593516],[-59.450182757816918,-34.451224814156703],[-59.450510979014247,-34.450955854806708],[-59.450839198107353,-34.450686894543573],[-59.451165646100506,-34.450688360411746],[-59.451493862060957,-34.45041939834919],[-59.451822075917278,-34.450150435373544],[-59.452150287669497,-34.449881471484836],[-59.452478497317614,-34.449612506683117],[-59.452804941220272,-34.449613968134685],[-59.453131385146449,-34.449615428714722],[-59.453457829096102,-34.449616888423229],[-59.453786033554586,-34.449347920049881],[-59.454112476499169,-34.449349378000662],[-59.454438919467172,-34.44935083507994],[-59.454767119764497,-34.449081864021295],[-59.45509531795782,-34.448812892049816],[-59.455423514047162,-34.448543919165495],[-59.455425269178861,-34.448273491833653],[-59.455753462088929,-34.448004518009846]]}},
{"type":"Feature","properties":{"length_m":187.27922061357856,"Name":"Red de drenaje ≥ 2 km²"},"geometry":{"type":"LineString","coordinates":[[-59.454693070018244,-34.309535438165845],[-59.454694818391559,-34.309265004713254],[-59.45502246557475,-34.308996021600429],[-59.455350110668434,-34.308727037579345],[-59.455677753672589,-34.308458052650032],[-59.456003650486117,-34.308459500371718]]}},
{"type":"Feature","properties":{"length_m":4467.7164466275308,"Name":"Red de drenaje ≥ 2 km²"},"geometry":{"type":"LineString","coordinates":[[-59.454484629157442,-34.442319722614911],[-59.454158213537056,-34.442318265916697],[-59.453833557792123,-34.442046380811185],[-59.453507143270279,-34.442044922385037],[-59.453508904150482,-34.44177449485165],[-59.453184252612068,-34.441502608038135],[-59.45285960317689,-34.441230720370662],[-59.452534955844861,-34.440958831849251],[-59.45221031061601,-34.440686942473953],[-59.451885667490281,-34.440415052244759],[-59.451561026467651,-34.440143161161728],[-59.451236387548086,-34.439871269224874],[-59.451238155601175,-34.439600841697938],[-59.450913519812595,-34.439328948909939],[-59.450915288870036,-34.43905852137361],[-59.450590656212341,-34.438786627734565],[-59.450592426274099,-34.438516200188872],[-59.450267796747184,-34.438244305698781],[-59.449943169323134,-34.437972410354988],[-59.449618544001943,-34.437700514157548],[-59.449620317123532,-34.437430086607911],[-59.44962209022151,-34.437159659046195],[-59.449297469058621,-34.436887762000538],[-59.448972849998462,-34.436615864101306],[-59.448648233040998,-34.436343965348499],[-59.448323618186222,-34.436072065742117],[-59.447999005434056,-34.435800165282238],[-59.447674394784535,-34.43552826396887],[-59.448002561835793,-34.435259310150037],[-59.448004340001106,-34.434988882565861],[-59.448006118142715,-34.434718454969612],[-59.447681511603477,-34.434446553667314],[-59.44768329074892,-34.434176126061757],[-59.447358687339651,-34.433904223908783],[-59.447360467488878,-34.433633796293947],[-59.447035867209493,-34.433361893290368],[-59.446711269032463,-34.433089989433419],[-59.446386672957765,-34.432818084723131],[-59.446060294726429,-34.432816606763183],[-59.445735701828951,-34.432544700343485],[-59.445411111033749,-34.432272793070524],[-59.445086522340802,-34.432000884944323],[-59.444761935750066,-34.431728975964901],[-59.444437351261506,-34.431457066132296],[-59.444112768875115,-34.431185155446535],[-59.443788188590872,-34.430913243907639],[-59.44346361040872,-34.430641331515623],[-59.443139034328631,-34.43036941827053],[-59.442814460350597,-34.43009750417238],[-59.442489888474576,-34.429825589221196],[-59.442165318700553,-34.429553673417026],[-59.442167115285855,-34.429283245847756],[-59.442168911847233,-34.429012818266401],[-59.442170708384651,-34.428742390673008],[-59.442172504898124,-34.428471963067558],[-59.442174301387674,-34.428201535450029],[-59.442176097853256,-34.427931107820434],[-59.441851536343087,-34.427659191180808],[-59.441853333811672,-34.427388763542091],[-59.441528775430179,-34.427116846052478],[-59.441530573901701,-34.426846418404608],[-59.441532372349258,-34.426575990744702],[-59.441534170772847,-34.426305563072717],[-59.441209617573598,-34.426033644739071],[-59.441211417000055,-34.425763217057956],[-59.441213216402517,-34.42549278936481],[-59.441215015781019,-34.42522236165955],[-59.440890467763708,-34.424950442481922],[-59.440892268144964,-34.424680014767588],[-59.440567723255867,-34.42440809474013],[-59.440569524639848,-34.424137667016687],[-59.440244982878852,-34.423865746139484],[-59.440246785265501,-34.423595318406925],[-59.439922246632513,-34.423323396680011],[-59.439924050021766,-34.423052968938357],[-59.439599514516701,-34.42278104636177],[-59.439601318908501,-34.422510618611035],[-59.439603123276278,-34.42224019084825],[-59.439278591925564,-34.421968267425008],[-59.438952256255185,-34.421966770905982],[-59.438627728080284,-34.421694845774617],[-59.43830320200653,-34.421422919790707],[-59.438305010480306,-34.42115249203993],[-59.438306818929995,-34.420882064277095],[-59.438308627355575,-34.420611636502187],[-59.437984106462181,-34.420339709674842],[-59.43798591589006,-34.420069281890889],[-59.437987725293823,-34.419798854094878],[-59.438315860816893,-34.419529925281957],[-59.438317669121979,-34.419259497446738],[-59.437993153360416,-34.418987570634499],[-59.43766863969973,-34.418715642969843],[-59.437344128139856,-34.418443714452827],[-59.437345939499721,-34.418173286614646],[-59.437021431066896,-34.417901357248311],[-59.436696924734818,-34.417629427029624],[-59.43637242050346,-34.417357495958662],[-59.436047918372786,-34.417085564035432],[-59.435723418342761,-34.416813631259942],[-59.435398920413377,-34.416541697632233],[-59.435074424584592,-34.41626976315235],[-59.434748111287391,-34.416268255633817],[-59.434423618633716,-34.415996319446506],[-59.434425439228733,-34.415725891636065],[-59.434099128080575,-34.415724382407049],[-59.434100949701588,-34.415453954599741],[-59.434102771298328,-34.415183526780382],[-59.434104592870789,-34.414913098948951],[-59.43410641441897,-34.414642671105447],[-59.434108235942887,-34.4143722432499],[-59.434110057442517,-34.414101815382288],[-59.43378557514545,-34.413829877509542],[-59.433787397646689,-34.413559449632992],[-59.433789220123643,-34.413289021744369],[-59.43379104257631,-34.413018593843702],[-59.433466565457088,-34.412746655128387],[-59.433142090438054,-34.412474715561089],[-59.433143914918006,-34.412204287654653],[-59.433145739373671,-34.411933859736152],[-59.433147563805001,-34.411663431805593],[-59.43314938821203,-34.411393003862962],[-59.433151212594737,-34.411122575908287],[-59.432826744804522,-34.410850635504829]]}},
{"type":"Feature","properties":{"length_m":362.13203435596427,"Name":"Red de drenaje ≥ 2 km²"},"geometry":{"type":"LineString","coordinates":[[-59.451639964760496,-34.478004361855355],[-59.45131518071328,-34.477732470401754],[-59.450990398773051,-34.477460578093115],[-59.450665618939759,-34.47718868492948],[-59.450340841213354,-34.476916790910877],[-59.450016065593879,-34.476644896037328],[-59.450017840014475,-34.476374470195417],[-59.450019614411424,-34.476104044341433],[-59.450021388784741,-34.475833618475392],[-59.450023163134411,-34.475563192597306],[-59.450024937460434,-34.475292766707128]]}},
{"type":"Feature","properties":{"length_m":874.26406871192853,"Name":"Red de drenaje ≥ 2 km²"},"geometry":{"type":"LineString","coordinates":[[-59.451372458716094,-34.419048314362264],[-59.451374224955813,-34.418777885906742],[-59.451375991171986,-34.418507457439141],[-59.451377757364639,-34.418237028959489],[-59.451053202739821,-34.417965136383081],[-59.450728650215801,-34.417693242953547],[-59.450404099792507,-34.417421348670999],[-59.45007955146994,-34.417149453535394],[-59.450081321746239,-34.416879025054428],[-59.450083091998955,-34.416608596561439],[-59.449758547830506,-34.416336700578256],[-59.449760319086344,-34.416066272075895],[-59.449435778045185,-34.41579437524247],[-59.449437550304054,-34.415523946730765],[-59.449439322539313,-34.415253518207038],[-59.449441094750959,-34.414983089671225],[-59.449116558890196,-34.41471119199305],[-59.44911833210481,-34.414440763447914],[-59.449120105295783,-34.414170334890706],[-59.449121878463139,-34.413899906321461],[-59.449123651606847,-34.413629477740145],[-59.449451727524817,-34.413360518203149],[-59.449453499571156,-34.41309008958293],[-59.449455271593848,-34.412819660950674],[-59.449783343264045,-34.412550700448037],[-59.450111412834048,-34.412281739033467]]}},
{"type":"Feature","properties":{"length_m":174.85281374238571,"Name":"Red de drenaje ≥ 2 km²"},"geometry":{"type":"LineString","coordinates":[[-59.449362967644198,-34.476641955362233],[-59.449364744171625,-34.476371529549901],[-59.449693067531584,-34.47610257446965],[-59.449694842958287,-34.475832148618395],[-59.44969661836133,-34.475561722755067],[-59.450024937460434,-34.475292766707128]]}},
{"type":"Feature","properties":{"length_m":464.55844122715712,"Name":"Red de drenaje ≥ 2 km²"},"geometry":{"type":"LineString","coordinates":[[-59.450111412834048,-34.412281739033467],[-59.449786885091207,-34.412009843093635],[-59.449788655969385,-34.411739414398369],[-59.449790426823967,-34.411468985691037],[-59.449465903234163,-34.41119708890384],[-59.449141381744425,-34.410925191263843],[-59.448815088420936,-34.410923721470247],[-59.448490570104902,-34.410651822122034],[-59.44816427787871,-34.410650350602715],[-59.447839762736372,-34.410378449546336],[-59.447513471607529,-34.410376976301315],[-59.447187180502397,-34.410375502186049],[-59.446860889420954,-34.410374027200511],[-59.446536379599671,-34.410102122725256]]}},
{"type":"Feature","properties":{"length_m":632.13203435596427,"Name":"Red de drenaje ≥ 2 km²"},"geometry":{"type":"LineString","coordinates":[[-59.44885056260577,-34.405515145196361],[-59.448848789121094,-34.405785574124572],[-59.44884701561277,-34.40605600304076],[-59.448845242080814,-34.406326431944898],[-59.448843468525219,-34.406596860836949],[-59.448515417394852,-34.406865819275104],[-59.448513642742164,-34.407136248128268],[-59.448511868065829,-34.407406676969345],[-59.448510093365847,-34.407677105798399],[-59.448508318642212,-34.40794753461536],[-59.448506543894915,-34.408217963420292],[-59.448504769123979,-34.408488392213165],[-59.448502994329374,-34.408758820993967],[-59.448174933584724,-34.409027778332266],[-59.448173157692899,-34.409298207074144],[-59.447845093774781,-34.409567163473653],[-59.447517027756774,-34.409836118961245],[-59.447188959638844,-34.410105073536869],[-59.446862669607405,-34.410103598566181],[-59.446536379599671,-34.410102122725256]]}},
{"type":"Feature","properties":{"length_m":2746.1731573020247,"Name":"Red de drenaje ≥ 2 km²"},"geometry":{"type":"LineString","coordinates":[[-59.44773226315418,-34.327353340741112],[-59.447408066678712,-34.327081437974613],[-59.447083872294634,-34.326809534358127],[-59.447085646210461,-34.326539102014905],[-59.446761454939747,-34.326267197551282],[-59.446437265760302,-34.325995292237771],[-59.446439041696472,-34.325724859888076],[-59.446114855630256,-34.325452953727492],[-59.445790671655239,-34.325181046717056],[-59.445466489771405,-34.324909138856817],[-59.445468268749579,-34.324638706503528],[-59.445144089978747,-34.32436679779633],[-59.445145869955056,-34.324096365433839],[-59.445147649907639,-34.323825933059297],[-59.444823475271477,-34.323554023508038],[-59.444499302726349,-34.323282113107055],[-59.444175132272186,-34.323010201856384],[-59.44417691526629,-34.322739769478346],[-59.443852747924765,-34.3224678573809],[-59.443528582674141,-34.322195944433837],[-59.443204419514402,-34.321924030637156],[-59.442880258445491,-34.321652115990929],[-59.442882045502365,-34.321381683612351],[-59.442557887545831,-34.321109768119484],[-59.442233731680069,-34.320837851777092],[-59.441909577905015,-34.320565934585218],[-59.441585426220676,-34.320294016543905],[-59.441261276627003,-34.320022097653151],[-59.441263068767547,-34.319751665277117],[-59.440938922285923,-34.319479745539908],[-59.440940715423977,-34.319209313154765],[-59.440616572054324,-34.318937392571158],[-59.440618366189838,-34.318666960176927],[-59.440294225932021,-34.318395038746914],[-59.440296021064945,-34.318124606343616],[-59.439971883918908,-34.317852684067283],[-59.439973680049178,-34.317582251654912],[-59.439649546014792,-34.317310328532287],[-59.439325414070787,-34.317038404560428],[-59.439001284217099,-34.316766479739371],[-59.438677156453714,-34.316494554069138],[-59.438353030780597,-34.316222627549756],[-59.438354831992825,-34.315952195140312],[-59.438030709431054,-34.315680267774816],[-59.437706588959472,-34.315408339560243],[-59.437382470578072,-34.315136410496592],[-59.437058354286783,-34.314864480583914],[-59.436734240085627,-34.314592549822223],[-59.436410127974511,-34.314320618211546],[-59.436086017953457,-34.314048685751899],[-59.435761910022428,-34.313776752443324],[-59.435437804181383,-34.31350481828585],[-59.435113700430307,-34.313232883279483],[-59.434789598769164,-34.312960947424273],[-59.434791411187739,-34.312690515036493],[-59.43446731263726,-34.312418578335553],[-59.434143216176651,-34.312146640785841],[-59.433819121805861,-34.311874702387342],[-59.433820937262468,-34.31160426999687],[-59.433496846002129,-34.311332330752784],[-59.433172756831539,-34.311060390659982],[-59.433174574305248,-34.310789958263769],[-59.432850488244966,-34.31051801732545],[-59.432852306715048,-34.31024758492034],[-59.432528223764997,-34.309975643136546],[-59.432204142904531,-34.309703700504116],[-59.431880064133615,-34.309431757023141],[-59.431555987452278,-34.309159812693579],[-59.431231912860426,-34.308887867515502],[-59.431233736408743,-34.308617435114265],[-59.430909664926787,-34.308345489090897]]}},
{"type":"Feature","properties":{"length_m":1322.1320343559637,"Name":"Red de drenaje ≥ 2 km²"},"geometry":{"type":"LineString","coordinates":[[-59.446536379599671,-34.410102122725256],[-59.446210089615697,-34.410100646014072],[-59.445883799655462,-34.410099168432652],[-59.445557509718981,-34.410097689980994],[-59.445231219806317,-34.410096210659084],[-59.444904929917413,-34.410094730466938],[-59.444578640052335,-34.41009324940454],[-59.444252350211066,-34.410091767471897],[-59.443926060393636,-34.41009028466901],[-59.443599770600066,-34.410088800995908],[-59.443273480830364,-34.41008731645254],[-59.442947191084521,-34.41008583103892],[-59.442620901362602,-34.410084344755063],[-59.442294611664565,-34.410082857600976],[-59.441968321990451,-34.410081369576645],[-59.441642032340269,-34.410079880682062],[-59.441315742714032,-34.410078390917249],[-59.440989453111776,-34.410076900282192],[-59.440663163533479,-34.410075408776876],[-59.440336873979184,-34.410073916401338],[-59.440010584448885,-34.410072423155547],[-59.439684294942609,-34.410070929039527],[-59.439358005460363,-34.410069434053263],[-59.439031716002162,-34.410067938196761],[-59.438705426568028,-34.410066441470022],[-59.438380944619766,-34.409794515615694],[-59.438054656283754,-34.409793017163565],[-59.437728367971836,-34.409791517841185],[-59.437402079684041,-34.409790017648582],[-59.437075791420362,-34.409788516585756],[-59.436749503180849,-34.4097870146527],[-59.43642321496548,-34.409785511849407],[-59.436096926774297,-34.409784008175876],[-59.435770638607273,-34.409782503632137],[-59.435444350464472,-34.409780998218153],[-59.435118062345886,-34.409779491933961],[-59.434791774251501,-34.40977798477951],[-59.43446366612006,-34.410046904830637],[-59.434135555888687,-34.410315823969093],[-59.433809265767181,-34.410314314173597],[-59.433481152410145,-34.410583231513925],[-59.433153036953129,-34.410852147941533],[-59.432826744804522,-34.410850635504829]]}},
{"type":"Feature","properties":{"length_m":978.82250993908565,"Name":"Red de drenaje ≥ 2 km²"},"geometry":{"type":"LineString","coordinates":[[-59.443923492047212,-34.361141046563759],[-59.443925278395255,-34.360870615884416],[-59.443927064719453,-34.360600185193022],[-59.443602754208506,-34.360328272693785],[-59.443276657420988,-34.360326790029383],[-59.442952350076069,-34.360054875825618],[-59.442626254383605,-34.360053391438903],[-59.442301950204715,-34.35978147553071],[-59.441977648120556,-34.359509558771776],[-59.441653348131126,-34.359237641162132],[-59.441655141643864,-34.358967210503074],[-59.441330844772523,-34.358695292045681],[-59.441006549995819,-34.358423372737633],[-59.440680460730825,-34.358421883229191],[-59.440356169119966,-34.358149962216949],[-59.440031879603666,-34.357878040354144],[-59.439705792505102,-34.357876548270042],[-59.439381506154618,-34.357604624703171],[-59.439057221898651,-34.357332700285781],[-59.438732939737157,-34.357060775017885],[-59.438406855876387,-34.357059279504782],[-59.438082576880603,-34.356787352532997],[-59.437756494115149,-34.356785855297922],[-59.437432218285082,-34.356513926622291],[-59.437107944549425,-34.356241997096291],[-59.436781863950621,-34.356240497285896],[-59.436457593380609,-34.35596856605617]]}},
{"type":"Feature","properties":{"length_m":484.26406871192853,"Name":"Red de drenaje ≥ 2 km²"},"geometry":{"type":"LineString","coordinates":[[-59.441293154490118,-34.364374333293462],[-59.441621060813951,-34.364105390964355],[-59.44129674449534,-34.363833472451219],[-59.441298539462061,-34.363563042012025],[-59.441626442571398,-34.363294099601816],[-59.441954343585635,-34.36302515628087],[-59.442282242504795,-34.362756212049206],[-59.442610139328913,-34.362487266906847],[-59.442938034057995,-34.362218320853842],[-59.443265926692085,-34.361949373890184],[-59.443593817231196,-34.361680426015923],[-59.443595604674314,-34.361409995375581],[-59.443923492047212,-34.361141046563759]]}},
{"type":"Feature","properties":{"length_m":6159.2597359530355,"Name":"Red de drenaje ≥ 2 km²"},"geometry":{"type":"LineString","coordinates":[[-59.436457593380609,-34.35596856605617],[-59.436131513877207,-34.355967064523895],[-59.435805434397942,-34.355965562123139],[-59.435481168064896,-34.355693628336397],[-59.435155089681118,-34.355692124213839],[-59.434829011321504,-34.355690619222777],[-59.434502932986092,-34.355689113363226],[-59.434176854674895,-34.3556876066352],[-59.433852594721543,-34.355415668585017],[-59.433528336862494,-34.355143729684677],[-59.433204081097699,-34.354871789934229],[-59.432879827427115,-34.354599849333695],[-59.432555575850756,-34.354327907883082],[-59.43223132636853,-34.354055965582447],[-59.431907078980451,-34.353784022431782],[-59.431908903426752,-34.353513591985006],[-59.431584659155511,-34.353241647987559],[-59.431260416978326,-34.352969703140154],[-59.430936176895166,-34.352697757442826],[-59.43061193890599,-34.352425810895596],[-59.430287703010784,-34.352153863498515],[-59.429963469209532,-34.35188191525156],[-59.429639237502172,-34.351609966154804],[-59.429315007888711,-34.351338016208253],[-59.429316840491545,-34.351067585775191],[-59.428992613994417,-34.350795634982155],[-59.428668389591088,-34.35052368333934],[-59.428344167281523,-34.350251730846843],[-59.4280199470657,-34.349979777504664],[-59.427695728943583,-34.349707823312826],[-59.427371512915158,-34.349435868271378],[-59.427047298980391,-34.349163912380313],[-59.426723087139244,-34.348891955639672],[-59.426398877391684,-34.348619998049472],[-59.426074669737723,-34.348348039609768],[-59.426076512539552,-34.348077609197652],[-59.426078355316832,-34.347807178773479],[-59.426080198069542,-34.347536748337248],[-59.426082040797695,-34.347266317888987],[-59.425757839325932,-34.346994358613166],[-59.425431795175136,-34.346992828929494],[-59.425433639947563,-34.34672239848792],[-59.425435484695413,-34.346451968034295],[-59.425111288432497,-34.346180007062998],[-59.424787094262889,-34.345908045242318],[-59.42446290218659,-34.34563608257227],[-59.424464749975925,-34.345365652116719],[-59.424140561014859,-34.345093688600763],[-59.423816374146988,-34.344821724235516],[-59.423492189372311,-34.344549759021007],[-59.423494040202854,-34.344279328563594],[-59.423495891008727,-34.344008898094131],[-59.423497741789944,-34.343738467612596],[-59.423173562174014,-34.343466501559085],[-59.422849384651094,-34.343194534656391],[-59.422525209221178,-34.342922566904562],[-59.422527063043169,-34.342652136421243],[-59.422202890728002,-34.34238016782372],[-59.422204745547035,-34.342109737331775],[-59.421880576346503,-34.341837767888613],[-59.421882432162505,-34.341567337388078],[-59.421558266076509,-34.341295367099299],[-59.421234102083325,-34.341023395961486],[-59.421235959917894,-34.340752965455827],[-59.420911799039096,-34.34048099347249],[-59.4209136578705,-34.340210562958255],[-59.420589500105969,-34.339938590129449],[-59.420591359934164,-34.339668159606646],[-59.420593219737562,-34.339397729071784],[-59.42026906610873,-34.339125755401035],[-59.419944914572504,-34.338853780881365],[-59.419618902260986,-34.338852236037205],[-59.419294753888394,-34.338580259816347],[-59.418970607608337,-34.338308282746674],[-59.418644597463867,-34.338306735329915],[-59.418320454347409,-34.338034756559132],[-59.417994445298937,-34.338033207422164],[-59.417670305346078,-34.337761226950363],[-59.417344297393633,-34.337759676093242],[-59.417020160604324,-34.337487693920458],[-59.416696025907441,-34.337215710899031],[-59.41637002012223,-34.337214157469525],[-59.416045888588876,-34.336942172747271],[-59.415719883899783,-34.336940617597691],[-59.415393879235701,-34.336939061580246],[-59.415067874596616,-34.336937504694966],[-59.414743748369133,-34.336665516567571],[-59.414417744826267,-34.336663957962266],[-59.414093621762319,-34.336391968134215],[-59.413769500790636,-34.336119977457692],[-59.413771382240469,-34.335849547094433],[-59.413447264382107,-34.335577555573131],[-59.413123148615909,-34.335305563203434],[-59.412799034941926,-34.335033569985384],[-59.412474923360065,-34.334761575918947],[-59.412147040735725,-34.335030441681795],[-59.411821043670358,-34.335028876228307],[-59.411495046630137,-34.335027309907026],[-59.411169049615083,-34.335025742717953],[-59.410843052625225,-34.335024174661086],[-59.410517055660563,-34.335022605736413],[-59.410192951577386,-34.334750605705935],[-59.409866955709241,-34.334749035061492],[-59.40954095986632,-34.33474746354927],[-59.409214964048672,-34.334745891169241],[-59.408888968256299,-34.334744317921441],[-59.408562972489193,-34.33474274380584],[-59.408238875854721,-34.334470738667477],[-59.407912881184288,-34.334469162832185],[-59.407586886539178,-34.334467586129129],[-59.4072608919194,-34.334466008558287],[-59.40693489732498,-34.334464430119667],[-59.40660890275592,-34.334462850813274],[-59.406282908212233,-34.334461270639096],[-59.40595691369397,-34.334459689597146],[-59.405630919201108,-34.334458107687432],[-59.405304924733663,-34.334456524909932],[-59.404978930291641,-34.334454941264646],[-59.404652935875113,-34.334453356751588],[-59.404326941484022,-34.33445177137078],[-59.404000947118405,-34.334450185122172],[-59.403676866504775,-34.334178168061804],[-59.403352787983167,-34.333906150153624],[-59.403028711553588,-34.333634131397623],[-59.402702720428081,-34.333632541725976],[-59.402376729328132,-34.333630951186564],[-59.402052657133616,-34.333358929879353],[-59.401728587031066,-34.333086907724429],[-59.4014025980998,-34.333085314613875],[-59.401078531160721,-34.332813290759574],[-59.400752543326639,-34.332811695929642],[-59.400428479551053,-34.332539670376043],[-59.400104417867354,-34.332267643974838],[-59.399778432202048,-34.332266046573928],[-59.399452446562435,-34.332264448305331],[-59.399124532757547,-34.33253327897264],[-59.398798546123373,-34.332531678952527],[-59.398472559514921,-34.332530078064686],[-59.398146572932198,-34.33252847630915],[-59.397820586375232,-34.332526873685886],[-59.397494599844009,-34.332525270194928],[-59.397170547805061,-34.332253236129489],[-59.396844562371314,-34.332251630919281],[-59.396518576963359,-34.332250024841379],[-59.396194529159693,-34.331977988225475],[-59.395868544849286,-34.331976380428387],[-59.395542560564721,-34.331974771763591],[-59.395218516996344,-34.331702732597378],[-59.394894475519727,-34.331430692583886],[-59.394568493404556,-34.331429081348475],[-59.394570436134899,-34.331158651723094],[-59.394244455091453,-34.331157039636288],[-59.393920418870096,-34.330884997076843],[-59.393594438924339,-34.330883383270944],[-59.393270405866424,-34.330611339012933],[-59.392944427018406,-34.330609723487996],[-59.392618448196352,-34.330608107095429],[-59.392292469400267,-34.330606489835212],[-59.391966490630182,-34.330604871707351],[-59.39164246395115,-34.330332823196777],[-59.391316486278903,-34.330331203349949],[-59.39099050863269,-34.330329582635493],[-59.390664531012511,-34.330327961053392],[-59.390338553418395,-34.330326338603655],[-59.390014533118446,-34.330054285840866],[-59.389688556622303,-34.330052661672241],[-59.389362580152252,-34.330051036635986],[-59.389036603708334,-34.330049410732087],[-59.388710627290529,-34.330047783960588],[-59.388384650898878,-34.330046156321451],[-59.388058674533376,-34.330044527814685],[-59.38773269819405,-34.330042898440325],[-59.387406721880907,-34.3300412681983],[-59.387080745593948,-34.330039637088682]]}},
{"type":"Feature","properties":{"length_m":798.82250993908565,"Name":"Red de drenaje ≥ 2 km²"},"geometry":{"type":"LineString","coordinates":[[-59.432826744804522,-34.410850635504829],[-59.43250227911431,-34.410578694249523],[-59.432177815524064,-34.410306752142368],[-59.431851525548467,-34.410305237125399],[-59.431525235597228,-34.410303721238172],[-59.431200776255636,-34.410031776569234],[-59.430876319013983,-34.409759831048547],[-59.430550031235839,-34.409758312581161],[-59.430225577168422,-34.4094863653538],[-59.429901125200892,-34.409214417274754],[-59.429576675333173,-34.408942468344037],[-59.429252227565279,-34.408670518561685],[-59.428927781897158,-34.408398567927733],[-59.428603338328799,-34.408126616442189],[-59.428278896860142,-34.407854664105109],[-59.427954457491182,-34.407582710916479],[-59.427630020221876,-34.407310756876356],[-59.427305585052231,-34.407038801984754],[-59.426979308042277,-34.407037274098684],[-59.426654876046584,-34.406765317500884],[-59.426330446150473,-34.406493360051662]]}},
{"type":"Feature","properties":{"length_m":1125.8073580374357,"Name":"Red de drenaje ≥ 2 km²"},"geometry":{"type":"LineString","coordinates":[[-59.43129593307944,-34.395969508551758],[-59.430967868439652,-34.396238420256836],[-59.430641633141391,-34.396236902553468],[-59.43031356537827,-34.396505812461065],[-59.42998549551664,-34.396774721456218],[-59.429657423556463,-34.397043629538913],[-59.429331185208092,-34.397042108310465],[-59.429003110124512,-34.397311014595537],[-59.428675032942309,-34.397579919968067],[-59.428348792568784,-34.39757839609949],[-59.428020712263134,-34.397847299674304],[-59.427692629858861,-34.398116202336489],[-59.427364545355871,-34.398385104086039],[-59.427036458754181,-34.398654004922939],[-59.426708370053753,-34.398922904847161],[-59.426380279254552,-34.399191803858656],[-59.426378433903785,-34.399462232022607],[-59.426050339931777,-34.399731130093912],[-59.425722243860925,-34.40000002725246],[-59.425394145691193,-34.400268923498174],[-59.425066045422568,-34.40053781883109],[-59.424737943055007,-34.40080671325115],[-59.424409838588481,-34.401075606758312],[-59.424081732022977,-34.401344499352589],[-59.423753623358465,-34.401613391033941],[-59.423425512594896,-34.401882281802315],[-59.423097399732264,-34.402151171657714],[-59.422771141936984,-34.402149632738734],[-59.42244302595045,-34.402418520795649]]}},
{"type":"Feature","properties":{"length_m":8592.6406871192776,"Name":"Red de drenaje ≥ 2 km²"},"geometry":{"type":"LineString","coordinates":[[-59.429825254990426,-34.468439359927466],[-59.429500579142811,-34.468167411141401],[-59.429175905401138,-34.46789546150179],[-59.428851233765393,-34.467623511008682],[-59.4288530758474,-34.467353085747312],[-59.428528407345887,-34.467081134403983],[-59.428203740950238,-34.4668091822072],[-59.427879076660375,-34.466537229156998],[-59.427552568280959,-34.466535700501588],[-59.427227907174355,-34.466263745741301],[-59.426901399897034,-34.466262215357169],[-59.426576741973669,-34.465990258886862],[-59.426252086156019,-34.465718301563257],[-59.425927432444048,-34.465446343386361],[-59.425602780837735,-34.465174384356189],[-59.425278131337059,-34.464902424472811],[-59.424953483941977,-34.464630463736199],[-59.424628838652474,-34.464358502146432],[-59.424304195468508,-34.464086539703494],[-59.423979554390044,-34.463814576407437],[-59.423654915417075,-34.463542612258294],[-59.423330278549564,-34.463270647256046],[-59.423005643787477,-34.462998681400776],[-59.422681011130805,-34.462726714692465],[-59.42235638057948,-34.462454747131162],[-59.422358243248468,-34.46218432194901],[-59.422684734388262,-34.462185864309212],[-59.42301122555287,-34.462187405797508],[-59.423337716742267,-34.462188946413846],[-59.423664207956435,-34.462190486158278],[-59.423990699195379,-34.462192025030809],[-59.424319046787346,-34.461923137744236],[-59.424647392274011,-34.461654249542761],[-59.424975735655423,-34.461385360426398],[-59.42530407693161,-34.461116470395154],[-59.425632416102566,-34.460847579449108],[-59.425634268096836,-34.46057715403979],[-59.425636120066414,-34.460306728618399],[-59.425637972011316,-34.460036303184943],[-59.425966305845407,-34.459767411241593],[-59.425968156688413,-34.459496985768574],[-59.42597000750677,-34.459226560283476],[-59.425971858300443,-34.458956134786312],[-59.425973709069474,-34.458685709277084],[-59.425975559813836,-34.458415283755777],[-59.42597741053352,-34.458144858222397],[-59.425979261228555,-34.457874432676945],[-59.425981111898942,-34.457604007119421],[-59.425982962544644,-34.457333581549811],[-59.426311284579583,-34.457064688444341],[-59.426639604509745,-34.456795794424217],[-59.42696792233513,-34.456526899489475],[-59.427296238055789,-34.456258003640123],[-59.427624551671741,-34.45598910687621],[-59.427952863183009,-34.455720209197757],[-59.428281172589635,-34.455451310604793],[-59.428283015671951,-34.455180884830931],[-59.428284858729675,-34.454910459044989],[-59.428611321897094,-34.454911985296064],[-59.428613163877998,-34.454641559482695],[-59.428941466921763,-34.454372659005955],[-59.429269767861001,-34.454103757614803],[-59.429598066695782,-34.45383485530926],[-59.429599905421846,-34.453564429401617],[-59.429601744123381,-34.453294003481886],[-59.429930038700299,-34.453025100207206],[-59.430258331172837,-34.452756196018221],[-59.430260167696531,-34.452485770031664],[-59.43058845698809,-34.452216864901004],[-59.430916744175356,-34.451947958856088],[-59.431245029258356,-34.451679051896946],[-59.43157331223712,-34.451410144023598],[-59.431901593111682,-34.451141235236051],[-59.432229871882058,-34.450872325534363],[-59.432558148548281,-34.450603414918568],[-59.432886423110368,-34.450334503388646],[-59.43321469556836,-34.450065590944682],[-59.4335429659223,-34.44979667758664],[-59.433544791656672,-34.449526251314751],[-59.433873058830216,-34.449257337015432],[-59.434201323899764,-34.448988421802113],[-59.433876708073356,-34.448716484380888],[-59.433552094350866,-34.448444546106536],[-59.433227482732292,-34.448172606979043],[-59.432902873217593,-34.447900666998457],[-59.432904700885487,-34.447630240672538],[-59.432906528529053,-34.447359814334568],[-59.432908356148246,-34.447089387984512],[-59.432910183743083,-34.44681896162237],[-59.432912011313555,-34.446548535248205],[-59.43291383885969,-34.446278108861939],[-59.432915666381462,-34.446007682463616],[-59.432917493878882,-34.445737256053214],[-59.432919321351953,-34.445466829630753],[-59.432594723188537,-34.445194888825618],[-59.432270127128668,-34.444922947167498],[-59.43194553317236,-34.444651004656421],[-59.431619109736893,-34.444649487702193],[-59.431294518960236,-34.444377543482126],[-59.430969930287063,-34.444105598409202],[-59.43064534371733,-34.443833652483434],[-59.430320759251032,-34.443561705704845],[-59.429996176888103,-34.443289758073462],[-59.429671596628566,-34.443017809589314],[-59.429673434374749,-34.44274738319892],[-59.429348857245692,-34.442475433865269],[-59.429350695994529,-34.442205007466058],[-59.429352534718845,-34.441934581054774],[-59.429027961747295,-34.441662630874951],[-59.42870339087893,-34.441390679842492],[-59.428378822113736,-34.441118727957381],[-59.428052412619124,-34.441117201617878],[-59.427727847033175,-34.440845248024274],[-59.427403283550362,-34.440573293578133],[-59.42707872217062,-34.44030133827944],[-59.426754162893921,-34.440029382128245],[-59.426429605720244,-34.439757425124562],[-59.426105050649554,-34.439485467268433],[-59.425778647636299,-34.439483934922741],[-59.42545224464768,-34.439482401705853],[-59.425125841683737,-34.439480867617789],[-59.424799438744465,-34.439479332658543],[-59.424473035829912,-34.439477796828093],[-59.424146632940065,-34.439476260126476],[-59.423822086429325,-34.439204296283485],[-59.423823942758986,-34.4389338700012],[-59.423825799063913,-34.438663443706872],[-59.423827655344091,-34.438393017400458],[-59.423829511599529,-34.438122591081985],[-59.42383136783026,-34.43785216475144],[-59.423833224036223,-34.437581738408838],[-59.423835080217451,-34.437311312054156],[-59.423836936373945,-34.437040885687409],[-59.423838792505713,-34.436770459308597],[-59.423840648612739,-34.436500032917706],[-59.424168894943406,-34.436231143901956],[-59.42417074994966,-34.435960717471453],[-59.424172604931186,-34.435690291028877],[-59.423848072793511,-34.435418327233471],[-59.423523542758353,-34.435146362585861],[-59.42319901482572,-34.434874397086119],[-59.422874488995575,-34.434602430734245],[-59.422549965267883,-34.434330463530266],[-59.422225443642596,-34.434058495474197],[-59.422227304758252,-34.433788069040098],[-59.42222916584911,-34.433517642593912],[-59.422231026915149,-34.433247216135669],[-59.421906510471366,-34.43297524723792],[-59.421908372538951,-34.43270482077105],[-59.421910234581709,-34.432434394292123],[-59.421585722292797,-34.432162424549283],[-59.421587585337043,-34.431891998061758],[-59.421589448356436,-34.431621571562147],[-59.421591311351008,-34.431351145050463],[-59.421593174320755,-34.431080718526701],[-59.421595037265668,-34.430810291990888],[-59.421596900185769,-34.430539865443002],[-59.421598763081036,-34.430269438883045],[-59.421600625951491,-34.429999012311022],[-59.421602488797085,-34.429728585726934],[-59.421604351617887,-34.42945815913076],[-59.421279851693065,-34.429186188570654],[-59.421281715515143,-34.428915761965882],[-59.421283579312401,-34.428645335349053],[-59.421285443084798,-34.428374908720151],[-59.421287306832355,-34.428104482079192],[-59.421289170555099,-34.427834055426153],[-59.421291034252981,-34.42756362876105],[-59.421292897926044,-34.427293202083888],[-59.421294761574259,-34.427022775394619],[-59.421296625197641,-34.42675234869332],[-59.421298488796204,-34.426481921979949],[-59.421300352369897,-34.426211495254492],[-59.421302215918779,-34.425941068516998],[-59.42130407944282,-34.425670641767411],[-59.421305942942027,-34.425400215005766],[-59.421307806416408,-34.425129788232049],[-59.421309669865941,-34.424859361446259],[-59.421311533290641,-34.424588934648412],[-59.421313396690515,-34.424318507838493],[-59.421315260065548,-34.424048081016508],[-59.421317123415747,-34.423777654182452],[-59.421318986741127,-34.423507227336323],[-59.421320850041681,-34.423236800478136],[-59.42132271331738,-34.422966373607885],[-59.421650914070391,-34.422697490304614],[-59.421652776245828,-34.422427063394693],[-59.421654638396454,-34.4221566364727],[-59.421656500522275,-34.421886209538641],[-59.421658362623269,-34.421615782592525],[-59.421660224699451,-34.421345355634337],[-59.421662086750828,-34.421074928664069],[-59.421663948777379,-34.420804501681744],[-59.42166581077911,-34.420534074687346],[-59.421667672756051,-34.420263647680898],[-59.421669534708137,-34.419993220662349],[-59.421671396635432,-34.419722793631763],[-59.421673258537929,-34.419452366589113],[-59.422001444285776,-34.419183482041007],[-59.422003305088204,-34.418913054958679],[-59.422005165865855,-34.418642627864294],[-59.422007026618687,-34.418372200757858],[-59.422335207040106,-34.418103315213386],[-59.422663385360792,-34.417834428755349],[-59.422665243938539,-34.41756400158166],[-59.422993419083376,-34.417295114182508],[-59.422995276561267,-34.417024686969214],[-59.422997134014416,-34.416754259743861],[-59.423325304908481,-34.416485371376091],[-59.423327161261824,-34.416214944111097],[-59.423329017590419,-34.415944516834045],[-59.423657184233925,-34.415675627497727],[-59.423659039462805,-34.415405200181063],[-59.42398720293086,-34.415136309903779],[-59.423989057060069,-34.414865882547531],[-59.423990911164573,-34.41459545517921],[-59.423992765244385,-34.414325027798832],[-59.424320923387313,-34.414056136525566],[-59.424322776367539,-34.413785709105596],[-59.424324629323074,-34.413515281673568],[-59.424326482253917,-34.413244854229461],[-59.424328335160055,-34.412974426773275],[-59.424330188041509,-34.412703999305059],[-59.424332040898264,-34.412433571824764],[-59.424333893730321,-34.412163144332389],[-59.424335746537707,-34.411892716827964],[-59.424337599320381,-34.411622289311474],[-59.424665745689957,-34.411353396877253],[-59.424667597373229,-34.411082969321178],[-59.424669449031839,-34.410812541753046],[-59.424997591152007,-34.410543648350568],[-59.424999441711279,-34.410273220742866],[-59.425327580656869,-34.410004326399715],[-59.425329430116861,-34.409733898752457],[-59.425331279552211,-34.409463471093133],[-59.425659414248742,-34.409194575781875],[-59.425661262584889,-34.408924148082995],[-59.425663110896423,-34.408653720372044],[-59.425991241344072,-34.408384824092714],[-59.426319369691996,-34.408115926900322],[-59.426321215829908,-34.407845499122374],[-59.426323061943229,-34.407575071332367],[-59.426324908031937,-34.407304643530274],[-59.42632675409606,-34.407034215716131],[-59.42632860013557,-34.406763787889936],[-59.426330446150473,-34.406493360051662]]}},
{"type":"Feature","properties":{"length_m":851.54328932550709,"Name":"Red de drenaje ≥ 2 km²"},"geometry":{"type":"LineString","coordinates":[[-59.425085241023872,-34.493026580675796],[-59.425083385011469,-34.493297004620665],[-59.425408142539816,-34.493568964857253],[-59.42540628753224,-34.493839388793418],[-59.425404432499946,-34.494109812717525],[-59.42572919419608,-34.494381772106699],[-59.425727340168663,-34.494652196022074],[-59.426052105003102,-34.494924154560401],[-59.426050251980662,-34.495194578467043],[-59.426048398933517,-34.495465002361627],[-59.426373167936049,-34.495736960052426],[-59.426697939047408,-34.496008916888954],[-59.427022712267586,-34.49628087287121],[-59.427347487596613,-34.496552827999167],[-59.427672265034552,-34.496824782272761],[-59.427997044581389,-34.497096735692018],[-59.427995197688269,-34.497367159594418],[-59.428319980373949,-34.497639112162567],[-59.42864476516862,-34.497911063876273],[-59.428642920310715,-34.498181487773181],[-59.428641075428231,-34.498451911658002],[-59.428965864391863,-34.498723862523789],[-59.428964020514762,-34.498994286399835],[-59.429288812617528,-34.4992662364144]]}},
{"type":"Feature","properties":{"length_m":616.69047558312138,"Name":"Red de drenaje ≥ 2 km²"},"geometry":{"type":"LineString","coordinates":[[-59.426330446150473,-34.406493360051662],[-59.426006018353924,-34.406221401751061],[-59.426007865369378,-34.405950973904076],[-59.425683440697462,-34.405679014755478],[-59.425359018125015,-34.405407054755543],[-59.425034597652022,-34.405135093904342],[-59.424710179278421,-34.404863132201854],[-59.424385763004196,-34.404591169648135],[-59.424061348829326,-34.404319206243201],[-59.424063201970405,-34.404048778404373],[-59.4240650550868,-34.403778350553473],[-59.423738790919785,-34.403776814151641],[-59.423414381968442,-34.403504849047756],[-59.423416237134667,-34.40323442120367],[-59.423091831307417,-34.402962455252087],[-59.422767427579366,-34.402690488449402],[-59.42244302595045,-34.402418520795649]]}},
{"type":"Feature","properties":{"length_m":1051.2489168102784,"Name":"Red de drenaje ≥ 2 km²"},"geometry":{"type":"LineString","coordinates":[[-59.42244302595045,-34.402418520795649],[-59.422118626420662,-34.402146552290858],[-59.421792368699677,-34.402145010761963],[-59.421467972343308,-34.401873040551699],[-59.421143578086003,-34.401601069490461],[-59.42081732253849,-34.401599525382736],[-59.420492931454575,-34.401327552616159],[-59.420168542469668,-34.40105557899868],[-59.419842289095698,-34.401054032312224],[-59.419517903284124,-34.400782056989513],[-59.419191651009392,-34.400780508578741],[-59.418867268371123,-34.400508531550862],[-59.418541017195693,-34.400506981415859],[-59.41821663773073,-34.400235002682884],[-59.41789226036466,-34.399963023099161],[-59.417567885097455,-34.399691042664735],[-59.417243511929087,-34.399419061379618],[-59.416917265076172,-34.399417506957597],[-59.416592895080974,-34.399145523967604],[-59.416266649327461,-34.399143967821452],[-59.416268527184577,-34.398873540126971],[-59.415944161386918,-34.398601555435725],[-59.415617917782214,-34.398599997581229],[-59.415291674202557,-34.398598438856865],[-59.414967312652436,-34.398326451606756],[-59.41464295320101,-34.398054463506121],[-59.414316711795301,-34.398052902203617],[-59.41399235551696,-34.39778091239841],[-59.41366800133725,-34.397508921742755]]}},
{"type":"Feature","properties":{"length_m":90.0,"Name":"Red de drenaje ≥ 2 km²"},"geometry":{"type":"LineString","coordinates":[[-59.421455010633466,-34.308842081169345],[-59.421456865523659,-34.308571649229584],[-59.421458720389118,-34.308301217277766],[-59.421784614684178,-34.308302756029178]]}},
{"type":"Feature","properties":{"length_m":4270.1428534987226,"Name":"Red de drenaje ≥ 2 km²"},"geometry":{"type":"LineString","coordinates":[[-59.420705314677598,-34.37049870561448],[-59.420707176260997,-34.37022827643851],[-59.420709037819606,-34.369957847250497],[-59.420384767601234,-34.369685874038147],[-59.420386630158077,-34.36941544484155],[-59.420388492690094,-34.369145015632917],[-59.420064226613498,-34.368873041577686],[-59.420066090143685,-34.36860261236049],[-59.419741827185696,-34.368330637458946],[-59.419743691713997,-34.368060208233189],[-59.419745556217464,-34.367789778995352],[-59.419421297400902,-34.367517803251047],[-59.41909704067988,-34.367245826656976],[-59.419098907204244,-34.366975397414137],[-59.418774653601538,-34.366703419973874],[-59.418450402094244,-34.366431441683915],[-59.418452270639371,-34.366161012436095],[-59.418128022250251,-34.365889033300007],[-59.418129891793249,-34.365618604043682],[-59.417805646522183,-34.365346624061523],[-59.41780751706299,-34.3650761947967],[-59.417483274909912,-34.364804213968512],[-59.417485146448449,-34.364533784695169],[-59.417487017962038,-34.364263355409776],[-59.417162779949479,-34.363991373739189],[-59.417164652460741,-34.363720944445312],[-59.417166524947071,-34.36345051513937],[-59.416842291074822,-34.363178532626428],[-59.416844164558754,-34.362908103312023],[-59.416519933804103,-34.362636119953187],[-59.416521808285573,-34.362365690630305],[-59.416523682742088,-34.36209526129538],[-59.416199456127408,-34.361823277094295],[-59.416201331581398,-34.361552847750907],[-59.415877108084089,-34.361280862704035],[-59.415878984535503,-34.361010433352206],[-59.415554764155459,-34.360738447459575],[-59.415556641604255,-34.360468018099311],[-59.415232424341383,-34.360196031360999],[-59.414908209173234,-34.35992404377339],[-59.4145839960998,-34.359652055336532],[-59.414259785121082,-34.35938006605042],[-59.413935576237016,-34.359108075915067],[-59.41361136944758,-34.358836084930559],[-59.413287164752759,-34.358564093096881],[-59.412962962152513,-34.358292100414054],[-59.412638761646797,-34.358020106882137],[-59.412314563235618,-34.357748112501135],[-59.411990366918928,-34.357476117271062],[-59.411992255586966,-34.357205687939093],[-59.411994144229837,-34.356935258595023],[-59.411669952051668,-34.356663262523369],[-59.411345761967873,-34.35639126560271],[-59.411021573978431,-34.356119267833108],[-59.410697388083307,-34.355847269214557],[-59.410373204282479,-34.355575269747114],[-59.410049022575919,-34.355303269430777],[-59.409724842963598,-34.355031268265577],[-59.40940066544546,-34.354759266251556],[-59.409076490021512,-34.354487263388712],[-59.408752316691718,-34.354215259677112],[-59.408428145456043,-34.353943255116754],[-59.40810397631445,-34.353671249707659],[-59.407779809266927,-34.353399243449878],[-59.407781711168589,-34.353128814142792],[-59.407457547236753,-34.352856807040169],[-59.4071333853989,-34.352584799088902],[-59.406807320688458,-34.352583219584574],[-59.406483162016904,-34.352311209932239],[-59.406159005439278,-34.352039199431331],[-59.405832942898989,-34.35203761735378],[-59.405508789487619,-34.351765605151961],[-59.405184638170113,-34.351493592101619],[-59.404860488946433,-34.351221578202811],[-59.404536341816566,-34.350949563455551],[-59.40421219678047,-34.350677547859874],[-59.403888053838124,-34.350405531415802],[-59.403563912989505,-34.350133514123357],[-59.403239774234578,-34.349861495982587],[-59.403241690462302,-34.349591066742001],[-59.402917554822309,-34.349319047756872],[-59.40291947204576,-34.349048618508185],[-59.402595339520602,-34.348776598678718],[-59.402597257739707,-34.348506169421924],[-59.402273128329284,-34.34823414874819],[-59.401949001012348,-34.347962127226246],[-59.401950921248222,-34.347691697965345],[-59.401626797045871,-34.347419675599184],[-59.401302674936936,-34.347147652384876],[-59.400978554921394,-34.346875628322444],[-59.400654436999176,-34.346603603411936],[-59.400328395829121,-34.346602006894237],[-59.400002354684723,-34.346600409508355],[-59.399676313566012,-34.34659881125431],[-59.399350272472986,-34.346597212132103],[-59.399024231405647,-34.346595612141726],[-59.398698190364044,-34.346594011283187],[-59.39837214934817,-34.346592409556479],[-59.398046108358031,-34.346590806961629],[-59.397720067393635,-34.346589203498588],[-59.397394026455046,-34.346587599167407],[-59.397066049708734,-34.346856423035561],[-59.396738070869077,-34.347125245991137],[-59.396410089936033,-34.347394068034085],[-59.396084045960635,-34.347392460181666],[-59.395758002011064,-34.347390851461029],[-59.395431958087372,-34.347389241872229],[-59.395107856354791,-34.347117202469043],[-59.39478375671559,-34.346845162218052],[-59.394457714962904,-34.346843550057152],[-59.394131673236132,-34.346841937028081],[-59.393805631535294,-34.346840323130841],[-59.393479589860391,-34.346838708365425],[-59.393153548211458,-34.346837092731853],[-59.392827506588475,-34.34683547623009],[-59.392503415478259,-34.346563430019962]]}},
{"type":"Feature","properties":{"length_m":2090.0714267493622,"Name":"Red de drenaje ≥ 2 km²"},"geometry":{"type":"LineString","coordinates":[[-59.41366800133725,-34.397508921742755],[-59.413669887438559,-34.397238494101487],[-59.413345536381591,-34.396966502599099],[-59.413021187423183,-34.396694510246341],[-59.413023075547578,-34.39642408260034],[-59.412698729711771,-34.396152089400942],[-59.412374385974388,-34.395880095351224],[-59.412376276121726,-34.395609667700597],[-59.412378166243876,-34.395339240037863],[-59.412053826652922,-34.395067245145277],[-59.411729489160315,-34.394795249402442],[-59.411731381305216,-34.394524821735089],[-59.411733273424886,-34.394254394055679],[-59.411408940078417,-34.393982397470083],[-59.411082714662733,-34.393980827706251],[-59.410758384488872,-34.393708829416589],[-59.410434056413209,-34.393436830276805],[-59.4101097304357,-34.393164830286892],[-59.40978540655636,-34.392892829446915],[-59.409787304819062,-34.392622401789986],[-59.409789203056448,-34.392351974121013],[-59.409464883322677,-34.392079972438538],[-59.409140565686947,-34.391807969906068],[-59.409142465946452,-34.391537542232591],[-59.408818151432378,-34.391265538853922],[-59.408820052690174,-34.39099511117216],[-59.408821953922647,-34.390724683478354],[-59.408823855129782,-34.390454255772475],[-59.408499545784458,-34.390182251555281],[-59.408175238536977,-34.389910246488178],[-59.407850933387294,-34.389638240571216],[-59.407526630335397,-34.389366233804402],[-59.407202329381256,-34.389094226187794],[-59.407204235680638,-34.388823798488957],[-59.406879937847634,-34.388551790026398],[-59.40688184514503,-34.388281362319326],[-59.406883752417009,-34.388010934600224],[-59.406559458728452,-34.387738925295608],[-59.406233257818762,-34.387737342852695],[-59.405907056934531,-34.387735759540256],[-59.405580856075758,-34.387734175358339],[-59.405254655242452,-34.387732590306925],[-59.404928454434625,-34.387731004385991],[-59.404604168214938,-34.387458989963974],[-59.404279884092787,-34.387186974692327],[-59.403955602068145,-34.386914958571147],[-59.403631322141017,-34.386642941600385],[-59.40330704431134,-34.386370923780127],[-59.402982768579086,-34.386098905110359],[-59.402658494944262,-34.385826885591143],[-59.40233422340679,-34.385554865222474],[-59.402009953966676,-34.385282844004394],[-59.401685686623885,-34.38501082193693],[-59.401361421378375,-34.384738799020106],[-59.401037158230139,-34.384466775253941],[-59.400710970339347,-34.384465178222491],[-59.400384782474234,-34.384463580321672]]}},
{"type":"Feature","properties":{"length_m":851.54328932550709,"Name":"Red de drenaje ≥ 2 km²"},"geometry":{"type":"LineString","coordinates":[[-59.409383192233662,-34.403708351145987],[-59.40971135457508,-34.40343949865462],[-59.410039514817264,-34.403170645249503],[-59.410041412991966,-34.402900218035292],[-59.410369570060119,-34.402631363688499],[-59.410697725029131,-34.40236250842802],[-59.411025877899057,-34.402093652253868],[-59.411027772823985,-34.401823224943911],[-59.411355922520073,-34.401554367828204],[-59.411357816344982,-34.401283940478322],[-59.411685962867324,-34.401015082421161],[-59.412014107290716,-34.400746223450398],[-59.412342249615165,-34.40047736356609],[-59.412344140190797,-34.400206936120561],[-59.412672279341706,-34.399938075294884],[-59.412674168817524,-34.399667647809466],[-59.412676058268161,-34.399397220311975],[-59.413004193171076,-34.399128358517153],[-59.413006081521949,-34.398857930979766],[-59.413334213251566,-34.39858906824368],[-59.413336100502782,-34.398318640666417],[-59.413337987728845,-34.398048213077089],[-59.413666115210795,-34.397779349371952],[-59.41366800133725,-34.397508921742755]]}},
{"type":"Feature","properties":{"length_m":1185.8073580374353,"Name":"Red de drenaje ≥ 2 km²"},"geometry":{"type":"LineString","coordinates":[[-59.410800201427548,-34.434274415966478],[-59.410473819563542,-34.434272842975986],[-59.410147437724859,-34.434271269114475],[-59.409822956997509,-34.43399926855583],[-59.409498478372541,-34.433727267145777],[-59.409174001849912,-34.43345526488438],[-59.408849527429602,-34.433183261771674],[-59.408525055111575,-34.432911257807639],[-59.408198678680833,-34.432909678799525],[-59.407872302275507,-34.432908098920443],[-59.407545925895583,-34.432906518170391],[-59.407221458909433,-34.432634510789931],[-59.406895083631511,-34.432632928313879],[-59.406568708379041,-34.432631344966872],[-59.406244245648274,-34.432359335025168],[-59.405919785019677,-34.432087324232342],[-59.40559532649327,-34.431815312588419],[-59.405270870068996,-34.431543300093388],[-59.404946415746835,-34.431271286747318],[-59.404621963526751,-34.430999272550245],[-59.404297513408729,-34.430727257502163],[-59.403973065392719,-34.430455241603077],[-59.403648619478702,-34.430183224853074],[-59.403324175666675,-34.429911207252147],[-59.402999733956563,-34.429639188800309],[-59.402675294348391,-34.42936716949761],[-59.402350856842077,-34.429095149344079],[-59.402026421437618,-34.428823128339701],[-59.401701988134988,-34.428551106484555],[-59.40137755693415,-34.428279083778648],[-59.401053127835091,-34.428007060221994]]}},
{"type":"Feature","properties":{"length_m":1893.3809511662416,"Name":"Red de drenaje ≥ 2 km²"},"geometry":{"type":"LineString","coordinates":[[-59.408295092434088,-34.372873277174534],[-59.407970851739357,-34.372601271498247],[-59.40797275439359,-34.372330843031676],[-59.407974657022457,-34.372060414553026],[-59.407976559625979,-34.371789986062325],[-59.407652324095132,-34.371517979548251],[-59.407654227695879,-34.371247551049308],[-59.407656131271253,-34.370977122538299],[-59.407658034821253,-34.370706694015247],[-59.407333804453948,-34.370434686663408],[-59.40733570900111,-34.370164258132114],[-59.407337613522877,-34.369893829588754],[-59.407013387296352,-34.369621821395413],[-59.40701529281521,-34.369351392843832],[-59.406691069706795,-34.369079383805193],[-59.406692976222693,-34.368808955245413],[-59.406694882713168,-34.368538526673575],[-59.406696789178227,-34.368268098089665],[-59.406698695617884,-34.367997669493683],[-59.406700602032146,-34.367727240885635],[-59.406702508420985,-34.367456812265544],[-59.407030536051828,-34.367187963996983],[-59.406706321122421,-34.36691595498916],[-59.406708227435047,-34.366645526332874],[-59.406384015623374,-34.366373516479861],[-59.406059805907084,-34.366101505777841],[-59.40606171423881,-34.365831077117214],[-59.405737507640062,-34.365559065570068],[-59.405739416968572,-34.365288636901269],[-59.405741326271631,-34.365018208220405],[-59.405417123812505,-34.364746195832069],[-59.405419034112263,-34.364475767143041],[-59.40509483477048,-34.364203753909713],[-59.405096746066874,-34.363933325212486],[-59.40477254984232,-34.363661311134173],[-59.40444835571283,-34.363389296207018],[-59.404124163678418,-34.363117280431055],[-59.403799973739034,-34.3628452638063],[-59.403475785894649,-34.362573246332779],[-59.40315160014525,-34.362301228010516],[-59.402827416490801,-34.362029208839559],[-59.40250323493126,-34.361757188819901],[-59.402177134972504,-34.361755596613378],[-59.401851035039343,-34.361754003538188],[-59.401524935131803,-34.361752409594331],[-59.401198835249879,-34.361750814781828],[-59.400872735393598,-34.361749219100652],[-59.400546635562968,-34.361747622550837],[-59.400220535757995,-34.361746025132369],[-59.399894435978702,-34.361744426845227],[-59.399568336225116,-34.361742827689447],[-59.39924223649723,-34.361741227665],[-59.398918067763525,-34.361469198270974],[-59.398591969134536,-34.361467596525351],[-59.398267803568856,-34.361195565430343]]}},
{"type":"Feature","properties":{"length_m":7297.4935008616612,"Name":"Red de drenaje ≥ 2 km²"},"geometry":{"type":"LineString","coordinates":[[-59.40635255093072,-34.463189375773915],[-59.406026056838527,-34.463187789754173],[-59.405699562771844,-34.463186202862481],[-59.405373068730725,-34.463184615098847],[-59.405046574715136,-34.463183026463255],[-59.404718161110452,-34.463451861238894],[-59.404389745400351,-34.46372069509853],[-59.404063249356092,-34.463719103815109],[-59.403736753337448,-34.463717511659723],[-59.403410257344419,-34.463715918632388],[-59.403083761377054,-34.463714324733076],[-59.402757265435305,-34.46371272996182],[-59.402430769519235,-34.463711134318601],[-59.402104273628865,-34.463709537803418],[-59.401777777764167,-34.463707940416271],[-59.401451281925176,-34.463706342157181],[-59.401126717332033,-34.463434318931462],[-59.400802154844285,-34.463162294853888],[-59.400475661187919,-34.463160694011115],[-59.400151101884013,-34.462888668225872],[-59.399826544685467,-34.462616641588838],[-59.399501989592217,-34.462344614100054],[-59.39917743660429,-34.462072585759522],[-59.398852885721617,-34.46180055656729],[-59.398528336944189,-34.461528526523388],[-59.398530276379233,-34.461258102461052],[-59.398532215788414,-34.460987678386637],[-59.398534155171767,-34.460717254300135],[-59.39853609452927,-34.460446830201555],[-59.398211551963939,-34.460174799322303],[-59.39821349232227,-34.459904375215721],[-59.398215432654759,-34.459633951097061],[-59.39821737296139,-34.459363526966335],[-59.398219313242159,-34.459093102823502],[-59.397894776888421,-34.458821071109007],[-59.39757024263961,-34.458549038542991],[-59.397245710495696,-34.458277005125467],[-59.396921180456651,-34.458004970856457],[-59.39659665252244,-34.45773293573599],[-59.396598597910099,-34.457462511601619],[-59.396600543271816,-34.457192087455162],[-59.39660248860762,-34.456921663296626],[-59.396930902003319,-34.45665285004317],[-59.397259313294327,-34.456384035873505],[-59.397587722480665,-34.456115220787652],[-59.397916129562361,-34.45584640478566],[-59.398244534539423,-34.455577587867523],[-59.398572937411913,-34.455308770033319],[-59.398901338179833,-34.455039951283027],[-59.399229736843211,-34.454771131616681],[-59.399558133402081,-34.454502311034325],[-59.399886527856474,-34.45423348953598],[-59.400214920206416,-34.453964667121667],[-59.400543310451923,-34.453695843791408],[-59.400871698593015,-34.453427019545238],[-59.40087362988762,-34.453156595007648],[-59.400549107492239,-34.452884570226914],[-59.400224587201173,-34.452612544594707],[-59.399900069014379,-34.452340518111043],[-59.399575552931857,-34.452068490775929],[-59.399251038953572,-34.451796462589421],[-59.398926527079482,-34.451524433551512],[-59.398600078830547,-34.451522828171576],[-59.39827363060747,-34.451521221920061],[-59.397947182410228,-34.451519614796979],[-59.397622675874082,-34.451247582341537],[-59.397298171442088,-34.450975549034816],[-59.396971725426603,-34.450973939329444],[-59.396647224176668,-34.450701904316155],[-59.396322725030807,-34.450429868451621],[-59.395998227989004,-34.450157831735943],[-59.39567373305124,-34.449885794169106],[-59.395349240217449,-34.44961375575113],[-59.395024749487646,-34.449341716482074],[-59.395026699331616,-34.449071292054342],[-59.394702211731712,-34.448799251938397],[-59.394377726235696,-34.448527210971378],[-59.394053242843533,-34.44825516915337],[-59.39405519573927,-34.447984744726099],[-59.393730715476821,-34.447712702061303],[-59.393406237318096,-34.44744065854556],[-59.393081761263147,-34.447168614178878],[-59.393083717210359,-34.446898189752169],[-59.392759244284861,-34.44662614453879],[-59.392434773463023,-34.446354098474579],[-59.392436731435659,-34.446083674044239],[-59.392112263743144,-34.44581162713343],[-59.391787798154219,-34.445539579371811],[-59.3917897581521,-34.445269154937883],[-59.391465295692328,-34.444997106329751],[-59.391467256689701,-34.444726681887985],[-59.391469217660941,-34.44445625743414],[-59.391144759355832,-34.444184207983803],[-59.390820303154108,-34.443912157682774],[-59.390822266150309,-34.443641733225377],[-59.390497813077474,-34.443369682077957],[-59.390173362107937,-34.443097630079897],[-59.389848913241707,-34.442825577231218],[-59.389522499380675,-34.442823947972137],[-59.389198053695516,-34.442551893418013],[-59.388873610113585,-34.442279838013327],[-59.38854916863486,-34.442007781758136],[-59.388224729259299,-34.441735724652467],[-59.387900291986888,-34.441463666696315],[-59.387573883541286,-34.441462032291817],[-59.38724747512201,-34.441460397016073],[-59.386923042108414,-34.441188336499941],[-59.386596634793307,-34.441186699498211],[-59.386272204960655,-34.440914637276961],[-59.385945798749759,-34.44091299854928],[-59.385621372098072,-34.440640934622991],[-59.385294966991445,-34.440639294169387],[-59.384970543520659,-34.440367228538115],[-59.38464413951835,-34.440365586358638],[-59.384319719228472,-34.440093519022447],[-59.383993316330496,-34.440091875117098],[-59.383666913458981,-34.440090230340573],[-59.383342497427932,-34.439818160444943],[-59.383016095660821,-34.439816513942624],[-59.382691682810666,-34.439544442342253],[-59.382365282148008,-34.439542794114175],[-59.382040872478704,-34.43927072080912],[-59.381714472920549,-34.439269070855303],[-59.381390066432104,-34.438996995845663],[-59.381063667978481,-34.438995344166152],[-59.380739264670858,-34.438723267451991],[-59.380412867321816,-34.438721614046813],[-59.380088467195037,-34.438449535628202],[-59.379762070950612,-34.438447880497392],[-59.379435674732818,-34.438446224495458],[-59.379109278541669,-34.438444567622405],[-59.378782882377166,-34.438442909878219],[-59.378456486239358,-34.438441251262915],[-59.378132093605558,-34.43816916772213],[-59.377805698572509,-34.438167507381259],[-59.377481309119545,-34.437895422136272],[-59.377154915191305,-34.437893760069898],[-59.376828521289795,-34.437892097132405],[-59.376502127415051,-34.43789043332383],[-59.376173723808222,-34.438159192610208],[-59.375847328935649,-34.438157527042634],[-59.375520934089884,-34.438155860603956],[-59.375194539270922,-34.438154193294167],[-59.374868144478789,-34.438152525113267],[-59.37453973467094,-34.438421279931347],[-59.37421333888112,-34.438419609991413],[-59.373886943118166,-34.43841793918034],[-59.373560547382098,-34.438416267498148],[-59.373234151672925,-34.438414594944838],[-59.37290775599066,-34.438412921520381],[-59.372581360335303,-34.43841124722482],[-59.372254964706904,-34.438409572058141],[-59.371928569105449,-34.43840789602033],[-59.371600148999015,-34.438676642817917],[-59.371273752400114,-34.438674965020986],[-59.370949382462932,-34.438402862680171],[-59.370622986969423,-34.438401183157872],[-59.370296591502928,-34.438399502764454],[-59.369970196063477,-34.438397821499919],[-59.369643800651076,-34.438396139364258],[-59.36931740526574,-34.438394456357472],[-59.368991009907468,-34.438392772479574],[-59.368664614576296,-34.438391087730537],[-59.368338219272239,-34.43838940211041],[-59.368011823995289,-34.438387715619136],[-59.367685428745489,-34.438386028256751],[-59.367359033522831,-34.438384340023262],[-59.367032638327316,-34.438382650918641],[-59.366706243158987,-34.438380960942887],[-59.36637984801785,-34.438379270096036],[-59.366053452903913,-34.438377578378052],[-59.365727057817189,-34.438375885788965],[-59.365402707238786,-34.438103768932329],[-59.365076313257923,-34.438102074618058],[-59.364751965860862,-34.437829956058259],[-59.364425572985873,-34.437828260018811],[-59.364101228770153,-34.437556139755934],[-59.363774837001088,-34.437554441991381],[-59.363450495966667,-34.437282320025467],[-59.363126157034877,-34.437010197210562],[-59.362801820205696,-34.436738073546707],[-59.36247543169992,-34.436736372349145],[-59.362149043221535,-34.436734670280501],[-59.361824710652257,-34.436462544059864],[-59.361498323279918,-34.436460840266228],[-59.361173993891867,-34.436188712342812],[-59.360849666606356,-34.435916583570581],[-59.3605232814188,-34.435914877198144],[-59.360198957314481,-34.435642746723232],[-59.359872573233112,-34.435641038625896],[-59.359548252309921,-34.43536890644841],[-59.359223933489204,-34.435096773422195],[-59.358899616770884,-34.434824639547315],[-59.358575302154932,-34.43455250482377],[-59.358250989641341,-34.434280369251589],[-59.357926679230047,-34.434008232830806],[-59.357602370921079,-34.433736095561457],[-59.357278064714372,-34.433463957443536],[-59.356953760609869,-34.433191818477091],[-59.3566294586076,-34.432919678662159],[-59.356305158707485,-34.432647537998733],[-59.356307232046504,-34.432377114829023]]}},
{"type":"Feature","properties":{"length_m":439.70562748477141,"Name":"Red de drenaje ≥ 2 km²"},"geometry":{"type":"LineString","coordinates":[[-59.402333532704077,-34.431528979999435],[-59.402009088071708,-34.431256958959281],[-59.401684645541422,-34.43098493706826],[-59.401360205113185,-34.430712914326385],[-59.401362133196066,-34.430442488758267],[-59.401364061253254,-34.430172063178077],[-59.401365989284741,-34.429901637585814],[-59.40136791729055,-34.429631211981473],[-59.401369845270651,-34.429360786365059],[-59.401045412070772,-34.429088762792396],[-59.401047341050408,-34.428818337167897],[-59.401049270004343,-34.428547911531346],[-59.401051198932564,-34.42827748588271],[-59.401053127835091,-34.428007060221994]]}},
{"type":"Feature","properties":{"length_m":3401.9090885900964,"Name":"Red de drenaje ≥ 2 km²"},"geometry":{"type":"LineString","coordinates":[[-59.401053127835091,-34.428007060221994],[-59.401055056711904,-34.427736634549198],[-59.401056985563002,-34.427466208864352],[-59.400732560615957,-34.427194184465023],[-59.400734490466476,-34.426923758772098],[-59.400410068646167,-34.426651733526107],[-59.400411999496043,-34.426381307825132],[-59.400413930320198,-34.426110882112084],[-59.400415861118596,-34.425840456386958],[-59.400417791891286,-34.425570030649766],[-59.40041972263824,-34.425299604900495],[-59.400421653359473,-34.425029179139145],[-59.400097239790803,-34.4247571530667],[-59.400099171511279,-34.424486727297314],[-59.399774761068954,-34.42421470037835],[-59.399450352727989,-34.423942672608845],[-59.399452286472524,-34.42367224683548],[-59.399454220191274,-34.423401821050021],[-59.399456153884259,-34.423131395252483],[-59.399458087551487,-34.42286096944288],[-59.399460021192937,-34.422590543621212],[-59.399461954808622,-34.422320117787457],[-59.399463888398536,-34.422049691941609],[-59.399465821962671,-34.421779266083718],[-59.399467755501057,-34.421508840213733],[-59.3991433584847,-34.421236811630251],[-59.398818963569383,-34.420964782196371],[-59.398494570755076,-34.420692751912114],[-59.398170180041731,-34.420420720777557],[-59.397843852767473,-34.420419114642286],[-59.39751946523139,-34.420147081802995],[-59.397195079796219,-34.419875048113454],[-59.396870696461946,-34.419603013573671],[-59.396546315228527,-34.419330978183673],[-59.396221936095955,-34.419058941943476],[-59.395897559064181,-34.418786904853135],[-59.395899503873345,-34.418516479028199],[-59.395901448656581,-34.418246053191233],[-59.395903393413903,-34.41797562734218],[-59.395579021556216,-34.417703589414131],[-59.395580967312029,-34.417433163557142],[-59.395256598579387,-34.417161124783163],[-59.394932231947337,-34.416889085159148],[-59.394934179725922,-34.416618659298415],[-59.394609816218761,-34.416346618828541],[-59.394285454812135,-34.416074577508674],[-59.394287404613337,-34.415804151644224],[-59.394289354388555,-34.415533725767702],[-59.393964997130873,-34.415261683606239],[-59.393966947904318,-34.414991257721852],[-59.393642593771233,-34.41471921471468],[-59.393644545542848,-34.414448788822412],[-59.393320194534255,-34.414176744969566],[-59.393322147303984,-34.413906319069412],[-59.392997799419803,-34.413634274370949],[-59.39299975318761,-34.413363848462929],[-59.393001706929375,-34.41309342254285],[-59.3930036606451,-34.412822996610686],[-59.392679317933286,-34.412550951075083],[-59.392354977321595,-34.412278904689707],[-59.39235693305929,-34.412008478753933],[-59.392358888770922,-34.411738052806086],[-59.392360844456519,-34.411467626846168],[-59.392362800116004,-34.41119720087417],[-59.392364755749462,-34.410926774890086],[-59.392366711356857,-34.41065634889393],[-59.392368666938175,-34.410385922885723],[-59.392370622493431,-34.410115496865416],[-59.392372578022631,-34.40984507083305],[-59.392374533525775,-34.409574644788613],[-59.392376489002856,-34.409304218732089],[-59.392378444453875,-34.409033792663507],[-59.392380399878832,-34.408763366582839],[-59.392382355277725,-34.408492940490092],[-59.392058031100383,-34.408220893314379],[-59.392059987496985,-34.407950467213801],[-59.391735666443068,-34.407678419192749],[-59.39141134748877,-34.407406370322128],[-59.39108703063404,-34.407134320601998],[-59.3907627158789,-34.406862270032349],[-59.390438403223264,-34.406590218613253],[-59.390114092667154,-34.406318166344661],[-59.389789784210514,-34.406046113226679],[-59.389465477853307,-34.405774059259294],[-59.389141173595547,-34.405502004442518],[-59.388816871437157,-34.405229948776416],[-59.388492571378137,-34.404957892260995],[-59.388494539008178,-34.404687466195568],[-59.388496506611993,-34.404417040118069],[-59.388172210699132,-34.404144982762041],[-59.387847916885512,-34.403872924556758],[-59.38784988650989,-34.403602498475884],[-59.387851856107993,-34.403332072382938],[-59.387853825679848,-34.403061646277934],[-59.387855795225462,-34.402791220160807],[-59.387531507604358,-34.402519161123756],[-59.387207222082317,-34.402247101237549]]}},
{"type":"Feature","properties":{"length_m":2529.7770542341327,"Name":"Red de drenaje ≥ 2 km²"},"geometry":{"type":"LineString","coordinates":[[-59.387207222082317,-34.402247101237549],[-59.387209193648225,-34.401976675117105],[-59.387211165187843,-34.401706248984596],[-59.387213136701213,-34.40143582284],[-59.387215108188286,-34.401165396683325],[-59.387217079649091,-34.400894970514592],[-59.387219051083633,-34.400624544333773],[-59.387221022491879,-34.400354118140903],[-59.387222993873877,-34.400083691935933],[-59.387224965229578,-34.399813265718898],[-59.38722693655901,-34.39954283948979],[-59.387228907862202,-34.399272413248596],[-59.387230879139089,-34.39900198699533],[-59.387232850389708,-34.398731560730006],[-59.387234821614079,-34.398461134452596],[-59.387563033135528,-34.39819234167787],[-59.387891242558361,-34.397923547988363],[-59.388219449882591,-34.397654753384089],[-59.388547655108226,-34.39738595786509],[-59.38887585823533,-34.397117161431389],[-59.389204059263889,-34.39684836408302],[-59.389532258193974,-34.396579565819991],[-59.389860455025577,-34.396310766642365],[-59.389862417619831,-34.396040340124998],[-59.389864380187902,-34.395769913595558],[-59.389866342729832,-34.395499487054046],[-59.390194534236983,-34.395230686876481],[-59.390522723645802,-34.394961885784383],[-59.390850910956303,-34.394693083777739],[-59.39117909616855,-34.394424280856626],[-59.39150727928255,-34.394155477021044],[-59.391835460298317,-34.393886672271037],[-59.392163639215894,-34.393617866606604],[-59.392165594205075,-34.393347439854118],[-59.392167549168185,-34.393077013089552],[-59.392495723837378,-34.392808206453964],[-59.392497677699353,-34.392537779648933],[-59.392825849195397,-34.392268972070667],[-59.392827801956308,-34.391998545225185],[-59.393155970279317,-34.391729736704242],[-59.393157921939178,-34.391459309818345],[-59.39315987357304,-34.391188882920368],[-59.393488037648133,-34.390920073428447],[-59.393489988181024,-34.390649646490047],[-59.393818149083316,-34.390380836055549],[-59.393820098515313,-34.390110409076733],[-59.393822047921319,-34.389839982085832],[-59.393823997301375,-34.389569555082879],[-59.394152152881247,-34.389300743649216],[-59.394154101160467,-34.389030316605833],[-59.394156049413738,-34.388759889550414],[-59.39448420074627,-34.388491077145936],[-59.394812349981194,-34.38822226382738],[-59.395140497118497,-34.387953449594768],[-59.395468642158214,-34.387684634448085],[-59.395796785100366,-34.387415818387424],[-59.396124925944996,-34.387147001412771],[-59.396453064692118,-34.386878183524161],[-59.39678120134176,-34.386609364721615],[-59.397109335893965,-34.386340545005154],[-59.397435530842138,-34.386342151713109],[-59.397763662274059,-34.386073330197156],[-59.398089856225148,-34.386074935150049],[-59.398417984536749,-34.385806111834675],[-59.398746110750999,-34.385537287605523],[-59.399074234867889,-34.385268462462577],[-59.399402356887471,-34.384999636405901],[-59.399730476809786,-34.384730809435517],[-59.400058594634821,-34.384461981551446],[-59.400384782474234,-34.384463580321672]]}},
{"type":"Feature","properties":{"length_m":2741.5432893255065,"Name":"Red de drenaje ≥ 2 km²"},"geometry":{"type":"LineString","coordinates":[[-59.400384782474234,-34.384463580321672],[-59.400386710362618,-34.384193152753717],[-59.40038863822533,-34.383922725173704],[-59.400064381368686,-34.383650698859682],[-59.399740126609231,-34.383378671696434],[-59.399742056491945,-34.383108244112414],[-59.399743986348945,-34.382837816516322],[-59.39974591618023,-34.382567388908193],[-59.400074025411037,-34.382298560798738],[-59.40007595414238,-34.382028133150357],[-59.400077882848016,-34.381757705489868],[-59.399753635248175,-34.381485678354892],[-59.399755564950866,-34.381215250686395],[-59.399757494627842,-34.380944823005841],[-59.399759424279097,-34.380674395313221],[-59.399761353904637,-34.380403967608515],[-59.399763283504456,-34.380133539891766],[-59.399765213078574,-34.379863112162937],[-59.399767142626949,-34.379592684422057],[-59.399769072149624,-34.379322256669091],[-59.399771001646577,-34.379051828904061],[-59.399772931117823,-34.378781401126979],[-59.399448695841514,-34.378509373183292],[-59.399450626309623,-34.378238945398181],[-59.399452556752003,-34.377968517600983],[-59.399454487168661,-34.37769808979175],[-59.399456417559584,-34.377427661970422],[-59.399458347924799,-34.377157234137051],[-59.399460278264272,-34.376886806291594],[-59.399462208578029,-34.376616378434086],[-59.399137982555949,-34.37634434966975],[-59.399139913866449,-34.376073921804206],[-59.399141845151185,-34.375803493926632],[-59.399143776410192,-34.375533066036951],[-59.398819555551782,-34.375261036435852],[-59.398495336789644,-34.37498900598586],[-59.398171120123749,-34.374716974686997],[-59.39817305442412,-34.374446546797486],[-59.398174988698706,-34.374176118895903],[-59.398176922947513,-34.373905690982248],[-59.398178857170549,-34.373635263056521],[-59.398180791367807,-34.37336483511875],[-59.397856581909558,-34.373092802991479],[-59.397858517103252,-34.372822375045715],[-59.397860452271189,-34.372551947087871],[-59.397862387413319,-34.372281519117976],[-59.397864322529664,-34.372011091136017],[-59.397866257620215,-34.371740663141999],[-59.397868192684975,-34.371470235135888],[-59.397870127723934,-34.37119980711774],[-59.397872062737129,-34.370929379087507],[-59.397873997724524,-34.370658951045208],[-59.397549799561766,-34.370386918106036],[-59.397551735545463,-34.370116490055771],[-59.397553671503346,-34.369846061993435],[-59.397881737416206,-34.369577238755369],[-59.397883672274666,-34.369306810652738],[-59.397885607107334,-34.369036382538056],[-59.397887541914201,-34.368765954411309],[-59.397889476695305,-34.368495526272483],[-59.397891411450615,-34.368225098121592],[-59.397893346180133,-34.367954669958635],[-59.397895280883859,-34.367684241783621],[-59.397897215561827,-34.367413813596535],[-59.397899150213995,-34.36714338539737],[-59.39790108484037,-34.366872957186168],[-59.397903019440975,-34.3666025289629],[-59.397904954015786,-34.366332100727547],[-59.397906888564805,-34.366061672480136],[-59.397908823088066,-34.365791244220659],[-59.397910757585528,-34.365520815949111],[-59.397912692057204,-34.365250387665519],[-59.397914626503123,-34.364979959369826],[-59.397916560923235,-34.364709531062097],[-59.397918495317569,-34.364439102742296],[-59.397920429686117,-34.364168674410415],[-59.397922364028894,-34.363898246066491],[-59.397924298345892,-34.363627817710494],[-59.397926232637118,-34.363357389342418],[-59.397928166902553,-34.363086960962313],[-59.397930101142201,-34.362816532570108],[-59.398258138123389,-34.362547707713361],[-59.398260071264005,-34.362277279280882],[-59.398262004378864,-34.362006850836345],[-59.398263937467952,-34.361736422379742],[-59.398265870531297,-34.361465993911089],[-59.398267803568856,-34.361195565430343]]}},
{"type":"Feature","properties":{"length_m":1813.6753236814702,"Name":"Red de drenaje ≥ 2 km²"},"geometry":{"type":"LineString","coordinates":[[-59.398267803568856,-34.361195565430343],[-59.398269736580673,-34.360925136937567],[-59.398271669566711,-34.360654708432698],[-59.398273602526984,-34.360384279915785],[-59.398275535461501,-34.360113851386799],[-59.397951376077089,-34.359841819459746],[-59.397953310007438,-34.359571390922767],[-59.39795524391198,-34.35930096237373],[-59.397631088665335,-34.359028929606488],[-59.397633023565632,-34.358758501049486],[-59.397634958440143,-34.358488072480412],[-59.397310807331053,-34.358216038873081],[-59.397312743201248,-34.357945610296042],[-59.397314679045621,-34.357675181706952],[-59.397316614864209,-34.357404753105797],[-59.397318550657012,-34.357134324492577],[-59.397320486423993,-34.356863895867292],[-59.396996342516466,-34.356591861432243],[-59.396998279279032,-34.356321432798985],[-59.396674138487185,-34.35604939751984],[-59.396676076245257,-34.35577896887866],[-59.396351938569019,-34.355506932755496],[-59.396353877322554,-34.355236504106387],[-59.396355816050232,-34.354966075445191],[-59.396357754752081,-34.354695646771944],[-59.396033622233801,-34.354423609813054],[-59.395709491809654,-34.354151572006096],[-59.395711432528067,-34.353881143329033],[-59.395713373220616,-34.353610714639949],[-59.395389246932851,-34.35333867599325],[-59.395391188620671,-34.353068247296228],[-59.395393130282599,-34.352797818587142],[-59.39506900813106,-34.352525779100759],[-59.395070950788202,-34.352255350383771],[-59.395072893419439,-34.351984921654733],[-59.395074836024783,-34.351714492913615],[-59.395076778604256,-34.351444064160454],[-59.394752662630751,-34.351172023842764],[-59.39442854875103,-34.350899982677198],[-59.394430493346583,-34.350629553920314],[-59.394432437916201,-34.350359125151357],[-59.394434382459906,-34.350088696370328],[-59.394436326977676,-34.349818267577248],[-59.394438271469539,-34.349547838772111],[-59.394440215935496,-34.349277409954887],[-59.394116110274972,-34.349005367966548],[-59.393792006707997,-34.348733325130425],[-59.393467905234566,-34.348461281446532],[-59.393143805854628,-34.348189236914891],[-59.393145754377926,-34.347918808102413],[-59.392821658112226,-34.347646762727251],[-59.392823607630291,-34.347376333906936],[-59.392825557122379,-34.34710590507455],[-59.392501464991483,-34.346833858860165]]}},
{"type":"Feature","properties":{"length_m":1176.3961030678929,"Name":"Red de drenaje ≥ 2 km²"},"geometry":{"type":"LineString","coordinates":[[-59.397635671846103,-34.312783868730712],[-59.397311694241843,-34.312511834964745],[-59.396987718727374,-34.312239800351982],[-59.396661810679227,-34.312238195471238],[-59.396337838325223,-34.311966159160846],[-59.396013868060933,-34.311694122003722],[-59.395687962179927,-34.31169251455421],[-59.395363995076067,-34.311420475699563],[-59.395040030061864,-34.311148435998248],[-59.394716067137338,-34.310876395450308],[-59.394390164494233,-34.31087478458138],[-59.394066204730017,-34.31060274233608],[-59.393740303183499,-34.310601129749386],[-59.393414401662909,-34.310599516295703],[-59.393090446129712,-34.310327471502355],[-59.392766492686107,-34.310055425862529],[-59.392442541332017,-34.309783379376199],[-59.392118592067455,-34.309511332043456],[-59.391794644892386,-34.309239283864279],[-59.39146874875135,-34.309237665290176],[-59.39114480473647,-34.308965615413953],[-59.390818909692172,-34.308963995122284],[-59.390493014673929,-34.308962373963652],[-59.390169074889954,-34.308690321539906],[-59.389843180968519,-34.308688698663744],[-59.389517287073147,-34.308687074920641],[-59.389191393203873,-34.30868545031062],[-59.388865499360683,-34.308683824833665],[-59.388539605543627,-34.308682198489763],[-59.388213711752698,-34.308680571278941],[-59.387887817987917,-34.30867894320118],[-59.38756192424929,-34.308677314256478],[-59.387236030536833,-34.30867568444485],[-59.38691013685056,-34.308674053766289]]}},
{"type":"Feature","properties":{"length_m":1398.8225099390852,"Name":"Red de drenaje ≥ 2 km²"},"geometry":{"type":"LineString","coordinates":[[-59.39483744343466,-34.47530240529349],[-59.39451090285916,-34.475300788024136],[-59.394184362309666,-34.47529916988244],[-59.393857821786227,-34.475297550868405],[-59.393531281288844,-34.475295930982035],[-59.393204740817538,-34.475294310223354],[-59.392878200372323,-34.475292688592333],[-59.392551659953192,-34.475291066088978],[-59.392227080326649,-34.475019019575782],[-59.391900541013065,-34.475017395344111],[-59.391575964572546,-34.474745347123196],[-59.391251390238608,-34.47447329805054],[-59.390924853110064,-34.474471671234625],[-59.390922888182743,-34.474742094330921],[-59.39092092322926,-34.475012517415159],[-59.3909189582496,-34.47528294048729],[-59.390916993243735,-34.475553363547334],[-59.390915028211687,-34.475823786595299],[-59.390913063153455,-34.476094209631171],[-59.390584553593456,-34.476363004852182],[-59.390256041926712,-34.476631799155982],[-59.389927528153216,-34.47690059254257],[-59.389599012272917,-34.477169385011905],[-59.389270494285817,-34.477438176563972],[-59.388943945727782,-34.477436544333727],[-59.38861739719605,-34.477434911231043],[-59.388290848690573,-34.477433277255997],[-59.387962325515197,-34.477702065224271],[-59.38796035079266,-34.47797248802793],[-59.387631824430642,-34.478241275050301],[-59.387303295961672,-34.478510061155262],[-59.386974765385766,-34.478778846342777],[-59.387299342118418,-34.479050906612144],[-59.387623920958092,-34.479322966029891],[-59.387621945024144,-34.479593388744568],[-59.387619969063849,-34.479863811447167],[-59.387291434115802,-34.480132597380866],[-59.38728945704927,-34.480403020042822],[-59.387287479956406,-34.480673442692691],[-59.387285502837194,-34.480943865330481],[-59.3869569625422,-34.481212650261021]]}},
{"type":"Feature","properties":{"length_m":913.67532368147135,"Name":"Red de drenaje ≥ 2 km²"},"geometry":{"type":"LineString","coordinates":[[-59.394104207570557,-34.486386512125783],[-59.393777623849367,-34.486384892444207],[-59.393452997776741,-34.486112849182668],[-59.393128373811876,-34.485840805068953],[-59.392803751954723,-34.485568760103099],[-59.392479132205281,-34.485296714285127],[-59.392152552830055,-34.485295090305392],[-59.391827936268236,-34.485023042779005],[-59.391503321814056,-34.484750994400571],[-59.391176744624914,-34.484749367835583],[-59.390852133358322,-34.484477317748855],[-59.390854099228484,-34.484206895087638],[-59.390529491097055,-34.483934844153204],[-59.390204885073132,-34.483662792366829],[-59.389880281156714,-34.483390739728513],[-59.38955567934773,-34.483118686238328],[-59.389231079646223,-34.482846631896258],[-59.388906482052114,-34.482574576702362],[-59.388581886565362,-34.482302520656646],[-59.388257293185987,-34.482030463759145],[-59.387930726796633,-34.482028828632231],[-59.387606136604539,-34.481756770026863],[-59.387281548519731,-34.481484710569788],[-59.3869569625422,-34.481212650261021]]}},
{"type":"Feature","properties":{"length_m":30.0,"Name":"Red de drenaje ≥ 2 km²"},"geometry":{"type":"LineString","coordinates":[[-59.392501464991483,-34.346833858860165],[-59.392503415478259,-34.346563430019962]]}},
{"type":"Feature","properties":{"length_m":1206.3961030678925,"Name":"Red de drenaje ≥ 2 km²"},"geometry":{"type":"LineString","coordinates":[[-59.387543978223583,-34.356004059174886],[-59.387545945301405,-34.355733630990336],[-59.387547912353014,-34.355463202793736],[-59.387875953037224,-34.355194405486678],[-59.387877918989318,-34.354923977249506],[-59.388205956506056,-34.354655179000595],[-59.388207921358656,-34.354384750722872],[-59.388209886185102,-34.354114322433091],[-59.38821185098535,-34.353843894131245],[-59.388213815759421,-34.353573465817334],[-59.388541846889161,-34.353304666541227],[-59.388869875924925,-34.353035866351853],[-59.388871838526484,-34.352765437968934],[-59.388873801101873,-34.352495009573929],[-59.389201825897423,-34.352226208414436],[-59.389203787373589,-34.351955779978908],[-59.389205748823578,-34.351685351531351],[-59.389533769379149,-34.351416549401755],[-59.389861787840907,-34.351147746359047],[-59.390189804208894,-34.350878942403227],[-59.390517818483119,-34.350610137534318],[-59.390845830663636,-34.350341331752382],[-59.391173840750476,-34.350072525057378],[-59.391501848743616,-34.349803717449397],[-59.391503802656821,-34.349533288790802],[-59.391505756543964,-34.349262860120163],[-59.391507710405079,-34.348992431437431],[-59.39183571308611,-34.348723622831322],[-59.391837665848392,-34.34845319410816],[-59.391839618584648,-34.348182765372925],[-59.392167617026615,-34.347913955797146],[-59.392495613375175,-34.347645145308455],[-59.392497563939919,-34.347374716504426],[-59.392499514478693,-34.347104287688339],[-59.392501464991483,-34.346833858860165]]}},
{"type":"Feature","properties":{"length_m":1723.6753236814707,"Name":"Red de drenaje ≥ 2 km²"},"geometry":{"type":"LineString","coordinates":[[-59.392503415478259,-34.346563430019962],[-59.392505365939037,-34.346293001167666],[-59.392181277942754,-34.346020954114145],[-59.392183229398157,-34.345750525254019],[-59.392185180827546,-34.345480096381849],[-59.392187132230951,-34.345209667497592],[-59.391863049389656,-34.344937619609198],[-59.3918650017876,-34.344667190717161],[-59.391540922059967,-34.344395141985473],[-59.391216844425443,-34.344123092406271],[-59.391218798838359,-34.343852663510681],[-59.391220753225205,-34.343582234602991],[-59.390896679724626,-34.343310184184858],[-59.390572608317001,-34.343038132919276],[-59.390574564718655,-34.342767704008097],[-59.390576521094225,-34.342497275084845],[-59.390252453820281,-34.342225222980431],[-59.390254411190121,-34.341954794049414],[-59.390256368533862,-34.341684365106325],[-59.389932305393408,-34.341412312163129],[-59.389934263731355,-34.341141883212259],[-59.389936222043211,-34.340871454249346],[-59.38961216303602,-34.340599400467447],[-59.389614122342017,-34.340328971496767],[-59.389290066447728,-34.34005691687188],[-59.38896601264608,-34.339784861399735],[-59.388641960937022,-34.339512805080389],[-59.388643923277392,-34.339242376110626],[-59.388645885591615,-34.338971947128798],[-59.388647847879689,-34.338701518134883],[-59.388649810141601,-34.33843108912891],[-59.388325764605476,-34.338159031979721],[-59.388327727861295,-34.337888602966039],[-59.388329691090938,-34.337618173940271],[-59.388005649687294,-34.337346115952641],[-59.38800761391078,-34.337075686919157],[-59.387683575619462,-34.336803628088802],[-59.38735953942043,-34.336531568411367],[-59.387035505313669,-34.336259507886908],[-59.387037472570768,-34.33598907885446],[-59.387039439801647,-34.335718649809948],[-59.387041407006322,-34.335448220753385],[-59.387043374184749,-34.33517779168475],[-59.387045341336993,-34.334907362604078],[-59.387047308462989,-34.334636933511291],[-59.387049275562781,-34.334366504406468],[-59.387051242636339,-34.334096075289594],[-59.3870532096837,-34.333825646160633],[-59.387055176704827,-34.333555217019622],[-59.387057143699764,-34.333284787866546],[-59.386733122903109,-34.333012726543267]]}},
{"type":"Feature","properties":{"length_m":4340.4372260139517,"Name":"Red de drenaje ≥ 2 km²"},"geometry":{"type":"LineString","coordinates":[[-59.3869569625422,-34.481212650261021],[-59.386630399419126,-34.481211011693333],[-59.386303836322398,-34.481209372253133],[-59.385975291865684,-34.48147815448813],[-59.385646745301699,-34.481746935805504],[-59.385320180176933,-34.481745293714738],[-59.384993615078606,-34.481743650751426],[-59.38466705000674,-34.481742006915596],[-59.384340484961328,-34.481740362207205],[-59.384013919942376,-34.481738716626303],[-59.383687354949913,-34.481737070172855],[-59.383360789983961,-34.481735422846882],[-59.383034225044518,-34.481733774648369],[-59.382707660131608,-34.481732125577331],[-59.382379102215893,-34.482000897975269],[-59.382050542192871,-34.482269669455377],[-59.381721980062515,-34.482538440017649],[-59.381393415824789,-34.482807209662063],[-59.381064849479664,-34.48307597838857],[-59.380736281027126,-34.483344746197147],[-59.380407710467153,-34.483613513087782],[-59.380079137799711,-34.483882279060438],[-59.379750563024757,-34.484151044115087],[-59.379421986142262,-34.484419808251701],[-59.379093407152226,-34.484688571470272],[-59.378764826054613,-34.484957333770744],[-59.378438248843231,-34.484955673156442],[-59.378111671658552,-34.484954011669515],[-59.377785094500645,-34.484952349309928],[-59.37745851736949,-34.484950686077731],[-59.377131940265102,-34.484949021972881],[-59.376805363187522,-34.484947356995399],[-59.376476773820016,-34.485216113041609],[-59.376148182344885,-34.485484868169564],[-59.375821603240105,-34.485483200540656],[-59.375495024162156,-34.485481532039088],[-59.375170461669896,-34.485209440847747],[-59.37517247820184,-34.484939019018498],[-59.374847918844118,-34.484666926980694],[-59.374523361593972,-34.484394834091745],[-59.374198806451375,-34.484122740351722],[-59.374200826037082,-34.483852318524519],[-59.373876274028838,-34.483580223938155],[-59.373878294614464,-34.483309802103591],[-59.373880315173132,-34.48303938025694],[-59.373882335704891,-34.482768958398189],[-59.373884356209722,-34.482498536527338],[-59.373886376687636,-34.482228114644407],[-59.374214962383562,-34.481959365395575],[-59.374216981753989,-34.481688943471632],[-59.374219001097508,-34.481418521535609],[-59.374221020414105,-34.4811480995875],[-59.373896478673345,-34.480876005048394],[-59.37357193903977,-34.480603909658321],[-59.373247401513346,-34.48033181341733],[-59.372922866094029,-34.480059716325435],[-59.372596308332035,-34.480058040307085],[-59.372269750597027,-34.480056363416253],[-59.37194319288902,-34.480054685652945],[-59.371616635207992,-34.480053007017169],[-59.371292106217922,-34.479780905652021],[-59.370967579334895,-34.479508803436097],[-59.370643054558911,-34.47923670036942],[-59.370318531889943,-34.478964596452016],[-59.369994011327925,-34.478692491683937],[-59.369669492872873,-34.478420386065167],[-59.369671526641859,-34.478149964220265],[-59.369673560383752,-34.477879542363283],[-59.369675594098553,-34.477609120494179],[-59.369677627786231,-34.477338698613003],[-59.369679661446817,-34.477068276719727],[-59.369681695080295,-34.476797854814379],[-59.369683728686681,-34.476527432896923],[-59.369685762265959,-34.476257010967373],[-59.369687795818159,-34.47598658902573],[-59.369689829343258,-34.475716167072001],[-59.369691862841236,-34.475445745106178],[-59.369693896312143,-34.475175323128262],[-59.369369392279111,-34.474903216717017],[-59.369371426749083,-34.474632794731846],[-59.369044890352654,-34.474631109455245],[-59.368720390532722,-34.474359001342982],[-59.368395892819265,-34.474086892380278],[-59.36806935861074,-34.474085204520726],[-59.367744864084159,-34.473813093852293],[-59.367420371663997,-34.473540982333446],[-59.367422412317609,-34.473270560389629],[-59.367424452944014,-34.473000138433733],[-59.367426493543228,-34.472729716465729],[-59.367428534115248,-34.472459294485631],[-59.367104047905372,-34.472187182136047],[-59.367106089476145,-34.471916760148765],[-59.366781606398455,-34.471644646953798],[-59.366457125426948,-34.471372532908575],[-59.366132646561624,-34.471100418013094],[-59.36580816980247,-34.470828302267392],[-59.365483695149422,-34.470556185671519],[-59.365159222602479,-34.470284068225475],[-59.364834752161592,-34.470011949929308],[-59.364510283826739,-34.469739830783013],[-59.364185817597907,-34.469467710786624],[-59.363861353475038,-34.469195589940192],[-59.363536891458139,-34.468923468243716],[-59.36321243154714,-34.468651345697275],[-59.362887973742048,-34.468379222300797],[-59.362563518042798,-34.468107098054411],[-59.362237007492979,-34.468105394870733],[-59.361912554979909,-34.467833268919463],[-59.361588104572633,-34.467561142118321],[-59.361261596210888,-34.467559436352715],[-59.360937148989727,-34.46728730784681],[-59.360612703874295,-34.467015178491081],[-59.360288260864607,-34.466743048285565],[-59.359961755771351,-34.466741339083292],[-59.359637315947673,-34.466469207173176],[-59.359312878229666,-34.466197074413351],[-59.358986375324648,-34.466195362629406],[-59.358661940792622,-34.46592322816511],[-59.358337508366212,-34.465651092851161],[-59.35801307804536,-34.465378956687594]]}},
{"type":"Feature","properties":{"length_m":2240.0714267493622,"Name":"Red de drenaje ≥ 2 km²"},"geometry":{"type":"LineString","coordinates":[[-59.367242535732714,-34.410528968838612],[-59.367566787306153,-34.410801080924642],[-59.367893075360875,-34.410802767426297],[-59.368219363442698,-34.410804453057722],[-59.368545651551635,-34.410806137818923],[-59.368871939687651,-34.410807821709902],[-59.36919822785071,-34.410809504730643],[-59.369526545145398,-34.410540762048349],[-59.369854860340183,-34.410272018449874],[-59.37018317343513,-34.410003273935281],[-59.370509458556562,-34.410004953424405],[-59.370835743704973,-34.410006632043348],[-59.371162028880363,-34.410008309792069],[-59.371488314082754,-34.410009986670588],[-59.371816620986138,-34.40974123769157],[-59.37214492578974,-34.409472487796556],[-59.372473228493561,-34.409203736985546],[-59.37280152909765,-34.408934985258611],[-59.373129827602,-34.408666232615737],[-59.373456107716493,-34.408667904188938],[-59.373784403098192,-34.408399149743197],[-59.374112696380216,-34.408130394381608],[-59.374438974475623,-34.408132063310717],[-59.37476726463504,-34.407863306146368],[-59.375095552694823,-34.407594548066228],[-59.375423838655031,-34.407325789070349],[-59.375750113708278,-34.407327454468614],[-59.376078396545928,-34.40705869367013],[-59.376406677284052,-34.406789931955949],[-59.376732950318022,-34.406791594710391],[-59.377061227933631,-34.406522831193726],[-59.377387499971285,-34.406524492191245],[-59.377715774464384,-34.406255726872146],[-59.378044046858044,-34.405986960637506],[-59.3783703168763,-34.405988618991366],[-59.378698586147479,-34.405719850954426],[-59.37902685331926,-34.405451082001967],[-59.379353121318069,-34.405452737712253],[-59.379681385367412,-34.405183966957615],[-59.380009647317422,-34.404915195287536],[-59.380337907168119,-34.404646422702072],[-59.380666164919504,-34.404377649201216],[-59.380994420571646,-34.40410887478501],[-59.381322674124554,-34.403840099453483],[-59.381650925578263,-34.403571323206656],[-59.381979174932781,-34.403302546044536],[-59.382305434773571,-34.403304193791612],[-59.382631694640857,-34.403305840668686],[-59.382957954534596,-34.403307486675779],[-59.383286198720661,-34.403038705938741],[-59.383614440807612,-34.402769924286545],[-59.38394069868157,-34.402771567650575],[-59.384268937646297,-34.402502784196734],[-59.384597174511967,-34.402233999827793],[-59.384923430366044,-34.402235640548888],[-59.385249686246503,-34.402237280399987],[-59.385575942153324,-34.402238919381134],[-59.385902198086484,-34.402240557492341],[-59.386228454045977,-34.402242194733581],[-59.386554710031795,-34.402243831104862],[-59.386880966043918,-34.402245466606182],[-59.387207222082317,-34.402247101237549]]}},
{"type":"Feature","properties":{"length_m":929.11688245431424,"Name":"Red de drenaje ≥ 2 km²"},"geometry":{"type":"LineString","coordinates":[[-59.387080745593948,-34.330039637088682],[-59.386754769333209,-34.330038005111433],[-59.386430761844423,-34.329765942989553],[-59.38610478668194,-34.329764309293509],[-59.385780782356733,-34.329492245473723],[-59.385782753141491,-34.329221816205532],[-59.385458751927288,-34.328949751543441],[-59.385134752804575,-34.328677686034666],[-59.384810755773309,-34.328405619679231],[-59.384486760833475,-34.328133552477162],[-59.384488735669656,-34.327863123214605],[-59.384490710479497,-34.327592693939998],[-59.384492685263034,-34.327322264653304],[-59.384168695472603,-34.327050196617975],[-59.38384470777347,-34.326778127736091],[-59.383520722165557,-34.326506058007666],[-59.383522699980652,-34.326235628722301],[-59.383524677769344,-34.325965199424878],[-59.383526655531703,-34.325694770115383],[-59.383528633267673,-34.325424340793809],[-59.383204653827853,-34.325152270236785],[-59.383206632556657,-34.324881840907636],[-59.383208611259086,-34.324611411566423],[-59.383210589935139,-34.324340982213144],[-59.382886615643798,-34.324068910823144],[-59.382562643443421,-34.32379683858673],[-59.38223669160066,-34.323795194843768]]}},
{"type":"Feature","properties":{"length_m":367.27922061357856,"Name":"Red de drenaje ≥ 2 km²"},"geometry":{"type":"LineString","coordinates":[[-59.386733122903109,-34.333012726543267],[-59.386409104198364,-34.332740664373119],[-59.38673705885374,-34.33247186820968],[-59.387065011417256,-34.332203071133598],[-59.387066978281098,-34.331932641920211],[-59.387068945118713,-34.331662212694752],[-59.387070911930124,-34.331391783457228],[-59.387072878715308,-34.331121354207646],[-59.387074845474295,-34.330850924945992],[-59.387076812207063,-34.330580495672287],[-59.387078778913612,-34.330310066386517],[-59.387080745593948,-34.330039637088682]]}},
{"type":"Feature","properties":{"length_m":2127.3506473629413,"Name":"Red de drenaje ≥ 2 km²"},"geometry":{"type":"LineString","coordinates":[[-59.374561185100106,-34.347825278142629],[-59.37488923654621,-34.347556515429417],[-59.375217285898927,-34.347287751802419],[-59.375219291911691,-34.347017323862339],[-59.375547338097668,-34.346748559292756],[-59.37554934301032,-34.34647813131177],[-59.37587738602965,-34.346209365799638],[-59.376205426955742,-34.345940599373812],[-59.376533465788597,-34.345671832034313],[-59.376861502528293,-34.34540306378117],[-59.377189537174793,-34.345134294614418],[-59.377517569728191,-34.344865524534079],[-59.377845600188479,-34.344596753540181],[-59.378173628555679,-34.344327981632738],[-59.378501654829819,-34.3440592088118],[-59.378829679010927,-34.343790435077374],[-59.379157701099039,-34.343521660429488],[-59.379485721094206,-34.343252884868164],[-59.379813738996404,-34.342984108393452],[-59.380141754805692,-34.342715331005344],[-59.38046976852209,-34.342446552703905],[-59.380797780145627,-34.342177773489119],[-59.381125789676325,-34.341908993361073],[-59.381453797114204,-34.341640212319717],[-59.381781802459315,-34.341371430365122],[-59.382109805711679,-34.341102647497323],[-59.382437806871302,-34.34083386371632],[-59.382765805938234,-34.340565079022156],[-59.382767787217212,-34.340294650397233],[-59.38309578311874,-34.340025864761309],[-59.383097763298601,-34.3397554360957],[-59.383425756034832,-34.339486649518072],[-59.383427735115646,-34.339216220811807],[-59.38342971417007,-34.338945792093455],[-59.383757702668497,-34.338677004545552],[-59.384085689074439,-34.33840821608463],[-59.384087665957288,-34.338137787297015],[-59.384089642813798,-34.337867358497355],[-59.384091619643975,-34.337596929685645],[-59.384419600739825,-34.337328140225956],[-59.384747579743355,-34.337059349853341],[-59.385075556654563,-34.336790558567806],[-59.385403531473486,-34.336521766369358],[-59.385731504200137,-34.336252973258084],[-59.386059474834589,-34.335984179233932],[-59.386385474053739,-34.335985813308589],[-59.386713441576113,-34.335717017487376],[-59.386715409826849,-34.335446588447262],[-59.386717378051372,-34.335176159395068],[-59.386719346249649,-34.334905730330817],[-59.386721314421692,-34.334635301254508],[-59.386723282567502,-34.33436487216612],[-59.386725250687093,-34.33409444306568],[-59.386727218780436,-34.333824013953169],[-59.38672918684756,-34.333553584828607],[-59.386731154888452,-34.333283155691959],[-59.386733122903109,-34.333012726543267]]}},
{"type":"Feature","properties":{"length_m":60.0,"Name":"Red de drenaje ≥ 2 km²"},"geometry":{"type":"LineString","coordinates":[[-59.38691013685056,-34.308674053766289],[-59.386912102479648,-34.30840362352],[-59.38691406808254,-34.308133193261668]]}},
{"type":"Feature","properties":{"length_m":1158.8225099390856,"Name":"Red de drenaje ≥ 2 km²"},"geometry":{"type":"LineString","coordinates":[[-59.381632392479546,-34.31730159806655],[-59.381634375669314,-34.317031168470386],[-59.381636358832651,-34.316760738862165],[-59.381638341969534,-34.316490309241871],[-59.381966247602207,-34.31622152462311],[-59.381968229641167,-34.315951094962124],[-59.381970211653716,-34.315680665289079],[-59.381972193639847,-34.315410235603963],[-59.382300093967956,-34.315141449986932],[-59.382627992206018,-34.314872663457564],[-59.382955888354061,-34.314603876015909],[-59.3832837824121,-34.314335087661959],[-59.383285760086231,-34.314064657850317],[-59.383287737734015,-34.313794228026602],[-59.383615627559458,-34.31352543870323],[-59.383943515295009,-34.313256648467629],[-59.383945490773861,-34.312986218574686],[-59.383947466226381,-34.312715788669699],[-59.384275349729627,-34.312446997464768],[-59.3842773240846,-34.312176567519124],[-59.384605204426869,-34.311907775373527],[-59.384607177684366,-34.311637345387247],[-59.384935054865771,-34.311368552300955],[-59.385262929957527,-34.311099758302603],[-59.385264901046497,-34.310829328247159],[-59.385592772977525,-34.310560533308255],[-59.385594742969168,-34.310290103212218],[-59.385922611739581,-34.310021307332754],[-59.385924580633954,-34.30975087719613],[-59.386252446243851,-34.309482080376185],[-59.386580309764277,-34.309213282644315],[-59.386582276490493,-34.308942852438577],[-59.38691013685056,-34.308674053766289]]}},
{"type":"Feature","properties":{"length_m":744.85281374238571,"Name":"Red de drenaje ≥ 2 km²"},"geometry":{"type":"LineString","coordinates":[[-59.38223669160066,-34.323795194843768],[-59.382238673333987,-34.323524765503947],[-59.38224065504091,-34.32325433615209],[-59.382242636721415,-34.322983906788153],[-59.382244618375516,-34.322713477412172],[-59.382246600003192,-34.322443048024112],[-59.382248581604451,-34.322172618624002],[-59.382250563179319,-34.321902189211841],[-59.38225254472777,-34.321631759787579],[-59.38225452624981,-34.321361330351266],[-59.382256507745424,-34.321090900902909],[-59.382258489214642,-34.320820471442474],[-59.38226047065745,-34.320550041969973],[-59.382262452073839,-34.320279612485422],[-59.382264433463831,-34.320009182988784],[-59.382266414827406,-34.319738753480102],[-59.382268396164569,-34.319468323959356],[-59.38194444342998,-34.31919625009786],[-59.381946425759551,-34.318925820569575],[-59.381948408062712,-34.318655391029218],[-59.381950390339448,-34.31838496147676],[-59.381952372589772,-34.318114531912286],[-59.381954354813658,-34.317844102335748],[-59.381630409263344,-34.317572027650648],[-59.381632392479546,-34.31730159806655]]}},
{"type":"Feature","properties":{"length_m":2957.0562748477114,"Name":"Red de drenaje ≥ 2 km²"},"geometry":{"type":"LineString","coordinates":[[-59.360289195592209,-34.338015765961536],[-59.360617253245145,-34.337747041142535],[-59.360945308805746,-34.337478315409328],[-59.36094735988727,-34.337207887780522],[-59.361275412282062,-34.336939161103892],[-59.361603462584604,-34.336670433513092],[-59.361605511491902,-34.336400005813793],[-59.36160756037188,-34.336129578102444],[-59.361935606435381,-34.33586084953911],[-59.361937654214678,-34.335590421786492],[-59.36226569711269,-34.335321692279898],[-59.36259373791858,-34.335052961859212],[-59.362921776632405,-34.334784230524527],[-59.363249813254185,-34.33451549827582],[-59.363577847783965,-34.334246765113114],[-59.363905880221743,-34.333978031036473],[-59.364233910567556,-34.333709296045903],[-59.364559899628148,-34.333710988127237],[-59.364885888715918,-34.333712679340849],[-59.365213914932227,-34.333443941666843],[-59.365539903028342,-34.333445631127958],[-59.365865891151607,-34.333447319721387],[-59.366193913238362,-34.333178579364066],[-59.366519900369916,-34.333180266205048],[-59.366845887528555,-34.3331819521783],[-59.367173905485714,-34.332913209137814],[-59.367499891652571,-34.332914893358684],[-59.367827906499031,-34.3326461485198],[-59.368153891674034,-34.332647830988314],[-59.368481903409773,-34.332379084351111],[-59.368807887592915,-34.332380765067278],[-59.369133871803044,-34.332382444915787],[-59.369461879409158,-34.332113695595737],[-59.369787862627362,-34.332115373691927],[-59.370115867122756,-34.331846622573721],[-59.370441849348957,-34.33184829891767],[-59.370767831602087,-34.331849974393947],[-59.371095831967828,-34.331581220593129],[-59.371423830241852,-34.331312465878831],[-59.371749810483948,-34.331314138718369],[-59.372077805647287,-34.331045382206135],[-59.372405798718944,-34.330776624780505],[-59.372733789698984,-34.330507866441515],[-59.37305976691097,-34.330509535759973],[-59.373387754780374,-34.330240775623182],[-59.373715740558197,-34.329972014573094],[-59.374043724244451,-34.329703252609718],[-59.374371705839181,-34.329434489733096],[-59.374699685342364,-34.329165725943263],[-59.375027662754086,-34.328896961240225],[-59.375355638074346,-34.328628195624027],[-59.375683611303181,-34.328359429094668],[-59.376011582440611,-34.328090661652212],[-59.376339551486652,-34.327821893296658],[-59.376667518441366,-34.327553124028036],[-59.376993484471086,-34.327554782751065],[-59.377321448315456,-34.327286011685153],[-59.37764741335279,-34.327287668656425],[-59.377973378416733,-34.327289324760152],[-59.378299343507287,-34.327290979996356],[-59.378625308624414,-34.327292634365016],[-59.378951273768138,-34.327294287866174],[-59.379277238938379,-34.327295940499781],[-59.379603204135194,-34.32729759226585],[-59.379929169358526,-34.327299243164397],[-59.380255134608376,-34.327300893195435],[-59.380581099884736,-34.327302542358922],[-59.380907065187571,-34.327304190654878],[-59.381231045276749,-34.327576267204478],[-59.381558995872673,-34.327307484644201],[-59.381886944377264,-34.327038701171169],[-59.382214890790593,-34.326769916785373],[-59.382216872814503,-34.326499487578275],[-59.382218854811995,-34.326229058359125],[-59.382220836783056,-34.325958629127889],[-59.382222818727719,-34.325688199884603],[-59.38222480064595,-34.325417770629244],[-59.382226782537778,-34.325147341361806],[-59.38222876440318,-34.324876912082338],[-59.382230746242179,-34.324606482790784],[-59.382232728054746,-34.32433605348718],[-59.382234709840901,-34.324065624171489],[-59.38223669160066,-34.323795194843768]]}},
{"type":"Feature","properties":{"length_m":812.13203435596427,"Name":"Red de drenaje ≥ 2 km²"},"geometry":{"type":"LineString","coordinates":[[-59.373474186549515,-34.318612334940241],[-59.373802126219566,-34.318343572648921],[-59.374128056464571,-34.318345238608913],[-59.374455993025826,-34.318076474520694],[-59.374781922279162,-34.318078138729454],[-59.375107851559214,-34.318079802070962],[-59.375433780865997,-34.318081464545251],[-59.375759710199475,-34.318083126152302],[-59.376087640596559,-34.317814357615333],[-59.376413568938219,-34.317816017471195],[-59.376739497306531,-34.317817676459846],[-59.377065425701502,-34.317819334581245],[-59.377391354123098,-34.317820991835454],[-59.377717282571304,-34.317822648222432],[-59.378043211046105,-34.317824303742185],[-59.378369139547509,-34.317825958394707],[-59.378695068075473,-34.317827612180018],[-59.379020996630004,-34.317829265098105],[-59.37934891576981,-34.317560487693221],[-59.379674843332261,-34.317562138860225],[-59.380000770921221,-34.317563789159998],[-59.380326698536699,-34.317565438592545],[-59.380654612530293,-34.317296657623586],[-59.380980539153576,-34.317298305305123],[-59.381306465803348,-34.317299952119427],[-59.381632392479546,-34.31730159806655]]}},
{"type":"Feature","properties":{"length_m":2375.5129855222058,"Name":"Red de drenaje ≥ 2 km²"},"geometry":{"type":"LineString","coordinates":[[-59.375760838741314,-34.449785745431448],[-59.375434398673463,-34.449784078271755],[-59.375107958632434,-34.449782410240587],[-59.374781518618263,-34.449780741337932],[-59.374455078630923,-34.449779071563761],[-59.374128638670463,-34.449777400918109],[-59.37380219873689,-34.449775729400962],[-59.373477778156804,-34.449503633700232],[-59.373153359680629,-34.449231537149572],[-59.372826921931711,-34.449229863051642],[-59.37250250663832,-34.448957764796461],[-59.372176069995227,-34.448956088972437],[-59.371849633379071,-34.448954412276933],[-59.371523196789937,-34.448952734709977],[-59.371196760227775,-34.448951056271554],[-59.370868296004318,-34.44921980016305],[-59.370539829676993,-34.449488543137193],[-59.370211361245723,-34.449757285193947],[-59.369882890710535,-34.45002602633329],[-59.369554418071381,-34.45029476655521],[-59.369225943328217,-34.45056350585967],[-59.368897466481023,-34.450832244246641],[-59.368571022771469,-34.450830558717833],[-59.368242542795308,-34.45109929529881],[-59.367914060715087,-34.451368030962229],[-59.367587614982853,-34.451366342784894],[-59.367259129773629,-34.451635076642198],[-59.366930642460261,-34.451903809581871],[-59.366604194705417,-34.451902118755903],[-59.36627570426301,-34.45217084988937],[-59.365949255510529,-34.452169157303253],[-59.36562076193907,-34.45243788663042],[-59.365294312188972,-34.452436192284132],[-59.364965815488453,-34.452704919804923],[-59.364639364740789,-34.452703223698428],[-59.364312914020402,-34.452701526720361],[-59.363986463327336,-34.452699828870728],[-59.363657961448112,-34.452968552807754],[-59.363331509757565,-34.452966853197836],[-59.363003004749281,-34.453235575328314],[-59.362676552061323,-34.453233873958126],[-59.362350099400722,-34.453232171716316],[-59.362023646767533,-34.453230468602925],[-59.361697194161749,-34.453228764617926],[-59.36137074158335,-34.453227059761346],[-59.361044289032428,-34.453225354033144],[-59.360717836508933,-34.453223647433362],[-59.360389322223227,-34.453492362424711],[-59.360062868702521,-34.453490654064559],[-59.359736415209298,-34.453488944832785],[-59.359407896769959,-34.453757657128492],[-59.359079376226255,-34.454026368506078],[-59.35875292071124,-34.454024656625066],[-59.358424397038554,-34.454293366195657],[-59.358097940526449,-34.454291652554161],[-59.357769413724725,-34.454560360317693],[-59.357440884818573,-34.45482906716299],[-59.357114426284816,-34.454827350872087],[-59.356785894249619,-34.455096055910218],[-59.356459434718893,-34.455094337858732],[-59.356132975215822,-34.455092618935602],[-59.355804439026947,-34.455361321277536],[-59.355477978526963,-34.455359600593788],[-59.355151518054662,-34.455357879038367],[-59.354825057610064,-34.455356156611288],[-59.354498597193185,-34.455354433312571],[-59.354172136804046,-34.455352709142161],[-59.353845676442646,-34.4553509841001],[-59.353519216108992,-34.455349258186381]]}},
{"type":"Feature","properties":{"length_m":272.13203435596427,"Name":"Red de drenaje ≥ 2 km²"},"geometry":{"type":"LineString","coordinates":[[-59.372916869332833,-34.349709933440813],[-59.373244933393472,-34.349441175354727],[-59.373572995360526,-34.349172416354698],[-59.37390105523405,-34.348903656440754],[-59.373903065594241,-34.34863322864021],[-59.374231122300721,-34.348364467783519],[-59.374559176913706,-34.34809570601297],[-59.374561185100106,-34.347825278142629]]}},
{"type":"Feature","properties":{"length_m":464.55844122715712,"Name":"Red de drenaje ≥ 2 km²"},"geometry":{"type":"LineString","coordinates":[[-59.370310480043628,-34.349426117447528],[-59.370636530308225,-34.349427794021302],[-59.370962580599759,-34.3494294697268],[-59.371288630918208,-34.349431144564107],[-59.371614681263573,-34.349432818533153],[-59.37194073163581,-34.34943449163395],[-59.372266782034949,-34.349436163866507],[-59.372594847061833,-34.349167407521662],[-59.372920896467903,-34.349169078000898],[-59.373248958381332,-34.348900319857044],[-59.373577018201225,-34.348631560799262],[-59.373905075927645,-34.348362800827573],[-59.374233131560594,-34.348094039942033],[-59.374561185100106,-34.347825278142629]]}},
{"type":"Feature","properties":{"length_m":1086.3961030678929,"Name":"Red de drenaje ≥ 2 km²"},"geometry":{"type":"LineString","coordinates":[[-59.3637268704177,-34.314505495925303],[-59.364050745813756,-34.314777617327323],[-59.364376661663563,-34.314779309082688],[-59.364700540221762,-34.315051428789552],[-59.365024420869979,-34.315323547651296],[-59.365348303608229,-34.315595665667885],[-59.365672188436548,-34.315867782839298],[-59.365996075354964,-34.316139899165499],[-59.366319964363541,-34.316412014646509],[-59.366643855462243,-34.316684129282244],[-59.366967748651149,-34.316956243072696],[-59.367291643930251,-34.317228356017843],[-59.367617569456641,-34.31723003925471],[-59.367941467898149,-34.317502150504275],[-59.368265368429938,-34.317774260908486],[-59.368589271052024,-34.318046370467272],[-59.368915199821892,-34.318048050286109],[-59.369241128618725,-34.318049729237721],[-59.369567057442538,-34.318051407322102],[-59.369890965371368,-34.318323513484543],[-59.37021689529422,-34.318325189851372],[-59.370542825244023,-34.318326865350969],[-59.37086673740739,-34.318598968967187],[-59.371192668456175,-34.318600642749168],[-59.371518599531839,-34.318602315663931],[-59.371844530634355,-34.31860398771142],[-59.37217046176373,-34.318605658891684],[-59.372496392919956,-34.318607329204688],[-59.372822324103012,-34.318608998650454],[-59.373148255312856,-34.318610667228974],[-59.373474186549515,-34.318612334940241]]}},
{"type":"Feature","properties":{"length_m":2597.0562748477109,"Name":"Red de drenaje ≥ 2 km²"},"geometry":{"type":"LineString","coordinates":[[-59.350899626591627,-34.329582763396438],[-59.351225598838134,-34.329584490793408],[-59.35155157111241,-34.32958621732277],[-59.351877543414396,-34.32958794298456],[-59.352203515744101,-34.329589667778755],[-59.352529488101496,-34.329591391705357],[-59.352855460486602,-34.329593114764371],[-59.353183508286122,-34.329324409390743],[-59.353509479680817,-34.329326130697211],[-59.353835451103166,-34.329327851136142],[-59.354163494775044,-34.329059143078332],[-59.354489465206925,-34.329060861764759],[-59.354815435666382,-34.329062579583621],[-59.35514347521061,-34.32879386884175],[-59.355469444679528,-34.328795584908171],[-59.355797481114209,-34.328526872367242],[-59.356123449592545,-34.328528586681266],[-59.356451482917663,-34.328259872341313],[-59.356777450405374,-34.328261584902968],[-59.357105480620973,-34.327992868764092],[-59.357431447118003,-34.327994579573406],[-59.357759474224075,-34.327725861635656],[-59.358085439730381,-34.327727570692659],[-59.358413463726954,-34.32745885095612],[-59.358739428242515,-34.32746055826086],[-59.359067449129597,-34.327191836725603],[-59.359393412654342,-34.327193542278103],[-59.359719376206485,-34.327195246963086],[-59.360047392965818,-34.326926522744486],[-59.360373355527095,-34.326928225677278],[-59.360701369176965,-34.326659499660103],[-59.361027330747319,-34.326661200840761],[-59.361355341287691,-34.326392473025088],[-59.361681301867073,-34.326394172453611],[-59.362009309298003,-34.326125442839526],[-59.362337314637784,-34.325856712311662],[-59.362663273207858,-34.32585840910351],[-59.36298923180518,-34.3258601050279],[-59.363315190429745,-34.325861800084795],[-59.363643190623442,-34.325593065989516],[-59.363969148256906,-34.325594759294418],[-59.364295105917527,-34.325596451731855],[-59.36462310198344,-34.325327714953872],[-59.36494905865289,-34.325329405639323],[-59.365277051609333,-34.325060667063248],[-59.365605042474726,-34.324791927573614],[-59.365933031249128,-34.324523187170449],[-59.366261017932523,-34.324254445853775],[-59.366586970555559,-34.324256132133961],[-59.366914954129591,-34.323987389019408],[-59.367242935612694,-34.323718644991374],[-59.36757091500489,-34.323449900049944],[-59.367898892306187,-34.32318115419514],[-59.368224840882689,-34.323182836070401],[-59.368552815074715,-34.322914088417896],[-59.368880787175918,-34.322645339852059],[-59.369208757186328,-34.32237659037294],[-59.369536725105966,-34.322107839980546],[-59.369864690934847,-34.321839088674921],[-59.370192654673012,-34.321570336456091],[-59.370520616320483,-34.321301583324058],[-59.370848575877275,-34.321032829278856],[-59.371176533343437,-34.320764074320536],[-59.371504488718983,-34.320495318449105],[-59.371832442003949,-34.320226561664583],[-59.372160393198335,-34.319957803967021],[-59.372488342302226,-34.319689045356427],[-59.372490354996891,-34.319418616336591],[-59.372818300938214,-34.319149856784094],[-59.373146244789055,-34.318881096318641],[-59.373474186549515,-34.318612334940241]]}},
{"type":"Feature","properties":{"length_m":3182.4978336205554,"Name":"Red de drenaje ≥ 2 km²"},"geometry":{"type":"LineString","coordinates":[[-59.37231254152222,-34.3870271693361],[-59.371988364843403,-34.386755069616584],[-59.371664190262017,-34.386482969049247],[-59.371340017778003,-34.386210867634119],[-59.371013824940896,-34.386209191370895],[-59.370689655629882,-34.385937088255467],[-59.370365488416219,-34.385664984292283],[-59.370041323299866,-34.385392879481437],[-59.369717160280779,-34.385120773822912],[-59.369392999358965,-34.384848667316739],[-59.369068840534375,-34.384576559962952],[-59.368744683806973,-34.384304451761572],[-59.368420529176738,-34.384032342712636],[-59.368096376643642,-34.383760232816172],[-59.36809840828851,-34.383489806860055],[-59.367774258873986,-34.383217696120951],[-59.367776291513223,-34.382947270157651],[-59.36745214521715,-34.382675158575957],[-59.3674541788507,-34.382404732605494],[-59.367456212457149,-34.38213430662293],[-59.367132070300812,-34.381862194203599],[-59.36713410490151,-34.381591768213866],[-59.367136139475093,-34.381321342212047],[-59.366812001458285,-34.381049228955149],[-59.366487865538311,-34.380777114850893],[-59.366163731715133,-34.380504999899294],[-59.365839599988725,-34.380232884100415],[-59.36551547035905,-34.379960767454236],[-59.365517510011692,-34.379690341464986],[-59.365193383499879,-34.379418223976515],[-59.365195424146485,-34.379147797980131],[-59.365197464765892,-34.37887737197169],[-59.365199505358085,-34.378606945951148],[-59.365201545923092,-34.378336519918534],[-59.364877425592319,-34.378064401602707],[-59.364879467151184,-34.377793975562966],[-59.36455330735803,-34.377792282439721],[-59.364227147592096,-34.377790588447297],[-59.363900987853427,-34.377788893585716],[-59.363574828141971,-34.377787197855021],[-59.363248668457807,-34.37778550125514],[-59.362922508800914,-34.37778380378608],[-59.362596349171312,-34.377782105447913],[-59.362270189569017,-34.377780406240568],[-59.361944029994042,-34.377778706164072],[-59.361617870446395,-34.377777005218441],[-59.361291710926096,-34.377775303403631],[-59.360965551433168,-34.377773600719671],[-59.360641447126319,-34.377501471337069],[-59.360317344915927,-34.377229341107544],[-59.359991187601608,-34.377227635850474],[-59.359667088563249,-34.376955503922119],[-59.359340932351991,-34.376953796943987],[-59.359014776168181,-34.376952089096697],[-59.358688620011819,-34.376950380380293],[-59.358362463882926,-34.376948670794768],[-59.358036307781532,-34.376946960340135],[-59.357710151707636,-34.376945249016345],[-59.357383995661259,-34.376943536823447],[-59.357057839642408,-34.376941823761442],[-59.356731683651105,-34.376940109830286],[-59.356403458956798,-34.377208820659888],[-59.356077301972412,-34.377207104973216],[-59.355751145015624,-34.377205388417437],[-59.355424988086426,-34.377203670992508],[-59.355096758233877,-34.377472378247077],[-59.35477060031171,-34.377470659066582],[-59.354444442417176,-34.377468939016936],[-59.354118284550303,-34.377467218098168],[-59.353792126711099,-34.377465496310251],[-59.353465968899584,-34.377463773653183],[-59.35313981111576,-34.377462050126987],[-59.352813653359661,-34.377460325731661],[-59.352487495631252,-34.377458600467186],[-59.35216133793061,-34.377456874333589],[-59.351833096796881,-34.377725572693898],[-59.351504853566695,-34.377994270138217],[-59.351178693852887,-34.377992541362367],[-59.350850447505763,-34.378261237004075],[-59.350522199062127,-34.378529931729688],[-59.350193948521948,-34.378798625539176],[-59.349867785774613,-34.378796893234416],[-59.349541623055153,-34.378795160060463],[-59.349215460363546,-34.378793426017324],[-59.348887204665537,-34.379062116250765],[-59.348561040981416,-34.379060380451804],[-59.348234877325211,-34.379058643783665],[-59.347906617489819,-34.379327331327545],[-59.347580452841179,-34.379325592903506],[-59.347254288220483,-34.379323853610266],[-59.346928123627755,-34.379322113447856],[-59.346601959062987,-34.379320372416231],[-59.346275794526221,-34.379318630515428]]}},
{"type":"Feature","properties":{"length_m":2431.2489168102775,"Name":"Red de drenaje ≥ 2 km²"},"geometry":{"type":"LineString","coordinates":[[-59.362758461210412,-34.485415779812683],[-59.362760517814209,-34.485145358639819],[-59.362762574390608,-34.484874937454862],[-59.362764630939608,-34.484604516257818],[-59.362766687461189,-34.484334095048666],[-59.362768743955392,-34.484063673827428],[-59.362770800422169,-34.483793252594097],[-59.362772856861547,-34.483522831348658],[-59.362774913273519,-34.48325241009114],[-59.362776969658093,-34.482981988821514],[-59.362779026015261,-34.482711567539788],[-59.36278108234503,-34.482441146245975],[-59.362783138647394,-34.482170724940076],[-59.362458630628105,-34.481898600437255],[-59.3624606879293,-34.481628179124293],[-59.362462745203082,-34.481357757799216],[-59.362464802449452,-34.481087336462053],[-59.362466859668388,-34.480816915112783],[-59.362468916859918,-34.480546493751419],[-59.362144416078756,-34.480274368423437],[-59.362146474269004,-34.480003947055017],[-59.362148532431817,-34.479733525674497],[-59.361824035809938,-34.479461399506327],[-59.36182609497142,-34.47919097811878],[-59.361501601482587,-34.478918851105384],[-59.361503661642644,-34.478648429710788],[-59.361179171286778,-34.478376301852251],[-59.361181232445382,-34.478105880450606],[-59.361183293576509,-34.477835459036868],[-59.360858807379451,-34.477563330338306],[-59.360860869509047,-34.477292908917569],[-59.36086293161118,-34.477022487484696],[-59.36086499368583,-34.476752066039751],[-59.360540512673261,-34.476479936506273],[-59.360542575746301,-34.476209515054308],[-59.360544638791836,-34.475939093590235],[-59.360546701809895,-34.475668672114082],[-59.360548764800441,-34.475398250625837],[-59.360224289997838,-34.47512612026263],[-59.360226353986704,-34.474855698767371],[-59.360228417948036,-34.474585277260033],[-59.360230481881885,-34.47431485574058],[-59.359906012263053,-34.474042724542635],[-59.359908077195129,-34.47377230301619],[-59.359910142099665,-34.473501881477645],[-59.359585676638645,-34.47322974943993],[-59.359587742541322,-34.472959327894401],[-59.35958980841648,-34.472688906336771],[-59.359591874264112,-34.472418484767061],[-59.359267413986288,-34.47214635189475],[-59.359269480831976,-34.471875930318063],[-59.35927154765011,-34.471605508729255],[-59.35927361444071,-34.471335087128345],[-59.359275681203762,-34.471064665515371],[-59.359277747939288,-34.470794243890275],[-59.3589532948954,-34.470522110193706],[-59.358955362628883,-34.470251688561653],[-59.358957430334783,-34.469981266917493],[-59.358959498013149,-34.469710845261254],[-59.35896156566394,-34.469440423592907],[-59.35896363328721,-34.469170001912474],[-59.358965700882905,-34.468899580219926],[-59.358967768451066,-34.468629158515306],[-59.358643324691222,-34.468357024004824],[-59.358645393257184,-34.468086602293248],[-59.358647461795591,-34.467816180569564],[-59.358976038448155,-34.467547471575855],[-59.358651598789706,-34.467275337085901],[-59.358327161236986,-34.467003201746273],[-59.358329230717992,-34.466732779991432],[-59.3583313001714,-34.466462358224504],[-59.35833336959724,-34.46619193644549],[-59.358335438995503,-34.465921514654362],[-59.358011007649473,-34.465649378485644],[-59.35801307804536,-34.465378956687594]]}},
{"type":"Feature","properties":{"length_m":1308.8225099390852,"Name":"Red de drenaje ≥ 2 km²"},"geometry":{"type":"LineString","coordinates":[[-59.35801307804536,-34.465378956687594],[-59.358015148413664,-34.465108534877416],[-59.358017218754384,-34.464838113055187],[-59.357692792589376,-34.464565976052306],[-59.357694863927641,-34.464295554223121],[-59.357696935238309,-34.464025132381828],[-59.357699006521344,-34.463754710528441],[-59.358027570044115,-34.463486003762497],[-59.3580296402193,-34.463215581867679],[-59.358031710366902,-34.462945159960782],[-59.357707291377565,-34.462673022993989],[-59.357382874493489,-34.462400885177736],[-59.357384946663551,-34.462130463269034],[-59.357060532909699,-34.461858324608478],[-59.356736121261008,-34.46158618509849],[-59.35641171171747,-34.461314044739098],[-59.356087304279043,-34.461041903530337],[-59.355762898945727,-34.460769761472221],[-59.35576497621274,-34.460499339577375],[-59.355767053452077,-34.460228917670442],[-59.355769130663724,-34.459958495751422],[-59.355771207847702,-34.459688073820303],[-59.355446808718668,-34.45941593093373],[-59.355122411694559,-34.459143787197874],[-59.355124490900351,-34.458873365265092],[-59.355126570078461,-34.458602943320216],[-59.355128649228845,-34.458332521363253],[-59.354804257383755,-34.45806037679386],[-59.354806337531116,-34.457789954830027],[-59.354808417650773,-34.4575195328541],[-59.354810497742697,-34.457249110866087],[-59.35448611107627,-34.456976965463234],[-59.354488192165093,-34.456706543468357],[-59.354163808627909,-34.456434397221621],[-59.354165890713581,-34.456163975219901],[-59.353841510305557,-34.455891828129317],[-59.353843593387971,-34.455621406120756],[-59.353519216108992,-34.455349258186381]]}},
{"type":"Feature","properties":{"length_m":102.42640687119285,"Name":"Red de drenaje ≥ 2 km²"},"geometry":{"type":"LineString","coordinates":[[-59.357288415781369,-34.432111841396384],[-59.356959974403331,-34.432380548900568],[-59.356633603211108,-34.432378832300266],[-59.356307232046504,-34.432377114829023]]}},
{"type":"Feature","properties":{"length_m":3297.3506473629404,"Name":"Red de drenaje ≥ 2 km²"},"geometry":{"type":"LineString","coordinates":[[-59.356307232046504,-34.432377114829023],[-59.35598293527196,-34.432104973322367],[-59.355658640599515,-34.431832830967309],[-59.355334348029139,-34.431560687763834],[-59.355010057560797,-34.431288543712],[-59.35468576919444,-34.431016398811849],[-59.3546878476226,-34.430745975656137],[-59.354363562381501,-34.430473829912913],[-59.354039279242322,-34.430201683321414],[-59.353714998205028,-34.429929535881669],[-59.353390719269612,-34.429657387593707],[-59.353066442436017,-34.429385238457549],[-59.352740083136879,-34.429383511597358],[-59.35241580948378,-34.429111360759592],[-59.352091537932438,-34.428839209073708],[-59.351765180818468,-34.428837479635845],[-59.351440912447558,-34.428565326248481],[-59.351114556440102,-34.428563595086452],[-59.350788200460514,-34.428561863053631],[-59.350463936348731,-34.428289707111475],[-59.350137581475707,-34.428287973354543],[-59.349813320544349,-34.428015815711071],[-59.349486966777981,-34.428014080229985],[-59.349160613039508,-34.428012343878166],[-59.348836356367286,-34.42774018368015],[-59.34851000373552,-34.42773844560427],[-59.34818365113172,-34.427736706657612],[-59.34785729855588,-34.427734966840205],[-59.347533047221646,-34.42746280323454],[-59.347206695752604,-34.427461061693116],[-59.346882447598759,-34.427188896386397],[-59.346556097236544,-34.427187153121025],[-59.346229746902402,-34.427185408984897],[-59.345903396596299,-34.427183663978028],[-59.345577046318255,-34.427181918100409],[-59.345250696068334,-34.427180171352035],[-59.344926455410274,-34.426908000931697],[-59.344600106267315,-34.426906252459439],[-59.344273757152479,-34.426904503116454],[-59.343947408065794,-34.42690275290272],[-59.343621059007255,-34.42690100181828],[-59.343294709976881,-34.426899249863084],[-59.342968360974702,-34.426897497037181],[-59.342642012000717,-34.426895743340509],[-59.342315663054947,-34.426893988773116],[-59.341989314137379,-34.426892233335003],[-59.341662965248069,-34.42689047702617],[-59.341336616387018,-34.426888719846566],[-59.341010267554225,-34.426886961796264],[-59.340683918749711,-34.426885202875198],[-59.340357569973499,-34.426883443083433],[-59.340029095900213,-34.427152104957358],[-59.339702746129852,-34.427150343406389],[-59.339376396387834,-34.427148580984685],[-59.339050046674174,-34.42714681769224],[-59.338721567432053,-34.427415475982457],[-59.338395216724344,-34.42741371093075],[-59.338068866045035,-34.427411945008338],[-59.337740382656563,-34.427680600603161],[-59.33741403098329,-34.427678832921451],[-59.33708554447081,-34.427947486709314],[-59.336759191803615,-34.42794571726828],[-59.336430702167171,-34.428214369249091],[-59.336104348506097,-34.428212598048731],[-59.335777994873517,-34.42821082597758],[-59.335451641269444,-34.42820905303568],[-59.335123146464369,-34.428477701432158],[-59.334796791866509,-34.428475926730847],[-59.334470437297199,-34.428474151158753],[-59.334144082756467,-34.428472374715888],[-59.333817728244306,-34.428470597402253],[-59.333491373760744,-34.428468819217827],[-59.33316287174263,-34.428737462252414],[-59.332836516265438,-34.428735682308535],[-59.332510160816888,-34.428733901493857],[-59.332183805396966,-34.428732119808387],[-59.331857450005728,-34.428730337252141],[-59.331531094643154,-34.428728553825103],[-59.331204739309264,-34.428726769527287],[-59.330878384004087,-34.428724984358688],[-59.330552028727631,-34.42872319831929],[-59.330225673479895,-34.428721411409114],[-59.329899318260914,-34.428719623628155],[-59.329570803919488,-34.428988256856627],[-59.32924444770719,-34.428986467316086],[-59.328918091523676,-34.428984676904754],[-59.328589573036382,-34.429253307436724],[-59.328263215859614,-34.429251515265776],[-59.327934694248533,-34.429520143989933],[-59.327606170535681,-34.429788771795096],[-59.327277644721008,-34.430057398681221],[-59.326949116804506,-34.430326024648309],[-59.326620586786149,-34.430594649696317],[-59.32629205466592,-34.430863273825217],[-59.325963520443757,-34.43113189703498],[-59.325634984119688,-34.431400519325585]]}},
{"type":"Feature","properties":{"length_m":1980.3657992645913,"Name":"Red de drenaje ≥ 2 km²"},"geometry":{"type":"LineString","coordinates":[[-59.355622699830121,-34.393971751731819],[-59.355298551473162,-34.393699608405612],[-59.354974405214314,-34.393427464232246],[-59.354976479795901,-34.393157039396471],[-59.354652336656521,-34.39288489438124],[-59.354654412231824,-34.392614469538586],[-59.35433027221179,-34.392342323681525],[-59.354332348780751,-34.392071898832029],[-59.354008211879986,-34.391799752133167],[-59.354010289442549,-34.391529327276857],[-59.353686155660959,-34.391257179736222],[-59.353688234217067,-34.390986754873097],[-59.35336410355454,-34.390714606490768],[-59.353366183104129,-34.390444181620808],[-59.353368262626013,-34.390173756738761],[-59.35304413610362,-34.389901607520038],[-59.353046216618921,-34.389631182631199],[-59.352722093215363,-34.389359032570859],[-59.352724174724031,-34.389088607675198],[-59.352400054439201,-34.388816456773313],[-59.352075936251943,-34.388544305024567],[-59.351751820162292,-34.388272152429032],[-59.351753904706321,-34.388001727537208],[-59.351429791735185,-34.38772957410022],[-59.351431877272383,-34.387459149201625],[-59.351107767419649,-34.387186994923219],[-59.350783659664387,-34.386914839798109],[-59.350785747215596,-34.386644414898086],[-59.350787834738988,-34.386373989985998],[-59.350463731122815,-34.386101834024885],[-59.350139629603966,-34.385829677217139],[-59.349815530182411,-34.385557519562781],[-59.34981762074041,-34.385287094654672],[-59.349493524436866,-34.385014936159088],[-59.349495615987728,-34.384744511244243],[-59.349171522802102,-34.384472351907519],[-59.349173615345791,-34.384201926985973],[-59.349175707861583,-34.38393150205232],[-59.349177800349501,-34.383661077106609],[-59.348853712322985,-34.383388916939509],[-59.34885580580363,-34.383118491987098],[-59.348857899256387,-34.382848067022593],[-59.348859992681234,-34.382577642046016],[-59.348535909813513,-34.382305481048647],[-59.34853800423101,-34.382035056065376],[-59.348213924480739,-34.381762894226995],[-59.348216019890863,-34.381492469237045],[-59.347891943257949,-34.38122030655768],[-59.347894039660602,-34.380949881561058],[-59.347569966144953,-34.380677718040815],[-59.347572063540092,-34.3804072930375],[-59.347247993141615,-34.380135128676372],[-59.346923924839814,-34.379862963468966],[-59.346599858634704,-34.379590797415304],[-59.346275794526221,-34.379318630515428]]}},
{"type":"Feature","properties":{"length_m":1498.2337649086276,"Name":"Red de drenaje ≥ 2 km²"},"geometry":{"type":"LineString","coordinates":[[-59.353519216108992,-34.455349258186381],[-59.353194840934513,-34.455077109402971],[-59.353196926038116,-34.45480668739286],[-59.352872553992533,-34.454534537765738],[-59.352546096898934,-34.454532809289198],[-59.352221728037769,-34.454260657958862],[-59.351897361280983,-34.453988505779591],[-59.351570906375244,-34.453986774722971],[-59.351244451497351,-34.45398504279472],[-59.35092008900498,-34.453712888058199],[-59.350593635235015,-34.453711154404147],[-59.350269275927026,-34.453438997964632],[-59.349942823265025,-34.453437262584835],[-59.349618467141376,-34.453165104442363],[-59.349292015587373,-34.453163367336863],[-59.348967662648072,-34.452891207491547],[-59.348643311813007,-34.452619046797537],[-59.348318963082136,-34.452346885254862],[-59.347992514796346,-34.452345144715515],[-59.347668169249744,-34.452072981470124],[-59.347343825807293,-34.451800817376132],[-59.347017379709726,-34.451799074257174],[-59.346693039451488,-34.4515269084606],[-59.346368701297337,-34.451254741815504],[-59.346042257388035,-34.451252996117034],[-59.345715813506821,-34.451251249547042],[-59.345391479616978,-34.450979080345505],[-59.345065036844005,-34.450977332050059],[-59.344738594099162,-34.450975582883096],[-59.344414264473627,-34.450703411125296],[-59.344087822837089,-34.450701660232902],[-59.343763496395738,-34.450429486772833],[-59.343439172058332,-34.450157312464412],[-59.343114849824879,-34.449885137307675],[-59.342790529695343,-34.449612961302655],[-59.342466211669681,-34.449340784449355],[-59.342139775462215,-34.449339028416276],[-59.341815460620587,-34.449066849860941],[-59.341489025521568,-34.449065092102614],[-59.341164713863954,-34.448792911845338],[-59.340840404310136,-34.448520730739915]]}},
{"type":"Feature","properties":{"length_m":2215.2186130069767,"Name":"Red de drenaje ≥ 2 km²"},"geometry":{"type":"LineString","coordinates":[[-59.346275794526221,-34.379318630515428],[-59.345949630017465,-34.379316887745425],[-59.345623465536725,-34.379315144106222],[-59.345297301084031,-34.37931339959782],[-59.344971136659389,-34.379311654220245],[-59.344644972262799,-34.379309907973457],[-59.344318807894268,-34.379308160857498],[-59.343992643553861,-34.379306412872332],[-59.343668589076522,-34.379034239164987],[-59.343342425840618,-34.37903248945905],[-59.343016262632844,-34.379030738883941],[-59.342692212404941,-34.378758562627439],[-59.342366050301763,-34.378756810331609],[-59.342042003246831,-34.378484632377614],[-59.341715842248284,-34.378482878361091],[-59.341389681277924,-34.37848112347541],[-59.341065638472458,-34.378208942972492],[-59.340739478606807,-34.37820718636614],[-59.34041543897429,-34.377935004165906],[-59.340091401438244,-34.377662821119813],[-59.339767365998632,-34.377390637227926],[-59.339443332655421,-34.377118452490258],[-59.339117177123967,-34.377116691609082],[-59.338793146953634,-34.37684450517429],[-59.33846911887963,-34.376572317893768],[-59.338145092901946,-34.376300129767571],[-59.337821069020549,-34.37602794079573],[-59.337494917823442,-34.376026175640042],[-59.337170897114817,-34.375753984971261],[-59.336846878502406,-34.375481793456899],[-59.336522861986197,-34.375209601096962],[-59.336198847566173,-34.374937407891494],[-59.335872700703497,-34.374935638461665],[-59.335548689456118,-34.37466344355947],[-59.335224680304862,-34.374391247811808],[-59.334900673249699,-34.374119051218699],[-59.33457666829058,-34.373846853780186],[-59.334252665427499,-34.373574655496277],[-59.333928664660405,-34.373302456367021],[-59.333602524285332,-34.373300680961151],[-59.333278526690741,-34.373028480135446],[-59.332954531192087,-34.372756278464472],[-59.332628392998622,-34.372754500487424],[-59.332302254833742,-34.372752721641426],[-59.331978263584077,-34.372480517423043],[-59.331654274430306,-34.372208312359476],[-59.331328138447162,-34.372206530942414],[-59.331002002492632,-34.372204748656401],[-59.33067586656675,-34.372202965501451],[-59.330351882738562,-34.371930757039699],[-59.330025747917965,-34.371928972164781],[-59.329699613126053,-34.37192718642094],[-59.329373478362854,-34.371925399808156],[-59.329047343628396,-34.37192361232642],[-59.328723366202503,-34.371651399615772],[-59.328397232573415,-34.371649610414174],[-59.328071098973105,-34.371647820343611],[-59.327744965401571,-34.371646029404133],[-59.327420993301452,-34.371373813295797],[-59.327097023297128,-34.371101596342534],[-59.326770891907771,-34.371099802832362],[-59.326446925075857,-34.370827584183353]]}},
{"type":"Feature","properties":{"length_m":1589.1168824543138,"Name":"Red de drenaje ≥ 2 km²"},"geometry":{"type":"LineString","coordinates":[[-59.341391366325453,-34.461504474703062],[-59.341393489988072,-34.461234053614412],[-59.341395613622382,-34.460963632513653],[-59.341397737228405,-34.460693211400802],[-59.341399860806128,-34.460422790275842],[-59.341401984355549,-34.460152369138797],[-59.34140410787667,-34.459881947989615],[-59.341406231369511,-34.459611526828375],[-59.341408354834037,-34.459341105655028],[-59.341410478270276,-34.459070684469566],[-59.341412601678208,-34.458800263272025],[-59.341414725057838,-34.458529842062376],[-59.341416848409196,-34.458259420840626],[-59.341418971732246,-34.457988999606776],[-59.341421095027002,-34.45771857836084],[-59.341423218293457,-34.457448157102782],[-59.341425341531625,-34.457177735832659],[-59.3414274647415,-34.456907314550406],[-59.341103123393289,-34.45663513413092],[-59.340778784149713,-34.456362952863039],[-59.340454447010686,-34.456090770746798],[-59.340130111976229,-34.455818587782183],[-59.340132239253663,-34.455548166510276],[-59.340134366502738,-34.455277745226255],[-59.34013649372347,-34.455007323930147],[-59.340138620915859,-34.454736902621931],[-59.340140748079904,-34.454466481301623],[-59.340142875215584,-34.454196059969235],[-59.340145002322934,-34.453925638624725],[-59.340147129401927,-34.453655217268128],[-59.340149256452591,-34.453384795899403],[-59.340151383474897,-34.453114374518613],[-59.339827060783293,-34.452842190761963],[-59.339502740195861,-34.45257000615711],[-59.339178421712624,-34.452297820704104],[-59.33918055177778,-34.452027399328109],[-59.339182681814549,-34.451756977940022],[-59.339184811822925,-34.451486556539841],[-59.339186941802915,-34.451216135127545],[-59.339189071754532,-34.450945713703163],[-59.339191201677757,-34.450675292266673],[-59.339193331572595,-34.450404870818097],[-59.339195461439068,-34.450134449357414],[-59.339524029333681,-34.449865791796334],[-59.339852595124412,-34.449597133316225],[-59.340181158811241,-34.44932847391707],[-59.340509720394238,-34.449059813598929],[-59.34083827987341,-34.448791152361814],[-59.340840404310136,-34.448520730739915]]}},
{"type":"Feature","properties":{"length_m":2614.6298679765187,"Name":"Red de drenaje ≥ 2 km²"},"geometry":{"type":"LineString","coordinates":[[-59.340840404310136,-34.448520730739915],[-59.340516096860078,-34.448248548786367],[-59.34019179151376,-34.447976365984722],[-59.339867488271167,-34.447704182335023],[-59.339543187132243,-34.447431997837242],[-59.33921675854269,-34.447430234085218],[-59.338892460587616,-34.447158047885793],[-59.338566033106666,-34.44715628240872],[-59.338241738335419,-34.446884094507716],[-59.337917445667763,-34.446611905758751],[-59.33759315510369,-34.44633971616188],[-59.337268866643136,-34.446067525717147],[-59.337271002366009,-34.445797104169529],[-59.336946717032248,-34.445524912882647],[-59.336622433801921,-34.445252720747938],[-59.336624571542806,-34.444982299199637],[-59.336626709255221,-34.44471187763925],[-59.336302430174712,-34.444439684668183],[-59.336304568881815,-34.444169263101401],[-59.335980292927772,-34.443897069288326],[-59.335982432629493,-34.443626647715199],[-59.335658159801874,-34.443354453060145],[-59.335660300498155,-34.443084031480652],[-59.335336030796817,-34.442811835983669],[-59.335338172487639,-34.442541414397809],[-59.335340314149917,-34.442270992799841],[-59.335016048597765,-34.441998796466713],[-59.335018191254505,-34.441728374862429],[-59.335020333882689,-34.441457953246044],[-59.334696072479531,-34.441185756076841],[-59.334371813179352,-34.44091355806011],[-59.334373957824845,-34.440643136443157],[-59.334376102441745,-34.440372714814096],[-59.334378247030074,-34.440102293172934],[-59.334380391589818,-34.439831871519679],[-59.33405613848408,-34.43955967267852],[-59.334058284038065,-34.439289251018963],[-59.334060429563472,-34.439018829347283],[-59.333736180606131,-34.438746629670241],[-59.333738327125708,-34.438476207992274],[-59.333414081293867,-34.43820400747358],[-59.333089837564714,-34.437931806107528],[-59.333091986101117,-34.437661384429049],[-59.332767745497286,-34.437389182221423],[-59.332443506996043,-34.437116979166468],[-59.332119270597374,-34.43684477526422],[-59.331795036301259,-34.436572570514699],[-59.331468650458142,-34.436570786567231],[-59.33114441934449,-34.436298580117345],[-59.330820190333306,-34.43602637282028],[-59.330822346027851,-34.435755951182678],[-59.33049812014162,-34.435483743044308],[-59.330500276829909,-34.435213321400489],[-59.330176054068509,-34.434941112420837],[-59.330178211750479,-34.434670690770794],[-59.329853992113819,-34.434398480949937],[-59.329527614852694,-34.43439669192022],[-59.329203398398214,-34.434124480399326],[-59.32920555914729,-34.433854058766997],[-59.3288813458174,-34.433581846404984],[-59.328554971796024,-34.433580054816439],[-59.328228597803474,-34.433578262356967],[-59.327904388735604,-34.433306047442144],[-59.327578015851834,-34.433304253258839],[-59.32725164299692,-34.433302458204615],[-59.32692743819112,-34.433030240737104],[-59.326603235487454,-34.432758022422732],[-59.32660540450096,-34.432487600874282],[-59.326281204921536,-34.43221538171904],[-59.325957007444167,-34.431943161716987],[-59.325959178472971,-34.431672740168423],[-59.325634984119688,-34.431400519325585]]}},
{"type":"Feature","properties":{"length_m":743.96969619669994,"Name":"Red de drenaje ≥ 2 km²"},"geometry":{"type":"LineString","coordinates":[[-59.330824641331056,-34.312437086923929],[-59.330826787070464,-34.312166659815624],[-59.330828932781273,-34.311896232695233],[-59.331156979975269,-34.311627585565496],[-59.331159124584097,-34.311357158403013],[-59.331487168615119,-34.311088510328318],[-59.331815210556599,-34.310819861338722],[-59.332143250408571,-34.310551211434252],[-59.332471288171028,-34.310282560614908],[-59.332799323844021,-34.310013908880741],[-59.333127357427578,-34.309745256231778],[-59.333455388921699,-34.309476602668028],[-59.333783418326455,-34.309207948189538],[-59.334111445641824,-34.30893929279631],[-59.334439470867871,-34.308670636488394],[-59.334767494004637,-34.308401979265803],[-59.335095515052096,-34.308133321128565],[-59.335423534010324,-34.30786466207671],[-59.335749421295084,-34.307866429692048],[-59.336075308608251,-34.307868196440516]]}},
{"type":"Feature","properties":{"length_m":1788.8225099390847,"Name":"Red de drenaje ≥ 2 km²"},"geometry":{"type":"LineString","coordinates":[[-59.329494124445645,-34.356781615018264],[-59.329165893720308,-34.357050253587097],[-59.32916373903965,-34.357320678617818],[-59.328835505144156,-34.357589316240016],[-59.328833349358874,-34.357859741228559],[-59.328831193544836,-34.358130166205001],[-59.328829037702093,-34.358400591169385],[-59.328826881830615,-34.35867101612164],[-59.328498641537003,-34.358939652706887],[-59.328496484560794,-34.359210077616979],[-59.328494327555845,-34.359480502514977],[-59.328492170522161,-34.359750927400889],[-59.328490013459721,-34.360021352274735],[-59.328487856368518,-34.360291777136467],[-59.328159608600252,-34.360560412654522],[-59.328157450404241,-34.360830837474069],[-59.328155292179446,-34.361101262281522],[-59.327827040164308,-34.36136989682263],[-59.327824880834612,-34.361640321587892],[-59.327822721476146,-34.361910746341053],[-59.32782056208891,-34.362181171082121],[-59.327818402672889,-34.362451595811116],[-59.327816243228085,-34.362722020528025],[-59.327814083754504,-34.362992445232834],[-59.327811924252138,-34.363262869925563],[-59.327809764720989,-34.363533294606206],[-59.328133708349519,-34.363805509691289],[-59.328131549808319,-34.364075934365793],[-59.328129391238335,-34.364346359028168],[-59.32845333899936,-34.36461857328041],[-59.328451181419368,-34.364888997936667],[-59.328449023810634,-34.365159422580831],[-59.328446866173138,-34.365429847212916],[-59.328770819085662,-34.365702060638171],[-59.328768662438243,-34.365972485264095],[-59.328766505762104,-34.36624290987789],[-59.329090462807535,-34.366515122470176],[-59.32908830712153,-34.366785547077825],[-59.329086151406806,-34.367055971673402],[-59.329083995663339,-34.367326396256871],[-59.329081839891153,-34.367596820828254],[-59.329079684090225,-34.367867245387565],[-59.329077528260576,-34.368137669934768],[-59.329075372402194,-34.368408094469899],[-59.329073216515077,-34.368678518992937],[-59.329071060599212,-34.368948943503881],[-59.328742780427305,-34.369217579832132],[-59.328414498159859,-34.369486215243413],[-59.328086213796823,-34.369754849737703],[-59.327757927338205,-34.370023483314966],[-59.327429638783975,-34.37029211597519],[-59.327101348134072,-34.370560747718322],[-59.326773055388522,-34.370829378544364],[-59.326446925075857,-34.370827584183353]]}},
{"type":"Feature","properties":{"length_m":4939.5541084682645,"Name":"Red de drenaje ≥ 2 km²"},"geometry":{"type":"LineString","coordinates":[[-59.326176135310341,-34.404630524213772],[-59.325849873935972,-34.40462872672326],[-59.325525782798287,-34.404356505628513],[-59.325201693759745,-34.404084283687872],[-59.324877606820365,-34.403812060901394],[-59.324553521980079,-34.403539837269065],[-59.324229439238891,-34.403267612790941],[-59.323905358596747,-34.402995387467065],[-59.323581280053631,-34.402723161297423],[-59.323257203609479,-34.402450934282065],[-59.323259380932257,-34.402180511577996],[-59.32326155822598,-34.401910088861818],[-59.323263735490698,-34.401639666133569],[-59.322939664206842,-34.40136743829072],[-59.32261559502183,-34.401095209602254],[-59.32229152793564,-34.400822980068156],[-59.321967462948251,-34.400550749688485],[-59.321643400059628,-34.400278518463224],[-59.321319339269742,-34.40000628639244],[-59.320995280578572,-34.399734053476159],[-59.320671223986082,-34.399461819714361],[-59.320347169492237,-34.399189585107116],[-59.320023117097023,-34.39891734965444],[-59.319696878312627,-34.398915536017356],[-59.319372829094448,-34.398643298867718],[-59.31904878197485,-34.398371060872726],[-59.318724736953776,-34.398098822032409],[-59.318400694031226,-34.397826582346767],[-59.318076653207157,-34.397554341815841],[-59.317752614481527,-34.397282100439647],[-59.317428577854329,-34.397009858218233],[-59.317104543325506,-34.396737615151608],[-59.316780510895072,-34.396465371239813],[-59.316456480562955,-34.396193126482856],[-59.316132452329157,-34.39592088088078],[-59.31580842619362,-34.395648634433599],[-59.315484402156336,-34.395376387141333],[-59.315160380217293,-34.395104139004033],[-59.314836360376439,-34.394831890021706],[-59.314512342633734,-34.394559640194366],[-59.314188326989168,-34.394287389522084],[-59.313864313442707,-34.394015138004846],[-59.31354030199433,-34.393742885642695],[-59.313214083729896,-34.393741054959563],[-59.312887865494886,-34.393739223406769],[-59.312563858301495,-34.393466968497343],[-59.312239853206094,-34.39319471274306],[-59.311915850208692,-34.392922456143985],[-59.311591849309259,-34.392650198700132],[-59.311267850507733,-34.392377940411507],[-59.310943853804133,-34.392105681278188],[-59.310619859198404,-34.391833421300156],[-59.310293648542228,-34.391831582919799],[-59.309967437915596,-34.391829743669874],[-59.309641227318536,-34.391827903550372],[-59.309315016751064,-34.391826062561286],[-59.308991028557166,-34.391553798334385],[-59.308664819097835,-34.391551955624692],[-59.308338609668155,-34.391550112045451],[-59.30801240026809,-34.391548267596626],[-59.307686190897691,-34.391546422278239],[-59.307359981556978,-34.391544576090276],[-59.307033772245937,-34.391542729032764],[-59.306709792621248,-34.391270458855374],[-59.30638581509433,-34.390998187833532],[-59.306061839665176,-34.39072591596728],[-59.305737866333736,-34.390453643256649],[-59.305413895099996,-34.390181369701637],[-59.305416128803373,-34.389910947465324],[-59.305418362476992,-34.389640525216912],[-59.30542059612084,-34.389370102956413],[-59.305422829734916,-34.389099680683813],[-59.30542506331922,-34.388829258399106],[-59.305427296873745,-34.388558836102312],[-59.305429530398541,-34.388288413793397],[-59.305431763893552,-34.388017991472388],[-59.30543399735879,-34.387747569139286],[-59.305436230794257,-34.387477146794076],[-59.305438464199987,-34.38720672443678],[-59.305440697575918,-34.386936302067355],[-59.305442930922112,-34.386665879685857],[-59.305445164238527,-34.386395457292245],[-59.305447397525185,-34.386125034886547],[-59.305449630782093,-34.385854612468741],[-59.305451864009207,-34.385584190038827],[-59.305454097206585,-34.385313767596834],[-59.305456330374184,-34.385043345142726],[-59.305458563512033,-34.384772922676511],[-59.30546079662011,-34.384502500198217],[-59.305463029698444,-34.384232077707807],[-59.305465262747006,-34.383961655205297],[-59.305793674515883,-34.383693083555606],[-59.306122084187763,-34.38342451098724],[-59.306450491762682,-34.383155937500213],[-59.306452721546812,-34.382885514893445],[-59.306781125946628,-34.382616940457105],[-59.30678335462288,-34.38234651780752],[-59.307111755847679,-34.382077942421908],[-59.307440154975652,-34.381809366117743],[-59.307768552006806,-34.381540788895059],[-59.308096946941191,-34.381272210753878],[-59.308425339778829,-34.381003631694227],[-59.308427563035124,-34.38073320887915],[-59.308755952698057,-34.380464628870413],[-59.308758174846758,-34.38019420601259],[-59.308760396965866,-34.379923783142658],[-59.308762619055344,-34.379653360260633],[-59.309091003387856,-34.379384779241562],[-59.309093224369853,-34.379114356316776],[-59.309095445322228,-34.378843933379919],[-59.309097666245002,-34.378573510430968],[-59.309099887138188,-34.378303087469916],[-59.309102108001774,-34.378032664496764],[-59.309104328835758,-34.377762241511512],[-59.309432704604809,-34.377493659390304],[-59.309761078277504,-34.37722507635079],[-59.310089449853834,-34.376956492393049],[-59.310417819333892,-34.376687907517102],[-59.310743971272316,-34.376689744861253],[-59.311072337637484,-34.376421158179504],[-59.311400701906372,-34.376152570579613],[-59.311729064079046,-34.375883982061609],[-59.312057424155519,-34.375615392625505],[-59.312059635290439,-34.375344969364889],[-59.312061846395913,-34.375074546092179],[-59.312390202221167,-34.374805955676912],[-59.312392412219637,-34.374535532361548],[-59.312720764871308,-34.3742669409977],[-59.313049115426971,-34.373998348715858],[-59.313051323241112,-34.37372792532733],[-59.313053531025815,-34.373457501926701],[-59.313381877330649,-34.37318890866586],[-59.313384084008561,-34.372918485222613],[-59.313386290657057,-34.372648061767279],[-59.313714632711267,-34.372379467527487]]}},
{"type":"Feature","properties":{"length_m":1520.9545442950489,"Name":"Red de drenaje ≥ 2 km²"},"geometry":{"type":"LineString","coordinates":[[-59.326446925075857,-34.370827584183353],[-59.326120794792025,-34.370825788953439],[-59.325796831132529,-34.370553568608763],[-59.325470701954281,-34.370551771659109],[-59.325146741467172,-34.370279549618829],[-59.32482278307571,-34.370007326733784],[-59.324496656079823,-34.370005527213699],[-59.324170529112862,-34.370003726824727],[-59.323846574970489,-34.369731501393431],[-59.323520449109232,-34.369729699284846],[-59.323194323276958,-34.369727896307417],[-59.322870373383687,-34.369455668330012],[-59.322544248657159,-34.369453863632998],[-59.322218123959665,-34.369452058067125],[-59.321894178315539,-34.369179827543789],[-59.321570234766931,-34.368907596175902],[-59.321244112252074,-34.368905788039854],[-59.320920171875777,-34.368633554976817],[-59.320594050466809,-34.368631745121306],[-59.320267929086953,-34.368629934396971],[-59.319943992959757,-34.368357698788259],[-59.319617872685875,-34.36835588634451],[-59.319291752441096,-34.368354073031938],[-59.318965632225471,-34.368352258850535],[-59.318639512039034,-34.36835044380031],[-59.318313391881752,-34.368348627881261],[-59.317987271753672,-34.368346811093389],[-59.317661151654804,-34.3683449934367],[-59.317332837979798,-34.36861359878047],[-59.317004522209317,-34.368882203206688],[-59.316676204343345,-34.369150806715318],[-59.316347884381891,-34.369419409306339],[-59.316345687516247,-34.36968983307225],[-59.316017364382169,-34.369958434715201],[-59.315689039152502,-34.370227035440472],[-59.315686840103368,-34.370497459133418],[-59.315684641024966,-34.370767882814256],[-59.315356311545365,-34.371036482560903],[-59.315027979970068,-34.371305081389814],[-59.314699646299033,-34.37157367930093],[-59.314371310532252,-34.371842276294281],[-59.314042972669668,-34.372110872369802],[-59.313714632711267,-34.372379467527487]]}},
{"type":"Feature","properties":{"length_m":609.41125496954282,"Name":"Red de drenaje ≥ 2 km²"},"geometry":{"type":"LineString","coordinates":[[-59.325634984119688,-34.431400519325585],[-59.325308618795468,-34.431398719172549],[-59.32498225350021,-34.431396918148664],[-59.324658063408769,-34.431124694753585],[-59.324331699222469,-34.431122892006087],[-59.324005335065145,-34.431121088387727],[-59.323681149235597,-34.430848862440556],[-59.323354786187281,-34.430847057098646],[-59.323356965507934,-34.430576635646752],[-59.323032783882155,-34.430304408006329],[-59.322708604358233,-34.430032179519316],[-59.322710785693545,-34.429761758067471],[-59.322386609293254,-34.429489528740021],[-59.322388791621336,-34.429219107282165],[-59.322064618344577,-34.428946877114278],[-59.322066801665336,-34.428676455650418],[-59.321742631512038,-34.428404224642158],[-59.321418463460375,-34.428131992787449]]}},
{"type":"Feature","properties":{"length_m":1953.3809511662412,"Name":"Red de drenaje ≥ 2 km²"},"geometry":{"type":"LineString","coordinates":[[-59.323956961575462,-34.477635208951995],[-59.32363259868827,-34.477362982816516],[-59.323308237907831,-34.477090755832918],[-59.322983879234087,-34.476818528001225],[-59.322657337350378,-34.476816718697378],[-59.322330795495795,-34.476814908521199],[-59.322004253670336,-34.476813097472693],[-59.321677711874038,-34.476811285551847],[-59.321351170106887,-34.476809472758646],[-59.321024628368932,-34.476807659093126],[-59.320698086660165,-34.476805844555251],[-59.320371544980596,-34.476804029145043],[-59.320045003330243,-34.476802212862502],[-59.31971846170913,-34.47680039570762],[-59.319391920117255,-34.47679857768042],[-59.319067575457872,-34.47652633960562],[-59.318743232905128,-34.476254100682958],[-59.318418892458979,-34.475981860912498],[-59.318092354144163,-34.475980039450882],[-59.317768016887207,-34.475707797978622],[-59.317441479684319,-34.475705974790721],[-59.317117145616507,-34.475433731616761],[-59.31679060952559,-34.475431906702603],[-59.316464073464047,-34.475430080916162],[-59.316137537431878,-34.475428254257423],[-59.315811001429125,-34.475426426726401],[-59.315484465455775,-34.47542459832308],[-59.315157929511848,-34.475422769047483],[-59.314831393597366,-34.47542093889961],[-59.314504857712357,-34.475419107879411],[-59.314176109271692,-34.475687694935246],[-59.313849572392357,-34.475685862152048],[-59.313520820821381,-34.475954447395893],[-59.313192067143824,-34.476223031718426],[-59.312863311359685,-34.476491615119627],[-59.312534553468922,-34.476760197599489],[-59.31220579347152,-34.477028779157955],[-59.311877031367452,-34.477297359795017],[-59.31154826715666,-34.477565939510662],[-59.31121950083913,-34.477834518304824],[-59.310890732414869,-34.478103096177506],[-59.310564186351193,-34.478101254504686],[-59.310235414796388,-34.478369830564965],[-59.309908867738599,-34.478367987128884],[-59.309580093053242,-34.478636561376675],[-59.309253545001411,-34.478634716177261],[-59.308924767185481,-34.478903288612493],[-59.308598218139629,-34.478901441649747],[-59.308271669123528,-34.478899593814603],[-59.307945120137127,-34.478897745107041],[-59.307616337143251,-34.47916631394768],[-59.307289787162965,-34.479164463476728],[-59.30696323721245,-34.479162612133365],[-59.306636687291743,-34.479160759917598],[-59.306310137400843,-34.47915890682944],[-59.305983587539764,-34.47915705286885],[-59.305657037708535,-34.479155198035883]]}},
{"type":"Feature","properties":{"length_m":2289.7770542341332,"Name":"Red de drenaje ≥ 2 km²"},"geometry":{"type":"LineString","coordinates":[[-59.320893139939791,-34.493032794022589],[-59.320566535005732,-34.493030978389811],[-59.320242124544649,-34.49275874336243],[-59.319915520723228,-34.492756926002194],[-59.319588916931068,-34.492755107769092],[-59.319262313168181,-34.492753288663138],[-59.318935709434562,-34.492751468684332],[-59.318609105730275,-34.49274964783266],[-59.318282502055261,-34.492747826108143],[-59.317955898409579,-34.492746003510767],[-59.317631497640967,-34.492473761653116],[-59.317307098980628,-34.492201518947205],[-59.316982702428554,-34.491929275393005],[-59.316658307984717,-34.491657030990595],[-59.316333915649061,-34.491384785739953],[-59.316009525421613,-34.491112539641144],[-59.315682928306281,-34.491110711044094],[-59.315358541270477,-34.490838463242724],[-59.315031945268096,-34.49083663291848],[-59.314707561423901,-34.490564383414622],[-59.314383179687781,-34.490292133062695],[-59.31405880005974,-34.490019881862722],[-59.31373442253971,-34.489747629814737],[-59.313736637712488,-34.489477211514718],[-59.313412263324906,-34.489204958625074],[-59.313087891045285,-34.488932704887482],[-59.312763520873574,-34.488660450301936],[-59.312765739090089,-34.488390032008816],[-59.312441372050621,-34.488117776581745],[-59.312117007118985,-34.487845520306806],[-59.311792644295139,-34.487573263184039],[-59.311468283579075,-34.487301005213439],[-59.311470505863248,-34.487030586933685],[-59.311472728117813,-34.486760168641815],[-59.311148371557941,-34.486487909836221],[-59.311150594807117,-34.486217491538625],[-59.310826241379075,-34.485945231891677],[-59.310501890058646,-34.485672971397008],[-59.310504115326474,-34.485402553100116],[-59.310179767137726,-34.4851302917642],[-59.310181993400029,-34.484859873461588],[-59.309857648342849,-34.484587611284439],[-59.309859875599528,-34.48431719297615],[-59.309535533673838,-34.484044929957825],[-59.309211193855546,-34.48377266609193],[-59.309213423130544,-34.483502247784386],[-59.308889086443578,-34.483229983077372],[-59.308891316712845,-34.48295956476418],[-59.308893546952355,-34.482689146438872],[-59.308569214420523,-34.482416880897262],[-59.308571445654216,-34.482146462566291],[-59.308247116253476,-34.481874196183675],[-59.30824934848129,-34.481603777847049],[-59.308251580679354,-34.481333359498322],[-59.307927255433412,-34.481061092281223],[-59.307602932294543,-34.480788824216724],[-59.307278611262724,-34.480516555304831],[-59.306954292337942,-34.480244285545631],[-59.306629975520167,-34.479972014939094],[-59.306305660809365,-34.479699743485284],[-59.305981348205499,-34.479427471184209],[-59.305657037708535,-34.479155198035883]]}},
{"type":"Feature","properties":{"length_m":2187.3506473629409,"Name":"Red de drenaje ≥ 2 km²"},"geometry":{"type":"LineString","coordinates":[[-59.321418463460375,-34.428131992787449],[-59.321094297510342,-34.427859760086335],[-59.320770133661895,-34.427587526538815],[-59.320445971915021,-34.427315292144932],[-59.320121812269669,-34.427043056904715],[-59.319797654725832,-34.42677082081817],[-59.319473499283461,-34.426498583885333],[-59.319147153427195,-34.426496767514863],[-59.318823001166194,-34.426224528883324],[-59.31849885100663,-34.4259522894056],[-59.31817470294849,-34.425680049081663],[-59.317850556991658,-34.425407807911562],[-59.31752421548439,-34.425405987260824],[-59.317200072708864,-34.425133744392262],[-59.316875932034627,-34.424861500677572],[-59.316878131729133,-34.42459107932455],[-59.316553994177461,-34.424318834770041],[-59.316229858727056,-34.424046589369496],[-59.315903522619479,-34.424044764457221],[-59.315579390350173,-34.423772517358429],[-59.315253055351953,-34.423770690723288],[-59.314928926263747,-34.423498441926291],[-59.314602592374854,-34.423496613568318],[-59.314278466467762,-34.423224363073203],[-59.314280674390737,-34.422953941794567],[-59.313956551605855,-34.422681690459882],[-59.313630220956853,-34.422679859545369],[-59.313306101352985,-34.422407606512692],[-59.313308312339174,-34.422137185253014],[-59.312981983850122,-34.422135352634228],[-59.312657868448255,-34.421863097909991],[-59.312333755147321,-34.421590842339988],[-59.312009643947334,-34.421318585924276],[-59.311685534848245,-34.421046328662875],[-59.311687750939271,-34.420775907434972],[-59.311363644961943,-34.420503649334286],[-59.311039541085414,-34.420231390387933],[-59.310713220156067,-34.420229551804752],[-59.310386899256315,-34.42022771235105],[-59.310062799640505,-34.419955450855156],[-59.310065020865267,-34.419685029671342],[-59.309740924370956,-34.419412767336318],[-59.309414606711123,-34.419410925326744],[-59.309090513397479,-34.419138661294291],[-59.308766422184505,-34.418866396416348],[-59.308440106714265,-34.418864551832492],[-59.308116018681922,-34.418592285257247],[-59.307791932750185,-34.418320017836599],[-59.307467848919039,-34.41804774957059],[-59.30747007833876,-34.417777328450519],[-59.307145997628695,-34.417505059345636],[-59.30681968755836,-34.417503210502574],[-59.306821919019129,-34.417232789395463],[-59.306824150450183,-34.41696236827628],[-59.306500074961569,-34.416690097487326],[-59.306176001573348,-34.416417825853117],[-59.305849695793128,-34.416415974473338],[-59.305525625585275,-34.41614370114219],[-59.305527861098064,-34.415873280049084]]}},
{"type":"Feature","properties":{"length_m":1566.396103067892,"Name":"Red de drenaje ≥ 2 km²"},"geometry":{"type":"LineString","coordinates":[[-59.317074699892984,-34.440547741864712],[-59.317076900236898,-34.440277321195325],[-59.317079100551467,-34.440006900513843],[-59.317081300836733,-34.43973647982024],[-59.317083501092682,-34.43946605911453],[-59.317085701319307,-34.439195638396725],[-59.31741429554539,-34.438927040104801],[-59.317742887668722,-34.438658440893001],[-59.318071477689372,-34.43838984076136],[-59.318073674644715,-34.438119419940158],[-59.318075871570791,-34.437848999106855],[-59.318078068467564,-34.437578578261466],[-59.318080265335091,-34.437308157403947],[-59.318082462173344,-34.437037736534336],[-59.318084658982301,-34.436767315652624],[-59.31808685576199,-34.436496894758811],[-59.318089052512406,-34.436226473852884],[-59.318091249233539,-34.435956052934863],[-59.318093445925413,-34.435685632004734],[-59.318095642588005,-34.435415211062491],[-59.318097839221331,-34.435144790108161],[-59.318100035825381,-34.434874369141724],[-59.318428609696724,-34.434605767694912],[-59.318757181465791,-34.434337165328436],[-59.318759375879772,-34.434066744289105],[-59.318761570264535,-34.433796323237644],[-59.31876376462003,-34.43352590217409],[-59.318765958946294,-34.433255481098428],[-59.318768153243312,-34.432985060010665],[-59.319096717508494,-34.432716456572578],[-59.319098910695992,-34.432446035442325],[-59.31910110385428,-34.432175614299958],[-59.319103296983315,-34.431905193145504],[-59.319105490083132,-34.431634771978935],[-59.319107683153725,-34.43136435080028],[-59.319436239915696,-34.431095746290723],[-59.319764794575768,-34.430827140861652],[-59.320093347133927,-34.430558534513111],[-59.320421897590215,-34.430289927245127],[-59.320750445944682,-34.430021319057687],[-59.3210789921973,-34.429752709950883],[-59.321407536348147,-34.429484099924665],[-59.321736078397244,-34.429215488979132],[-59.32173826279795,-34.428945067545591],[-59.321740447169546,-34.428674646099921],[-59.321416278096173,-34.428402414239109],[-59.321418463460375,-34.428131992787449]]}},
{"type":"Feature","properties":{"length_m":1034.5584412271571,"Name":"Red de drenaje ≥ 2 km²"},"geometry":{"type":"LineString","coordinates":[[-59.312480788011349,-34.363718589829411],[-59.31215247635204,-34.363987181497144],[-59.312150266454466,-34.364257605265749],[-59.312148056527434,-34.364528029022225],[-59.312145846570942,-34.364798452766649],[-59.31214363658502,-34.36506887649896],[-59.31214142656961,-34.365339300219198],[-59.312139216524756,-34.365609723927321],[-59.312137006450463,-34.365880147623336],[-59.312134796346712,-34.366150571307273],[-59.312132586213487,-34.366420994979123],[-59.31213037605081,-34.366691418638872],[-59.312128165858695,-34.366961842286521],[-59.3121259556371,-34.367232265922091],[-59.312123745386067,-34.367502689545553],[-59.312121535105568,-34.367773113156936],[-59.312119324795617,-34.368043536756225],[-59.312117114456207,-34.3683139603434],[-59.312441024735257,-34.368586216363553],[-59.312764937109776,-34.368858471539717],[-59.313088851579749,-34.36913072587182],[-59.313412768145248,-34.36940297935984],[-59.313736686806273,-34.369675232003772],[-59.313734481529025,-34.369945655610564],[-59.313732276222396,-34.370216079205264],[-59.313730070886386,-34.370486502787877],[-59.313727865520967,-34.370756926358375],[-59.313725660126181,-34.371027349916801],[-59.313723454701986,-34.371297773463127],[-59.313721249248395,-34.371568196997337],[-59.313719043765424,-34.371838620519483],[-59.31371683825305,-34.372109044029528],[-59.313714632711267,-34.372379467527487]]}},
{"type":"Feature","properties":{"length_m":757.27922061357856,"Name":"Red de drenaje ≥ 2 km²"},"geometry":{"type":"LineString","coordinates":[[-59.310887055862331,-34.319357935637342],[-59.310561125845545,-34.319356101345349],[-59.310237408188172,-34.31908384053984],[-59.309911479275534,-34.319082004531872],[-59.309585550392377,-34.319080167656693],[-59.309259621538764,-34.319078329914277],[-59.308933692714646,-34.319076491304635],[-59.308607763920101,-34.319074651827776],[-59.308281835155093,-34.3190728114837],[-59.307955906419657,-34.319070970272378],[-59.307629977713809,-34.319069128193867],[-59.307304049037555,-34.319067285248103],[-59.306978120390923,-34.319065441435136],[-59.306652191773907,-34.319063596754937],[-59.306328488028889,-34.318791325771755],[-59.306004786374181,-34.318519053946481],[-59.306007012202379,-34.318248628505131],[-59.30600923800089,-34.317978203051702],[-59.30601146376975,-34.317707777586186],[-59.306013689508937,-34.317437352108598],[-59.30601591521846,-34.317166926618896],[-59.30601814089831,-34.316896501117135],[-59.306020366548509,-34.316626075603267],[-59.306022592169022,-34.316355650077313],[-59.306024817759898,-34.316085224539272]]}},
{"type":"Feature","properties":{"length_m":102.42640687119285,"Name":"Red de drenaje ≥ 2 km²"},"geometry":{"type":"LineString","coordinates":[[-59.305657037708535,-34.479155198035883],[-59.305330487907149,-34.479153342330505],[-59.30500618060038,-34.47888106748124],[-59.304679631912187,-34.478879210049726]]}},
{"type":"Feature","properties":{"length_m":900.0,"Name":"Red de drenaje ≥ 2 km²"},"geometry":{"type":"LineString","coordinates":[[-59.304926236484384,-34.449133128287137],[-59.304928476686491,-34.448862708689809],[-59.304930716858763,-34.448592289080366],[-59.304932957001171,-34.448321869458816],[-59.304935197113743,-34.448051449825158],[-59.304937437196457,-34.447781030179392],[-59.304939677249322,-34.447510610521505],[-59.304941917272338,-34.447240190851524],[-59.304944157265489,-34.446969771169421],[-59.30494639722879,-34.446699351475225],[-59.304948637162262,-34.446428931768892],[-59.30495087706587,-34.446158512050459],[-59.304953116939636,-34.445888092319933],[-59.304955356783545,-34.445617672577278],[-59.304957596597617,-34.445347252822515],[-59.30495983638184,-34.445076833055658],[-59.304962076136199,-34.444806413276666],[-59.30496431586073,-34.444535993485594],[-59.304966555555403,-34.44426557368238],[-59.304968795220248,-34.443995153867078],[-59.304971034855242,-34.443724734039648],[-59.304973274460366,-34.443454314200132],[-59.304975514035668,-34.4431838943485],[-59.304977753581106,-34.442913474484762],[-59.304979993096715,-34.442643054608908],[-59.304982232582496,-34.442372634720932],[-59.304984472038413,-34.442102214820878],[-59.30498671146448,-34.44183179490868],[-59.304988950860732,-34.441561374984389],[-59.304991190227121,-34.441290955047982],[-59.304993429563666,-34.441020535099483]]}}
]
}
