{
"type": "FeatureCollection",
"name": "red_05km2",
"crs": { "type": "name", "properties": { "name": "urn:ogc:def:crs:OGC:1.3:CRS84" } },
"features": [
{"type":"Feature","properties":{"length_m":210.0,"Name":"Red de drenaje ≥ 0.5 km²"},"geometry":{"type":"LineString","coordinates":[[-59.535875630652164,-34.363146869754608],[-59.535877121730721,-34.362876435287895],[-59.535878612789439,-34.362606000809173],[-59.535880103828283,-34.362335566318414],[-59.535881594847233,-34.362065131815626],[-59.535883085846315,-34.361794697300809],[-59.535884576825531,-34.361524262773962],[-59.535886067784872,-34.361253828235114]]}},
{"type":"Feature","properties":{"length_m":1983.3809511662425,"Name":"Red de drenaje ≥ 0.5 km²"},"geometry":{"type":"LineString","coordinates":[[-59.528464411191543,-34.347162563124733],[-59.528465925173855,-34.346892128237187],[-59.528793487217428,-34.346622948624663],[-59.528795000112638,-34.346352513700388],[-59.52912255899583,-34.346083333157679],[-59.529124070803967,-34.345812898196741],[-59.529125582591988,-34.345542463223779],[-59.529127094359829,-34.345272028238767],[-59.52945464794908,-34.345002846716604],[-59.529782199444981,-34.344733664288988],[-59.529783709059103,-34.344463229242677],[-59.530111257394957,-34.344194045884997],[-59.530112765922205,-34.343923610802008],[-59.530114274429344,-34.343653175706997],[-59.530441818538549,-34.343383991394703],[-59.530769360554572,-34.343114806177077],[-59.531096900477451,-34.342845620054113],[-59.531424438307212,-34.342576433025869],[-59.531751974043907,-34.342307245092371],[-59.53207950768752,-34.342038056253621],[-59.532081009774899,-34.341767620998979],[-59.53240854025897,-34.341498431230455],[-59.532736068650074,-34.341229240556757],[-59.533063594948231,-34.340960048977919],[-59.533391119153471,-34.340690856493957],[-59.533718641265807,-34.340421663104912],[-59.534046161285282,-34.340152468810778],[-59.534373679211917,-34.339883273611633],[-59.534701195045763,-34.339614077507441],[-59.53502721629706,-34.339615315973745],[-59.535353237568273,-34.33961655357205],[-59.535679258859339,-34.339617790302334],[-59.536006769520874,-34.339348590651767],[-59.536008258851595,-34.339078155126906],[-59.536009748162471,-34.338807719590008],[-59.536011237453494,-34.338537284041088],[-59.536012726724678,-34.338266848480153],[-59.536014215975996,-34.337996412907188],[-59.536015705207475,-34.337725977322208],[-59.536017194419102,-34.337455541725213],[-59.536018683610884,-34.337185106116159],[-59.536020172782806,-34.336914670495119],[-59.536021661934896,-34.33664423486205],[-59.53602315106712,-34.33637379921695],[-59.536024640179491,-34.336103363559836],[-59.536026129272024,-34.335832927890706],[-59.536027618344725,-34.335562492209533],[-59.536029107397567,-34.335292056516352],[-59.536030596430564,-34.335021620811141],[-59.536032085443701,-34.334751185093907],[-59.536033574437006,-34.334480749364673],[-59.536035063410473,-34.334210313623402],[-59.536036552364081,-34.333939877870108],[-59.536038041297843,-34.333669442104785],[-59.53603953021176,-34.333399006327461],[-59.535715022904299,-34.333127334974598],[-59.535716512824592,-34.332856899185664],[-59.535392008635419,-34.332585226978345]]}},
{"type":"Feature","properties":{"length_m":2087.0562748477118,"Name":"Red de drenaje ≥ 0.5 km²"},"geometry":{"type":"LineString","coordinates":[[-59.534092339753677,-34.390724922394313],[-59.533767619926032,-34.390453246664293],[-59.533442902196427,-34.390181570077637],[-59.533116685105668,-34.390180325798198],[-59.532791970543073,-34.389908647497812],[-59.532467258078448,-34.389636968340845],[-59.532142547711778,-34.389365288327319],[-59.531817839443015,-34.389093607457255],[-59.53149313327215,-34.388821925730696],[-59.531168429199148,-34.388550243147655],[-59.530843727223981,-34.388278559708162],[-59.530519027346614,-34.388006875412252],[-59.530192818827999,-34.388005623406926],[-59.529868122117435,-34.387733937397655],[-59.529543427504599,-34.387462250532046],[-59.529218734989492,-34.387190562810098],[-59.529220248814624,-34.386920129664865],[-59.528895559425862,-34.386648441087225],[-59.528570872134729,-34.386376751653316],[-59.528246186941182,-34.386105061363168],[-59.527921503845228,-34.385833370216794],[-59.527596822846817,-34.385561678214252],[-59.527272143945936,-34.385289985355541],[-59.526947467142534,-34.385018291640691],[-59.526948988147353,-34.384747858487877],[-59.526950509131893,-34.384477425323034],[-59.526625836482829,-34.384205730753393],[-59.526301165931145,-34.383934035327698],[-59.525976497476798,-34.383662339045969],[-59.525651831119795,-34.383390641908228],[-59.525327166860059,-34.383118943914525],[-59.525002504697589,-34.382847245064816],[-59.524677844632386,-34.382575545359195],[-59.524353186664349,-34.382303844797647],[-59.52402853079353,-34.382032143380222],[-59.523703877019834,-34.381760441106948],[-59.52337922534327,-34.381488737977861],[-59.523053042440011,-34.381487467149221],[-59.522728393929519,-34.381215762307754],[-59.522403747516073,-34.380944056610531],[-59.522077566771223,-34.380942783199465],[-59.521752923523813,-34.380671075790019],[-59.521426743868446,-34.380669800653131],[-59.521100564233578,-34.3806685246469],[-59.52077592522118,-34.380396814668813],[-59.520449746675851,-34.380395536936824],[-59.520125110829483,-34.380123825246649],[-59.519800477080068,-34.379852112700895],[-59.519474300693361,-34.379850832386722],[-59.519148124327259,-34.37984955120325],[-59.518823494812835,-34.379577836089155],[-59.518498867395316,-34.379306120119551],[-59.51817269318795,-34.379304836354052],[-59.51784806893636,-34.379033118672659]]}},
{"type":"Feature","properties":{"length_m":4339.1883092036751,"Name":"Red de drenaje ≥ 0.5 km²"},"geometry":{"type":"LineString","coordinates":[[-59.532341827329148,-34.47076762352637],[-59.532340318821973,-34.471038053078267],[-59.532338810294668,-34.47130848261812],[-59.53233730174729,-34.471578912145908],[-59.532335793179797,-34.471849341661667],[-59.53233428459221,-34.472119771165367],[-59.5323327759845,-34.47239020065706],[-59.532331267356703,-34.472660630136652],[-59.532329758708798,-34.472931059604221],[-59.532001710286899,-34.473200239186255],[-59.532000200545482,-34.473470668617168],[-59.531998690783929,-34.473741098036029],[-59.531670638108551,-34.474010276659286],[-59.531342583326477,-34.474279454372969],[-59.53134107139784,-34.474549883730546],[-59.531339559449059,-34.474820313076059],[-59.531011500413207,-34.475089489830857],[-59.531009987370716,-34.475359919139692],[-59.531008474308067,-34.475630348436489],[-59.530680411018238,-34.475899524232368],[-59.530678896861815,-34.476169953492459],[-59.530350830391448,-34.476439128353995],[-59.530022761814152,-34.476708302305823],[-59.530021245490218,-34.476978731504552],[-59.529693173732248,-34.477247904521946],[-59.529691656314377,-34.477518333683939],[-59.529363581375627,-34.477787505766877],[-59.529362062863775,-34.478057934892142],[-59.529033984744146,-34.478327106040581],[-59.529032465138251,-34.478597535129097],[-59.529030945512112,-34.478867964205577],[-59.529029425865701,-34.479138393269999],[-59.528701342417385,-34.479407563434471],[-59.528699821676859,-34.479677992462136],[-59.528698300916062,-34.479948421477779],[-59.528371735047401,-34.479947161691996],[-59.528045169199025,-34.47994590103368],[-59.527718603370936,-34.479944639502811],[-59.527392037563146,-34.479943377099403],[-59.527065471775693,-34.479942113823441],[-59.526738906008575,-34.479940849674932],[-59.526412340261807,-34.479939584653877],[-59.526085774535396,-34.479938318760297],[-59.525759208829363,-34.479937051994156],[-59.525432643143731,-34.479935784355476],[-59.525106077478505,-34.479934515844249],[-59.524779511833692,-34.479933246460462],[-59.52477797840875,-34.480203675311472],[-59.524776444963386,-34.480474104150396],[-59.524774911497595,-34.480744532977305],[-59.524773378011361,-34.481014961792155],[-59.524771844504677,-34.481285390594977],[-59.524443739031078,-34.481554549052774],[-59.524115631449995,-34.48182370660038],[-59.52378752176142,-34.482092863237753],[-59.523459409965341,-34.482362018964892],[-59.52313129606172,-34.482631173781726],[-59.522803180050502,-34.482900327688263],[-59.522475061931701,-34.483169480684481],[-59.522148483806014,-34.483168204166347],[-59.521821905700854,-34.483166926775567],[-59.521495327616286,-34.483165648512148],[-59.521168749552274,-34.483164369376077],[-59.520840625192847,-34.483433517919906],[-59.520514046116247,-34.48343223702566],[-59.520187467060232,-34.483430955258747],[-59.519860888024851,-34.483429672619195],[-59.519532758458183,-34.483698817595936],[-59.519206178410293,-34.483697533198132],[-59.51887959838308,-34.483696247927689],[-59.518553018376551,-34.483694961784586],[-59.518226438390734,-34.483693674768816],[-59.517899858425629,-34.483692386880371],[-59.517573278481258,-34.483691098119294],[-59.517246698557642,-34.483689808485508],[-59.516920118654788,-34.48368851797909],[-59.516593538772696,-34.483687226599997],[-59.516266958911395,-34.483685934348244],[-59.515940379070898,-34.483684641223853],[-59.51561379925122,-34.483683347226766],[-59.515287219452382,-34.483682052357025],[-59.514960639674371,-34.483680756614639],[-59.514634059917242,-34.483679459999578],[-59.514307480180968,-34.48367816251185],[-59.51397933197763,-34.483947292407613],[-59.513651181666589,-34.48421642139256],[-59.513323029247829,-34.484485549466626],[-59.512994874721308,-34.484754676629812],[-59.512666718087019,-34.485023802882075],[-59.512338559344926,-34.485292928223394],[-59.512010398494972,-34.485562052653748],[-59.511682235537172,-34.485831176173086],[-59.51135564755829,-34.485829870726427],[-59.511027481459664,-34.486098992448895],[-59.510699313253113,-34.486368113260291],[-59.510371142938624,-34.486637233160593],[-59.510042970516174,-34.486906352149781],[-59.509716378426617,-34.486905042286793],[-59.509388202863242,-34.487174159478869],[-59.509061609761851,-34.487172847857181],[-59.50873343105755,-34.487441963252103],[-59.50840683694441,-34.487440649871665],[-59.508080242852401,-34.48743933561844],[-59.507752059974273,-34.487708448330139],[-59.507423874988049,-34.487977560130552],[-59.507095687893731,-34.488246671019638],[-59.506769090724319,-34.488245353235527],[-59.50644249357611,-34.488244034578649],[-59.506115896449131,-34.488242715048933],[-59.505789299343377,-34.48824139464643],[-59.505462702258896,-34.488240073371109],[-59.505136105195696,-34.488238751222966],[-59.504809508153755,-34.488237428202048],[-59.504481311721584,-34.488506531977158],[-59.50415311318126,-34.488775634840771],[-59.503824912532735,-34.489044736792877],[-59.503498312413853,-34.489043410240704],[-59.503171712316295,-34.489042082815722],[-59.50284350749407,-34.489311182083895],[-59.502515300563594,-34.489580280440457],[-59.50218709152486,-34.489849377885378],[-59.501858880377824,-34.490118474418658],[-59.501530667122474,-34.490387570040241],[-59.50152905805276,-34.490657997492455],[-59.50152744896161,-34.490928424932598],[-59.501525839849016,-34.491198852360704],[-59.501524230714978,-34.491469279776751]]}},
{"type":"Feature","properties":{"length_m":1246.690475583121,"Name":"Red de drenaje ≥ 0.5 km²"},"geometry":{"type":"LineString","coordinates":[[-59.529516846884761,-34.450474102070459],[-59.529515330415357,-34.450744532412216],[-59.529840267194892,-34.451016218557967],[-59.529838751737238,-34.451286648888271],[-59.529837236259389,-34.451557079206516],[-59.530163691653037,-34.451558334176191],[-59.530162177207181,-34.451828764495033],[-59.530160662741132,-34.452099194801839],[-59.530159148254896,-34.452369625096587],[-59.530157633748495,-34.452640055379312],[-59.5301561192219,-34.45291048564998],[-59.530154604675133,-34.453180915908611],[-59.530153090108186,-34.453451346155184],[-59.530151575521039,-34.453721776389742],[-59.530150060913712,-34.453992206612227],[-59.530148546286206,-34.454262636822705],[-59.529820564670054,-34.454531811912581],[-59.529492580949238,-34.454800986093439],[-59.529164595123767,-34.455070159365249],[-59.528836607193554,-34.45533933172797],[-59.528508617158586,-34.455608503181608],[-59.528507097147994,-34.455878933256606],[-59.528505577117137,-34.456149363319547],[-59.528504057066037,-34.456419793370458],[-59.528502536994665,-34.456690223409318],[-59.528501016903043,-34.456960653436141],[-59.528499496791156,-34.457231083450907],[-59.528497976659018,-34.457501513453629],[-59.528496456506637,-34.457771943444314],[-59.528494936333985,-34.458042373422963],[-59.528493416141075,-34.458312803389568],[-59.528818378602004,-34.458584492129447],[-59.52914334316803,-34.458856180010734],[-59.529141825019472,-34.459126609966518],[-59.529140306850664,-34.459397039910243],[-59.52946527558651,-34.459668726934126],[-59.529790246427538,-34.459940413099375],[-59.530115219373791,-34.460212098405911]]}},
{"type":"Feature","properties":{"length_m":144.85281374238571,"Name":"Red de drenaje ≥ 0.5 km²"},"geometry":{"type":"LineString","coordinates":[[-59.530538252947863,-34.326076118728878],[-59.530539759082892,-34.325805682827735],[-59.530215298619844,-34.325533996951293],[-59.529890840248129,-34.325262310220495],[-59.529892348414222,-34.324991874308473]]}},
{"type":"Feature","properties":{"length_m":114.85281374238571,"Name":"Red de drenaje ≥ 0.5 km²"},"geometry":{"type":"LineString","coordinates":[[-59.529384471624255,-34.415857663875649],[-59.52905967102177,-34.415585976090632],[-59.528734872519905,-34.415314287448403],[-59.528408558093233,-34.415313029817312]]}},
{"type":"Feature","properties":{"length_m":1991.5432893255061,"Name":"Red de drenaje ≥ 0.5 km²"},"geometry":{"type":"LineString","coordinates":[[-59.529892348414222,-34.324991874308473],[-59.529893856560214,-34.324721438384451],[-59.529569402330814,-34.324449750800483],[-59.529244950192641,-34.324178062362222],[-59.528920500145674,-34.323906373069697],[-59.528922011347966,-34.323635937135428],[-59.528923522530135,-34.323365501189166],[-59.528925033692133,-34.323095065230852],[-59.528926544834007,-34.322824629260523],[-59.528928055955738,-34.322554193278194],[-59.528929567057318,-34.322283757283842],[-59.528931078138768,-34.322013321277446],[-59.528932589200068,-34.321742885259034],[-59.52893410024123,-34.321472449228608],[-59.528935611262256,-34.321202013186152],[-59.528937122263137,-34.320931577131681],[-59.528938633243882,-34.320661141065187],[-59.528940144204498,-34.320390704986671],[-59.528941655144962,-34.320120268896126],[-59.528943166065275,-34.319849832793594],[-59.528618733489232,-34.319578142656042],[-59.528294303003925,-34.319306451664424],[-59.528295815954507,-34.319036015551063],[-59.528297328884925,-34.318765579425708],[-59.52829884179517,-34.318495143288324],[-59.52830035468525,-34.318224707138924],[-59.528301867555165,-34.317954270977509],[-59.528303380404907,-34.317683834804072],[-59.52830489323452,-34.317413398618591],[-59.528306406043932,-34.317142962421123],[-59.528307918833171,-34.316872526211611],[-59.528309431602281,-34.316602089990091],[-59.528310944351212,-34.316331653756528],[-59.528312457079984,-34.316061217510963],[-59.528313969788584,-34.315790781253376],[-59.528315482477019,-34.31552034498376],[-59.528316995145303,-34.315249908702135],[-59.528318507793429,-34.314979472408481],[-59.528320020421376,-34.314709036102812],[-59.527995609452518,-34.314437344267859],[-59.527997123085235,-34.314166907950806],[-59.52799863669776,-34.313896471621717],[-59.528000150290133,-34.31362603528062],[-59.528001663862312,-34.313355598927508],[-59.527677259083134,-34.313083906241239],[-59.527678773659979,-34.312813469876751],[-59.527680288216636,-34.312543033500233],[-59.527681802753136,-34.312272597111672],[-59.527357403138367,-34.312000903573527],[-59.527033005613539,-34.311729209181607],[-59.526708610178602,-34.311457513935942],[-59.526384216833542,-34.311185817836538],[-59.526059825578322,-34.310914120883417],[-59.526061345218189,-34.310643684486202],[-59.526062864837805,-34.310373248076949],[-59.526064384437163,-34.310102811655675],[-59.525739998345614,-34.309831113850976],[-59.525741518949317,-34.309560677418389],[-59.525743039532742,-34.309290240973773],[-59.525744560095902,-34.309019804517128],[-59.525746080638775,-34.308749368048467],[-59.526071982130134,-34.308750629369037]]}},
{"type":"Feature","properties":{"length_m":1346.1017305526639,"Name":"Red de drenaje ≥ 0.5 km²"},"geometry":{"type":"LineString","coordinates":[[-59.522993532785698,-34.334430647423403],[-59.522995063603801,-34.334160212186916],[-59.523322592956397,-34.333891046384124],[-59.523650120216814,-34.33362187967591],[-59.523977645385088,-34.333352712062293],[-59.523979172983402,-34.333082276739368],[-59.524306694993143,-34.332813108195616],[-59.524634214910819,-34.332543938746539],[-59.524961732736443,-34.332274768392189],[-59.525287725137197,-34.332276032554581],[-59.52561371755823,-34.332277295849202],[-59.525941231240438,-34.332008122828611],[-59.526268742830659,-34.331738948902782],[-59.526596252328915,-34.331469774071792],[-59.52692375973524,-34.331200598335634],[-59.527251265049649,-34.330931421694359],[-59.527252782005419,-34.330660986135968],[-59.527254298940953,-34.330390550565568],[-59.527581800031214,-34.330121372969771],[-59.527583315880435,-34.329850937362657],[-59.527584831709454,-34.329580501743507],[-59.527912328575766,-34.329311323193295],[-59.52823982335039,-34.329042143738064],[-59.528241337027112,-34.328771708057509],[-59.528242850683654,-34.328501272364946],[-59.528244364320038,-34.328230836660367],[-59.52824587793625,-34.327960400943745],[-59.528247391532261,-34.3276899652151],[-59.528248905108121,-34.32741952947444],[-59.528576391395262,-34.3271503489662],[-59.528577903885036,-34.326879913188868],[-59.528579416354638,-34.326609477399479],[-59.528906898418548,-34.326340295937015],[-59.528908409802149,-34.326069860110941],[-59.528909921165578,-34.325799424272866],[-59.529237399006448,-34.325530241856214],[-59.529564874755977,-34.32526105853475],[-59.529892348414222,-34.324991874308473]]}},
{"type":"Feature","properties":{"length_m":926.98484809834997,"Name":"Red de drenaje ≥ 0.5 km²"},"geometry":{"type":"LineString","coordinates":[[-59.528602452119088,-34.496985425173406],[-59.528275819842612,-34.496984164589449],[-59.527947663419013,-34.497253331351565],[-59.52761950488631,-34.497522497203143],[-59.527291344244475,-34.497791662144159],[-59.526964708885593,-34.497790398029707],[-59.526638073547083,-34.497789133042097],[-59.52631143822893,-34.497787867181358],[-59.52598480293117,-34.497786600447498],[-59.525658167653788,-34.497785332840536],[-59.525331532396812,-34.497784064360431],[-59.525004897160258,-34.497782795007225],[-59.52467826194416,-34.497781524780876],[-59.524351626748491,-34.497780253681405],[-59.524024991573313,-34.497778981708805],[-59.523698356418613,-34.497777708863104],[-59.523371721284406,-34.497776435144253],[-59.523045086170683,-34.497775160552294],[-59.522718451077509,-34.497773885087227],[-59.522391816004856,-34.497772608749017],[-59.522065180952758,-34.497771331537685],[-59.521737001655822,-34.498040481393652],[-59.521408820249718,-34.498309630338731],[-59.521080636734432,-34.498578778372874],[-59.521079090298066,-34.498849206251407],[-59.520750903598298,-34.499118353349694],[-59.520749356066048,-34.49938878119125],[-59.5207478085132,-34.499659209020756],[-59.520421166181727,-34.499657927353638]]}},
{"type":"Feature","properties":{"length_m":1718.5281374238562,"Name":"Red de drenaje ≥ 0.5 km²"},"geometry":{"type":"LineString","coordinates":[[-59.528989915706781,-34.428025829632084],[-59.528665069805946,-34.427754140961689],[-59.528340226006982,-34.427482451433725],[-59.528015384309896,-34.427210761048201],[-59.527690544714631,-34.42693906980513],[-59.527365707221165,-34.42666737770459],[-59.527040871829477,-34.426395684746566],[-59.526716038539533,-34.426123990931082],[-59.526391207351303,-34.425852296258164],[-59.526066378264758,-34.425580600727884],[-59.525741551279872,-34.425308904340206],[-59.525416726396635,-34.425037207095187],[-59.525091903614978,-34.424765508992856],[-59.52509343285643,-34.424495077672923],[-59.525094962077517,-34.424224646340924],[-59.525096491278205,-34.42395421499689],[-59.525098020458501,-34.42368378364084],[-59.52509954961846,-34.423413352272725],[-59.525101078758006,-34.423142920892587],[-59.525102607877187,-34.422872489500413],[-59.525104136975983,-34.422602058096196],[-59.525105666054401,-34.422331626679934],[-59.525107195112454,-34.422061195251651],[-59.525108724150108,-34.421790763811302],[-59.525110253167412,-34.421520332358931],[-59.525111782164316,-34.421249900894509],[-59.525113311140856,-34.420979469418072],[-59.525114840096997,-34.420709037929591],[-59.525116369032787,-34.420438606429066],[-59.525117897948199,-34.420168174916483],[-59.525445758924029,-34.419899009944139],[-59.525773617798784,-34.419629844063643],[-59.526101474572499,-34.419360677275073],[-59.526429329245218,-34.419091509578429],[-59.526757181816933,-34.418822340973755],[-59.527085032287694,-34.41855317146107],[-59.527411359237931,-34.418554432726246],[-59.527739206577579,-34.418285261422348],[-59.528065532517914,-34.418286520933741],[-59.528067051816315,-34.418016089210468],[-59.528394894954168,-34.417746916090692],[-59.528396413161666,-34.417476484330685],[-59.528397931348927,-34.417206052558647],[-59.528399449515952,-34.416935620774552],[-59.528400967662741,-34.416665188978449],[-59.528402485789314,-34.416394757170281],[-59.528404003895631,-34.416124325350111],[-59.528405521981732,-34.41585389351787],[-59.528407040047597,-34.41558346167362],[-59.528408558093233,-34.415313029817312]]}},
{"type":"Feature","properties":{"length_m":1253.9696961966997,"Name":"Red de drenaje ≥ 0.5 km²"},"geometry":{"type":"LineString","coordinates":[[-59.528408558093233,-34.415313029817312],[-59.528083762762485,-34.41504133946011],[-59.52808528181793,-34.414770907592406],[-59.528086800853139,-34.414500475712664],[-59.528088319868104,-34.414230043820872],[-59.528089838862812,-34.413959611917058],[-59.528091357837297,-34.413689180001185],[-59.528092876791526,-34.413418748073305],[-59.52809439572551,-34.41314831613338],[-59.528095914639259,-34.412877884181405],[-59.528097433532764,-34.412607452217401],[-59.528098952406019,-34.412337020241374],[-59.528100471259037,-34.412066588253289],[-59.528101990091812,-34.411796156253175],[-59.527777209220957,-34.41152446504649],[-59.52777872906335,-34.411254033034972],[-59.527780248885492,-34.410983601011417],[-59.527455472174488,-34.410711908949004],[-59.527456993006162,-34.410441476914059],[-59.527132219425049,-34.410169783995343],[-59.526807447943987,-34.409898090219691],[-59.526808970814891,-34.409627658174038],[-59.526484202463578,-34.409355963542133],[-59.526485726343864,-34.409085531485104],[-59.526160961122208,-34.408813835997023],[-59.52616248601182,-34.408543403928647],[-59.525837723919693,-34.408271707584426],[-59.525512963927426,-34.408000010383397],[-59.525514490855919,-34.40772957830437],[-59.525189733993038,-34.407457880247264],[-59.525191261930708,-34.407187448156918],[-59.525192789848006,-34.406917016054507],[-59.525194317744933,-34.406646583940088],[-59.524869566070329,-34.406374885028384],[-59.524544816495386,-34.406103185260001],[-59.524220069020082,-34.405831484634959],[-59.523895323644382,-34.405559783153301]]}},
{"type":"Feature","properties":{"length_m":1837.2792206135782,"Name":"Red de drenaje ≥ 0.5 km²"},"geometry":{"type":"LineString","coordinates":[[-59.527395196417523,-34.363384860943633],[-59.527396714753849,-34.363114426815713],[-59.527398233069945,-34.362843992675735],[-59.527399751365799,-34.362573558523728],[-59.527401269641409,-34.362303124359727],[-59.527402787896797,-34.362032690183661],[-59.527404306131949,-34.361762255995565],[-59.527405824346857,-34.361491821795475],[-59.52740734254153,-34.361221387583335],[-59.527408860715973,-34.360950953359172],[-59.527410378870194,-34.36068051912298],[-59.527411897004157,-34.360410084874751],[-59.527413415117906,-34.360139650614506],[-59.527414933211411,-34.359869216342226],[-59.527416451284694,-34.359598782057894],[-59.527417969337726,-34.359328347761569],[-59.527419487370537,-34.359057913453213],[-59.527421005383104,-34.358787479132808],[-59.527422523375449,-34.358517044800401],[-59.527424041347572,-34.35824661045595],[-59.527425559299445,-34.357976176099484],[-59.527427077231096,-34.357705741730975],[-59.52742859514251,-34.357435307350428],[-59.527430113033695,-34.357164872957874],[-59.527431630904651,-34.35689443855329],[-59.527433148755385,-34.35662400413667],[-59.527434666585869,-34.356353569708027],[-59.527436184396144,-34.356083135267369],[-59.527437702186177,-34.355812700814681],[-59.527439219955994,-34.355542266349964],[-59.527440737705568,-34.355271831873203],[-59.527442255434913,-34.35500139738442],[-59.527443773144029,-34.354730962883629],[-59.527445290832922,-34.35446052837078],[-59.52744680850158,-34.354190093845936],[-59.527448326150029,-34.353919659309028],[-59.527449843778236,-34.353649224760126],[-59.527451361386213,-34.353378790199187],[-59.527778952120855,-34.35310961382212],[-59.527780468641325,-34.352839179224432],[-59.527781985141537,-34.352568744614743],[-59.527783501621577,-34.352298309993024],[-59.528111087060267,-34.352029132636076],[-59.528112602452843,-34.351758697977637],[-59.528114117825226,-34.351488263307175],[-59.528115633177407,-34.351217828624684],[-59.528117148509395,-34.350947393930177],[-59.52844472758531,-34.350678215568756],[-59.528446241829954,-34.350407780837521],[-59.528447756054412,-34.350137346094257],[-59.52844927025869,-34.349866911338978],[-59.528450784442796,-34.349596476571676],[-59.528452298606716,-34.349326041792345],[-59.528453812750449,-34.349055607000992],[-59.528455326873996,-34.348785172197594],[-59.528456840977384,-34.348514737382189],[-59.528458355060579,-34.348244302554733],[-59.528459869123573,-34.347973867715289],[-59.528461383166416,-34.347703432863796],[-59.528462897189073,-34.347432998000265],[-59.528464411191543,-34.347162563124733]]}},
{"type":"Feature","properties":{"length_m":264.85281374238571,"Name":"Red de drenaje ≥ 0.5 km²"},"geometry":{"type":"LineString","coordinates":[[-59.525852965745365,-34.347693358905062],[-59.52617901785213,-34.347694621188822],[-59.526505069979159,-34.347695882604327],[-59.526831122126453,-34.347697143151549],[-59.527157174294018,-34.347698402830524],[-59.527483226481799,-34.347699661641229],[-59.527809278689794,-34.34770091958368],[-59.528136845987468,-34.347431741807007],[-59.528464411191543,-34.347162563124733]]}},
{"type":"Feature","properties":{"length_m":3895.5844122715666,"Name":"Red de drenaje ≥ 0.5 km²"},"geometry":{"type":"LineString","coordinates":[[-59.526966217090425,-34.439646804877114],[-59.526638283056187,-34.439915972459758],[-59.526310346918784,-34.44018513913371],[-59.525982408678239,-34.4404543048989],[-59.52565446833448,-34.440723469755341],[-59.525326525887508,-34.440992633702997],[-59.524998581337258,-34.441261796741813],[-59.524670634683737,-34.441530958871788],[-59.524342685926918,-34.4418001200929],[-59.524016268768094,-34.441798849894063],[-59.523689851629719,-34.44179757882393],[-59.523363434511786,-34.441796306882487],[-59.523037017414325,-34.441795034069742],[-59.522710600337348,-34.441793760385679],[-59.522384183280863,-34.441792485830305],[-59.522057766244885,-34.44179121040365],[-59.521732890271963,-34.441519503672289],[-59.521408016402347,-34.441247796083275],[-59.521083144636009,-34.440976087636621],[-59.520758274972913,-34.440704378332377],[-59.520433407413044,-34.440432668170558],[-59.520108541956361,-34.440160957151214],[-59.519783678602835,-34.439889245274344],[-59.519458817352472,-34.439617532539962],[-59.519133958205195,-34.439345818948112],[-59.519135507475163,-34.439075388509366],[-59.518810651461806,-34.438803674060971],[-59.518812201741994,-34.438533243611055],[-59.51881375200152,-34.438262813149102],[-59.518815302240384,-34.437992382675105],[-59.518816852458578,-34.437721952189065],[-59.51881840265613,-34.437451521690967],[-59.518819952833013,-34.437181091180861],[-59.518821502989219,-34.436910660658697],[-59.518496656294438,-34.436638945359078],[-59.518498207460723,-34.436368514825745],[-59.518499758606367,-34.436098084280374],[-59.51850130973132,-34.43582765372296],[-59.518176468231374,-34.435555937568672],[-59.518178020366321,-34.435285507000117],[-59.518179572480584,-34.435015076419525],[-59.518181124574177,-34.434744645826861],[-59.517856288268796,-34.434472928818032],[-59.517531454065967,-34.434201210951976],[-59.517533008200033,-34.433930780349087],[-59.517534562313358,-34.433660349734154],[-59.517536116405999,-34.433389919107178],[-59.517537670477928,-34.433119488468179],[-59.517539224529138,-34.43284905781713],[-59.517214397581412,-34.432577339098479],[-59.517215952642374,-34.432306908436288],[-59.516891128827474,-34.432035188861455],[-59.516892684898139,-34.431764758188159],[-59.516894240948083,-34.431494327502826],[-59.516569421296282,-34.431222607072755],[-59.516570978355844,-34.430952176376309],[-59.516246161836627,-34.430680455090162],[-59.51624771990577,-34.430410024382617],[-59.515922906519016,-34.430138302240401],[-59.515924465597713,-34.429867871521758],[-59.515599655343323,-34.429596148523537],[-59.515274847191009,-34.429324424668366],[-59.515276408309369,-34.429053993939625],[-59.515277969406952,-34.428783563198834],[-59.514953165417026,-34.428511838488724],[-59.514628363529063,-34.428240112921728],[-59.514303563743027,-34.427968386497923],[-59.513978766058877,-34.427696659217283],[-59.513980331256121,-34.42742622846842],[-59.51365553670388,-34.427154500331994],[-59.513330744253459,-34.426882771338832],[-59.513332311489883,-34.42661234057995],[-59.513007522171208,-34.426340610731089],[-59.512682734954275,-34.426068880025539],[-59.512357949839028,-34.425797148463317],[-59.512033166825432,-34.425525416044472],[-59.511708385913479,-34.425253682768989],[-59.511382033687234,-34.425252379389512],[-59.511055681481956,-34.425251075139244],[-59.510730904815148,-34.424979339291923],[-59.51040613024994,-34.42470760258805],[-59.510081357786262,-34.424435865027704],[-59.5097565874241,-34.424164126610883],[-59.509431819163424,-34.423892387337602],[-59.509105472338092,-34.423891077928651],[-59.508780707250693,-34.423619336941414],[-59.508455944264711,-34.423347595097809],[-59.508131183380151,-34.423075852397851],[-59.507806424596943,-34.422804108841575],[-59.507480082079887,-34.422802795131901],[-59.507155326469849,-34.422531049861881],[-59.506830572961121,-34.422259303735586],[-59.506505821553695,-34.421987556753081],[-59.506181072247522,-34.421715808914364],[-59.505854734038863,-34.421714490904321],[-59.505529987905732,-34.421442741352038],[-59.505205243873824,-34.421170990943658],[-59.504878907829998,-34.421169670348249],[-59.504554166971083,-34.420897918226423],[-59.504229428213314,-34.420626165248535],[-59.503904691556677,-34.4203544114146],[-59.503578358749614,-34.420353087376647],[-59.503253625265899,-34.420081331829422],[-59.502927293551998,-34.420080006063593],[-59.502602563241183,-34.4198082488032],[-59.502276232620481,-34.419806921309544]]}},
{"type":"Feature","properties":{"length_m":132.42640687119285,"Name":"Red de drenaje ≥ 0.5 km²"},"geometry":{"type":"LineString","coordinates":[[-59.525201956924228,-34.405294423187364],[-59.524875681572276,-34.405293156453141],[-59.524547876345956,-34.405562320997909],[-59.524221599984983,-34.405561052510663],[-59.523895323644382,-34.405559783153301]]}},
{"type":"Feature","properties":{"length_m":476.98484809834997,"Name":"Red de drenaje ≥ 0.5 km²"},"geometry":{"type":"LineString","coordinates":[[-59.524241500671955,-34.402045433799451],[-59.523913706228186,-34.40231459687616],[-59.523912174458495,-34.40258502913214],[-59.523584376845427,-34.402854191276404],[-59.523256577133054,-34.403123352513013],[-59.522928775321347,-34.40339251284194],[-59.522600971410291,-34.403661672263155],[-59.522273165399852,-34.403930830776616],[-59.521945357289994,-34.404199988382324],[-59.521619086341389,-34.40419871299823],[-59.521292815413304,-34.404197436744035],[-59.520966544505747,-34.404196159619751],[-59.520640273618739,-34.404194881625379],[-59.520314002752279,-34.40419360276092]]}},
{"type":"Feature","properties":{"length_m":392.13203435596427,"Name":"Red de drenaje ≥ 0.5 km²"},"geometry":{"type":"LineString","coordinates":[[-59.523895323644382,-34.405559783153301],[-59.523569047324216,-34.405558512925801],[-59.523242771024464,-34.405557241828177],[-59.522918029888807,-34.405285537775214],[-59.522591754679752,-34.405284264950126],[-59.522267016713883,-34.405012559183341],[-59.52194228084754,-34.404740852560032],[-59.521616007799473,-34.404739577150252],[-59.521289734771926,-34.404738300870378],[-59.520965003145605,-34.404466591676076],[-59.520638731208862,-34.404465313668837],[-59.520314002752279,-34.40419360276092]]}},
{"type":"Feature","properties":{"length_m":72.426406871192853,"Name":"Red de drenaje ≥ 0.5 km²"},"geometry":{"type":"LineString","coordinates":[[-59.522339998621945,-34.334698541076207],[-59.522667532158984,-34.334429377084298],[-59.522993532785698,-34.334430647423403]]}},
{"type":"Feature","properties":{"length_m":2264.9242404917472,"Name":"Red de drenaje ≥ 0.5 km²"},"geometry":{"type":"LineString","coordinates":[[-59.511487870233779,-34.350882168232538],[-59.511489438940472,-34.350611734183005],[-59.511817069295631,-34.350342600739509],[-59.511818636913581,-34.350072166652801],[-59.512146264107066,-34.349803032277634],[-59.512147830636351,-34.349532598153786],[-59.512475454668269,-34.349263462846949],[-59.512803076606424,-34.34899432663363],[-59.512804640979354,-34.348723892447538],[-59.513132259756098,-34.348454755302654],[-59.513133823040505,-34.34818432107943],[-59.513135386304057,-34.347913886844175],[-59.513463000851843,-34.347644748742688],[-59.513464563026965,-34.347374314470322],[-59.513466125181253,-34.347103880185919],[-59.513467687314716,-34.346833445889487],[-59.513795296566187,-34.346564306806386],[-59.513796857611275,-34.346293872472849],[-59.513798418635567,-34.34602343812729],[-59.51412602365852,-34.345754298087705],[-59.514127583594501,-34.345483863705049],[-59.514129143509699,-34.345213429310363],[-59.514130703404099,-34.344942994903647],[-59.514132263277716,-34.344672560484895],[-59.514459861937503,-34.344403419438791],[-59.514461420722917,-34.344132984982963],[-59.514462979487561,-34.343862550515084],[-59.514790573919335,-34.343593408512668],[-59.514792131595847,-34.343322974007734],[-59.51479368925159,-34.343052539490749],[-59.515121279455563,-34.342783396532056],[-59.515122836023259,-34.342512961978031],[-59.5151243925702,-34.342242527411948],[-59.515451978546551,-34.341973383497063],[-59.515453534005509,-34.341702948893946],[-59.515781116821657,-34.341433804047924],[-59.516108697544858,-34.341164658295853],[-59.516110250848705,-34.34089422363067],[-59.516437828411831,-34.340625076947568],[-59.516439380627872,-34.34035464224533],[-59.516766955031031,-34.340085494631239],[-59.517094527341385,-34.339816346111185],[-59.517422097558971,-34.339547196685189],[-59.517423646553105,-34.339276761895967],[-59.517751213610929,-34.339007611539088],[-59.51775276151745,-34.33873717671289],[-59.518080325415603,-34.338468025425172],[-59.518407887221095,-34.338198873231619],[-59.518735446933988,-34.337929720132259],[-59.519063004554297,-34.337660566127106],[-59.519390560082023,-34.337391411216181],[-59.519718113517222,-34.337122255399535],[-59.520045664859907,-34.336853098677175],[-59.520373214110109,-34.336583941049135],[-59.520700761267854,-34.336314782515423],[-59.521028306333186,-34.33604562307611],[-59.521355849306111,-34.335776462731182],[-59.521683390186674,-34.335507301480675],[-59.522010928974879,-34.335238139324616],[-59.522338465670757,-34.334968976263049],[-59.522666000274363,-34.334699812295973],[-59.522993532785698,-34.334430647423403]]}},
{"type":"Feature","properties":{"length_m":1948.2337649086276,"Name":"Red de drenaje ≥ 0.5 km²"},"geometry":{"type":"LineString","coordinates":[[-59.520314002752279,-34.40419360276092],[-59.519987731906404,-34.404192323026372],[-59.519663006619567,-34.403920610404889],[-59.519336736864567,-34.403919328943061],[-59.51901046713018,-34.403918046611167],[-59.518685746083378,-34.403646331419012],[-59.518361027135953,-34.403374615370609],[-59.51803475956288,-34.403373330454343],[-59.517710043785137,-34.403101612692573],[-59.517385330106734,-34.4028298940746],[-59.517060618527601,-34.402558174600465],[-59.516735909047746,-34.402286454270183],[-59.516411201667125,-34.402014733083796],[-59.516086496385704,-34.401743011041297],[-59.515760235255378,-34.401741720112597],[-59.515435533143481,-34.401469996357058],[-59.515110833130755,-34.401198271745479],[-59.514786135217143,-34.400926546277901],[-59.514459877318657,-34.400925251908255],[-59.514135182574478,-34.40065352472778],[-59.513808925767172,-34.400652228631245],[-59.513484234192447,-34.400380499737921],[-59.513157978476379,-34.400379201914504],[-59.512833290071057,-34.400107471308417],[-59.512507035446269,-34.400106171758132],[-59.512180780842364,-34.400104871337923],[-59.511856096676865,-34.399833138162286],[-59.511531414610353,-34.399561404130878],[-59.51120516216821,-34.399560101127044],[-59.510880483271052,-34.399288365383093],[-59.51055423192031,-34.399287060652526],[-59.51022955619252,-34.399015323196068],[-59.509903305933214,-34.399014016738789],[-59.509577055694926,-34.3990127094116],[-59.509252384206931,-34.398740969386004],[-59.508926135060143,-34.398739660332161],[-59.508599885934409,-34.398738350408429],[-59.508275218686251,-34.398466607813781],[-59.507948970652087,-34.398465296163437],[-59.50762272263902,-34.398463983643197],[-59.507298059630706,-34.398192238479652],[-59.506971812709295,-34.398190924232829],[-59.506645565809002,-34.398189609116145],[-59.506319318929876,-34.398188293129564],[-59.505994661231988,-34.397916544540635],[-59.505668415444596,-34.397915226827543],[-59.505342169678386,-34.397913908244576],[-59.505015923933385,-34.397912588791719],[-59.504689678209601,-34.397911268469002],[-59.50436343250707,-34.39790994727641],[-59.504038782260949,-34.397638193549128],[-59.503712537650301,-34.397636870630102],[-59.50338629306092,-34.397635546841187],[-59.503060048492834,-34.397634222182411],[-59.50273380394605,-34.397632896653775],[-59.50240755942059,-34.397631570255285]]}},
{"type":"Feature","properties":{"length_m":90.0,"Name":"Red de drenaje ≥ 0.5 km²"},"geometry":{"type":"LineString","coordinates":[[-59.517846948170188,-34.492886946135634],[-59.517520332387214,-34.492885656933922],[-59.517193716625009,-34.492884366859251],[-59.516867100883559,-34.492883075911614]]}},
{"type":"Feature","properties":{"length_m":2642.497833620555,"Name":"Red de drenaje ≥ 0.5 km²"},"geometry":{"type":"LineString","coordinates":[[-59.51805999913919,-34.455838195886329],[-59.518061552826246,-34.455567766221087],[-59.517736637123846,-34.455296049142802],[-59.517411723526173,-34.455024331206651],[-59.51708681203317,-34.454752612412641],[-59.516761902644859,-34.454480892760799],[-59.516436995361197,-34.454209172251147],[-59.516112090182141,-34.453937450883721],[-59.516113650038015,-34.453667021211984],[-59.516115209873071,-34.453396591528204],[-59.516116769687365,-34.453126161832373],[-59.516118329480854,-34.452855732124512],[-59.516119889253559,-34.452585302404579],[-59.515794991336371,-34.452313580184182],[-59.515796552119703,-34.452043150453171],[-59.515798112882266,-34.451772720710103],[-59.515799673623995,-34.451502290954991],[-59.515801234344934,-34.451231861187843],[-59.51580279504509,-34.450961431408643],[-59.515804355724427,-34.4506910016174],[-59.515479466099777,-34.45041927854512],[-59.515154578579342,-34.450147554615214],[-59.514829693163115,-34.449875829827754],[-59.51450480985104,-34.449604104182725],[-59.514179928643102,-34.449332377680179],[-59.513853482672424,-34.449331080105466],[-59.513525468782838,-34.449600211419458],[-59.513197452789143,-34.4498693418237],[-59.512871004777018,-34.449868041608198],[-59.512542985647983,-34.450137170218035],[-59.512216536625651,-34.450135868246292],[-59.511888514361289,-34.450404995061646],[-59.511560489992704,-34.450674120967165],[-59.51123403892904,-34.450672816354448],[-59.510907587886372,-34.450671510870187],[-59.510581136864708,-34.45067020451431],[-59.510254685864076,-34.450668897286853],[-59.509928234884484,-34.450667589187802],[-59.509601783925916,-34.450666280217185],[-59.509275332988437,-34.450664970374959],[-59.508950464824984,-34.450393230132889],[-59.50862559876574,-34.45012148903357],[-59.508300734810668,-34.449849747077039],[-59.508302319604489,-34.449579317539026],[-59.507977458784495,-34.44930757472644],[-59.507979044588119,-34.449037145177556],[-59.507654186903103,-34.448765401508993],[-59.507655773716479,-34.448494971949223],[-59.507330919166385,-34.44822322742472],[-59.507332506989435,-34.447952797854086],[-59.507007655574121,-34.447681052473676],[-59.506682806262738,-34.447409306236196],[-59.506357959055258,-34.447137559141694],[-59.506033113951617,-34.446865811190193],[-59.505706677975034,-34.446864491946322],[-59.505381836048386,-34.446592742279648],[-59.505056996225555,-34.446320991756046],[-59.504732158506499,-34.446049240375537],[-59.504407322891218,-34.445777488138148],[-59.504082489379641,-34.445505735043909],[-59.503757657971775,-34.445233981092827],[-59.503432828667577,-34.44496222628495],[-59.50343442885849,-34.444691796729138],[-59.50343602902808,-34.444421367161297],[-59.503437629176354,-34.444150937581412],[-59.503439229303297,-34.443880507989469],[-59.50344082940893,-34.443610078385476],[-59.503442429493219,-34.443339648769438],[-59.503444029556199,-34.443069219141364],[-59.503445629597842,-34.442798789501204],[-59.503447229618182,-34.442528359849049],[-59.503448829617177,-34.442257930184823],[-59.503450429594878,-34.441987500508539],[-59.503452029551234,-34.441717070820232],[-59.50345362948628,-34.44144664111986]]}},
{"type":"Feature","properties":{"length_m":90.0,"Name":"Red de drenaje ≥ 0.5 km²"},"geometry":{"type":"LineString","coordinates":[[-59.518501963051257,-34.378765253962584],[-59.518500415233596,-34.379035687047093],[-59.518174242074657,-34.379034403294504],[-59.51784806893636,-34.379033118672659]]}},
{"type":"Feature","properties":{"length_m":1144.2640687119283,"Name":"Red de drenaje ≥ 0.5 km²"},"geometry":{"type":"LineString","coordinates":[[-59.518491328354884,-34.323595372063274],[-59.518492872994763,-34.323324936525751],[-59.518168461198925,-34.323053219030122],[-59.518170006843128,-34.322782783481472],[-59.517845598163255,-34.322511065133114],[-59.517847144811761,-34.322240629573336],[-59.517848691439667,-34.321970194001551],[-59.517850238046947,-34.321699758417722],[-59.51752583453262,-34.321428039218489],[-59.517527382144095,-34.321157603623554],[-59.517528929734958,-34.320887168016597],[-59.517204530361106,-34.320615447965643],[-59.517206078956107,-34.32034501234758],[-59.51720762753046,-34.320074576717495],[-59.516883232296877,-34.319802855814885],[-59.516884781875291,-34.319532420173687],[-59.516886331433071,-34.319261984520487],[-59.516887880970209,-34.318991548855273],[-59.516889430486664,-34.318721113178015],[-59.516890979982477,-34.318450677488741],[-59.51689252945765,-34.318180241787445],[-59.516894078912152,-34.317909806074134],[-59.516895628346006,-34.317639370348779],[-59.516897177759212,-34.317368934611402],[-59.516572793838009,-34.317097212863764],[-59.516248412007258,-34.31682549026273],[-59.515924032266923,-34.316553766808383],[-59.515925584733061,-34.316283331061811],[-59.515927137178537,-34.316012895303217],[-59.515602761577512,-34.31574117099747],[-59.515604315026735,-34.315470735227827],[-59.515605868455268,-34.315200299446168],[-59.515607421863059,-34.314929863652466],[-59.515608975250174,-34.314659427846756],[-59.515284605837074,-34.314387702691612]]}},
{"type":"Feature","properties":{"length_m":2291.5432893255065,"Name":"Red de drenaje ≥ 0.5 km²"},"geometry":{"type":"LineString","coordinates":[[-59.51784806893636,-34.379033118672659],[-59.517521895818717,-34.379031833181507],[-59.517195722721745,-34.379030546821127],[-59.516869549645442,-34.379029259591441],[-59.516543376589873,-34.379027971492505],[-59.516217203554994,-34.379026682524291],[-59.515891030540828,-34.379025392686813],[-59.515564857547432,-34.379024101980043],[-59.515238684574769,-34.379022810404024],[-59.514912511622889,-34.379021517958748],[-59.514586338691792,-34.379020224644172],[-59.514261727228437,-34.378748497544549],[-59.513935555387349,-34.378747202504478],[-59.513609383567093,-34.378745906595142],[-59.513283211767657,-34.378744609816565],[-59.512957039989089,-34.378743312168723],[-59.512630868231383,-34.378742013651618],[-59.512306264211055,-34.378470281415815],[-59.511980093543528,-34.378468981173278],[-59.51165392289689,-34.378467680061497],[-59.511327752271171,-34.378466378080454],[-59.511003153555521,-34.378194642421114],[-59.510676984020073,-34.378193338714688],[-59.510352388470473,-34.377921601344212],[-59.510026220025331,-34.377920295912475],[-59.509700051601179,-34.377918989611487],[-59.509375460286968,-34.377647249673892],[-59.509049292953186,-34.377645941647614],[-59.508724704805033,-34.377374199999025],[-59.508398538561671,-34.377372890247493],[-59.508072372339356,-34.377371579626761],[-59.507746206138115,-34.377370268136801],[-59.507421623294796,-34.377098523065307],[-59.507095458184054,-34.377097209850156],[-59.50676929309445,-34.377095895765791],[-59.506443128025957,-34.377094580812226],[-59.506118550487564,-34.376822832318034],[-59.505792386509668,-34.376821515639328],[-59.505466222552961,-34.37682019809143],[-59.505140058617442,-34.376818879674317],[-59.504813894703119,-34.376817560388005],[-59.504487730810013,-34.376816240232529],[-59.504161566938137,-34.376814919207852],[-59.503835403087486,-34.376813597313948],[-59.503509239258122,-34.376812274550886],[-59.503183075450011,-34.376810950918625],[-59.502856911663173,-34.376809626417156],[-59.50253234691656,-34.376537868509381],[-59.502206184220626,-34.376536542282885],[-59.501880021546022,-34.376535215187204],[-59.501553858892748,-34.376533887222344],[-59.501227696260827,-34.376532558388298],[-59.500901533650271,-34.376531228685089],[-59.500575371061103,-34.376529898112672],[-59.500249208493329,-34.376528566671077],[-59.499923045946971,-34.376527234360303],[-59.499596883422022,-34.376525901180344],[-59.499270720918524,-34.376524567131206],[-59.49894455843647,-34.376523232212897],[-59.498618395975875,-34.376521896425395],[-59.498293846161886,-34.376250127393817],[-59.497967684792521,-34.376248789881423],[-59.497641523444685,-34.37624745149985],[-59.497316977866738,-34.375975679902609],[-59.496990817610197,-34.375974339796187],[-59.496664657375213,-34.3759729988206],[-59.496338497161787,-34.375971656975842],[-59.496013956889747,-34.375699881957431],[-59.495687797767722,-34.375698538387894],[-59.495361638667305,-34.375697193949193],[-59.495035479588502,-34.375695848641328],[-59.49471094462244,-34.375424070201966]]}},
{"type":"Feature","properties":{"length_m":1718.5281374238562,"Name":"Red de drenaje ≥ 0.5 km²"},"geometry":{"type":"LineString","coordinates":[[-59.516867100883559,-34.492883075911614],[-59.516540485162899,-34.492881784091011],[-59.516213869463044,-34.492880491397472],[-59.515887253783987,-34.492879197830945],[-59.515560638125756,-34.492877903391474],[-59.515234022488379,-34.492876608079037],[-59.514905840836043,-34.493145739779166],[-59.514579224186058,-34.493144442707774],[-59.514252607556969,-34.493143144763401],[-59.513925990948771,-34.493141845946077],[-59.513599374361469,-34.493140546255788],[-59.5132727577951,-34.493139245692497],[-59.512944568866999,-34.493408372051377],[-59.512617951288199,-34.493407069729088],[-59.51229133373036,-34.493405766533826],[-59.511964716193503,-34.49340446246557],[-59.511636522056619,-34.493673585254967],[-59.511309903507431,-34.493672279427649],[-59.510981706228513,-34.493941400419658],[-59.510655086667022,-34.49394009283322],[-59.510326886246069,-34.494209212027748],[-59.510000265672303,-34.494207902682163],[-59.509672062109274,-34.494477020079138],[-59.509670479077812,-34.494747447682663],[-59.509342272330485,-34.495016564142993],[-59.509014063474325,-34.495285679691868],[-59.509012478270684,-34.495556107232858],[-59.50868426623007,-34.495825221845017],[-59.508356052080543,-34.496094335545635],[-59.508027835822034,-34.496363448334741],[-59.507699617454563,-34.496632560212269],[-59.50737139697808,-34.496901671178207],[-59.507044766050086,-34.496900353843202],[-59.506718135143323,-34.496899035635103],[-59.50638991049118,-34.497168143916745],[-59.506063278572334,-34.497166823949193],[-59.505735050777858,-34.497435930432779],[-59.505406820874299,-34.497705036004639],[-59.505078588861615,-34.497974140664745],[-59.504751953864208,-34.497972817164921],[-59.504425318888131,-34.497971492791969],[-59.504098683933357,-34.497970167545894],[-59.50377204899992,-34.497968841426697],[-59.503445414087835,-34.497967514434386],[-59.503118779197138,-34.497966186568945],[-59.502792144327792,-34.497964857830389],[-59.502463902973389,-34.498233955373493],[-59.502135659509804,-34.498503052004679],[-59.502134051905905,-34.498773479121994],[-59.501805805257099,-34.499042574815775]]}},
{"type":"Feature","properties":{"length_m":60.0,"Name":"Red de drenaje ≥ 0.5 km²"},"geometry":{"type":"LineString","coordinates":[[-59.516870220240975,-34.492342219948291],[-59.516868660572669,-34.492612647935978],[-59.516867100883559,-34.492883075911614]]}},
{"type":"Feature","properties":{"length_m":3484.9956672411085,"Name":"Red de drenaje ≥ 0.5 km²"},"geometry":{"type":"LineString","coordinates":[[-59.514731134739677,-34.466912882965154],[-59.514403054174572,-34.467182015302413],[-59.514076538717006,-34.467180717738188],[-59.514074971503533,-34.467451146729395],[-59.514399921832734,-34.467722873298904],[-59.514724874267934,-34.467994599010296],[-59.515049828809211,-34.468266323863546],[-59.51537478545653,-34.468538047858651],[-59.515699744209968,-34.468809770995577],[-59.516024705069512,-34.469081493274288],[-59.516349668035232,-34.469353214694777],[-59.516674633107122,-34.469624935256988],[-59.516999600285224,-34.46989665496092],[-59.517324569569574,-34.470168373806558],[-59.517649540960207,-34.47044009179384],[-59.51797451445713,-34.470711808922758],[-59.518299490060379,-34.470983525193297],[-59.518626020531308,-34.470984811600957],[-59.518950999314782,-34.471256526153766],[-59.519277530880281,-34.471257810829847],[-59.519275980204661,-34.471528239848084],[-59.519274429508378,-34.471798668854277],[-59.51927287879144,-34.472069097848404],[-59.519271328053854,-34.472339526830496],[-59.519269777295577,-34.472609955800543],[-59.518941688631749,-34.472879100004938],[-59.518613597861346,-34.473148243299114],[-59.518285504984391,-34.473417385683049],[-59.517957410000825,-34.473686527156723],[-59.517629312910607,-34.473955667720134],[-59.517301213713722,-34.474224807373204],[-59.51697311241017,-34.474493946115949],[-59.51664500899988,-34.474763083948318],[-59.516316903482839,-34.47503222087029],[-59.51598879585903,-34.475301356881857],[-59.51566068612842,-34.475570491982971],[-59.51533257429098,-34.475839626173602],[-59.515006025068317,-34.47583833080899],[-59.514677910091415,-34.476107463203682],[-59.514349793007653,-34.476376594687828],[-59.514348226137407,-34.476647023282418],[-59.514346659246264,-34.476917451864956],[-59.514018537906857,-34.477186582388335],[-59.514016969920455,-34.477457010933705],[-59.514015401913156,-34.477727439467046],[-59.513687276317917,-34.477996569029578],[-59.513359148615592,-34.478265697681472],[-59.513031018806153,-34.478534825422678],[-59.512702886889592,-34.478803952253138],[-59.512374752865881,-34.47907307817291],[-59.512046616734956,-34.479342203181908],[-59.511718478496846,-34.479611327280075],[-59.511390338151458,-34.479880450467469],[-59.511062195698806,-34.480149572744004],[-59.510734051138854,-34.480418694109659],[-59.510405904471597,-34.480687814564433],[-59.510077755696955,-34.480956934108271],[-59.509749604814942,-34.481226052741178],[-59.509421451825531,-34.481495170463091],[-59.509093296728665,-34.481764287274011],[-59.508765139524357,-34.482033403173908],[-59.508436980212537,-34.48230251816274],[-59.508108818793197,-34.4825716322405],[-59.507780655266309,-34.482840745407152],[-59.507452489631866,-34.483109857662662],[-59.507124321889805,-34.483378969007006],[-59.506796152040124,-34.483648079440172],[-59.506467980082782,-34.483917188962138],[-59.506141399819064,-34.483915869644676],[-59.505813224721429,-34.484184977369445],[-59.505485047516096,-34.484454084182921],[-59.505156868202988,-34.484723190085113],[-59.504828686782119,-34.484992295075955],[-59.504500503253475,-34.485261399155434],[-59.504172317617005,-34.48553050232352],[-59.503844129872682,-34.485799604580201],[-59.503515940020478,-34.486068705925433],[-59.503187748060377,-34.486337806359188],[-59.502859553992344,-34.486606905881452],[-59.502531357816352,-34.486876004492196],[-59.502529752187357,-34.48714643214128],[-59.502528146536982,-34.487416859778293],[-59.502199946102152,-34.487685957426642],[-59.501871743559256,-34.487955054163386],[-59.501543538908258,-34.488224149988525],[-59.501215332149151,-34.488493244902017],[-59.501213722175436,-34.488763672425222],[-59.501212112180283,-34.489034099936369],[-59.501210502163673,-34.489304527435458]]}},
{"type":"Feature","properties":{"length_m":90.0,"Name":"Red de drenaje ≥ 0.5 km²"},"geometry":{"type":"LineString","coordinates":[[-59.515279942540452,-34.31519901006979],[-59.515281496993367,-34.314928574289091],[-59.515283051425577,-34.314658138496362],[-59.515284605837074,-34.314387702691612]]}},
{"type":"Feature","properties":{"length_m":672.42640687119285,"Name":"Red de drenaje ≥ 0.5 km²"},"geometry":{"type":"LineString","coordinates":[[-59.515284605837074,-34.314387702691612],[-59.515286160227831,-34.314117266874845],[-59.515287714597868,-34.31384683104605],[-59.515289268947193,-34.313576395205224],[-59.515290823275819,-34.313305959352384],[-59.515292377583719,-34.313035523487521],[-59.515293931870886,-34.31276508761065],[-59.515295486137347,-34.312494651721735],[-59.515297040383096,-34.312224215820791],[-59.515298594608119,-34.311953779907832],[-59.515300148812422,-34.31168334398285],[-59.515301702996027,-34.311412908045831],[-59.514977346940078,-34.311141182048267],[-59.51497890212714,-34.310870746100221],[-59.514980457293483,-34.310600310140153],[-59.514982012439106,-34.310329874168055],[-59.514983567563988,-34.310059438183927],[-59.514985122668136,-34.309789002187784],[-59.514986677751558,-34.309518566179612],[-59.514988232814254,-34.309248130159432],[-59.514989787856223,-34.308977694127208],[-59.514991342877472,-34.308707258082975],[-59.515317243692657,-34.308708548014508]]}},
{"type":"Feature","properties":{"length_m":2172.7922061357835,"Name":"Red de drenaje ≥ 0.5 km²"},"geometry":{"type":"LineString","coordinates":[[-59.512100715334775,-34.413896882200333],[-59.512102285769799,-34.413626450915793],[-59.512103856183906,-34.413356019619208],[-59.512105426577079,-34.413085588310594],[-59.512106996949328,-34.412815156989922],[-59.512108567300643,-34.41254472565722],[-59.511783835806291,-34.412272992432769],[-59.511459106412197,-34.412001258352163],[-59.511134379118332,-34.411729523415403],[-59.510809653924682,-34.41145778762251],[-59.510484930831204,-34.411186050973534],[-59.510160209837878,-34.410914313468489],[-59.509835490944681,-34.41064257510741],[-59.509510774151551,-34.410370835890333],[-59.5091860594585,-34.41009909581723],[-59.509187639050651,-34.409828664482376],[-59.508862927486582,-34.409556923554462],[-59.508864508086624,-34.4092864922087],[-59.508866088665592,-34.409016060850874],[-59.508867669223498,-34.408745629481004],[-59.508869249760338,-34.408475198099119],[-59.508870830276116,-34.40820476670519],[-59.508872410770842,-34.40793433529921],[-59.508873991244478,-34.4076639038812],[-59.508875571697075,-34.40739347245114],[-59.508877152128612,-34.407123041009037],[-59.508878732539074,-34.406852609554889],[-59.508880312928454,-34.406582178088712],[-59.50855561478155,-34.406310436317511],[-59.508230918734277,-34.406038693690512],[-59.50790622478663,-34.40576695020772],[-59.50790780824115,-34.405496518732974],[-59.507583117421753,-34.405224774395599],[-59.507258428701874,-34.40495302920251],[-59.506933742081507,-34.404681283153735],[-59.506935328600797,-34.404410851670498],[-59.506610645108474,-34.40413910476726],[-59.506612232635156,-34.403868673273166],[-59.506287552270791,-34.403596925515494],[-59.505962874005768,-34.403325176902243],[-59.505638197840057,-34.403053427433413],[-59.505313523773673,-34.402781677109026],[-59.504988851806566,-34.402509925929138],[-59.504664181938679,-34.402238173893757],[-59.50433951417002,-34.401966421002918],[-59.504341108874577,-34.401695989505413],[-59.504342703557903,-34.401425557995914],[-59.504344298219969,-34.401155126474329],[-59.504345892860762,-34.400884694940729],[-59.504021231304499,-34.400612941199512],[-59.504022826952308,-34.40034250965514],[-59.503698168523321,-34.400070755059829],[-59.503699765178098,-34.399800323504685],[-59.503375109876295,-34.399528568055324],[-59.503376707537981,-34.399258136489422],[-59.503378305178359,-34.398987704911498],[-59.503379902797462,-34.398717273321523],[-59.503381500395264,-34.398446841719498],[-59.503056851304912,-34.39817508542],[-59.502732204313375,-34.397903328265258],[-59.50240755942059,-34.397631570255285]]}},
{"type":"Feature","properties":{"length_m":921.83766184073568,"Name":"Red de drenaje ≥ 0.5 km²"},"geometry":{"type":"LineString","coordinates":[[-59.511599842100502,-34.443913376516022],[-59.511273417335474,-34.443912072231392],[-59.510946992591421,-34.44391076707538],[-59.510620567868408,-34.443909461048023],[-59.510294143166377,-34.44390815414927],[-59.509967718485377,-34.443906846379129],[-59.509639713682169,-34.444175967581387],[-59.509313287991496,-34.44417465805536],[-59.508986862321905,-34.444173347657951],[-59.508660436673388,-34.444172036389169],[-59.508334011045982,-34.444170724249012],[-59.508007585439692,-34.444169411237475],[-59.507681159854513,-34.444168097354556],[-59.507356321796173,-34.443896352848931],[-59.50703148584136,-34.443624607486335],[-59.506706651990051,-34.443352861266817],[-59.506381820242233,-34.443081114190399],[-59.506056990597827,-34.442809366257116],[-59.506058582204567,-34.442538936498515],[-59.505733755694067,-34.442267187709625],[-59.505735348310033,-34.441996757940217],[-59.505410524933367,-34.44172500829572],[-59.505085703659979,-34.441453257794436],[-59.504759288782672,-34.441451936202114],[-59.504432873926639,-34.441450613738461],[-59.504106459091879,-34.441449290403554],[-59.503780044278422,-34.441447966197352],[-59.50345362948628,-34.44144664111986]]}},
{"type":"Feature","properties":{"length_m":1013.9696961966999,"Name":"Red de drenaje ≥ 0.5 km²"},"geometry":{"type":"LineString","coordinates":[[-59.507712598394164,-34.327338699191465],[-59.507714177831716,-34.327068264253242],[-59.507389786881689,-34.326796518545898],[-59.507391367322832,-34.326526083596825],[-59.507066979488862,-34.32625433703749],[-59.507068560933575,-34.325983902077581],[-59.507070142357207,-34.325713467105643],[-59.507071723759758,-34.32544303212169],[-59.50707330514124,-34.325172597125693],[-59.507074886501641,-34.324902162117674],[-59.506750505881826,-34.324630414711166],[-59.506752088245655,-34.324359979692332],[-59.506427710741541,-34.324088231433947],[-59.506103335328575,-34.323816482322535],[-59.505778962006737,-34.323544732358073],[-59.505454590775997,-34.323272981540654],[-59.5051302216363,-34.323001229870258],[-59.504805854587644,-34.322729477346947],[-59.504481489630017,-34.322457723970693],[-59.504157126763339,-34.322185969741575],[-59.504158717301102,-34.321915534720567],[-59.504160307817692,-34.321645099687565],[-59.504161898313079,-34.321374664642526],[-59.503837540610085,-34.32110290956436],[-59.503513184997914,-34.320831153633385],[-59.503514777520486,-34.320560718578875],[-59.503516370021849,-34.320290283512321],[-59.503517962501967,-34.320019848433766],[-59.503193612053046,-34.319748091653878]]}},
{"type":"Feature","properties":{"length_m":918.82250993908565,"Name":"Red de drenaje ≥ 0.5 km²"},"geometry":{"type":"LineString","coordinates":[[-59.505508984237451,-34.480397664573907],[-59.505180821050025,-34.48066677085626],[-59.505179224342506,-34.480937198889229],[-59.505177627613719,-34.481207626910148],[-59.504849460168977,-34.481476732230576],[-59.504847862343901,-34.48174716021407],[-59.504519691716709,-34.482016264597902],[-59.504191518982019,-34.48228536807045],[-59.503863344139816,-34.482554470631676],[-59.503535167190087,-34.482823572281596],[-59.503206988132789,-34.483092673020131],[-59.5028788069679,-34.483361772847296],[-59.50255062369537,-34.483630871763033],[-59.502222438315201,-34.483899969767343],[-59.501894250827355,-34.484169066860183],[-59.501566061231792,-34.484438163041517],[-59.501237869528516,-34.484707258311339],[-59.500909675717466,-34.484976352669612],[-59.500581479798626,-34.485245446116323],[-59.500253281771975,-34.485514538651422],[-59.500251668872473,-34.485784966267005],[-59.500250055951462,-34.486055393870501],[-59.500248443008957,-34.486325821461961],[-59.500246830044958,-34.486596249041362],[-59.500245217059479,-34.486866676608713]]}},
{"type":"Feature","properties":{"length_m":2311.2489168102775,"Name":"Red de drenaje ≥ 0.5 km²"},"geometry":{"type":"LineString","coordinates":[[-59.505728827703265,-34.387638812577059],[-59.505404212235597,-34.387367062322951],[-59.505078007405963,-34.387365743388052],[-59.504751802597539,-34.387364423583605],[-59.504425597810361,-34.387363102909625],[-59.504100987650524,-34.387091349231795],[-59.503774783954654,-34.387090026832055],[-59.50344858028005,-34.387088703562803],[-59.50312237662672,-34.38708737942401],[-59.502796172994685,-34.38708605441569],[-59.502469969383952,-34.387084728537836],[-59.502143765794571,-34.387083401790484],[-59.501817562226485,-34.387082074173591],[-59.501491358679786,-34.387080745687165],[-59.501165155154418,-34.387079416331233],[-59.500838951650451,-34.387078086105745],[-59.500512748167857,-34.38707675501076],[-59.500186544706693,-34.387075423046234],[-59.499860341266931,-34.387074090212217],[-59.499534137848599,-34.387072756508644],[-59.499207934451732,-34.387071421935566],[-59.498881731076324,-34.387070086492933],[-59.498555527722388,-34.387068750180802],[-59.498229324389918,-34.387067412999151],[-59.497903121078977,-34.387066074947974],[-59.497576917789559,-34.387064736027256],[-59.497250714521655,-34.387063396237039],[-59.496926128934113,-34.386791623725848],[-59.496601545444172,-34.386519850360131],[-59.496276964051795,-34.386248076139886],[-59.49627858374344,-34.38597764427935],[-59.496280203413519,-34.385707212406771],[-59.495955626173028,-34.385435437335005],[-59.495957246848647,-34.38516500545186],[-59.495958867502672,-34.384894573556693],[-59.495634294413861,-34.384622797633455],[-59.49530972342243,-34.384351020855796],[-59.494985154528365,-34.384079243223731],[-59.494986778241945,-34.383808811321025],[-59.494662212472214,-34.383537032836138],[-59.494663837191155,-34.383266600922916],[-59.494339274545645,-34.382994821585235],[-59.494014713997323,-34.382723041393263],[-59.494016340748502,-34.382452609471052],[-59.493691783324252,-34.382180828426364],[-59.493693411080613,-34.381910396493645],[-59.493695038815282,-34.381639964548896],[-59.49369666652823,-34.38136953259211],[-59.493372114281641,-34.381097750697862],[-59.493373742999715,-34.380827318730582],[-59.493375371696096,-34.380556886751265],[-59.493050823600058,-34.380285104005949],[-59.49305245330148,-34.380014672016131],[-59.493054082981182,-34.379744240014311],[-59.493055712639162,-34.379473808000441],[-59.493057342275407,-34.379203375974512],[-59.493058971889951,-34.378932943936562],[-59.493060601482775,-34.378662511886574],[-59.493062231053884,-34.378392079824536],[-59.49306386060325,-34.378121647750469],[-59.493065490130931,-34.377851215664357],[-59.493067119636876,-34.377580783566202],[-59.493068749121115,-34.377310351455996],[-59.493070378583631,-34.377039919333775],[-59.493072008024413,-34.376769487199503],[-59.493073637443516,-34.376499055053181],[-59.493075266840862,-34.376228622894828],[-59.493076896216508,-34.375958190724447],[-59.493078525570454,-34.375687758542021],[-59.492753997023804,-34.375415974969229],[-59.492429470573576,-34.375144190542471]]}},
{"type":"Feature","properties":{"length_m":1334.5584412271569,"Name":"Red de drenaje ≥ 0.5 km²"},"geometry":{"type":"LineString","coordinates":[[-59.503193612053046,-34.319748091653878],[-59.50319520553608,-34.319477656564572],[-59.503196798997848,-34.319207221463252],[-59.503198392438385,-34.318936786349873],[-59.503199985857684,-34.318666351224472],[-59.503201579255744,-34.318395916087077],[-59.503203172632588,-34.318125480937617],[-59.503204765988158,-34.317855045776156],[-59.503206359322512,-34.317584610602658],[-59.503207952635627,-34.317314175417124],[-59.503209545927497,-34.317043740219567],[-59.503211139198136,-34.316773305010003],[-59.503212732447537,-34.316502869788373],[-59.503214325675707,-34.316232434554742],[-59.503215918882617,-34.315961999309089],[-59.503217512068325,-34.315691564051399],[-59.50321910523278,-34.315421128781672],[-59.503220698376005,-34.315150693499938],[-59.503222291497984,-34.314880258206152],[-59.503223884598739,-34.314609822900366],[-59.503225477678264,-34.314339387582528],[-59.503227070736557,-34.314068952252683],[-59.503228663773598,-34.313798516910801],[-59.503230256789408,-34.313528081556896],[-59.503557767607468,-34.313258967560614],[-59.503559359535807,-34.312988532169349],[-59.503560951442928,-34.312718096766041],[-59.503888458038531,-34.312448981813297],[-59.50389004885826,-34.312178546372635],[-59.504217552297767,-34.311909430488818],[-59.504219142030152,-34.311638995010796],[-59.50422073174132,-34.311368559520758],[-59.504548230958733,-34.311099442680593],[-59.504549819582657,-34.310829007153217],[-59.504877315644173,-34.310559889382091],[-59.504878903180867,-34.310289453817354],[-59.504880490696408,-34.310019018240624],[-59.504882078190789,-34.309748582651849],[-59.505209568964553,-34.309479463899187],[-59.505211155371796,-34.309209028273116],[-59.50521274175788,-34.308938592634981],[-59.505214328122847,-34.308668156984865],[-59.505540228310153,-34.308669472926184]]}},
{"type":"Feature","properties":{"length_m":1573.6753236814707,"Name":"Red de drenaje ≥ 0.5 km²"},"geometry":{"type":"LineString","coordinates":[[-59.504168757923971,-34.430902521653337],[-59.503843982145035,-34.430630767771056],[-59.503519208468255,-34.430359013032451],[-59.503520807508025,-34.430088582826123],[-59.5035224065265,-34.429818152607751],[-59.503524005523651,-34.429547722377357],[-59.503525604499487,-34.429277292134891],[-59.503527203454034,-34.429006861880389],[-59.503528802387265,-34.428736431613835],[-59.503530401299173,-34.428466001335245],[-59.503532000189772,-34.428195571044604],[-59.503533599059082,-34.42792514074192],[-59.503535197907084,-34.427654710427198],[-59.503210436629111,-34.427382954845179],[-59.50288567745298,-34.427111198406962],[-59.502560920378627,-34.426839441112584],[-59.502236165406046,-34.426567682962066],[-59.501911412535179,-34.426295923955401],[-59.501586661766027,-34.426024164092674],[-59.501260307043879,-34.426022833679376],[-59.500933952343132,-34.426021502395294],[-59.500607597663816,-34.426020170240434],[-59.500281243005922,-34.426018837214784],[-59.499956498627455,-34.425747073066475],[-59.499958108863964,-34.425476642802572],[-59.49995971907903,-34.425206212526582],[-59.499961329272637,-34.424935782238556],[-59.499636590083796,-34.424664017238428],[-59.499638201285251,-34.424393586939736],[-59.499639812465212,-34.424123156629037],[-59.499641423623721,-34.423852726306272],[-59.499643034760751,-34.42358229597145],[-59.499644645876316,-34.423311865624584],[-59.499646256970387,-34.423041435265674],[-59.499647868043006,-34.422771004894727],[-59.499649479094153,-34.42250057451173],[-59.499977430028487,-34.422231478695871],[-59.500305378861555,-34.421962381970467],[-59.500306987747045,-34.421691951524473],[-59.500634933406801,-34.421422853864094],[-59.500962876965374,-34.421153755294199],[-59.501290818422746,-34.420884655814838],[-59.501618757779006,-34.420615555426032],[-59.501946695034142,-34.420346454127795],[-59.502274630188197,-34.420077351920185],[-59.502276232620481,-34.419806921309544]]}},
{"type":"Feature","properties":{"length_m":934.26406871192853,"Name":"Red de drenaje ≥ 0.5 km²"},"geometry":{"type":"LineString","coordinates":[[-59.503648865052334,-34.463623162707741],[-59.503320762294443,-34.4638922652492],[-59.502994260189432,-34.463890938192961],[-59.502667758105794,-34.463889610264708],[-59.502341256043529,-34.463888281464435],[-59.502016359898157,-34.463616523133261],[-59.501691465858372,-34.463344763944789],[-59.501366573924116,-34.463073003899019],[-59.501041684095377,-34.462801242996022],[-59.500715186351272,-34.46279990988932],[-59.500388688628604,-34.462798575910632],[-59.50006380305377,-34.462526812433296],[-59.49973730642678,-34.462525476724089],[-59.499410809821313,-34.462524140142911],[-59.499084313237354,-34.462522802689776],[-59.498757816674932,-34.462521464364663],[-59.498431320134031,-34.4625201251676],[-59.498106442035862,-34.462248356540549],[-59.497779946590803,-34.462247015613002],[-59.497453451167338,-34.462245673813541],[-59.497126955765459,-34.462244331142095],[-59.496800460385195,-34.462242987598692],[-59.496475588689677,-34.461971214680794],[-59.496477212331158,-34.461700786166219],[-59.496152343772088,-34.461429012392834],[-59.495827477318336,-34.461157237762563],[-59.495500986235371,-34.46115589078552],[-59.495174495174098,-34.461154542936548]]}},
{"type":"Feature","properties":{"length_m":1583.0865786510135,"Name":"Red de drenaje ≥ 0.5 km²"},"geometry":{"type":"LineString","coordinates":[[-59.50345362948628,-34.44144664111986],[-59.503128815680796,-34.441174885472002],[-59.502804003978554,-34.440903128967513],[-59.502479194379539,-34.440631371606401],[-59.50215438688371,-34.440359613388701],[-59.501829581491037,-34.440087854314442],[-59.50150317208503,-34.440086524076165],[-59.501176762700418,-34.440085192966642],[-59.500850353337228,-34.440083860985865],[-59.500523943995468,-34.440082528133836],[-59.500197534675166,-34.440081194410574],[-59.499871125376309,-34.440079859816088],[-59.499543103651646,-34.440348953950277],[-59.499215079823792,-34.440618047174326],[-59.498887053892787,-34.440887139488169],[-59.498559025858547,-34.441156230891778],[-59.498230995721073,-34.441425321385132],[-59.497902963480342,-34.441694410968189],[-59.49757492913632,-34.441963499640948],[-59.49724689268897,-34.442232587403375],[-59.496918854138279,-34.442501674255425],[-59.496590813484218,-34.442770760197092],[-59.496262770726737,-34.443039845228363],[-59.495934725865823,-34.443308929349165],[-59.495608304227495,-34.443307583266048],[-59.495283508966942,-34.443035807019641],[-59.494957088423654,-34.443034459207411],[-59.494630667902086,-34.443033110523849],[-59.494304247402191,-34.443031760968928],[-59.493977826924031,-34.443030410542697],[-59.493651406467585,-34.443029059245106],[-59.493324986032881,-34.44302770707619],[-59.492996931901814,-34.44329678323281],[-59.492668875667292,-34.443565858478806],[-59.492340817329264,-34.443834932814148],[-59.49201275688776,-34.44410400623881],[-59.491684694342688,-34.444373078752776],[-59.491356629694089,-34.444642150355996],[-59.491028562941878,-34.444911221048457],[-59.490700494086063,-34.445180290830159],[-59.490698852830917,-34.445450719835087],[-59.490697211553908,-34.44572114882795],[-59.49037078079774,-34.445719788680229]]}},
{"type":"Feature","properties":{"length_m":809.11688245431424,"Name":"Red de drenaje ≥ 0.5 km²"},"geometry":{"type":"LineString","coordinates":[[-59.499246960807334,-34.325681729119722],[-59.499248567305443,-34.32541129445557],[-59.499250173782123,-34.325140859779388],[-59.499251780237422,-34.324870425091177],[-59.499253386671278,-34.324599990390922],[-59.499254993083753,-34.324329555678645],[-59.499256599474798,-34.324059120954352],[-59.499258205844434,-34.32378868621803],[-59.499585769480895,-34.323519583755022],[-59.499587374762186,-34.323249148981212],[-59.499588980022061,-34.322978714195365],[-59.499916539433627,-34.322709610775156],[-59.50024409675418,-34.32244050644865],[-59.500571651983769,-34.322171401215869],[-59.500899205122415,-34.321902295076853],[-59.501226756170148,-34.321633188031612],[-59.501554305126973,-34.321364080080194],[-59.501881851992962,-34.3210949712226],[-59.502209396768095,-34.320825861458893],[-59.502536939452433,-34.320556750789045],[-59.502864480045993,-34.320287639213142],[-59.503192018548795,-34.320018526731161],[-59.503193612053046,-34.319748091653878]]}},
{"type":"Feature","properties":{"length_m":60.0,"Name":"Red de drenaje ≥ 0.5 km²"},"geometry":{"type":"LineString","coordinates":[[-59.501805805257099,-34.499042574815775],[-59.501804196555746,-34.49931300189558],[-59.501802587832927,-34.499583428963327]]}},
{"type":"Feature","properties":{"length_m":852.42640687119285,"Name":"Red de drenaje ≥ 0.5 km²"},"geometry":{"type":"LineString","coordinates":[[-59.501524230714978,-34.491469279776751],[-59.501522621559509,-34.491739707180734],[-59.501521012382568,-34.492010134572674],[-59.501519403184197,-34.492280561952548],[-59.501517793964389,-34.492550989320371],[-59.50151618472313,-34.492821416676144],[-59.50151457546044,-34.493091844019851],[-59.501512966176278,-34.493362271351501],[-59.501511356870701,-34.493632698671085],[-59.501509747543665,-34.493903125978655],[-59.501508138195184,-34.49417355327413],[-59.501506528825253,-34.494443980557563],[-59.501504919433891,-34.494714407828944],[-59.501503310021057,-34.494984835088253],[-59.501501700586807,-34.495255262335505],[-59.501500091131099,-34.495525689570691],[-59.501498481653933,-34.495796116793848],[-59.501496872155329,-34.496066544004947],[-59.501495262635281,-34.496336971203966],[-59.50149365309376,-34.496607398390942],[-59.50149204353081,-34.496877825565868],[-59.501817065566442,-34.497149584919576],[-59.501815457015141,-34.497420012083793],[-59.501813848442396,-34.497690439235939],[-59.501812239848199,-34.497960866376012],[-59.501810631232573,-34.498231293504048],[-59.501809022595531,-34.498501720620006],[-59.501807413937037,-34.498772147723912],[-59.501805805257099,-34.499042574815775]]}},
{"type":"Feature","properties":{"length_m":2978.893936688447,"Name":"Red de drenaje ≥ 0.5 km²"},"geometry":{"type":"LineString","coordinates":[[-59.502276232620481,-34.419806921309544],[-59.501951505482559,-34.419535162336011],[-59.501626780445648,-34.419263402506566],[-59.501302057509704,-34.4189916418213],[-59.500977336674723,-34.4187198802802],[-59.500652617940638,-34.418448117883308],[-59.50032790130745,-34.418176354630631],[-59.500003186775125,-34.417904590522213],[-59.499676863678907,-34.417903256157878],[-59.499352152319275,-34.417631490336674],[-59.499027443060463,-34.417359723659779],[-59.498702735902427,-34.417087956127247],[-59.49837803084511,-34.416816187739066],[-59.498053327888549,-34.416544418495313],[-59.497728627032643,-34.416272648395982],[-59.4974039282774,-34.416000877441107],[-59.497079231622791,-34.41572910563071],[-59.49675453706881,-34.415457332964834],[-59.496429844615356,-34.415185559443493],[-59.49610515426248,-34.414913785066716],[-59.495778842978446,-34.414912440404983],[-59.495454155797987,-34.414640664315918],[-59.495127845607463,-34.414639317926898],[-59.494803161599378,-34.414367540125603],[-59.494478479691729,-34.414095761468971],[-59.494153799884515,-34.413823981957044],[-59.493829122177701,-34.413552201589845],[-59.493504446571265,-34.413280420367393],[-59.493179773065179,-34.413008638289739],[-59.492855101659387,-34.412736855356869],[-59.492530432353881,-34.412465071568846],[-59.492205765148668,-34.412193286925685],[-59.49188110004367,-34.411921501427415],[-59.491556437038859,-34.411649715074041],[-59.491231776134228,-34.411377927865622],[-59.490907117329733,-34.411106139802136],[-59.490582460625362,-34.410834350883661],[-59.490257806021077,-34.410562561110204],[-59.489933153516866,-34.410290770481801],[-59.489608503112677,-34.410018978998458],[-59.489283854808491,-34.409747186660212],[-59.488959208604271,-34.409475393467076],[-59.488634564499989,-34.409203599419087],[-59.488309922495645,-34.408931804516286],[-59.487983634836745,-34.408930439266776],[-59.487658996004171,-34.408658642652689],[-59.487334359271472,-34.408386845183848],[-59.487009724638575,-34.408115046860296],[-59.486683440217398,-34.408113678171212],[-59.486358808756215,-34.407841878136523],[-59.486032525428939,-34.40784050772082],[-59.485707897139477,-34.407568705975095],[-59.485381614906188,-34.40756733383283],[-59.485056989788383,-34.407295530376118],[-59.484732366770295,-34.407023726064836],[-59.484406086702982,-34.407022351339712],[-59.484079806657775,-34.407020975744423],[-59.483753526634686,-34.407019599278961],[-59.483427246633759,-34.407018221943353],[-59.483100966654987,-34.407016843737573],[-59.482774686698363,-34.407015464661626],[-59.482448406763936,-34.407014084715527],[-59.482122126851714,-34.407012703899255],[-59.481795846961674,-34.407011322212846],[-59.48146956709386,-34.407009939656248],[-59.481143287248315,-34.407008556229485],[-59.480817007424996,-34.407007171932584],[-59.480490727623945,-34.407005786765517],[-59.480164447845176,-34.407004400728283],[-59.479838168088698,-34.407003013820898],[-59.479511888354537,-34.407001626043346],[-59.479185608642688,-34.407000237395629],[-59.478859328953185,-34.406998847877766],[-59.478533049286021,-34.406997457489723],[-59.478206769641211,-34.406996066231528],[-59.477880490018812,-34.406994674103174],[-59.477554210418795,-34.406993281104683],[-59.477227930841153,-34.406991887236018],[-59.476903334581003,-34.40672006237714],[-59.476578740420507,-34.406448236664168]]}},
{"type":"Feature","properties":{"length_m":1124.5584412271571,"Name":"Red de drenaje ≥ 0.5 km²"},"geometry":{"type":"LineString","coordinates":[[-59.50240755942059,-34.397631570255285],[-59.502082916626549,-34.39735981139011],[-59.501756673193121,-34.397358483265251],[-59.501430429781074,-34.397357154270516],[-59.501105791227168,-34.397085392837248],[-59.500779548907218,-34.397084062116186],[-59.500453306608662,-34.397082730525298],[-59.500128672294906,-34.396810966524029],[-59.499802431088533,-34.396809633206864],[-59.499476189903611,-34.396808299019845],[-59.499149948740147,-34.396806963963009],[-59.498823707598142,-34.396805628036326],[-59.49849746647763,-34.396804291239789],[-59.498171225378627,-34.396802953573435],[-59.497844984301103,-34.396801615037226],[-59.497518743245145,-34.396800275631193],[-59.497192502210723,-34.396798935355314],[-59.496866261197837,-34.396797594209588],[-59.496540020206531,-34.396796252194044],[-59.49621539977057,-34.396524477917737],[-59.495889159871744,-34.396523134176036],[-59.495562919994548,-34.396521789564517],[-59.49523668013898,-34.396520444083158],[-59.494910440305041,-34.396519097731975],[-59.494584200492774,-34.396517750510966],[-59.494257960702157,-34.396516402420119],[-59.493931720933226,-34.396515053459453],[-59.493605481185988,-34.396513703628962],[-59.493279241460463,-34.396512352928646],[-59.492953001756646,-34.396511001358498],[-59.492628394129014,-34.396239217664842],[-59.492302155517997,-34.396237864368665],[-59.491977551059982,-34.3959660789642],[-59.491651313541794,-34.395964723942022],[-59.491325076045392,-34.395963368050047],[-59.490998838570803,-34.395962011288262]]}},
{"type":"Feature","properties":{"length_m":252.42640687119285,"Name":"Red de drenaje ≥ 0.5 km²"},"geometry":{"type":"LineString","coordinates":[[-59.501210502163673,-34.489304527435458],[-59.501208892125611,-34.489574954922489],[-59.501207282066069,-34.489845382397469],[-59.501205671985083,-34.490115809860399],[-59.501204061882653,-34.490386237311284],[-59.501202451758758,-34.490656664750098],[-59.501200841613418,-34.490927092176854],[-59.501199231446606,-34.491197519591552],[-59.501524230714978,-34.491469279776751]]}},
{"type":"Feature","properties":{"length_m":1741.2489168102779,"Name":"Red de drenaje ≥ 0.5 km²"},"geometry":{"type":"LineString","coordinates":[[-59.502284561396166,-34.363285333872795],[-59.501958450070404,-34.363284007431822],[-59.501632338765958,-34.363282680122069],[-59.50130622748285,-34.363281351943549],[-59.5009785130081,-34.363550455956357],[-59.500652400720107,-34.363549126026975],[-59.5003262884535,-34.36354779522879],[-59.500000176208303,-34.363546463561875],[-59.499672456559679,-34.363815564020562],[-59.499344734815814,-34.364084663571624],[-59.499017010976686,-34.364353762214996],[-59.498689285042275,-34.36462285995065],[-59.498361557012537,-34.364891956778592],[-59.49803382688745,-34.365161052698753],[-59.498032214095609,-34.365431485553707],[-59.49803060128226,-34.365701918396624],[-59.497702866923383,-34.365971013357985],[-59.497701253019315,-34.36624144616335],[-59.497699639093724,-34.366511878956686],[-59.497698025146633,-34.366782311737971],[-59.497370285484472,-34.367051405714939],[-59.497368670446562,-34.367321838458686],[-59.497367055387144,-34.367592271190375],[-59.497039311490724,-34.367861364208395],[-59.49703769534041,-34.368131796902553],[-59.497036079168559,-34.368402229584639],[-59.497034462975158,-34.368672662254703],[-59.496706713774898,-34.368941754288194],[-59.496705096490523,-34.369212186920684],[-59.496703479184603,-34.369482619541138],[-59.496701861857126,-34.369753052149548],[-59.496700244508098,-34.370023484745914],[-59.496372488934149,-34.370292575769234],[-59.49637087049404,-34.370563008328027],[-59.496369252032373,-34.370833440874783],[-59.496367633549127,-34.371103873409488],[-59.496366015044309,-34.371374305932157],[-59.496038253096195,-34.371643395945213],[-59.496036633500211,-34.371913828430294],[-59.496035013882647,-34.372184260903332],[-59.496033394243483,-34.372454693364347],[-59.49603177458274,-34.372725125813318],[-59.496030154900396,-34.372995558250217],[-59.496028535196487,-34.373265990675122],[-59.496026915470978,-34.373536423087984],[-59.496025295723875,-34.373806855488809],[-59.49569752312231,-34.374075944389197],[-59.495695902283877,-34.374346376752413],[-59.495694281423859,-34.374616809103593],[-59.495366504586435,-34.374885897044635],[-59.495038725652634,-34.375154984077426],[-59.49471094462244,-34.375424070201966]]}},
{"type":"Feature","properties":{"length_m":307.27922061357856,"Name":"Red de drenaje ≥ 0.5 km²"},"geometry":{"type":"LineString","coordinates":[[-59.500245217059479,-34.486866676608713],[-59.500243604052478,-34.48713710416402],[-59.500568584604352,-34.487408866907145],[-59.500566972608389,-34.487679294451752],[-59.500565360590969,-34.487949721984307],[-59.500563748552054,-34.488220149504805],[-59.500888734309676,-34.488491911394021],[-59.500887123281899,-34.488762338903825],[-59.500885512232635,-34.489032766401571],[-59.501210502163673,-34.489304527435458]]}},
{"type":"Feature","properties":{"length_m":706.69047558312138,"Name":"Red de drenaje ≥ 0.5 km²"},"geometry":{"type":"LineString","coordinates":[[-59.501395513508719,-34.458205286026143],[-59.501069033637769,-34.458203954019176],[-59.500742553788257,-34.458202621140394],[-59.500414463230079,-34.458471716222689],[-59.500087982370957,-34.458470381586828],[-59.499761501533342,-34.458469046079117],[-59.499433406808031,-34.458738138480157],[-59.499106924960877,-34.458736801215323],[-59.498778827099507,-34.459005891820269],[-59.498452344242871,-34.459004552798291],[-59.498124243245414,-34.459273641607084],[-59.49779614014281,-34.459542729504967],[-59.497468034935089,-34.459811816491978],[-59.497139927622193,-34.460080902568045],[-59.496811818204094,-34.460349987733174],[-59.496485330214099,-34.460348643412459],[-59.496157217659778,-34.46061772678118],[-59.495829103000226,-34.460886809238879],[-59.495502612969894,-34.460885462275371],[-59.495174495174098,-34.461154542936548]]}},
{"type":"Feature","properties":{"length_m":132.42640687119285,"Name":"Red de drenaje ≥ 0.5 km²"},"geometry":{"type":"LineString","coordinates":[[-59.499925081637492,-34.485783630274909],[-59.499923467662541,-34.486054057864983],[-59.499921853666073,-34.486324485443014],[-59.499920239648119,-34.486594913008979],[-59.500245217059479,-34.486866676608713]]}},
{"type":"Feature","properties":{"length_m":2252.4978336205554,"Name":"Red de drenaje ≥ 0.5 km²"},"geometry":{"type":"LineString","coordinates":[[-59.499008371590094,-34.475232933219772],[-59.498683442862379,-34.474961166243489],[-59.498356897881187,-34.474959826426755],[-59.498030352921582,-34.474958485737659],[-59.497705428450494,-34.474686716186127],[-59.49737888458742,-34.474685373765794],[-59.497052340745967,-34.474684030473071],[-59.4967241732991,-34.474953114257559],[-59.496396003745481,-34.47522219713057],[-59.49606783208511,-34.475491279092104],[-59.495741285170091,-34.475489932269319],[-59.495413110371196,-34.475759012433386],[-59.495084933465463,-34.47602809168589],[-59.494758384508707,-34.476026742218806],[-59.494430204464415,-34.47629581967373],[-59.494103654497678,-34.476294468448252],[-59.493778737768793,-34.47602268858315],[-59.493453823146766,-34.475750907860771],[-59.493128910631562,-34.475479126281172],[-59.492804000223146,-34.47520734384436],[-59.492479091921489,-34.474935560550364],[-59.492152547352482,-34.474934204158622],[-59.491827642232764,-34.47466241914875],[-59.491502739219733,-34.474390633281786],[-59.491177838313391,-34.47411884655773],[-59.490852939513687,-34.473847058976617],[-59.4905280428206,-34.473575270538468],[-59.490203148234116,-34.473303481243313],[-59.489876610138175,-34.473302118827206],[-59.489550072064162,-34.473300755538773],[-59.489225181734646,-34.473028963669449],[-59.48922682943526,-34.472758535948806],[-59.488900293511662,-34.472757170943204],[-59.488573757610055,-34.472755805065304],[-59.488247221730425,-34.472754438315107],[-59.487920685872794,-34.472753070692626],[-59.487595802982057,-34.47248127453387],[-59.48727092219778,-34.472209477518305],[-59.486946043519964,-34.471937679645919],[-59.48661951091016,-34.471936308575621],[-59.486294635414019,-34.471664508988027],[-59.485969762024268,-34.471392708543746],[-59.485644890740872,-34.471120907242756],[-59.485320021563801,-34.470849105085108],[-59.484995154493049,-34.470577302070815],[-59.484670289528545,-34.470305498199927],[-59.484345426670302,-34.470033693472431],[-59.484018901609531,-34.470032315520989],[-59.483694041932765,-34.469760509078604],[-59.483367517969469,-34.469759129396635],[-59.483040994028372,-34.469757748842461],[-59.482714470109499,-34.469756367416096],[-59.482387946212853,-34.46975498511754],[-59.482061422338461,-34.469753601946778],[-59.481734898486344,-34.469752217903824],[-59.481408374656489,-34.469750832988687],[-59.481081850848938,-34.46974944720133],[-59.480755327063676,-34.469748060541789],[-59.480427127407928,-34.470017100489663],[-59.480098925645962,-34.470286139525342],[-59.479770721777761,-34.470555177648841],[-59.479444194922522,-34.470553787458584]]}},
{"type":"Feature","properties":{"length_m":759.41125496954282,"Name":"Red de drenaje ≥ 0.5 km²"},"geometry":{"type":"LineString","coordinates":[[-59.496555121683102,-34.448720203293021],[-59.496228678964108,-34.448718858682099],[-59.495902236266744,-34.448717513199661],[-59.495575793591051,-34.448716166845699],[-59.495249350937016,-34.448714819620214],[-59.494922908304638,-34.44871347152322],[-59.494596465693974,-34.448712122554703],[-59.494270023105017,-34.448710772714676],[-59.493943580537774,-34.44870942200312],[-59.493617137992274,-34.448708070420047],[-59.493290695468517,-34.448706717965472],[-59.49296425296653,-34.448705364639352],[-59.492639445691935,-34.448433581499508],[-59.49231464052135,-34.448161797503353],[-59.49198983745471,-34.44789001265093],[-59.491665036492002,-34.447618226942247],[-59.4916666747663,-34.447347797992741],[-59.491668313018764,-34.447077369031177],[-59.491669951249399,-34.446806940057577],[-59.491345155480829,-34.446535153497479],[-59.491020361816062,-34.446263366081205],[-59.490695570255021,-34.445991577808776],[-59.49037078079774,-34.445719788680229]]}},
{"type":"Feature","properties":{"length_m":1181.543289325507,"Name":"Red de drenaje ≥ 0.5 km²"},"geometry":{"type":"LineString","coordinates":[[-59.496566545226841,-34.337840581333694],[-59.496568161058967,-34.337570147318658],[-59.496243766433963,-34.337298372510212],[-59.496245383269255,-34.337027938484624],[-59.495920991761423,-34.336756162824749],[-59.495596602346048,-34.336484386311994],[-59.495272215023064,-34.336212608946369],[-59.494946208858622,-34.336211264747519],[-59.494621824695827,-34.335939485674743],[-59.494295819620802,-34.335938139753701],[-59.493971438618154,-34.335666358973832],[-59.493645434632569,-34.335665011330626],[-59.493319430668663,-34.335663662819549],[-59.492995053893978,-34.335391879478429],[-59.492669051019575,-34.335390529245252],[-59.492343048166887,-34.335389178144233],[-59.492018675620209,-34.335117392241948],[-59.491692673857088,-34.335116039418857],[-59.491368304470562,-34.334844251809734],[-59.491043937176251,-34.33457246334806],[-59.490717937570636,-34.334571107948761],[-59.490393573436428,-34.334299317780356],[-59.490067574920509,-34.3342979606591],[-59.489743213946376,-34.334026168784078],[-59.489417216520167,-34.334024809940871],[-59.489091219115814,-34.334023450229871],[-59.488765221733303,-34.334022089651064],[-59.488439224372648,-34.334020728204457],[-59.488114869762384,-34.333748932060608],[-59.487788873491581,-34.333747568892122],[-59.487462877242699,-34.333746204855871],[-59.487136881015736,-34.333744839951805],[-59.486810884810716,-34.333743474179947],[-59.486484888627622,-34.333742107540303],[-59.486158892466506,-34.333740740032859]]}},
{"type":"Feature","properties":{"length_m":1892.497833620555,"Name":"Red de drenaje ≥ 0.5 km²"},"geometry":{"type":"LineString","coordinates":[[-59.495174495174098,-34.461154542936548],[-59.494848004134489,-34.461153194215669],[-59.494519883202422,-34.461422273080252],[-59.494193391153615,-34.461420922601938],[-59.493865267085255,-34.461689999669851],[-59.493538774027236,-34.461688647434073],[-59.493212280990981,-34.461687294326367],[-59.492885787976519,-34.461685940346712],[-59.492559294983842,-34.461684585495121],[-59.492232802012957,-34.461683229771594],[-59.491906309063893,-34.461681873176133],[-59.491578176704856,-34.461950944019463],[-59.491251682746785,-34.46194958566646],[-59.490923547251541,-34.462218654712849],[-59.490597052284514,-34.462217294602283],[-59.490268913653011,-34.462486361851667],[-59.489940772916093,-34.462755428189645],[-59.489939128133166,-34.463025856383773],[-59.489610984216078,-34.463294921784573],[-59.489282838193482,-34.46356398627389],[-59.488956338072363,-34.463562621734937],[-59.488628188913395,-34.463831684427056],[-59.488300037648848,-34.464100746207627],[-59.487973535488059,-34.464099379025193],[-59.487645381087106,-34.464368439008432],[-59.487318877917552,-34.464367070068192],[-59.486990720380163,-34.46463612825405],[-59.48666256073713,-34.464905185528217],[-59.486334398988419,-34.465174241890765],[-59.486006235133964,-34.465443297341565],[-59.485678069173808,-34.465712351880683],[-59.485349901107881,-34.465981405508018],[-59.485021730936133,-34.466250458223563],[-59.484693558658563,-34.466519510027325],[-59.484365384275158,-34.466788560919227],[-59.484037207785875,-34.467057610899296],[-59.483709029190685,-34.467326659967476],[-59.483380848489567,-34.467595708123731],[-59.483052665682472,-34.467864755368055],[-59.482726149134905,-34.467863374038927],[-59.482397963191062,-34.468132419485265],[-59.482069775141213,-34.468401464019564],[-59.481741584985315,-34.468670507641846],[-59.481413392723347,-34.468939550352069],[-59.48108519835526,-34.469208592150189],[-59.480757001881088,-34.469477633036206],[-59.480428803300725,-34.469746673010064],[-59.480100602614229,-34.470015712071785],[-59.479772399821478,-34.470284750221296],[-59.479444194922522,-34.470553787458584]]}},
{"type":"Feature","properties":{"length_m":1529.1168824543142,"Name":"Red de drenaje ≥ 0.5 km²"},"geometry":{"type":"LineString","coordinates":[[-59.495820643655236,-34.353523049563961],[-59.495492950218178,-34.353792139499532],[-59.495165254686938,-34.354061228527563],[-59.494839179443446,-34.354059883434701],[-59.494513104221596,-34.354058537473392],[-59.494187029021369,-34.354057190643616],[-59.493860953842784,-34.354055842945392],[-59.493534878685878,-34.354054494378715],[-59.493208803550651,-34.354053144943585],[-59.492882728437117,-34.354051794640014],[-59.492556653345289,-34.354050443467983],[-59.492230578275183,-34.354049091427484],[-59.491904503226799,-34.354047738518567],[-59.491578428200185,-34.35404638474116],[-59.491252353195335,-34.354045030095335],[-59.49092627821225,-34.354043674581028],[-59.490600203250963,-34.354042318198303],[-59.490274128311455,-34.354040960947117],[-59.489948053393803,-34.35403960282747],[-59.489621978497958,-34.354038243839383],[-59.489295903623969,-34.354036883982829],[-59.488969828771822,-34.354035523257828],[-59.488642111664376,-34.35430459461864],[-59.488314392462676,-34.354573665071484],[-59.487986671166709,-34.354842734616376],[-59.487658947776445,-34.355111803253308],[-59.487331222291836,-34.355380870982195],[-59.487003494712901,-34.355649937803058],[-59.486675765039578,-34.355919003715847],[-59.486348033271845,-34.356188068720549],[-59.486020299409688,-34.356457132817134],[-59.485692563453064,-34.356726196005575],[-59.485366478370572,-34.356724825589616],[-59.485040393310122,-34.356723454305119],[-59.48471430827172,-34.356722082152103],[-59.484388223255358,-34.356720709130535],[-59.484062138261088,-34.356719335240442],[-59.483736053288887,-34.356717960481802],[-59.483409968338798,-34.356716584854645],[-59.483083883410821,-34.356715208358949],[-59.48275779850497,-34.356713830994714],[-59.482431713621267,-34.35671245276194],[-59.482105628759712,-34.356711073660648],[-59.481779543920332,-34.356709693690824],[-59.481453459103143,-34.356708312852447],[-59.481127374308151,-34.356706931145546],[-59.48080128953535,-34.356705548570105]]}},
{"type":"Feature","properties":{"length_m":222.42640687119285,"Name":"Red de drenaje ≥ 0.5 km²"},"geometry":{"type":"LineString","coordinates":[[-59.49471094462244,-34.375424070201966],[-59.494384786635138,-34.375422723169358],[-59.494058628669485,-34.375421375267614],[-59.493732470725526,-34.375420026496741],[-59.493406312803252,-34.375418676856711],[-59.493080154902664,-34.375417326347545],[-59.492755627382508,-34.375145542776309],[-59.492429470573576,-34.375144190542471]]}},
{"type":"Feature","properties":{"length_m":776.98484809834997,"Name":"Red de drenaje ≥ 0.5 km²"},"geometry":{"type":"LineString","coordinates":[[-59.493245007369381,-34.402191407045841],[-59.492920377088758,-34.401919624175555],[-59.492922008528701,-34.401649193149119],[-59.492597381375084,-34.401377409425599],[-59.492272756320574,-34.401105624847276],[-59.49194813336517,-34.400833839414204],[-59.491623512508788,-34.400562053126393],[-59.49162514803804,-34.400291622094251],[-59.491626783545492,-34.400021191050051],[-59.491302166843525,-34.399749403910754],[-59.491303803356843,-34.399478972856137],[-59.490979189781442,-34.399207184863776],[-59.490980827300604,-34.398936753798722],[-59.490982464797909,-34.398666322721631],[-59.490984102273394,-34.398395891632497],[-59.490985739727073,-34.398125460531304],[-59.490987377158916,-34.397855029418082],[-59.490989014568918,-34.397584598292795],[-59.490990651957134,-34.397314167155486],[-59.490992289323515,-34.397043736006118],[-59.490993926668075,-34.396773304844729],[-59.490995563990808,-34.396502873671288],[-59.490997201291719,-34.396232442485804],[-59.490998838570803,-34.395962011288262]]}},
{"type":"Feature","properties":{"length_m":1418.5281374238566,"Name":"Red de drenaje ≥ 0.5 km²"},"geometry":{"type":"LineString","coordinates":[[-59.492429470573576,-34.375144190542471],[-59.492103313786373,-34.375142837439498],[-59.491777157020948,-34.375141483467388],[-59.491451000277294,-34.375140128626157],[-59.491124843555419,-34.375138772915761],[-59.49080032348148,-34.374866984213142],[-59.49047416785141,-34.374865626778167],[-59.490149650943842,-34.374593836366252],[-59.489823496405606,-34.374592477206718],[-59.489497341889233,-34.374591117178056],[-59.489172829218042,-34.374319324201522],[-59.488848318643171,-34.374047530371271],[-59.48852216628876,-34.374046167762707],[-59.488197658880203,-34.37377437222338],[-59.487873153567904,-34.373502575830372],[-59.487547003375497,-34.373501210642019],[-59.487222501229489,-34.37322941254007],[-59.486896352129101,-34.373228045627322],[-59.48657185314935,-34.372956245816482],[-59.486247356265757,-34.372684445152096],[-59.485921209327522,-34.372683075659722],[-59.485596715610143,-34.372411273286566],[-59.485270569764019,-34.372409902069883],[-59.48494607921284,-34.372138097988028],[-59.484619934458884,-34.372136725047113],[-59.48429544707389,-34.371864919256602],[-59.483969303412117,-34.371863544591449],[-59.483644819193302,-34.371591737092388],[-59.483318676623782,-34.371590360703046],[-59.482994195571109,-34.371318551495492],[-59.48266805409385,-34.371317173382003],[-59.482341912638752,-34.371315794399493],[-59.482017435822378,-34.371043982628429],[-59.481692961101984,-34.370772170004095],[-59.481368488477521,-34.370500356526556],[-59.481044017948946,-34.370228542195839],[-59.480717880796711,-34.370227158924031],[-59.4803934134342,-34.36995534288512],[-59.480395083179417,-34.369684910974946],[-59.480070618938406,-34.369413094084813]]}},
{"type":"Feature","properties":{"length_m":4268.0108191427589,"Name":"Red de drenaje ≥ 0.5 km²"},"geometry":{"type":"LineString","coordinates":[[-59.490795649470201,-34.429495387926302],[-59.490467640761786,-34.429764458289526],[-59.490139629951322,-34.430033527742424],[-59.489814903384641,-34.429761736995609],[-59.489488534728899,-34.429760375042299],[-59.489163811337185,-34.429488582582728],[-59.488839090047485,-34.429216789267656],[-59.488514370859775,-34.428944995097126],[-59.488189653774036,-34.42867320007111],[-59.487863289431978,-34.428671833818285],[-59.48753692511189,-34.428670466694598],[-59.4872105608138,-34.428669098700027],[-59.486885849048846,-34.428397300247283],[-59.486561139385792,-34.428125500939188],[-59.486236431824601,-34.427853700775785],[-59.485911726365259,-34.427581899757079],[-59.485585366381081,-34.427580527463427],[-59.485259006419014,-34.427579154298947],[-59.48493264647901,-34.427577780263647],[-59.484606286561139,-34.427576405357492],[-59.484279926665373,-34.427575029580531],[-59.483953566791726,-34.427573652932736],[-59.483627206940248,-34.4275722754141],[-59.483300847110932,-34.427570897024665],[-59.482974487303771,-34.427569517764397],[-59.482648127518836,-34.42756813763328],[-59.482321767756076,-34.427566756631357],[-59.481995408015543,-34.427565374758579],[-59.481669048297228,-34.427563992014996],[-59.481344358889473,-34.427292179000553],[-59.481019671583525,-34.427020365131078],[-59.480694986379305,-34.426748550406614],[-59.480370303276807,-34.426476734827204],[-59.480045622276023,-34.42620491839287],[-59.479720943376883,-34.425933101103588],[-59.479396266579393,-34.425661282959446],[-59.479071591883482,-34.42538946396045],[-59.478746919289172,-34.425117644106614],[-59.478422248796406,-34.424845823397959],[-59.478097580405183,-34.424574001834529],[-59.47777291411542,-34.424302179416351],[-59.47744824992715,-34.424030356143447],[-59.47712358784031,-34.423758532015825],[-59.476798927854873,-34.423486707033533],[-59.476474269970801,-34.423214881196614],[-59.476475955663069,-34.422944451813649],[-59.476477641332863,-34.422674022418605],[-59.476479326980169,-34.422403593011524],[-59.476154674281993,-34.422131766326004],[-59.476156360935001,-34.421861336908869],[-59.476158047565526,-34.42159090747969],[-59.476159734173585,-34.421320478038467],[-59.476161420759169,-34.421050048585187],[-59.475836774274612,-34.420778221053176],[-59.475838461865798,-34.420507791589856],[-59.476166480381025,-34.420238760153055],[-59.476168166876697,-34.419968330651564],[-59.476496182217936,-34.419699298277891],[-59.476497867618164,-34.419428868738244],[-59.476499552995932,-34.419158439186553],[-59.476501238351247,-34.418888009622805],[-59.476502923684109,-34.418617580046991],[-59.476504608994475,-34.418347150459148],[-59.476506294282416,-34.418076720859254],[-59.47650797954789,-34.41780629124731],[-59.476509664790903,-34.4175358616233],[-59.476511350011442,-34.417265431987268],[-59.47651303520955,-34.416995002339149],[-59.476514720385175,-34.416724572678994],[-59.476516405538362,-34.416454143006789],[-59.476518090669074,-34.416183713322539],[-59.476519775777327,-34.415913283626224],[-59.476195147750936,-34.415641456988908],[-59.475870521825094,-34.415369629497235],[-59.475545897999773,-34.415097801151219],[-59.475221276274972,-34.414825971950883],[-59.474896656650664,-34.414554141896261],[-59.474572039126805,-34.414282310987396],[-59.47424742370336,-34.414010479224302],[-59.473922810380309,-34.41373864660698],[-59.473598199157628,-34.413466813135486],[-59.473273590035291,-34.413194978809855],[-59.473275285398017,-34.412924549121968],[-59.473276980738149,-34.412654119422015],[-59.472952375771193,-34.412382284246448],[-59.472954072116245,-34.412111854536541],[-59.472629470276985,-34.411840018508997],[-59.472631167626908,-34.411569588789149],[-59.472306568915243,-34.41129775190965],[-59.471981972303709,-34.411025914176136],[-59.471657377792255,-34.410754075588635],[-59.471331083921328,-34.41075266585851],[-59.471004790073067,-34.41075125525812],[-59.470678496247508,-34.410749843787443],[-59.47035220244463,-34.4107484314465],[-59.470025908664489,-34.410747018235277],[-59.469697908174723,-34.411016033781998],[-59.46936990558487,-34.411285048417902],[-59.469041900894901,-34.411554062142969],[-59.468713894104816,-34.411823074957191],[-59.468385885214552,-34.412092086860518],[-59.468384174168065,-34.412362516371452],[-59.468056162104695,-34.412631527337524],[-59.467728147941088,-34.412900537392659],[-59.467400131677216,-34.413169546536807],[-59.467072113313037,-34.41343855476994],[-59.466744092848536,-34.413707562092064],[-59.466416070283685,-34.413976568503131],[-59.46608804561847,-34.414245574003111],[-59.465760018852819,-34.414514578591977],[-59.46543198998674,-34.414783582269699],[-59.465105680797159,-34.414782155789027],[-59.46477937163052,-34.414780728437925],[-59.464453062486818,-34.414779300216438],[-59.464126753366102,-34.414777871124535],[-59.463800444268379,-34.414776441162232],[-59.463475862198777,-34.414504581142118],[-59.46314955419728,-34.414503149453417]]}},
{"type":"Feature","properties":{"length_m":1463.086578651014,"Name":"Red de drenaje ≥ 0.5 km²"},"geometry":{"type":"LineString","coordinates":[[-59.490844838919472,-34.421382491209073],[-59.490520143133317,-34.421110702228788],[-59.490195449448301,-34.420838912393194],[-59.489870757864423,-34.420567121702312],[-59.489546068381621,-34.420295330156165],[-59.489221380999908,-34.420023537754815],[-59.488896695719212,-34.419751744498235],[-59.488572012539542,-34.419479950386481],[-59.488247331460833,-34.419208155419568],[-59.487922652483086,-34.418936359597524],[-59.487597975606263,-34.418664562920391],[-59.487273300830317,-34.41839276538817],[-59.486948628155254,-34.418120967000917],[-59.486623957581017,-34.417849167758625],[-59.486299289107599,-34.417577367661345],[-59.485974622734958,-34.417305566709089],[-59.485649958463064,-34.417033764901895],[-59.485325296291904,-34.416761962239782],[-59.485000636221429,-34.41649015872278],[-59.484675978251616,-34.416218354350903],[-59.484351322382437,-34.415946549124214],[-59.484026668613886,-34.415674743042686],[-59.483702016945877,-34.415402936106382],[-59.483375704393147,-34.415401558340967],[-59.483049391862536,-34.415400179705145],[-59.48272307935413,-34.415398800198858],[-59.482396766867915,-34.415397419822149],[-59.482070454403896,-34.41539603857499],[-59.481744141962103,-34.41539465645743],[-59.481417829542522,-34.415393273469412],[-59.481091517145217,-34.41539188961098],[-59.480766876157602,-34.415120074967689],[-59.480440564855087,-34.415118689382325],[-59.480115927040544,-34.414846873027969],[-59.479791291326499,-34.414575055819064],[-59.479792965797799,-34.414304625910368],[-59.479794640246794,-34.414034195989622],[-59.479796314673465,-34.413763766056817],[-59.479471684143519,-34.413491947999162]]}},
{"type":"Feature","properties":{"length_m":2313.3809511662416,"Name":"Red de drenaje ≥ 0.5 km²"},"geometry":{"type":"LineString","coordinates":[[-59.490998838570803,-34.395962011288262],[-59.490672601118042,-34.395960653656672],[-59.490346363687095,-34.395959295155272],[-59.490021766683086,-34.395687504615516],[-59.489695530345109,-34.395686144388186],[-59.489369294029025,-34.395684783291081],[-59.48904305773484,-34.395683421324172],[-59.488718466042769,-34.395411627361682],[-59.488392230841633,-34.395410263668893],[-59.48806599566246,-34.395408899106322],[-59.487739760505207,-34.395407533673961],[-59.487413525369938,-34.39540616737181],[-59.487088940061106,-34.395134369130787],[-59.486762706019015,-34.395133001102828],[-59.486436471998935,-34.395131632205093],[-59.486111890931042,-34.394859831397788],[-59.485785658004225,-34.394858460774309],[-59.485461080105992,-34.394586658256813],[-59.48513484827248,-34.39458528590761],[-59.484810273543928,-34.394313481679987],[-59.48448404280375,-34.394312107605089],[-59.484157812085698,-34.394310732660422],[-59.48383324159807,-34.394038925866866],[-59.483507011973416,-34.394037549196568],[-59.483182444655441,-34.393765740693063],[-59.482856216124247,-34.393764362297148],[-59.482531651975897,-34.39349255208375],[-59.482207089925822,-34.393220741016357],[-59.481882529974008,-34.392948929095006],[-59.481557972120434,-34.39267711631971],[-59.481231747896722,-34.392675733630803],[-59.480905523695242,-34.392674350072227],[-59.480580970082528,-34.392402534731495],[-59.480254746974666,-34.392401149447473],[-59.479928523889072,-34.392399763293739],[-59.479603974517246,-34.392127945387706],[-59.479277752525334,-34.392126557508576],[-59.478951530555733,-34.392125168759783],[-59.47862698542481,-34.391853348288571],[-59.478300764548962,-34.39185195781441],[-59.477976222587557,-34.391580135633802],[-59.477650002805504,-34.391578743434323],[-59.477323783045826,-34.391577350365189],[-59.476997563308544,-34.391575956426379],[-59.476671343593672,-34.391574561617922],[-59.476345123901261,-34.391573165939803],[-59.476017219044905,-34.391842200144573],[-59.475690998348341,-34.391840802713084],[-59.475364777674251,-34.391839404411918],[-59.475040245356141,-34.39156757453074],[-59.474714025776073,-34.391566174504341],[-59.474387806218537,-34.391564773608259],[-59.474061586683518,-34.391563371842537],[-59.473735367171045,-34.391561969207167],[-59.473409147681124,-34.391560565702115],[-59.473084622818952,-34.391288730689745],[-59.472758404423217,-34.39128732545953],[-59.472432186050071,-34.391285919359696],[-59.472105967699555,-34.391284512390186],[-59.471779749371663,-34.391283104551022],[-59.471455230894051,-34.391011265263337],[-59.471129013660459,-34.391009855699075],[-59.470802796449533,-34.391008445265186],[-59.470476579261309,-34.391007033961635],[-59.470150362095765,-34.391005621788473],[-59.46982585000292,-34.390733778225758],[-59.469499633931804,-34.39073236432754],[-59.469173417883425,-34.39073094955971],[-59.468848910032023,-34.390459103433031]]}},
{"type":"Feature","properties":{"length_m":1804.6298679765196,"Name":"Red de drenaje ≥ 0.5 km²"},"geometry":{"type":"LineString","coordinates":[[-59.49037078079774,-34.445719788680229],[-59.490045993444141,-34.445447998695592],[-59.489721208194233,-34.445176207854878],[-59.489396425047943,-34.444904416158117],[-59.489071644005278,-34.444632623605344],[-59.488746865066211,-34.444360830196572],[-59.488422088230692,-34.444089035931839],[-59.488097313498706,-34.443817240811164],[-59.487772540870218,-34.443545444834577],[-59.487447770345199,-34.443273648002112],[-59.487123001923628,-34.44300185031377],[-59.486798235605463,-34.442730051769601],[-59.48647347139071,-34.442458252369626],[-59.486148709279291,-34.44218645211388],[-59.4858239492712,-34.441914651002378],[-59.485499191366408,-34.441642849035119],[-59.485172776738217,-34.441641475152046],[-59.484846362132132,-34.441640100397677],[-59.484519947548151,-34.441638724772034],[-59.484193532986318,-34.441637348275101],[-59.483868781479835,-34.441365542022389],[-59.483544032076587,-34.44109373491407],[-59.483219284776531,-34.440821926950179],[-59.482894539579682,-34.440550118130723],[-59.48256979648599,-34.440278308455753],[-59.482245055495412,-34.440006497925253],[-59.481920316607933,-34.439734686539317],[-59.481595579823527,-34.439462874297924],[-59.481270845142156,-34.4391910612011],[-59.480946112563799,-34.438919247248883],[-59.480621382088422,-34.4386474324413],[-59.48029665371601,-34.438375616778373],[-59.479970252061769,-34.438374229122289],[-59.479645526866058,-34.438102411746833],[-59.479320803773241,-34.437830593516097],[-59.478996082783304,-34.437558774430116],[-59.478671363896197,-34.437286954488918],[-59.478346647111906,-34.437015133692547],[-59.478021932430408,-34.436743312040981],[-59.477697219851635,-34.436471489534284],[-59.477372509375606,-34.43619966617247],[-59.477047801002286,-34.435927841955561],[-59.476723094731611,-34.435656016883591],[-59.476398390563588,-34.435384190956583],[-59.476073688498168,-34.435112364174557]]}},
{"type":"Feature","properties":{"length_m":1676.1017305526634,"Name":"Red de drenaje ≥ 0.5 km²"},"geometry":{"type":"LineString","coordinates":[[-59.489867601623189,-34.313473158244484],[-59.489541683658494,-34.31347180044154],[-59.489215765715606,-34.313470441771443],[-59.488888208797469,-34.313739516993508],[-59.48856064978925,-34.314008591308983],[-59.488233088690961,-34.314277664717842],[-59.487907167700392,-34.314276302538026],[-59.4875812467317,-34.314274939491028],[-59.487255325784915,-34.31427357557687],[-59.48692775952702,-34.314542645436362],[-59.486601837579023,-34.314541279774112],[-59.486275915652975,-34.314539913244701],[-59.485948345258684,-34.314808980435558],[-59.48562077277424,-34.315078046719655],[-59.485293198199599,-34.315347112096944],[-59.484967273226196,-34.31534574205741],[-59.484639695538242,-34.315614805646867],[-59.484312115760034,-34.315883868329415],[-59.483986188762472,-34.315882495660631],[-59.4836586058709,-34.316151556555234],[-59.483332677872319,-34.316150182138173],[-59.483006749895821,-34.316148806853896],[-59.482679162867818,-34.316417865079359],[-59.482353233890393,-34.316416488046748],[-59.482027304935059,-34.316415110146913],[-59.481701376001887,-34.316413731379853],[-59.481375447090883,-34.316412351745555],[-59.481047853880469,-34.316681405539512],[-59.480721923968645,-34.316680024156831],[-59.480395994079018,-34.316678641906918],[-59.480068396732293,-34.316947693031416],[-59.479742465841916,-34.316946309033078],[-59.479416534973787,-34.31694492416748],[-59.479090604127897,-34.31694353843465],[-59.478764673304291,-34.316942151834574],[-59.478438742502945,-34.316940764367246],[-59.478112811723896,-34.316939376032693],[-59.477786880967173,-34.316937986830865],[-59.477460950232768,-34.316936596761813],[-59.477135019520702,-34.316935205825494],[-59.476809088830976,-34.316933814021944],[-59.476484837139914,-34.316661987263394],[-59.476160587539191,-34.31639015965365],[-59.475836340028792,-34.316118331192762],[-59.475512094608682,-34.315846501880714],[-59.475187851278825,-34.315574671717542],[-59.474863610039201,-34.315302840703289],[-59.4745376857772,-34.315301442913565],[-59.474211761537624,-34.315300044256631]]}},
{"type":"Feature","properties":{"length_m":1319.1168824543142,"Name":"Red de drenaje ≥ 0.5 km²"},"geometry":{"type":"LineString","coordinates":[[-59.489354935654127,-34.344301288626966],[-59.489030538909745,-34.344029494982045],[-59.489032179308815,-34.343759061556717],[-59.489033819686007,-34.343488628119353],[-59.488709427084196,-34.343216833625021],[-59.488711068464205,-34.342946400177297],[-59.488386678980163,-34.342674604831963],[-59.48838832136294,-34.342404171373893],[-59.488715992472976,-34.34213509976194],[-59.488717633765489,-34.341864666266076],[-59.488393248379907,-34.341592870927478],[-59.488068865087257,-34.341321074736229],[-59.487744483887518,-34.34104927769237],[-59.487746128231805,-34.340778844189558],[-59.487747772554187,-34.340508410674701],[-59.487749416854648,-34.340237977147822],[-59.487751061133174,-34.339967543608907],[-59.487752705389809,-34.339697110057962],[-59.487428331405297,-34.339425312170071],[-59.487429976664451,-34.339154878608781],[-59.487431621901663,-34.338884445035468],[-59.487433267116955,-34.338614011450119],[-59.48710889829831,-34.338342212714871],[-59.48711054451605,-34.338071779119204],[-59.487112190711819,-34.337801345511501],[-59.486787826034423,-34.337529545927261],[-59.486789473232569,-34.337259112309241],[-59.486791120408746,-34.336988678679191],[-59.486792767562996,-34.336718245037119],[-59.486468408050911,-34.336446444605649],[-59.486470056207423,-34.336176010953267],[-59.48647170434198,-34.335905577288869],[-59.486473352454588,-34.335635143612407],[-59.486475000545191,-34.335364709923915],[-59.486476648613845,-34.335094276223394],[-59.486478296660529,-34.334823842510843],[-59.486479944685243,-34.334553408786263],[-59.486481592688015,-34.334282975049653],[-59.486157243461626,-34.334011173779764],[-59.486158892466506,-34.333740740032859]]}},
{"type":"Feature","properties":{"length_m":420.0,"Name":"Red de drenaje ≥ 0.5 km²"},"geometry":{"type":"LineString","coordinates":[[-59.488083679787465,-34.499526720086543],[-59.487757039589191,-34.499525351102108],[-59.487430399412943,-34.499523981244522],[-59.487103759258751,-34.499522610513765],[-59.486777119126636,-34.499521238909836],[-59.486450479016597,-34.49951986643277],[-59.486123838928663,-34.499518493082512],[-59.485797198862834,-34.49951711885911],[-59.485470558819124,-34.499515743762537],[-59.485143918797576,-34.499514367792798],[-59.484817278798168,-34.499512990949896],[-59.48449063882093,-34.499511613233857],[-59.484163998865867,-34.499510234644632],[-59.483837358932995,-34.499508855182263],[-59.483510719022362,-34.499507474846702]]}},
{"type":"Feature","properties":{"length_m":2887.6450198781699,"Name":"Red de drenaje ≥ 0.5 km²"},"geometry":{"type":"LineString","coordinates":[[-59.486710560258338,-34.457062769438025],[-59.486382429676219,-34.457331826550131],[-59.486054296989202,-34.457600882750789],[-59.485726162197246,-34.457869938039998],[-59.485398025300356,-34.458138992417695],[-59.485071546496314,-34.458137617691342],[-59.484745067714393,-34.458136242093161],[-59.484418588954597,-34.458134865623158],[-59.48409211021697,-34.458133488281348],[-59.483765631501491,-34.458132110067716],[-59.483439152808195,-34.458130730982262],[-59.483114340627722,-34.457858922903526],[-59.482789530552168,-34.457587113968714],[-59.48246472258154,-34.457315304177833],[-59.48213991671583,-34.457043493530882],[-59.481815112954962,-34.45677168202792],[-59.481490311298927,-34.456499869668988],[-59.481165511747712,-34.456228056454059],[-59.480840714301266,-34.455956242383188],[-59.48051424422767,-34.455954855562979],[-59.480189449960676,-34.455683039778414],[-59.47986298098408,-34.45568165122868],[-59.479536512029853,-34.455680261807188],[-59.479211722016991,-34.455408443451255],[-59.478885254159849,-34.455407052300274],[-59.478560467326375,-34.455135232230795],[-59.478235682597585,-34.454863411305567],[-59.477910899973409,-34.454591589524576],[-59.477586119453846,-34.454319766887878],[-59.477259655918047,-34.454318371434418],[-59.476933192404701,-34.454316975109272],[-59.476606728913829,-34.454315577912425],[-59.476280265445446,-34.454314179843898],[-59.475953801999552,-34.454312780903656],[-59.475627338576167,-34.454311381091735],[-59.475300875175321,-34.454309980408112],[-59.474974411797014,-34.454308578852817],[-59.474647948441245,-34.454307176425829],[-59.474321485108064,-34.454305773127146],[-59.473995021797457,-34.454304368956784],[-59.473668558509466,-34.454302963914699],[-59.473342095244064,-34.45430155800095],[-59.473013933178223,-34.454570579059109],[-59.472685769007775,-34.454839599205194],[-59.472684069087109,-34.455110027010498],[-59.47235590173706,-34.455379046218276],[-59.472027732282328,-34.455648064513916],[-59.472026030188971,-34.455918492254725],[-59.471697857554496,-34.456187509611965],[-59.471369682815229,-34.456456526057032],[-59.471041505971201,-34.456725541589876],[-59.470713327022338,-34.456994556210468],[-59.470386853437567,-34.456993142309301],[-59.470058671354181,-34.457262155131623],[-59.469730487165947,-34.457531167041637],[-59.46940401154459,-34.457529750496654],[-59.469077535946035,-34.457528333079885],[-59.468751060370302,-34.457526914791316],[-59.468424584817384,-34.457525495630946],[-59.468096394405705,-34.457794503084379],[-59.467769917846006,-34.457793082166148],[-59.467443441309207,-34.45779166037611],[-59.467116964795267,-34.457790237714278],[-59.466790488304234,-34.457788814180638],[-59.466464011836109,-34.457787389775191],[-59.466137535390907,-34.457785964497951],[-59.46581278121743,-34.457514110963565],[-59.46548802914883,-34.457242256574027],[-59.465163279185106,-34.45697040132935],[-59.464836805989044,-34.456968972608031],[-59.464510332815991,-34.45696754301494],[-59.464183859665923,-34.45696611255007],[-59.463857386538876,-34.456964681213442],[-59.463530913434866,-34.456963249005028],[-59.463204440353927,-34.456961815924849],[-59.462877967296016,-34.456960381972891],[-59.462551494261213,-34.456958947149175],[-59.462225021249488,-34.45695751145368],[-59.461898548260848,-34.456956074886406],[-59.461572075295358,-34.456954637447367],[-59.461245602352989,-34.456953199136571],[-59.460919129433755,-34.456951759954002],[-59.460592656537699,-34.456950319899647],[-59.460266183664821,-34.456948878973535]]}},
{"type":"Feature","properties":{"length_m":2552.4978336205545,"Name":"Red de drenaje ≥ 0.5 km²"},"geometry":{"type":"LineString","coordinates":[[-59.486158892466506,-34.333740740032859],[-59.486160541449422,-34.33347030627391],[-59.486162190410361,-34.333199872502924],[-59.486163839349302,-34.332929438719908],[-59.485839496311286,-34.332657636604765],[-59.485841146252277,-34.332387202811482],[-59.485515155365242,-34.332385833637417],[-59.48518916450022,-34.332384463595623],[-59.48486317365721,-34.332383092686086],[-59.484538836939194,-34.332111287158682],[-59.484540491020077,-34.331840853396557],[-59.484542145078898,-34.331570419622388],[-59.484217812500617,-34.331298613246467],[-59.483893482014196,-34.331026806018464],[-59.483569153619612,-34.330754997938406],[-59.48357081072794,-34.330484564157608],[-59.483572467814191,-34.33021413036478],[-59.483248143558988,-34.329942321436342],[-59.482923821395495,-34.329670511655912],[-59.482925480507177,-34.329400077854714],[-59.482601161459087,-34.329128267224185],[-59.48260282157235,-34.328857833412769],[-59.482278505639584,-34.328586021932132],[-59.48195419179838,-34.328314209599647],[-59.481955853936803,-34.328043775779904],[-59.481957516053079,-34.327773341948124],[-59.481959178147207,-34.327502908104314],[-59.481634869468323,-34.327231094925537],[-59.481636532563826,-34.326960661071567],[-59.481312226999925,-34.326688847042853],[-59.481313891096796,-34.326418413178715],[-59.481315555171491,-34.326147979302554],[-59.480991253745941,-34.325876164425814],[-59.480992918821926,-34.325605730539486],[-59.480994583875699,-34.325335296641114],[-59.480670286588314,-34.325063480916448],[-59.48067195264332,-34.324793047007937],[-59.480347658470514,-34.324521230433469],[-59.480349325526674,-34.324250796514825],[-59.480350992560624,-34.32398036258413],[-59.480026702525642,-34.32370854516185],[-59.480028370560674,-34.323438111221037],[-59.479704083640065,-34.32316629294904],[-59.479705752676125,-34.322895858998109],[-59.479381468869789,-34.322624039876473],[-59.479383138906826,-34.322353605915417],[-59.479384808921616,-34.32208317194236],[-59.479060529252621,-34.321811351973032],[-59.479062200268316,-34.321540917989857],[-59.479063871261758,-34.321270483994638],[-59.47873959572992,-34.320998663177711],[-59.478741267724196,-34.320728229172403],[-59.47841699530624,-34.320456407505951],[-59.478418668301309,-34.320185973490567],[-59.478420341274095,-34.319915539463139],[-59.478096072992948,-34.319643716949201],[-59.477771806802458,-34.319371893583892],[-59.477773481798948,-34.319101459548357],[-59.477775156773113,-34.318831025500785],[-59.47777683172496,-34.318560591441177],[-59.477452570693956,-34.318288767230442],[-59.477454246646403,-34.318018333160794],[-59.477129988728805,-34.317746508100733],[-59.476805732901667,-34.31747468218942],[-59.47648147916496,-34.317202855426864],[-59.476157227518648,-34.316931027813119],[-59.475832977962725,-34.316659199348173],[-59.47550873049714,-34.316387370032068],[-59.475184485121858,-34.316115539864846],[-59.474860241836865,-34.315843708846508],[-59.474536000642139,-34.315571876977096],[-59.474211761537624,-34.315300044256631]]}},
{"type":"Feature","properties":{"length_m":432.42640687119285,"Name":"Red de drenaje ≥ 0.5 km²"},"geometry":{"type":"LineString","coordinates":[[-59.485364825401959,-34.356995258285842],[-59.485038739294239,-34.356993886987539],[-59.484712653208575,-34.35699251482071],[-59.484386567144988,-34.356991141785301],[-59.484060481103448,-34.356989767881373],[-59.483734395084007,-34.356988393108892],[-59.483408309086663,-34.356987017467866],[-59.483082223111445,-34.356985640958307],[-59.482756137158354,-34.356984263580188],[-59.482430051227404,-34.356982885333558],[-59.482103965318593,-34.356981506218368],[-59.481777879431959,-34.356980126234632],[-59.48145179356753,-34.356978745382357],[-59.481125707725269,-34.356977363661535],[-59.48080128953535,-34.356705548570105]]}},
{"type":"Feature","properties":{"length_m":2294.9242404917477,"Name":"Red de drenaje ≥ 0.5 km²"},"geometry":{"type":"LineString","coordinates":[[-59.484242261521537,-34.486800184003478],[-59.484243926151912,-34.486529757104641],[-59.484572179054773,-34.486260708104048],[-59.484573842586876,-34.485990281167233],[-59.48457550609681,-34.485719854218367],[-59.484577169584554,-34.485449427257436],[-59.484905417151282,-34.485180377266616],[-59.485233662610206,-34.484911326363381],[-59.48556190596139,-34.484642274547724],[-59.48589014720482,-34.484373221819695],[-59.486218386340546,-34.484104168179293],[-59.486546623368611,-34.483835113626583],[-59.486874858289021,-34.48356605816155],[-59.487203091101797,-34.483297001784237],[-59.487204745959751,-34.483026574604274],[-59.486879826024222,-34.482754776663],[-59.486554908196247,-34.482482977864606],[-59.486556565095533,-34.482212550676046],[-59.486231650406715,-34.481940751022321],[-59.486233308315562,-34.481670323823437],[-59.485908396765808,-34.481398523314418],[-59.485583487323446,-34.481126721948414],[-59.485258579988461,-34.480854919725395],[-59.485260240969929,-34.480584492519732],[-59.485261901929256,-34.480314065302011],[-59.484936998764631,-34.480042262225624],[-59.484938660733341,-34.479771834997585],[-59.484613760707397,-34.479500031066067],[-59.484615423685383,-34.47922960382779],[-59.484617086641201,-34.47895917657744],[-59.484292190785318,-34.478687371792617],[-59.484293854750376,-34.478416944532],[-59.483968962032925,-34.478145138892145],[-59.483642405394825,-34.478143759652497],[-59.483317515860172,-34.477871952297242],[-59.482992628432555,-34.477600144085251],[-59.482667743111932,-34.477328335016523],[-59.482669412233506,-34.477057907765001],[-59.482344530051087,-34.476786097841419],[-59.48201964997557,-34.476514287061157],[-59.481694772006939,-34.476242475424272],[-59.481696444199805,-34.475972048166241],[-59.481371569369166,-34.475700235674601],[-59.481046696645308,-34.475428422326395],[-59.480721826028208,-34.47515660812163],[-59.480723501292054,-34.474886180857197],[-59.480398633812733,-34.474614365797798],[-59.4800737684401,-34.474342549881911],[-59.480075445743616,-34.474072122609215],[-59.47975058350859,-34.473800305838758],[-59.479752261820693,-34.473529878555929],[-59.479427402723168,-34.473258060930974],[-59.479102545732218,-34.472986242449629],[-59.478777690847778,-34.472714423111896],[-59.478451155634218,-34.472713030192928],[-59.47812462044309,-34.472711636401691],[-59.477799769816443,-34.472439814491089],[-59.477473235723437,-34.47243841896929],[-59.477146701652899,-34.472437022575221],[-59.476820167604814,-34.472435625308862],[-59.476493633579231,-34.472434227170218],[-59.476167099576159,-34.47243282815932],[-59.475840565595597,-34.472431428276117]]}},
{"type":"Feature","properties":{"length_m":702.42640687119285,"Name":"Red de drenaje ≥ 0.5 km²"},"geometry":{"type":"LineString","coordinates":[[-59.483578972269868,-34.435414725593773],[-59.483252581958389,-34.435413346802065],[-59.482926191669115,-34.435411967139274],[-59.48259980140201,-34.435410586605414],[-59.482273411157131,-34.435409205200465],[-59.481947020934491,-34.435407822924425],[-59.481620630734092,-34.435406439777303],[-59.481294240555926,-34.435405055759126],[-59.480967850400042,-34.435403670869839],[-59.480641460266433,-34.435402285109475],[-59.480315070155115,-34.435400898478044],[-59.479988680066121,-34.435399510975536],[-59.479662289999439,-34.435398122601931],[-59.479335899955089,-34.435396733357258],[-59.479009509933121,-34.435395343241495],[-59.478683119933486,-34.435393952254664],[-59.478356729956261,-34.435392560396743],[-59.478030340001411,-34.435391167667746],[-59.477703950068978,-34.43538977406768],[-59.477377560158956,-34.435388379596517],[-59.477051170271388,-34.435386984254286],[-59.47672646605843,-34.43511515918631],[-59.476400077267066,-34.435113762115982],[-59.476073688498168,-34.435112364174557]]}},
{"type":"Feature","properties":{"length_m":1043.9696961966999,"Name":"Red de drenaje ≥ 0.5 km²"},"geometry":{"type":"LineString","coordinates":[[-59.48080128953535,-34.356705548570105],[-59.480475204784796,-34.356704165126146],[-59.480150789758824,-34.356432348327431],[-59.479824706100004,-34.356430963160342],[-59.479500294237972,-34.356159144654391],[-59.479174211670909,-34.356157757764237],[-59.478849802972789,-34.355885937551122],[-59.478523721497531,-34.355884548937915],[-59.47819931596333,-34.355612727017707],[-59.477873235579921,-34.355611336681505],[-59.477548833209603,-34.355339513054282],[-59.477224432933625,-34.355067688574543],[-59.476898354711643,-34.355066295660919],[-59.476573957599498,-34.354794469474292],[-59.476249562581629,-34.354522642435228],[-59.475923486521154,-34.354521246944266],[-59.475597410483097,-34.354519850584879],[-59.475273019698598,-34.354248020984627],[-59.47494863100831,-34.353976190532059],[-59.474624244412226,-34.35370435922718],[-59.474298171605341,-34.353702959436234],[-59.473972098820973,-34.353701558776862],[-59.47364771645821,-34.353429724911052],[-59.473321644765953,-34.353428322528934],[-59.472995573096249,-34.353426919278384],[-59.472669501449083,-34.353425515159422],[-59.472345124389321,-34.353153677878566],[-59.472019053834373,-34.353152272036901],[-59.471692983302027,-34.35315086532686],[-59.471368610475643,-34.352879025485365]]}},
{"type":"Feature","properties":{"length_m":432.42640687119285,"Name":"Red de drenaje ≥ 0.5 km²"},"geometry":{"type":"LineString","coordinates":[[-59.48042012668747,-34.365628430877315],[-59.480418457276016,-34.365898862968116],[-59.480090666452078,-34.366167910246325],[-59.480088995948392,-34.366438342299098],[-59.480087325422453,-34.366708774339834],[-59.480085654874259,-34.366979206368498],[-59.480083984303775,-34.367249638385161],[-59.48008231371103,-34.367520070389752],[-59.480080643096031,-34.367790502382327],[-59.480078972458749,-34.36806093436283],[-59.48007730179922,-34.368331366331311],[-59.480075631117408,-34.36860179828777],[-59.480073960413343,-34.368872230232149],[-59.480072289687001,-34.369142662164506],[-59.480070618938406,-34.369413094084813]]}},
{"type":"Feature","properties":{"length_m":416.98484809834997,"Name":"Red de drenaje ≥ 0.5 km²"},"geometry":{"type":"LineString","coordinates":[[-59.479444194922522,-34.470553787458584],[-59.479115987917297,-34.470822823783614],[-59.478789460053697,-34.470821431834949],[-59.478462932212501,-34.470820039014022],[-59.478134721039496,-34.471089072654323],[-59.477808192190018,-34.471087678074909],[-59.47747997787998,-34.471356709916599],[-59.477151761463602,-34.471625740845894],[-59.476825230575145,-34.471624343621713],[-59.476497011021706,-34.471893372752305],[-59.476168789361857,-34.472162400970454],[-59.475840565595597,-34.472431428276117]]}},
{"type":"Feature","properties":{"length_m":681.83766184073568,"Name":"Red de drenaje ≥ 0.5 km²"},"geometry":{"type":"LineString","coordinates":[[-59.480070618938406,-34.369413094084813],[-59.479744484996672,-34.369411708247966],[-59.479418351077221,-34.369410321542169],[-59.47909389107236,-34.369138502089008],[-59.478767758245404,-34.369137113659313],[-59.478443301406486,-34.368865292498185],[-59.478118846663307,-34.368593470484093],[-59.477794394015824,-34.368321647617037],[-59.47746826442183,-34.368320255753652],[-59.477142134850197,-34.368318863021372],[-59.476816005300975,-34.36831746942017],[-59.476489875774156,-34.368316074950073],[-59.476163746269748,-34.368314679611068],[-59.475839301069129,-34.368042851616764],[-59.475514857964157,-34.367771022769666],[-59.475190416954767,-34.367499193069783],[-59.474865978040988,-34.367227362517134],[-59.474541541222756,-34.366955531111763],[-59.474215417092182,-34.36695413062985],[-59.473889292984111,-34.366952729279056]]}},
{"type":"Feature","properties":{"length_m":390.0,"Name":"Red de drenaje ≥ 0.5 km²"},"geometry":{"type":"LineString","coordinates":[[-59.479449901492742,-34.417007536160746],[-59.479451577215251,-34.416737106374462],[-59.479453252915405,-34.416466676576135],[-59.479454928593263,-34.416196246765743],[-59.479456604248774,-34.4159258169433],[-59.479458279881968,-34.415655387108814],[-59.479459955492814,-34.415384957262297],[-59.479461631081314,-34.415114527403716],[-59.479463306647524,-34.41484409753307],[-59.479464982191374,-34.414573667650387],[-59.479466657712912,-34.414303237755639],[-59.479468333212104,-34.414032807848855],[-59.479470008688978,-34.413762377930027],[-59.479471684143519,-34.413491947999162]]}},
{"type":"Feature","properties":{"length_m":891.83766184073568,"Name":"Red de drenaje ≥ 0.5 km²"},"geometry":{"type":"LineString","coordinates":[[-59.479471684143519,-34.413491947999162],[-59.479473359575721,-34.413221518056226],[-59.479475034985605,-34.412951088101217],[-59.479476710373163,-34.412680658134207],[-59.479478385738382,-34.412410228155125],[-59.479153761419994,-34.41213840925073],[-59.479155437790673,-34.411867979261523],[-59.479157114138992,-34.411597549260279],[-59.479158790464979,-34.411327119246984],[-59.479160466768626,-34.411056689221631],[-59.47883584866134,-34.410784869470568],[-59.478511232654093,-34.410513048865134],[-59.478512910990752,-34.410242618831646],[-59.478514589305036,-34.409972188786078],[-59.478516267596945,-34.409701758728467],[-59.478191656772594,-34.409429937274595],[-59.478193336069758,-34.409159507206901],[-59.477868728372897,-34.408887684900698],[-59.477870408675201,-34.408617254822921],[-59.477545804105738,-34.408345431664479],[-59.477547485413147,-34.408075001576606],[-59.477222883970988,-34.407803177565945],[-59.477224566283454,-34.407532747468018],[-59.476899967968478,-34.407260922605175],[-59.476575371753199,-34.406989096888196],[-59.476577056098058,-34.406718666782211],[-59.476578740420507,-34.406448236664168]]}},
{"type":"Feature","properties":{"length_m":2068.2337649086276,"Name":"Red de drenaje ≥ 0.5 km²"},"geometry":{"type":"LineString","coordinates":[[-59.476578740420507,-34.406448236664168],[-59.476254148359594,-34.406176410097103],[-59.475929558398292,-34.405904582675973],[-59.475604970536537,-34.405632754400813],[-59.475606657918469,-34.405362324276773],[-59.475282073183493,-34.405090495149629],[-59.474957490548,-34.40481866516852],[-59.4749591799619,-34.404548235036501],[-59.474634600453044,-34.404276404203486],[-59.474310023043564,-34.40400457251657],[-59.473985447733433,-34.403732739975766],[-59.473660874522665,-34.403460906581095],[-59.47333630341118,-34.403189072332587],[-59.473337997938131,-34.402918642198848],[-59.473013429952964,-34.402646807098641],[-59.472688864066996,-34.402374971144638],[-59.472690560625388,-34.402104541003027],[-59.472365997865573,-34.401832704197417],[-59.472367695428289,-34.401562274045887],[-59.472369392968375,-34.401291843882326],[-59.472044834361533,-34.401020006227199],[-59.472046532905892,-34.400749576053705],[-59.472048231427628,-34.400479145868125],[-59.471723676973554,-34.400207307363623],[-59.471725376499478,-34.399936877168138],[-59.471727076002765,-34.399666446960602],[-59.471728775483392,-34.399396016741008],[-59.471404226208655,-34.39912417738929],[-59.471405926693407,-34.398853747159798],[-59.471407627155493,-34.398583316918263],[-59.471409327594905,-34.398312886664655],[-59.471084783499215,-34.398041046465785],[-59.471086484942681,-34.397770616202273],[-59.47108818636346,-34.397500185926745],[-59.471089887761586,-34.397229755639138],[-59.470765348844587,-34.396957914593202],[-59.470767051246668,-34.396687484295718],[-59.470768753626047,-34.39641705398617],[-59.470444218860877,-34.396145212091085],[-59.470445922244153,-34.39587478177166],[-59.470121390604071,-34.395602939025309],[-59.469796861062484,-34.395331095425583],[-59.469798566476094,-34.395060665098448],[-59.469474040059438,-34.394788820647548],[-59.469475746476768,-34.39451839031053],[-59.469151223184959,-34.3942465450085],[-59.469152930605986,-34.393976114661655],[-59.469154638004248,-34.393705684302773],[-59.468830118863544,-34.393433838151843],[-59.468831827265426,-34.393163407783085],[-59.468833535644535,-34.392892977402305],[-59.4688352440009,-34.392622547009474],[-59.468836952334463,-34.392352116604577],[-59.468838660645275,-34.392081686187645],[-59.468840368933307,-34.391811255758668],[-59.46884207719858,-34.391540825317641],[-59.468843785441102,-34.391270394864563],[-59.468845493660844,-34.390999964399427],[-59.468847201857805,-34.390729533922247],[-59.468848910032023,-34.390459103433031]]}},
{"type":"Feature","properties":{"length_m":746.98484809834997,"Name":"Red de drenaje ≥ 0.5 km²"},"geometry":{"type":"LineString","coordinates":[[-59.475840565595597,-34.472431428276117],[-59.47551233972289,-34.472700454669273],[-59.47518580473416,-34.472699053027448],[-59.474859269768011,-34.472697650513304],[-59.474531039727452,-34.472966674221155],[-59.474204503753207,-34.472965269948325],[-59.47387796780157,-34.472963864803198],[-59.47354973359321,-34.473232885825588],[-59.473223196633555,-34.473231478921733],[-59.472896659696573,-34.473230071145565],[-59.472570122782237,-34.4732286624971],[-59.472241883375496,-34.473497679947442],[-59.471915345453226,-34.473496269540178],[-59.471588807553694,-34.473494858260608],[-59.471262269676856,-34.473493446108726],[-59.47093573182277,-34.473492033084533],[-59.4706091939914,-34.47349061918802],[-59.470282656182803,-34.473489204419224],[-59.469956118396958,-34.473487788778094],[-59.469629580633921,-34.473486372264645],[-59.469304754888178,-34.473214528035754],[-59.468979931248967,-34.472942682950993],[-59.468655109716252,-34.472670837010433]]}},
{"type":"Feature","properties":{"length_m":2112.7922061357835,"Name":"Red de drenaje ≥ 0.5 km²"},"geometry":{"type":"LineString","coordinates":[[-59.476073688498168,-34.435112364174557],[-59.475748988535337,-34.434840536537578],[-59.475424290675051,-34.43456870804561],[-59.47509790407625,-34.434567307519188],[-59.474773209392282,-34.434295477315345],[-59.47444851681081,-34.434023646256627],[-59.474122132382135,-34.434022243145272],[-59.473795747976013,-34.434020839162898],[-59.473469363592493,-34.434019434309477],[-59.473142979231589,-34.434018028585044],[-59.472816594893295,-34.434016621989571],[-59.472490210577632,-34.434015214523058],[-59.472163826284614,-34.434013806185519],[-59.471837442014255,-34.434012396976954],[-59.471511057766556,-34.434010986897356],[-59.471184673541565,-34.43400957594671],[-59.470856584854623,-34.434278592773587],[-59.470530199623802,-34.434277180066687],[-59.470202107805832,-34.434546195096786],[-59.469874013885359,-34.43481520921533],[-59.46987230617875,-34.43508563778505],[-59.469870598449361,-34.435356066342685],[-59.469542500278237,-34.435625079497051],[-59.469214400004482,-34.435894091739804],[-59.469212690104165,-34.436164520232786],[-59.468884586653608,-34.436433531537574],[-59.468556481100364,-34.436702541930664],[-59.468554769028913,-34.436972970358973],[-59.468226660298726,-34.43724197981399],[-59.46789854946573,-34.437510988357282],[-59.467896835223016,-34.437781416720853],[-59.467568721212942,-34.438050424326022],[-59.467242321491284,-34.438049002708503],[-59.466914204349749,-34.438318008516376],[-59.46658608510532,-34.438587013412402],[-59.466259683349421,-34.438585589152751],[-59.465931560973509,-34.438854592251367],[-59.465603436494639,-34.439123594438051],[-59.465275309912784,-34.439392595712796],[-59.464948905094175,-34.439391167925351],[-59.464620775380773,-34.439660167402543],[-59.464294369556633,-34.439658737858288],[-59.463967963755472,-34.439657307442836],[-59.463639829881998,-34.439926304236785],[-59.46331342307537,-34.439924872064495],[-59.462985286070335,-34.440193867060735],[-59.462657146962201,-34.440462861144837],[-59.462329005750966,-34.440731854316802],[-59.462002595881927,-34.440730418616312],[-59.461676186036016,-34.440728982044568],[-59.461348040664681,-34.440997972532941],[-59.461021629813423,-34.440996534204238],[-59.460693481310457,-34.441265522894632],[-59.460365330704299,-34.441534510672739],[-59.460038917819318,-34.441533069701308],[-59.459712504957515,-34.441531627858595],[-59.459384350191279,-34.441800612952832],[-59.4590561933218,-34.442069597134683],[-59.458728034349022,-34.442338580404126]]}},
{"type":"Feature","properties":{"length_m":2438.5281374238557,"Name":"Red de drenaje ≥ 0.5 km²"},"geometry":{"type":"LineString","coordinates":[[-59.475062157120476,-34.492440201272572],[-59.475063851736088,-34.492169775018489],[-59.475065546329127,-34.491899348752384],[-59.474740632172285,-34.491627518972592],[-59.474742327774365,-34.491357092696475],[-59.474744023353864,-34.491086666408258],[-59.474745718910761,-34.490816240108003],[-59.474747414445062,-34.490545813795684],[-59.474749109956775,-34.490275387471307],[-59.4747508054459,-34.490004961134836],[-59.47475250091243,-34.489734534786351],[-59.474427596084979,-34.489462704164197],[-59.474429292560409,-34.489192277805692],[-59.47443098901325,-34.488921851435101],[-59.474432685443475,-34.48865142505246],[-59.474434381851104,-34.488380998657753],[-59.47443607823611,-34.488110572250967],[-59.474437774598528,-34.487840145832138],[-59.474439470938343,-34.487569719401243],[-59.474114575439181,-34.487297887936904],[-59.473789682048015,-34.48702605561602],[-59.473791380427961,-34.486755629177196],[-59.473466490176101,-34.486483796001842],[-59.473468189564727,-34.486213369553035],[-59.473469888930701,-34.485942943092176],[-59.4731450028493,-34.485671109064484],[-59.473146703223911,-34.485400682593664],[-59.473148403575834,-34.485130256110743],[-59.473150103905127,-34.484859829615779],[-59.47315180421176,-34.484589403108735],[-59.473153504495706,-34.484318976589662],[-59.472828625678162,-34.484047141716019],[-59.472503748968265,-34.483775305985993],[-59.47250545129188,-34.483504879459026],[-59.47250715359278,-34.483234452920001],[-59.47218228105271,-34.482962616337851],[-59.472183984362026,-34.482692189788899],[-59.471859114960552,-34.482420352352534],[-59.471860819278206,-34.482149925793642],[-59.471862523573151,-34.481879499222671],[-59.471537658341155,-34.481607660934301],[-59.471539363644375,-34.481337234353404],[-59.471541068924864,-34.481066807760449],[-59.471542774182623,-34.480796381155422],[-59.471217914150863,-34.480524542017235],[-59.471219620416811,-34.480254115402289],[-59.471221326660036,-34.479983688775299],[-59.470896470797314,-34.479711848785215],[-59.470898178048635,-34.479441422148305],[-59.470899885277241,-34.479170995499331],[-59.470901592483067,-34.478900568838277],[-59.470576741819983,-34.478628727998519],[-59.470578450033855,-34.478358301327575],[-59.470580158224983,-34.478087874644579],[-59.470581866393331,-34.477817447949505],[-59.470583574538928,-34.477547021242373],[-59.470258730105876,-34.477275179555193],[-59.470260439259413,-34.47700475283817],[-59.470262148390162,-34.476734326109096],[-59.470263857498139,-34.476463899367914],[-59.470265566583329,-34.476193472614732],[-59.470267275645767,-34.475923045849441],[-59.470268984685426,-34.475652619072115],[-59.470270693702297,-34.475382192282723],[-59.469945858590663,-34.475110349754715],[-59.469947568615339,-34.474839922955425],[-59.469949278617243,-34.474569496144106],[-59.469624447673418,-34.474297652764506],[-59.469299618836232,-34.474025808529028],[-59.469301330876362,-34.473755381710006],[-59.468976505176251,-34.473483536620854],[-59.468978218224024,-34.473213109791956],[-59.46865339566088,-34.472941263849179],[-59.468655109716252,-34.472670837010433]]}},
{"type":"Feature","properties":{"length_m":494.55844122715712,"Name":"Red de drenaje ≥ 0.5 km²"},"geometry":{"type":"LineString","coordinates":[[-59.475943682683088,-34.351276057343568],[-59.475615935272437,-34.35154509367181],[-59.475288185767837,-34.351814129091501],[-59.474960434169262,-34.35208316360265],[-59.474632680476709,-34.352352197205192],[-59.474304924690117,-34.352621229899135],[-59.473977166809476,-34.352890261684408],[-59.473651097188807,-34.352888860198938],[-59.473325027590661,-34.352887457845071],[-59.472998958015054,-34.352886054622807],[-59.472672888461993,-34.352884650532133],[-59.472346818931513,-34.352883245573047],[-59.472020749423628,-34.35288183974555],[-59.471694679938338,-34.352880433049663],[-59.471368610475643,-34.352879025485365]]}},
{"type":"Feature","properties":{"length_m":409.70562748477141,"Name":"Red de drenaje ≥ 0.5 km²"},"geometry":{"type":"LineString","coordinates":[[-59.474521279145861,-34.370200711655556],[-59.474522967776046,-34.369930280009818],[-59.474524656383728,-34.369659848352029],[-59.474526344968886,-34.369389416682203],[-59.474854166067217,-34.369120384726152],[-59.474855853559511,-34.368849953018135],[-59.474857541029323,-34.368579521298059],[-59.474859228476625,-34.368309089565983],[-59.474860915901466,-34.368038657821828],[-59.474862603303798,-34.367768226065643],[-59.474538164434989,-34.367496394656165],[-59.47421372766177,-34.367224562393965],[-59.473889292984111,-34.366952729279056]]}},
{"type":"Feature","properties":{"length_m":3599.4826817189037,"Name":"Red de drenaje ≥ 0.5 km²"},"geometry":{"type":"LineString","coordinates":[[-59.474380872090826,-34.340451759332453],[-59.474056538845744,-34.340179926422202],[-59.474058227072312,-34.339909493468106],[-59.473733896943841,-34.339637659708117],[-59.473409568908089,-34.339365825096337],[-59.473085242965006,-34.339093989632786],[-59.473086934240548,-34.338823556672907],[-59.473088625493546,-34.338553123700976],[-59.473090316724004,-34.338282690716994],[-59.473092007931925,-34.33801225772099],[-59.472767688176454,-34.337740421414125],[-59.472443370513524,-34.337468584255582],[-59.472445063746285,-34.337198151251755],[-59.472446756956472,-34.336927718235863],[-59.472122443433328,-34.33665588022992],[-59.471798132002533,-34.336384041372362],[-59.47179982723739,-34.33611360834869],[-59.471801522449653,-34.335843175312981],[-59.47147721515838,-34.335571335608122],[-59.471478911371591,-34.335300902562494],[-59.471154607196105,-34.335029062008246],[-59.471156304410208,-34.334758628952734],[-59.470832003350445,-34.334486787549153],[-59.470833701565383,-34.33421635448375],[-59.470509403621215,-34.33394451223085],[-59.470511102836937,-34.333674079155564],[-59.470512802030008,-34.333403646068248],[-59.470188508224723,-34.333131802968268],[-59.470190208418522,-34.332861369871075],[-59.470191908589634,-34.332590936761839],[-59.469867618923054,-34.332319092814821],[-59.469869320094823,-34.332048659695722],[-59.469871021243918,-34.331778226564602],[-59.469546735715824,-34.331506381770609],[-59.469548437865498,-34.331235948629619],[-59.469550139992478,-34.330965515476592],[-59.46955184209677,-34.330695082311522],[-59.469553544178403,-34.330424649134429],[-59.469229264834986,-34.330152803497917],[-59.468904987583308,-34.329880957010182],[-59.468906691688538,-34.32961052382543],[-59.468582417551673,-34.329338676488682],[-59.46858412265729,-34.329068243294117],[-59.468585827740192,-34.328797810087508],[-59.468261557741087,-34.328525961904042],[-59.468263263824305,-34.328255528687606],[-59.468264969884792,-34.327985095459134],[-59.468266675922528,-34.327714662218618],[-59.468268381937534,-34.327444228966066],[-59.468270087929788,-34.327173795701491],[-59.468271793899305,-34.326903362424872],[-59.468273499846092,-34.326632929136203],[-59.468601172463636,-34.326363910686268],[-59.468602877319299,-34.326093477359287],[-59.46827861755002,-34.325821629197982],[-59.468280323405871,-34.325551195861166],[-59.468607991749913,-34.32528217730605],[-59.468935658002721,-34.325013157842889],[-59.469263322164338,-34.324744137471718],[-59.469590984234806,-34.324475116192517],[-59.469266727397972,-34.324203270604251],[-59.468942472652273,-34.323931424164947],[-59.46861821999763,-34.323659576874618],[-59.468293969434058,-34.32338772873328],[-59.46829567508528,-34.323117295288135],[-59.468297380713757,-34.322846861830946],[-59.468299086319497,-34.3225764283617],[-59.468300791902521,-34.322305994880445],[-59.467976547520912,-34.322034145897057],[-59.467652305230203,-34.321762296062765],[-59.467654012835865,-34.321491862573914],[-59.467655720418769,-34.321221429073027],[-59.467331482264193,-34.320949578392337],[-59.467007246200389,-34.320677726860808],[-59.467008955805746,-34.320407293352396],[-59.467010665388308,-34.320136859831933],[-59.467012374948091,-34.319866426299434],[-59.466688144042692,-34.319594573923879],[-59.466689854602208,-34.319324140381603],[-59.46669156513893,-34.31905370682729],[-59.466367338369139,-34.318781853605522],[-59.466369049905531,-34.318511420041439],[-59.466370761419107,-34.31824098646532],[-59.466372472909867,-34.317970552877156],[-59.466374184377813,-34.317700119276985],[-59.466375895822964,-34.317429685664742],[-59.46670353825759,-34.317160671610083],[-59.466705248611937,-34.31689023795947],[-59.467032887888209,-34.316621222970568],[-59.467034597151795,-34.316350789281572],[-59.4670363063926,-34.316080355580567],[-59.467038015610619,-34.315809921867526],[-59.467039724805844,-34.315539488142427],[-59.467041433978295,-34.315269054405306],[-59.467043143127981,-34.314998620656141],[-59.467044852254872,-34.314728186894939],[-59.46704656135897,-34.314457753121701],[-59.467048270440308,-34.314187319336426],[-59.46704997949886,-34.313916885539115],[-59.466725771085848,-34.313645033213284],[-59.466727481143828,-34.313374599406188],[-59.466403275843021,-34.313102746232062],[-59.466079072632198,-34.312830892207401],[-59.465754871511287,-34.312559037332214]]}},
{"type":"Feature","properties":{"length_m":192.42640687119285,"Name":"Red de drenaje ≥ 0.5 km²"},"geometry":{"type":"LineString","coordinates":[[-59.47338622934393,-34.447270429467572],[-59.473059793455789,-34.447269023049991],[-59.472733357590293,-34.447267615760964],[-59.472406921747428,-34.447266207600464],[-59.472082187294902,-34.446994370441864],[-59.471755752549285,-34.44699296055262],[-59.471429317826356,-34.446991549791946]]}},
{"type":"Feature","properties":{"length_m":1814.9242404917482,"Name":"Red de drenaje ≥ 0.5 km²"},"geometry":{"type":"LineString","coordinates":[[-59.473889292984111,-34.366952729279056],[-59.473564860401972,-34.366680895311497],[-59.473240429915336,-34.366409060491272],[-59.472916001524176,-34.366137224818438],[-59.472591575228471,-34.365865388293017],[-59.472265455424122,-34.36586398265456],[-59.471941032294126,-34.36559214442191],[-59.471942728923231,-34.365321712684519],[-59.471618308913676,-34.365049873601478],[-59.471292192320227,-34.365048465399084],[-59.470967775476304,-34.364776624608936],[-59.470643360727671,-34.364504782966364],[-59.470318948074308,-34.364232940471361],[-59.469994537516186,-34.363961097123969],[-59.46967012905327,-34.363689252924225],[-59.469344017834025,-34.36368783958023],[-59.46901790663749,-34.363686425367469],[-59.468693502410389,-34.36341457860636],[-59.468369100278466,-34.363142730992976],[-59.468044700241663,-34.362870882527353],[-59.467720302299952,-34.362599033209513],[-59.467395906453305,-34.362327183039461],[-59.467071512701722,-34.362055332017228],[-59.467073224749441,-34.361784900336772],[-59.466748834117517,-34.361513048464651],[-59.466424445580572,-34.361241195740426],[-59.466100059138533,-34.360969342164125],[-59.465775674791416,-34.360697487735777],[-59.465451292539157,-34.360425632455396],[-59.465126912381756,-34.360153776322989],[-59.464802534319141,-34.359881919338598],[-59.464478158351348,-34.359610061502273],[-59.464152063209575,-34.359608634473823],[-59.463827690406831,-34.359336774931322],[-59.463503319698809,-34.359064914536951],[-59.463178951085503,-34.358793053290711],[-59.46285458456687,-34.358521191192644],[-59.46285630993308,-34.358250759542209],[-59.462531946533389,-34.357978896594716],[-59.462207585228285,-34.357707032795439],[-59.461883226017726,-34.35743516814442],[-59.461557139438447,-34.357433734282594],[-59.461232783392731,-34.35716186792574],[-59.460906697906822,-34.357160432341281],[-59.460582345025941,-34.356888564278698],[-59.460256260633436,-34.356887126971635],[-59.459931910917348,-34.35661525720338]]}},
{"type":"Feature","properties":{"length_m":904.26406871192853,"Name":"Red de drenaje ≥ 0.5 km²"},"geometry":{"type":"LineString","coordinates":[[-59.474211761537624,-34.315300044256631],[-59.473887524523327,-34.315028210685149],[-59.47356328959922,-34.314756376262658],[-59.473237367517285,-34.314754975032407],[-59.472911445457889,-34.314753572934968],[-59.472585523421031,-34.314752169970362],[-59.472259601406712,-34.314750766138587],[-59.471935372843141,-34.31447892745301],[-59.471611146369661,-34.31420708791655],[-59.471285226513174,-34.314205681511616],[-59.470961003197424,-34.313933840271325],[-59.47063508443118,-34.313932432146274],[-59.470309165687553,-34.313931023154076],[-59.469983246966571,-34.313929613294732],[-59.46965902894388,-34.313657768644831],[-59.46933481301118,-34.313385923144217],[-59.46900889644823,-34.313384510711899],[-59.468682979907989,-34.313383097412462],[-59.46835876820068,-34.313111249355366],[-59.468032852750852,-34.313109834335968],[-59.467706937323754,-34.313108418449403],[-59.467382729841866,-34.312836567836008],[-59.467056815505266,-34.312835150229532],[-59.46673090119144,-34.312833731755909],[-59.466404986900415,-34.312832312415217],[-59.466080784711728,-34.312560458392817],[-59.465754871511287,-34.312559037332214]]}},
{"type":"Feature","properties":{"length_m":84.852813742385706,"Name":"Red de drenaje ≥ 0.5 km²"},"geometry":{"type":"LineString","coordinates":[[-59.47207878453689,-34.447535226683087],[-59.471754050129704,-34.447263388665085],[-59.471429317826356,-34.446991549791946]]}},
{"type":"Feature","properties":{"length_m":1423.6753236814711,"Name":"Red de drenaje ≥ 0.5 km²"},"geometry":{"type":"LineString","coordinates":[[-59.471429317826356,-34.446991549791946],[-59.471104587626819,-34.446719710063675],[-59.470778154001202,-34.4467182975743],[-59.470453426980036,-34.446446456133735],[-59.470128702062638,-34.44617461383811],[-59.469803979248944,-34.445902770687468],[-59.469477548869932,-34.445901354755044],[-59.469152829234559,-34.44562950989225],[-59.469154539932617,-34.445359081821231],[-59.468829823429921,-34.445087236105692],[-59.468503396274784,-34.445085817601822],[-59.468178682950317,-34.444813970174252],[-59.46785225689262,-34.444812549941894],[-59.467527546746368,-34.444540700802378],[-59.467202838703649,-34.444268850808015],[-59.466876414818124,-34.444267427990162],[-59.466549990955471,-34.444266004300943],[-59.466225287165578,-34.443994151737712],[-59.465898864400522,-34.443992726320111],[-59.465572441658402,-34.443991300031151],[-59.465246018939204,-34.443989872870844],[-59.464919596243,-34.443988444839185],[-59.464594898855374,-34.443716587993258],[-59.464270203571218,-34.44344473029269],[-59.463945510390488,-34.443172871737495],[-59.463619090941435,-34.443171440263633],[-59.463294400938828,-34.44289957999694],[-59.462967982587557,-34.442898146794846],[-59.462641564259329,-34.442896712721435],[-59.462315145954186,-34.442895277776721],[-59.461990461279214,-34.442623414084828],[-59.461665778707577,-34.442351549538479],[-59.461341098239267,-34.442079684137703],[-59.46101468318156,-34.442078245751119],[-59.460688268146995,-34.442076806493269],[-59.460361853135566,-34.442075366364122],[-59.460035438147337,-34.442073925363701],[-59.45970902318227,-34.442072483491984],[-59.459382608240425,-34.442071040748978],[-59.45905445029608,-34.442340024904247],[-59.458728034349022,-34.442338580404126]]}},
{"type":"Feature","properties":{"length_m":504.85281374238571,"Name":"Red de drenaje ≥ 0.5 km²"},"geometry":{"type":"LineString","coordinates":[[-59.471368610475643,-34.352879025485365],[-59.471042541035587,-34.35287761705267],[-59.470716471618168,-34.352876207751549],[-59.470390402223423,-34.352874797582047],[-59.470064332851337,-34.352873386544132],[-59.469738263501917,-34.352871974637814],[-59.469413898118084,-34.352600129673277],[-59.469087829861124,-34.35259871604439],[-59.468763467641075,-34.352326869373748],[-59.468437400476574,-34.352325454022335],[-59.468111333334818,-34.352324037802546],[-59.467785266215834,-34.35232262071434],[-59.467459199119652,-34.352321202757764],[-59.467133132046236,-34.352319783932813],[-59.466807064995635,-34.35231836423948],[-59.466480997967864,-34.352316943677756],[-59.466154930962922,-34.352315522247636]]}},
{"type":"Feature","properties":{"length_m":2291.9090885900973,"Name":"Red de drenaje ≥ 0.5 km²"},"geometry":{"type":"LineString","coordinates":[[-59.470229410834555,-34.430219335921429],[-59.469901334096498,-34.430488350460536],[-59.46957496364994,-34.430486935339871],[-59.469248593226148,-34.430485519348267],[-59.46892222282515,-34.430484102485771],[-59.468595852446917,-34.430482684752334],[-59.468271194666507,-34.430210837444641],[-59.467946538988144,-34.429938989282533],[-59.467621885411816,-34.429667140266041],[-59.467297233937494,-34.429395290395206],[-59.466972584565148,-34.429123439670043],[-59.466647937294759,-34.428851588090581],[-59.466649654987577,-34.428581159386376],[-59.466325010847157,-34.428309306954908],[-59.466000368808601,-34.428037453669198],[-59.465675728871865,-34.42776559952928],[-59.465351091036958,-34.427493744535163],[-59.465026455303821,-34.427221888686894],[-59.464701821672428,-34.426950031984497],[-59.464377190142763,-34.42667817442797],[-59.464050834798371,-34.426676744703158],[-59.463726206444235,-34.426404885436177],[-59.463401580191764,-34.42613302531516],[-59.463075227018066,-34.426131593006801],[-59.46274887386744,-34.426130159827672],[-59.46242425186432,-34.425858297139939],[-59.462099631962815,-34.425586433598248],[-59.461775014162882,-34.425314569202641],[-59.461448664256928,-34.42531313258381],[-59.461124049632424,-34.425041266478019],[-59.460799437109429,-34.424769399518389],[-59.460474826687921,-34.424497531704908],[-59.460150218367886,-34.424225663037646],[-59.459825612149288,-34.423953793516603],[-59.459501008032085,-34.423681923141821],[-59.459176406016255,-34.423410051913287],[-59.458851806101777,-34.423138179831085],[-59.458527208288615,-34.422866306895202],[-59.458202612576756,-34.422594433105679],[-59.457878018966142,-34.422322558462525],[-59.457553427456766,-34.422050682965789],[-59.457228838048586,-34.421778806615485],[-59.456904250741587,-34.421506929411656],[-59.456577915893178,-34.421505479935881],[-59.456253331761225,-34.421233601022507],[-59.455926998010021,-34.421232149820078],[-59.455600664282173,-34.42123069774707],[-59.455274330577687,-34.421229244803442],[-59.454947996896571,-34.421227790989221],[-59.454621663238832,-34.421226336304365],[-59.454295329604513,-34.421224880748902],[-59.453968995993606,-34.421223424322832],[-59.453644421480334,-34.420951538564196],[-59.453319849068116,-34.420679651952256],[-59.45299527875698,-34.420407764487003],[-59.452670710546862,-34.420135876168473],[-59.452346144437747,-34.41986398699671],[-59.45202158042958,-34.419592096971748],[-59.451697018522388,-34.41932020609358],[-59.451372458716094,-34.419048314362264]]}},
{"type":"Feature","properties":{"length_m":1376.1017305526634,"Name":"Red de drenaje ≥ 0.5 km²"},"geometry":{"type":"LineString","coordinates":[[-59.468655109716252,-34.472670837010433],[-59.468656823748759,-34.472400410159629],[-59.468332005352885,-34.472128563365459],[-59.468333720392927,-34.471858136504807],[-59.468335435410097,-34.471587709632104],[-59.46833715040443,-34.471317282747307],[-59.468338865375898,-34.471046855850481],[-59.468014053207668,-34.470775008209458],[-59.468015769186557,-34.470504581302784],[-59.468017485142575,-34.470234154384052],[-59.467692677141109,-34.469962305891805],[-59.467694394104484,-34.469691878963239],[-59.467696111044972,-34.469421452022623],[-59.46737130721003,-34.469149602679202],[-59.467373025157841,-34.468879175728766],[-59.467048224459134,-34.468607325531977],[-59.467049943414146,-34.468336898571728],[-59.466725145851591,-34.468065047521627],[-59.466726865813769,-34.467794620551587],[-59.466728585753039,-34.467524193569453],[-59.466403792356552,-34.467252341668356],[-59.466079001065978,-34.466980488911751],[-59.466080723042339,-34.466710061922122],[-59.465755934887611,-34.46643820831234],[-59.465757657870974,-34.466167781312919],[-59.465759380831386,-34.465897354301454],[-59.465434596842307,-34.465625499840819],[-59.465436320809658,-34.465355072819577],[-59.46511153995619,-34.465083217505835],[-59.465113264930416,-34.464812790474838],[-59.464788487212445,-34.464540934308047],[-59.464463711600096,-34.464269077285962],[-59.464465438610944,-34.463998650247532],[-59.464140666133936,-34.463726792372462],[-59.463815895762465,-34.463454933642112],[-59.463491127496496,-34.463183074056545],[-59.463166361336015,-34.462911213615747],[-59.462841597280956,-34.462639352319776],[-59.462516835331343,-34.462367490168639]]}},
{"type":"Feature","properties":{"length_m":1128.8225099390856,"Name":"Red de drenaje ≥ 0.5 km²"},"geometry":{"type":"LineString","coordinates":[[-59.468645477381905,-34.42264024704685],[-59.468320849414198,-34.42236839980346],[-59.467996223547722,-34.422096551705927],[-59.467671599782491,-34.421824702754265],[-59.467346978118428,-34.421552852948487],[-59.467022358555553,-34.421281002288652],[-59.467024074556974,-34.421010573232614],[-59.467025790535516,-34.42074014416454],[-59.467027506491199,-34.42046971508438],[-59.467029222423996,-34.42019928599219],[-59.467030938333949,-34.419928856887942],[-59.467032654221036,-34.41965842777163],[-59.467034370085251,-34.41938799864328],[-59.46703608592658,-34.419117569502866],[-59.467037801745072,-34.418847140350401],[-59.46703951754067,-34.418576711185892],[-59.466714910355101,-34.418304859694587],[-59.466716627155378,-34.418034430520294],[-59.466392023098152,-34.417762578177317],[-59.466393740903065,-34.417492148993219],[-59.466395458685064,-34.41722171979707],[-59.466069139974081,-34.417220295798622],[-59.465744541145803,-34.416948441750179],[-59.465746260982705,-34.416678012558592],[-59.465421665282513,-34.416406157658585],[-59.465097071682962,-34.416134301904776],[-59.464772480184017,-34.415862445297172],[-59.464447890785628,-34.415590587835815],[-59.464123303487789,-34.415318729520749],[-59.463798718290484,-34.415046870351979],[-59.463474135193664,-34.414775010329514],[-59.46314955419728,-34.414503149453417]]}},
{"type":"Feature","properties":{"length_m":2097.3506473629409,"Name":"Red de drenaje ≥ 0.5 km²"},"geometry":{"type":"LineString","coordinates":[[-59.468848910032023,-34.390459103433031],[-59.468524404278583,-34.39018725645316],[-59.468199900623034,-34.389915408620205],[-59.467875399065377,-34.389643559934122],[-59.467877110295305,-34.38937312943952],[-59.467552611861642,-34.389101279902583],[-59.467228115525771,-34.388829429512612],[-59.466903621287692,-34.388557578269641],[-59.466905335573003,-34.388287147769717],[-59.466580844458669,-34.388015295676006],[-59.466582559747138,-34.387744865166297],[-59.466258071756471,-34.387473012221911],[-59.465933585863453,-34.387201158424602],[-59.465609102068036,-34.386929303774409],[-59.465284620370198,-34.386657448271329],[-59.464960140769925,-34.386385591915428],[-59.464961861165001,-34.386115161405101],[-59.464963581537155,-34.385844730882745],[-59.464639106086004,-34.385572873678647],[-59.464314632732297,-34.385301015621778],[-59.464316355133072,-34.385030585092032],[-59.464318077510882,-34.3847601545502],[-59.463993608306048,-34.384488295645255],[-59.463995331686597,-34.384217865093703],[-59.463670865604747,-34.383946005338409],[-59.463346401620171,-34.383674144730428],[-59.463021939732847,-34.383402283269817],[-59.462697479942719,-34.383130420956569],[-59.462373022249771,-34.382858557790755],[-59.462048566653984,-34.382586693772375],[-59.461724113155334,-34.38231482890145],[-59.461725843691966,-34.382044398354431],[-59.461401393315874,-34.381772532633406],[-59.461075212449302,-34.381771096602094],[-59.460750765241869,-34.381499229173727],[-59.460752498854802,-34.381228798633934],[-59.460428054769757,-34.380956930355552],[-59.460103612781658,-34.380685061224796],[-59.459779172890492,-34.380413191241644],[-59.459780909556351,-34.380142760697119],[-59.459782646199066,-34.379872330140543],[-59.459458210455352,-34.379600459309955],[-59.459133776808457,-34.379328587627079],[-59.458809345258345,-34.379056715091927],[-59.458811084953595,-34.378786284530669],[-59.458486656525423,-34.378514411145744],[-59.458162230193942,-34.378242536908616],[-59.458163971916285,-34.377972106340273],[-59.457839548706595,-34.377700231253456],[-59.457841291430817,-34.377429800675579],[-59.45751687134279,-34.377157924739095],[-59.457192453351333,-34.376886047950499],[-59.45686803745641,-34.376614170309814],[-59.45686978323247,-34.376343739727425],[-59.456871528985261,-34.376073309132984],[-59.456873274714781,-34.375802878526478]]}},
{"type":"Feature","properties":{"length_m":72.426406871192853,"Name":"Red de drenaje ≥ 0.5 km²"},"geometry":{"type":"LineString","coordinates":[[-59.46680877726908,-34.35204793213974],[-59.466482711288307,-34.352046511592334],[-59.466154930962922,-34.352315522247636]]}},
{"type":"Feature","properties":{"length_m":786.3961030678928,"Name":"Red de drenaje ≥ 0.5 km²"},"geometry":{"type":"LineString","coordinates":[[-59.466154930962922,-34.352315522247636],[-59.465828863980832,-34.352314099949155],[-59.46550108053728,-34.352583108812674],[-59.465173294999701,-34.352852116767096],[-59.464845507368075,-34.353121123812357],[-59.46451771764233,-34.353390129948465],[-59.464189925822488,-34.353659135175363],[-59.463862131908513,-34.353928139493057],[-59.46386041005146,-34.354198571379399],[-59.463532612973253,-34.354467574761408],[-59.463204813800814,-34.354736577234142],[-59.462877012534136,-34.355005578797574],[-59.462549209173154,-34.35527457945166],[-59.462221403717891,-34.355543579196393],[-59.461893596168281,-34.355812578031731],[-59.461565786524297,-34.356081575957653],[-59.461237974785924,-34.356350572974151],[-59.460910160953155,-34.356619569081175],[-59.460584077584791,-34.356618132657104],[-59.460257994239527,-34.356616695364494],[-59.459931910917348,-34.35661525720338]]}},
{"type":"Feature","properties":{"length_m":653.96969619669994,"Name":"Red de drenaje ≥ 0.5 km²"},"geometry":{"type":"LineString","coordinates":[[-59.465754871511287,-34.312559037332214],[-59.465430672480288,-34.312287181606564],[-59.46543238660405,-34.312016747796555],[-59.465108190684987,-34.311744891222737],[-59.464783996855772,-34.311473033798492],[-59.464459805116348,-34.311201175523877],[-59.464135615466674,-34.310929316398877],[-59.463811427906748,-34.310657456423534],[-59.463487242436535,-34.310385595597879],[-59.463163059055987,-34.310113733921924],[-59.462838877765108,-34.309841871395705],[-59.46251469856383,-34.30957000801925],[-59.462190521452165,-34.309298143792589],[-59.461866346430078,-34.309026278715734],[-59.461542173497499,-34.308754412788737],[-59.461218002654448,-34.308482546011582],[-59.460892105470649,-34.308481112161324]]}},
{"type":"Feature","properties":{"length_m":1349.1168824543142,"Name":"Red de drenaje ≥ 0.5 km²"},"geometry":{"type":"LineString","coordinates":[[-59.46314955419728,-34.414503149453417],[-59.462824975301345,-34.414231287723695],[-59.46250039850581,-34.413959425140362],[-59.462175823810647,-34.413687561703476],[-59.461849519051945,-34.413686126576515],[-59.461524947530364,-34.413414261430141],[-59.461198643868009,-34.413412824576923],[-59.460874075520032,-34.413140957721176],[-59.460547772954065,-34.413139519141701],[-59.460221470411227,-34.413138079691883],[-59.459896906310085,-34.41286621027097],[-59.459570604863728,-34.412864769094959],[-59.459244303440528,-34.412863327048591],[-59.458919743586272,-34.412591455062618],[-59.458593443259616,-34.412590011290135],[-59.458267142956174,-34.412588566647287],[-59.457940842675967,-34.412587121134116],[-59.457614542419016,-34.412585674750616],[-59.457288242185328,-34.412584227496801],[-59.456960194128492,-34.412853208354591],[-59.456633892891247,-34.412851759345529],[-59.456307591677344,-34.412850309466116],[-59.45598129048674,-34.412848858716366],[-59.455654989319477,-34.412847407096272],[-59.455328688175548,-34.412845954605849],[-59.455002387055004,-34.412844501245104],[-59.454676085957828,-34.412843047013993],[-59.454351541131437,-34.41257116304751],[-59.454025241131177,-34.412569707090377],[-59.453698941154329,-34.41256825026295],[-59.453372641200936,-34.412566792565165],[-59.453044580823132,-34.412835762803432],[-59.452718279866495,-34.412834303350316],[-59.452391978933377,-34.41283284302687],[-59.452065678023729,-34.41283138183308],[-59.451739377137578,-34.412829919768939],[-59.45141307627496,-34.412828456834468],[-59.451086775435854,-34.412826993029682],[-59.450760474620317,-34.412825528354539],[-59.450435942677075,-34.412553634120457],[-59.450111412834048,-34.412281739033467]]}},
{"type":"Feature","properties":{"length_m":686.98484809834997,"Name":"Red de drenaje ≥ 0.5 km²"},"geometry":{"type":"LineString","coordinates":[[-59.462516835331343,-34.462367490168639],[-59.462518568497231,-34.462097063132248],[-59.462193809682567,-34.461825200128359],[-59.461869052973249,-34.461553336269397],[-59.461870788175133,-34.461282909225709],[-59.461546034600616,-34.461011044514052],[-59.461221283131344,-34.46073917894735],[-59.46122302036909,-34.460468751896421],[-59.460898272034463,-34.460196885477131],[-59.460573525805017,-34.45992501820286],[-59.460575265078418,-34.459654591144691],[-59.460577004328641,-34.459384164074464],[-59.460578743555693,-34.459113736992173],[-59.460254002519434,-34.458841868870266],[-59.460255742752636,-34.458571441778354],[-59.460257482962639,-34.458301014674369],[-59.460259223149457,-34.458030587558319],[-59.460260963313068,-34.457760160430219],[-59.460262703453502,-34.457489733290053],[-59.460264443570743,-34.45721930613783],[-59.460266183664821,-34.456948878973535]]}},
{"type":"Feature","properties":{"length_m":1912.2034611053264,"Name":"Red de drenaje ≥ 0.5 km²"},"geometry":{"type":"LineString","coordinates":[[-59.450024937460434,-34.475292766707128],[-59.450026711762803,-34.47502234080487],[-59.450355027678185,-34.474753383816108],[-59.45035680087998,-34.474482957874962],[-59.450358574058122,-34.474212531921751],[-59.450360347212609,-34.473942105956475],[-59.450688657790593,-34.473673147973265],[-59.45069042984457,-34.473402721969094],[-59.450692201874951,-34.473132295952858],[-59.450693973881705,-34.472861869924529],[-59.450695745864849,-34.472591443884163],[-59.451024050028884,-34.472322484879797],[-59.451352352086545,-34.472053524961609],[-59.451680652037801,-34.471784564129607],[-59.452008949882696,-34.47151560238386],[-59.45233724562128,-34.471246639724349],[-59.452665539253566,-34.470977676151115],[-59.452993830779576,-34.470708711664209],[-59.453322120199367,-34.470439746263608],[-59.453650407512932,-34.47017077994937],[-59.453978692720305,-34.469901812721531],[-59.454306975821495,-34.469632844580104],[-59.45463525681658,-34.469363875525097],[-59.454963535705566,-34.46909490555656],[-59.455291812488468,-34.468825934674527],[-59.455620087165315,-34.468556962878999],[-59.455948359736155,-34.468287990170019],[-59.456276630200968,-34.468019016547608],[-59.456604898559839,-34.467750042011787],[-59.456933164812767,-34.467481066562598],[-59.457261428959768,-34.46721209020005],[-59.457589691000898,-34.466943112924191],[-59.457917950936178,-34.466674134735023],[-59.458246208765608,-34.466405155632579],[-59.458574464489253,-34.466136175616903],[-59.458902718107112,-34.465867194688002],[-59.45923096961922,-34.465598212845904],[-59.459559219025621,-34.465329230090646],[-59.459887466326315,-34.46506024642224],[-59.460215711521343,-34.46479126184073],[-59.460543954610756,-34.464522276346152],[-59.46087219559454,-34.46425328993849],[-59.46120043447273,-34.463984302617803],[-59.461528671245382,-34.463715314384103],[-59.461856905912491,-34.463446325237435],[-59.462185138474119,-34.463177335177797],[-59.46251336893026,-34.462908344205232],[-59.462515102142355,-34.462637917192957],[-59.462516835331343,-34.462367490168639]]}},
{"type":"Feature","properties":{"length_m":1188.8225099390856,"Name":"Red de drenaje ≥ 0.5 km²"},"geometry":{"type":"LineString","coordinates":[[-59.460266183664821,-34.456948878973535],[-59.460267923735678,-34.456678451797188],[-59.46026966378335,-34.456408024608784],[-59.460271403807845,-34.456137597408301],[-59.46027314380914,-34.455867170195773],[-59.460274883787264,-34.455596742971174],[-59.459950157206713,-34.455324874023624],[-59.459625432730824,-34.455053004221327],[-59.459300710359543,-34.454781133564296],[-59.458975990092867,-34.454509262052547],[-59.458651271930769,-34.454237389686092],[-59.458326555873214,-34.453965516464997],[-59.458328302002528,-34.453695089243105],[-59.458003589078444,-34.453423215169856],[-59.457678878258811,-34.453151340242002],[-59.457680626422729,-34.452880913013054],[-59.457682374563348,-34.452610485772027],[-59.457684122680682,-34.452340058518942],[-59.457685870774711,-34.452069631253806],[-59.457687618845441,-34.451799203976591],[-59.457689366892886,-34.451528776687326],[-59.45769111491704,-34.451258349386002],[-59.457366413403811,-34.450986473621136],[-59.457041713994791,-34.450714597001785],[-59.457043464053221,-34.450444169693434],[-59.457045214088325,-34.450173742372996],[-59.45672051884096,-34.449901864904241],[-59.456395825697683,-34.449629986581058],[-59.456071134658465,-34.449358107403484],[-59.455746445723278,-34.449086227371552],[-59.455421758892093,-34.448814346485278],[-59.455749953952854,-34.448545372714811],[-59.455751708032572,-34.448274945368368],[-59.455753462088929,-34.448004518009846]]}},
{"type":"Feature","properties":{"length_m":1095.8073580374357,"Name":"Red de drenaje ≥ 0.5 km²"},"geometry":{"type":"LineString","coordinates":[[-59.459103596899283,-34.485339332778089],[-59.458778760261552,-34.485067460987395],[-59.458453925731568,-34.484795588341044],[-59.458129093309289,-34.484523714839064],[-59.457804262994692,-34.48425184048147],[-59.457479434787764,-34.483979965268297],[-59.457154608688455,-34.483708089199553],[-59.456829784696744,-34.483436212275286],[-59.456504962812602,-34.483164334495498],[-59.456180143035994,-34.482892455860245],[-59.455855325366905,-34.482620576369541],[-59.4555305098053,-34.482348696023401],[-59.45520569635115,-34.482076814821873],[-59.454880885004407,-34.481804932764959],[-59.454556075765076,-34.481533049852708],[-59.454231268633116,-34.481261166085126],[-59.453906463608483,-34.480989281462243],[-59.453581660691171,-34.480717395984101],[-59.45325685988113,-34.480445509650714],[-59.452932061178359,-34.480173622462097],[-59.452607264582795,-34.479901734418313],[-59.452609030858454,-34.479631308603281],[-59.45261079711058,-34.479360882776199],[-59.452286004682286,-34.47908899388252],[-59.452287771940874,-34.478818568046016],[-59.452289539175908,-34.478548142197418],[-59.451964750914698,-34.478276252453931],[-59.451639964760496,-34.478004361855355]]}},
{"type":"Feature","properties":{"length_m":1151.543289325507,"Name":"Red de drenaje ≥ 0.5 km²"},"geometry":{"type":"LineString","coordinates":[[-59.459931910917348,-34.35661525720338],[-59.459607563295698,-34.356343386583553],[-59.459283217768473,-34.356071515112163],[-59.458957136610131,-34.356070074374514],[-59.458632794247634,-34.355798201197594],[-59.45830671418279,-34.355796758737476],[-59.457980634141151,-34.355795315408862],[-59.457654554122705,-34.355793871211752],[-59.457328474127458,-34.355792426146145],[-59.457004138140853,-34.355520548701982],[-59.456678059239266,-34.355519101913956],[-59.456351980360921,-34.355517654257461],[-59.456025901505868,-34.355516205732492],[-59.455701570824864,-34.355244324875244],[-59.45537724223815,-34.354972443166702],[-59.455051165547275,-34.354970992065503],[-59.454725088879748,-34.354969540095844],[-59.454400764528209,-34.354697655828318],[-59.454076442270903,-34.354425770709582],[-59.453752122107808,-34.354153884739659],[-59.45342604867507,-34.354152429340125],[-59.453101731676618,-34.353880541665255],[-59.452775659337746,-34.353879084543493],[-59.45245134550396,-34.353607195163768],[-59.452125274259011,-34.353605736319864],[-59.451799203037531,-34.353604276607548],[-59.451473131839499,-34.353602816026822],[-59.451147060664972,-34.35360135457767],[-59.45082275320739,-34.353329460932024],[-59.450496683126907,-34.353327997760779],[-59.450170613069929,-34.353326533721123],[-59.449846309847572,-34.353054637517161],[-59.449520240884716,-34.353053171755448],[-59.449194171945429,-34.353051705125353]]}},
{"type":"Feature","properties":{"length_m":414.85281374238571,"Name":"Red de drenaje ≥ 0.5 km²"},"geometry":{"type":"LineString","coordinates":[[-59.458728034349022,-34.442338580404126],[-59.458401618425199,-34.442337135032716],[-59.458073456320726,-34.442606116503917],[-59.457747039391784,-34.442604669375363],[-59.457420622486104,-34.442603221375514],[-59.457094205603738,-34.442601772504347],[-59.456767788744678,-34.442600322761884],[-59.456441371908966,-34.442598872148118],[-59.456114955096581,-34.442597420663049],[-59.455788538307559,-34.442595968306676],[-59.455462121541892,-34.442594515079008],[-59.455135704799623,-34.44259306098003],[-59.454811044801247,-34.442321178441851],[-59.454484629157442,-34.442319722614911]]}},
{"type":"Feature","properties":{"length_m":1466.9848480983501,"Name":"Red de drenaje ≥ 0.5 km²"},"geometry":{"type":"LineString","coordinates":[[-59.456085341358076,-34.497495433490798],[-59.455758710768592,-34.497493979039625],[-59.455432080202527,-34.497492523715358],[-59.455105449659897,-34.497491067518027],[-59.454778819140707,-34.497489610447609],[-59.454452188644986,-34.497488152504111],[-59.454123795615544,-34.497757118779461],[-59.453795400477063,-34.498026084140314],[-59.453467003229505,-34.498295048586634],[-59.45313860387283,-34.498564012118429],[-59.452811969276453,-34.498562549750723],[-59.45248533470361,-34.498561086509895],[-59.452158700154328,-34.498559622395952],[-59.451832065628629,-34.498558157408901],[-59.451505431126506,-34.498556691548728],[-59.451178796647987,-34.498555224815441],[-59.450852162193087,-34.498553757209045],[-59.450525527761798,-34.498552288729535],[-59.45019889335417,-34.498550819376888],[-59.449872258970196,-34.498549349151162],[-59.449545624609883,-34.498547878052293],[-59.449218990273259,-34.498546406080337],[-59.448892355960325,-34.498544933235245],[-59.44856394109226,-34.498813884310053],[-59.448235524115042,-34.49908283447003],[-59.447907105028619,-34.49935178371517],[-59.44758046764688,-34.499350307333096],[-59.447253830288908,-34.499348830077921],[-59.446927192954725,-34.499347351949567],[-59.446600555644338,-34.499345872948105],[-59.446273918357761,-34.499344393073486],[-59.44594728109503,-34.49934291232573],[-59.44562064385611,-34.499341430704845],[-59.445294006641056,-34.499339948210817],[-59.444967369449877,-34.499338464843653],[-59.444640732282558,-34.49933698060336],[-59.444642525564028,-34.499066556012949],[-59.444644318821624,-34.498796131410458],[-59.444646112055295,-34.49852570679591],[-59.444647905265093,-34.498255282169289],[-59.444649698450995,-34.497984857530575],[-59.44465149161298,-34.497714432879803],[-59.444653284751084,-34.497444008216966],[-59.444655077865313,-34.497173583542043],[-59.444656870955619,-34.496903158855062],[-59.44465866402205,-34.496632734156002],[-59.444660457064586,-34.496362309444869]]}},
{"type":"Feature","properties":{"length_m":2187.3506473629404,"Name":"Red de drenaje ≥ 0.5 km²"},"geometry":{"type":"LineString","coordinates":[[-59.456873274714781,-34.375802878526478],[-59.456548863991209,-34.375531000041327],[-59.456550610722388,-34.375260569425315],[-59.456552357430283,-34.374990138797251],[-59.456227950852863,-34.374718259465148],[-59.456229698562353,-34.374447828827577],[-59.456231446248566,-34.374177398177956],[-59.455905295106092,-34.374175948646055],[-59.455907043817128,-34.373905517998985],[-59.455582643481911,-34.37363363696808],[-59.455258245242881,-34.373361755085277],[-59.45493384910003,-34.373089872350612],[-59.454609455053316,-34.372817988764091],[-59.454285063102702,-34.372546104325764],[-59.454286816914063,-34.372275673679503],[-59.453962428084168,-34.372003788391964],[-59.453638041350317,-34.371731902252684],[-59.453313656712446,-34.371460015261647],[-59.452989274170534,-34.371188127418918],[-59.452991032056872,-34.370917696771045],[-59.452666652635429,-34.370645808079253],[-59.452668411522843,-34.370375377421986],[-59.45234227530986,-34.370373918535826],[-59.452344035221756,-34.370103487881195],[-59.45234579511019,-34.3698330572145],[-59.452021421929359,-34.369561166824759],[-59.451697050844302,-34.369289275583412],[-59.45137268185497,-34.369017383490537],[-59.451048314961376,-34.368745490546139],[-59.451050078923871,-34.368475059878065],[-59.450725715150263,-34.368203166084847],[-59.450401353472266,-34.367931271440163],[-59.450403119459821,-34.367660840765403],[-59.450078760901675,-34.367388945271983],[-59.449754404439055,-34.36711704892717],[-59.449430050071967,-34.366845151730992],[-59.449431819108582,-34.366574721052316],[-59.449433588121607,-34.366304290361576],[-59.449109237898284,-34.366032392319489],[-59.449111007911846,-34.365761961619434],[-59.448786660808004,-34.365490062728782],[-59.448462315799503,-34.365218162986856],[-59.4481379728863,-34.36494626239368],[-59.447813632068396,-34.364674360949294],[-59.44748929334574,-34.364402458653714],[-59.447491068455825,-34.364132027955364],[-59.447492843542243,-34.363861597244984],[-59.447168508962669,-34.36358969410378],[-59.446844176478251,-34.363317790111459],[-59.446519846088947,-34.363045885268043],[-59.446195517794735,-34.362773979573575],[-59.445869411389808,-34.362772503724464],[-59.445543305008634,-34.362771027006623],[-59.445218980951978,-34.362499118753419],[-59.44489465899035,-34.362227209649248],[-59.444570339123729,-34.361955299694102],[-59.444572123448225,-34.361684869021083],[-59.444247806700261,-34.361412958217869],[-59.443923492047212,-34.361141046563759]]}},
{"type":"Feature","properties":{"length_m":798.82250993908565,"Name":"Red de drenaje ≥ 0.5 km²"},"geometry":{"type":"LineString","coordinates":[[-59.451947443378295,-34.380919244339168],[-59.452275381274454,-34.38065027448296],[-59.451950967105539,-34.380378383987178],[-59.452278902857842,-34.380109414077467],[-59.45260683651329,-34.379840443257052],[-59.452934768071898,-34.3795714715259],[-59.452936526684674,-34.379301041251601],[-59.453264455074674,-34.379032068583065],[-59.453266212592197,-34.378761638269999],[-59.453267970086308,-34.378491207944855],[-59.45359589423601,-34.378222234312247],[-59.453923816289063,-34.37795325976905],[-59.454251736245467,-34.377684284315293],[-59.45457965410526,-34.377415307950983],[-59.454907569868475,-34.377146330676162],[-59.455235483535141,-34.376877352490851],[-59.455563395105251,-34.376608373395094],[-59.455891304578898,-34.376339393388889],[-59.456219211956032,-34.376070412472281],[-59.456545370459018,-34.3760718612372],[-59.456873274714781,-34.375802878526478]]}},
{"type":"Feature","properties":{"length_m":2080.6601717798203,"Name":"Red de drenaje ≥ 0.5 km²"},"geometry":{"type":"LineString","coordinates":[[-59.457206282789947,-34.324150411801355],[-59.456882067578775,-34.323878533798542],[-59.45688380986897,-34.323608100881906],[-59.456885552135951,-34.32333766795324],[-59.456561341060414,-34.323065789105094],[-59.456563084326419,-34.322795356166914],[-59.456238876364111,-34.322523476470984],[-59.45624062062911,-34.32225304352329],[-59.455916415779882,-34.321981162979625],[-59.455918161043805,-34.321710730022453],[-59.455593959307599,-34.321438848631082],[-59.455269759662215,-34.321166966389477],[-59.455271506947113,-34.320896533425369],[-59.454947310414575,-34.320624650336157],[-59.454623115972758,-34.320352766396788],[-59.454624865278497,-34.320082333425795],[-59.454300673949383,-34.319810448638869],[-59.453976484710914,-34.319538563001856],[-59.453978236037294,-34.319268130024],[-59.453654049911364,-34.318996243539523],[-59.453655802236327,-34.318725810552223],[-59.453331619222858,-34.318453923220318],[-59.453333372546361,-34.318183490223632],[-59.453009192645247,-34.317911602044333],[-59.453010946967218,-34.317641169038218],[-59.452686770178353,-34.317369280011597],[-59.452688525498736,-34.317098846996068],[-59.452690280795721,-34.316828413968501],[-59.452692036069323,-34.316557980928884],[-59.452367864436141,-34.316286091060249],[-59.452369620708076,-34.316015658011224],[-59.452371376956584,-34.315745224950184],[-59.452373133181695,-34.315474791877094],[-59.452374889383407,-34.315204358791959],[-59.452376645561699,-34.314933925694788],[-59.452378401716594,-34.314663492585552],[-59.452380157848054,-34.314393059464322],[-59.452381913956145,-34.31412262633102],[-59.45238367004081,-34.313852193185681],[-59.452385426102076,-34.313581760028306],[-59.452387182139923,-34.313311326858894],[-59.452714852497095,-34.313042350318256],[-59.452716607443193,-34.312771917110076],[-59.452718362365879,-34.312501483889868],[-59.45272011726518,-34.312231050657616],[-59.453047782327452,-34.311962073128335],[-59.453375445299883,-34.311693094690611],[-59.453703106182537,-34.311424115344465],[-59.45370485785363,-34.311153682020077],[-59.453706609501374,-34.310883248683623],[-59.454034266157826,-34.31061426837573],[-59.454036016714042,-34.310343835000566],[-59.454363670212643,-34.310074853757627],[-59.45436541967738,-34.309804420343752],[-59.454693070018244,-34.309535438165845],[-59.454694818391559,-34.309265004713254],[-59.45502246557475,-34.308996021600429],[-59.455350110668434,-34.308727037579345],[-59.455677753672589,-34.308458052650032],[-59.456003650486117,-34.308459500371718]]}},
{"type":"Feature","properties":{"length_m":1421.543289325507,"Name":"Red de drenaje ≥ 0.5 km²"},"geometry":{"type":"LineString","coordinates":[[-59.455818444513135,-34.488299516242776],[-59.455493607311602,-34.488027635842926],[-59.455495364807398,-34.487757210257911],[-59.455497122279752,-34.48748678466081],[-59.455172289247436,-34.487214903410518],[-59.455174047726928,-34.486944477803931],[-59.454849217833093,-34.486672595700675],[-59.454850977319666,-34.486402170084588],[-59.454852736782783,-34.486131744456451],[-59.454527911057816,-34.485859861502846],[-59.454203087440654,-34.485587977693797],[-59.453878265931273,-34.485316093029311],[-59.453553446529654,-34.485044207509404],[-59.453228629235753,-34.484772321134116],[-59.452902048404049,-34.484770859516004],[-59.452575467595885,-34.484769397025204],[-59.45224888681124,-34.484767933661757],[-59.451922306050157,-34.48476646942563],[-59.451597495173544,-34.484494578763197],[-59.4512726864046,-34.484222687245499],[-59.450947879743318,-34.483950794872577],[-59.450949651641054,-34.483680369312218],[-59.450951423515178,-34.48340994373978],[-59.450953195365727,-34.483139518155276],[-59.450954967192615,-34.482869092558715],[-59.450956738995941,-34.482598666950096],[-59.450958510775621,-34.482328241329384],[-59.451286852684241,-34.482059282403277],[-59.451615192485441,-34.481790322563008],[-59.451616962086923,-34.48151989687662],[-59.451618731664837,-34.481249471178167],[-59.451620501219168,-34.480979045467649],[-59.451622270749901,-34.48070861974503],[-59.451624040257073,-34.480438194010389],[-59.451625809740655,-34.480167768263648],[-59.451627579200661,-34.479897342504877],[-59.451629348637091,-34.479626916733991],[-59.451631118049932,-34.479356490951062],[-59.451632887439203,-34.479086065156054],[-59.451634656804899,-34.47881563934898],[-59.451636426146997,-34.478545213529848],[-59.451638195465534,-34.478274787698645],[-59.451639964760496,-34.478004361855355]]}},
{"type":"Feature","properties":{"length_m":704.55844122715712,"Name":"Red de drenaje ≥ 0.5 km²"},"geometry":{"type":"LineString","coordinates":[[-59.455753462088929,-34.448004518009846],[-59.455755216121908,-34.447734090639273],[-59.455430534433603,-34.447462209765796],[-59.455432289471744,-34.447191782385708],[-59.455434044486488,-34.44692135499357],[-59.455435799477847,-34.446650927589367],[-59.455437554445822,-34.446380500173099],[-59.455112878975292,-34.446108618455639],[-59.455114634948337,-34.445838191029871],[-59.45511639089797,-34.445567763592074],[-59.455118146824212,-34.445297336142183],[-59.455119902727041,-34.445026908680248],[-59.455448083762519,-34.444757935422224],[-59.455449838566793,-34.444487507921544],[-59.455451593347682,-34.444217080408791],[-59.455453348105188,-34.44394665288398],[-59.455455102839288,-34.443676225347112],[-59.455456857550018,-34.443405797798178],[-59.455458612237358,-34.443135370237194],[-59.45513394910737,-34.442863488550536],[-59.454809288080739,-34.442591606009749],[-59.454484629157442,-34.442319722614911]]}},
{"type":"Feature","properties":{"length_m":561.83766184073568,"Name":"Red de drenaje ≥ 0.5 km²"},"geometry":{"type":"LineString","coordinates":[[-59.451165646100506,-34.450688360411746],[-59.451493862060957,-34.45041939834919],[-59.451822075917278,-34.450150435373544],[-59.452150287669497,-34.449881471484836],[-59.452478497317614,-34.449612506683117],[-59.452804941220272,-34.449613968134685],[-59.453131385146449,-34.449615428714722],[-59.453457829096102,-34.449616888423229],[-59.453786033554586,-34.449347920049881],[-59.454112476499169,-34.449349378000662],[-59.454438919467172,-34.44935083507994],[-59.454767119764497,-34.449081864021295],[-59.45509531795782,-34.448812892049816],[-59.455423514047162,-34.448543919165495],[-59.455425269178861,-34.448273491833653],[-59.455753462088929,-34.448004518009846]]}},
{"type":"Feature","properties":{"length_m":961.2489168102785,"Name":"Red de drenaje ≥ 0.5 km²"},"geometry":{"type":"LineString","coordinates":[[-59.454484629157442,-34.442319722614911],[-59.454158213537056,-34.442318265916697],[-59.453833557792123,-34.442046380811185],[-59.453507143270279,-34.442044922385037],[-59.453508904150482,-34.44177449485165],[-59.453184252612068,-34.441502608038135],[-59.45285960317689,-34.441230720370662],[-59.452534955844861,-34.440958831849251],[-59.45221031061601,-34.440686942473953],[-59.451885667490281,-34.440415052244759],[-59.451561026467651,-34.440143161161728],[-59.451236387548086,-34.439871269224874],[-59.451238155601175,-34.439600841697938],[-59.450913519812595,-34.439328948909939],[-59.450915288870036,-34.43905852137361],[-59.450590656212341,-34.438786627734565],[-59.450592426274099,-34.438516200188872],[-59.450267796747184,-34.438244305698781],[-59.449943169323134,-34.437972410354988],[-59.449618544001943,-34.437700514157548],[-59.449620317123532,-34.437430086607911],[-59.44962209022151,-34.437159659046195],[-59.449297469058621,-34.436887762000538],[-59.448972849998462,-34.436615864101306],[-59.448648233040998,-34.436343965348499],[-59.448323618186222,-34.436072065742117]]}},
{"type":"Feature","properties":{"length_m":1356.396103067892,"Name":"Red de drenaje ≥ 0.5 km²"},"geometry":{"type":"LineString","coordinates":[[-59.454802121606939,-34.34307054516357],[-59.454800371364783,-34.34334097712555],[-59.4547986210993,-34.343611409075478],[-59.45479687081049,-34.343881841013371],[-59.454795120498339,-34.344152272939219],[-59.454793370162861,-34.344422704853024],[-59.45479161980407,-34.344693136754778],[-59.454789869421944,-34.344963568644474],[-59.454462080060019,-34.34523254821076],[-59.454460328584588,-34.34550298006176],[-59.454458577085809,-34.345773411900694],[-59.454130783490626,-34.346042390504145],[-59.454129030898486,-34.346312822304384],[-59.454127278282975,-34.346583254092529],[-59.453799480454322,-34.346852231733102],[-59.453797726745378,-34.347122663482537],[-59.45346992575319,-34.347391640186835],[-59.453468170950757,-34.347662071897517],[-59.45346641612494,-34.347932503596155],[-59.453138610898954,-34.348201479337469],[-59.453136854979562,-34.348471910997354],[-59.453135099036778,-34.348742342645174],[-59.452807289576789,-34.34901131742339],[-59.45280553254036,-34.349281749032464],[-59.45247771991648,-34.34955072287427],[-59.452475961786348,-34.34982115444457],[-59.452474203632789,-34.350091586002819],[-59.45247244545579,-34.35036201754901],[-59.452470687255364,-34.350632449083157],[-59.452468929031504,-34.350902880605261],[-59.452141108962238,-34.351171853403677],[-59.451813286799123,-34.3514408252923],[-59.451485462542109,-34.351709796271123],[-59.451157636191148,-34.351978766340103],[-59.450829807746238,-34.352247735499226],[-59.450501977207374,-34.352516703748456],[-59.450174144574483,-34.35278567108778],[-59.449848076635107,-34.352784206209243],[-59.449522008719285,-34.352782740462288],[-59.449194171945429,-34.353051705125353]]}},
{"type":"Feature","properties":{"length_m":3060.7315985291812,"Name":"Red de drenaje ≥ 0.5 km²"},"geometry":{"type":"LineString","coordinates":[[-59.45420437127116,-34.33468424401876],[-59.453880125803394,-34.334412358238787],[-59.453881878414094,-34.334141925923262],[-59.453557636061177,-34.333870039295356],[-59.453233395800339,-34.333598151816922],[-59.453235150433009,-34.333327719494591],[-59.453236905042296,-34.333057287160202],[-59.452912668918742,-34.332785398836549],[-59.452588434887161,-34.332513509662448],[-59.452590191518226,-34.332243077321287],[-59.452591948125864,-34.331972644968083],[-59.45226771823129,-34.331700754948855],[-59.451943490428583,-34.331428864079257],[-59.451945249057808,-34.331158431719309],[-59.451621024369402,-34.330886540002012],[-59.451296801772749,-34.330614647434423],[-59.450972581267862,-34.330342754016542],[-59.450648362854686,-34.33007085974841],[-59.45032414653322,-34.329798964630022],[-59.449999932303385,-34.329527068661463],[-59.449675720165203,-34.329255171842703],[-59.449351510118625,-34.328983274173808],[-59.449027302163607,-34.32871137565477],[-59.448703096300164,-34.328439476285624],[-59.44837889252824,-34.328167576066413],[-59.448054690847805,-34.327895674997144],[-59.448056461721052,-34.327625242657632],[-59.44773226315418,-34.327353340741112],[-59.447408066678712,-34.327081437974613],[-59.447083872294634,-34.326809534358127],[-59.447085646210461,-34.326539102014905],[-59.446761454939747,-34.326267197551282],[-59.446437265760302,-34.325995292237771],[-59.446439041696472,-34.325724859888076],[-59.446114855630256,-34.325452953727492],[-59.445790671655239,-34.325181046717056],[-59.445466489771405,-34.324909138856817],[-59.445468268749579,-34.324638706503528],[-59.445144089978747,-34.32436679779633],[-59.445145869955056,-34.324096365433839],[-59.445147649907639,-34.323825933059297],[-59.444823475271477,-34.323554023508038],[-59.444499302726349,-34.323282113107055],[-59.444175132272186,-34.323010201856384],[-59.44417691526629,-34.322739769478346],[-59.443852747924765,-34.3224678573809],[-59.443528582674141,-34.322195944433837],[-59.443204419514402,-34.321924030637156],[-59.442880258445491,-34.321652115990929],[-59.442882045502365,-34.321381683612351],[-59.442557887545831,-34.321109768119484],[-59.442233731680069,-34.320837851777092],[-59.441909577905015,-34.320565934585218],[-59.441585426220676,-34.320294016543905],[-59.441261276627003,-34.320022097653151],[-59.441263068767547,-34.319751665277117],[-59.440938922285923,-34.319479745539908],[-59.440940715423977,-34.319209313154765],[-59.440616572054324,-34.318937392571158],[-59.440618366189838,-34.318666960176927],[-59.440294225932021,-34.318395038746914],[-59.440296021064945,-34.318124606343616],[-59.439971883918908,-34.317852684067283],[-59.439973680049178,-34.317582251654912],[-59.439649546014792,-34.317310328532287],[-59.439325414070787,-34.317038404560428],[-59.439001284217099,-34.316766479739371],[-59.438677156453714,-34.316494554069138],[-59.438353030780597,-34.316222627549756],[-59.438354831992825,-34.315952195140312],[-59.438030709431054,-34.315680267774816],[-59.437706588959472,-34.315408339560243],[-59.437382470578072,-34.315136410496592],[-59.437058354286783,-34.314864480583914],[-59.436734240085627,-34.314592549822223],[-59.436410127974511,-34.314320618211546],[-59.436086017953457,-34.314048685751899],[-59.435761910022428,-34.313776752443324],[-59.435437804181383,-34.31350481828585]]}},
{"type":"Feature","properties":{"length_m":362.13203435596427,"Name":"Red de drenaje ≥ 0.5 km²"},"geometry":{"type":"LineString","coordinates":[[-59.451639964760496,-34.478004361855355],[-59.45131518071328,-34.477732470401754],[-59.450990398773051,-34.477460578093115],[-59.450665618939759,-34.47718868492948],[-59.450340841213354,-34.476916790910877],[-59.450016065593879,-34.476644896037328],[-59.450017840014475,-34.476374470195417],[-59.450019614411424,-34.476104044341433],[-59.450021388784741,-34.475833618475392],[-59.450023163134411,-34.475563192597306],[-59.450024937460434,-34.475292766707128]]}},
{"type":"Feature","properties":{"length_m":729.41125496954282,"Name":"Red de drenaje ≥ 0.5 km²"},"geometry":{"type":"LineString","coordinates":[[-59.452157353970769,-34.398769070207905],[-59.451831107671985,-34.398767608908791],[-59.451503096898008,-34.399036576087489],[-59.451176849596841,-34.399035113033918],[-59.450848835698181,-34.399304078416591],[-59.450520819700657,-34.399573042887852],[-59.450192801604253,-34.399842006447663],[-59.449864781408976,-34.400110969095998],[-59.449536759114771,-34.400379930832798],[-59.449208734721623,-34.400648891658072],[-59.449206962711827,-34.400919320818105],[-59.449205190678406,-34.401189749966079],[-59.449203418621373,-34.401460179102003],[-59.449201646540715,-34.401730608225861],[-59.449199874436445,-34.402001037337669],[-59.449198102308557,-34.40227146643744],[-59.449196330157051,-34.402541895525133],[-59.449194557981933,-34.402812324600767],[-59.449192785783197,-34.403082753664357],[-59.449191013560842,-34.403353182715897],[-59.449189241314855,-34.403623611755357],[-59.448861203017572,-34.403892571373774]]}},
{"type":"Feature","properties":{"length_m":506.98484809834997,"Name":"Red de drenaje ≥ 0.5 km²"},"geometry":{"type":"LineString","coordinates":[[-59.451614026979051,-34.432030330026876],[-59.45128765152257,-34.432028866046828],[-59.451285884129099,-34.43229929391147],[-59.450957739176907,-34.432568256883584],[-59.450629592122439,-34.432837218943156],[-59.450303213583261,-34.432835752305976],[-59.449976835067694,-34.432834284797792],[-59.449648683855784,-34.433103244173324],[-59.449324078107402,-34.432831347168516],[-59.448997699662698,-34.432829877047396],[-59.448669545368205,-34.433098833765612],[-59.448343165919681,-34.433097361887718],[-59.448015008495368,-34.433366316807451],[-59.447686848968708,-34.433635270814491],[-59.447360467488878,-34.433633796293947]]}},
{"type":"Feature","properties":{"length_m":2153.0865786510126,"Name":"Red de drenaje ≥ 0.5 km²"},"geometry":{"type":"LineString","coordinates":[[-59.436074529159278,-34.461707498662875],[-59.436401019223602,-34.46170900437194],[-59.436727509312171,-34.461710509209091],[-59.437053999424926,-34.461712013174314],[-59.437380489561853,-34.46171351626765],[-59.437706979722996,-34.461715018489059],[-59.438033469908255,-34.461716519838554],[-59.438359960117701,-34.461718020316141],[-59.438686450351248,-34.461719519921822],[-59.439012940608947,-34.461721018655581],[-59.439341238748511,-34.461452090504068],[-59.439667728001737,-34.461453587478957],[-59.43999602300751,-34.46118465752641],[-59.440322511256269,-34.461186152742428],[-59.440650803128243,-34.460917220988904],[-59.440979092894992,-34.460648288321366],[-59.441307380556566,-34.460379354739857],[-59.441635666112987,-34.460110420244398],[-59.441963949564276,-34.45984148483501],[-59.442292230910468,-34.459572548511709],[-59.442620510151592,-34.459303611274549],[-59.442948787287669,-34.459034673123547],[-59.443275267331856,-34.459036160372818],[-59.443601747399953,-34.459037646750254],[-59.443928227491959,-34.459039132255874],[-59.444254707607868,-34.459040616889666],[-59.444581187747637,-34.459042100651637],[-59.44490945763566,-34.458773157152983],[-59.445237725418657,-34.458504212740642],[-59.445565991096728,-34.458235267414608],[-59.445894254669852,-34.457966321174929],[-59.44622251613805,-34.457697374021613],[-59.446224301533448,-34.457426947512943],[-59.446226086905035,-34.457156520992214],[-59.446227872252841,-34.456886094459421],[-59.446229657576851,-34.456615667914569],[-59.446231442877064,-34.456345241357646],[-59.44623322815351,-34.456074814788622],[-59.446235013406145,-34.455804388207575],[-59.446236798634985,-34.455533961614442],[-59.446238583840049,-34.455263535009252],[-59.446240369021311,-34.45499310839201],[-59.44624215417879,-34.454722681762696],[-59.446243939312488,-34.454452255121289],[-59.44624572442239,-34.454181828467838],[-59.446247509508488,-34.453911401802316],[-59.446249294570819,-34.453640975124735],[-59.44657753779245,-34.45337202665381],[-59.446903995999349,-34.453373504000879],[-59.447232236088084,-34.453104553730014],[-59.447560474072439,-34.452835602545747],[-59.447886930246142,-34.452837077248212],[-59.448213386443562,-34.45283855107904],[-59.448541620266596,-34.452569597208502],[-59.448869851985258,-34.452300642424646],[-59.449198081599597,-34.452031686727516],[-59.449526309109636,-34.451762730117146],[-59.449854534515403,-34.451493772593516],[-59.450182757816918,-34.451224814156703],[-59.450510979014247,-34.450955854806708],[-59.450839198107353,-34.450686894543573],[-59.451165646100506,-34.450688360411746]]}},
{"type":"Feature","properties":{"length_m":1156.690475583121,"Name":"Red de drenaje ≥ 0.5 km²"},"geometry":{"type":"LineString","coordinates":[[-59.449473067590368,-34.459875532178891],[-59.449474842650623,-34.459605105618429],[-59.449803099259682,-34.459336148873355],[-59.44980487322011,-34.459065722273991],[-59.44980664715689,-34.458795295662554],[-59.449481942655112,-34.458523399255967],[-59.449483717597097,-34.458252972635179],[-59.449811968825422,-34.457984015755869],[-59.449813742667651,-34.457713589096187],[-59.449815516486254,-34.457443162424426],[-59.449817290281189,-34.457172735740606],[-59.449819064052534,-34.456902309044715],[-59.449820837800203,-34.456631882336779],[-59.44982261152424,-34.456361455616758],[-59.44949791628153,-34.456089559234613],[-59.449499691010665,-34.455819132505262],[-59.449501465716132,-34.455548705763825],[-59.449503240397952,-34.455278279010351],[-59.449505015056118,-34.455007852244783],[-59.449506789690645,-34.454737425467165],[-59.449508564301524,-34.454466998677482],[-59.44951033888875,-34.454196571875727],[-59.449185652951286,-34.453924674658474],[-59.449187428543453,-34.453654247847382],[-59.449189204111974,-34.453383821024232],[-59.449190979656827,-34.453113394189018],[-59.449192755177997,-34.452842967341738],[-59.449194530675534,-34.4525725404824],[-59.449196306149389,-34.45230211361099],[-59.449524534735239,-34.452033157027465],[-59.449852761216775,-34.451764199530693],[-59.450180985594052,-34.45149524112071],[-59.450509207867064,-34.451226281797545],[-59.450837428035889,-34.450957321561212],[-59.451165646100506,-34.450688360411746]]}},
{"type":"Feature","properties":{"length_m":60.0,"Name":"Red de drenaje ≥ 0.5 km²"},"geometry":{"type":"LineString","coordinates":[[-59.45136892616604,-34.419589171237149],[-59.451370692452834,-34.419318742805743],[-59.451372458716094,-34.419048314362264]]}},
{"type":"Feature","properties":{"length_m":874.26406871192853,"Name":"Red de drenaje ≥ 0.5 km²"},"geometry":{"type":"LineString","coordinates":[[-59.451372458716094,-34.419048314362264],[-59.451374224955813,-34.418777885906742],[-59.451375991171986,-34.418507457439141],[-59.451377757364639,-34.418237028959489],[-59.451053202739821,-34.417965136383081],[-59.450728650215801,-34.417693242953547],[-59.450404099792507,-34.417421348670999],[-59.45007955146994,-34.417149453535394],[-59.450081321746239,-34.416879025054428],[-59.450083091998955,-34.416608596561439],[-59.449758547830506,-34.416336700578256],[-59.449760319086344,-34.416066272075895],[-59.449435778045185,-34.41579437524247],[-59.449437550304054,-34.415523946730765],[-59.449439322539313,-34.415253518207038],[-59.449441094750959,-34.414983089671225],[-59.449116558890196,-34.41471119199305],[-59.44911833210481,-34.414440763447914],[-59.449120105295783,-34.414170334890706],[-59.449121878463139,-34.413899906321461],[-59.449123651606847,-34.413629477740145],[-59.449451727524817,-34.413360518203149],[-59.449453499571156,-34.41309008958293],[-59.449455271593848,-34.412819660950674],[-59.449783343264045,-34.412550700448037],[-59.450111412834048,-34.412281739033467]]}},
{"type":"Feature","properties":{"length_m":779.11688245431424,"Name":"Red de drenaje ≥ 0.5 km²"},"geometry":{"type":"LineString","coordinates":[[-59.446068883093645,-34.480954008624643],[-59.446070670536329,-34.480683583153777],[-59.446072457955189,-34.48041315767086],[-59.44640080777156,-34.480144211867035],[-59.446729155480739,-34.479875265148891],[-59.447057501082696,-34.479606317516428],[-59.447385844577539,-34.479337368969688],[-59.447714185965211,-34.4790684195087],[-59.447715967973473,-34.478797993879056],[-59.448044306176776,-34.478529043476939],[-59.448372642273036,-34.478260092160632],[-59.44870097626228,-34.477991139930154],[-59.449029308144539,-34.477722186785549],[-59.449031085820145,-34.477451761036292],[-59.44903286347207,-34.477181335274949],[-59.449361191093075,-34.476912381162492],[-59.449362967644198,-34.476641955362233],[-59.449364744171625,-34.476371529549901],[-59.449693067531584,-34.47610257446965],[-59.449694842958287,-34.475832148618395],[-59.44969661836133,-34.475561722755067],[-59.450024937460434,-34.475292766707128]]}},
{"type":"Feature","properties":{"length_m":464.55844122715712,"Name":"Red de drenaje ≥ 0.5 km²"},"geometry":{"type":"LineString","coordinates":[[-59.450111412834048,-34.412281739033467],[-59.449786885091207,-34.412009843093635],[-59.449788655969385,-34.411739414398369],[-59.449790426823967,-34.411468985691037],[-59.449465903234163,-34.41119708890384],[-59.449141381744425,-34.410925191263843],[-59.448815088420936,-34.410923721470247],[-59.448490570104902,-34.410651822122034],[-59.44816427787871,-34.410650350602715],[-59.447839762736372,-34.410378449546336],[-59.447513471607529,-34.410376976301315],[-59.447187180502397,-34.410375502186049],[-59.446860889420954,-34.410374027200511],[-59.446536379599671,-34.410102122725256]]}},
{"type":"Feature","properties":{"length_m":390.0,"Name":"Red de drenaje ≥ 0.5 km²"},"geometry":{"type":"LineString","coordinates":[[-59.448884254324462,-34.400376993269226],[-59.448882481288784,-34.40064742242653],[-59.448880708229481,-34.400917851571769],[-59.448878935146567,-34.40118828070495],[-59.448877162040006,-34.401458709826088],[-59.448875388909812,-34.401729138935167],[-59.448873615755986,-34.401999568032181],[-59.448871842578555,-34.402269997117166],[-59.448870069377463,-34.402540426190065],[-59.448868296152739,-34.402810855250905],[-59.44886652290441,-34.403081284299716],[-59.448864749632428,-34.403351713336448],[-59.448862976336812,-34.403622142361144],[-59.448861203017572,-34.403892571373774]]}},
{"type":"Feature","properties":{"length_m":812.13203435596427,"Name":"Red de drenaje ≥ 0.5 km²"},"geometry":{"type":"LineString","coordinates":[[-59.448861203017572,-34.403892571373774],[-59.448859429674677,-34.404163000374339],[-59.448857656308171,-34.404433429362854],[-59.448855882918032,-34.404703858339317],[-59.448854109504246,-34.404974287303723],[-59.448852336066828,-34.405244716256078],[-59.44885056260577,-34.405515145196361],[-59.448848789121094,-34.405785574124572],[-59.44884701561277,-34.40605600304076],[-59.448845242080814,-34.406326431944898],[-59.448843468525219,-34.406596860836949],[-59.448515417394852,-34.406865819275104],[-59.448513642742164,-34.407136248128268],[-59.448511868065829,-34.407406676969345],[-59.448510093365847,-34.407677105798399],[-59.448508318642212,-34.40794753461536],[-59.448506543894915,-34.408217963420292],[-59.448504769123979,-34.408488392213165],[-59.448502994329374,-34.408758820993967],[-59.448174933584724,-34.409027778332266],[-59.448173157692899,-34.409298207074144],[-59.447845093774781,-34.409567163473653],[-59.447517027756774,-34.409836118961245],[-59.447188959638844,-34.410105073536869],[-59.446862669607405,-34.410103598566181],[-59.446536379599671,-34.410102122725256]]}},
{"type":"Feature","properties":{"length_m":709.70562748477141,"Name":"Red de drenaje ≥ 0.5 km²"},"geometry":{"type":"LineString","coordinates":[[-59.449194171945429,-34.353051705125353],[-59.44886810302971,-34.353050237626839],[-59.448542034137581,-34.353048769259921],[-59.448215965269064,-34.353047300024613],[-59.447891669493849,-34.352775398701709],[-59.447565601719596,-34.352773927744408],[-59.447239533968975,-34.352772455918739],[-59.446913466242037,-34.352770983224673],[-59.446587398538774,-34.35276950966221],[-59.446261330859187,-34.352768035231364],[-59.445935263203303,-34.352766559932128],[-59.44560919557113,-34.35276508376451],[-59.445284909384789,-34.352493175616004],[-59.444958842847107,-34.352491697726492],[-59.444632776333172,-34.352490218968597],[-59.444306709842998,-34.35248873934232],[-59.443980643376626,-34.352487258847688],[-59.443656363567356,-34.352215346434626],[-59.443330298195583,-34.35221386421815],[-59.443004232847635,-34.352212381133299],[-59.442678167523511,-34.352210897180086],[-59.442350311402002,-34.35247984334876],[-59.442024245078628,-34.352478357643847]]}},
{"type":"Feature","properties":{"length_m":332.13203435596427,"Name":"Red de drenaje ≥ 0.5 km²"},"geometry":{"type":"LineString","coordinates":[[-59.448323618186222,-34.436072065742117],[-59.447999005434056,-34.435800165282238],[-59.447674394784535,-34.43552826396887],[-59.448002561835793,-34.435259310150037],[-59.448004340001106,-34.434988882565861],[-59.448006118142715,-34.434718454969612],[-59.447681511603477,-34.434446553667314],[-59.44768329074892,-34.434176126061757],[-59.447358687339651,-34.433904223908783],[-59.447360467488878,-34.433633796293947]]}},
{"type":"Feature","properties":{"length_m":816.3961030678928,"Name":"Red de drenaje ≥ 0.5 km²"},"geometry":{"type":"LineString","coordinates":[[-59.443390098282229,-34.441728851945285],[-59.443718303423502,-34.441459910264925],[-59.443720095804636,-34.441189483151639],[-59.444048297767239,-34.440920540531081],[-59.444050089049043,-34.440650113378709],[-59.444378287833104,-34.440381169817989],[-59.444706484514072,-34.440112225344151],[-59.445034679091975,-34.439843279957195],[-59.445036467123764,-34.439572852711834],[-59.445038255131735,-34.439302425454414],[-59.445366445455981,-34.439033479100466],[-59.445368232364821,-34.43876305180401],[-59.44569641951086,-34.43849410451007],[-59.446024604554012,-34.43822515630314],[-59.446352787494305,-34.437956207183234],[-59.446680968331748,-34.43768725715038],[-59.447009147066389,-34.437418306204613],[-59.447337323698264,-34.437149354345955],[-59.447665498227373,-34.436880401574442],[-59.447993670653752,-34.436611447890066],[-59.448321840977442,-34.436342493292877],[-59.448323618186222,-34.436072065742117]]}},
{"type":"Feature","properties":{"length_m":369.41125496954282,"Name":"Red de drenaje ≥ 0.5 km²"},"geometry":{"type":"LineString","coordinates":[[-59.447360467488878,-34.433633796293947],[-59.447035867209493,-34.433361893290368],[-59.446711269032463,-34.433089989433419],[-59.446386672957765,-34.432818084723131],[-59.446060294726429,-34.432816606763183],[-59.445735701828951,-34.432544700343485],[-59.445411111033749,-34.432272793070524],[-59.445086522340802,-34.432000884944323],[-59.444761935750066,-34.431728975964901],[-59.444437351261506,-34.431457066132296]]}},
{"type":"Feature","properties":{"length_m":102.42640687119285,"Name":"Red de drenaje ≥ 0.5 km²"},"geometry":{"type":"LineString","coordinates":[[-59.445090977093592,-34.480679138755804],[-59.445417541550654,-34.480680621094322],[-59.445742317535242,-34.480952528016303],[-59.446068883093645,-34.480954008624643]]}},
{"type":"Feature","properties":{"length_m":524.55844122715712,"Name":"Red de drenaje ≥ 0.5 km²"},"geometry":{"type":"LineString","coordinates":[[-59.441809122713558,-34.483098094436556],[-59.442137496692879,-34.482829160440247],[-59.442465868564732,-34.482560225529291],[-59.442794238329114,-34.482291289703731],[-59.443122605986076,-34.482022352963575],[-59.443450971535626,-34.48175341530883],[-59.443777540087908,-34.48175490206981],[-59.444104108664085,-34.481756387958221],[-59.444430677264172,-34.481757872974072],[-59.444757245888134,-34.48175935711734],[-59.445083814535998,-34.481760840388048],[-59.445410383207715,-34.48176232278621],[-59.445736951903264,-34.48176380431179],[-59.446065308136809,-34.481494859530166],[-59.446067095627143,-34.481224434083437],[-59.446068883093645,-34.480954008624643]]}},
{"type":"Feature","properties":{"length_m":1322.1320343559637,"Name":"Red de drenaje ≥ 0.5 km²"},"geometry":{"type":"LineString","coordinates":[[-59.446536379599671,-34.410102122725256],[-59.446210089615697,-34.410100646014072],[-59.445883799655462,-34.410099168432652],[-59.445557509718981,-34.410097689980994],[-59.445231219806317,-34.410096210659084],[-59.444904929917413,-34.410094730466938],[-59.444578640052335,-34.41009324940454],[-59.444252350211066,-34.410091767471897],[-59.443926060393636,-34.41009028466901],[-59.443599770600066,-34.410088800995908],[-59.443273480830364,-34.41008731645254],[-59.442947191084521,-34.41008583103892],[-59.442620901362602,-34.410084344755063],[-59.442294611664565,-34.410082857600976],[-59.441968321990451,-34.410081369576645],[-59.441642032340269,-34.410079880682062],[-59.441315742714032,-34.410078390917249],[-59.440989453111776,-34.410076900282192],[-59.440663163533479,-34.410075408776876],[-59.440336873979184,-34.410073916401338],[-59.440010584448885,-34.410072423155547],[-59.439684294942609,-34.410070929039527],[-59.439358005460363,-34.410069434053263],[-59.439031716002162,-34.410067938196761],[-59.438705426568028,-34.410066441470022],[-59.438380944619766,-34.409794515615694],[-59.438054656283754,-34.409793017163565],[-59.437728367971836,-34.409791517841185],[-59.437402079684041,-34.409790017648582],[-59.437075791420362,-34.409788516585756],[-59.436749503180849,-34.4097870146527],[-59.43642321496548,-34.409785511849407],[-59.436096926774297,-34.409784008175876],[-59.435770638607273,-34.409782503632137],[-59.435444350464472,-34.409780998218153],[-59.435118062345886,-34.409779491933961],[-59.434791774251501,-34.40977798477951],[-59.43446366612006,-34.410046904830637],[-59.434135555888687,-34.410315823969093],[-59.433809265767181,-34.410314314173597],[-59.433481152410145,-34.410583231513925],[-59.433153036953129,-34.410852147941533],[-59.432826744804522,-34.410850635504829]]}},
{"type":"Feature","properties":{"length_m":337.27922061357856,"Name":"Red de drenaje ≥ 0.5 km²"},"geometry":{"type":"LineString","coordinates":[[-59.44172082803366,-34.496348913472367],[-59.442047453385648,-34.496350405405913],[-59.442374078761645,-34.496351896466422],[-59.442700704161624,-34.496353386653887],[-59.442702503506894,-34.496082962020381],[-59.443030926143287,-34.495814026659289],[-59.443357549482357,-34.495815515070753],[-59.443682376687335,-34.496087427299663],[-59.44400900112872,-34.496088913980032],[-59.444335625594007,-34.496090399787363],[-59.444660457064586,-34.496362309444869]]}},
{"type":"Feature","properties":{"length_m":444.85281374238571,"Name":"Red de drenaje ≥ 0.5 km²"},"geometry":{"type":"LineString","coordinates":[[-59.444685557151359,-34.492576362221421],[-59.444357152606287,-34.492845302346382],[-59.444355358820076,-34.493115727199537],[-59.444353565009948,-34.493386152040593],[-59.444351771175931,-34.49365657686959],[-59.444349977318005,-34.493927001686529],[-59.444348183436169,-34.494197426491382],[-59.44434638953043,-34.494467851284178],[-59.444344595600789,-34.494738276064886],[-59.444342801647252,-34.49500870083353],[-59.444341007669799,-34.495279125590095],[-59.444339213668442,-34.495549550334587],[-59.444664043077957,-34.495821459986381],[-59.444662250083205,-34.496091884721665],[-59.444660457064586,-34.496362309444869]]}},
{"type":"Feature","properties":{"length_m":604.26406871192853,"Name":"Red de drenaje ≥ 0.5 km²"},"geometry":{"type":"LineString","coordinates":[[-59.445313408909485,-34.348166276177473],[-59.445311627867234,-34.348436707482733],[-59.445309846801251,-34.348707138775964],[-59.445308065711522,-34.348977570057144],[-59.445306284598061,-34.349248001326266],[-59.444978448439315,-34.349516954857563],[-59.444650610186869,-34.349785907478768],[-59.444648826908455,-34.350056338681959],[-59.44432098549165,-34.350325290366087],[-59.443993141981075,-34.350594241140016],[-59.443665296376686,-34.350863191003754],[-59.443337448678491,-34.351132139957286],[-59.443009598886434,-34.351401088000536],[-59.443007810230668,-34.35167151905685],[-59.442679957273931,-34.351940466162823],[-59.442352102223261,-34.352209412358512],[-59.442024245078628,-34.352478357643847]]}},
{"type":"Feature","properties":{"length_m":30.0,"Name":"Red de drenaje ≥ 0.5 km²"},"geometry":{"type":"LineString","coordinates":[[-59.444435561842248,-34.431727493709722],[-59.444437351261506,-34.431457066132296]]}},
{"type":"Feature","properties":{"length_m":2804.9242404917472,"Name":"Red de drenaje ≥ 0.5 km²"},"geometry":{"type":"LineString","coordinates":[[-59.444437351261506,-34.431457066132296],[-59.444112768875115,-34.431185155446535],[-59.443788188590872,-34.430913243907639],[-59.44346361040872,-34.430641331515623],[-59.443139034328631,-34.43036941827053],[-59.442814460350597,-34.43009750417238],[-59.442489888474576,-34.429825589221196],[-59.442165318700553,-34.429553673417026],[-59.442167115285855,-34.429283245847756],[-59.442168911847233,-34.429012818266401],[-59.442170708384651,-34.428742390673008],[-59.442172504898124,-34.428471963067558],[-59.442174301387674,-34.428201535450029],[-59.442176097853256,-34.427931107820434],[-59.441851536343087,-34.427659191180808],[-59.441853333811672,-34.427388763542091],[-59.441528775430179,-34.427116846052478],[-59.441530573901701,-34.426846418404608],[-59.441532372349258,-34.426575990744702],[-59.441534170772847,-34.426305563072717],[-59.441209617573598,-34.426033644739071],[-59.441211417000055,-34.425763217057956],[-59.441213216402517,-34.42549278936481],[-59.441215015781019,-34.42522236165955],[-59.440890467763708,-34.424950442481922],[-59.440892268144964,-34.424680014767588],[-59.440567723255867,-34.42440809474013],[-59.440569524639848,-34.424137667016687],[-59.440244982878852,-34.423865746139484],[-59.440246785265501,-34.423595318406925],[-59.439922246632513,-34.423323396680011],[-59.439924050021766,-34.423052968938357],[-59.439599514516701,-34.42278104636177],[-59.439601318908501,-34.422510618611035],[-59.439603123276278,-34.42224019084825],[-59.439278591925564,-34.421968267425008],[-59.438952256255185,-34.421966770905982],[-59.438627728080284,-34.421694845774617],[-59.43830320200653,-34.421422919790707],[-59.438305010480306,-34.42115249203993],[-59.438306818929995,-34.420882064277095],[-59.438308627355575,-34.420611636502187],[-59.437984106462181,-34.420339709674842],[-59.43798591589006,-34.420069281890889],[-59.437987725293823,-34.419798854094878],[-59.438315860816893,-34.419529925281957],[-59.438317669121979,-34.419259497446738],[-59.437993153360416,-34.418987570634499],[-59.43766863969973,-34.418715642969843],[-59.437344128139856,-34.418443714452827],[-59.437345939499721,-34.418173286614646],[-59.437021431066896,-34.417901357248311],[-59.436696924734818,-34.417629427029624],[-59.43637242050346,-34.417357495958662],[-59.436047918372786,-34.417085564035432],[-59.435723418342761,-34.416813631259942],[-59.435398920413377,-34.416541697632233],[-59.435074424584592,-34.41626976315235],[-59.434748111287391,-34.416268255633817],[-59.434423618633716,-34.415996319446506],[-59.434425439228733,-34.415725891636065],[-59.434099128080575,-34.415724382407049],[-59.434100949701588,-34.415453954599741],[-59.434102771298328,-34.415183526780382],[-59.434104592870789,-34.414913098948951],[-59.43410641441897,-34.414642671105447],[-59.434108235942887,-34.4143722432499],[-59.434110057442517,-34.414101815382288],[-59.43378557514545,-34.413829877509542],[-59.433787397646689,-34.413559449632992],[-59.433789220123643,-34.413289021744369],[-59.43379104257631,-34.413018593843702],[-59.433466565457088,-34.412746655128387],[-59.433142090438054,-34.412474715561089],[-59.433143914918006,-34.412204287654653],[-59.433145739373671,-34.411933859736152],[-59.433147563805001,-34.411663431805593],[-59.43314938821203,-34.411393003862962],[-59.433151212594737,-34.411122575908287],[-59.432826744804522,-34.410850635504829]]}},
{"type":"Feature","properties":{"length_m":2621.9090885900964,"Name":"Red de drenaje ≥ 0.5 km²"},"geometry":{"type":"LineString","coordinates":[[-59.444372131208901,-34.391973029482763],[-59.444047699723455,-34.391701118359343],[-59.443723270336051,-34.391429206384061],[-59.443397052981183,-34.391427722871413],[-59.443072626764661,-34.391155809189598],[-59.442746410506516,-34.39115432395262],[-59.442420194272259,-34.391152837846022],[-59.442093978061884,-34.391151350869791],[-59.441767761875447,-34.391149863023927],[-59.441441545712919,-34.391148374308443],[-59.44111532957433,-34.391146884723341],[-59.440789113459715,-34.391145394268584],[-59.440462897369038,-34.391143902944222],[-59.440136681302363,-34.391142410750213],[-59.439810465259697,-34.391140917686599],[-59.439484249241012,-34.39113942375333],[-59.439158033246386,-34.391137928950464],[-59.438831817275762,-34.391136433277957],[-59.438505601329211,-34.391134936735817],[-59.43817938540672,-34.391133439324051],[-59.437853169508315,-34.391131941042666],[-59.437525144686553,-34.391400870935797],[-59.437197117766772,-34.39166979991704],[-59.436869088748956,-34.391938727986378],[-59.436541057633079,-34.392207655143764],[-59.436539245442042,-34.392478084094364],[-59.43621121115487,-34.392747010312604],[-59.435883174769558,-34.393015935618855],[-59.435881360407862,-34.393286364503005],[-59.435553320851106,-34.393555288870019],[-59.435225279196118,-34.393824212324958],[-59.434897235442868,-34.394093134867845],[-59.434569189591357,-34.394362056498572],[-59.434242961369911,-34.394360548469159],[-59.433914912395174,-34.394629468302846],[-59.433586861322105,-34.394898387224366],[-59.433258808150676,-34.395167305233663],[-59.432932576878827,-34.395165793679666],[-59.432604520584114,-34.395434709891767],[-59.432278288311693,-34.395433196583035],[-59.43195022889369,-34.395702110997824],[-59.431623995620747,-34.395700595934315],[-59.43129593307944,-34.395969508551758],[-59.430967868439652,-34.396238420256836],[-59.430641633141391,-34.396236902553468],[-59.43031356537827,-34.396505812461065],[-59.42998549551664,-34.396774721456218],[-59.429657423556463,-34.397043629538913],[-59.429331185208092,-34.397042108310465],[-59.429003110124512,-34.397311014595537],[-59.428675032942309,-34.397579919968067],[-59.428348792568784,-34.39757839609949],[-59.428020712263134,-34.397847299674304],[-59.427692629858861,-34.398116202336489],[-59.427364545355871,-34.398385104086039],[-59.427036458754181,-34.398654004922939],[-59.426708370053753,-34.398922904847161],[-59.426380279254552,-34.399191803858656],[-59.426378433903785,-34.399462232022607],[-59.426050339931777,-34.399731130093912],[-59.425722243860925,-34.40000002725246],[-59.425394145691193,-34.400268923498174],[-59.425066045422568,-34.40053781883109],[-59.424737943055007,-34.40080671325115],[-59.424409838588481,-34.401075606758312],[-59.424081732022977,-34.401344499352589],[-59.423753623358465,-34.401613391033941],[-59.423425512594896,-34.401882281802315],[-59.423097399732264,-34.402151171657714],[-59.422771141936984,-34.402149632738734],[-59.42244302595045,-34.402418520795649]]}},
{"type":"Feature","properties":{"length_m":978.82250993908565,"Name":"Red de drenaje ≥ 0.5 km²"},"geometry":{"type":"LineString","coordinates":[[-59.443923492047212,-34.361141046563759],[-59.443925278395255,-34.360870615884416],[-59.443927064719453,-34.360600185193022],[-59.443602754208506,-34.360328272693785],[-59.443276657420988,-34.360326790029383],[-59.442952350076069,-34.360054875825618],[-59.442626254383605,-34.360053391438903],[-59.442301950204715,-34.35978147553071],[-59.441977648120556,-34.359509558771776],[-59.441653348131126,-34.359237641162132],[-59.441655141643864,-34.358967210503074],[-59.441330844772523,-34.358695292045681],[-59.441006549995819,-34.358423372737633],[-59.440680460730825,-34.358421883229191],[-59.440356169119966,-34.358149962216949],[-59.440031879603666,-34.357878040354144],[-59.439705792505102,-34.357876548270042],[-59.439381506154618,-34.357604624703171],[-59.439057221898651,-34.357332700285781],[-59.438732939737157,-34.357060775017885],[-59.438406855876387,-34.357059279504782],[-59.438082576880603,-34.356787352532997],[-59.437756494115149,-34.356785855297922],[-59.437432218285082,-34.356513926622291],[-59.437107944549425,-34.356241997096291],[-59.436781863950621,-34.356240497285896],[-59.436457593380609,-34.35596856605617]]}},
{"type":"Feature","properties":{"length_m":1970.9545442950484,"Name":"Red de drenaje ≥ 0.5 km²"},"geometry":{"type":"LineString","coordinates":[[-59.437624601004089,-34.376527255603747],[-59.437626408626059,-34.376256825896512],[-59.437628216223928,-34.375986396177225],[-59.437630023797709,-34.375715966445881],[-59.437957986403887,-34.375447034978315],[-59.43795979288133,-34.37517660520777],[-59.438287752318914,-34.374907672801726],[-59.438289557700067,-34.374637242991987],[-59.438291363057125,-34.374366813170205],[-59.438293168390139,-34.374096383336365],[-59.438621122514903,-34.373827449937643],[-59.438622926751705,-34.373557020064638],[-59.438950877708159,-34.373288085727559],[-59.438952680848821,-34.373017655815367],[-59.438954483965432,-34.372747225891132],[-59.439282430681622,-34.372478290588631],[-59.43928423270215,-34.372207860625238],[-59.439612176250257,-34.37193892438448],[-59.43961397717478,-34.371668494381929],[-59.439615778075293,-34.371398064367341],[-59.439943717383457,-34.371129127161268],[-59.439945517188015,-34.370858697107536],[-59.439947316968585,-34.37058826704174],[-59.439949116725167,-34.370317836963878],[-59.440277050721697,-34.370048898765489],[-59.44027884938243,-34.369778468648526],[-59.440280648019169,-34.369508038519506],[-59.440282446631933,-34.369237608378413],[-59.440610375317156,-34.368968669187787],[-59.44061217283415,-34.368698239007571],[-59.440613970327199,-34.368427808815333],[-59.440615767796274,-34.368157378611023],[-59.440617565241396,-34.367886948394656],[-59.440619362662567,-34.367616518166237],[-59.440621160059763,-34.367346087925789],[-59.44062295743305,-34.367075657673261],[-59.440624754782348,-34.366805227408683],[-59.44062655210768,-34.366534797132076],[-59.440628349409089,-34.366264366843403],[-59.440630146686537,-34.365993936542658],[-59.440631943940026,-34.365723506229884],[-59.440633741169556,-34.365453075905052],[-59.440635538375133,-34.365182645568169],[-59.440963449961018,-34.364913705087758],[-59.440965246071059,-34.364643274711746],[-59.441293154490118,-34.364374333293462],[-59.441621060813951,-34.364105390964355],[-59.44129674449534,-34.363833472451219],[-59.441298539462061,-34.363563042012025],[-59.441626442571398,-34.363294099601816],[-59.441954343585635,-34.36302515628087],[-59.442282242504795,-34.362756212049206],[-59.442610139328913,-34.362487266906847],[-59.442938034057995,-34.362218320853842],[-59.443265926692085,-34.361949373890184],[-59.443593817231196,-34.361680426015923],[-59.443595604674314,-34.361409995375581],[-59.443923492047212,-34.361141046563759]]}},
{"type":"Feature","properties":{"length_m":724.26406871192853,"Name":"Red de drenaje ≥ 0.5 km²"},"geometry":{"type":"LineString","coordinates":[[-59.442024245078628,-34.352478357643847],[-59.44169638583999,-34.352747302018834],[-59.4413703185174,-34.352745814562169],[-59.44104425121872,-34.352744326237136],[-59.441042456161654,-34.35301475714337],[-59.441040661080677,-34.353285188037567],[-59.441038865975756,-34.353555618919714],[-59.440712795559911,-34.353554129681278],[-59.44038492794504,-34.353823070414535],[-59.440057058236057,-34.354092010237288],[-59.43972918643292,-34.354360949149502],[-59.439401312535608,-34.354629887151184],[-59.439073436544071,-34.354898824242298],[-59.438745558458308,-34.355167760422781],[-59.438417678278263,-34.355436695692646],[-59.43808979600395,-34.355705630051858],[-59.43776191163532,-34.355974563500389],[-59.437435832035497,-34.355973065442065],[-59.437109752459776,-34.355971566515237],[-59.436783672908142,-34.355970066719948],[-59.436457593380609,-34.35596856605617]]}},
{"type":"Feature","properties":{"length_m":1433.086578651014,"Name":"Red de drenaje ≥ 0.5 km²"},"geometry":{"type":"LineString","coordinates":[[-59.437219989437665,-34.339475278283174],[-59.436892166250146,-34.339744210710208],[-59.436890358738637,-34.340014641999154],[-59.436562532387995,-34.340283573488797],[-59.436234703944635,-34.340552504068178],[-59.43590687340852,-34.340821433737283],[-59.435579040779629,-34.341090362496075],[-59.435251206057927,-34.341359290344521],[-59.434923369243386,-34.341628217282619],[-59.434595530335997,-34.34189714331032],[-59.434267689335719,-34.342166068427616],[-59.433939846242509,-34.342434992634445],[-59.43393802907179,-34.342705423666622],[-59.433610182814931,-34.342974346935755],[-59.433282334465076,-34.343243269294391],[-59.433280515128637,-34.343513700260019],[-59.432952663614984,-34.34378262168088],[-59.432624810008249,-34.344051542191153],[-59.432296954308399,-34.344320461790858],[-59.431969096515424,-34.344589380479931],[-59.431641236629289,-34.344858298258359],[-59.43131337464996,-34.345127215126119],[-59.430985510577415,-34.345396131083177],[-59.430657644411632,-34.345665046129525],[-59.430329776152561,-34.345933960265121],[-59.430001905800218,-34.346202873489929],[-59.429675864471101,-34.346201355138639],[-59.429349823166405,-34.346199835919194],[-59.429023781886109,-34.346198315831558],[-59.42869774063027,-34.346196794875759],[-59.428371699398859,-34.346195273051798],[-59.42804565819192,-34.34619375035966],[-59.42771777961287,-34.346462657372712],[-59.427389898940476,-34.34673156347484],[-59.427063855713655,-34.346730038147463],[-59.426737812511334,-34.346728511951937],[-59.426409927701215,-34.346997415375974],[-59.426082040797695,-34.347266317888987]]}},
{"type":"Feature","properties":{"length_m":222.42640687119285,"Name":"Red de drenaje ≥ 0.5 km²"},"geometry":{"type":"LineString","coordinates":[[-59.436457593380609,-34.35596856605617],[-59.436131513877207,-34.355967064523895],[-59.435805434397942,-34.355965562123139],[-59.435481168064896,-34.355693628336397],[-59.435155089681118,-34.355692124213839],[-59.434829011321504,-34.355690619222777],[-59.434502932986092,-34.355689113363226],[-59.434176854674895,-34.3556876066352]]}},
{"type":"Feature","properties":{"length_m":42.426406871192853,"Name":"Red de drenaje ≥ 0.5 km²"},"geometry":{"type":"LineString","coordinates":[[-59.434525941830138,-34.449260358370161],[-59.434201323899764,-34.448988421802113]]}},
{"type":"Feature","properties":{"length_m":743.96969619669994,"Name":"Red de drenaje ≥ 0.5 km²"},"geometry":{"type":"LineString","coordinates":[[-59.435437804181383,-34.31350481828585],[-59.435113700430307,-34.313232883279483],[-59.434789598769164,-34.312960947424273],[-59.434791411187739,-34.312690515036493],[-59.43446731263726,-34.312418578335553],[-59.434143216176651,-34.312146640785841],[-59.433819121805861,-34.311874702387342],[-59.433820937262468,-34.31160426999687],[-59.433496846002129,-34.311332330752784],[-59.433172756831539,-34.311060390659982],[-59.433174574305248,-34.310789958263769],[-59.432850488244966,-34.31051801732545],[-59.432852306715048,-34.31024758492034],[-59.432528223764997,-34.309975643136546],[-59.432204142904531,-34.309703700504116],[-59.431880064133615,-34.309431757023141],[-59.431555987452278,-34.309159812693579],[-59.431231912860426,-34.308887867515502],[-59.431233736408743,-34.308617435114265],[-59.430909664926787,-34.308345489090897]]}},
{"type":"Feature","properties":{"length_m":619.70562748477141,"Name":"Red de drenaje ≥ 0.5 km²"},"geometry":{"type":"LineString","coordinates":[[-59.434751532398415,-34.318640024785324],[-59.434753345324367,-34.318369592650498],[-59.434755158226146,-34.318099160503621],[-59.434756971103759,-34.317828728344715],[-59.435084714782334,-34.317559799895641],[-59.43508652656643,-34.317289367697498],[-59.435414267085299,-34.317020438311665],[-59.435416077775947,-34.316750006074258],[-59.435743815135204,-34.316481075751675],[-59.435745624732476,-34.31621064347506],[-59.435747434305611,-34.315940211186387],[-59.43574924385463,-34.315669778885649],[-59.435751053379526,-34.315399346572889],[-59.4357528628803,-34.315128914248078],[-59.435754672356964,-34.314858481911223],[-59.435756481809499,-34.31458804956231],[-59.435758291237924,-34.314317617201347],[-59.435760100642234,-34.314047184828375],[-59.435435993780324,-34.313775250667781],[-59.435437804181383,-34.31350481828585]]}},
{"type":"Feature","properties":{"length_m":2882.497833620555,"Name":"Red de drenaje ≥ 0.5 km²"},"geometry":{"type":"LineString","coordinates":[[-59.434201323899764,-34.448988421802113],[-59.433876708073356,-34.448716484380888],[-59.433552094350866,-34.448444546106536],[-59.433227482732292,-34.448172606979043],[-59.432902873217593,-34.447900666998457],[-59.432904700885487,-34.447630240672538],[-59.432906528529053,-34.447359814334568],[-59.432908356148246,-34.447089387984512],[-59.432910183743083,-34.44681896162237],[-59.432912011313555,-34.446548535248205],[-59.43291383885969,-34.446278108861939],[-59.432915666381462,-34.446007682463616],[-59.432917493878882,-34.445737256053214],[-59.432919321351953,-34.445466829630753],[-59.432594723188537,-34.445194888825618],[-59.432270127128668,-34.444922947167498],[-59.43194553317236,-34.444651004656421],[-59.431619109736893,-34.444649487702193],[-59.431294518960236,-34.444377543482126],[-59.430969930287063,-34.444105598409202],[-59.43064534371733,-34.443833652483434],[-59.430320759251032,-34.443561705704845],[-59.429996176888103,-34.443289758073462],[-59.429671596628566,-34.443017809589314],[-59.429673434374749,-34.44274738319892],[-59.429348857245692,-34.442475433865269],[-59.429350695994529,-34.442205007466058],[-59.429352534718845,-34.441934581054774],[-59.429027961747295,-34.441662630874951],[-59.42870339087893,-34.441390679842492],[-59.428378822113736,-34.441118727957381],[-59.428052412619124,-34.441117201617878],[-59.427727847033175,-34.440845248024274],[-59.427403283550362,-34.440573293578133],[-59.42707872217062,-34.44030133827944],[-59.426754162893921,-34.440029382128245],[-59.426429605720244,-34.439757425124562],[-59.426105050649554,-34.439485467268433],[-59.425778647636299,-34.439483934922741],[-59.42545224464768,-34.439482401705853],[-59.425125841683737,-34.439480867617789],[-59.424799438744465,-34.439479332658543],[-59.424473035829912,-34.439477796828093],[-59.424146632940065,-34.439476260126476],[-59.423822086429325,-34.439204296283485],[-59.423823942758986,-34.4389338700012],[-59.423825799063913,-34.438663443706872],[-59.423827655344091,-34.438393017400458],[-59.423829511599529,-34.438122591081985],[-59.42383136783026,-34.43785216475144],[-59.423833224036223,-34.437581738408838],[-59.423835080217451,-34.437311312054156],[-59.423836936373945,-34.437040885687409],[-59.423838792505713,-34.436770459308597],[-59.423840648612739,-34.436500032917706],[-59.424168894943406,-34.436231143901956],[-59.42417074994966,-34.435960717471453],[-59.424172604931186,-34.435690291028877],[-59.423848072793511,-34.435418327233471],[-59.423523542758353,-34.435146362585861],[-59.42319901482572,-34.434874397086119],[-59.422874488995575,-34.434602430734245],[-59.422549965267883,-34.434330463530266],[-59.422225443642596,-34.434058495474197],[-59.422227304758252,-34.433788069040098],[-59.42222916584911,-34.433517642593912],[-59.422231026915149,-34.433247216135669],[-59.421906510471366,-34.43297524723792],[-59.421908372538951,-34.43270482077105],[-59.421910234581709,-34.432434394292123],[-59.421585722292797,-34.432162424549283],[-59.421587585337043,-34.431891998061758],[-59.421589448356436,-34.431621571562147],[-59.421591311351008,-34.431351145050463],[-59.421593174320755,-34.431080718526701],[-59.421595037265668,-34.430810291990888],[-59.421596900185769,-34.430539865443002],[-59.421598763081036,-34.430269438883045],[-59.421600625951491,-34.429999012311022],[-59.421602488797085,-34.429728585726934],[-59.421604351617887,-34.42945815913076],[-59.421279851693065,-34.429186188570654],[-59.421281715515143,-34.428915761965882]]}},
{"type":"Feature","properties":{"length_m":3033.746750430832,"Name":"Red de drenaje ≥ 0.5 km²"},"geometry":{"type":"LineString","coordinates":[[-59.429825254990426,-34.468439359927466],[-59.429500579142811,-34.468167411141401],[-59.429175905401138,-34.46789546150179],[-59.428851233765393,-34.467623511008682],[-59.4288530758474,-34.467353085747312],[-59.428528407345887,-34.467081134403983],[-59.428203740950238,-34.4668091822072],[-59.427879076660375,-34.466537229156998],[-59.427552568280959,-34.466535700501588],[-59.427227907174355,-34.466263745741301],[-59.426901399897034,-34.466262215357169],[-59.426576741973669,-34.465990258886862],[-59.426252086156019,-34.465718301563257],[-59.425927432444048,-34.465446343386361],[-59.425602780837735,-34.465174384356189],[-59.425278131337059,-34.464902424472811],[-59.424953483941977,-34.464630463736199],[-59.424628838652474,-34.464358502146432],[-59.424304195468508,-34.464086539703494],[-59.423979554390044,-34.463814576407437],[-59.423654915417075,-34.463542612258294],[-59.423330278549564,-34.463270647256046],[-59.423005643787477,-34.462998681400776],[-59.422681011130805,-34.462726714692465],[-59.42235638057948,-34.462454747131162],[-59.422358243248468,-34.46218432194901],[-59.422684734388262,-34.462185864309212],[-59.42301122555287,-34.462187405797508],[-59.423337716742267,-34.462188946413846],[-59.423664207956435,-34.462190486158278],[-59.423990699195379,-34.462192025030809],[-59.424319046787346,-34.461923137744236],[-59.424647392274011,-34.461654249542761],[-59.424975735655423,-34.461385360426398],[-59.42530407693161,-34.461116470395154],[-59.425632416102566,-34.460847579449108],[-59.425634268096836,-34.46057715403979],[-59.425636120066414,-34.460306728618399],[-59.425637972011316,-34.460036303184943],[-59.425966305845407,-34.459767411241593],[-59.425968156688413,-34.459496985768574],[-59.42597000750677,-34.459226560283476],[-59.425971858300443,-34.458956134786312],[-59.425973709069474,-34.458685709277084],[-59.425975559813836,-34.458415283755777],[-59.42597741053352,-34.458144858222397],[-59.425979261228555,-34.457874432676945],[-59.425981111898942,-34.457604007119421],[-59.425982962544644,-34.457333581549811],[-59.426311284579583,-34.457064688444341],[-59.426639604509745,-34.456795794424217],[-59.42696792233513,-34.456526899489475],[-59.427296238055789,-34.456258003640123],[-59.427624551671741,-34.45598910687621],[-59.427952863183009,-34.455720209197757],[-59.428281172589635,-34.455451310604793],[-59.428283015671951,-34.455180884830931],[-59.428284858729675,-34.454910459044989],[-59.428611321897094,-34.454911985296064],[-59.428613163877998,-34.454641559482695],[-59.428941466921763,-34.454372659005955],[-59.429269767861001,-34.454103757614803],[-59.429598066695782,-34.45383485530926],[-59.429599905421846,-34.453564429401617],[-59.429601744123381,-34.453294003481886],[-59.429930038700299,-34.453025100207206],[-59.430258331172837,-34.452756196018221],[-59.430260167696531,-34.452485770031664],[-59.43058845698809,-34.452216864901004],[-59.430916744175356,-34.451947958856088],[-59.431245029258356,-34.451679051896946],[-59.43157331223712,-34.451410144023598],[-59.431901593111682,-34.451141235236051],[-59.432229871882058,-34.450872325534363],[-59.432558148548281,-34.450603414918568],[-59.432886423110368,-34.450334503388646],[-59.43321469556836,-34.450065590944682],[-59.4335429659223,-34.44979667758664],[-59.433544791656672,-34.449526251314751],[-59.433873058830216,-34.449257337015432],[-59.434201323899764,-34.448988421802113]]}},
{"type":"Feature","properties":{"length_m":694.26406871192853,"Name":"Red de drenaje ≥ 0.5 km²"},"geometry":{"type":"LineString","coordinates":[[-59.433716049330826,-34.472513954630543],[-59.433717876056875,-34.472243529357307],[-59.434046232663412,-34.471974616462305],[-59.434048058287601,-34.471704191149712],[-59.434049883887468,-34.471433765825061],[-59.434051709462992,-34.471163340488346],[-59.434053535014193,-34.470892915139551],[-59.43372883590191,-34.470620977464428],[-59.433404138895831,-34.470349038935474],[-59.433079443995922,-34.470077099552682],[-59.432752921535986,-34.470075584652299],[-59.432428229819671,-34.469803643558784],[-59.432103540209475,-34.469531701611501],[-59.431778852705378,-34.469259758810523],[-59.431452333502222,-34.469258240467227],[-59.431125814323501,-34.469256721251782],[-59.430799295169209,-34.469255201164167],[-59.430474613003604,-34.468983254938877],[-59.430149932944012,-34.468711307859969],[-59.429825254990426,-34.468439359927466]]}},
{"type":"Feature","properties":{"length_m":1240.6601717798212,"Name":"Red de drenaje ≥ 0.5 km²"},"geometry":{"type":"LineString","coordinates":[[-59.434176854674895,-34.3556876066352],[-59.433852594721543,-34.355415668585017],[-59.433528336862494,-34.355143729684677],[-59.433204081097699,-34.354871789934229],[-59.432879827427115,-34.354599849333695],[-59.432555575850756,-34.354327907883082],[-59.43223132636853,-34.354055965582447],[-59.431907078980451,-34.353784022431782],[-59.431908903426752,-34.353513591985006],[-59.431584659155511,-34.353241647987559],[-59.431260416978326,-34.352969703140154],[-59.430936176895166,-34.352697757442826],[-59.43061193890599,-34.352425810895596],[-59.430287703010784,-34.352153863498515],[-59.429963469209532,-34.35188191525156],[-59.429639237502172,-34.351609966154804],[-59.429315007888711,-34.351338016208253],[-59.429316840491545,-34.351067585775191],[-59.428992613994417,-34.350795634982155],[-59.428668389591088,-34.35052368333934],[-59.428344167281523,-34.350251730846843],[-59.4280199470657,-34.349979777504664],[-59.427695728943583,-34.349707823312826],[-59.427371512915158,-34.349435868271378],[-59.427047298980391,-34.349163912380313],[-59.426723087139244,-34.348891955639672],[-59.426398877391684,-34.348619998049472],[-59.426074669737723,-34.348348039609768],[-59.426076512539552,-34.348077609197652],[-59.426078355316832,-34.347807178773479],[-59.426080198069542,-34.347536748337248],[-59.426082040797695,-34.347266317888987]]}},
{"type":"Feature","properties":{"length_m":342.42640687119285,"Name":"Red de drenaje ≥ 0.5 km²"},"geometry":{"type":"LineString","coordinates":[[-59.433830773118174,-34.358660833233898],[-59.433832591718442,-34.358390402912782],[-59.433834410294445,-34.358119972579615],[-59.433836228846225,-34.357849542234412],[-59.433838047373754,-34.357579111877115],[-59.433839865877061,-34.357308681507789],[-59.43416776787906,-34.35703975879882],[-59.434169585286668,-34.356769328390207],[-59.434171402670053,-34.356498897969523],[-59.434173220029223,-34.356228467536816],[-59.434175037364163,-34.355958037092023],[-59.434176854674895,-34.3556876066352]]}},
{"type":"Feature","properties":{"length_m":798.82250993908565,"Name":"Red de drenaje ≥ 0.5 km²"},"geometry":{"type":"LineString","coordinates":[[-59.432826744804522,-34.410850635504829],[-59.43250227911431,-34.410578694249523],[-59.432177815524064,-34.410306752142368],[-59.431851525548467,-34.410305237125399],[-59.431525235597228,-34.410303721238172],[-59.431200776255636,-34.410031776569234],[-59.430876319013983,-34.409759831048547],[-59.430550031235839,-34.409758312581161],[-59.430225577168422,-34.4094863653538],[-59.429901125200892,-34.409214417274754],[-59.429576675333173,-34.408942468344037],[-59.429252227565279,-34.408670518561685],[-59.428927781897158,-34.408398567927733],[-59.428603338328799,-34.408126616442189],[-59.428278896860142,-34.407854664105109],[-59.427954457491182,-34.407582710916479],[-59.427630020221876,-34.407310756876356],[-59.427305585052231,-34.407038801984754],[-59.426979308042277,-34.407037274098684],[-59.426654876046584,-34.406765317500884],[-59.426330446150473,-34.406493360051662]]}},
{"type":"Feature","properties":{"length_m":999.41125496954282,"Name":"Red de drenaje ≥ 0.5 km²"},"geometry":{"type":"LineString","coordinates":[[-59.425209537531558,-34.474908148858226],[-59.425536078384617,-34.474909684096609],[-59.425862619262375,-34.474911218462623],[-59.426189160164817,-34.474912751956325],[-59.426515701091922,-34.474914284577693],[-59.426842242043683,-34.474915816326714],[-59.4271687830201,-34.474917347203402],[-59.427170631031579,-34.474646922344846],[-59.427172479018409,-34.474376497474225],[-59.427174326980641,-34.474106072591525],[-59.427176174918237,-34.473835647696745],[-59.427178022831207,-34.473565222789908],[-59.427179870719563,-34.473294797870977],[-59.427181718583284,-34.473024372939996],[-59.427183566422386,-34.472753947996921],[-59.42718541423686,-34.472483523041781],[-59.42718726202672,-34.472213098074562],[-59.427189109791946,-34.471942673095278],[-59.427190957532552,-34.471672248103921],[-59.42751933255758,-34.471403352904836],[-59.427847705476317,-34.471134456790708],[-59.428176076288807,-34.470865559761549],[-59.428177920771624,-34.470595134675769],[-59.428179765229849,-34.470324709577916],[-59.428508131780809,-34.470055811578888],[-59.428836496225621,-34.469786912664901],[-59.428838338504008,-34.46951648750013],[-59.428840180757852,-34.469246062323279],[-59.429168540941397,-34.46897716243955],[-59.429496899018915,-34.468708261640948],[-59.429825254990426,-34.468439359927466]]}},
{"type":"Feature","properties":{"length_m":1280.9545442950498,"Name":"Red de drenaje ≥ 0.5 km²"},"geometry":{"type":"LineString","coordinates":[[-59.430739875953542,-34.333495650569148],[-59.4304120558756,-34.33376456593443],[-59.43041022797339,-34.334034997184673],[-59.430082404733,-34.334303911612253],[-59.430080575736021,-34.334574342823103],[-59.42975274933309,-34.334843256312929],[-59.429424920837974,-34.335112168892309],[-59.429097090250707,-34.335381080561234],[-59.429095258017881,-34.335651511677987],[-59.428767424267839,-34.335920422409039],[-59.428439588425555,-34.336189332229537],[-59.428437754027144,-34.336459763279514],[-59.428109915021956,-34.336728672162081],[-59.427782073924426,-34.336997580134081],[-59.427454230734497,-34.337266487195457],[-59.427126385452176,-34.337535393346172],[-59.426800377829196,-34.33753386767328],[-59.426472529432743,-34.337802772030074],[-59.426144678943864,-34.338071675476151],[-59.425816826362485,-34.338340578011476],[-59.425488971688594,-34.338609479636041],[-59.425161114922176,-34.338878380349804],[-59.424833256063181,-34.339147280152766],[-59.424505395111616,-34.339416179044882],[-59.424177532067418,-34.339685077026104],[-59.423849666930586,-34.339953974096431],[-59.423521799701085,-34.340222870255836],[-59.423195781885788,-34.340221334881534],[-59.422869764095175,-34.340219798639268],[-59.422543746329254,-34.340218261529024],[-59.422217728588038,-34.34021672355081],[-59.421891710871527,-34.34021518470464],[-59.421565693179765,-34.340213644990484],[-59.421239675512751,-34.340212104408359],[-59.4209136578705,-34.340210562958255]]}},
{"type":"Feature","properties":{"length_m":1591.2489168102775,"Name":"Red de drenaje ≥ 0.5 km²"},"geometry":{"type":"LineString","coordinates":[[-59.42643427148284,-34.486812965044727],[-59.426432420254976,-34.487083389329108],[-59.426430569002413,-34.487353813601388],[-59.426428717725209,-34.487624237861617],[-59.426426866423341,-34.487894662109767],[-59.42642501509679,-34.488165086345809],[-59.426423163745547,-34.488435510569808],[-59.426094717704984,-34.488704401374257],[-59.425766269556313,-34.488973291263008],[-59.425764416022965,-34.489243715419924],[-59.425762562464932,-34.489514139564761],[-59.425760708882187,-34.489784563697526],[-59.425758855274744,-34.490054987818212],[-59.425757001642573,-34.490325411926818],[-59.42575514798574,-34.490595836023353],[-59.425753294304187,-34.490866260107801],[-59.425751440597935,-34.491136684180169],[-59.425422981710611,-34.491405572933118],[-59.42542112690078,-34.491675996965903],[-59.425419272066208,-34.491946420986622],[-59.425090808912707,-34.492215308768699],[-59.425088952974505,-34.492485732749799],[-59.425087097011541,-34.492756156718819],[-59.425085241023872,-34.493026580675796],[-59.425083385011469,-34.493297004620665],[-59.425408142539816,-34.493568964857253],[-59.42540628753224,-34.493839388793418],[-59.425404432499946,-34.494109812717525],[-59.42572919419608,-34.494381772106699],[-59.425727340168663,-34.494652196022074],[-59.426052105003102,-34.494924154560401],[-59.426050251980662,-34.495194578467043],[-59.426048398933517,-34.495465002361627],[-59.426373167936049,-34.495736960052426],[-59.426697939047408,-34.496008916888954],[-59.427022712267586,-34.49628087287121],[-59.427347487596613,-34.496552827999167],[-59.427672265034552,-34.496824782272761],[-59.427997044581389,-34.497096735692018],[-59.427995197688269,-34.497367159594418],[-59.428319980373949,-34.497639112162567],[-59.42864476516862,-34.497911063876273],[-59.428642920310715,-34.498181487773181],[-59.428641075428231,-34.498451911658002],[-59.428965864391863,-34.498723862523789],[-59.428964020514762,-34.498994286399835],[-59.429288812617528,-34.4992662364144]]}},
{"type":"Feature","properties":{"length_m":959.11688245431424,"Name":"Red de drenaje ≥ 0.5 km²"},"geometry":{"type":"LineString","coordinates":[[-59.42942422585795,-34.43138794160177],[-59.429099692932681,-34.431115991549099],[-59.429101531703658,-34.430845564658377],[-59.428777001907001,-34.430573613756657],[-59.428778841679993,-34.430303186857145],[-59.428454315011869,-34.430031235106412],[-59.428129790445723,-34.429759282503419],[-59.42780526798154,-34.4294873290482],[-59.427480747619306,-34.429215374740785],[-59.42715622935895,-34.428943419581181],[-59.426831713200492,-34.428671463569444],[-59.426507199143863,-34.428399506705574],[-59.426180839204982,-34.428397975862694],[-59.4258563283257,-34.428126017291305],[-59.425531819548212,-34.427854057867883],[-59.42520546178504,-34.42785252444336],[-59.424879104046511,-34.427850990148052],[-59.424554599521898,-34.427579028161858],[-59.424228242883636,-34.427577492140372],[-59.423901886270087,-34.427575955248088],[-59.423575529681266,-34.427574417485012],[-59.423249173117185,-34.427572878851116],[-59.422922816577859,-34.427571339346429],[-59.422596460063282,-34.427569798970957],[-59.422270103573517,-34.427568257724673],[-59.421943747108521,-34.42756671560759],[-59.421617390668345,-34.427565172619715],[-59.421291034252981,-34.42756362876105]]}},
{"type":"Feature","properties":{"length_m":3029.4826817189041,"Name":"Red de drenaje ≥ 0.5 km²"},"geometry":{"type":"LineString","coordinates":[[-59.428772404372502,-34.383247200483481],[-59.428774240908282,-34.382976771488366],[-59.428776077419585,-34.382706342481178],[-59.428451732272613,-34.382434390452225],[-59.428453569783493,-34.382163961436255],[-59.428129227757587,-34.381892008559873],[-59.42813106626798,-34.381621579535121],[-59.427806727363091,-34.381349625811339],[-59.427482390555127,-34.381077671236888],[-59.427158055844103,-34.380805715811832],[-59.427159897401808,-34.380535286784941],[-59.426835565811551,-34.380263330512605],[-59.426511236318142,-34.379991373389707],[-59.42618690892153,-34.379719415416254],[-59.425862583621715,-34.379447456592267],[-59.425538260418634,-34.379175496917831],[-59.425213939312293,-34.37890353639294],[-59.424889620302622,-34.378631575017614],[-59.424565303389642,-34.378359612791854],[-59.424240988573281,-34.378087649715738],[-59.424242839320264,-34.377817220706966],[-59.424244690042578,-34.377546791686115],[-59.42392037937006,-34.377274827766435],[-59.423922231091296,-34.377004398736936],[-59.423597923538864,-34.376732433970332],[-59.423599776258975,-34.376462004932186],[-59.423275471826528,-34.376190039318736],[-59.423277325545442,-34.375919610271922],[-59.423279179239671,-34.375649181213063],[-59.42295487895057,-34.375377214756227],[-59.422956733643552,-34.375106785688715],[-59.422632436474203,-34.374834818385075],[-59.422634292165853,-34.374564389308951],[-59.422636147832804,-34.374293960220761],[-59.422638003474979,-34.374023531120521],[-59.422313711472022,-34.373751562977041],[-59.422315568112829,-34.373481133868182],[-59.421991279229331,-34.373209164878041],[-59.421993136868693,-34.37293873576057],[-59.421668851104577,-34.372666765923803],[-59.421670709742436,-34.372396336797713],[-59.421346427097603,-34.372124366114392],[-59.421348286733895,-34.371853936979718],[-59.421350146345411,-34.371583507832973],[-59.421025867842921,-34.371311536306578],[-59.421027728452827,-34.37104110715125],[-59.421029589037929,-34.370770677983863],[-59.420705314677598,-34.37049870561448],[-59.420707176260997,-34.37022827643851],[-59.420709037819606,-34.369957847250497],[-59.420384767601234,-34.369685874038147],[-59.420386630158077,-34.36941544484155],[-59.420388492690094,-34.369145015632917],[-59.420064226613498,-34.368873041577686],[-59.420066090143685,-34.36860261236049],[-59.419741827185696,-34.368330637458946],[-59.419743691713997,-34.368060208233189],[-59.419745556217464,-34.367789778995352],[-59.419421297400902,-34.367517803251047],[-59.41909704067988,-34.367245826656976],[-59.419098907204244,-34.366975397414137],[-59.418774653601538,-34.366703419973874],[-59.418450402094244,-34.366431441683915],[-59.418452270639371,-34.366161012436095],[-59.418128022250251,-34.365889033300007],[-59.418129891793249,-34.365618604043682],[-59.417805646522183,-34.365346624061523],[-59.41780751706299,-34.3650761947967],[-59.417483274909912,-34.364804213968512],[-59.417485146448449,-34.364533784695169],[-59.417487017962038,-34.364263355409776],[-59.417162779949479,-34.363991373739189],[-59.417164652460741,-34.363720944445312],[-59.417166524947071,-34.36345051513937],[-59.416842291074822,-34.363178532626428],[-59.416844164558754,-34.362908103312023],[-59.416519933804103,-34.362636119953187],[-59.416521808285573,-34.362365690630305],[-59.416523682742088,-34.36209526129538],[-59.416199456127408,-34.361823277094295],[-59.416201331581398,-34.361552847750907],[-59.415877108084089,-34.361280862704035],[-59.415878984535503,-34.361010433352206],[-59.415554764155459,-34.360738447459575],[-59.415556641604255,-34.360468018099311]]}},
{"type":"Feature","properties":{"length_m":102.42640687119285,"Name":"Red de drenaje ≥ 0.5 km²"},"geometry":{"type":"LineString","coordinates":[[-59.42676640916816,-34.486003224499768],[-59.426764559068175,-34.486273648835784],[-59.426436122686042,-34.486542540748296],[-59.42643427148284,-34.486812965044727]]}},
{"type":"Feature","properties":{"length_m":844.26406871192853,"Name":"Red de drenaje ≥ 0.5 km²"},"geometry":{"type":"LineString","coordinates":[[-59.418614947290322,-34.484071685200909],[-59.418939648248617,-34.484343662465193],[-59.419264351314524,-34.484615638875994],[-59.419589056488071,-34.484887614433262],[-59.419913763769294,-34.485159589136998],[-59.4202384731582,-34.485431562987159],[-59.420563184654817,-34.485703535983724],[-59.420887898259217,-34.485975508126671],[-59.421214481987654,-34.485977055343049],[-59.421541065740975,-34.48597860168676],[-59.4218676495192,-34.485980147157768],[-59.422192368467677,-34.486252115875601],[-59.422518953349496,-34.48625365961675],[-59.422845538256155,-34.486255202485204],[-59.423172123187648,-34.486256744480933],[-59.423496847480159,-34.486528709773459],[-59.42382343351516,-34.48653025003928],[-59.424150019574917,-34.486531789432398],[-59.424474748132695,-34.486803752156604],[-59.424801335295918,-34.486805289819777],[-59.425127922483881,-34.486806826610213],[-59.425454509696564,-34.486808362527931],[-59.425781096933974,-34.486809897572904],[-59.426107684196054,-34.486811431745195],[-59.42643427148284,-34.486812965044727]]}},
{"type":"Feature","properties":{"length_m":284.55844122715712,"Name":"Red de drenaje ≥ 0.5 km²"},"geometry":{"type":"LineString","coordinates":[[-59.426330446150473,-34.406493360051662],[-59.426006018353924,-34.406221401751061],[-59.426007865369378,-34.405950973904076],[-59.425683440697462,-34.405679014755478],[-59.425359018125015,-34.405407054755543],[-59.425034597652022,-34.405135093904342],[-59.424710179278421,-34.404863132201854],[-59.424385763004196,-34.404591169648135]]}},
{"type":"Feature","properties":{"length_m":2526.3961030678915,"Name":"Red de drenaje ≥ 0.5 km²"},"geometry":{"type":"LineString","coordinates":[[-59.421291034252981,-34.42756362876105],[-59.421292897926044,-34.427293202083888],[-59.421294761574259,-34.427022775394619],[-59.421296625197641,-34.42675234869332],[-59.421298488796204,-34.426481921979949],[-59.421300352369897,-34.426211495254492],[-59.421302215918779,-34.425941068516998],[-59.42130407944282,-34.425670641767411],[-59.421305942942027,-34.425400215005766],[-59.421307806416408,-34.425129788232049],[-59.421309669865941,-34.424859361446259],[-59.421311533290641,-34.424588934648412],[-59.421313396690515,-34.424318507838493],[-59.421315260065548,-34.424048081016508],[-59.421317123415747,-34.423777654182452],[-59.421318986741127,-34.423507227336323],[-59.421320850041681,-34.423236800478136],[-59.42132271331738,-34.422966373607885],[-59.421650914070391,-34.422697490304614],[-59.421652776245828,-34.422427063394693],[-59.421654638396454,-34.4221566364727],[-59.421656500522275,-34.421886209538641],[-59.421658362623269,-34.421615782592525],[-59.421660224699451,-34.421345355634337],[-59.421662086750828,-34.421074928664069],[-59.421663948777379,-34.420804501681744],[-59.42166581077911,-34.420534074687346],[-59.421667672756051,-34.420263647680898],[-59.421669534708137,-34.419993220662349],[-59.421671396635432,-34.419722793631763],[-59.421673258537929,-34.419452366589113],[-59.422001444285776,-34.419183482041007],[-59.422003305088204,-34.418913054958679],[-59.422005165865855,-34.418642627864294],[-59.422007026618687,-34.418372200757858],[-59.422335207040106,-34.418103315213386],[-59.422663385360792,-34.417834428755349],[-59.422665243938539,-34.41756400158166],[-59.422993419083376,-34.417295114182508],[-59.422995276561267,-34.417024686969214],[-59.422997134014416,-34.416754259743861],[-59.423325304908481,-34.416485371376091],[-59.423327161261824,-34.416214944111097],[-59.423329017590419,-34.415944516834045],[-59.423657184233925,-34.415675627497727],[-59.423659039462805,-34.415405200181063],[-59.42398720293086,-34.415136309903779],[-59.423989057060069,-34.414865882547531],[-59.423990911164573,-34.41459545517921],[-59.423992765244385,-34.414325027798832],[-59.424320923387313,-34.414056136525566],[-59.424322776367539,-34.413785709105596],[-59.424324629323074,-34.413515281673568],[-59.424326482253917,-34.413244854229461],[-59.424328335160055,-34.412974426773275],[-59.424330188041509,-34.412703999305059],[-59.424332040898264,-34.412433571824764],[-59.424333893730321,-34.412163144332389],[-59.424335746537707,-34.411892716827964],[-59.424337599320381,-34.411622289311474],[-59.424665745689957,-34.411353396877253],[-59.424667597373229,-34.411082969321178],[-59.424669449031839,-34.410812541753046],[-59.424997591152007,-34.410543648350568],[-59.424999441711279,-34.410273220742866],[-59.425327580656869,-34.410004326399715],[-59.425329430116861,-34.409733898752457],[-59.425331279552211,-34.409463471093133],[-59.425659414248742,-34.409194575781875],[-59.425661262584889,-34.408924148082995],[-59.425663110896423,-34.408653720372044],[-59.425991241344072,-34.408384824092714],[-59.426319369691996,-34.408115926900322],[-59.426321215829908,-34.407845499122374],[-59.426323061943229,-34.407575071332367],[-59.426324908031937,-34.407304643530274],[-59.42632675409606,-34.407034215716131],[-59.42632860013557,-34.406763787889936],[-59.426330446150473,-34.406493360051662]]}},
{"type":"Feature","properties":{"length_m":996.3961030678928,"Name":"Red de drenaje ≥ 0.5 km²"},"geometry":{"type":"LineString","coordinates":[[-59.426082040797695,-34.347266317888987],[-59.425757839325932,-34.346994358613166],[-59.425431795175136,-34.346992828929494],[-59.425433639947563,-34.34672239848792],[-59.425435484695413,-34.346451968034295],[-59.425111288432497,-34.346180007062998],[-59.424787094262889,-34.345908045242318],[-59.42446290218659,-34.34563608257227],[-59.424464749975925,-34.345365652116719],[-59.424140561014859,-34.345093688600763],[-59.423816374146988,-34.344821724235516],[-59.423492189372311,-34.344549759021007],[-59.423494040202854,-34.344279328563594],[-59.423495891008727,-34.344008898094131],[-59.423497741789944,-34.343738467612596],[-59.423173562174014,-34.343466501559085],[-59.422849384651094,-34.343194534656391],[-59.422525209221178,-34.342922566904562],[-59.422527063043169,-34.342652136421243],[-59.422202890728002,-34.34238016782372],[-59.422204745547035,-34.342109737331775],[-59.421880576346503,-34.341837767888613],[-59.421882432162505,-34.341567337388078],[-59.421558266076509,-34.341295367099299],[-59.421234102083325,-34.341023395961486],[-59.421235959917894,-34.340752965455827],[-59.420911799039096,-34.34048099347249],[-59.4209136578705,-34.340210562958255]]}},
{"type":"Feature","properties":{"length_m":332.13203435596427,"Name":"Red de drenaje ≥ 0.5 km²"},"geometry":{"type":"LineString","coordinates":[[-59.424385763004196,-34.404591169648135],[-59.424061348829326,-34.404319206243201],[-59.424063201970405,-34.404048778404373],[-59.4240650550868,-34.403778350553473],[-59.423738790919785,-34.403776814151641],[-59.423414381968442,-34.403504849047756],[-59.423416237134667,-34.40323442120367],[-59.423091831307417,-34.402962455252087],[-59.422767427579366,-34.402690488449402],[-59.42244302595045,-34.402418520795649]]}},
{"type":"Feature","properties":{"length_m":629.11688245431424,"Name":"Red de drenaje ≥ 0.5 km²"},"geometry":{"type":"LineString","coordinates":[[-59.420440717775755,-34.408899526144417],[-59.42076886570036,-34.408630644063336],[-59.42109701152522,-34.408361761068917],[-59.421425155250347,-34.408092877161174],[-59.421753296875764,-34.407823992340127],[-59.422081436401491,-34.407555106605827],[-59.422409573827586,-34.407286219958287],[-59.422737709154042,-34.407017332397515],[-59.423065842380886,-34.406748443923576],[-59.423393973508183,-34.406479554536453],[-59.423722102535933,-34.406210664236191],[-59.42405022946415,-34.405941773022832],[-59.424052082753441,-34.405671345256387],[-59.424053936018005,-34.405400917477877],[-59.424382058697915,-34.405132025296396],[-59.424383910863391,-34.404861597478295],[-59.424385763004196,-34.404591169648135]]}},
{"type":"Feature","properties":{"length_m":1679.1168824543142,"Name":"Red de drenaje ≥ 0.5 km²"},"geometry":{"type":"LineString","coordinates":[[-59.424625413410688,-34.321838156345976],[-59.424627259034025,-34.321567724829862],[-59.424303159953894,-34.321295761611971],[-59.424305006573434,-34.321025330087181],[-59.424306853168332,-34.320754898550334],[-59.424308699738638,-34.320484467001457],[-59.424310546284296,-34.320214035440522],[-59.423986453377822,-34.319942071387672],[-59.423988300919568,-34.319671639818083],[-59.424316085773683,-34.319402740685419],[-59.423991995929214,-34.319130776642737],[-59.423667908175268,-34.318858811751646],[-59.423669756663749,-34.318588380149279],[-59.423671605127616,-34.318317948534897],[-59.42334752150532,-34.31804598280219],[-59.423349370965106,-34.317775551179167],[-59.423351220400235,-34.317505119544087],[-59.423027140909412,-34.317233152969827],[-59.423028991340402,-34.316962721326135],[-59.423030841746737,-34.316692289670364],[-59.422706766387186,-34.316420322254622],[-59.422708617789311,-34.316149890590253],[-59.422384545540439,-34.315877922329683],[-59.422386397938283,-34.315607490656674],[-59.422388250311428,-34.315337058971622],[-59.422064182193495,-34.315065089869684],[-59.422066035562324,-34.314794658176034],[-59.42174197055482,-34.314522688229324],[-59.421743824919261,-34.314252256527084],[-59.421745679258976,-34.313981824812778],[-59.421747533573978,-34.313711393086443],[-59.421749387864267,-34.313440961348036],[-59.421425329027862,-34.313168990567014],[-59.421427184313679,-34.312898558820024],[-59.421429039574747,-34.312628127060989],[-59.421430894811095,-34.312357695289911],[-59.42143275002271,-34.312087263506776],[-59.421434605209612,-34.311816831711589],[-59.421436460371766,-34.311546399904358],[-59.421438315509214,-34.311275968085063],[-59.421440170621899,-34.311005536253745],[-59.421442025709908,-34.310735104410377],[-59.421443880773147,-34.310464672554943],[-59.42144573581168,-34.31019424068748],[-59.421447590825501,-34.309923808807945],[-59.421449445814581,-34.309653376916366],[-59.421451300778926,-34.309382945012743],[-59.421453155718574,-34.309112513097062],[-59.421455010633466,-34.308842081169345],[-59.421456865523659,-34.308571649229584],[-59.421458720389118,-34.308301217277766],[-59.421784614684178,-34.308302756029178]]}},
{"type":"Feature","properties":{"length_m":1051.2489168102784,"Name":"Red de drenaje ≥ 0.5 km²"},"geometry":{"type":"LineString","coordinates":[[-59.42244302595045,-34.402418520795649],[-59.422118626420662,-34.402146552290858],[-59.421792368699677,-34.402145010761963],[-59.421467972343308,-34.401873040551699],[-59.421143578086003,-34.401601069490461],[-59.42081732253849,-34.401599525382736],[-59.420492931454575,-34.401327552616159],[-59.420168542469668,-34.40105557899868],[-59.419842289095698,-34.401054032312224],[-59.419517903284124,-34.400782056989513],[-59.419191651009392,-34.400780508578741],[-59.418867268371123,-34.400508531550862],[-59.418541017195693,-34.400506981415859],[-59.41821663773073,-34.400235002682884],[-59.41789226036466,-34.399963023099161],[-59.417567885097455,-34.399691042664735],[-59.417243511929087,-34.399419061379618],[-59.416917265076172,-34.399417506957597],[-59.416592895080974,-34.399145523967604],[-59.416266649327461,-34.399143967821452],[-59.416268527184577,-34.398873540126971],[-59.415944161386918,-34.398601555435725],[-59.415617917782214,-34.398599997581229],[-59.415291674202557,-34.398598438856865],[-59.414967312652436,-34.398326451606756],[-59.41464295320101,-34.398054463506121],[-59.414316711795301,-34.398052902203617],[-59.41399235551696,-34.39778091239841],[-59.41366800133725,-34.397508921742755]]}},
{"type":"Feature","properties":{"length_m":150.0,"Name":"Red de drenaje ≥ 0.5 km²"},"geometry":{"type":"LineString","coordinates":[[-59.421281715515143,-34.428915761965882],[-59.421283579312401,-34.428645335349053],[-59.421285443084798,-34.428374908720151],[-59.421287306832355,-34.428104482079192],[-59.421289170555099,-34.427834055426153],[-59.421291034252981,-34.42756362876105]]}},
{"type":"Feature","properties":{"length_m":42.426406871192853,"Name":"Red de drenaje ≥ 0.5 km²"},"geometry":{"type":"LineString","coordinates":[[-59.420953488997135,-34.429184643747931],[-59.421281715515143,-34.428915761965882]]}},
{"type":"Feature","properties":{"length_m":953.96969619669994,"Name":"Red de drenaje ≥ 0.5 km²"},"geometry":{"type":"LineString","coordinates":[[-59.4209136578705,-34.340210562958255],[-59.420589500105969,-34.339938590129449],[-59.420591359934164,-34.339668159606646],[-59.420593219737562,-34.339397729071784],[-59.42026906610873,-34.339125755401035],[-59.419944914572504,-34.338853780881365],[-59.419618902260986,-34.338852236037205],[-59.419294753888394,-34.338580259816347],[-59.418970607608337,-34.338308282746674],[-59.418644597463867,-34.338306735329915],[-59.418320454347409,-34.338034756559132],[-59.417994445298937,-34.338033207422164],[-59.417670305346078,-34.337761226950363],[-59.417344297393633,-34.337759676093242],[-59.417020160604324,-34.337487693920458],[-59.416696025907441,-34.337215710899031],[-59.41637002012223,-34.337214157469525],[-59.416045888588876,-34.336942172747271],[-59.415719883899783,-34.336940617597691],[-59.415393879235701,-34.336939061580246],[-59.415067874596616,-34.336937504694966],[-59.414743748369133,-34.336665516567571],[-59.414417744826267,-34.336663957962266],[-59.414093621762319,-34.336391968134215],[-59.413769500790636,-34.336119977457692],[-59.413771382240469,-34.335849547094433],[-59.413447264382107,-34.335577555573131]]}},
{"type":"Feature","properties":{"length_m":512.13203435596427,"Name":"Red de drenaje ≥ 0.5 km²"},"geometry":{"type":"LineString","coordinates":[[-59.42043877167243,-34.361843422441268],[-59.42011267032737,-34.361841878011191],[-59.419786569007158,-34.361840332712447],[-59.419460467711779,-34.361838786545057],[-59.419134366441263,-34.361837239509001],[-59.418808265195601,-34.361835691604256],[-59.418482163974851,-34.361834142830844],[-59.418156062778976,-34.361832593188772],[-59.417829961608021,-34.36183104267802],[-59.417503860461991,-34.361829491298622],[-59.417177759340909,-34.361827939050535],[-59.416853531603842,-34.36155595655908],[-59.416529305961689,-34.361283973218214],[-59.416205082414379,-34.361011989027944],[-59.415880860961913,-34.360740003988305],[-59.415556641604255,-34.360468018099311]]}},
{"type":"Feature","properties":{"length_m":3156.761902332481,"Name":"Red de drenaje ≥ 0.5 km²"},"geometry":{"type":"LineString","coordinates":[[-59.418203896268722,-34.449183778697225],[-59.418205771397488,-34.448913353125924],[-59.417881208325348,-34.448641373757077],[-59.417883084456086,-34.448370948177264],[-59.417884960561821,-34.448100522585371],[-59.417560401647428,-34.447828542371376],[-59.417562278755071,-34.447558116770978],[-59.417237722971358,-34.447286135708339],[-59.416913169291426,-34.447014153793468],[-59.416915048427732,-34.44674372818816],[-59.41691692753902,-34.446473302570766],[-59.41691880662524,-34.446202876941307],[-59.416920685686421,-34.445932451299782],[-59.416922564722569,-34.445662025646165],[-59.416924443733677,-34.445391599980489],[-59.416926322719739,-34.445121174302734],[-59.416928201680776,-34.444850748612915],[-59.416930080616773,-34.444580322911008],[-59.416931959527723,-34.444309897197044],[-59.41693383841362,-34.444039471471008],[-59.416935717274505,-34.443769045732886],[-59.416937596110344,-34.443498619982705],[-59.416939474921115,-34.44322819422046],[-59.416941353706889,-34.442957768446128],[-59.416943232467602,-34.442687342659724],[-59.416945111203283,-34.442416916861248],[-59.416946989913946,-34.442146491050707],[-59.416948868599547,-34.441876065228094],[-59.416950747260124,-34.441605639393401],[-59.416952625895661,-34.441335213546637],[-59.416954504506172,-34.441064787687814],[-59.416956383091645,-34.440794361816913],[-59.41695826165207,-34.440523935933925],[-59.41696014018747,-34.440253510038886],[-59.416635614277212,-34.439981527361631],[-59.416311090469989,-34.439709543832407],[-59.415986568765703,-34.439437559451285],[-59.415662049164396,-34.4391655742183],[-59.415337531665976,-34.438893588133439],[-59.415339415308367,-34.438623162244355],[-59.415341298925661,-34.438352736343219],[-59.415016785582765,-34.438080749413778],[-59.415018670201242,-34.437810323504188],[-59.415020554794609,-34.437539897582518],[-59.414696045607045,-34.437267909808597],[-59.414697931201516,-34.4369974838785],[-59.414373425142884,-34.436725495256475],[-59.414048921186897,-34.436453505782751],[-59.413724419333541,-34.436181515457314],[-59.413399919582794,-34.435909524280255],[-59.413075421934629,-34.435637532251548],[-59.412750926389009,-34.435365539371233],[-59.412426432945914,-34.435093545639326],[-59.412101941605279,-34.434821551055897],[-59.411777452367133,-34.434549555620919],[-59.411451069376085,-34.434547985227645],[-59.411124686410297,-34.434546413963353],[-59.410800201427548,-34.434274415966478],[-59.410473819563542,-34.434272842975986],[-59.410147437724859,-34.434271269114475],[-59.409822956997509,-34.43399926855583],[-59.409498478372541,-34.433727267145777],[-59.409174001849912,-34.43345526488438],[-59.408849527429602,-34.433183261771674],[-59.408525055111575,-34.432911257807639],[-59.408198678680833,-34.432909678799525],[-59.407872302275507,-34.432908098920443],[-59.407545925895583,-34.432906518170391],[-59.407221458909433,-34.432634510789931],[-59.406895083631511,-34.432632928313879],[-59.406568708379041,-34.432631344966872],[-59.406244245648274,-34.432359335025168],[-59.405919785019677,-34.432087324232342],[-59.40559532649327,-34.431815312588419],[-59.405270870068996,-34.431543300093388],[-59.404946415746835,-34.431271286747318],[-59.404621963526751,-34.430999272550245],[-59.404297513408729,-34.430727257502163],[-59.403973065392719,-34.430455241603077],[-59.403648619478702,-34.430183224853074],[-59.403324175666675,-34.429911207252147],[-59.402999733956563,-34.429639188800309],[-59.402675294348391,-34.42936716949761],[-59.402350856842077,-34.429095149344079],[-59.402026421437618,-34.428823128339701],[-59.401701988134988,-34.428551106484555],[-59.40137755693415,-34.428279083778648],[-59.401053127835091,-34.428007060221994]]}},
{"type":"Feature","properties":{"length_m":2136.7619023324833,"Name":"Red de drenaje ≥ 0.5 km²"},"geometry":{"type":"LineString","coordinates":[[-59.415556641604255,-34.360468018099311],[-59.415232424341383,-34.360196031360999],[-59.414908209173234,-34.35992404377339],[-59.4145839960998,-34.359652055336532],[-59.414259785121082,-34.35938006605042],[-59.413935576237016,-34.359108075915067],[-59.41361136944758,-34.358836084930559],[-59.413287164752759,-34.358564093096881],[-59.412962962152513,-34.358292100414054],[-59.412638761646797,-34.358020106882137],[-59.412314563235618,-34.357748112501135],[-59.411990366918928,-34.357476117271062],[-59.411992255586966,-34.357205687939093],[-59.411994144229837,-34.356935258595023],[-59.411669952051668,-34.356663262523369],[-59.411345761967873,-34.35639126560271],[-59.411021573978431,-34.356119267833108],[-59.410697388083307,-34.355847269214557],[-59.410373204282479,-34.355575269747114],[-59.410049022575919,-34.355303269430777],[-59.409724842963598,-34.355031268265577],[-59.40940066544546,-34.354759266251556],[-59.409076490021512,-34.354487263388712],[-59.408752316691718,-34.354215259677112],[-59.408428145456043,-34.353943255116754],[-59.40810397631445,-34.353671249707659],[-59.407779809266927,-34.353399243449878],[-59.407781711168589,-34.353128814142792],[-59.407457547236753,-34.352856807040169],[-59.4071333853989,-34.352584799088902],[-59.406807320688458,-34.352583219584574],[-59.406483162016904,-34.352311209932239],[-59.406159005439278,-34.352039199431331],[-59.405832942898989,-34.35203761735378],[-59.405508789487619,-34.351765605151961],[-59.405184638170113,-34.351493592101619],[-59.404860488946433,-34.351221578202811],[-59.404536341816566,-34.350949563455551],[-59.40421219678047,-34.350677547859874],[-59.403888053838124,-34.350405531415802],[-59.403563912989505,-34.350133514123357],[-59.403239774234578,-34.349861495982587],[-59.403241690462302,-34.349591066742001],[-59.402917554822309,-34.349319047756872],[-59.40291947204576,-34.349048618508185],[-59.402595339520602,-34.348776598678718],[-59.402597257739707,-34.348506169421924],[-59.402273128329284,-34.34823414874819],[-59.401949001012348,-34.347962127226246],[-59.401950921248222,-34.347691697965345],[-59.401626797045871,-34.347419675599184],[-59.401302674936936,-34.347147652384876],[-59.400978554921394,-34.346875628322444],[-59.400654436999176,-34.346603603411936]]}},
{"type":"Feature","properties":{"length_m":2944.6298679765187,"Name":"Red de drenaje ≥ 0.5 km²"},"geometry":{"type":"LineString","coordinates":[[-59.414442887842455,-34.379934223072986],[-59.414116716735499,-34.379932661953994],[-59.413792430121795,-34.379660671540321],[-59.413466260113431,-34.379659108698576],[-59.413141976669998,-34.379387116581555],[-59.412817695323263,-34.379115123614746],[-59.412493416073247,-34.378843129798149],[-59.412169138919879,-34.378571135131807],[-59.411844863863159,-34.37829913961577],[-59.41184675447041,-34.378028711212508],[-59.411522482533393,-34.377756714850491],[-59.411524374138509,-34.377486286438881],[-59.411200105321107,-34.377214289230949],[-59.411201997924053,-34.376943860810997],[-59.41087773222614,-34.376671862757185],[-59.410879625826865,-34.376401434328926],[-59.410555363248349,-34.376129435429256],[-59.41055725784679,-34.37585900699267],[-59.410232998387599,-34.375587007247226],[-59.409908741024736,-34.375315006652244],[-59.409910637643691,-34.375044578211138],[-59.40958638339999,-34.374772576770432],[-59.409262131252525,-34.37450057448028],[-59.408937881201261,-34.374228571340701],[-59.408939780863399,-34.373958142898879],[-59.408615533931091,-34.373686138913691],[-59.408617434590631,-34.373415710463618],[-59.408293190777165,-34.373143705632856],[-59.408295092434088,-34.372873277174534],[-59.407970851739357,-34.372601271498247],[-59.40797275439359,-34.372330843031676],[-59.407974657022457,-34.372060414553026],[-59.407976559625979,-34.371789986062325],[-59.407652324095132,-34.371517979548251],[-59.407654227695879,-34.371247551049308],[-59.407656131271253,-34.370977122538299],[-59.407658034821253,-34.370706694015247],[-59.407333804453948,-34.370434686663408],[-59.40733570900111,-34.370164258132114],[-59.407337613522877,-34.369893829588754],[-59.407013387296352,-34.369621821395413],[-59.40701529281521,-34.369351392843832],[-59.406691069706795,-34.369079383805193],[-59.406692976222693,-34.368808955245413],[-59.406694882713168,-34.368538526673575],[-59.406696789178227,-34.368268098089665],[-59.406698695617884,-34.367997669493683],[-59.406700602032146,-34.367727240885635],[-59.406702508420985,-34.367456812265544],[-59.407030536051828,-34.367187963996983],[-59.406706321122421,-34.36691595498916],[-59.406708227435047,-34.366645526332874],[-59.406384015623374,-34.366373516479861],[-59.406059805907084,-34.366101505777841],[-59.40606171423881,-34.365831077117214],[-59.405737507640062,-34.365559065570068],[-59.405739416968572,-34.365288636901269],[-59.405741326271631,-34.365018208220405],[-59.405417123812505,-34.364746195832069],[-59.405419034112263,-34.364475767143041],[-59.40509483477048,-34.364203753909713],[-59.405096746066874,-34.363933325212486],[-59.40477254984232,-34.363661311134173],[-59.40444835571283,-34.363389296207018],[-59.404124163678418,-34.363117280431055],[-59.403799973739034,-34.3628452638063],[-59.403475785894649,-34.362573246332779],[-59.40315160014525,-34.362301228010516],[-59.402827416490801,-34.362029208839559],[-59.40250323493126,-34.361757188819901],[-59.402177134972504,-34.361755596613378],[-59.401851035039343,-34.361754003538188],[-59.401524935131803,-34.361752409594331],[-59.401198835249879,-34.361750814781828],[-59.400872735393598,-34.361749219100652],[-59.400546635562968,-34.361747622550837],[-59.400220535757995,-34.361746025132369],[-59.399894435978702,-34.361744426845227],[-59.399568336225116,-34.361742827689447],[-59.39924223649723,-34.361741227665],[-59.398918067763525,-34.361469198270974],[-59.398591969134536,-34.361467596525351],[-59.398267803568856,-34.361195565430343]]}},
{"type":"Feature","properties":{"length_m":2624.9242404917482,"Name":"Red de drenaje ≥ 0.5 km²"},"geometry":{"type":"LineString","coordinates":[[-59.413382159185538,-34.485128410123316],[-59.413057473482937,-34.48485641828001],[-59.412732789888018,-34.484584425583506],[-59.412408108400705,-34.484312432033811],[-59.412410004695232,-34.48404200829944],[-59.412085326344013,-34.483770013900347],[-59.411760650100348,-34.483498018648142],[-59.411435975964203,-34.483226022542858],[-59.411109403527178,-34.483224449303982],[-59.410784732577554,-34.482952451488885],[-59.410460063735393,-34.482680452820766],[-59.410133493481823,-34.482678876995799],[-59.409806923253626,-34.48267730029827],[-59.409482258677023,-34.482405299063736],[-59.409157596207841,-34.482133296976279],[-59.408832935846021,-34.481861294035944],[-59.408508277591523,-34.481589290242738],[-59.40818362144433,-34.481317285596674],[-59.407858967404415,-34.481045280097817],[-59.407534315471764,-34.480773273746159],[-59.407209665646334,-34.480501266541751],[-59.406885017928083,-34.480229258484584],[-59.406560372316996,-34.479957249574731],[-59.40623572881303,-34.479685239812198],[-59.405911087416193,-34.479413229197007],[-59.405584530162486,-34.479411641347568],[-59.405257972934358,-34.479410052625646],[-59.404931415731795,-34.479408463031255],[-59.404604858554805,-34.479406872564404],[-59.404278301403423,-34.47940528122507],[-59.403951744277649,-34.479403689013282],[-59.403625187177518,-34.479402095929011],[-59.403298630103031,-34.479400501972279],[-59.40297207305418,-34.479398907143072],[-59.402645516031008,-34.479397311441403],[-59.402318959033529,-34.479395714867273],[-59.401992402061751,-34.479394117420654],[-59.401665845115666,-34.47939251910158],[-59.401341219855134,-34.479120496499995],[-59.401014664014063,-34.479118896452086],[-59.400688108198736,-34.479117295531708],[-59.400361552409194,-34.479115693738855],[-59.40003499664541,-34.479114091073576],[-59.399708440907432,-34.479112487535815],[-59.399383823150401,-34.478840459800146],[-59.399059207500379,-34.478568431212231],[-59.398732653946894,-34.478566825089409],[-59.398408041483187,-34.478294794792966],[-59.39808148903488,-34.478293186941421],[-59.397756879757466,-34.478021154936556],[-59.397430328414409,-34.478019545356332],[-59.397105722323275,-34.477747511643081],[-59.396781118339028,-34.477475477077718],[-59.396456516461654,-34.477203441660308],[-59.396131916691104,-34.476931405390829],[-59.395807319027348,-34.476659368269324],[-59.395809268337281,-34.476388945013163],[-59.395484673807701,-34.476116907043803],[-59.395158130020157,-34.476115291470379],[-59.395160081384837,-34.475844868222502],[-59.394835491068662,-34.475572828549261],[-59.39483744343466,-34.47530240529349],[-59.39451090285916,-34.475300788024136],[-59.394184362309666,-34.47529916988244],[-59.393857821786227,-34.475297550868405],[-59.393531281288844,-34.475295930982035],[-59.393204740817538,-34.475294310223354],[-59.392878200372323,-34.475292688592333],[-59.392551659953192,-34.475291066088978],[-59.392227080326649,-34.475019019575782],[-59.391900541013065,-34.475017395344111],[-59.391575964572546,-34.474745347123196],[-59.391251390238608,-34.47447329805054],[-59.390924853110064,-34.474471671234625]]}},
{"type":"Feature","properties":{"length_m":434.55844122715712,"Name":"Red de drenaje ≥ 0.5 km²"},"geometry":{"type":"LineString","coordinates":[[-59.41366800133725,-34.397508921742755],[-59.413669887438559,-34.397238494101487],[-59.413345536381591,-34.396966502599099],[-59.413021187423183,-34.396694510246341],[-59.413023075547578,-34.39642408260034],[-59.412698729711771,-34.396152089400942],[-59.412374385974388,-34.395880095351224],[-59.412376276121726,-34.395609667700597],[-59.412378166243876,-34.395339240037863],[-59.412053826652922,-34.395067245145277],[-59.411729489160315,-34.394795249402442],[-59.411731381305216,-34.394524821735089],[-59.411733273424886,-34.394254394055679]]}},
{"type":"Feature","properties":{"length_m":3234.3354954612896,"Name":"Red de drenaje ≥ 0.5 km²"},"geometry":{"type":"LineString","coordinates":[[-59.410561146623749,-34.421833241021631],[-59.410563044443627,-34.421562814608521],[-59.410564942238217,-34.421292388183353],[-59.410566840007498,-34.421021961746085],[-59.410242408455353,-34.420749962226857],[-59.409917979004192,-34.420477961856683],[-59.409593551653991,-34.420205960635542],[-59.409269126404752,-34.419933958563483],[-59.409271028249407,-34.419663532129242],[-59.408946606126165,-34.419391529210081],[-59.408622186103777,-34.419119525440067],[-59.408624089973223,-34.418849099001349],[-59.408299673076677,-34.418577094384311],[-59.407975258280928,-34.418305088916476],[-59.40765084558592,-34.418033082597859],[-59.40732643499161,-34.417761075428494],[-59.407002026497999,-34.417489067408418],[-59.406677620105057,-34.417217058537645],[-59.406679530098742,-34.416946632109862],[-59.406355126831244,-34.416674622392293],[-59.406357037824307,-34.416404195956289],[-59.406032637682195,-34.416132185391959],[-59.406034549674565,-34.415861758947763],[-59.406036461641463,-34.415591332491495],[-59.406038373582867,-34.415320906023148],[-59.406040285498797,-34.415050479542757],[-59.406042197389262,-34.414780053050279],[-59.406044109254232,-34.414509626545744],[-59.406046021093715,-34.414239200029101],[-59.406047932907732,-34.413968773500414],[-59.406049844696277,-34.413698346959649],[-59.406051756459327,-34.413427920406832],[-59.406053668196904,-34.413157493841915],[-59.406055579909001,-34.412887067264947],[-59.406057491595632,-34.412616640675907],[-59.406059403256776,-34.412346214074795],[-59.406061314892462,-34.412075787461603],[-59.406063226502653,-34.411805360836354],[-59.406065138087364,-34.411534934199025],[-59.406067049646616,-34.411264507549639],[-59.406068961180388,-34.410994080888173],[-59.406070872688673,-34.410723654214635],[-59.405746495139624,-34.410451642877277],[-59.405422119690478,-34.41017963068952],[-59.405424033222246,-34.409909204011683],[-59.405425946728506,-34.409638777321788],[-59.405427860209251,-34.409368350619808],[-59.405103489933261,-34.409096337593368],[-59.405105404412915,-34.408825910883209],[-59.405107318867032,-34.408555484160985],[-59.405109233295647,-34.408285057426689],[-59.405111147698754,-34.408014630680327],[-59.405113062076332,-34.407744203921908],[-59.405441253860545,-34.407475363367993],[-59.405443167137328,-34.40720493656945],[-59.405771355746637,-34.406936095073384],[-59.405773267922619,-34.406665668234758],[-59.406101453357124,-34.406396825796584],[-59.406429636692124,-34.406127982444339],[-59.406757817927634,-34.40585913817808],[-59.407085997063682,-34.405590292997822],[-59.407414174100317,-34.405321446903578],[-59.407742349037541,-34.40505259989537],[-59.408070521875409,-34.404783751973241],[-59.408398692613915,-34.404514903137205],[-59.408726861253108,-34.404246053387311],[-59.409055027793009,-34.403977202723581],[-59.409383192233662,-34.403708351145987],[-59.40971135457508,-34.40343949865462],[-59.410039514817264,-34.403170645249503],[-59.410041412991966,-34.402900218035292],[-59.410369570060119,-34.402631363688499],[-59.410697725029131,-34.40236250842802],[-59.411025877899057,-34.402093652253868],[-59.411027772823985,-34.401823224943911],[-59.411355922520073,-34.401554367828204],[-59.411357816344982,-34.401283940478322],[-59.411685962867324,-34.401015082421161],[-59.412014107290716,-34.400746223450398],[-59.412342249615165,-34.40047736356609],[-59.412344140190797,-34.400206936120561],[-59.412672279341706,-34.399938075294884],[-59.412674168817524,-34.399667647809466],[-59.412676058268161,-34.399397220311975],[-59.413004193171076,-34.399128358517153],[-59.413006081521949,-34.398857930979766],[-59.413334213251566,-34.39858906824368],[-59.413336100502782,-34.398318640666417],[-59.413337987728845,-34.398048213077089],[-59.413666115210795,-34.397779349371952],[-59.41366800133725,-34.397508921742755]]}},
{"type":"Feature","properties":{"length_m":60.0,"Name":"Red de drenaje ≥ 0.5 km²"},"geometry":{"type":"LineString","coordinates":[[-59.414099262973458,-34.335580676997211],[-59.413773263665249,-34.335579116719082],[-59.413447264382107,-34.335577555573131]]}},
{"type":"Feature","properties":{"length_m":150.0,"Name":"Red de drenaje ≥ 0.5 km²"},"geometry":{"type":"LineString","coordinates":[[-59.413364406253002,-34.394262225559544],[-59.413038179637041,-34.394260660998199],[-59.412711953046212,-34.394259095567143],[-59.412385726480579,-34.394257529266383],[-59.412059499940135,-34.394255962095883],[-59.411733273424886,-34.394254394055679]]}},
{"type":"Feature","properties":{"length_m":764.55844122715712,"Name":"Red de drenaje ≥ 0.5 km²"},"geometry":{"type":"LineString","coordinates":[[-59.413447264382107,-34.335577555573131],[-59.413123148615909,-34.335305563203434],[-59.412799034941926,-34.335033569985384],[-59.412474923360065,-34.334761575918947],[-59.412147040735725,-34.335030441681795],[-59.411821043670358,-34.335028876228307],[-59.411495046630137,-34.335027309907026],[-59.411169049615083,-34.335025742717953],[-59.410843052625225,-34.335024174661086],[-59.410517055660563,-34.335022605736413],[-59.410192951577386,-34.334750605705935],[-59.409866955709241,-34.334749035061492],[-59.40954095986632,-34.33474746354927],[-59.409214964048672,-34.334745891169241],[-59.408888968256299,-34.334744317921441],[-59.408562972489193,-34.33474274380584],[-59.408238875854721,-34.334470738667477],[-59.407912881184288,-34.334469162832185],[-59.407586886539178,-34.334467586129129],[-59.4072608919194,-34.334466008558287],[-59.40693489732498,-34.334464430119667],[-59.40660890275592,-34.334462850813274],[-59.406282908212233,-34.334461270639096],[-59.40595691369397,-34.334459689597146]]}},
{"type":"Feature","properties":{"length_m":589.70562748477141,"Name":"Red de drenaje ≥ 0.5 km²"},"geometry":{"type":"LineString","coordinates":[[-59.412221867177557,-34.464299473548714],[-59.411895368417397,-34.464297903160826],[-59.411570767266241,-34.464025907320163],[-59.411246168220565,-34.463753910627062],[-59.410919671641757,-34.463752337654853],[-59.410593175088259,-34.463750763810694],[-59.410266678560099,-34.463749189094585],[-59.409942084854038,-34.463477188980683],[-59.409615589429301,-34.463475612536463],[-59.409289094029916,-34.463474035220322],[-59.408964504585455,-34.463202032541908],[-59.408638010289557,-34.46320045349772],[-59.40831151601909,-34.463198873581582],[-59.407985021774053,-34.463197292793502],[-59.407658527554453,-34.463195711133473],[-59.407332033360298,-34.463194128601515],[-59.407005539191623,-34.463192545197593],[-59.406679045048428,-34.463190960921729],[-59.40635255093072,-34.463189375773915]]}},
{"type":"Feature","properties":{"length_m":242.13203435596427,"Name":"Red de drenaje ≥ 0.5 km²"},"geometry":{"type":"LineString","coordinates":[[-59.411733273424886,-34.394254394055679],[-59.411408940078417,-34.393982397470083],[-59.411082714662733,-34.393980827706251],[-59.410758384488872,-34.393708829416589],[-59.410434056413209,-34.393436830276805],[-59.4101097304357,-34.393164830286892],[-59.40978540655636,-34.392892829446915]]}},
{"type":"Feature","properties":{"length_m":1013.9696961966999,"Name":"Red de drenaje ≥ 0.5 km²"},"geometry":{"type":"LineString","coordinates":[[-59.411221952201544,-34.327453690168838],[-59.411220063163405,-34.32772412077977],[-59.411218174100092,-34.327994551378637],[-59.411216285011598,-34.328264981965461],[-59.4112143958979,-34.328535412540226],[-59.41121250675905,-34.328805843102941],[-59.410884643615368,-34.329074705944251],[-59.410882753380385,-34.329345136467055],[-59.410880863120191,-34.329615566977793],[-59.410552995743011,-34.329884428852125],[-59.410551104386606,-34.330154859322967],[-59.410223233846772,-34.330423720258125],[-59.409895361215263,-34.330692580281941],[-59.409567486492058,-34.3309614393944],[-59.40923960967713,-34.331230297595447],[-59.408911730770456,-34.331499154885087],[-59.408583849771986,-34.331768011263293],[-59.408255966681736,-34.332036866730007],[-59.407928081499634,-34.332305721285231],[-59.407926181548859,-34.332576151520804],[-59.40792428157274,-34.33284658174432],[-59.407922381571318,-34.333117011955771],[-59.407594491083493,-34.333385865515645],[-59.407592589985427,-34.333656295687106],[-59.407264696334295,-34.333925148307451],[-59.40693680059114,-34.334194000016176],[-59.406610807068112,-34.334192420725692],[-59.406284813570473,-34.334190840567445],[-59.40595691369397,-34.334459689597146]]}},
{"type":"Feature","properties":{"length_m":607.27922061357856,"Name":"Red de drenaje ≥ 0.5 km²"},"geometry":{"type":"LineString","coordinates":[[-59.409233841558617,-34.471316340645345],[-59.409235747171721,-34.471045916489459],[-59.409564176587182,-34.470777070065971],[-59.409566081096415,-34.470506645870053],[-59.40956798558026,-34.470236221662041],[-59.409569890038746,-34.469965797441944],[-59.409245274856332,-34.469693795528762],[-59.409247180317074,-34.46942337130038],[-59.409249085752428,-34.469152947059918],[-59.408924474731307,-34.468880944301837],[-59.408926381168875,-34.46861052005309],[-59.408928287581027,-34.468340095792271],[-59.40893019396777,-34.468069671519387],[-59.408932100329132,-34.467799247234403],[-59.408934006665056,-34.467528822937361],[-59.408935912975593,-34.467258398628218],[-59.408937819260721,-34.46698797430701],[-59.408939725520462,-34.46671754997373],[-59.408941631754793,-34.466447125628363],[-59.408943537963715,-34.466176701270918]]}},
{"type":"Feature","properties":{"length_m":42.426406871192853,"Name":"Red de drenaje ≥ 0.5 km²"},"geometry":{"type":"LineString","coordinates":[[-59.409268138709486,-34.466448703991084],[-59.408943537963715,-34.466176701270918]]}},
{"type":"Feature","properties":{"length_m":651.83766184073568,"Name":"Red de drenaje ≥ 0.5 km²"},"geometry":{"type":"LineString","coordinates":[[-59.40978540655636,-34.392892829446915],[-59.409787304819062,-34.392622401789986],[-59.409789203056448,-34.392351974121013],[-59.409464883322677,-34.392079972438538],[-59.409140565686947,-34.391807969906068],[-59.409142465946452,-34.391537542232591],[-59.408818151432378,-34.391265538853922],[-59.408820052690174,-34.39099511117216],[-59.408821953922647,-34.390724683478354],[-59.408823855129782,-34.390454255772475],[-59.408499545784458,-34.390182251555281],[-59.408175238536977,-34.389910246488178],[-59.407850933387294,-34.389638240571216],[-59.407526630335397,-34.389366233804402],[-59.407202329381256,-34.389094226187794],[-59.407204235680638,-34.388823798488957],[-59.406879937847634,-34.388551790026398],[-59.40688184514503,-34.388281362319326],[-59.406883752417009,-34.388010934600224]]}},
{"type":"Feature","properties":{"length_m":611.54328932550709,"Name":"Red de drenaje ≥ 0.5 km²"},"geometry":{"type":"LineString","coordinates":[[-59.405515852763195,-34.396928709281752],[-59.405844000522208,-34.396659866720839],[-59.406172146182719,-34.39639102324616],[-59.406500289744748,-34.39612217885773],[-59.406828431208339,-34.395853333555635],[-59.407156570573527,-34.395584487339839],[-59.407484707840304,-34.395315640210399],[-59.407812843008735,-34.395046792167356],[-59.408140976078791,-34.39477794321072],[-59.408469107050571,-34.394509093340517],[-59.408797235924048,-34.394240242556762],[-59.409125362699271,-34.393971390859498],[-59.409453487376283,-34.393702538248746],[-59.409781609955076,-34.393433684724542],[-59.409783508268376,-34.393163257091757],[-59.40978540655636,-34.392892829446915]]}},
{"type":"Feature","properties":{"length_m":506.98484809834997,"Name":"Red de drenaje ≥ 0.5 km²"},"geometry":{"type":"LineString","coordinates":[[-59.408943537963715,-34.466176701270918],[-59.408618939323659,-34.465904697698392],[-59.408294342789283,-34.465632693273534],[-59.40796974836055,-34.46536068799638],[-59.40764324571893,-34.465359106209092],[-59.407316743102754,-34.465357523549791],[-59.406992152936169,-34.465085515708132],[-59.4066675648752,-34.464813507014256],[-59.406341064441058,-34.464811921770803],[-59.406016479563924,-34.464539911368668],[-59.406018395069886,-34.464269487069927],[-59.406020310550346,-34.463999062759115],[-59.406022226005256,-34.463728638436201],[-59.40635063657956,-34.463459800136931],[-59.40635255093072,-34.463189375773915]]}},
{"type":"Feature","properties":{"length_m":2010.3657992645908,"Name":"Red de drenaje ≥ 0.5 km²"},"geometry":{"type":"LineString","coordinates":[[-59.40635255093072,-34.463189375773915],[-59.406026056838527,-34.463187789754173],[-59.405699562771844,-34.463186202862481],[-59.405373068730725,-34.463184615098847],[-59.405046574715136,-34.463183026463255],[-59.404718161110452,-34.463451861238894],[-59.404389745400351,-34.46372069509853],[-59.404063249356092,-34.463719103815109],[-59.403736753337448,-34.463717511659723],[-59.403410257344419,-34.463715918632388],[-59.403083761377054,-34.463714324733076],[-59.402757265435305,-34.46371272996182],[-59.402430769519235,-34.463711134318601],[-59.402104273628865,-34.463709537803418],[-59.401777777764167,-34.463707940416271],[-59.401451281925176,-34.463706342157181],[-59.401126717332033,-34.463434318931462],[-59.400802154844285,-34.463162294853888],[-59.400475661187919,-34.463160694011115],[-59.400151101884013,-34.462888668225872],[-59.399826544685467,-34.462616641588838],[-59.399501989592217,-34.462344614100054],[-59.39917743660429,-34.462072585759522],[-59.398852885721617,-34.46180055656729],[-59.398528336944189,-34.461528526523388],[-59.398530276379233,-34.461258102461052],[-59.398532215788414,-34.460987678386637],[-59.398534155171767,-34.460717254300135],[-59.39853609452927,-34.460446830201555],[-59.398211551963939,-34.460174799322303],[-59.39821349232227,-34.459904375215721],[-59.398215432654759,-34.459633951097061],[-59.39821737296139,-34.459363526966335],[-59.398219313242159,-34.459093102823502],[-59.397894776888421,-34.458821071109007],[-59.39757024263961,-34.458549038542991],[-59.397245710495696,-34.458277005125467],[-59.396921180456651,-34.458004970856457],[-59.39659665252244,-34.45773293573599],[-59.396598597910099,-34.457462511601619],[-59.396600543271816,-34.457192087455162],[-59.39660248860762,-34.456921663296626],[-59.396930902003319,-34.45665285004317],[-59.397259313294327,-34.456384035873505],[-59.397587722480665,-34.456115220787652],[-59.397916129562361,-34.45584640478566],[-59.398244534539423,-34.455577587867523],[-59.398572937411913,-34.455308770033319],[-59.398901338179833,-34.455039951283027],[-59.399229736843211,-34.454771131616681],[-59.399558133402081,-34.454502311034325],[-59.399886527856474,-34.45423348953598],[-59.400214920206416,-34.453964667121667],[-59.400543310451923,-34.453695843791408],[-59.400871698593015,-34.453427019545238],[-59.40087362988762,-34.453156595007648]]}},
{"type":"Feature","properties":{"length_m":761.54328932550709,"Name":"Red de drenaje ≥ 0.5 km²"},"geometry":{"type":"LineString","coordinates":[[-59.406883752417009,-34.388010934600224],[-59.406559458728452,-34.387738925295608],[-59.406233257818762,-34.387737342852695],[-59.405907056934531,-34.387735759540256],[-59.405580856075758,-34.387734175358339],[-59.405254655242452,-34.387732590306925],[-59.404928454434625,-34.387731004385991],[-59.404604168214938,-34.387458989963974],[-59.404279884092787,-34.387186974692327],[-59.403955602068145,-34.386914958571147],[-59.403631322141017,-34.386642941600385],[-59.40330704431134,-34.386370923780127],[-59.402982768579086,-34.386098905110359],[-59.402658494944262,-34.385826885591143],[-59.40233422340679,-34.385554865222474],[-59.402009953966676,-34.385282844004394],[-59.401685686623885,-34.38501082193693],[-59.401361421378375,-34.384738799020106],[-59.401037158230139,-34.384466775253941],[-59.400710970339347,-34.384465178222491],[-59.400384782474234,-34.384463580321672]]}},
{"type":"Feature","properties":{"length_m":169.70562748477141,"Name":"Red de drenaje ≥ 0.5 km²"},"geometry":{"type":"LineString","coordinates":[[-59.40557129861228,-34.389086313574872],[-59.405899415209973,-34.388817470201417],[-59.406227529709966,-34.388548625914481],[-59.406555642112309,-34.388279780714065],[-59.406883752417009,-34.388010934600224]]}},
{"type":"Feature","properties":{"length_m":826.69047558312138,"Name":"Red de drenaje ≥ 0.5 km²"},"geometry":{"type":"LineString","coordinates":[[-59.405084940586143,-34.457774537943656],[-59.404758467647241,-34.457772948755824],[-59.404431994733905,-34.457771358696228],[-59.404105521846155,-34.457769767764859],[-59.403780971218772,-34.457497751472914],[-59.403456422696209,-34.457225734329157],[-59.403458345932144,-34.45695530983221],[-59.403460269142428,-34.456684885323163],[-59.40346219232709,-34.456414460802058],[-59.40346411548613,-34.456144036268874],[-59.403792504089537,-34.455875204286386],[-59.404120890588302,-34.455606371388072],[-59.404122811565848,-34.455335946786626],[-59.404124732517829,-34.455065522173086],[-59.403800192157746,-34.45479350592047],[-59.403475653902206,-34.454521488816098],[-59.403151117751129,-34.454249470860056],[-59.402824658646061,-34.454247876650072],[-59.402500125677321,-34.453975856986744],[-59.402175594813031,-34.453703836471774],[-59.401849137889386,-34.453702239678968],[-59.401524610207396,-34.453430217456855],[-59.401200084629757,-34.453158194383178],[-59.40087362988762,-34.453156595007648]]}},
{"type":"Feature","properties":{"length_m":1271.543289325507,"Name":"Red de drenaje ≥ 0.5 km²"},"geometry":{"type":"LineString","coordinates":[[-59.40595691369397,-34.334459689597146],[-59.405630919201108,-34.334458107687432],[-59.405304924733663,-34.334456524909932],[-59.404978930291641,-34.334454941264646],[-59.404652935875113,-34.334453356751588],[-59.404326941484022,-34.33445177137078],[-59.404000947118405,-34.334450185122172],[-59.403676866504775,-34.334178168061804],[-59.403352787983167,-34.333906150153624],[-59.403028711553588,-34.333634131397623],[-59.402702720428081,-34.333632541725976],[-59.402376729328132,-34.333630951186564],[-59.402052657133616,-34.333358929879353],[-59.401728587031066,-34.333086907724429],[-59.4014025980998,-34.333085314613875],[-59.401078531160721,-34.332813290759574],[-59.400752543326639,-34.332811695929642],[-59.400428479551053,-34.332539670376043],[-59.400104417867354,-34.332267643974838],[-59.399778432202048,-34.332266046573928],[-59.399452446562435,-34.332264448305331],[-59.399124532757547,-34.33253327897264],[-59.398798546123373,-34.332531678952527],[-59.398472559514921,-34.332530078064686],[-59.398146572932198,-34.33252847630915],[-59.397820586375232,-34.332526873685886],[-59.397494599844009,-34.332525270194928],[-59.397170547805061,-34.332253236129489],[-59.396844562371314,-34.332251630919281],[-59.396518576963359,-34.332250024841379],[-59.396194529159693,-34.331977988225475],[-59.395868544849286,-34.331976380428387],[-59.395542560564721,-34.331974771763591],[-59.395218516996344,-34.331702732597378],[-59.394894475519727,-34.331430692583886],[-59.394568493404556,-34.331429081348475],[-59.394570436134899,-34.331158651723094],[-59.394244455091453,-34.331157039636288]]}},
{"type":"Feature","properties":{"length_m":469.70562748477141,"Name":"Red de drenaje ≥ 0.5 km²"},"geometry":{"type":"LineString","coordinates":[[-59.40511062902317,-34.315795242434881],[-59.404784706750057,-34.3157936590231],[-59.404458784502403,-34.315792074744174],[-59.4041328622802,-34.315790489598044],[-59.403808852050751,-34.315518472808868],[-59.403482930924575,-34.315516885944383],[-59.4031570098239,-34.315515298212759],[-59.402833003825677,-34.315243278874021],[-59.402508999917565,-34.314971258688104],[-59.402183080983548,-34.314969668387036],[-59.401857162075096,-34.314968077218822],[-59.401531243192203,-34.314966485183469],[-59.401205324334889,-34.314964892280983],[-59.400879405503161,-34.314963298511337],[-59.400555409038148,-34.31469127322282]]}},
{"type":"Feature","properties":{"length_m":2679.7770542341332,"Name":"Red de drenaje ≥ 0.5 km²"},"geometry":{"type":"LineString","coordinates":[[-59.403523720706495,-34.447760869749466],[-59.403852075900538,-34.447492036896044],[-59.404180428990834,-34.447223203127109],[-59.404508779977391,-34.446954368442661],[-59.404837128860237,-34.446685532842736],[-59.405165475639407,-34.446416696327368],[-59.405493820314909,-34.446147858896545],[-59.405820248064032,-34.446149445654385],[-59.406148589609629,-34.445880606420843],[-59.406476929051642,-34.445611766271924],[-59.406805266390073,-34.445342925207683],[-59.407133601624949,-34.445074083228143],[-59.407461934756334,-34.444805240333324],[-59.407790265784222,-34.444536396523247],[-59.408118594708647,-34.44426755179795],[-59.408446921529631,-34.443998706157451],[-59.40844882773473,-34.443728280829433],[-59.408450733914414,-34.443457855489342],[-59.408452640068681,-34.443187430137158],[-59.408454546197575,-34.442917004772923],[-59.408456452301053,-34.44264657939658],[-59.408458358379114,-34.442376154008187],[-59.408460264431795,-34.442105728607714],[-59.408462170459075,-34.44183530319517],[-59.408137666386921,-34.441563298254017],[-59.407813164417909,-34.441291292461308],[-59.407815072472097,-34.441020867044315],[-59.407490573632344,-34.44074886040395],[-59.407492482687204,-34.440478434978715],[-59.407494391716625,-34.440208009541408],[-59.407496300720609,-34.43993758409205],[-59.407498209699149,-34.439667158630598],[-59.40750011865223,-34.439396733157082],[-59.407502027579888,-34.439126307671486],[-59.407503936482122,-34.438855882173812],[-59.407505845358905,-34.438585456664065],[-59.407181356830407,-34.438313449202944],[-59.406856870404724,-34.43804144089048],[-59.406532386081814,-34.437769431726629],[-59.406207903861691,-34.437497421711484],[-59.405883423744271,-34.437225410845024],[-59.40555894572956,-34.436953399127304],[-59.405560860736273,-34.436682973628656],[-59.405562775717442,-34.43641254811795],[-59.40556469067311,-34.436142122595172],[-59.405566605603255,-34.4358716970603],[-59.405568520507877,-34.435601271513349],[-59.405244049724679,-34.43532925896384],[-59.405245965629504,-34.435058833408732],[-59.405247881508799,-34.43478840784153],[-59.405249797362565,-34.434517982262264],[-59.405251713190793,-34.434247556670925],[-59.404927248612815,-34.433975543285854],[-59.40492916544116,-34.43370511768633],[-59.404604703991154,-34.433433103454057],[-59.404280244643466,-34.433161088370703],[-59.403955787398026,-34.432889072436303],[-59.403631332254854,-34.43261705565088],[-59.403306879213901,-34.432345038014454],[-59.402982428275138,-34.432073019527039],[-59.402657979438537,-34.431801000188706],[-59.402333532704077,-34.431528979999435],[-59.402009088071708,-34.431256958959281],[-59.401684645541422,-34.43098493706826],[-59.401360205113185,-34.430712914326385],[-59.401362133196066,-34.430442488758267],[-59.401364061253254,-34.430172063178077],[-59.401365989284741,-34.429901637585814],[-59.40136791729055,-34.429631211981473],[-59.401369845270651,-34.429360786365059],[-59.401045412070772,-34.429088762792396],[-59.401047341050408,-34.428818337167897],[-59.401049270004343,-34.428547911531346],[-59.401051198932564,-34.42827748588271],[-59.401053127835091,-34.428007060221994]]}},
{"type":"Feature","properties":{"length_m":312.42640687119285,"Name":"Red de drenaje ≥ 0.5 km²"},"geometry":{"type":"LineString","coordinates":[[-59.403816499665062,-34.314436749584722],[-59.403488669808638,-34.314705593592343],[-59.403162751843084,-34.314704005908709],[-59.402836833903031,-34.314702417357942],[-59.402510915988508,-34.314700827940037],[-59.402184998099514,-34.31469923765502],[-59.401859080236086,-34.314697646502829],[-59.401533162398216,-34.314696054483541],[-59.401207244585933,-34.314694461597085],[-59.400881326799237,-34.314692867843526],[-59.400555409038148,-34.31469127322282]]}},
{"type":"Feature","properties":{"length_m":2441.9090885900973,"Name":"Red de drenaje ≥ 0.5 km²"},"geometry":{"type":"LineString","coordinates":[[-59.40087362988762,-34.453156595007648],[-59.400549107492239,-34.452884570226914],[-59.400224587201173,-34.452612544594707],[-59.399900069014379,-34.452340518111043],[-59.399575552931857,-34.452068490775929],[-59.399251038953572,-34.451796462589421],[-59.398926527079482,-34.451524433551512],[-59.398600078830547,-34.451522828171576],[-59.39827363060747,-34.451521221920061],[-59.397947182410228,-34.451519614796979],[-59.397622675874082,-34.451247582341537],[-59.397298171442088,-34.450975549034816],[-59.396971725426603,-34.450973939329444],[-59.396647224176668,-34.450701904316155],[-59.396322725030807,-34.450429868451621],[-59.395998227989004,-34.450157831735943],[-59.39567373305124,-34.449885794169106],[-59.395349240217449,-34.44961375575113],[-59.395024749487646,-34.449341716482074],[-59.395026699331616,-34.449071292054342],[-59.394702211731712,-34.448799251938397],[-59.394377726235696,-34.448527210971378],[-59.394053242843533,-34.44825516915337],[-59.39405519573927,-34.447984744726099],[-59.393730715476821,-34.447712702061303],[-59.393406237318096,-34.44744065854556],[-59.393081761263147,-34.447168614178878],[-59.393083717210359,-34.446898189752169],[-59.392759244284861,-34.44662614453879],[-59.392434773463023,-34.446354098474579],[-59.392436731435659,-34.446083674044239],[-59.392112263743144,-34.44581162713343],[-59.391787798154219,-34.445539579371811],[-59.3917897581521,-34.445269154937883],[-59.391465295692328,-34.444997106329751],[-59.391467256689701,-34.444726681887985],[-59.391469217660941,-34.44445625743414],[-59.391144759355832,-34.444184207983803],[-59.390820303154108,-34.443912157682774],[-59.390822266150309,-34.443641733225377],[-59.390497813077474,-34.443369682077957],[-59.390173362107937,-34.443097630079897],[-59.389848913241707,-34.442825577231218],[-59.389522499380675,-34.442823947972137],[-59.389198053695516,-34.442551893418013],[-59.388873610113585,-34.442279838013327],[-59.38854916863486,-34.442007781758136],[-59.388224729259299,-34.441735724652467],[-59.387900291986888,-34.441463666696315],[-59.387573883541286,-34.441462032291817],[-59.38724747512201,-34.441460397016073],[-59.386923042108414,-34.441188336499941],[-59.386596634793307,-34.441186699498211],[-59.386272204960655,-34.440914637276961],[-59.385945798749759,-34.44091299854928],[-59.385621372098072,-34.440640934622991],[-59.385294966991445,-34.440639294169387],[-59.384970543520659,-34.440367228538115],[-59.38464413951835,-34.440365586358638],[-59.384319719228472,-34.440093519022447],[-59.383993316330496,-34.440091875117098],[-59.383666913458981,-34.440090230340573],[-59.383342497427932,-34.439818160444943],[-59.383016095660821,-34.439816513942624],[-59.382691682810666,-34.439544442342253]]}},
{"type":"Feature","properties":{"length_m":512.13203435596427,"Name":"Red de drenaje ≥ 0.5 km²"},"geometry":{"type":"LineString","coordinates":[[-59.401053127835091,-34.428007060221994],[-59.401055056711904,-34.427736634549198],[-59.401056985563002,-34.427466208864352],[-59.400732560615957,-34.427194184465023],[-59.400734490466476,-34.426923758772098],[-59.400410068646167,-34.426651733526107],[-59.400411999496043,-34.426381307825132],[-59.400413930320198,-34.426110882112084],[-59.400415861118596,-34.425840456386958],[-59.400417791891286,-34.425570030649766],[-59.40041972263824,-34.425299604900495],[-59.400421653359473,-34.425029179139145],[-59.400097239790803,-34.4247571530667],[-59.400099171511279,-34.424486727297314],[-59.399774761068954,-34.42421470037835],[-59.399450352727989,-34.423942672608845]]}},
{"type":"Feature","properties":{"length_m":60.0,"Name":"Red de drenaje ≥ 0.5 km²"},"geometry":{"type":"LineString","coordinates":[[-59.40130651941621,-34.346606793842859],[-59.400980478194882,-34.346605199061493],[-59.400654436999176,-34.346603603411936]]}},
{"type":"Feature","properties":{"length_m":2529.7770542341327,"Name":"Red de drenaje ≥ 0.5 km²"},"geometry":{"type":"LineString","coordinates":[[-59.387207222082317,-34.402247101237549],[-59.387209193648225,-34.401976675117105],[-59.387211165187843,-34.401706248984596],[-59.387213136701213,-34.40143582284],[-59.387215108188286,-34.401165396683325],[-59.387217079649091,-34.400894970514592],[-59.387219051083633,-34.400624544333773],[-59.387221022491879,-34.400354118140903],[-59.387222993873877,-34.400083691935933],[-59.387224965229578,-34.399813265718898],[-59.38722693655901,-34.39954283948979],[-59.387228907862202,-34.399272413248596],[-59.387230879139089,-34.39900198699533],[-59.387232850389708,-34.398731560730006],[-59.387234821614079,-34.398461134452596],[-59.387563033135528,-34.39819234167787],[-59.387891242558361,-34.397923547988363],[-59.388219449882591,-34.397654753384089],[-59.388547655108226,-34.39738595786509],[-59.38887585823533,-34.397117161431389],[-59.389204059263889,-34.39684836408302],[-59.389532258193974,-34.396579565819991],[-59.389860455025577,-34.396310766642365],[-59.389862417619831,-34.396040340124998],[-59.389864380187902,-34.395769913595558],[-59.389866342729832,-34.395499487054046],[-59.390194534236983,-34.395230686876481],[-59.390522723645802,-34.394961885784383],[-59.390850910956303,-34.394693083777739],[-59.39117909616855,-34.394424280856626],[-59.39150727928255,-34.394155477021044],[-59.391835460298317,-34.393886672271037],[-59.392163639215894,-34.393617866606604],[-59.392165594205075,-34.393347439854118],[-59.392167549168185,-34.393077013089552],[-59.392495723837378,-34.392808206453964],[-59.392497677699353,-34.392537779648933],[-59.392825849195397,-34.392268972070667],[-59.392827801956308,-34.391998545225185],[-59.393155970279317,-34.391729736704242],[-59.393157921939178,-34.391459309818345],[-59.39315987357304,-34.391188882920368],[-59.393488037648133,-34.390920073428447],[-59.393489988181024,-34.390649646490047],[-59.393818149083316,-34.390380836055549],[-59.393820098515313,-34.390110409076733],[-59.393822047921319,-34.389839982085832],[-59.393823997301375,-34.389569555082879],[-59.394152152881247,-34.389300743649216],[-59.394154101160467,-34.389030316605833],[-59.394156049413738,-34.388759889550414],[-59.39448420074627,-34.388491077145936],[-59.394812349981194,-34.38822226382738],[-59.395140497118497,-34.387953449594768],[-59.395468642158214,-34.387684634448085],[-59.395796785100366,-34.387415818387424],[-59.396124925944996,-34.387147001412771],[-59.396453064692118,-34.386878183524161],[-59.39678120134176,-34.386609364721615],[-59.397109335893965,-34.386340545005154],[-59.397435530842138,-34.386342151713109],[-59.397763662274059,-34.386073330197156],[-59.398089856225148,-34.386074935150049],[-59.398417984536749,-34.385806111834675],[-59.398746110750999,-34.385537287605523],[-59.399074234867889,-34.385268462462577],[-59.399402356887471,-34.384999636405901],[-59.399730476809786,-34.384730809435517],[-59.400058594634821,-34.384461981551446],[-59.400384782474234,-34.384463580321672]]}},
{"type":"Feature","properties":{"length_m":1191.8376618407356,"Name":"Red de drenaje ≥ 0.5 km²"},"geometry":{"type":"LineString","coordinates":[[-59.400384782474234,-34.384463580321672],[-59.400386710362618,-34.384193152753717],[-59.40038863822533,-34.383922725173704],[-59.400064381368686,-34.383650698859682],[-59.399740126609231,-34.383378671696434],[-59.399742056491945,-34.383108244112414],[-59.399743986348945,-34.382837816516322],[-59.39974591618023,-34.382567388908193],[-59.400074025411037,-34.382298560798738],[-59.40007595414238,-34.382028133150357],[-59.400077882848016,-34.381757705489868],[-59.399753635248175,-34.381485678354892],[-59.399755564950866,-34.381215250686395],[-59.399757494627842,-34.380944823005841],[-59.399759424279097,-34.380674395313221],[-59.399761353904637,-34.380403967608515],[-59.399763283504456,-34.380133539891766],[-59.399765213078574,-34.379863112162937],[-59.399767142626949,-34.379592684422057],[-59.399769072149624,-34.379322256669091],[-59.399771001646577,-34.379051828904061],[-59.399772931117823,-34.378781401126979],[-59.399448695841514,-34.378509373183292],[-59.399450626309623,-34.378238945398181],[-59.399452556752003,-34.377968517600983],[-59.399454487168661,-34.37769808979175],[-59.399456417559584,-34.377427661970422],[-59.399458347924799,-34.377157234137051],[-59.399460278264272,-34.376886806291594],[-59.399462208578029,-34.376616378434086],[-59.399137982555949,-34.37634434966975],[-59.399139913866449,-34.376073921804206],[-59.399141845151185,-34.375803493926632],[-59.399143776410192,-34.375533066036951],[-59.398819555551782,-34.375261036435852],[-59.398495336789644,-34.37498900598586],[-59.398171120123749,-34.374716974686997]]}},
{"type":"Feature","properties":{"length_m":824.55844122715712,"Name":"Red de drenaje ≥ 0.5 km²"},"geometry":{"type":"LineString","coordinates":[[-59.400654436999176,-34.346603603411936],[-59.400328395829121,-34.346602006894237],[-59.400002354684723,-34.346600409508355],[-59.399676313566012,-34.34659881125431],[-59.399350272472986,-34.346597212132103],[-59.399024231405647,-34.346595612141726],[-59.398698190364044,-34.346594011283187],[-59.39837214934817,-34.346592409556479],[-59.398046108358031,-34.346590806961629],[-59.397720067393635,-34.346589203498588],[-59.397394026455046,-34.346587599167407],[-59.397066049708734,-34.346856423035561],[-59.396738070869077,-34.347125245991137],[-59.396410089936033,-34.347394068034085],[-59.396084045960635,-34.347392460181666],[-59.395758002011064,-34.347390851461029],[-59.395431958087372,-34.347389241872229],[-59.395107856354791,-34.347117202469043],[-59.39478375671559,-34.346845162218052],[-59.394457714962904,-34.346843550057152],[-59.394131673236132,-34.346841937028081],[-59.393805631535294,-34.346840323130841],[-59.393479589860391,-34.346838708365425],[-59.393153548211458,-34.346837092731853],[-59.392827506588475,-34.34683547623009],[-59.392503415478259,-34.346563430019962]]}},
{"type":"Feature","properties":{"length_m":1533.3809511662425,"Name":"Red de drenaje ≥ 0.5 km²"},"geometry":{"type":"LineString","coordinates":[[-59.400555409038148,-34.31469127322282],[-59.400231414663168,-34.31441924708723],[-59.39990549799834,-34.314417650748339],[-59.399581506783989,-34.314145622914722],[-59.39925751765962,-34.313873594234117],[-59.398933530625207,-34.31360156470658],[-59.398609545680706,-34.313329534332134],[-59.398283633324169,-34.313327933722142],[-59.397959651540205,-34.313055901649847],[-59.397635671846103,-34.312783868730712],[-59.397311694241843,-34.312511834964745],[-59.396987718727374,-34.312239800351982],[-59.396661810679227,-34.312238195471238],[-59.396337838325223,-34.311966159160846],[-59.396013868060933,-34.311694122003722],[-59.395687962179927,-34.31169251455421],[-59.395363995076067,-34.311420475699563],[-59.395040030061864,-34.311148435998248],[-59.394716067137338,-34.310876395450308],[-59.394390164494233,-34.31087478458138],[-59.394066204730017,-34.31060274233608],[-59.393740303183499,-34.310601129749386],[-59.393414401662909,-34.310599516295703],[-59.393090446129712,-34.310327471502355],[-59.392766492686107,-34.310055425862529],[-59.392442541332017,-34.309783379376199],[-59.392118592067455,-34.309511332043456],[-59.391794644892386,-34.309239283864279],[-59.39146874875135,-34.309237665290176],[-59.39114480473647,-34.308965615413953],[-59.390818909692172,-34.308963995122284],[-59.390493014673929,-34.308962373963652],[-59.390169074889954,-34.308690321539906],[-59.389843180968519,-34.308688698663744],[-59.389517287073147,-34.308687074920641],[-59.389191393203873,-34.30868545031062],[-59.388865499360683,-34.308683824833665],[-59.388539605543627,-34.308682198489763],[-59.388213711752698,-34.308680571278941],[-59.387887817987917,-34.30867894320118],[-59.38756192424929,-34.308677314256478],[-59.387236030536833,-34.30867568444485],[-59.38691013685056,-34.308674053766289]]}},
{"type":"Feature","properties":{"length_m":604.26406871192853,"Name":"Red de drenaje ≥ 0.5 km²"},"geometry":{"type":"LineString","coordinates":[[-59.394209392293924,-34.426621176803728],[-59.394537693211824,-34.426352367479289],[-59.394864043340824,-34.426353982677618],[-59.395192341132358,-34.426085171550866],[-59.395518690262534,-34.426086784991469],[-59.395845039418639,-34.42608839756133],[-59.396173333058989,-34.42581958374538],[-59.396501624597839,-34.425550769014194],[-59.396827971730168,-34.425552378939443],[-59.397156260142701,-34.425283562406136],[-59.397484546453782,-34.425014744957672],[-59.397812830663426,-34.424745926594063],[-59.398141112771675,-34.424477107315361],[-59.398469392778566,-34.424208287121594],[-59.398795734812481,-34.424209891741803],[-59.399124011693146,-34.423941069746142],[-59.399450352727989,-34.423942672608845]]}},
{"type":"Feature","properties":{"length_m":724.26406871192853,"Name":"Red de drenaje ≥ 0.5 km²"},"geometry":{"type":"LineString","coordinates":[[-59.399450352727989,-34.423942672608845],[-59.399452286472524,-34.42367224683548],[-59.399454220191274,-34.423401821050021],[-59.399456153884259,-34.423131395252483],[-59.399458087551487,-34.42286096944288],[-59.399460021192937,-34.422590543621212],[-59.399461954808622,-34.422320117787457],[-59.399463888398536,-34.422049691941609],[-59.399465821962671,-34.421779266083718],[-59.399467755501057,-34.421508840213733],[-59.3991433584847,-34.421236811630251],[-59.398818963569383,-34.420964782196371],[-59.398494570755076,-34.420692751912114],[-59.398170180041731,-34.420420720777557],[-59.397843852767473,-34.420419114642286],[-59.39751946523139,-34.420147081802995],[-59.397195079796219,-34.419875048113454],[-59.396870696461946,-34.419603013573671],[-59.396546315228527,-34.419330978183673],[-59.396221936095955,-34.419058941943476],[-59.395897559064181,-34.418786904853135]]}},
{"type":"Feature","properties":{"length_m":1376.1017305526639,"Name":"Red de drenaje ≥ 0.5 km²"},"geometry":{"type":"LineString","coordinates":[[-59.39513390074405,-34.434197929927954],[-59.395135849133425,-34.433927504823828],[-59.395137797496865,-34.433657079707622],[-59.395139745834321,-34.433386654579351],[-59.395141694145821,-34.433116229438987],[-59.39514364243135,-34.432845804286558],[-59.39514559069093,-34.432575379122049],[-59.394821165649013,-34.432303339260507],[-59.394496742709272,-34.432031298548424],[-59.394172321871707,-34.431759256985877],[-59.39417427318056,-34.431488831821838],[-59.394176224463443,-34.431218406645691],[-59.394178175720306,-34.430947981457493],[-59.394180126951163,-34.430677556257201],[-59.394182078156014,-34.430407131044838],[-59.39418402933488,-34.430136705820416],[-59.394185980487734,-34.429866280583902],[-59.394514294327976,-34.429597471599521],[-59.394842606066305,-34.429328661699707],[-59.395170915702778,-34.429059850884471],[-59.395499223237415,-34.428791039153836],[-59.395827528670239,-34.428522226507859],[-59.396155832001284,-34.428253412946525],[-59.396484133230572,-34.427984598469898],[-59.396812432358139,-34.427715783077979],[-59.397140729383977,-34.427446966770802],[-59.397469024308165,-34.427178149548403],[-59.397797317130689,-34.426909331410805],[-59.397799256412739,-34.42663890585095],[-59.397801195668933,-34.426368480279045],[-59.398129484236598,-34.426099661169808],[-59.398457770702734,-34.425830841145405],[-59.39878605506734,-34.425562020205881],[-59.399114337330488,-34.425293198351298],[-59.399116272254588,-34.425022772654415],[-59.399118207152888,-34.424752346945461],[-59.399120142025431,-34.424481921224434],[-59.399448418957689,-34.42421309837016],[-59.399450352727989,-34.423942672608845]]}},
{"type":"Feature","properties":{"length_m":1549.7056274847714,"Name":"Red de drenaje ≥ 0.5 km²"},"geometry":{"type":"LineString","coordinates":[[-59.398171120123749,-34.374716974686997],[-59.39817305442412,-34.374446546797486],[-59.398174988698706,-34.374176118895903],[-59.398176922947513,-34.373905690982248],[-59.398178857170549,-34.373635263056521],[-59.398180791367807,-34.37336483511875],[-59.397856581909558,-34.373092802991479],[-59.397858517103252,-34.372822375045715],[-59.397860452271189,-34.372551947087871],[-59.397862387413319,-34.372281519117976],[-59.397864322529664,-34.372011091136017],[-59.397866257620215,-34.371740663141999],[-59.397868192684975,-34.371470235135888],[-59.397870127723934,-34.37119980711774],[-59.397872062737129,-34.370929379087507],[-59.397873997724524,-34.370658951045208],[-59.397549799561766,-34.370386918106036],[-59.397551735545463,-34.370116490055771],[-59.397553671503346,-34.369846061993435],[-59.397881737416206,-34.369577238755369],[-59.397883672274666,-34.369306810652738],[-59.397885607107334,-34.369036382538056],[-59.397887541914201,-34.368765954411309],[-59.397889476695305,-34.368495526272483],[-59.397891411450615,-34.368225098121592],[-59.397893346180133,-34.367954669958635],[-59.397895280883859,-34.367684241783621],[-59.397897215561827,-34.367413813596535],[-59.397899150213995,-34.36714338539737],[-59.39790108484037,-34.366872957186168],[-59.397903019440975,-34.3666025289629],[-59.397904954015786,-34.366332100727547],[-59.397906888564805,-34.366061672480136],[-59.397908823088066,-34.365791244220659],[-59.397910757585528,-34.365520815949111],[-59.397912692057204,-34.365250387665519],[-59.397914626503123,-34.364979959369826],[-59.397916560923235,-34.364709531062097],[-59.397918495317569,-34.364439102742296],[-59.397920429686117,-34.364168674410415],[-59.397922364028894,-34.363898246066491],[-59.397924298345892,-34.363627817710494],[-59.397926232637118,-34.363357389342418],[-59.397928166902553,-34.363086960962313],[-59.397930101142201,-34.362816532570108],[-59.398258138123389,-34.362547707713361],[-59.398260071264005,-34.362277279280882],[-59.398262004378864,-34.362006850836345],[-59.398263937467952,-34.361736422379742],[-59.398265870531297,-34.361465993911089],[-59.398267803568856,-34.361195565430343]]}},
{"type":"Feature","properties":{"length_m":1324.2640687119283,"Name":"Red de drenaje ≥ 0.5 km²"},"geometry":{"type":"LineString","coordinates":[[-59.387378650057371,-34.378719983592916],[-59.38770481486624,-34.378721615924022],[-59.388030979701355,-34.378723247385935],[-59.388357144562683,-34.378724877978655],[-59.388683309450229,-34.378726507702176],[-59.389009474363938,-34.378728136556497],[-59.389333676286235,-34.379000191798781],[-59.389659842300631,-34.379001818931087],[-59.389986008341147,-34.379003445194186],[-59.390312174407811,-34.379005070588072],[-59.390638340500594,-34.379006695112743],[-59.390964506619476,-34.379008318768221],[-59.391290672764441,-34.379009941554472],[-59.391616838935519,-34.379011563471515],[-59.391943005132632,-34.379013184519359],[-59.392269171355807,-34.379014804698002],[-59.392595337605016,-34.379016424007418],[-59.392921503880245,-34.379018042447626],[-59.393247670181481,-34.379019660018628],[-59.393573836508722,-34.37902127672043],[-59.393900002861933,-34.379022892552996],[-59.394226169241108,-34.379024507516363],[-59.394552335646246,-34.379026121610529],[-59.394878502077319,-34.379027734835468],[-59.395206612682138,-34.378758919640468],[-59.395534721190309,-34.378490103531732],[-59.395860885602488,-34.378491714116606],[-59.396188990991639,-34.378222896208761],[-59.396517094284221,-34.377954077387265],[-59.396845195480239,-34.377685257652132],[-59.39717329457973,-34.377416437003376],[-59.397501391582729,-34.377147615441075],[-59.397829486489258,-34.376878792965179],[-59.398157579299344,-34.376609969575775],[-59.398159513780165,-34.376339541770712],[-59.398161448235214,-34.376069113953598],[-59.398163382664485,-34.375798686124412],[-59.398165317067971,-34.375528258283161],[-59.398167251445685,-34.375257830429838],[-59.39816918579762,-34.374987402564457],[-59.398171120123749,-34.374716974686997]]}},
{"type":"Feature","properties":{"length_m":1813.6753236814702,"Name":"Red de drenaje ≥ 0.5 km²"},"geometry":{"type":"LineString","coordinates":[[-59.398267803568856,-34.361195565430343],[-59.398269736580673,-34.360925136937567],[-59.398271669566711,-34.360654708432698],[-59.398273602526984,-34.360384279915785],[-59.398275535461501,-34.360113851386799],[-59.397951376077089,-34.359841819459746],[-59.397953310007438,-34.359571390922767],[-59.39795524391198,-34.35930096237373],[-59.397631088665335,-34.359028929606488],[-59.397633023565632,-34.358758501049486],[-59.397634958440143,-34.358488072480412],[-59.397310807331053,-34.358216038873081],[-59.397312743201248,-34.357945610296042],[-59.397314679045621,-34.357675181706952],[-59.397316614864209,-34.357404753105797],[-59.397318550657012,-34.357134324492577],[-59.397320486423993,-34.356863895867292],[-59.396996342516466,-34.356591861432243],[-59.396998279279032,-34.356321432798985],[-59.396674138487185,-34.35604939751984],[-59.396676076245257,-34.35577896887866],[-59.396351938569019,-34.355506932755496],[-59.396353877322554,-34.355236504106387],[-59.396355816050232,-34.354966075445191],[-59.396357754752081,-34.354695646771944],[-59.396033622233801,-34.354423609813054],[-59.395709491809654,-34.354151572006096],[-59.395711432528067,-34.353881143329033],[-59.395713373220616,-34.353610714639949],[-59.395389246932851,-34.35333867599325],[-59.395391188620671,-34.353068247296228],[-59.395393130282599,-34.352797818587142],[-59.39506900813106,-34.352525779100759],[-59.395070950788202,-34.352255350383771],[-59.395072893419439,-34.351984921654733],[-59.395074836024783,-34.351714492913615],[-59.395076778604256,-34.351444064160454],[-59.394752662630751,-34.351172023842764],[-59.39442854875103,-34.350899982677198],[-59.394430493346583,-34.350629553920314],[-59.394432437916201,-34.350359125151357],[-59.394434382459906,-34.350088696370328],[-59.394436326977676,-34.349818267577248],[-59.394438271469539,-34.349547838772111],[-59.394440215935496,-34.349277409954887],[-59.394116110274972,-34.349005367966548],[-59.393792006707997,-34.348733325130425],[-59.393467905234566,-34.348461281446532],[-59.393143805854628,-34.348189236914891],[-59.393145754377926,-34.347918808102413],[-59.392821658112226,-34.347646762727251],[-59.392823607630291,-34.347376333906936],[-59.392825557122379,-34.34710590507455],[-59.392501464991483,-34.346833858860165]]}},
{"type":"Feature","properties":{"length_m":339.41125496954282,"Name":"Red de drenaje ≥ 0.5 km²"},"geometry":{"type":"LineString","coordinates":[[-59.39670130067379,-34.488562820684876],[-59.396376656658134,-34.488290785098215],[-59.396052014750481,-34.488018748659137],[-59.395727374950773,-34.487746711367713],[-59.395402737258983,-34.487474673223915],[-59.395078101675089,-34.487202634227806],[-59.394753468199085,-34.486930594379388],[-59.394428836830919,-34.486658553678723],[-59.394104207570557,-34.486386512125783]]}},
{"type":"Feature","properties":{"length_m":1305.8073580374353,"Name":"Red de drenaje ≥ 0.5 km²"},"geometry":{"type":"LineString","coordinates":[[-59.396538278836772,-34.465845654149554],[-59.396209827744549,-34.466114465553062],[-59.39588332286975,-34.466112852324699],[-59.395554868644965,-34.466381661923386],[-59.395226412314472,-34.466650470605479],[-59.39489990541189,-34.466648854728497],[-59.394571445948792,-34.46691766160567],[-59.394242984379929,-34.467186467566144],[-59.393914520705287,-34.467455272609925],[-59.39358605492481,-34.467724076737014],[-59.393257587038512,-34.46799287994736],[-59.392929117046336,-34.468261682240879],[-59.392600644948253,-34.468530483617634],[-59.392598685861756,-34.468800907061507],[-59.392270210578666,-34.469069707493013],[-59.392268250386962,-34.469340130896384],[-59.391939771918743,-34.469608930382634],[-59.39161129134451,-34.469877728951957],[-59.391282808664187,-34.470146526604367],[-59.390954323877793,-34.470415323339843],[-59.390625836985251,-34.470684119158321],[-59.390297347986589,-34.470952914059808],[-59.390621905731386,-34.471224965644488],[-59.390946465582374,-34.471497016377654],[-59.390944500943078,-34.4717674396069],[-59.391269063927254,-34.472039489492758],[-59.391267100288744,-34.472309912714181],[-59.391265136624057,-34.472580335923531],[-59.391589703768538,-34.472852384966309],[-59.391587741104722,-34.473122808167822],[-59.391585778414758,-34.473393231357264],[-59.391257281703666,-34.473662028640042],[-59.390928782886121,-34.473930825005766],[-59.390926818011188,-34.474201248126242],[-59.390924853110064,-34.474471671234625]]}},
{"type":"Feature","properties":{"length_m":544.26406871192853,"Name":"Red de drenaje ≥ 0.5 km²"},"geometry":{"type":"LineString","coordinates":[[-59.397531330428976,-34.327387103397129],[-59.397529397472184,-34.327657533337138],[-59.39752746448962,-34.327927963265068],[-59.397199561708987,-34.328196789080891],[-59.396871656836936,-34.328465613984761],[-59.396543749873437,-34.328734437976635],[-59.396215840818464,-34.329003261056478],[-59.395887929671993,-34.329272083224296],[-59.395560016433983,-34.329540904480034],[-59.395558076996345,-34.329811334226441],[-59.395556137532878,-34.330081763960806],[-59.395228220060012,-34.330350584247917],[-59.394900300495493,-34.330619403622876],[-59.394572378839335,-34.330888222085669],[-59.394244455091453,-34.331157039636288]]}},
{"type":"Feature","properties":{"length_m":2123.0865786510126,"Name":"Red de drenaje ≥ 0.5 km²"},"geometry":{"type":"LineString","coordinates":[[-59.395897559064181,-34.418786904853135],[-59.395899503873345,-34.418516479028199],[-59.395901448656581,-34.418246053191233],[-59.395903393413903,-34.41797562734218],[-59.395579021556216,-34.417703589414131],[-59.395580967312029,-34.417433163557142],[-59.395256598579387,-34.417161124783163],[-59.394932231947337,-34.416889085159148],[-59.394934179725922,-34.416618659298415],[-59.394609816218761,-34.416346618828541],[-59.394285454812135,-34.416074577508674],[-59.394287404613337,-34.415804151644224],[-59.394289354388555,-34.415533725767702],[-59.393964997130873,-34.415261683606239],[-59.393966947904318,-34.414991257721852],[-59.393642593771233,-34.41471921471468],[-59.393644545542848,-34.414448788822412],[-59.393320194534255,-34.414176744969566],[-59.393322147303984,-34.413906319069412],[-59.392997799419803,-34.413634274370949],[-59.39299975318761,-34.413363848462929],[-59.393001706929375,-34.41309342254285],[-59.3930036606451,-34.412822996610686],[-59.392679317933286,-34.412550951075083],[-59.392354977321595,-34.412278904689707],[-59.39235693305929,-34.412008478753933],[-59.392358888770922,-34.411738052806086],[-59.392360844456519,-34.411467626846168],[-59.392362800116004,-34.41119720087417],[-59.392364755749462,-34.410926774890086],[-59.392366711356857,-34.41065634889393],[-59.392368666938175,-34.410385922885723],[-59.392370622493431,-34.410115496865416],[-59.392372578022631,-34.40984507083305],[-59.392374533525775,-34.409574644788613],[-59.392376489002856,-34.409304218732089],[-59.392378444453875,-34.409033792663507],[-59.392380399878832,-34.408763366582839],[-59.392382355277725,-34.408492940490092],[-59.392058031100383,-34.408220893314379],[-59.392059987496985,-34.407950467213801],[-59.391735666443068,-34.407678419192749],[-59.39141134748877,-34.407406370322128],[-59.39108703063404,-34.407134320601998],[-59.3907627158789,-34.406862270032349],[-59.390438403223264,-34.406590218613253],[-59.390114092667154,-34.406318166344661],[-59.389789784210514,-34.406046113226679],[-59.389465477853307,-34.405774059259294],[-59.389141173595547,-34.405502004442518],[-59.388816871437157,-34.405229948776416],[-59.388492571378137,-34.404957892260995],[-59.388494539008178,-34.404687466195568],[-59.388496506611993,-34.404417040118069],[-59.388172210699132,-34.404144982762041],[-59.387847916885512,-34.403872924556758],[-59.38784988650989,-34.403602498475884],[-59.387851856107993,-34.403332072382938],[-59.387853825679848,-34.403061646277934],[-59.387855795225462,-34.402791220160807],[-59.387531507604358,-34.402519161123756]]}},
{"type":"Feature","properties":{"length_m":676.69047558312138,"Name":"Red de drenaje ≥ 0.5 km²"},"geometry":{"type":"LineString","coordinates":[[-59.391948431267799,-34.423364735675015],[-59.392274769630859,-34.423366357659745],[-59.392603063775994,-34.423097553316843],[-59.392931355819918,-34.422828748058613],[-59.39325964576264,-34.422559941885069],[-59.393587933604202,-34.422291134796268],[-59.393916219344632,-34.422022326792195],[-59.394244502983966,-34.421753517872908],[-59.394572784522204,-34.421484708038413],[-59.394901063959388,-34.421215897288747],[-59.395229341295547,-34.420947085623951],[-59.395557616530724,-34.420678273044032],[-59.395885889664918,-34.42040945954902],[-59.395887834629598,-34.420139033796566],[-59.39588977956835,-34.419868608032012],[-59.395891724481181,-34.419598182255406],[-59.3958936693681,-34.419327756466728],[-59.395895614229097,-34.419057330665957],[-59.395897559064181,-34.418786904853135]]}},
{"type":"Feature","properties":{"length_m":913.67532368147135,"Name":"Red de drenaje ≥ 0.5 km²"},"geometry":{"type":"LineString","coordinates":[[-59.394104207570557,-34.486386512125783],[-59.393777623849367,-34.486384892444207],[-59.393452997776741,-34.486112849182668],[-59.393128373811876,-34.485840805068953],[-59.392803751954723,-34.485568760103099],[-59.392479132205281,-34.485296714285127],[-59.392152552830055,-34.485295090305392],[-59.391827936268236,-34.485023042779005],[-59.391503321814056,-34.484750994400571],[-59.391176744624914,-34.484749367835583],[-59.390852133358322,-34.484477317748855],[-59.390854099228484,-34.484206895087638],[-59.390529491097055,-34.483934844153204],[-59.390204885073132,-34.483662792366829],[-59.389880281156714,-34.483390739728513],[-59.38955567934773,-34.483118686238328],[-59.389231079646223,-34.482846631896258],[-59.388906482052114,-34.482574576702362],[-59.388581886565362,-34.482302520656646],[-59.388257293185987,-34.482030463759145],[-59.387930726796633,-34.482028828632231],[-59.387606136604539,-34.481756770026863],[-59.387281548519731,-34.481484710569788],[-59.3869569625422,-34.481212650261021]]}},
{"type":"Feature","properties":{"length_m":676.69047558312138,"Name":"Red de drenaje ≥ 0.5 km²"},"geometry":{"type":"LineString","coordinates":[[-59.390476375657599,-34.491236251647571],[-59.3904783432369,-34.490965829304926],[-59.39080691111382,-34.490697035620627],[-59.391135476882503,-34.49042824101867],[-59.391464040542985,-34.490159445499089],[-59.391792602095308,-34.489890649061913],[-59.392121161539464,-34.489621851707149],[-59.392449718875532,-34.489353053434847],[-59.392778274103499,-34.489084254245014],[-59.393106827223406,-34.488815454137693],[-59.393435378235282,-34.488546653112891],[-59.393763927139148,-34.488277851170643],[-59.394092473935032,-34.488009048311],[-59.394094429606106,-34.487738625643686],[-59.394096385251103,-34.48746820296428],[-59.394098340870059,-34.487197780272794],[-59.394100296462945,-34.486927357569201],[-59.394102252029782,-34.486656934853549],[-59.394104207570557,-34.486386512125783]]}},
{"type":"Feature","properties":{"length_m":709.70562748477141,"Name":"Red de drenaje ≥ 0.5 km²"},"geometry":{"type":"LineString","coordinates":[[-59.394244455091453,-34.331157039636288],[-59.393920418870096,-34.330884997076843],[-59.393594438924339,-34.330883383270944],[-59.393270405866424,-34.330611339012933],[-59.392944427018406,-34.330609723487996],[-59.392618448196352,-34.330608107095429],[-59.392292469400267,-34.330606489835212],[-59.391966490630182,-34.330604871707351],[-59.39164246395115,-34.330332823196777],[-59.391316486278903,-34.330331203349949],[-59.39099050863269,-34.330329582635493],[-59.390664531012511,-34.330327961053392],[-59.390338553418395,-34.330326338603655],[-59.390014533118446,-34.330054285840866],[-59.389688556622303,-34.330052661672241],[-59.389362580152252,-34.330051036635986],[-59.389036603708334,-34.330049410732087],[-59.388710627290529,-34.330047783960588],[-59.388384650898878,-34.330046156321451],[-59.388058674533376,-34.330044527814685],[-59.38773269819405,-34.330042898440325],[-59.387406721880907,-34.3300412681983],[-59.387080745593948,-34.330039637088682]]}},
{"type":"Feature","properties":{"length_m":30.0,"Name":"Red de drenaje ≥ 0.5 km²"},"geometry":{"type":"LineString","coordinates":[[-59.392501464991483,-34.346833858860165],[-59.392503415478259,-34.346563430019962]]}},
{"type":"Feature","properties":{"length_m":2043.3809511662412,"Name":"Red de drenaje ≥ 0.5 km²"},"geometry":{"type":"LineString","coordinates":[[-59.385864278235509,-34.362756590028354],[-59.386192353010451,-34.362487797916309],[-59.386520425690428,-34.362219004890584],[-59.386522396513676,-34.361948577032919],[-59.386850466025059,-34.361679783065028],[-59.387178533441585,-34.361410988183501],[-59.387180502091233,-34.361140560256743],[-59.387508566339285,-34.360871764433135],[-59.387836628492579,-34.360602967695975],[-59.387838594968763,-34.360332539700138],[-59.387840561418756,-34.360062111692251],[-59.387842527842523,-34.359791683672292],[-59.387844494240099,-34.35952125564026],[-59.38784646061147,-34.359250827596171],[-59.38784842695663,-34.358980399539995],[-59.387850393275563,-34.358709971471768],[-59.387852359568321,-34.358439543391462],[-59.387854325834859,-34.358169115299098],[-59.387856292075185,-34.357898687194677],[-59.387532175206069,-34.357626628028733],[-59.387534142441204,-34.35735619991658],[-59.387536109650114,-34.357085771792377],[-59.387538076832804,-34.356815343656102],[-59.387540043989283,-34.356544915507769],[-59.38754201111955,-34.35627448734737],[-59.387543978223583,-34.356004059174886],[-59.387545945301405,-34.355733630990336],[-59.387547912353014,-34.355463202793736],[-59.387875953037224,-34.355194405486678],[-59.387877918989318,-34.354923977249506],[-59.388205956506056,-34.354655179000595],[-59.388207921358656,-34.354384750722872],[-59.388209886185102,-34.354114322433091],[-59.38821185098535,-34.353843894131245],[-59.388213815759421,-34.353573465817334],[-59.388541846889161,-34.353304666541227],[-59.388869875924925,-34.353035866351853],[-59.388871838526484,-34.352765437968934],[-59.388873801101873,-34.352495009573929],[-59.389201825897423,-34.352226208414436],[-59.389203787373589,-34.351955779978908],[-59.389205748823578,-34.351685351531351],[-59.389533769379149,-34.351416549401755],[-59.389861787840907,-34.351147746359047],[-59.390189804208894,-34.350878942403227],[-59.390517818483119,-34.350610137534318],[-59.390845830663636,-34.350341331752382],[-59.391173840750476,-34.350072525057378],[-59.391501848743616,-34.349803717449397],[-59.391503802656821,-34.349533288790802],[-59.391505756543964,-34.349262860120163],[-59.391507710405079,-34.348992431437431],[-59.39183571308611,-34.348723622831322],[-59.391837665848392,-34.34845319410816],[-59.391839618584648,-34.348182765372925],[-59.392167617026615,-34.347913955797146],[-59.392495613375175,-34.347645145308455],[-59.392497563939919,-34.347374716504426],[-59.392499514478693,-34.347104287688339],[-59.392501464991483,-34.346833858860165]]}},
{"type":"Feature","properties":{"length_m":1723.6753236814707,"Name":"Red de drenaje ≥ 0.5 km²"},"geometry":{"type":"LineString","coordinates":[[-59.392503415478259,-34.346563430019962],[-59.392505365939037,-34.346293001167666],[-59.392181277942754,-34.346020954114145],[-59.392183229398157,-34.345750525254019],[-59.392185180827546,-34.345480096381849],[-59.392187132230951,-34.345209667497592],[-59.391863049389656,-34.344937619609198],[-59.3918650017876,-34.344667190717161],[-59.391540922059967,-34.344395141985473],[-59.391216844425443,-34.344123092406271],[-59.391218798838359,-34.343852663510681],[-59.391220753225205,-34.343582234602991],[-59.390896679724626,-34.343310184184858],[-59.390572608317001,-34.343038132919276],[-59.390574564718655,-34.342767704008097],[-59.390576521094225,-34.342497275084845],[-59.390252453820281,-34.342225222980431],[-59.390254411190121,-34.341954794049414],[-59.390256368533862,-34.341684365106325],[-59.389932305393408,-34.341412312163129],[-59.389934263731355,-34.341141883212259],[-59.389936222043211,-34.340871454249346],[-59.38961216303602,-34.340599400467447],[-59.389614122342017,-34.340328971496767],[-59.389290066447728,-34.34005691687188],[-59.38896601264608,-34.339784861399735],[-59.388641960937022,-34.339512805080389],[-59.388643923277392,-34.339242376110626],[-59.388645885591615,-34.338971947128798],[-59.388647847879689,-34.338701518134883],[-59.388649810141601,-34.33843108912891],[-59.388325764605476,-34.338159031979721],[-59.388327727861295,-34.337888602966039],[-59.388329691090938,-34.337618173940271],[-59.388005649687294,-34.337346115952641],[-59.38800761391078,-34.337075686919157],[-59.387683575619462,-34.336803628088802],[-59.38735953942043,-34.336531568411367],[-59.387035505313669,-34.336259507886908],[-59.387037472570768,-34.33598907885446],[-59.387039439801647,-34.335718649809948],[-59.387041407006322,-34.335448220753385],[-59.387043374184749,-34.33517779168475],[-59.387045341336993,-34.334907362604078],[-59.387047308462989,-34.334636933511291],[-59.387049275562781,-34.334366504406468],[-59.387051242636339,-34.334096075289594],[-59.3870532096837,-34.333825646160633],[-59.387055176704827,-34.333555217019622],[-59.387057143699764,-34.333284787866546],[-59.386733122903109,-34.333012726543267]]}},
{"type":"Feature","properties":{"length_m":1001.5432893255071,"Name":"Red de drenaje ≥ 0.5 km²"},"geometry":{"type":"LineString","coordinates":[[-59.390924853110064,-34.474471671234625],[-59.390922888182743,-34.474742094330921],[-59.39092092322926,-34.475012517415159],[-59.3909189582496,-34.47528294048729],[-59.390916993243735,-34.475553363547334],[-59.390915028211687,-34.475823786595299],[-59.390913063153455,-34.476094209631171],[-59.390584553593456,-34.476363004852182],[-59.390256041926712,-34.476631799155982],[-59.389927528153216,-34.47690059254257],[-59.389599012272917,-34.477169385011905],[-59.389270494285817,-34.477438176563972],[-59.388943945727782,-34.477436544333727],[-59.38861739719605,-34.477434911231043],[-59.388290848690573,-34.477433277255997],[-59.387962325515197,-34.477702065224271],[-59.38796035079266,-34.47797248802793],[-59.387631824430642,-34.478241275050301],[-59.387303295961672,-34.478510061155262],[-59.386974765385766,-34.478778846342777],[-59.387299342118418,-34.479050906612144],[-59.387623920958092,-34.479322966029891],[-59.387621945024144,-34.479593388744568],[-59.387619969063849,-34.479863811447167],[-59.387291434115802,-34.480132597380866],[-59.38728945704927,-34.480403020042822],[-59.387287479956406,-34.480673442692691],[-59.387285502837194,-34.480943865330481],[-59.3869569625422,-34.481212650261021]]}},
{"type":"Feature","properties":{"length_m":881.54328932550709,"Name":"Red de drenaje ≥ 0.5 km²"},"geometry":{"type":"LineString","coordinates":[[-59.3869569625422,-34.481212650261021],[-59.386630399419126,-34.481211011693333],[-59.386303836322398,-34.481209372253133],[-59.385975291865684,-34.48147815448813],[-59.385646745301699,-34.481746935805504],[-59.385320180176933,-34.481745293714738],[-59.384993615078606,-34.481743650751426],[-59.38466705000674,-34.481742006915596],[-59.384340484961328,-34.481740362207205],[-59.384013919942376,-34.481738716626303],[-59.383687354949913,-34.481737070172855],[-59.383360789983961,-34.481735422846882],[-59.383034225044518,-34.481733774648369],[-59.382707660131608,-34.481732125577331],[-59.382379102215893,-34.482000897975269],[-59.382050542192871,-34.482269669455377],[-59.381721980062515,-34.482538440017649],[-59.381393415824789,-34.482807209662063],[-59.381064849479664,-34.48307597838857],[-59.380736281027126,-34.483344746197147],[-59.380407710467153,-34.483613513087782],[-59.380079137799711,-34.483882279060438],[-59.379750563024757,-34.484151044115087],[-59.379421986142262,-34.484419808251701],[-59.379093407152226,-34.484688571470272]]}},
{"type":"Feature","properties":{"length_m":42.426406871192853,"Name":"Red de drenaje ≥ 0.5 km²"},"geometry":{"type":"LineString","coordinates":[[-59.387531507604358,-34.402519161123756],[-59.387207222082317,-34.402247101237549]]}},
{"type":"Feature","properties":{"length_m":372.42640687119285,"Name":"Red de drenaje ≥ 0.5 km²"},"geometry":{"type":"LineString","coordinates":[[-59.387181589334382,-34.405762639704477],[-59.387509829901887,-34.405493847699752],[-59.387511800733435,-34.405223421707767],[-59.387513771538707,-34.404952995703709],[-59.387515742317717,-34.404682569687573],[-59.387517713070473,-34.40441214365935],[-59.387519683796945,-34.404141717619069],[-59.387521654497192,-34.403871291566695],[-59.387523625171134,-34.403600865502263],[-59.387525595818836,-34.403330439425751],[-59.387527566440262,-34.403060013337168],[-59.387529537035448,-34.402789587236491],[-59.387531507604358,-34.402519161123756]]}},
{"type":"Feature","properties":{"length_m":2240.0714267493622,"Name":"Red de drenaje ≥ 0.5 km²"},"geometry":{"type":"LineString","coordinates":[[-59.367242535732714,-34.410528968838612],[-59.367566787306153,-34.410801080924642],[-59.367893075360875,-34.410802767426297],[-59.368219363442698,-34.410804453057722],[-59.368545651551635,-34.410806137818923],[-59.368871939687651,-34.410807821709902],[-59.36919822785071,-34.410809504730643],[-59.369526545145398,-34.410540762048349],[-59.369854860340183,-34.410272018449874],[-59.37018317343513,-34.410003273935281],[-59.370509458556562,-34.410004953424405],[-59.370835743704973,-34.410006632043348],[-59.371162028880363,-34.410008309792069],[-59.371488314082754,-34.410009986670588],[-59.371816620986138,-34.40974123769157],[-59.37214492578974,-34.409472487796556],[-59.372473228493561,-34.409203736985546],[-59.37280152909765,-34.408934985258611],[-59.373129827602,-34.408666232615737],[-59.373456107716493,-34.408667904188938],[-59.373784403098192,-34.408399149743197],[-59.374112696380216,-34.408130394381608],[-59.374438974475623,-34.408132063310717],[-59.37476726463504,-34.407863306146368],[-59.375095552694823,-34.407594548066228],[-59.375423838655031,-34.407325789070349],[-59.375750113708278,-34.407327454468614],[-59.376078396545928,-34.40705869367013],[-59.376406677284052,-34.406789931955949],[-59.376732950318022,-34.406791594710391],[-59.377061227933631,-34.406522831193726],[-59.377387499971285,-34.406524492191245],[-59.377715774464384,-34.406255726872146],[-59.378044046858044,-34.405986960637506],[-59.3783703168763,-34.405988618991366],[-59.378698586147479,-34.405719850954426],[-59.37902685331926,-34.405451082001967],[-59.379353121318069,-34.405452737712253],[-59.379681385367412,-34.405183966957615],[-59.380009647317422,-34.404915195287536],[-59.380337907168119,-34.404646422702072],[-59.380666164919504,-34.404377649201216],[-59.380994420571646,-34.40410887478501],[-59.381322674124554,-34.403840099453483],[-59.381650925578263,-34.403571323206656],[-59.381979174932781,-34.403302546044536],[-59.382305434773571,-34.403304193791612],[-59.382631694640857,-34.403305840668686],[-59.382957954534596,-34.403307486675779],[-59.383286198720661,-34.403038705938741],[-59.383614440807612,-34.402769924286545],[-59.38394069868157,-34.402771567650575],[-59.384268937646297,-34.402502784196734],[-59.384597174511967,-34.402233999827793],[-59.384923430366044,-34.402235640548888],[-59.385249686246503,-34.402237280399987],[-59.385575942153324,-34.402238919381134],[-59.385902198086484,-34.402240557492341],[-59.386228454045977,-34.402242194733581],[-59.386554710031795,-34.402243831104862],[-59.386880966043918,-34.402245466606182],[-59.387207222082317,-34.402247101237549]]}},
{"type":"Feature","properties":{"length_m":929.11688245431424,"Name":"Red de drenaje ≥ 0.5 km²"},"geometry":{"type":"LineString","coordinates":[[-59.387080745593948,-34.330039637088682],[-59.386754769333209,-34.330038005111433],[-59.386430761844423,-34.329765942989553],[-59.38610478668194,-34.329764309293509],[-59.385780782356733,-34.329492245473723],[-59.385782753141491,-34.329221816205532],[-59.385458751927288,-34.328949751543441],[-59.385134752804575,-34.328677686034666],[-59.384810755773309,-34.328405619679231],[-59.384486760833475,-34.328133552477162],[-59.384488735669656,-34.327863123214605],[-59.384490710479497,-34.327592693939998],[-59.384492685263034,-34.327322264653304],[-59.384168695472603,-34.327050196617975],[-59.38384470777347,-34.326778127736091],[-59.383520722165557,-34.326506058007666],[-59.383522699980652,-34.326235628722301],[-59.383524677769344,-34.325965199424878],[-59.383526655531703,-34.325694770115383],[-59.383528633267673,-34.325424340793809],[-59.383204653827853,-34.325152270236785],[-59.383206632556657,-34.324881840907636],[-59.383208611259086,-34.324611411566423],[-59.383210589935139,-34.324340982213144],[-59.382886615643798,-34.324068910823144],[-59.382562643443421,-34.32379683858673],[-59.38223669160066,-34.323795194843768]]}},
{"type":"Feature","properties":{"length_m":367.27922061357856,"Name":"Red de drenaje ≥ 0.5 km²"},"geometry":{"type":"LineString","coordinates":[[-59.386733122903109,-34.333012726543267],[-59.386409104198364,-34.332740664373119],[-59.38673705885374,-34.33247186820968],[-59.387065011417256,-34.332203071133598],[-59.387066978281098,-34.331932641920211],[-59.387068945118713,-34.331662212694752],[-59.387070911930124,-34.331391783457228],[-59.387072878715308,-34.331121354207646],[-59.387074845474295,-34.330850924945992],[-59.387076812207063,-34.330580495672287],[-59.387078778913612,-34.330310066386517],[-59.387080745593948,-34.330039637088682]]}},
{"type":"Feature","properties":{"length_m":1049.1168824543142,"Name":"Red de drenaje ≥ 0.5 km²"},"geometry":{"type":"LineString","coordinates":[[-59.382437806871302,-34.34083386371632],[-59.382765805938234,-34.340565079022156],[-59.382767787217212,-34.340294650397233],[-59.38309578311874,-34.340025864761309],[-59.383097763298601,-34.3397554360957],[-59.383425756034832,-34.339486649518072],[-59.383427735115646,-34.339216220811807],[-59.38342971417007,-34.338945792093455],[-59.383757702668497,-34.338677004545552],[-59.384085689074439,-34.33840821608463],[-59.384087665957288,-34.338137787297015],[-59.384089642813798,-34.337867358497355],[-59.384091619643975,-34.337596929685645],[-59.384419600739825,-34.337328140225956],[-59.384747579743355,-34.337059349853341],[-59.385075556654563,-34.336790558567806],[-59.385403531473486,-34.336521766369358],[-59.385731504200137,-34.336252973258084],[-59.386059474834589,-34.335984179233932],[-59.386385474053739,-34.335985813308589],[-59.386713441576113,-34.335717017487376],[-59.386715409826849,-34.335446588447262],[-59.386717378051372,-34.335176159395068],[-59.386719346249649,-34.334905730330817],[-59.386721314421692,-34.334635301254508],[-59.386723282567502,-34.33436487216612],[-59.386725250687093,-34.33409444306568],[-59.386727218780436,-34.333824013953169],[-59.38672918684756,-34.333553584828607],[-59.386731154888452,-34.333283155691959],[-59.386733122903109,-34.333012726543267]]}},
{"type":"Feature","properties":{"length_m":60.0,"Name":"Red de drenaje ≥ 0.5 km²"},"geometry":{"type":"LineString","coordinates":[[-59.38691013685056,-34.308674053766289],[-59.386912102479648,-34.30840362352],[-59.38691406808254,-34.308133193261668]]}},
{"type":"Feature","properties":{"length_m":1158.8225099390856,"Name":"Red de drenaje ≥ 0.5 km²"},"geometry":{"type":"LineString","coordinates":[[-59.381632392479546,-34.31730159806655],[-59.381634375669314,-34.317031168470386],[-59.381636358832651,-34.316760738862165],[-59.381638341969534,-34.316490309241871],[-59.381966247602207,-34.31622152462311],[-59.381968229641167,-34.315951094962124],[-59.381970211653716,-34.315680665289079],[-59.381972193639847,-34.315410235603963],[-59.382300093967956,-34.315141449986932],[-59.382627992206018,-34.314872663457564],[-59.382955888354061,-34.314603876015909],[-59.3832837824121,-34.314335087661959],[-59.383285760086231,-34.314064657850317],[-59.383287737734015,-34.313794228026602],[-59.383615627559458,-34.31352543870323],[-59.383943515295009,-34.313256648467629],[-59.383945490773861,-34.312986218574686],[-59.383947466226381,-34.312715788669699],[-59.384275349729627,-34.312446997464768],[-59.3842773240846,-34.312176567519124],[-59.384605204426869,-34.311907775373527],[-59.384607177684366,-34.311637345387247],[-59.384935054865771,-34.311368552300955],[-59.385262929957527,-34.311099758302603],[-59.385264901046497,-34.310829328247159],[-59.385592772977525,-34.310560533308255],[-59.385594742969168,-34.310290103212218],[-59.385922611739581,-34.310021307332754],[-59.385924580633954,-34.30975087719613],[-59.386252446243851,-34.309482080376185],[-59.386580309764277,-34.309213282644315],[-59.386582276490493,-34.308942852438577],[-59.38691013685056,-34.308674053766289]]}},
{"type":"Feature","properties":{"length_m":72.426406871192853,"Name":"Red de drenaje ≥ 0.5 km²"},"geometry":{"type":"LineString","coordinates":[[-59.385534227294762,-34.363295808986656],[-59.385862305238476,-34.363027017816876],[-59.385864278235509,-34.362756590028354]]}},
{"type":"Feature","properties":{"length_m":536.98484809834997,"Name":"Red de drenaje ≥ 0.5 km²"},"geometry":{"type":"LineString","coordinates":[[-59.38095881710165,-34.364624942740889],[-59.381284926890118,-34.364626591592312],[-59.381611036705081,-34.364628239574984],[-59.381937146546505,-34.364629886688924],[-59.382263256414383,-34.364631532934119],[-59.382589366308736,-34.364633178310584],[-59.382915476229535,-34.364634822818303],[-59.383243567712164,-34.364366038873307],[-59.38356967663821,-34.364367681626995],[-59.383897765004527,-34.364098895882819],[-59.384225851275737,-34.363830109224793],[-59.384553935451891,-34.363561321652931],[-59.384882017532988,-34.363292533167282],[-59.385208122400712,-34.363294171511313],[-59.385536201365618,-34.363025381226706],[-59.385864278235509,-34.362756590028354]]}},
{"type":"Feature","properties":{"length_m":150.0,"Name":"Red de drenaje ≥ 0.5 km²"},"geometry":{"type":"LineString","coordinates":[[-59.384323686521192,-34.439552670415225],[-59.383997285726146,-34.439551026542951],[-59.383670884957567,-34.43954938179953],[-59.383344484215442,-34.439547736184927],[-59.383018083499799,-34.439546089699171],[-59.382691682810666,-34.439544442342253]]}},
{"type":"Feature","properties":{"length_m":2845.2186130069758,"Name":"Red de drenaje ≥ 0.5 km²"},"geometry":{"type":"LineString","coordinates":[[-59.382691682810666,-34.439544442342253],[-59.382365282148008,-34.439542794114175],[-59.382040872478704,-34.43927072080912],[-59.381714472920549,-34.439269070855303],[-59.381390066432104,-34.438996995845663],[-59.381063667978481,-34.438995344166152],[-59.380739264670858,-34.438723267451991],[-59.380412867321816,-34.438721614046813],[-59.380088467195037,-34.438449535628202],[-59.379762070950612,-34.438447880497392],[-59.379435674732818,-34.438446224495458],[-59.379109278541669,-34.438444567622405],[-59.378782882377166,-34.438442909878219],[-59.378456486239358,-34.438441251262915],[-59.378132093605558,-34.43816916772213],[-59.377805698572509,-34.438167507381259],[-59.377481309119545,-34.437895422136272],[-59.377154915191305,-34.437893760069898],[-59.376828521289795,-34.437892097132405],[-59.376502127415051,-34.43789043332383],[-59.376173723808222,-34.438159192610208],[-59.375847328935649,-34.438157527042634],[-59.375520934089884,-34.438155860603956],[-59.375194539270922,-34.438154193294167],[-59.374868144478789,-34.438152525113267],[-59.37453973467094,-34.438421279931347],[-59.37421333888112,-34.438419609991413],[-59.373886943118166,-34.43841793918034],[-59.373560547382098,-34.438416267498148],[-59.373234151672925,-34.438414594944838],[-59.37290775599066,-34.438412921520381],[-59.372581360335303,-34.43841124722482],[-59.372254964706904,-34.438409572058141],[-59.371928569105449,-34.43840789602033],[-59.371600148999015,-34.438676642817917],[-59.371273752400114,-34.438674965020986],[-59.370949382462932,-34.438402862680171],[-59.370622986969423,-34.438401183157872],[-59.370296591502928,-34.438399502764454],[-59.369970196063477,-34.438397821499919],[-59.369643800651076,-34.438396139364258],[-59.36931740526574,-34.438394456357472],[-59.368991009907468,-34.438392772479574],[-59.368664614576296,-34.438391087730537],[-59.368338219272239,-34.43838940211041],[-59.368011823995289,-34.438387715619136],[-59.367685428745489,-34.438386028256751],[-59.367359033522831,-34.438384340023262],[-59.367032638327316,-34.438382650918641],[-59.366706243158987,-34.438380960942887],[-59.36637984801785,-34.438379270096036],[-59.366053452903913,-34.438377578378052],[-59.365727057817189,-34.438375885788965],[-59.365402707238786,-34.438103768932329],[-59.365076313257923,-34.438102074618058],[-59.364751965860862,-34.437829956058259],[-59.364425572985873,-34.437828260018811],[-59.364101228770153,-34.437556139755934],[-59.363774837001088,-34.437554441991381],[-59.363450495966667,-34.437282320025467],[-59.363126157034877,-34.437010197210562],[-59.362801820205696,-34.436738073546707],[-59.36247543169992,-34.436736372349145],[-59.362149043221535,-34.436734670280501],[-59.361824710652257,-34.436462544059864],[-59.361498323279918,-34.436460840266228],[-59.361173993891867,-34.436188712342812],[-59.360849666606356,-34.435916583570581],[-59.3605232814188,-34.435914877198144],[-59.360198957314481,-34.435642746723232],[-59.359872573233112,-34.435641038625896],[-59.359548252309921,-34.43536890644841],[-59.359223933489204,-34.435096773422195],[-59.358899616770884,-34.434824639547315],[-59.358575302154932,-34.43455250482377],[-59.358250989641341,-34.434280369251589],[-59.357926679230047,-34.434008232830806],[-59.357602370921079,-34.433736095561457],[-59.357278064714372,-34.433463957443536],[-59.356953760609869,-34.433191818477091],[-59.3566294586076,-34.432919678662159],[-59.356305158707485,-34.432647537998733],[-59.356307232046504,-34.432377114829023]]}},
{"type":"Feature","properties":{"length_m":1893.3809511662421,"Name":"Red de drenaje ≥ 0.5 km²"},"geometry":{"type":"LineString","coordinates":[[-59.38186157916121,-34.463608850934889],[-59.381535084916898,-34.463607199486702],[-59.381210586134124,-34.463335124069559],[-59.380884092995686,-34.463333470894135],[-59.38055959739755,-34.463061393770879],[-59.380233105365022,-34.463059738868218],[-59.37990861295151,-34.462787660038963],[-59.379584122643337,-34.462515580359003],[-59.379586123235107,-34.46224515729682],[-59.379588123800211,-34.461974734222544],[-59.379590124338648,-34.461704311136181],[-59.379265639213592,-34.461432230619309],[-59.378941156193704,-34.461160149251839],[-59.378616675278963,-34.460888067033771],[-59.37829219646931,-34.460615983965141],[-59.377967719764762,-34.460343900045984],[-59.377969725405869,-34.460073476970543],[-59.377971731020232,-34.459803053882993],[-59.377973736607885,-34.459532630783372],[-59.378302219278673,-34.459263868443934],[-59.378304223760402,-34.458993445303435],[-59.378632703247071,-34.458724682017952],[-59.378634706622933,-34.458454258836575],[-59.378636709972099,-34.458183835643119],[-59.378638713294578,-34.457913412437584],[-59.378640716590368,-34.457642989219949],[-59.378642719859464,-34.457372565990241],[-59.378318254384617,-34.45710048298151],[-59.377993791014468,-34.456828399122372],[-59.377669329749033,-34.456556314412822],[-59.377671336068325,-34.456285891184876],[-59.37767334236085,-34.45601546794483],[-59.377675348626653,-34.455745044692712],[-59.377350892542545,-34.45547295914669],[-59.377352899807171,-34.455202535887111],[-59.37702844685311,-34.454930449495421],[-59.376703996003549,-34.454658362253454],[-59.376706005292355,-34.45438793899109],[-59.376708014554374,-34.454117515716625],[-59.376710023789649,-34.453847092430081],[-59.376712032998135,-34.453576669131436],[-59.376714042179835,-34.453306245820698],[-59.37671605133476,-34.45303582249791],[-59.37704451221056,-34.452767063020815],[-59.37704652025981,-34.452496639657113],[-59.377048528282302,-34.452226216281318],[-59.377050536278041,-34.451955792893422],[-59.377052544247022,-34.451685369493447],[-59.377054552189257,-34.4514149460814],[-59.37705656010472,-34.451144522657245],[-59.377058567993423,-34.450874099221018],[-59.376734132524355,-34.45060201204879],[-59.376409699159346,-34.450329924026427],[-59.376085267898333,-34.450057835153977],[-59.375760838741314,-34.449785745431448]]}},
{"type":"Feature","properties":{"length_m":978.82250993908565,"Name":"Red de drenaje ≥ 0.5 km²"},"geometry":{"type":"LineString","coordinates":[[-59.373933217782032,-34.344576810183504],[-59.37425724059046,-34.344848904902747],[-59.374583273383969,-34.344850570772316],[-59.374909306204259,-34.344852235773779],[-59.375235339051287,-34.344853899907157],[-59.375561371925031,-34.34485556317243],[-59.375887404825505,-34.344857225569612],[-59.376213437752703,-34.344858887098709],[-59.37654147229253,-34.344590119644025],[-59.376869504739275,-34.344321351275731],[-59.377195535653421,-34.344323010167088],[-59.377523564987257,-34.344054240000446],[-59.377851592228083,-34.343785468920267],[-59.378179617375885,-34.343516696926571],[-59.378505645257029,-34.34351835229559],[-59.378833667291985,-34.343249578503695],[-59.379161687234003,-34.342980803798348],[-59.379489705083117,-34.342712028179605],[-59.379817720839334,-34.342443251647474],[-59.38014573450269,-34.342174474201975],[-59.380473746073214,-34.341905695843153],[-59.380801755550927,-34.341636916571012],[-59.381129762935856,-34.341368136385611],[-59.381457768228039,-34.341099355286943],[-59.381783786956625,-34.341101001826118],[-59.382111789136182,-34.340832218929663],[-59.382437806871302,-34.34083386371632]]}},
{"type":"Feature","properties":{"length_m":254.55844122715712,"Name":"Red de drenaje ≥ 0.5 km²"},"geometry":{"type":"LineString","coordinates":[[-59.38046976852209,-34.342446552703905],[-59.380797780145627,-34.342177773489119],[-59.381125789676325,-34.341908993361073],[-59.381453797114204,-34.341640212319717],[-59.381781802459315,-34.341371430365122],[-59.382109805711679,-34.341102647497323],[-59.382437806871302,-34.34083386371632]]}},
{"type":"Feature","properties":{"length_m":744.85281374238571,"Name":"Red de drenaje ≥ 0.5 km²"},"geometry":{"type":"LineString","coordinates":[[-59.38223669160066,-34.323795194843768],[-59.382238673333987,-34.323524765503947],[-59.38224065504091,-34.32325433615209],[-59.382242636721415,-34.322983906788153],[-59.382244618375516,-34.322713477412172],[-59.382246600003192,-34.322443048024112],[-59.382248581604451,-34.322172618624002],[-59.382250563179319,-34.321902189211841],[-59.38225254472777,-34.321631759787579],[-59.38225452624981,-34.321361330351266],[-59.382256507745424,-34.321090900902909],[-59.382258489214642,-34.320820471442474],[-59.38226047065745,-34.320550041969973],[-59.382262452073839,-34.320279612485422],[-59.382264433463831,-34.320009182988784],[-59.382266414827406,-34.319738753480102],[-59.382268396164569,-34.319468323959356],[-59.38194444342998,-34.31919625009786],[-59.381946425759551,-34.318925820569575],[-59.381948408062712,-34.318655391029218],[-59.381950390339448,-34.31838496147676],[-59.381952372589772,-34.318114531912286],[-59.381954354813658,-34.317844102335748],[-59.381630409263344,-34.317572027650648],[-59.381632392479546,-34.31730159806655]]}},
{"type":"Feature","properties":{"length_m":2370.3657992645913,"Name":"Red de drenaje ≥ 0.5 km²"},"geometry":{"type":"LineString","coordinates":[[-59.363905880221743,-34.333978031036473],[-59.364233910567556,-34.333709296045903],[-59.364559899628148,-34.333710988127237],[-59.364885888715918,-34.333712679340849],[-59.365213914932227,-34.333443941666843],[-59.365539903028342,-34.333445631127958],[-59.365865891151607,-34.333447319721387],[-59.366193913238362,-34.333178579364066],[-59.366519900369916,-34.333180266205048],[-59.366845887528555,-34.3331819521783],[-59.367173905485714,-34.332913209137814],[-59.367499891652571,-34.332914893358684],[-59.367827906499031,-34.3326461485198],[-59.368153891674034,-34.332647830988314],[-59.368481903409773,-34.332379084351111],[-59.368807887592915,-34.332380765067278],[-59.369133871803044,-34.332382444915787],[-59.369461879409158,-34.332113695595737],[-59.369787862627362,-34.332115373691927],[-59.370115867122756,-34.331846622573721],[-59.370441849348957,-34.33184829891767],[-59.370767831602087,-34.331849974393947],[-59.371095831967828,-34.331581220593129],[-59.371423830241852,-34.331312465878831],[-59.371749810483948,-34.331314138718369],[-59.372077805647287,-34.331045382206135],[-59.372405798718944,-34.330776624780505],[-59.372733789698984,-34.330507866441515],[-59.37305976691097,-34.330509535759973],[-59.373387754780374,-34.330240775623182],[-59.373715740558197,-34.329972014573094],[-59.374043724244451,-34.329703252609718],[-59.374371705839181,-34.329434489733096],[-59.374699685342364,-34.329165725943263],[-59.375027662754086,-34.328896961240225],[-59.375355638074346,-34.328628195624027],[-59.375683611303181,-34.328359429094668],[-59.376011582440611,-34.328090661652212],[-59.376339551486652,-34.327821893296658],[-59.376667518441366,-34.327553124028036],[-59.376993484471086,-34.327554782751065],[-59.377321448315456,-34.327286011685153],[-59.37764741335279,-34.327287668656425],[-59.377973378416733,-34.327289324760152],[-59.378299343507287,-34.327290979996356],[-59.378625308624414,-34.327292634365016],[-59.378951273768138,-34.327294287866174],[-59.379277238938379,-34.327295940499781],[-59.379603204135194,-34.32729759226585],[-59.379929169358526,-34.327299243164397],[-59.380255134608376,-34.327300893195435],[-59.380581099884736,-34.327302542358922],[-59.380907065187571,-34.327304190654878],[-59.381231045276749,-34.327576267204478],[-59.381558995872673,-34.327307484644201],[-59.381886944377264,-34.327038701171169],[-59.382214890790593,-34.326769916785373],[-59.382216872814503,-34.326499487578275],[-59.382218854811995,-34.326229058359125],[-59.382220836783056,-34.325958629127889],[-59.382222818727719,-34.325688199884603],[-59.38222480064595,-34.325417770629244],[-59.382226782537778,-34.325147341361806],[-59.38222876440318,-34.324876912082338],[-59.382230746242179,-34.324606482790784],[-59.382232728054746,-34.32433605348718],[-59.382234709840901,-34.324065624171489],[-59.38223669160066,-34.323795194843768]]}},
{"type":"Feature","properties":{"length_m":812.13203435596427,"Name":"Red de drenaje ≥ 0.5 km²"},"geometry":{"type":"LineString","coordinates":[[-59.373474186549515,-34.318612334940241],[-59.373802126219566,-34.318343572648921],[-59.374128056464571,-34.318345238608913],[-59.374455993025826,-34.318076474520694],[-59.374781922279162,-34.318078138729454],[-59.375107851559214,-34.318079802070962],[-59.375433780865997,-34.318081464545251],[-59.375759710199475,-34.318083126152302],[-59.376087640596559,-34.317814357615333],[-59.376413568938219,-34.317816017471195],[-59.376739497306531,-34.317817676459846],[-59.377065425701502,-34.317819334581245],[-59.377391354123098,-34.317820991835454],[-59.377717282571304,-34.317822648222432],[-59.378043211046105,-34.317824303742185],[-59.378369139547509,-34.317825958394707],[-59.378695068075473,-34.317827612180018],[-59.379020996630004,-34.317829265098105],[-59.37934891576981,-34.317560487693221],[-59.379674843332261,-34.317562138860225],[-59.380000770921221,-34.317563789159998],[-59.380326698536699,-34.317565438592545],[-59.380654612530293,-34.317296657623586],[-59.380980539153576,-34.317298305305123],[-59.381306465803348,-34.317299952119427],[-59.381632392479546,-34.31730159806655]]}},
{"type":"Feature","properties":{"length_m":1275.8073580374353,"Name":"Red de drenaje ≥ 0.5 km²"},"geometry":{"type":"LineString","coordinates":[[-59.380759796343078,-34.391667628571163],[-59.380433581753707,-34.391665977189099],[-59.380107367190874,-34.391664324937416],[-59.379783147322343,-34.39139224560536],[-59.37945892955171,-34.391120165424894],[-59.379134713878976,-34.390848084396083],[-59.378810500304098,-34.390576002518934],[-59.378486288827062,-34.390303919793475],[-59.378162079447804,-34.390031836219741],[-59.37783587136483,-34.390030177980925],[-59.377511665158906,-34.389758092706089],[-59.377187461050717,-34.389486006583034],[-59.376861255145506,-34.389484345768992],[-59.376537054210587,-34.389212257944934],[-59.376212855373382,-34.388940169272722],[-59.375888658633798,-34.388668079752421],[-59.375564463991864,-34.388395989384009],[-59.375238262415657,-34.388394324289322],[-59.374914070946865,-34.388122232220127],[-59.374587870473015,-34.388120565403192],[-59.374263682177386,-34.387848471633276],[-59.373937482805928,-34.387846803094163],[-59.373613297683441,-34.387574707623592],[-59.373287099414398,-34.38757303736233],[-59.372962917465046,-34.387300940191174],[-59.372636720298487,-34.387299268207784],[-59.37231254152222,-34.3870271693361],[-59.371988364843403,-34.386755069616584],[-59.371664190262017,-34.386482969049247],[-59.371340017778003,-34.386210867634119],[-59.371013824940896,-34.386209191370895],[-59.370689655629882,-34.385937088255467],[-59.370365488416219,-34.385664984292283],[-59.370041323299866,-34.385392879481437]]}},
{"type":"Feature","properties":{"length_m":42.426406871192853,"Name":"Red de drenaje ≥ 0.5 km²"},"geometry":{"type":"LineString","coordinates":[[-59.379417980557534,-34.484960652381424],[-59.379093407152226,-34.484688571470272]]}},
{"type":"Feature","properties":{"length_m":72.426406871192853,"Name":"Red de drenaje ≥ 0.5 km²"},"geometry":{"type":"LineString","coordinates":[[-59.380139764917409,-34.342985759388938],[-59.38046777970677,-34.342716981116169],[-59.38046976852209,-34.342446552703905]]}},
{"type":"Feature","properties":{"length_m":823.67532368147135,"Name":"Red de drenaje ≥ 0.5 km²"},"geometry":{"type":"LineString","coordinates":[[-59.374561185100106,-34.347825278142629],[-59.37488923654621,-34.347556515429417],[-59.375217285898927,-34.347287751802419],[-59.375219291911691,-34.347017323862339],[-59.375547338097668,-34.346748559292756],[-59.37554934301032,-34.34647813131177],[-59.37587738602965,-34.346209365799638],[-59.376205426955742,-34.345940599373812],[-59.376533465788597,-34.345671832034313],[-59.376861502528293,-34.34540306378117],[-59.377189537174793,-34.345134294614418],[-59.377517569728191,-34.344865524534079],[-59.377845600188479,-34.344596753540181],[-59.378173628555679,-34.344327981632738],[-59.378501654829819,-34.3440592088118],[-59.378829679010927,-34.343790435077374],[-59.379157701099039,-34.343521660429488],[-59.379485721094206,-34.343252884868164],[-59.379813738996404,-34.342984108393452],[-59.380141754805692,-34.342715331005344],[-59.38046976852209,-34.342446552703905]]}},
{"type":"Feature","properties":{"length_m":2405.5129855222053,"Name":"Red de drenaje ≥ 0.5 km²"},"geometry":{"type":"LineString","coordinates":[[-59.379093407152226,-34.484688571470272],[-59.378764826054613,-34.484957333770744],[-59.378438248843231,-34.484955673156442],[-59.378111671658552,-34.484954011669515],[-59.377785094500645,-34.484952349309928],[-59.37745851736949,-34.484950686077731],[-59.377131940265102,-34.484949021972881],[-59.376805363187522,-34.484947356995399],[-59.376476773820016,-34.485216113041609],[-59.376148182344885,-34.485484868169564],[-59.375821603240105,-34.485483200540656],[-59.375495024162156,-34.485481532039088],[-59.375170461669896,-34.485209440847747],[-59.37517247820184,-34.484939019018498],[-59.374847918844118,-34.484666926980694],[-59.374523361593972,-34.484394834091745],[-59.374198806451375,-34.484122740351722],[-59.374200826037082,-34.483852318524519],[-59.373876274028838,-34.483580223938155],[-59.373878294614464,-34.483309802103591],[-59.373880315173132,-34.48303938025694],[-59.373882335704891,-34.482768958398189],[-59.373884356209722,-34.482498536527338],[-59.373886376687636,-34.482228114644407],[-59.374214962383562,-34.481959365395575],[-59.374216981753989,-34.481688943471632],[-59.374219001097508,-34.481418521535609],[-59.374221020414105,-34.4811480995875],[-59.373896478673345,-34.480876005048394],[-59.37357193903977,-34.480603909658321],[-59.373247401513346,-34.48033181341733],[-59.372922866094029,-34.480059716325435],[-59.372596308332035,-34.480058040307085],[-59.372269750597027,-34.480056363416253],[-59.37194319288902,-34.480054685652945],[-59.371616635207992,-34.480053007017169],[-59.371292106217922,-34.479780905652021],[-59.370967579334895,-34.479508803436097],[-59.370643054558911,-34.47923670036942],[-59.370318531889943,-34.478964596452016],[-59.369994011327925,-34.478692491683937],[-59.369669492872873,-34.478420386065167],[-59.369671526641859,-34.478149964220265],[-59.369673560383752,-34.477879542363283],[-59.369675594098553,-34.477609120494179],[-59.369677627786231,-34.477338698613003],[-59.369679661446817,-34.477068276719727],[-59.369681695080295,-34.476797854814379],[-59.369683728686681,-34.476527432896923],[-59.369685762265959,-34.476257010967373],[-59.369687795818159,-34.47598658902573],[-59.369689829343258,-34.475716167072001],[-59.369691862841236,-34.475445745106178],[-59.369693896312143,-34.475175323128262],[-59.369369392279111,-34.474903216717017],[-59.369371426749083,-34.474632794731846],[-59.369044890352654,-34.474631109455245],[-59.368720390532722,-34.474359001342982],[-59.368395892819265,-34.474086892380278],[-59.36806935861074,-34.474085204520726],[-59.367744864084159,-34.473813093852293],[-59.367420371663997,-34.473540982333446],[-59.367422412317609,-34.473270560389629],[-59.367424452944014,-34.473000138433733],[-59.367426493543228,-34.472729716465729],[-59.367428534115248,-34.472459294485631],[-59.367104047905372,-34.472187182136047],[-59.367106089476145,-34.471916760148765],[-59.366781606398455,-34.471644646953798],[-59.366457125426948,-34.471372532908575]]}},
{"type":"Feature","properties":{"length_m":302.13203435596427,"Name":"Red de drenaje ≥ 0.5 km²"},"geometry":{"type":"LineString","coordinates":[[-59.378362342112482,-34.4511511689714],[-59.378035896570452,-34.451149508700162],[-59.377711456839762,-34.450877424087693],[-59.377387019213138,-34.450605338625081],[-59.377062583690567,-34.450333252312298],[-59.376738150272011,-34.450061165149364],[-59.376411709071782,-34.450059500587429],[-59.376087278835968,-34.44978741171964],[-59.375760838741314,-34.449785745431448]]}},
{"type":"Feature","properties":{"length_m":2772.7922061357831,"Name":"Red de drenaje ≥ 0.5 km²"},"geometry":{"type":"LineString","coordinates":[[-59.375408332035526,-34.497109659458225],[-59.37508170765679,-34.49710798936222],[-59.374753064509001,-34.497376739661433],[-59.374426439129621,-34.497375067802551],[-59.374099813777136,-34.497373395070632],[-59.373773188451622,-34.497371721465683],[-59.373446563153017,-34.497370046987704],[-59.373119937881377,-34.497368371636668],[-59.372791287487161,-34.497637116567802],[-59.37246466121502,-34.497635439453859],[-59.372138034969893,-34.497633761466865],[-59.371811408751782,-34.497632082606835],[-59.371484782560685,-34.497630402873746],[-59.371158156396632,-34.497628722267613],[-59.370831530259643,-34.497627040788451],[-59.370504904149733,-34.497625358436252],[-59.370178278066888,-34.497623675210988],[-59.369849617344414,-34.497892412103752],[-59.369522990261324,-34.497890727115468],[-59.369194326402571,-34.498159462199204],[-59.368867698319271,-34.498157775447879],[-59.368541070263142,-34.49815608782351],[-59.368214442234155,-34.498154399326062],[-59.367887814232382,-34.498152709955548],[-59.367561186257781,-34.498151019711983],[-59.367234558310393,-34.49814932859536],[-59.366907930390234,-34.498147636605687],[-59.36658130249733,-34.498145943742969],[-59.366254674631655,-34.498144250007172],[-59.365928046793265,-34.498142555398317],[-59.365601418982159,-34.498140859916418],[-59.365276840654829,-34.49786874282043],[-59.364952264436418,-34.497596624873424],[-59.364627690326913,-34.497324506075394],[-59.364303118326276,-34.497052386426404],[-59.363978548434496,-34.496780265926454],[-59.363651926059568,-34.496778565291677],[-59.363325303712031,-34.496776863783907],[-59.363000738092623,-34.496504740721228],[-59.362676174582013,-34.496232616807667],[-59.362351613180138,-34.495960492043288],[-59.36202705388699,-34.495688366428091],[-59.36202911364115,-34.495417945749182],[-59.361702496702556,-34.495416239962097],[-59.361704557483584,-34.495145819288254],[-59.361706618237136,-34.494875398602289],[-59.361382065215061,-34.494603271295645],[-59.361057514301564,-34.494331143138318],[-59.361059577081292,-34.494060722450392],[-59.360735029303129,-34.493788593447427],[-59.360410483633444,-34.493516463593807],[-59.360412548439172,-34.493246042903934],[-59.36008800590465,-34.492973912204782],[-59.360090071709557,-34.492703491507925],[-59.359765532310121,-34.492431359963263],[-59.35944099501905,-34.49215922756806],[-59.359443062849678,-34.491888806869291],[-59.359445130652752,-34.491618386158429],[-59.359447198428263,-34.49134796543548],[-59.359775866054797,-34.491079256322912],[-59.360104531573093,-34.490810546291037],[-59.360433194983187,-34.490541835339883],[-59.360761856285144,-34.490273123469443],[-59.361090515478971,-34.490004410679731],[-59.361419172564695,-34.489735696970818],[-59.361747827542324,-34.489466982342705],[-59.362076480411908,-34.489198266795427],[-59.362078539507422,-34.488927845826183],[-59.362080598575524,-34.488657424844838],[-59.362082657616163,-34.4883870038514],[-59.362084716629369,-34.488116582845862],[-59.362413363065301,-34.487847866262513],[-59.362415420969697,-34.487577445215642],[-59.362417478846695,-34.487307024156685],[-59.362746121012059,-34.487038306595799],[-59.362748177780311,-34.486767885495517],[-59.362750234521144,-34.486497464383156],[-59.362752291234578,-34.486227043258673],[-59.362754347920578,-34.485956622122103],[-59.362756404579208,-34.485686200973447],[-59.362758461210412,-34.485415779812683]]}},
{"type":"Feature","properties":{"length_m":1066.6904755831215,"Name":"Red de drenaje ≥ 0.5 km²"},"geometry":{"type":"LineString","coordinates":[[-59.375571594473861,-34.475205493849764],[-59.375247070996103,-34.474933402836669],[-59.375249086507182,-34.474662980547976],[-59.374924566162385,-34.474390888688731],[-59.374600047924105,-34.474118795978704],[-59.3742755317923,-34.473846702417887],[-59.373951017766942,-34.473574608006331],[-59.373626505848009,-34.473302512744063],[-59.373299974366375,-34.473300838891468],[-59.372975465633949,-34.473028741923109],[-59.372648935259413,-34.473027066342844],[-59.372322404911841,-34.47302538989036],[-59.371995874591263,-34.473023712565627],[-59.371997900446104,-34.472753290360572],[-59.371999926273929,-34.472482868143423],[-59.371675424940648,-34.472210767767834],[-59.371350925713649,-34.471938666541689],[-59.371024399686696,-34.471936986667792],[-59.370697873686773,-34.47193530592169],[-59.370371347713913,-34.471933624303375],[-59.370046853833657,-34.471661519660813],[-59.369722362059619,-34.471389414167795],[-59.369395838274201,-34.471387729966722],[-59.369069314515897,-34.471386044893485],[-59.368742790784701,-34.471384358948008],[-59.368416267080661,-34.471382672130389],[-59.36808974340375,-34.471380984440543],[-59.367763219754018,-34.471379295878535],[-59.367436696131449,-34.471377606444321],[-59.367110172536066,-34.471375916137944],[-59.36678364896791,-34.471374224959355],[-59.366457125426948,-34.471372532908575]]}},
{"type":"Feature","properties":{"length_m":784.26406871192853,"Name":"Red de drenaje ≥ 0.5 km²"},"geometry":{"type":"LineString","coordinates":[[-59.375760838741314,-34.449785745431448],[-59.375434398673463,-34.449784078271755],[-59.375107958632434,-34.449782410240587],[-59.374781518618263,-34.449780741337932],[-59.374455078630923,-34.449779071563761],[-59.374128638670463,-34.449777400918109],[-59.37380219873689,-34.449775729400962],[-59.373477778156804,-34.449503633700232],[-59.373153359680629,-34.449231537149572],[-59.372826921931711,-34.449229863051642],[-59.37250250663832,-34.448957764796461],[-59.372176069995227,-34.448956088972437],[-59.371849633379071,-34.448954412276933],[-59.371523196789937,-34.448952734709977],[-59.371196760227775,-34.448951056271554],[-59.370868296004318,-34.44921980016305],[-59.370539829676993,-34.449488543137193],[-59.370211361245723,-34.449757285193947],[-59.369882890710535,-34.45002602633329],[-59.369554418071381,-34.45029476655521],[-59.369225943328217,-34.45056350585967],[-59.368897466481023,-34.450832244246641],[-59.368571022771469,-34.450830558717833]]}},
{"type":"Feature","properties":{"length_m":2093.9696961966988,"Name":"Red de drenaje ≥ 0.5 km²"},"geometry":{"type":"LineString","coordinates":[[-59.36986705110516,-34.365109218655107],[-59.369869075644672,-34.364838791781096],[-59.369871100157212,-34.364568364895014],[-59.369873124642758,-34.364297937996859],[-59.370201255885604,-34.364029189441204],[-59.37020327926966,-34.363758762502002],[-59.370205302626744,-34.36348833555072],[-59.370207325956883,-34.363217908587352],[-59.370209349260037,-34.362947481611933],[-59.370211372536211,-34.362677054624434],[-59.370539496311721,-34.36240830500936],[-59.37054151848654,-34.362137877980828],[-59.370543540634408,-34.361867450940217],[-59.370545562755311,-34.361597023887519],[-59.37054758484927,-34.361326596822764],[-59.370549606916285,-34.361056169745922],[-59.370551628956356,-34.360785742657015],[-59.370553650969462,-34.360515315556036],[-59.370881765129674,-34.360246564823754],[-59.37088378604156,-34.359976137681741],[-59.370885806926502,-34.359705710527663],[-59.370887827784522,-34.359435283361499],[-59.370889848615604,-34.359164856183277],[-59.370891869419758,-34.358894428992961],[-59.370893890196967,-34.358624001790588],[-59.370895910947247,-34.358353574576149],[-59.371224015493283,-34.358084822726816],[-59.371226035142477,-34.357814395471351],[-59.371228054764757,-34.357543968203807],[-59.371230074360106,-34.35727354092419],[-59.371232093928555,-34.357003113632501],[-59.371234113470081,-34.356732686328741],[-59.371236132984698,-34.356462259012922],[-59.371564228991716,-34.356193506075634],[-59.371566247405383,-34.355923078718781],[-59.371568265792135,-34.355652651349892],[-59.371570284151986,-34.35538222396891],[-59.371572302484928,-34.355111796575841],[-59.37157432079097,-34.354841369170714],[-59.371576339070124,-34.354570941753522],[-59.371578357322392,-34.354300514324244],[-59.371580375547744,-34.354030086882908],[-59.371582393746202,-34.353759659429485],[-59.371584411917745,-34.353489231964012],[-59.371586430062422,-34.35321880448646],[-59.371914512161815,-34.352950050316728],[-59.371916529205713,-34.352679622798171],[-59.371918546222737,-34.352409195267541],[-59.371920563212868,-34.352138767724838],[-59.37192258017614,-34.351868340170064],[-59.37192459711251,-34.351597912603232],[-59.371926614022001,-34.351327485024321],[-59.37192863090462,-34.351057057433337],[-59.372256703393582,-34.350788302147052],[-59.372258719175584,-34.350517874515099],[-59.37226073493072,-34.350247446871059],[-59.372588803178594,-34.349978690612915],[-59.372916869332833,-34.349709933440813],[-59.373244933393472,-34.349441175354727],[-59.373572995360526,-34.349172416354698],[-59.37390105523405,-34.348903656440754],[-59.373903065594241,-34.34863322864021],[-59.374231122300721,-34.348364467783519],[-59.374559176913706,-34.34809570601297],[-59.374561185100106,-34.347825278142629]]}},
{"type":"Feature","properties":{"length_m":1176.3961030678925,"Name":"Red de drenaje ≥ 0.5 km²"},"geometry":{"type":"LineString","coordinates":[[-59.363771093429989,-34.351826248362471],[-59.364099194636481,-34.351557515294637],[-59.364425252761315,-34.351559208501378],[-59.36475335085435,-34.351290473633696],[-59.365081446853644,-34.351021737851568],[-59.365409540759217,-34.350753001154999],[-59.365737632571069,-34.35048426354404],[-59.366065722289271,-34.350215525018683],[-59.366393809913816,-34.349946785579007],[-59.366719861947722,-34.349948472605625],[-59.367045914008685,-34.349950158763988],[-59.367371966096762,-34.349951844054104],[-59.367700048568572,-34.349683101044405],[-59.368026099663979,-34.349684784581051],[-59.368352150786428,-34.34968646724942],[-59.36868022912514,-34.349417721555099],[-59.369006279254876,-34.349419402470062],[-59.369332329411591,-34.349421082516791],[-59.369658379595286,-34.34942276169528],[-59.369984429805974,-34.349424440005528],[-59.370310480043628,-34.349426117447528],[-59.370636530308225,-34.349427794021302],[-59.370962580599759,-34.3494294697268],[-59.371288630918208,-34.349431144564107],[-59.371614681263573,-34.349432818533153],[-59.37194073163581,-34.34943449163395],[-59.372266782034949,-34.349436163866507],[-59.372594847061833,-34.349167407521662],[-59.372920896467903,-34.349169078000898],[-59.373248958381332,-34.348900319857044],[-59.373577018201225,-34.348631560799262],[-59.373905075927645,-34.348362800827573],[-59.374233131560594,-34.348094039942033],[-59.374561185100106,-34.347825278142629]]}},
{"type":"Feature","properties":{"length_m":1458.8225099390856,"Name":"Red de drenaje ≥ 0.5 km²"},"geometry":{"type":"LineString","coordinates":[[-59.359817948150344,-34.314214688439499],[-59.360143861555741,-34.314216391433057],[-59.360469774988488,-34.314218093559518],[-59.360795688448576,-34.314219794818875],[-59.36112160193597,-34.314221495211129],[-59.361447515450685,-34.314223194736293],[-59.361773428992691,-34.314224893394368],[-59.362099342561962,-34.314226591185346],[-59.362425256158524,-34.314228288109213],[-59.362749126248026,-34.314500412906355],[-59.363075040944025,-34.314502108113118],[-59.363400955667267,-34.314503802452776],[-59.3637268704177,-34.314505495925303],[-59.364050745813756,-34.314777617327323],[-59.364376661663563,-34.314779309082688],[-59.364700540221762,-34.315051428789552],[-59.365024420869979,-34.315323547651296],[-59.365348303608229,-34.315595665667885],[-59.365672188436548,-34.315867782839298],[-59.365996075354964,-34.316139899165499],[-59.366319964363541,-34.316412014646509],[-59.366643855462243,-34.316684129282244],[-59.366967748651149,-34.316956243072696],[-59.367291643930251,-34.317228356017843],[-59.367617569456641,-34.31723003925471],[-59.367941467898149,-34.317502150504275],[-59.368265368429938,-34.317774260908486],[-59.368589271052024,-34.318046370467272],[-59.368915199821892,-34.318048050286109],[-59.369241128618725,-34.318049729237721],[-59.369567057442538,-34.318051407322102],[-59.369890965371368,-34.318323513484543],[-59.37021689529422,-34.318325189851372],[-59.370542825244023,-34.318326865350969],[-59.37086673740739,-34.318598968967187],[-59.371192668456175,-34.318600642749168],[-59.371518599531839,-34.318602315663931],[-59.371844530634355,-34.31860398771142],[-59.37217046176373,-34.318605658891684],[-59.372496392919956,-34.318607329204688],[-59.372822324103012,-34.318608998650454],[-59.373148255312856,-34.318610667228974],[-59.373474186549515,-34.318612334940241]]}},
{"type":"Feature","properties":{"length_m":2597.0562748477109,"Name":"Red de drenaje ≥ 0.5 km²"},"geometry":{"type":"LineString","coordinates":[[-59.350899626591627,-34.329582763396438],[-59.351225598838134,-34.329584490793408],[-59.35155157111241,-34.32958621732277],[-59.351877543414396,-34.32958794298456],[-59.352203515744101,-34.329589667778755],[-59.352529488101496,-34.329591391705357],[-59.352855460486602,-34.329593114764371],[-59.353183508286122,-34.329324409390743],[-59.353509479680817,-34.329326130697211],[-59.353835451103166,-34.329327851136142],[-59.354163494775044,-34.329059143078332],[-59.354489465206925,-34.329060861764759],[-59.354815435666382,-34.329062579583621],[-59.35514347521061,-34.32879386884175],[-59.355469444679528,-34.328795584908171],[-59.355797481114209,-34.328526872367242],[-59.356123449592545,-34.328528586681266],[-59.356451482917663,-34.328259872341313],[-59.356777450405374,-34.328261584902968],[-59.357105480620973,-34.327992868764092],[-59.357431447118003,-34.327994579573406],[-59.357759474224075,-34.327725861635656],[-59.358085439730381,-34.327727570692659],[-59.358413463726954,-34.32745885095612],[-59.358739428242515,-34.32746055826086],[-59.359067449129597,-34.327191836725603],[-59.359393412654342,-34.327193542278103],[-59.359719376206485,-34.327195246963086],[-59.360047392965818,-34.326926522744486],[-59.360373355527095,-34.326928225677278],[-59.360701369176965,-34.326659499660103],[-59.361027330747319,-34.326661200840761],[-59.361355341287691,-34.326392473025088],[-59.361681301867073,-34.326394172453611],[-59.362009309298003,-34.326125442839526],[-59.362337314637784,-34.325856712311662],[-59.362663273207858,-34.32585840910351],[-59.36298923180518,-34.3258601050279],[-59.363315190429745,-34.325861800084795],[-59.363643190623442,-34.325593065989516],[-59.363969148256906,-34.325594759294418],[-59.364295105917527,-34.325596451731855],[-59.36462310198344,-34.325327714953872],[-59.36494905865289,-34.325329405639323],[-59.365277051609333,-34.325060667063248],[-59.365605042474726,-34.324791927573614],[-59.365933031249128,-34.324523187170449],[-59.366261017932523,-34.324254445853775],[-59.366586970555559,-34.324256132133961],[-59.366914954129591,-34.323987389019408],[-59.367242935612694,-34.323718644991374],[-59.36757091500489,-34.323449900049944],[-59.367898892306187,-34.32318115419514],[-59.368224840882689,-34.323182836070401],[-59.368552815074715,-34.322914088417896],[-59.368880787175918,-34.322645339852059],[-59.369208757186328,-34.32237659037294],[-59.369536725105966,-34.322107839980546],[-59.369864690934847,-34.321839088674921],[-59.370192654673012,-34.321570336456091],[-59.370520616320483,-34.321301583324058],[-59.370848575877275,-34.321032829278856],[-59.371176533343437,-34.320764074320536],[-59.371504488718983,-34.320495318449105],[-59.371832442003949,-34.320226561664583],[-59.372160393198335,-34.319957803967021],[-59.372488342302226,-34.319689045356427],[-59.372490354996891,-34.319418616336591],[-59.372818300938214,-34.319149856784094],[-59.373146244789055,-34.318881096318641],[-59.373474186549515,-34.318612334940241]]}},
{"type":"Feature","properties":{"length_m":888.82250993908565,"Name":"Red de drenaje ≥ 0.5 km²"},"geometry":{"type":"LineString","coordinates":[[-59.370251470063664,-34.487888510868459],[-59.369924881959228,-34.487886827379533],[-59.3695982938819,-34.487885143017891],[-59.369269670032871,-34.488153879176103],[-59.368943080955816,-34.488152193052052],[-59.368614453972043,-34.488420927401854],[-59.368287863895318,-34.48841923951538],[-59.367961273845786,-34.488417550756147],[-59.367634683823411,-34.488415861124182],[-59.367310135978023,-34.488143749340814],[-59.366985590240539,-34.487871636706615],[-59.36666104661095,-34.487599523221618],[-59.36633650508923,-34.487327408885847],[-59.366011965675355,-34.487055293699328],[-59.365687428369284,-34.486783177662083],[-59.365362893170989,-34.486511060774134],[-59.36503836008044,-34.486238943035531],[-59.36471382909761,-34.485966824446272],[-59.364387248833054,-34.485965126240565],[-59.364062721039105,-34.485693005945116],[-59.363738195352802,-34.485420884799083],[-59.363413671774147,-34.485148762802517],[-59.36308915030309,-34.484876639955417],[-59.362764630939608,-34.484604516257818]]}},
{"type":"Feature","properties":{"length_m":212.13203435596427,"Name":"Red de drenaje ≥ 0.5 km²"},"geometry":{"type":"LineString","coordinates":[[-59.370213391092008,-34.449486862050549],[-59.369884921635837,-34.449755603218911],[-59.369556450075734,-34.450024343469842],[-59.369227976411658,-34.45029308280332],[-59.368899500643572,-34.450561821219317],[-59.368571022771469,-34.450830558717833]]}},
{"type":"Feature","properties":{"length_m":1038.8225099390856,"Name":"Red de drenaje ≥ 0.5 km²"},"geometry":{"type":"LineString","coordinates":[[-59.370041323299866,-34.385392879481437],[-59.369717160280779,-34.385120773822912],[-59.369392999358965,-34.384848667316739],[-59.369068840534375,-34.384576559962952],[-59.368744683806973,-34.384304451761572],[-59.368420529176738,-34.384032342712636],[-59.368096376643642,-34.383760232816172],[-59.36809840828851,-34.383489806860055],[-59.367774258873986,-34.383217696120951],[-59.367776291513223,-34.382947270157651],[-59.36745214521715,-34.382675158575957],[-59.3674541788507,-34.382404732605494],[-59.367456212457149,-34.38213430662293],[-59.367132070300812,-34.381862194203599],[-59.36713410490151,-34.381591768213866],[-59.367136139475093,-34.381321342212047],[-59.366812001458285,-34.381049228955149],[-59.366487865538311,-34.380777114850893],[-59.366163731715133,-34.380504999899294],[-59.365839599988725,-34.380232884100415],[-59.36551547035905,-34.379960767454236],[-59.365517510011692,-34.379690341464986],[-59.365193383499879,-34.379418223976515],[-59.365195424146485,-34.379147797980131],[-59.365197464765892,-34.37887737197169],[-59.365199505358085,-34.378606945951148],[-59.365201545923092,-34.378336519918534],[-59.364877425592319,-34.378064401602707],[-59.364879467151184,-34.377793975562966]]}},
{"type":"Feature","properties":{"length_m":619.70562748477141,"Name":"Red de drenaje ≥ 0.5 km²"},"geometry":{"type":"LineString","coordinates":[[-59.369350414382204,-34.390527610013478],[-59.3693524425085,-34.390257184291535],[-59.369680677992918,-34.389988439404796],[-59.369682705016302,-34.389718013641819],[-59.369684732012658,-34.389447587866741],[-59.370012963247596,-34.389178842006544],[-59.370014989141097,-34.388908416190411],[-59.370017015007612,-34.388637990362191],[-59.370345241993256,-34.388369243528615],[-59.370347266756973,-34.388098817659319],[-59.370349291493717,-34.387828391777973],[-59.370351316203454,-34.387557965884511],[-59.370353340886233,-34.387287539979013],[-59.370355365542025,-34.387017114061429],[-59.370357390170824,-34.386746688131751],[-59.370359414772651,-34.386476262190001],[-59.370361439347484,-34.386205836236172],[-59.370363463895345,-34.385935410270271],[-59.370039297757316,-34.385663305454578],[-59.370041323299866,-34.385392879481437]]}},
{"type":"Feature","properties":{"length_m":683.96969619669994,"Name":"Red de drenaje ≥ 0.5 km²"},"geometry":{"type":"LineString","coordinates":[[-59.369480159989664,-34.373220339462328],[-59.369151990162891,-34.373489085260836],[-59.368823818240081,-34.373757830144385],[-59.368495644221184,-34.374026574112982],[-59.368167468106186,-34.374295317166542],[-59.367839289895052,-34.374564059305094],[-59.367511109587767,-34.37483280052858],[-59.367182927184309,-34.375101540836994],[-59.366854742684616,-34.375370280230278],[-59.366526556088701,-34.375639018708448],[-59.366198367396507,-34.375907756271452],[-59.36587017660802,-34.376176492919264],[-59.365541983723219,-34.37644522865186],[-59.365213788742068,-34.376713963469221],[-59.365211748340222,-34.376984389574318],[-59.365209707911177,-34.377254815667307],[-59.36520766745496,-34.377525241748216],[-59.364879467151184,-34.377793975562966]]}},
{"type":"Feature","properties":{"length_m":1591.2489168102779,"Name":"Red de drenaje ≥ 0.5 km²"},"geometry":{"type":"LineString","coordinates":[[-59.368571022771469,-34.450830558717833],[-59.368242542795308,-34.45109929529881],[-59.367914060715087,-34.451368030962229],[-59.367587614982853,-34.451366342784894],[-59.367259129773629,-34.451635076642198],[-59.366930642460261,-34.451903809581871],[-59.366604194705417,-34.451902118755903],[-59.36627570426301,-34.45217084988937],[-59.365949255510529,-34.452169157303253],[-59.36562076193907,-34.45243788663042],[-59.365294312188972,-34.452436192284132],[-59.364965815488453,-34.452704919804923],[-59.364639364740789,-34.452703223698428],[-59.364312914020402,-34.452701526720361],[-59.363986463327336,-34.452699828870728],[-59.363657961448112,-34.452968552807754],[-59.363331509757565,-34.452966853197836],[-59.363003004749281,-34.453235575328314],[-59.362676552061323,-34.453233873958126],[-59.362350099400722,-34.453232171716316],[-59.362023646767533,-34.453230468602925],[-59.361697194161749,-34.453228764617926],[-59.36137074158335,-34.453227059761346],[-59.361044289032428,-34.453225354033144],[-59.360717836508933,-34.453223647433362],[-59.360389322223227,-34.453492362424711],[-59.360062868702521,-34.453490654064559],[-59.359736415209298,-34.453488944832785],[-59.359407896769959,-34.453757657128492],[-59.359079376226255,-34.454026368506078],[-59.35875292071124,-34.454024656625066],[-59.358424397038554,-34.454293366195657],[-59.358097940526449,-34.454291652554161],[-59.357769413724725,-34.454560360317693],[-59.357440884818573,-34.45482906716299],[-59.357114426284816,-34.454827350872087],[-59.356785894249619,-34.455096055910218],[-59.356459434718893,-34.455094337858732],[-59.356132975215822,-34.455092618935602],[-59.355804439026947,-34.455361321277536],[-59.355477978526963,-34.455359600593788],[-59.355151518054662,-34.455357879038367],[-59.354825057610064,-34.455356156611288],[-59.354498597193185,-34.455354433312571],[-59.354172136804046,-34.455352709142161],[-59.353845676442646,-34.4553509841001],[-59.353519216108992,-34.455349258186381]]}},
{"type":"Feature","properties":{"length_m":519.41125496954282,"Name":"Red de drenaje ≥ 0.5 km²"},"geometry":{"type":"LineString","coordinates":[[-59.367795846620837,-34.467052541506781],[-59.36746729981769,-34.467321274566324],[-59.367138750908772,-34.467590006707717],[-59.366812242082489,-34.467588315767216],[-59.366483690042109,-34.467857046101372],[-59.366155135895887,-34.468125775517336],[-59.36582657964383,-34.468394504015073],[-59.365498021285923,-34.468663231594547],[-59.365171508384172,-34.468661536225504],[-59.364842946894669,-34.468930261997549],[-59.364516432994563,-34.468928564867262],[-59.364189919121742,-34.468926866864855],[-59.36386340527627,-34.468925167990335],[-59.363538944284961,-34.46865304629889],[-59.36321243154714,-34.468651345697275]]}},
{"type":"Feature","properties":{"length_m":114.85281374238571,"Name":"Red de drenaje ≥ 0.5 km²"},"geometry":{"type":"LineString","coordinates":[[-59.366267754089129,-34.409983052190071],[-59.366594038885466,-34.409984742121608],[-59.366918286259171,-34.410256855904258],[-59.367242535732714,-34.410528968838612]]}},
{"type":"Feature","properties":{"length_m":42.426406871192853,"Name":"Red de drenaje ≥ 0.5 km²"},"geometry":{"type":"LineString","coordinates":[[-59.366914211278107,-34.410797705310664],[-59.367242535732714,-34.410528968838612]]}},
{"type":"Feature","properties":{"length_m":424.26406871192853,"Name":"Red de drenaje ≥ 0.5 km²"},"geometry":{"type":"LineString","coordinates":[[-59.366457125426948,-34.471372532908575],[-59.366132646561624,-34.471100418013094],[-59.36580816980247,-34.470828302267392],[-59.365483695149422,-34.470556185671519],[-59.365159222602479,-34.470284068225475],[-59.364834752161592,-34.470011949929308],[-59.364510283826739,-34.469739830783013],[-59.364185817597907,-34.469467710786624],[-59.363861353475038,-34.469195589940192],[-59.363536891458139,-34.468923468243716],[-59.36321243154714,-34.468651345697275]]}},
{"type":"Feature","properties":{"length_m":150.0,"Name":"Red de drenaje ≥ 0.5 km²"},"geometry":{"type":"LineString","coordinates":[[-59.366904023350251,-34.412149828615213],[-59.366906060990154,-34.411879403978453],[-59.366908098602863,-34.411608979329635],[-59.36691013618843,-34.411338554668731],[-59.366912173746847,-34.411068129995741],[-59.366914211278107,-34.410797705310664]]}},
{"type":"Feature","properties":{"length_m":114.85281374238571,"Name":"Red de drenaje ≥ 0.5 km²"},"geometry":{"type":"LineString","coordinates":[[-59.365931266050268,-34.411333484619],[-59.366257556069144,-34.411335175505812],[-59.366585884723591,-34.411066440866406],[-59.366914211278107,-34.410797705310664]]}},
{"type":"Feature","properties":{"length_m":217.27922061357856,"Name":"Red de drenaje ≥ 0.5 km²"},"geometry":{"type":"LineString","coordinates":[[-59.366467600517105,-34.426751050939707],[-59.366143291807823,-34.426478936003264],[-59.365818985200072,-34.426206820218063],[-59.365492637438429,-34.426205127524398],[-59.365166289703993,-34.426203433960012],[-59.364837896612691,-34.426472163419042],[-59.364511547882032,-34.426470468096142]]}},
{"type":"Feature","properties":{"length_m":169.70562748477141,"Name":"Red de drenaje ≥ 0.5 km²"},"geometry":{"type":"LineString","coordinates":[[-59.365825111732363,-34.425395548309801],[-59.365496723921964,-34.425664279631725],[-59.365168334010136,-34.425933010036758],[-59.364839941996834,-34.426201739524913],[-59.364511547882032,-34.426470468096142]]}},
{"type":"Feature","properties":{"length_m":1058.5281374238571,"Name":"Red de drenaje ≥ 0.5 km²"},"geometry":{"type":"LineString","coordinates":[[-59.364511547882032,-34.426470468096142],[-59.364183151665699,-34.42673919575045],[-59.363856801938823,-34.426737498669027],[-59.36385475334783,-34.427007922487775],[-59.363852704729531,-34.427278346294436],[-59.363524303231983,-34.427547072085602],[-59.363195899632792,-34.42781579695972],[-59.362867493931944,-34.428084520916791],[-59.362539086129416,-34.428353243956778],[-59.362210676225153,-34.428621966079653],[-59.361882264219183,-34.428890687285389],[-59.36155385011142,-34.429159407573948],[-59.361225433901886,-34.429428126945339],[-59.360899073912798,-34.429426421855716],[-59.360570654577934,-34.429695139421888],[-59.360242233141221,-34.429963856070813],[-59.359915871132635,-34.42996214833434],[-59.359587446570572,-34.430230863177925],[-59.359259019906602,-34.4304995771042],[-59.358930591140719,-34.430768290113107],[-59.358602160272888,-34.431037002204619],[-59.35827372730305,-34.431305713378748],[-59.3579452922312,-34.431574423635432],[-59.357616855057302,-34.431843132974642],[-59.357288415781369,-34.432111841396384],[-59.356959974403331,-34.432380548900568],[-59.356633603211108,-34.432378832300266],[-59.356307232046504,-34.432377114829023]]}},
{"type":"Feature","properties":{"length_m":1859.1168824543133,"Name":"Red de drenaje ≥ 0.5 km²"},"geometry":{"type":"LineString","coordinates":[[-59.364879467151184,-34.377793975562966],[-59.36455330735803,-34.377792282439721],[-59.364227147592096,-34.377790588447297],[-59.363900987853427,-34.377788893585716],[-59.363574828141971,-34.377787197855021],[-59.363248668457807,-34.37778550125514],[-59.362922508800914,-34.37778380378608],[-59.362596349171312,-34.377782105447913],[-59.362270189569017,-34.377780406240568],[-59.361944029994042,-34.377778706164072],[-59.361617870446395,-34.377777005218441],[-59.361291710926096,-34.377775303403631],[-59.360965551433168,-34.377773600719671],[-59.360641447126319,-34.377501471337069],[-59.360317344915927,-34.377229341107544],[-59.359991187601608,-34.377227635850474],[-59.359667088563249,-34.376955503922119],[-59.359340932351991,-34.376953796943987],[-59.359014776168181,-34.376952089096697],[-59.358688620011819,-34.376950380380293],[-59.358362463882926,-34.376948670794768],[-59.358036307781532,-34.376946960340135],[-59.357710151707636,-34.376945249016345],[-59.357383995661259,-34.376943536823447],[-59.357057839642408,-34.376941823761442],[-59.356731683651105,-34.376940109830286],[-59.356403458956798,-34.377208820659888],[-59.356077301972412,-34.377207104973216],[-59.355751145015624,-34.377205388417437],[-59.355424988086426,-34.377203670992508],[-59.355096758233877,-34.377472378247077],[-59.35477060031171,-34.377470659066582],[-59.354444442417176,-34.377468939016936],[-59.354118284550303,-34.377467218098168],[-59.353792126711099,-34.377465496310251],[-59.353465968899584,-34.377463773653183],[-59.35313981111576,-34.377462050126987],[-59.352813653359661,-34.377460325731661],[-59.352487495631252,-34.377458600467186],[-59.35216133793061,-34.377456874333589],[-59.351833096796881,-34.377725572693898],[-59.351504853566695,-34.377994270138217],[-59.351178693852887,-34.377992541362367],[-59.350850447505763,-34.378261237004075],[-59.350522199062127,-34.378529931729688],[-59.350193948521948,-34.378798625539176],[-59.349867785774613,-34.378796893234416],[-59.349541623055153,-34.378795160060463],[-59.349215460363546,-34.378793426017324],[-59.348887204665537,-34.379062116250765],[-59.348561040981416,-34.379060380451804],[-59.348234877325211,-34.379058643783665],[-59.347906617489819,-34.379327331327545],[-59.347580452841179,-34.379325592903506],[-59.347254288220483,-34.379323853610266],[-59.346928123627755,-34.379322113447856],[-59.346601959062987,-34.379320372416231],[-59.346275794526221,-34.379318630515428]]}},
{"type":"Feature","properties":{"length_m":42.426406871192853,"Name":"Red de drenaje ≥ 0.5 km²"},"geometry":{"type":"LineString","coordinates":[[-59.363082983653108,-34.485687903525331],[-59.362758461210412,-34.485415779812683]]}},
{"type":"Feature","properties":{"length_m":629.11688245431424,"Name":"Red de drenaje ≥ 0.5 km²"},"geometry":{"type":"LineString","coordinates":[[-59.36321243154714,-34.468651345697275],[-59.362887973742048,-34.468379222300797],[-59.362563518042798,-34.468107098054411],[-59.362237007492979,-34.468105394870733],[-59.361912554979909,-34.467833268919463],[-59.361588104572633,-34.467561142118321],[-59.361261596210888,-34.467559436352715],[-59.360937148989727,-34.46728730784681],[-59.360612703874295,-34.467015178491081],[-59.360288260864607,-34.466743048285565],[-59.359961755771351,-34.466741339083292],[-59.359637315947673,-34.466469207173176],[-59.359312878229666,-34.466197074413351],[-59.358986375324648,-34.466195362629406],[-59.358661940792622,-34.46592322816511],[-59.358337508366212,-34.465651092851161],[-59.35801307804536,-34.465378956687594]]}},
{"type":"Feature","properties":{"length_m":90.0,"Name":"Red de drenaje ≥ 0.5 km²"},"geometry":{"type":"LineString","coordinates":[[-59.362758461210412,-34.485415779812683],[-59.362760517814209,-34.485145358639819],[-59.362762574390608,-34.484874937454862],[-59.362764630939608,-34.484604516257818]]}},
{"type":"Feature","properties":{"length_m":607.27922061357856,"Name":"Red de drenaje ≥ 0.5 km²"},"geometry":{"type":"LineString","coordinates":[[-59.362764630939608,-34.484604516257818],[-59.362766687461189,-34.484334095048666],[-59.362768743955392,-34.484063673827428],[-59.362770800422169,-34.483793252594097],[-59.362772856861547,-34.483522831348658],[-59.362774913273519,-34.48325241009114],[-59.362776969658093,-34.482981988821514],[-59.362779026015261,-34.482711567539788],[-59.36278108234503,-34.482441146245975],[-59.362783138647394,-34.482170724940076],[-59.362458630628105,-34.481898600437255],[-59.3624606879293,-34.481628179124293],[-59.362462745203082,-34.481357757799216],[-59.362464802449452,-34.481087336462053],[-59.362466859668388,-34.480816915112783],[-59.362468916859918,-34.480546493751419],[-59.362144416078756,-34.480274368423437],[-59.362146474269004,-34.480003947055017],[-59.362148532431817,-34.479733525674497],[-59.361824035809938,-34.479461399506327]]}},
{"type":"Feature","properties":{"length_m":2013.3809511662421,"Name":"Red de drenaje ≥ 0.5 km²"},"geometry":{"type":"LineString","coordinates":[[-59.347867516592359,-34.342277246620426],[-59.348195630136885,-34.342008555911221],[-59.34852374158865,-34.341739864286993],[-59.348851850947668,-34.341471171747763],[-59.348853941154431,-34.341200744940323],[-59.349182047346545,-34.340932051456562],[-59.349184136451285,-34.340661624607492],[-59.349186225528157,-34.340391197746364],[-59.349188314577191,-34.340120770873128],[-59.349190403598392,-34.33985034398782],[-59.349192492591747,-34.339579917090447],[-59.349194581557263,-34.339309490181002],[-59.349196670494919,-34.339039063259463],[-59.34919875940475,-34.338768636325852],[-59.349526854911403,-34.338499941690912],[-59.34985494832565,-34.338231246141149],[-59.350183039647533,-34.337962549676519],[-59.350511128877052,-34.337693852297143],[-59.350839216014251,-34.337425154002986],[-59.351167301059164,-34.337156454794076],[-59.351495384011784,-34.33688775467045],[-59.351823464872169,-34.336619053632141],[-59.352151543640346,-34.336350351679172],[-59.352479620316331,-34.336081648811557],[-59.352805617803369,-34.336083372287256],[-59.353133691368782,-34.335814667619893],[-59.353459687865083,-34.335816389342646],[-59.353785684389052,-34.335818110197621],[-59.354113753825516,-34.335549402845444],[-59.35443974935869,-34.335551121947503],[-59.35476781568461,-34.335282412795728],[-59.355093810226954,-34.335284130144927],[-59.35541980479686,-34.335285846626348],[-59.355747866993802,-34.335017134789979],[-59.356075927098672,-34.334748422039205],[-59.356403985111534,-34.334479708374047],[-59.35672997665359,-34.334481421332605],[-59.35705596822315,-34.334483133423412],[-59.357381959820209,-34.334484844646447],[-59.357707951444766,-34.334486555001746],[-59.358033943096807,-34.334488264489295],[-59.358359934776288,-34.334489973109093],[-59.358685926483226,-34.334491680861142],[-59.359011918217583,-34.334493387745447],[-59.359337909979359,-34.334495093761987],[-59.359663901768549,-34.33449679891077],[-59.359989893585123,-34.334498503191824],[-59.360315885429067,-34.334500206605099],[-59.360641877300374,-34.334501909150632],[-59.360967869199037,-34.334503610828413],[-59.36129386112502,-34.334505311638459],[-59.361619853078338,-34.334507011580726],[-59.361945845058955,-34.334508710655257],[-59.362271837066864,-34.334510408862023],[-59.362597829102043,-34.334512106201046],[-59.362923821164493,-34.334513802672312],[-59.363251856713028,-34.334245070394445],[-59.363579890169575,-34.3339763372026],[-59.363905880221743,-34.333978031036473]]}},
{"type":"Feature","properties":{"length_m":2157.3506473629404,"Name":"Red de drenaje ≥ 0.5 km²"},"geometry":{"type":"LineString","coordinates":[[-59.34881213172563,-34.346609278794666],[-59.349138169714792,-34.346611012497156],[-59.349464207731828,-34.34661274533152],[-59.349790245776681,-34.346614477297734],[-59.350116283849367,-34.346616208395822],[-59.35044232194987,-34.346617938625769],[-59.350444407452933,-34.346347511960559],[-59.350770444534604,-34.346349241304949],[-59.351098565026149,-34.346080543069078],[-59.351426683424471,-34.345811843918199],[-59.351754799729648,-34.345543143852339],[-59.352080833782601,-34.345544869672047],[-59.3524089469758,-34.345276167805736],[-59.352737058075881,-34.34500746502453],[-59.353065167082903,-34.344738761328408],[-59.353393273996851,-34.344470056717434],[-59.353721378817781,-34.344201351191643],[-59.354049481545687,-34.343932644751014],[-59.354377582180639,-34.343663937395604],[-59.35470568072266,-34.343395229125434],[-59.355033777171734,-34.343126519940547],[-59.355361871527947,-34.342857809840936],[-59.355687895420061,-34.342859525938614],[-59.356015986664538,-34.342590814039021],[-59.356342009565374,-34.342592528383378],[-59.356668032493744,-34.342594241859715],[-59.356996119607622,-34.342325527274966],[-59.357324204628668,-34.342056811775635],[-59.357652287556952,-34.341788095361764],[-59.357980368392468,-34.341519378033368],[-59.358308447135251,-34.341250659790475],[-59.358636523785336,-34.340981940633107],[-59.358964598342752,-34.340713220561305],[-59.358966656030262,-34.340442793180387],[-59.359294727421272,-34.340174072164892],[-59.359296784007654,-34.339903644742627],[-59.3596248522324,-34.33963492278351],[-59.359952918364613,-34.33936619991006],[-59.359954972776258,-34.339095772417224],[-59.36028303574232,-34.338827048600209],[-59.360285089052979,-34.338556621066061],[-59.360287142336269,-34.338286193519821],[-59.360289195592209,-34.338015765961536],[-59.360617253245145,-34.337747041142535],[-59.360945308805746,-34.337478315409328],[-59.36094735988727,-34.337207887780522],[-59.361275412282062,-34.336939161103892],[-59.361603462584604,-34.336670433513092],[-59.361605511491902,-34.336400005813793],[-59.36160756037188,-34.336129578102444],[-59.361935606435381,-34.33586084953911],[-59.361937654214678,-34.335590421786492],[-59.36226569711269,-34.335321692279898],[-59.36259373791858,-34.335052961859212],[-59.362921776632405,-34.334784230524527],[-59.363249813254185,-34.33451549827582],[-59.363577847783965,-34.334246765113114],[-59.363905880221743,-34.333978031036473]]}},
{"type":"Feature","properties":{"length_m":1733.9696961966993,"Name":"Red de drenaje ≥ 0.5 km²"},"geometry":{"type":"LineString","coordinates":[[-59.361824035809938,-34.479461399506327],[-59.36182609497142,-34.47919097811878],[-59.361501601482587,-34.478918851105384],[-59.361503661642644,-34.478648429710788],[-59.361179171286778,-34.478376301852251],[-59.361181232445382,-34.478105880450606],[-59.361183293576509,-34.477835459036868],[-59.360858807379451,-34.477563330338306],[-59.360860869509047,-34.477292908917569],[-59.36086293161118,-34.477022487484696],[-59.36086499368583,-34.476752066039751],[-59.360540512673261,-34.476479936506273],[-59.360542575746301,-34.476209515054308],[-59.360544638791836,-34.475939093590235],[-59.360546701809895,-34.475668672114082],[-59.360548764800441,-34.475398250625837],[-59.360224289997838,-34.47512612026263],[-59.360226353986704,-34.474855698767371],[-59.360228417948036,-34.474585277260033],[-59.360230481881885,-34.47431485574058],[-59.359906012263053,-34.474042724542635],[-59.359908077195129,-34.47377230301619],[-59.359910142099665,-34.473501881477645],[-59.359585676638645,-34.47322974943993],[-59.359587742541322,-34.472959327894401],[-59.35958980841648,-34.472688906336771],[-59.359591874264112,-34.472418484767061],[-59.359267413986288,-34.47214635189475],[-59.359269480831976,-34.471875930318063],[-59.35927154765011,-34.471605508729255],[-59.35927361444071,-34.471335087128345],[-59.359275681203762,-34.471064665515371],[-59.359277747939288,-34.470794243890275],[-59.3589532948954,-34.470522110193706],[-59.358955362628883,-34.470251688561653],[-59.358957430334783,-34.469981266917493],[-59.358959498013149,-34.469710845261254],[-59.35896156566394,-34.469440423592907],[-59.35896363328721,-34.469170001912474],[-59.358965700882905,-34.468899580219926],[-59.358967768451066,-34.468629158515306],[-59.358643324691222,-34.468357024004824],[-59.358645393257184,-34.468086602293248],[-59.358647461795591,-34.467816180569564],[-59.358976038448155,-34.467547471575855],[-59.358651598789706,-34.467275337085901],[-59.358327161236986,-34.467003201746273],[-59.358329230717992,-34.466732779991432],[-59.3583313001714,-34.466462358224504],[-59.35833336959724,-34.46619193644549],[-59.358335438995503,-34.465921514654362],[-59.358011007649473,-34.465649378485644],[-59.35801307804536,-34.465378956687594]]}},
{"type":"Feature","properties":{"length_m":719.11688245431424,"Name":"Red de drenaje ≥ 0.5 km²"},"geometry":{"type":"LineString","coordinates":[[-59.356243527246761,-34.483218178894596],[-59.356570096286049,-34.483219898743812],[-59.356898740704032,-34.482951196760453],[-59.357225308744958,-34.482952914847267],[-59.357551876813503,-34.482954632061521],[-59.357880517072061,-34.482685927379279],[-59.35820708414218,-34.482687642831188],[-59.358533651239888,-34.48268935741055],[-59.358862287338958,-34.482420650029596],[-59.359190921330715,-34.482151941729555],[-59.359519553215179,-34.481883232510441],[-59.359848182992366,-34.481614522372297],[-59.360176810662352,-34.481345811315158],[-59.360505436225104,-34.481077099339032],[-59.360834059680705,-34.48080838644394],[-59.361162681029136,-34.480539672629902],[-59.361491300270458,-34.480270957896963],[-59.361819917404688,-34.480002242245163],[-59.36182197662103,-34.479731820881788],[-59.361824035809938,-34.479461399506327]]}},
{"type":"Feature","properties":{"length_m":616.69047558312138,"Name":"Red de drenaje ≥ 0.5 km²"},"geometry":{"type":"LineString","coordinates":[[-59.361139708366238,-34.397786783802431],[-59.360813471265338,-34.397785079849506],[-59.360487234191837,-34.397783375026805],[-59.360163055381555,-34.397511244415945],[-59.35983681941218,-34.397509537870803],[-59.359512643777094,-34.397237405559821],[-59.359186408911867,-34.397235697292288],[-59.358862236451991,-34.39696356328124],[-59.358538066090567,-34.396691428422741],[-59.358211833406251,-34.396689717580337],[-59.357887666219987,-34.396417581021907],[-59.35756350113212,-34.396145443616106],[-59.357239338142641,-34.39587330536294],[-59.356915177251501,-34.39560116626248],[-59.356591018458658,-34.395329026314748],[-59.356266861764105,-34.395056885519736],[-59.355942707167806,-34.394784743877473]]}},
{"type":"Feature","properties":{"length_m":586.69047558312138,"Name":"Red de drenaje ≥ 0.5 km²"},"geometry":{"type":"LineString","coordinates":[[-59.359500281523978,-34.398859954754961],[-59.359176101856519,-34.398587821565798],[-59.358851924287684,-34.398315687529141],[-59.358527748817451,-34.398043552645007],[-59.358203575445792,-34.397771416913415],[-59.357879404172657,-34.397499280334387],[-59.357555234998053,-34.397227142907965],[-59.357231067921916,-34.396955004634165],[-59.356906902944246,-34.396682865513007],[-59.356908971562405,-34.3964124407185],[-59.356584809704785,-34.396140300755206],[-59.356260649945526,-34.395868159944627],[-59.355936492284606,-34.395596018286774],[-59.355938563939958,-34.39532559349577],[-59.355940635567684,-34.395055168692672],[-59.355942707167806,-34.394784743877473]]}},
{"type":"Feature","properties":{"length_m":1058.5281374238571,"Name":"Red de drenaje ≥ 0.5 km²"},"geometry":{"type":"LineString","coordinates":[[-59.350976668263023,-34.319576939948618],[-59.351302601826532,-34.319578666701673],[-59.351628535417767,-34.319580392587476],[-59.351956547581132,-34.319311689663685],[-59.35228455765408,-34.319042985825803],[-59.352610489237996,-34.319044709075079],[-59.352938496203002,-34.318776003438536],[-59.353266501077634,-34.318507296887979],[-59.35359450386192,-34.31823858942343],[-59.353920432420914,-34.318240309151719],[-59.354248432097336,-34.317971599888651],[-59.354576429683462,-34.317702889711697],[-59.354904425179313,-34.317434178620815],[-59.355232418584926,-34.317165466616089],[-59.355558343101336,-34.317167181939105],[-59.355886333399162,-34.316898468136067],[-59.356214321606828,-34.316629753419221],[-59.356540244115642,-34.316631466106145],[-59.356868229215557,-34.316362749591114],[-59.357196212225354,-34.316094032162354],[-59.357524193145011,-34.315825313819879],[-59.357852171974606,-34.315556594563745],[-59.358180148714148,-34.315287874393945],[-59.358508123363663,-34.315019153310544],[-59.358836095923174,-34.314750431313541],[-59.359164066392715,-34.314481708402965],[-59.359492034772302,-34.314212984578845],[-59.359817948150344,-34.314214688439499]]}},
{"type":"Feature","properties":{"length_m":349.70562748477141,"Name":"Red de drenaje ≥ 0.5 km²"},"geometry":{"type":"LineString","coordinates":[[-59.356567068883216,-34.313115897036532],[-59.35689297783464,-34.313117608632041],[-59.357216825624725,-34.313389747857386],[-59.357542735676013,-34.313391457736017],[-59.357868645754778,-34.313393166747545],[-59.358192497779442,-34.313665303428536],[-59.358518408957998,-34.313667010723158],[-59.358842264144876,-34.313939145709519],[-59.359168176423196,-34.313940851287178],[-59.359494088728894,-34.313942555997734],[-59.359817948150344,-34.314214688439499]]}},
{"type":"Feature","properties":{"length_m":1308.8225099390852,"Name":"Red de drenaje ≥ 0.5 km²"},"geometry":{"type":"LineString","coordinates":[[-59.35801307804536,-34.465378956687594],[-59.358015148413664,-34.465108534877416],[-59.358017218754384,-34.464838113055187],[-59.357692792589376,-34.464565976052306],[-59.357694863927641,-34.464295554223121],[-59.357696935238309,-34.464025132381828],[-59.357699006521344,-34.463754710528441],[-59.358027570044115,-34.463486003762497],[-59.3580296402193,-34.463215581867679],[-59.358031710366902,-34.462945159960782],[-59.357707291377565,-34.462673022993989],[-59.357382874493489,-34.462400885177736],[-59.357384946663551,-34.462130463269034],[-59.357060532909699,-34.461858324608478],[-59.356736121261008,-34.46158618509849],[-59.35641171171747,-34.461314044739098],[-59.356087304279043,-34.461041903530337],[-59.355762898945727,-34.460769761472221],[-59.35576497621274,-34.460499339577375],[-59.355767053452077,-34.460228917670442],[-59.355769130663724,-34.459958495751422],[-59.355771207847702,-34.459688073820303],[-59.355446808718668,-34.45941593093373],[-59.355122411694559,-34.459143787197874],[-59.355124490900351,-34.458873365265092],[-59.355126570078461,-34.458602943320216],[-59.355128649228845,-34.458332521363253],[-59.354804257383755,-34.45806037679386],[-59.354806337531116,-34.457789954830027],[-59.354808417650773,-34.4575195328541],[-59.354810497742697,-34.457249110866087],[-59.35448611107627,-34.456976965463234],[-59.354488192165093,-34.456706543468357],[-59.354163808627909,-34.456434397221621],[-59.354165890713581,-34.456163975219901],[-59.353841510305557,-34.455891828129317],[-59.353843593387971,-34.455621406120756],[-59.353519216108992,-34.455349258186381]]}},
{"type":"Feature","properties":{"length_m":1123.6753236814711,"Name":"Red de drenaje ≥ 0.5 km²"},"geometry":{"type":"LineString","coordinates":[[-59.356307232046504,-34.432377114829023],[-59.35598293527196,-34.432104973322367],[-59.355658640599515,-34.431832830967309],[-59.355334348029139,-34.431560687763834],[-59.355010057560797,-34.431288543712],[-59.35468576919444,-34.431016398811849],[-59.3546878476226,-34.430745975656137],[-59.354363562381501,-34.430473829912913],[-59.354039279242322,-34.430201683321414],[-59.353714998205028,-34.429929535881669],[-59.353390719269612,-34.429657387593707],[-59.353066442436017,-34.429385238457549],[-59.352740083136879,-34.429383511597358],[-59.35241580948378,-34.429111360759592],[-59.352091537932438,-34.428839209073708],[-59.351765180818468,-34.428837479635845],[-59.351440912447558,-34.428565326248481],[-59.351114556440102,-34.428563595086452],[-59.350788200460514,-34.428561863053631],[-59.350463936348731,-34.428289707111475],[-59.350137581475707,-34.428287973354543],[-59.349813320544349,-34.428015815711071],[-59.349486966777981,-34.428014080229985],[-59.349160613039508,-34.428012343878166],[-59.348836356367286,-34.42774018368015],[-59.34851000373552,-34.42773844560427],[-59.34818365113172,-34.427736706657612],[-59.34785729855588,-34.427734966840205],[-59.347533047221646,-34.42746280323454],[-59.347206695752604,-34.427461061693116],[-59.346882447598759,-34.427188896386397]]}},
{"type":"Feature","properties":{"length_m":651.83766184073568,"Name":"Red de drenaje ≥ 0.5 km²"},"geometry":{"type":"LineString","coordinates":[[-59.355942707167806,-34.394784743877473],[-59.355618554669739,-34.394512601388016],[-59.355620627263747,-34.39424217656596],[-59.355622699830121,-34.393971751731819],[-59.355298551473162,-34.393699608405612],[-59.354974405214314,-34.393427464232246],[-59.354976479795901,-34.393157039396471],[-59.354652336656521,-34.39288489438124],[-59.354654412231824,-34.392614469538586],[-59.35433027221179,-34.392342323681525],[-59.354332348780751,-34.392071898832029],[-59.354008211879986,-34.391799752133167],[-59.354010289442549,-34.391529327276857],[-59.353686155660959,-34.391257179736222],[-59.353688234217067,-34.390986754873097],[-59.35336410355454,-34.390714606490768],[-59.353366183104129,-34.390444181620808],[-59.353368262626013,-34.390173756738761],[-59.35304413610362,-34.389901607520038]]}},
{"type":"Feature","properties":{"length_m":1498.2337649086276,"Name":"Red de drenaje ≥ 0.5 km²"},"geometry":{"type":"LineString","coordinates":[[-59.353519216108992,-34.455349258186381],[-59.353194840934513,-34.455077109402971],[-59.353196926038116,-34.45480668739286],[-59.352872553992533,-34.454534537765738],[-59.352546096898934,-34.454532809289198],[-59.352221728037769,-34.454260657958862],[-59.351897361280983,-34.453988505779591],[-59.351570906375244,-34.453986774722971],[-59.351244451497351,-34.45398504279472],[-59.35092008900498,-34.453712888058199],[-59.350593635235015,-34.453711154404147],[-59.350269275927026,-34.453438997964632],[-59.349942823265025,-34.453437262584835],[-59.349618467141376,-34.453165104442363],[-59.349292015587373,-34.453163367336863],[-59.348967662648072,-34.452891207491547],[-59.348643311813007,-34.452619046797537],[-59.348318963082136,-34.452346885254862],[-59.347992514796346,-34.452345144715515],[-59.347668169249744,-34.452072981470124],[-59.347343825807293,-34.451800817376132],[-59.347017379709726,-34.451799074257174],[-59.346693039451488,-34.4515269084606],[-59.346368701297337,-34.451254741815504],[-59.346042257388035,-34.451252996117034],[-59.345715813506821,-34.451251249547042],[-59.345391479616978,-34.450979080345505],[-59.345065036844005,-34.450977332050059],[-59.344738594099162,-34.450975582883096],[-59.344414264473627,-34.450703411125296],[-59.344087822837089,-34.450701660232902],[-59.343763496395738,-34.450429486772833],[-59.343439172058332,-34.450157312464412],[-59.343114849824879,-34.449885137307675],[-59.342790529695343,-34.449612961302655],[-59.342466211669681,-34.449340784449355],[-59.342139775462215,-34.449339028416276],[-59.341815460620587,-34.449066849860941],[-59.341489025521568,-34.449065092102614],[-59.341164713863954,-34.448792911845338],[-59.340840404310136,-34.448520730739915]]}},
{"type":"Feature","properties":{"length_m":1430.9545442950493,"Name":"Red de drenaje ≥ 0.5 km²"},"geometry":{"type":"LineString","coordinates":[[-59.35304413610362,-34.389901607520038],[-59.353046216618921,-34.389631182631199],[-59.352722093215363,-34.389359032570859],[-59.352724174724031,-34.389088607675198],[-59.352400054439201,-34.388816456773313],[-59.352075936251943,-34.388544305024567],[-59.351751820162292,-34.388272152429032],[-59.351753904706321,-34.388001727537208],[-59.351429791735185,-34.38772957410022],[-59.351431877272383,-34.387459149201625],[-59.351107767419649,-34.387186994923219],[-59.350783659664387,-34.386914839798109],[-59.350785747215596,-34.386644414898086],[-59.350787834738988,-34.386373989985998],[-59.350463731122815,-34.386101834024885],[-59.350139629603966,-34.385829677217139],[-59.349815530182411,-34.385557519562781],[-59.34981762074041,-34.385287094654672],[-59.349493524436866,-34.385014936159088],[-59.349495615987728,-34.384744511244243],[-59.349171522802102,-34.384472351907519],[-59.349173615345791,-34.384201926985973],[-59.349175707861583,-34.38393150205232],[-59.349177800349501,-34.383661077106609],[-59.348853712322985,-34.383388916939509],[-59.34885580580363,-34.383118491987098],[-59.348857899256387,-34.382848067022593],[-59.348859992681234,-34.382577642046016],[-59.348535909813513,-34.382305481048647],[-59.34853800423101,-34.382035056065376],[-59.348213924480739,-34.381762894226995],[-59.348216019890863,-34.381492469237045],[-59.347891943257949,-34.38122030655768],[-59.347894039660602,-34.380949881561058],[-59.347569966144953,-34.380677718040815],[-59.347572063540092,-34.3804072930375],[-59.347247993141615,-34.380135128676372],[-59.346923924839814,-34.379862963468966],[-59.346599858634704,-34.379590797415304],[-59.346275794526221,-34.379318630515428]]}},
{"type":"Feature","properties":{"length_m":956.10173055266421,"Name":"Red de drenaje ≥ 0.5 km²"},"geometry":{"type":"LineString","coordinates":[[-59.345823428912517,-34.395542364193041],[-59.346151759474481,-34.395273683747611],[-59.34647798588567,-34.395275426683412],[-59.346806313328287,-34.395006744433822],[-59.347134638672635,-34.39473806126739],[-59.347462961918765,-34.394469377184137],[-59.347791283066726,-34.3942006921841],[-59.348117505421428,-34.394202430701313],[-59.348443727804089,-34.394204168348864],[-59.348772044811625,-34.393935480657703],[-59.349100359721042,-34.393666792049835],[-59.349428672532348,-34.393398102525289],[-59.349756983245577,-34.393129412084072],[-59.350085291860765,-34.392860720726247],[-59.350413598377934,-34.39259202845178],[-59.350741902797104,-34.392323335260741],[-59.351070205118305,-34.392054641153166],[-59.351398505341585,-34.391785946129055],[-59.351726803466946,-34.391517250188436],[-59.352055099494407,-34.391248553331351],[-59.352383393424034,-34.390979855557802],[-59.352711685255827,-34.390711156867859],[-59.353039974989805,-34.390442457261493],[-59.353042055560579,-34.390172032396805],[-59.35304413610362,-34.389901607520038]]}},
{"type":"Feature","properties":{"length_m":626.98484809834997,"Name":"Red de drenaje ≥ 0.5 km²"},"geometry":{"type":"LineString","coordinates":[[-59.346312945397216,-34.332533187132562],[-59.346641025366637,-34.332264499785012],[-59.346643121947537,-34.331994072689405],[-59.34697119875139,-34.331725384397458],[-59.346973294230544,-34.331454957260185],[-59.347301367868972,-34.331186268023899],[-59.347303462246458,-34.330915840844959],[-59.347631532719497,-34.330647150664362],[-59.347959601100939,-34.330378459569076],[-59.347961693303127,-34.330108032318925],[-59.348289758519364,-34.32983934027942],[-59.34861782164409,-34.329570647325276],[-59.348943793695987,-34.329572380795355],[-59.349269765775745,-34.329574113397825],[-59.34959573788332,-34.329575845132723],[-59.349921710018712,-34.329577576000041],[-59.350247682181902,-34.329579305999765],[-59.350573654372894,-34.329581035131902],[-59.350899626591627,-34.329582763396438]]}},
{"type":"Feature","properties":{"length_m":174.85281374238571,"Name":"Red de drenaje ≥ 0.5 km²"},"geometry":{"type":"LineString","coordinates":[[-59.349273941619117,-34.329033258673228],[-59.349597824773177,-34.329305417759009],[-59.349923795862843,-34.329307148608883],[-59.350249766980291,-34.329308878591185],[-59.350575738125528,-34.329310607705899],[-59.350899626591627,-34.329582763396438]]}},
{"type":"Feature","properties":{"length_m":1112.1320343559642,"Name":"Red de drenaje ≥ 0.5 km²"},"geometry":{"type":"LineString","coordinates":[[-59.349884497011587,-34.418821425982216],[-59.349882404046369,-34.419091849409014],[-59.349880311053269,-34.419362272823726],[-59.349878218032266,-34.419632696226351],[-59.349876124983361,-34.419903119616905],[-59.349874031906573,-34.42017354299535],[-59.34987193880189,-34.420443966361695],[-59.349869845669303,-34.420714389715968],[-59.349867752508835,-34.420984813058141],[-59.349865659320471,-34.421255236388227],[-59.349863566104197,-34.421525659706226],[-59.349861472860034,-34.421796083012133],[-59.349859379587983,-34.42206650630596],[-59.349857286288028,-34.422336929587679],[-59.349855192960177,-34.422607352857312],[-59.349853099604438,-34.422877776114873],[-59.349851006220788,-34.423148199360327],[-59.34984891280925,-34.423418622593687],[-59.34984681936983,-34.42368904581496],[-59.349844725902479,-34.423959469024147],[-59.349842632407238,-34.424229892221256],[-59.349840538884102,-34.424500315406256],[-59.349838445333077,-34.424770738579184],[-59.349836351754128,-34.425041161739991],[-59.349834258147304,-34.425311584888732],[-59.349832164512556,-34.42558200802538],[-59.349503725489718,-34.425850695808556],[-59.34950163074847,-34.426121118903552],[-59.349173188545528,-34.426389805739454],[-59.348844744241127,-34.426658491657605],[-59.348516297835189,-34.426927176657948],[-59.348187849327722,-34.42719586074049],[-59.34786149885349,-34.427194120958092],[-59.347535148407246,-34.427192380304938],[-59.347208797988998,-34.427190638781049],[-59.346882447598759,-34.427188896386397]]}},
{"type":"Feature","properties":{"length_m":2346.3961030678929,"Name":"Red de drenaje ≥ 0.5 km²"},"geometry":{"type":"LineString","coordinates":[[-59.349656566225789,-34.406109777219022],[-59.349332391284662,-34.405837618309832],[-59.349008218442904,-34.405565458553426],[-59.348681951930779,-34.405563721911221],[-59.348357782265936,-34.405291560455069],[-59.348031516859358,-34.405289822090261],[-59.347707350371408,-34.405017658934455],[-59.347381086070385,-34.405015918847084],[-59.347054821797343,-34.405014177889683],[-59.346730659563946,-34.404742012181792],[-59.346404396396537,-34.404740269501879],[-59.346080237340004,-34.404468102094462],[-59.345753975278292,-34.404466357692094],[-59.345427713244639,-34.40446461241968],[-59.345103558442631,-34.404192442460428],[-59.344779405739814,-34.403920271654222],[-59.344455255136154,-34.403648100001114],[-59.344131106631615,-34.403375927501123],[-59.343804848936749,-34.403374177949132],[-59.343478591270014,-34.403372427527188],[-59.343150220214746,-34.403641099982757],[-59.342821847060378,-34.403909771521022],[-59.342493471806833,-34.404178442141884],[-59.342165094454138,-34.404447111845393],[-59.341836715002223,-34.40471578063147],[-59.341510452256699,-34.404714024901331],[-59.341184189539419,-34.404712268301182],[-59.340857926850376,-34.404710510831009],[-59.340531664189612,-34.404708752490833],[-59.340205401557121,-34.404706993280641],[-59.339879138952931,-34.404705233200424],[-59.339552876377041,-34.404703472250212],[-59.339226613829474,-34.40470171042999],[-59.338900351310244,-34.404699947739743],[-59.33857408881935,-34.404698184179487],[-59.338247826356834,-34.404696419749222],[-59.337921563922684,-34.40469465444896],[-59.337595301516934,-34.404692888278674],[-59.337269039139578,-34.404691121238365],[-59.336942776790657,-34.40468935332806],[-59.336616514470151,-34.404687584547744],[-59.336290252178102,-34.404685814897412],[-59.335963989914504,-34.404684044377078],[-59.335637727679398,-34.404682272986733],[-59.33531146547277,-34.404680500726371],[-59.334985203294636,-34.404678727596021],[-59.33465894114503,-34.40467695359564],[-59.334332679023952,-34.404675178725249],[-59.334006416931409,-34.404673402984876],[-59.333680154867437,-34.404671626374473],[-59.333353892832044,-34.404669848894073],[-59.333027630825221,-34.404668070543664],[-59.332701368847012,-34.404666291323245],[-59.332375106897402,-34.404664511232809],[-59.332048844976413,-34.404662730272392],[-59.331722583084094,-34.404660948441951],[-59.331396321220424,-34.404659165741514],[-59.331070059385439,-34.40465738217106],[-59.330743797579096,-34.404655597730596],[-59.330417535801487,-34.404653812420136],[-59.33009127405257,-34.404652026239667],[-59.329765012332395,-34.404650239189209],[-59.329438750640961,-34.40464845126872],[-59.329112488978275,-34.40464666247825],[-59.328786227344352,-34.404644872817769],[-59.328459965739206,-34.404643082287279],[-59.328133704162866,-34.404641290886794],[-59.327807442615345,-34.404639498616298],[-59.327481181096637,-34.404637705475793],[-59.32715491960677,-34.404635911465284],[-59.326828658145757,-34.404634116584788],[-59.326502396713607,-34.404632320834288],[-59.326176135310341,-34.404630524213772]]}},
{"type":"Feature","properties":{"length_m":1050.0,"Name":"Red de drenaje ≥ 0.5 km²"},"geometry":{"type":"LineString","coordinates":[[-59.347303983010733,-34.498855778835392],[-59.34697735361447,-34.49885403353705],[-59.346650724246281,-34.498852287365622],[-59.34632409490623,-34.498850540321143],[-59.345997465594294,-34.498848792403578],[-59.345670836310482,-34.498847043612948],[-59.345344207054843,-34.498845293949245],[-59.345017577827363,-34.498843543412498],[-59.34469094862807,-34.498841792002665],[-59.344364319456965,-34.498840039719767],[-59.344037690314082,-34.498838286563796],[-59.343711061199421,-34.498836532534774],[-59.343384432112991,-34.498834777632666],[-59.343057803054819,-34.498833021857507],[-59.342731174024912,-34.498831265209283],[-59.342404545023285,-34.498829507687987],[-59.342077916049945,-34.498827749293632],[-59.34175128710492,-34.498825990026198],[-59.341424658188231,-34.498824229885727],[-59.341098029299857,-34.498822468872156],[-59.340771400439827,-34.498820706985548],[-59.34044477160819,-34.498818944225867],[-59.340118142804904,-34.498817180593115],[-59.339791514030026,-34.498815416087318],[-59.339464885283554,-34.498813650708442],[-59.339138256565512,-34.498811884456501],[-59.338811627875884,-34.498810117331509],[-59.338484999214707,-34.498808349333437],[-59.338158370582001,-34.498806580462308],[-59.337831741977773,-34.498804810718141],[-59.337505113402031,-34.498803040100881],[-59.33717848485481,-34.498801268610592],[-59.336851856336096,-34.498799496247216],[-59.336525227845918,-34.498797723010782],[-59.336198599384275,-34.498795948901289],[-59.335871970951203,-34.498794173918739]]}},
{"type":"Feature","properties":{"length_m":1341.8376618407356,"Name":"Red de drenaje ≥ 0.5 km²"},"geometry":{"type":"LineString","coordinates":[[-59.347438464882615,-34.439631822550332],[-59.347112066113482,-34.439630080220248],[-59.346785667372401,-34.439628337019037],[-59.346459268659345,-34.439626592946659],[-59.346132869974355,-34.439624848003156],[-59.345806471317459,-34.439623102188477],[-59.345480072688623,-34.439621355502659],[-59.345153674087911,-34.439619607945708],[-59.344827275515293,-34.439617859517583],[-59.344500876970827,-34.439616110218353],[-59.344174478454491,-34.439614360047948],[-59.343848079966328,-34.439612609006403],[-59.343519566415068,-34.439881279256113],[-59.343191050760936,-34.440149948587326],[-59.342864650254455,-34.440148194897063],[-59.342536131474198,-34.440416862420911],[-59.342209729972687,-34.440415106970669],[-59.341881208066255,-34.440683772687116],[-59.34155692705442,-34.440411593456659],[-59.341232648145507,-34.440139413378297],[-59.340908371339495,-34.439867232452073],[-59.340584096636348,-34.439595050678001],[-59.340257698458835,-34.439593290053871],[-59.339931300309658,-34.439591528558587],[-59.33960490218881,-34.439589766192178],[-59.339278504096335,-34.439588002954608],[-59.338952106032202,-34.439586238845934],[-59.338625707996464,-34.43958447386607],[-59.338299309989125,-34.439582708015109],[-59.33797291201018,-34.439580941292974],[-59.337646514059671,-34.439579173699691],[-59.337320116137612,-34.439577405235298],[-59.336993718243981,-34.439575635899736],[-59.336667320378822,-34.439573865693063],[-59.336340922542163,-34.43957209461523],[-59.336014524733969,-34.43957032266627],[-59.335688126954302,-34.439568549846157],[-59.335361729203164,-34.439566776154912],[-59.335035331480547,-34.439565001592513],[-59.33470893378648,-34.439563226158995],[-59.334382536120998,-34.439561449854331],[-59.334058284038065,-34.439289251018963]]}},
{"type":"Feature","properties":{"length_m":2173.6753236814702,"Name":"Red de drenaje ≥ 0.5 km²"},"geometry":{"type":"LineString","coordinates":[[-59.346882447598759,-34.427188896386397],[-59.346556097236544,-34.427187153121025],[-59.346229746902402,-34.427185408984897],[-59.345903396596299,-34.427183663978028],[-59.345577046318255,-34.427181918100409],[-59.345250696068334,-34.427180171352035],[-59.344926455410274,-34.426908000931697],[-59.344600106267315,-34.426906252459439],[-59.344273757152479,-34.426904503116454],[-59.343947408065794,-34.42690275290272],[-59.343621059007255,-34.42690100181828],[-59.343294709976881,-34.426899249863084],[-59.342968360974702,-34.426897497037181],[-59.342642012000717,-34.426895743340509],[-59.342315663054947,-34.426893988773116],[-59.341989314137379,-34.426892233335003],[-59.341662965248069,-34.42689047702617],[-59.341336616387018,-34.426888719846566],[-59.341010267554225,-34.426886961796264],[-59.340683918749711,-34.426885202875198],[-59.340357569973499,-34.426883443083433],[-59.340029095900213,-34.427152104957358],[-59.339702746129852,-34.427150343406389],[-59.339376396387834,-34.427148580984685],[-59.339050046674174,-34.42714681769224],[-59.338721567432053,-34.427415475982457],[-59.338395216724344,-34.42741371093075],[-59.338068866045035,-34.427411945008338],[-59.337740382656563,-34.427680600603161],[-59.33741403098329,-34.427678832921451],[-59.33708554447081,-34.427947486709314],[-59.336759191803615,-34.42794571726828],[-59.336430702167171,-34.428214369249091],[-59.336104348506097,-34.428212598048731],[-59.335777994873517,-34.42821082597758],[-59.335451641269444,-34.42820905303568],[-59.335123146464369,-34.428477701432158],[-59.334796791866509,-34.428475926730847],[-59.334470437297199,-34.428474151158753],[-59.334144082756467,-34.428472374715888],[-59.333817728244306,-34.428470597402253],[-59.333491373760744,-34.428468819217827],[-59.33316287174263,-34.428737462252414],[-59.332836516265438,-34.428735682308535],[-59.332510160816888,-34.428733901493857],[-59.332183805396966,-34.428732119808387],[-59.331857450005728,-34.428730337252141],[-59.331531094643154,-34.428728553825103],[-59.331204739309264,-34.428726769527287],[-59.330878384004087,-34.428724984358688],[-59.330552028727631,-34.42872319831929],[-59.330225673479895,-34.428721411409114],[-59.329899318260914,-34.428719623628155],[-59.329570803919488,-34.428988256856627],[-59.32924444770719,-34.428986467316086],[-59.328918091523676,-34.428984676904754],[-59.328589573036382,-34.429253307436724],[-59.328263215859614,-34.429251515265776],[-59.327934694248533,-34.429520143989933],[-59.327606170535681,-34.429788771795096],[-59.327277644721008,-34.430057398681221],[-59.326949116804506,-34.430326024648309],[-59.326620586786149,-34.430594649696317],[-59.32629205466592,-34.430863273825217],[-59.325963520443757,-34.43113189703498],[-59.325634984119688,-34.431400519325585]]}},
{"type":"Feature","properties":{"length_m":1158.8225099390856,"Name":"Red de drenaje ≥ 0.5 km²"},"geometry":{"type":"LineString","coordinates":[[-59.346275794526221,-34.379318630515428],[-59.345949630017465,-34.379316887745425],[-59.345623465536725,-34.379315144106222],[-59.345297301084031,-34.37931339959782],[-59.344971136659389,-34.379311654220245],[-59.344644972262799,-34.379309907973457],[-59.344318807894268,-34.379308160857498],[-59.343992643553861,-34.379306412872332],[-59.343668589076522,-34.379034239164987],[-59.343342425840618,-34.37903248945905],[-59.343016262632844,-34.379030738883941],[-59.342692212404941,-34.378758562627439],[-59.342366050301763,-34.378756810331609],[-59.342042003246831,-34.378484632377614],[-59.341715842248284,-34.378482878361091],[-59.341389681277924,-34.37848112347541],[-59.341065638472458,-34.378208942972492],[-59.340739478606807,-34.37820718636614],[-59.34041543897429,-34.377935004165906],[-59.340091401438244,-34.377662821119813],[-59.339767365998632,-34.377390637227926],[-59.339443332655421,-34.377118452490258],[-59.339117177123967,-34.377116691609082],[-59.338793146953634,-34.37684450517429],[-59.33846911887963,-34.376572317893768],[-59.338145092901946,-34.376300129767571],[-59.337821069020549,-34.37602794079573],[-59.337494917823442,-34.376026175640042],[-59.337170897114817,-34.375753984971261],[-59.336846878502406,-34.375481793456899],[-59.336522861986197,-34.375209601096962],[-59.336198847566173,-34.374937407891494],[-59.335872700703497,-34.374935638461665]]}},
{"type":"Feature","properties":{"length_m":888.82250993908565,"Name":"Red de drenaje ≥ 0.5 km²"},"geometry":{"type":"LineString","coordinates":[[-59.339105262947534,-34.337091945099012],[-59.33943126347188,-34.337093704225168],[-59.339757264024477,-34.337095462483504],[-59.340083264605326,-34.337097219874018],[-59.340409265214397,-34.337098976396717],[-59.34073738176577,-34.336830305490231],[-59.341065496224921,-34.336561633668495],[-59.3413936085919,-34.336292960931502],[-59.341721718866715,-34.336024287279329],[-59.342049827049372,-34.335755612711949],[-59.342377933139943,-34.33548693722944],[-59.342706037138406,-34.33521826083178],[-59.343034139044832,-34.33494958351902],[-59.343362238859221,-34.334680905291201],[-59.343690336581609,-34.334412226148316],[-59.344018432212032,-34.334143546090388],[-59.344346525750495,-34.333874865117501],[-59.344672514172757,-34.333876610147449],[-59.345000604601367,-34.333607927374281],[-59.345326592033715,-34.333609670651221],[-59.345654679352528,-34.33334098607785],[-59.345982764579446,-34.333072300589599],[-59.346310847714527,-34.332803614186489],[-59.346312945397216,-34.332533187132562]]}},
{"type":"Feature","properties":{"length_m":42.426406871192853,"Name":"Red de drenaje ≥ 0.5 km²"},"geometry":{"type":"LineString","coordinates":[[-59.345984863335978,-34.332801873565295],[-59.346312945397216,-34.332533187132562]]}},
{"type":"Feature","properties":{"length_m":724.26406871192853,"Name":"Red de drenaje ≥ 0.5 km²"},"geometry":{"type":"LineString","coordinates":[[-59.344278969854457,-34.468010376773094],[-59.343954576780064,-34.467738203813816],[-59.343630185811428,-34.467466030005625],[-59.343632302726718,-34.467195609059523],[-59.343307914888449,-34.466923434407974],[-59.34331003280014,-34.466653013455314],[-59.34298564809216,-34.466380837960479],[-59.342987767000217,-34.466110417001268],[-59.342663385422398,-34.465838240663153],[-59.342339005950151,-34.46556606347626],[-59.34234112687902,-34.465295642516061],[-59.3420167505368,-34.465023464485995],[-59.342018872461885,-34.464753043519266],[-59.341694499249584,-34.464480864646049],[-59.341696622170822,-34.464210443672819],[-59.341372252088341,-34.4639382639565],[-59.341374376005668,-34.463667842976733],[-59.341050009052928,-34.463395662417376],[-59.341052133966308,-34.463125241431122],[-59.341054258851372,-34.462854820432746],[-59.341056383708107,-34.462584399422305]]}},
{"type":"Feature","properties":{"length_m":294.85281374238571,"Name":"Red de drenaje ≥ 0.5 km²"},"geometry":{"type":"LineString","coordinates":[[-59.343731871052547,-34.37092148795594],[-59.343405739259047,-34.370919738778468],[-59.343079607493692,-34.370917988732074],[-59.342753475756446,-34.370916237816779],[-59.342427344047358,-34.370914486032547],[-59.342101212366437,-34.370912733379406],[-59.341775080713681,-34.370910979857335],[-59.341448949089141,-34.370909225466363],[-59.341124934839179,-34.370637045119999],[-59.340800922684899,-34.370364863928003]]}},
{"type":"Feature","properties":{"length_m":307.27922061357856,"Name":"Red de drenaje ≥ 0.5 km²"},"geometry":{"type":"LineString","coordinates":[[-59.343742415588878,-34.369569361697053],[-59.343414179135706,-34.369838037865989],[-59.343088051561708,-34.369836287890095],[-59.342759811993211,-34.370104962256306],[-59.342431570329069,-34.370373635706272],[-59.342105440743865,-34.37037188308841],[-59.341779311186819,-34.370370129601667],[-59.341453181657968,-34.370368375246024],[-59.341127052157333,-34.37036662002145],[-59.340800922684899,-34.370364863928003]]}},
{"type":"Feature","properties":{"length_m":3722.497833620554,"Name":"Red de drenaje ≥ 0.5 km²"},"geometry":{"type":"LineString","coordinates":[[-59.341603186869598,-34.476108955048673],[-59.341276646509208,-34.476107195521664],[-59.340950106177146,-34.476105435122342],[-59.340623565873429,-34.476103673850673],[-59.340297025598048,-34.476101911706699],[-59.339970485351039,-34.476100148690385],[-59.339643945132394,-34.476098384801759],[-59.339317404942136,-34.476096620040792],[-59.338990864780286,-34.476094854407513],[-59.338664324646842,-34.476093087901887],[-59.338337784541864,-34.47609132052397],[-59.338011244465314,-34.476089552273677],[-59.33768256761104,-34.476358203379021],[-59.337353888650135,-34.476626853564319],[-59.337025207582542,-34.476895502829592],[-59.336698664459917,-34.476893731036583],[-59.336372121365827,-34.476891958371233],[-59.336045578300244,-34.476890184833529],[-59.335721178446391,-34.476617990326673],[-59.335394636491273,-34.476616215062116],[-59.335068094564726,-34.47661443892521],[-59.334743698981384,-34.476342241860642],[-59.334417158165344,-34.476340463996955],[-59.334090617377932,-34.47633868526092],[-59.33376407661914,-34.476336905652573],[-59.333439686388253,-34.476064705176],[-59.333113146740089,-34.476062923840892],[-59.332786607120561,-34.476061141633465],[-59.332460067529745,-34.476059358553698],[-59.332133527967606,-34.476057574601633],[-59.331806988434202,-34.476055789777249],[-59.331480448929518,-34.476054004080531],[-59.331153909453562,-34.476052217511501],[-59.330827370006368,-34.476050430070146],[-59.330500830587951,-34.476048641756485],[-59.330174291198318,-34.476046852570491],[-59.32984775183747,-34.476045062512171],[-59.329521212505441,-34.476043271581545],[-59.329194673202224,-34.476041479778601],[-59.328868133927855,-34.476039687103345],[-59.328541594682349,-34.476037893555763],[-59.328215055465698,-34.476036099135868],[-59.327888516277937,-34.476034303843633],[-59.327561977119053,-34.476032507679101],[-59.327235437989088,-34.476030710642263],[-59.326906727322594,-34.476299332369059],[-59.32657801454949,-34.47656795317527],[-59.326249299669712,-34.476836573060851],[-59.325920582683267,-34.477105192025782],[-59.325591863590105,-34.477373810070041],[-59.32526314239022,-34.477642427193587],[-59.324936597142973,-34.477640623941753],[-59.324610051924765,-34.477638819817543],[-59.324283506735576,-34.477637014820949],[-59.323956961575462,-34.477635208951995],[-59.32363259868827,-34.477362982816516],[-59.323308237907831,-34.477090755832918],[-59.322983879234087,-34.476818528001225],[-59.322657337350378,-34.476816718697378],[-59.322330795495795,-34.476814908521199],[-59.322004253670336,-34.476813097472693],[-59.321677711874038,-34.476811285551847],[-59.321351170106887,-34.476809472758646],[-59.321024628368932,-34.476807659093126],[-59.320698086660165,-34.476805844555251],[-59.320371544980596,-34.476804029145043],[-59.320045003330243,-34.476802212862502],[-59.31971846170913,-34.47680039570762],[-59.319391920117255,-34.47679857768042],[-59.319067575457872,-34.47652633960562],[-59.318743232905128,-34.476254100682958],[-59.318418892458979,-34.475981860912498],[-59.318092354144163,-34.475980039450882],[-59.317768016887207,-34.475707797978622],[-59.317441479684319,-34.475705974790721],[-59.317117145616507,-34.475433731616761],[-59.31679060952559,-34.475431906702603],[-59.316464073464047,-34.475430080916162],[-59.316137537431878,-34.475428254257423],[-59.315811001429125,-34.475426426726401],[-59.315484465455775,-34.47542459832308],[-59.315157929511848,-34.475422769047483],[-59.314831393597366,-34.47542093889961],[-59.314504857712357,-34.475419107879411],[-59.314176109271692,-34.475687694935246],[-59.313849572392357,-34.475685862152048],[-59.313520820821381,-34.475954447395893],[-59.313192067143824,-34.476223031718426],[-59.312863311359685,-34.476491615119627],[-59.312534553468922,-34.476760197599489],[-59.31220579347152,-34.477028779157955],[-59.311877031367452,-34.477297359795017],[-59.31154826715666,-34.477565939510662],[-59.31121950083913,-34.477834518304824],[-59.310890732414869,-34.478103096177506],[-59.310564186351193,-34.478101254504686],[-59.310235414796388,-34.478369830564965],[-59.309908867738599,-34.478367987128884],[-59.309580093053242,-34.478636561376675],[-59.309253545001411,-34.478634716177261],[-59.308924767185481,-34.478903288612493],[-59.308598218139629,-34.478901441649747],[-59.308271669123528,-34.478899593814603],[-59.307945120137127,-34.478897745107041],[-59.307616337143251,-34.47916631394768],[-59.307289787162965,-34.479164463476728],[-59.30696323721245,-34.479162612133365],[-59.306636687291743,-34.479160759917598],[-59.306310137400843,-34.47915890682944],[-59.305983587539764,-34.47915705286885],[-59.305657037708535,-34.479155198035883]]}},
{"type":"Feature","properties":{"length_m":1263.3809511662421,"Name":"Red de drenaje ≥ 0.5 km²"},"geometry":{"type":"LineString","coordinates":[[-59.342463263851343,-34.366317256718403],[-59.342135036230175,-34.366585929698083],[-59.341806806513695,-34.366854601761567],[-59.341478574701924,-34.367123272908877],[-59.341150340794798,-34.367391943139957],[-59.340822104792281,-34.367660612454806],[-59.340493866694381,-34.36792928085336],[-59.340165626501054,-34.368197948335641],[-59.339837384212267,-34.368466614901585],[-59.339511262187393,-34.368464855456558],[-59.339185140190793,-34.368463095142687],[-59.338859018222493,-34.368461333959971],[-59.338532896282516,-34.368459571908424],[-59.33820677437086,-34.36845780898804],[-59.337880652487549,-34.368456045198826],[-59.33755453063258,-34.368454280540753],[-59.337228408806013,-34.368452515013857],[-59.336902287007796,-34.368450748618116],[-59.336576165237979,-34.368448981353538],[-59.336250043496584,-34.368447213220136],[-59.335921787899039,-34.36871586911704],[-59.335593530205976,-34.368984524097378],[-59.335265270417388,-34.369253178161117],[-59.334937008533252,-34.369521831308234],[-59.334608744553528,-34.369790483538694],[-59.334280478478192,-34.370059134852511],[-59.333952210307231,-34.370327785249614],[-59.333623940040596,-34.370596434729975],[-59.333295667678257,-34.370865083293594],[-59.332967393220223,-34.371133730940443],[-59.332639116666421,-34.371402377670478],[-59.332310838016873,-34.371671023483671],[-59.331982557271509,-34.371939668380016],[-59.331654274430306,-34.372208312359476]]}},
{"type":"Feature","properties":{"length_m":2402.4978336205545,"Name":"Red de drenaje ≥ 0.5 km²"},"geometry":{"type":"LineString","coordinates":[[-59.341200120757506,-34.485842323129447],[-59.3408756697619,-34.485570142110987],[-59.340546964264888,-34.485838800183515],[-59.340220386061098,-34.485837037401595],[-59.339893807885709,-34.485835273747036],[-59.339565098230167,-34.486103929118613],[-59.33923851905773,-34.48610216370102],[-59.338911939913721,-34.486100397410766],[-59.338585360798128,-34.486098630247859],[-59.338258781711012,-34.486096862212314],[-59.337934339429978,-34.485824673494136],[-59.337609899256577,-34.485552483926796],[-59.337283322362502,-34.485550713308896],[-59.336958885379012,-34.485278522037582],[-59.336632309595743,-34.485276749692233],[-59.336305733840994,-34.485274976474273],[-59.335979158114789,-34.485273202383688],[-59.335654726485849,-34.485001007698926],[-59.335328151870556,-34.484999231880956],[-59.335001577283847,-34.484997455190374],[-59.334675002725724,-34.484995677627182],[-59.334348428196222,-34.484993899191359],[-59.334021853695347,-34.484992119882939],[-59.333693128831761,-34.485260759316205],[-59.333690978411745,-34.485531178918393],[-59.333362250358107,-34.485799817401137],[-59.333033520196864,-34.486068454963302],[-59.332706941595454,-34.486066672092733],[-59.332380363022743,-34.48606488834951],[-59.332053784478738,-34.48606310373367],[-59.331727205963453,-34.486061318245177],[-59.331400627476924,-34.486059531884024],[-59.331074049019122,-34.486057744650239],[-59.330747470590111,-34.486055956543808],[-59.330418731145592,-34.486324586951149],[-59.33008998959339,-34.48659321643774],[-59.329761245933497,-34.486861845003567],[-59.329434664458176,-34.486860053352522],[-59.329108083011683,-34.486858260828811],[-59.328781501594058,-34.486856467432439],[-59.328454920205289,-34.486854673163386],[-59.328126170337626,-34.487123297245624],[-59.327799587952782,-34.487121501213188],[-59.3274708349524,-34.48739012348377],[-59.327142079844243,-34.487658744833425],[-59.326813322628283,-34.487927365262124],[-59.32648456330449,-34.488195984769838],[-59.326155801872829,-34.488464603356533],[-59.325827038333294,-34.488733221022194],[-59.325498272685842,-34.489001837766779],[-59.32516950493045,-34.489270453590287],[-59.324840735067092,-34.489539068492668],[-59.324511963095738,-34.489807682473902],[-59.324183189016331,-34.490076295533974],[-59.324181007513367,-34.490346714395336],[-59.3238522302428,-34.490615326503921],[-59.323523450864158,-34.490883937691272],[-59.323194669377372,-34.491152547957384],[-59.32286588578242,-34.491421157302184],[-59.322537100079273,-34.49168976572571],[-59.322208312267918,-34.491958373227867],[-59.321879522348318,-34.492226979808663],[-59.32155073032046,-34.492495585468085],[-59.32122193618428,-34.492764190206053],[-59.320895332275185,-34.492762375464366],[-59.320568728395294,-34.492760559849827],[-59.320242124544649,-34.49275874336243]]}},
{"type":"Feature","properties":{"length_m":1721.5432893255061,"Name":"Red de drenaje ≥ 0.5 km²"},"geometry":{"type":"LineString","coordinates":[[-59.341056383708107,-34.462584399422305],[-59.341058508536527,-34.46231397839972],[-59.341060633336646,-34.462043557365057],[-59.341062758108436,-34.4617731363183],[-59.341391366325453,-34.461504474703062],[-59.341393489988072,-34.461234053614412],[-59.341395613622382,-34.460963632513653],[-59.341397737228405,-34.460693211400802],[-59.341399860806128,-34.460422790275842],[-59.341401984355549,-34.460152369138797],[-59.34140410787667,-34.459881947989615],[-59.341406231369511,-34.459611526828375],[-59.341408354834037,-34.459341105655028],[-59.341410478270276,-34.459070684469566],[-59.341412601678208,-34.458800263272025],[-59.341414725057838,-34.458529842062376],[-59.341416848409196,-34.458259420840626],[-59.341418971732246,-34.457988999606776],[-59.341421095027002,-34.45771857836084],[-59.341423218293457,-34.457448157102782],[-59.341425341531625,-34.457177735832659],[-59.3414274647415,-34.456907314550406],[-59.341103123393289,-34.45663513413092],[-59.340778784149713,-34.456362952863039],[-59.340454447010686,-34.456090770746798],[-59.340130111976229,-34.455818587782183],[-59.340132239253663,-34.455548166510276],[-59.340134366502738,-34.455277745226255],[-59.34013649372347,-34.455007323930147],[-59.340138620915859,-34.454736902621931],[-59.340140748079904,-34.454466481301623],[-59.340142875215584,-34.454196059969235],[-59.340145002322934,-34.453925638624725],[-59.340147129401927,-34.453655217268128],[-59.340149256452591,-34.453384795899403],[-59.340151383474897,-34.453114374518613],[-59.339827060783293,-34.452842190761963],[-59.339502740195861,-34.45257000615711],[-59.339178421712624,-34.452297820704104],[-59.33918055177778,-34.452027399328109],[-59.339182681814549,-34.451756977940022],[-59.339184811822925,-34.451486556539841],[-59.339186941802915,-34.451216135127545],[-59.339189071754532,-34.450945713703163],[-59.339191201677757,-34.450675292266673],[-59.339193331572595,-34.450404870818097],[-59.339195461439068,-34.450134449357414],[-59.339524029333681,-34.449865791796334],[-59.339852595124412,-34.449597133316225],[-59.340181158811241,-34.44932847391707],[-59.340509720394238,-34.449059813598929],[-59.34083827987341,-34.448791152361814],[-59.340840404310136,-34.448520730739915]]}},
{"type":"Feature","properties":{"length_m":234.85281374238571,"Name":"Red de drenaje ≥ 0.5 km²"},"geometry":{"type":"LineString","coordinates":[[-59.340388519096237,-34.464473824349007],[-59.340390646228279,-34.464203403446568],[-59.34039277333197,-34.463932982532008],[-59.34039490040734,-34.463662561605368],[-59.340723518239471,-34.463393901977959],[-59.340725644205499,-34.463123481009404],[-59.340727770143182,-34.462853060028742],[-59.341056383708107,-34.462584399422305]]}},
{"type":"Feature","properties":{"length_m":1316.1017305526639,"Name":"Red de drenaje ≥ 0.5 km²"},"geometry":{"type":"LineString","coordinates":[[-59.340840404310136,-34.448520730739915],[-59.340516096860078,-34.448248548786367],[-59.34019179151376,-34.447976365984722],[-59.339867488271167,-34.447704182335023],[-59.339543187132243,-34.447431997837242],[-59.33921675854269,-34.447430234085218],[-59.338892460587616,-34.447158047885793],[-59.338566033106666,-34.44715628240872],[-59.338241738335419,-34.446884094507716],[-59.337917445667763,-34.446611905758751],[-59.33759315510369,-34.44633971616188],[-59.337268866643136,-34.446067525717147],[-59.337271002366009,-34.445797104169529],[-59.336946717032248,-34.445524912882647],[-59.336622433801921,-34.445252720747938],[-59.336624571542806,-34.444982299199637],[-59.336626709255221,-34.44471187763925],[-59.336302430174712,-34.444439684668183],[-59.336304568881815,-34.444169263101401],[-59.335980292927772,-34.443897069288326],[-59.335982432629493,-34.443626647715199],[-59.335658159801874,-34.443354453060145],[-59.335660300498155,-34.443084031480652],[-59.335336030796817,-34.442811835983669],[-59.335338172487639,-34.442541414397809],[-59.335340314149917,-34.442270992799841],[-59.335016048597765,-34.441998796466713],[-59.335018191254505,-34.441728374862429],[-59.335020333882689,-34.441457953246044],[-59.334696072479531,-34.441185756076841],[-59.334371813179352,-34.44091355806011],[-59.334373957824845,-34.440643136443157],[-59.334376102441745,-34.440372714814096],[-59.334378247030074,-34.440102293172934],[-59.334380391589818,-34.439831871519679],[-59.33405613848408,-34.43955967267852],[-59.334058284038065,-34.439289251018963]]}},
{"type":"Feature","properties":{"length_m":2110.6601717798203,"Name":"Red de drenaje ≥ 0.5 km²"},"geometry":{"type":"LineString","coordinates":[[-59.339849062374533,-34.491514089452657],[-59.339522462094244,-34.491512324552865],[-59.339197994973155,-34.491240139141304],[-59.338873529960253,-34.490967952880311],[-59.33854693187341,-34.490966185397596],[-59.338220333815052,-34.490964417042079],[-59.337893735785144,-34.490962647813731],[-59.337567137783722,-34.490960877712574],[-59.337240539810793,-34.490959106738629],[-59.336913941866378,-34.490957334891881],[-59.336585202415392,-34.491225981681055],[-59.336256460856234,-34.491494627549677],[-59.335927717188838,-34.491763272497693],[-59.335601116196294,-34.491761497106161],[-59.335272369395106,-34.492030140242868],[-59.334945767405607,-34.492028363087805],[-59.334617017470606,-34.492297004413111],[-59.334290414484187,-34.492295225494487],[-59.33396166141538,-34.492563865008357],[-59.33363290623825,-34.492832503601448],[-59.333304148952749,-34.493101141273762],[-59.332975389558889,-34.493369778025283],[-59.332646628056608,-34.49363841385594],[-59.332317864445898,-34.49390704876577],[-59.331989098726723,-34.494175682754694],[-59.331662488590403,-34.494173896727624],[-59.331335878482868,-34.494172109827616],[-59.331009268404074,-34.494170322054721],[-59.330682658354057,-34.494168533408931],[-59.330356048332845,-34.494166743890226],[-59.330029438340446,-34.494164953498611],[-59.329702828376867,-34.494163162234095],[-59.329376218442114,-34.49416137009667],[-59.329049608536216,-34.49415957708635],[-59.328720831479565,-34.494428202136206],[-59.328392052314413,-34.494696826264956],[-59.328063271040726,-34.494965449472581],[-59.327736658087581,-34.494963652916468],[-59.327410045163354,-34.494961855487382],[-59.327083432268061,-34.494960057185402],[-59.32675681940173,-34.494958258010477],[-59.326430206564361,-34.49495645796263],[-59.326103593755967,-34.494954657041845],[-59.325779157702399,-34.494682436501954],[-59.325452546006282,-34.494680633853413],[-59.32512811314453,-34.494408411609946],[-59.32480368239127,-34.494136188517714],[-59.324477072890751,-34.494134383286728],[-59.324152645329271,-34.493862158491012],[-59.323826036941114,-34.493860351532376],[-59.323499428582039,-34.493858543700867],[-59.323175005295617,-34.493586316347042],[-59.322848398048961,-34.493584506787933],[-59.322521790831466,-34.493582696355922],[-59.322197371820124,-34.493310466444129],[-59.321870765715133,-34.493308654284583],[-59.32154634989552,-34.493036422669576],[-59.321219744903068,-34.493034608782516],[-59.320893139939791,-34.493032794022589],[-59.320566535005732,-34.493030978389811],[-59.320242124544649,-34.49275874336243]]}},
{"type":"Feature","properties":{"length_m":1051.2489168102784,"Name":"Red de drenaje ≥ 0.5 km²"},"geometry":{"type":"LineString","coordinates":[[-59.340800922684899,-34.370364863928003],[-59.340474793240709,-34.370363106965648],[-59.340150784258228,-34.370090924076848],[-59.339826777371364,-34.36981874034246],[-59.33950277258014,-34.369546555762554],[-59.339178769884498,-34.369274370337131],[-59.338852644772921,-34.369272609101216],[-59.338528645248942,-34.369000421979187],[-59.338202521241783,-34.368998659023298],[-59.337876397262953,-34.368996895198549],[-59.337550273312488,-34.368995130504942],[-59.337224149390387,-34.368993364942483],[-59.336898025496694,-34.368991598511158],[-59.33657190163138,-34.368989831210996],[-59.336245777794495,-34.368988063041975],[-59.335919653986018,-34.368986294004095],[-59.335591395216738,-34.369254948954541],[-59.335263134351919,-34.369523602988352],[-59.334934871391503,-34.369792256105534],[-59.334606606335505,-34.370060908306087],[-59.334278339183832,-34.370329559589933],[-59.333950069936513,-34.370598209957087],[-59.333621798593498,-34.370866859407492],[-59.333293525154758,-34.371135507941148],[-59.33296524962028,-34.371404155558004],[-59.332636971990034,-34.371672802258047],[-59.332308692263986,-34.371941448041234],[-59.3319804104421,-34.372210092907572],[-59.331654274430306,-34.372208312359476]]}},
{"type":"Feature","properties":{"length_m":72.426406871192853,"Name":"Red de drenaje ≥ 0.5 km²"},"geometry":{"type":"LineString","coordinates":[[-59.341285285731495,-34.308437202250758],[-59.341287397613684,-34.308166774391601],[-59.340963621702272,-34.307894593641983]]}},
{"type":"Feature","properties":{"length_m":1305.8073580374353,"Name":"Red de drenaje ≥ 0.5 km²"},"geometry":{"type":"LineString","coordinates":[[-59.338576362957397,-34.321403670910236],[-59.33825042316947,-34.321401910209836],[-59.33792660709662,-34.321129721539705],[-59.337602793114343,-34.320857532025684],[-59.33727898122266,-34.320585341667837],[-59.336955171421508,-34.320313150466148],[-59.33663136371085,-34.320040958420655],[-59.336307558090695,-34.319768765531414],[-59.335983754560992,-34.319496571798425],[-59.335659953121706,-34.319224377221708],[-59.335662083898413,-34.318953950147161],[-59.335664214646705,-34.318683523060542],[-59.335666345366612,-34.318413095961837],[-59.33534254906801,-34.318140900558646],[-59.335344680776252,-34.31787047345361],[-59.335346812456081,-34.317600046336509],[-59.335348944107494,-34.317329619207314],[-59.335351075730507,-34.317059192066033],[-59.335353207325099,-34.316788764912687],[-59.335029418200193,-34.31651656869461],[-59.334705631165392,-34.316244371632976],[-59.334381846220673,-34.315972173727793],[-59.33405806336603,-34.315699974979069],[-59.333734282601398,-34.315427775386894],[-59.333410503926778,-34.315155574951234],[-59.333086727342135,-34.314883373672139],[-59.332762952847432,-34.314611171549622],[-59.332439180442634,-34.314338968583719],[-59.332115410127749,-34.314066764774452],[-59.331791641902697,-34.313794560121863],[-59.331467875767487,-34.313522354625952],[-59.331144111722068,-34.313250148286762],[-59.330820349766419,-34.312977941104315],[-59.330822495563041,-34.312707514020161],[-59.330824641331056,-34.312437086923929]]}},
{"type":"Feature","properties":{"length_m":1763.0865786510126,"Name":"Red de drenaje ≥ 0.5 km²"},"geometry":{"type":"LineString","coordinates":[[-59.335517972664661,-34.419825957998867],[-59.335191651658,-34.419824184739412],[-59.334865330679854,-34.419822410609463],[-59.334536867284335,-34.420091058157418],[-59.334210545312885,-34.420089282268577],[-59.333884223369999,-34.420087505509251],[-59.333555755829991,-34.420356150362096],[-59.333227286189135,-34.420624794296536],[-59.332900962231186,-34.42062301488987],[-59.332574638301878,-34.420621234612689],[-59.332248314401212,-34.42061945346498],[-59.331921990529175,-34.420617671446735],[-59.331595666685807,-34.420615888557975],[-59.331269342871124,-34.420614104798702],[-59.330943019085147,-34.420612320168907],[-59.330616695327841,-34.420610534668583],[-59.33029037159929,-34.420608748297738],[-59.329964047899459,-34.420606961056365],[-59.32963772422837,-34.420605172944491],[-59.329311400586036,-34.420603383962074],[-59.328985076972508,-34.420601594109151],[-59.328656591948302,-34.420870225574802],[-59.328328104823221,-34.421138856121786],[-59.327999615597214,-34.421407485750059],[-59.327671124270289,-34.421676114459622],[-59.327342630842395,-34.421944742250425],[-59.327014135313505,-34.422213369122439],[-59.326685637683617,-34.422481995075657],[-59.326357137952662,-34.422750620110023],[-59.326028636120647,-34.423019244225543],[-59.325700132187535,-34.423287867422175],[-59.325371626153284,-34.423556489699905],[-59.325043118017867,-34.423825111058669],[-59.325040944676154,-34.424095532903806],[-59.324712433359998,-34.424364153313398],[-59.324383919942598,-34.424632772803989],[-59.324381744412712,-34.424903194576537],[-59.324379568853836,-34.42517361633702],[-59.324377393265948,-34.425444038085388],[-59.324048874508307,-34.425712656566212],[-59.323720353649314,-34.425981274127956],[-59.323391830688884,-34.426249890770599],[-59.323063305627052,-34.426518506494112],[-59.322734778463754,-34.426787121298453],[-59.322406249198977,-34.427055735183608],[-59.322077717832677,-34.427324348149561],[-59.321749184364855,-34.427592960196272],[-59.321420648795453,-34.427861571323703],[-59.321094297510342,-34.427859760086335]]}},
{"type":"Feature","properties":{"length_m":514.26406871192853,"Name":"Red de drenaje ≥ 0.5 km²"},"geometry":{"type":"LineString","coordinates":[[-59.335872700703497,-34.374935638461665],[-59.335548689456118,-34.37466344355947],[-59.335224680304862,-34.374391247811808],[-59.334900673249699,-34.374119051218699],[-59.33457666829058,-34.373846853780186],[-59.334252665427499,-34.373574655496277],[-59.333928664660405,-34.373302456367021],[-59.333602524285332,-34.373300680961151],[-59.333278526690741,-34.373028480135446],[-59.332954531192087,-34.372756278464472],[-59.332628392998622,-34.372754500487424],[-59.332302254833742,-34.372752721641426],[-59.331978263584077,-34.372480517423043],[-59.331654274430306,-34.372208312359476]]}},
{"type":"Feature","properties":{"length_m":1206.3961030678925,"Name":"Red de drenaje ≥ 0.5 km²"},"geometry":{"type":"LineString","coordinates":[[-59.33286446819131,-34.384114098947556],[-59.332540431962954,-34.383841896186986],[-59.33254257792597,-34.383571472143423],[-59.332218544814594,-34.383299268543105],[-59.332220691768896,-34.383028844493261],[-59.332222838694591,-34.382758420431337],[-59.332224985591672,-34.38248799635732],[-59.332227132460126,-34.382217572271216],[-59.332229279299987,-34.381947148173026],[-59.332231426111228,-34.381676724062743],[-59.332233572893877,-34.381406299940366],[-59.332235719647883,-34.381135875805896],[-59.332237866373305,-34.380865451659346],[-59.332240013070113,-34.380595027500711],[-59.332242159738293,-34.380324603329981],[-59.332570472842669,-34.380055958476852],[-59.332572618405301,-34.379785534264037],[-59.332574763939377,-34.379515110039108],[-59.332903072793265,-34.379246464208869],[-59.333231379550575,-34.378977817461511],[-59.333559684211359,-34.378709169797155],[-59.333887986775586,-34.378440521215751],[-59.33389012797371,-34.378170096858824],[-59.334218427364668,-34.377901447330466],[-59.3342205674575,-34.377631022931482],[-59.334548863675288,-34.377362372456226],[-59.33487715779669,-34.377093721064028],[-59.335205449821736,-34.376825068754947],[-59.335533739750424,-34.376556415528967],[-59.33586202758282,-34.376287761386159],[-59.33619031331893,-34.376019106326517],[-59.336192446923391,-34.375748681735892],[-59.336194580499424,-34.375478257133182],[-59.336196714047013,-34.375207832518363],[-59.335872700703497,-34.374935638461665]]}},
{"type":"Feature","properties":{"length_m":743.96969619669994,"Name":"Red de drenaje ≥ 0.5 km²"},"geometry":{"type":"LineString","coordinates":[[-59.330824641331056,-34.312437086923929],[-59.330826787070464,-34.312166659815624],[-59.330828932781273,-34.311896232695233],[-59.331156979975269,-34.311627585565496],[-59.331159124584097,-34.311357158403013],[-59.331487168615119,-34.311088510328318],[-59.331815210556599,-34.310819861338722],[-59.332143250408571,-34.310551211434252],[-59.332471288171028,-34.310282560614908],[-59.332799323844021,-34.310013908880741],[-59.333127357427578,-34.309745256231778],[-59.333455388921699,-34.309476602668028],[-59.333783418326455,-34.309207948189538],[-59.334111445641824,-34.30893929279631],[-59.334439470867871,-34.308670636488394],[-59.334767494004637,-34.308401979265803],[-59.335095515052096,-34.308133321128565],[-59.335423534010324,-34.30786466207671],[-59.335749421295084,-34.307866429692048],[-59.336075308608251,-34.307868196440516]]}},
{"type":"Feature","properties":{"length_m":1298.5281374238566,"Name":"Red de drenaje ≥ 0.5 km²"},"geometry":{"type":"LineString","coordinates":[[-59.334058284038065,-34.439289251018963],[-59.334060429563472,-34.439018829347283],[-59.333736180606131,-34.438746629670241],[-59.333738327125708,-34.438476207992274],[-59.333414081293867,-34.43820400747358],[-59.333089837564714,-34.437931806107528],[-59.333091986101117,-34.437661384429049],[-59.332767745497286,-34.437389182221423],[-59.332443506996043,-34.437116979166468],[-59.332119270597374,-34.43684477526422],[-59.331795036301259,-34.436572570514699],[-59.331468650458142,-34.436570786567231],[-59.33114441934449,-34.436298580117345],[-59.330820190333306,-34.43602637282028],[-59.330822346027851,-34.435755951182678],[-59.33049812014162,-34.435483743044308],[-59.330500276829909,-34.435213321400489],[-59.330176054068509,-34.434941112420837],[-59.330178211750479,-34.434670690770794],[-59.329853992113819,-34.434398480949937],[-59.329527614852694,-34.43439669192022],[-59.329203398398214,-34.434124480399326],[-59.32920555914729,-34.433854058766997],[-59.3288813458174,-34.433581846404984],[-59.328554971796024,-34.433580054816439],[-59.328228597803474,-34.433578262356967],[-59.327904388735604,-34.433306047442144],[-59.327578015851834,-34.433304253258839],[-59.32725164299692,-34.433302458204615],[-59.32692743819112,-34.433030240737104],[-59.326603235487454,-34.432758022422732],[-59.32660540450096,-34.432487600874282],[-59.326281204921536,-34.43221538171904],[-59.325957007444167,-34.431943161716987],[-59.325959178472971,-34.431672740168423],[-59.325634984119688,-34.431400519325585]]}},
{"type":"Feature","properties":{"length_m":289.70562748477141,"Name":"Red de drenaje ≥ 0.5 km²"},"geometry":{"type":"LineString","coordinates":[[-59.333756654036314,-34.353830081119604],[-59.333754514357999,-34.354100506546445],[-59.333752374651176,-34.354370931961213],[-59.333424166847024,-34.354639582322889],[-59.333095956948839,-34.354908231768327],[-59.332767744956591,-34.355176880297506],[-59.332765601994517,-34.355447305610248],[-59.332437386832524,-34.355715953193148],[-59.33211131468974,-34.355714174606952]]}},
{"type":"Feature","properties":{"length_m":2212.2034611053255,"Name":"Red de drenaje ≥ 0.5 km²"},"geometry":{"type":"LineString","coordinates":[[-59.332308499540851,-34.413047621722519],[-59.331982205075413,-34.413045840206344],[-59.331655910638609,-34.413044057819896],[-59.331329616230462,-34.413042274563175],[-59.331003321851021,-34.41304049043616],[-59.330679181804356,-34.412768282790985],[-59.330352888532353,-34.412766496941394],[-59.330026595289048,-34.412764710221538],[-59.3297003020745,-34.412762922631416],[-59.329374008888713,-34.412761134171014],[-59.329047715731654,-34.41275934484036],[-59.328721422603408,-34.412757554639441],[-59.328397291129448,-34.412485341034262],[-59.328070999108803,-34.412483549110839],[-59.327744707116985,-34.412481756317156],[-59.327416250378455,-34.412750385133059],[-59.3270899573943,-34.412748590580811],[-59.326763664439014,-34.412746795158299],[-59.326435203558148,-34.413015421279049],[-59.326106740577202,-34.41328404648128],[-59.32578044560853,-34.413282248411775],[-59.32545415066879,-34.413280449471998],[-59.325125683545494,-34.413549071978892],[-59.324797214322111,-34.41381769356714],[-59.324468742998562,-34.414086314236755],[-59.324140269574855,-34.414354933987681],[-59.32381179405094,-34.414623552819933],[-59.323483316426817,-34.414892170733438],[-59.323154836702415,-34.415160787728198],[-59.322826354877748,-34.415429403804161],[-59.322497870952766,-34.415698018961351],[-59.322169384927449,-34.41596663319968],[-59.321840896801781,-34.416235246519136],[-59.3215124065757,-34.416503858919739],[-59.321183914249204,-34.416772470401419],[-59.320855419822301,-34.417041080964147],[-59.320526923294878,-34.417309690607922],[-59.320198424666984,-34.417578299332696],[-59.319869923938541,-34.417846907138461],[-59.319541421109577,-34.418115514025182],[-59.319212916180007,-34.418384119992815],[-59.318884409149838,-34.418652725041369],[-59.318555900019049,-34.418921329170793],[-59.318227388787584,-34.419189932381066],[-59.31789887545542,-34.419458534672152],[-59.317570360022543,-34.41972713604406],[-59.317241842488933,-34.419995736496709],[-59.316913322854539,-34.420264336030108],[-59.316584801119348,-34.420532934644235],[-59.316256277283358,-34.420801532339048],[-59.315927751346479,-34.421070129114533],[-59.31559922330873,-34.421338724970632],[-59.315270693170085,-34.421607319907373],[-59.314942160930492,-34.421875913924687],[-59.314613626589946,-34.42214450702258],[-59.314287297983107,-34.422142677886015],[-59.314285090148402,-34.422413099200973],[-59.314282882284289,-34.422683520503824],[-59.313956551605855,-34.422681690459882]]}},
{"type":"Feature","properties":{"length_m":42.426406871192853,"Name":"Red de drenaje ≥ 0.5 km²"},"geometry":{"type":"LineString","coordinates":[[-59.332435242766252,-34.355986378463811],[-59.33211131468974,-34.355714174606952]]}},
{"type":"Feature","properties":{"length_m":289.70562748477141,"Name":"Red de drenaje ≥ 0.5 km²"},"geometry":{"type":"LineString","coordinates":[[-59.33211131468974,-34.355714174606952],[-59.331785242575556,-34.355712395152338],[-59.331459170489985,-34.355710614829292],[-59.331133098433014,-34.355708833637827],[-59.330807026404685,-34.355707051577944],[-59.330478804056213,-34.355975693812717],[-59.330150579613566,-34.356244335131038],[-59.329822353076729,-34.356512975532887],[-59.329494124445645,-34.356781615018264]]}},
{"type":"Feature","properties":{"length_m":542.13203435596427,"Name":"Red de drenaje ≥ 0.5 km²"},"geometry":{"type":"LineString","coordinates":[[-59.331654274430306,-34.372208312359476],[-59.331328138447162,-34.372206530942414],[-59.331002002492632,-34.372204748656401],[-59.33067586656675,-34.372202965501451],[-59.330351882738562,-34.371930757039699],[-59.330025747917965,-34.371928972164781],[-59.329699613126053,-34.37192718642094],[-59.329373478362854,-34.371925399808156],[-59.329047343628396,-34.37192361232642],[-59.328723366202503,-34.371651399615772],[-59.328397232573415,-34.371649610414174],[-59.328071098973105,-34.371647820343611],[-59.327744965401571,-34.371646029404133],[-59.327420993301452,-34.371373813295797],[-59.327097023297128,-34.371101596342534],[-59.326770891907771,-34.371099802832362],[-59.326446925075857,-34.370827584183353]]}},
{"type":"Feature","properties":{"length_m":72.426406871192853,"Name":"Red de drenaje ≥ 0.5 km²"},"geometry":{"type":"LineString","coordinates":[[-59.33049444305906,-34.312976160144842],[-59.330496589900534,-34.312705733078637],[-59.330824641331056,-34.312437086923929]]}},
{"type":"Feature","properties":{"length_m":1160.9545442950498,"Name":"Red de drenaje ≥ 0.5 km²"},"geometry":{"type":"LineString","coordinates":[[-59.325972229502717,-34.34864916454756],[-59.325644019848966,-34.34891779427015],[-59.325641854515631,-34.34918821946497],[-59.325639689153412,-34.349458644647719],[-59.325637523762332,-34.349729069818373],[-59.325309308788313,-34.349997698533947],[-59.325307142292729,-34.350268123662339],[-59.32530497576829,-34.35053854877863],[-59.32497675654934,-34.350807176517307],[-59.324648535236761,-34.351075803339427],[-59.324646366532022,-34.351346228383235],[-59.324318142050025,-34.351614854258578],[-59.324315972240591,-34.351885279260088],[-59.324313802402251,-34.352155704249519],[-59.32463769142398,-34.35242792843767],[-59.324961582539487,-34.352700151781619],[-59.325285475748842,-34.3529723742814],[-59.325609371052025,-34.353244595936964],[-59.32593326844912,-34.353516816748282],[-59.326257167940113,-34.353789036715334],[-59.326581069525069,-34.354061255838104],[-59.32690497320398,-34.354333474116537],[-59.327228878976904,-34.354605691550631],[-59.327552786843846,-34.354877908140352],[-59.327876696804857,-34.355150123885679],[-59.328200608859966,-34.35542233878656],[-59.328524523009165,-34.355694552843005],[-59.328848439252525,-34.355966766054976],[-59.329172357590039,-34.356238978422439],[-59.329170202995527,-34.356509403489405],[-59.329494124445645,-34.356781615018264]]}},
{"type":"Feature","properties":{"length_m":1788.8225099390847,"Name":"Red de drenaje ≥ 0.5 km²"},"geometry":{"type":"LineString","coordinates":[[-59.329494124445645,-34.356781615018264],[-59.329165893720308,-34.357050253587097],[-59.32916373903965,-34.357320678617818],[-59.328835505144156,-34.357589316240016],[-59.328833349358874,-34.357859741228559],[-59.328831193544836,-34.358130166205001],[-59.328829037702093,-34.358400591169385],[-59.328826881830615,-34.35867101612164],[-59.328498641537003,-34.358939652706887],[-59.328496484560794,-34.359210077616979],[-59.328494327555845,-34.359480502514977],[-59.328492170522161,-34.359750927400889],[-59.328490013459721,-34.360021352274735],[-59.328487856368518,-34.360291777136467],[-59.328159608600252,-34.360560412654522],[-59.328157450404241,-34.360830837474069],[-59.328155292179446,-34.361101262281522],[-59.327827040164308,-34.36136989682263],[-59.327824880834612,-34.361640321587892],[-59.327822721476146,-34.361910746341053],[-59.32782056208891,-34.362181171082121],[-59.327818402672889,-34.362451595811116],[-59.327816243228085,-34.362722020528025],[-59.327814083754504,-34.362992445232834],[-59.327811924252138,-34.363262869925563],[-59.327809764720989,-34.363533294606206],[-59.328133708349519,-34.363805509691289],[-59.328131549808319,-34.364075934365793],[-59.328129391238335,-34.364346359028168],[-59.32845333899936,-34.36461857328041],[-59.328451181419368,-34.364888997936667],[-59.328449023810634,-34.365159422580831],[-59.328446866173138,-34.365429847212916],[-59.328770819085662,-34.365702060638171],[-59.328768662438243,-34.365972485264095],[-59.328766505762104,-34.36624290987789],[-59.329090462807535,-34.366515122470176],[-59.32908830712153,-34.366785547077825],[-59.329086151406806,-34.367055971673402],[-59.329083995663339,-34.367326396256871],[-59.329081839891153,-34.367596820828254],[-59.329079684090225,-34.367867245387565],[-59.329077528260576,-34.368137669934768],[-59.329075372402194,-34.368408094469899],[-59.329073216515077,-34.368678518992937],[-59.329071060599212,-34.368948943503881],[-59.328742780427305,-34.369217579832132],[-59.328414498159859,-34.369486215243413],[-59.328086213796823,-34.369754849737703],[-59.327757927338205,-34.370023483314966],[-59.327429638783975,-34.37029211597519],[-59.327101348134072,-34.370560747718322],[-59.326773055388522,-34.370829378544364],[-59.326446925075857,-34.370827584183353]]}},
{"type":"Feature","properties":{"length_m":1014.8528137423857,"Name":"Red de drenaje ≥ 0.5 km²"},"geometry":{"type":"LineString","coordinates":[[-59.328518296191895,-34.397341659827532],[-59.32819206294969,-34.397339868913825],[-59.327863667624939,-34.397608500305566],[-59.3275374333911,-34.397606707634289],[-59.327211199186095,-34.397604914093222],[-59.326884965009938,-34.397603119682387],[-59.326558730862637,-34.397601324401784],[-59.326232496744204,-34.397599528251398],[-59.325906262654655,-34.397597731231237],[-59.325580028594004,-34.397595933341293],[-59.325253794562258,-34.397594134581581],[-59.324927560559445,-34.397592334952108],[-59.324601326585572,-34.397590534452867],[-59.324275092640661,-34.397588733083815],[-59.323948858724712,-34.39758693084503],[-59.323622624837746,-34.39758512773647],[-59.323296390979777,-34.397583323758113],[-59.322970157150813,-34.397581518910002],[-59.322643923350881,-34.397579713192115],[-59.322317689579982,-34.397577906604454],[-59.321991455838138,-34.397576099147038],[-59.321665222125354,-34.39757429081984],[-59.32133898844166,-34.397572481622859],[-59.321012754787041,-34.397570671556117],[-59.320686521161555,-34.397568860619614],[-59.320360287565165,-34.397567048813336],[-59.320034053997951,-34.397565236137282],[-59.319707820459854,-34.397563422591453],[-59.319381586950932,-34.397561608175877],[-59.319055353471192,-34.397559792890497],[-59.318729120020635,-34.397557976735378],[-59.318402886599266,-34.397556159710497],[-59.318078846795196,-34.397283919185782],[-59.317752614481527,-34.397282100439647]]}},
{"type":"Feature","properties":{"length_m":102.42640687119285,"Name":"Red de drenaje ≥ 0.5 km²"},"geometry":{"type":"LineString","coordinates":[[-59.327152754618098,-34.404906334277868],[-59.326826492107486,-34.404904539379288],[-59.326500229625729,-34.40490274361072],[-59.326176135310341,-34.404630524213772]]}},
{"type":"Feature","properties":{"length_m":1168.233764908628,"Name":"Red de drenaje ≥ 0.5 km²"},"geometry":{"type":"LineString","coordinates":[[-59.326176135310341,-34.404630524213772],[-59.325849873935972,-34.40462872672326],[-59.325525782798287,-34.404356505628513],[-59.325201693759745,-34.404084283687872],[-59.324877606820365,-34.403812060901394],[-59.324553521980079,-34.403539837269065],[-59.324229439238891,-34.403267612790941],[-59.323905358596747,-34.402995387467065],[-59.323581280053631,-34.402723161297423],[-59.323257203609479,-34.402450934282065],[-59.323259380932257,-34.402180511577996],[-59.32326155822598,-34.401910088861818],[-59.323263735490698,-34.401639666133569],[-59.322939664206842,-34.40136743829072],[-59.32261559502183,-34.401095209602254],[-59.32229152793564,-34.400822980068156],[-59.321967462948251,-34.400550749688485],[-59.321643400059628,-34.400278518463224],[-59.321319339269742,-34.40000628639244],[-59.320995280578572,-34.399734053476159],[-59.320671223986082,-34.399461819714361],[-59.320347169492237,-34.399189585107116],[-59.320023117097023,-34.39891734965444],[-59.319696878312627,-34.398915536017356],[-59.319372829094448,-34.398643298867718],[-59.31904878197485,-34.398371060872726],[-59.318724736953776,-34.398098822032409],[-59.318400694031226,-34.397826582346767],[-59.318076653207157,-34.397554341815841],[-59.317752614481527,-34.397282100439647]]}},
{"type":"Feature","properties":{"length_m":1520.9545442950489,"Name":"Red de drenaje ≥ 0.5 km²"},"geometry":{"type":"LineString","coordinates":[[-59.326446925075857,-34.370827584183353],[-59.326120794792025,-34.370825788953439],[-59.325796831132529,-34.370553568608763],[-59.325470701954281,-34.370551771659109],[-59.325146741467172,-34.370279549618829],[-59.32482278307571,-34.370007326733784],[-59.324496656079823,-34.370005527213699],[-59.324170529112862,-34.370003726824727],[-59.323846574970489,-34.369731501393431],[-59.323520449109232,-34.369729699284846],[-59.323194323276958,-34.369727896307417],[-59.322870373383687,-34.369455668330012],[-59.322544248657159,-34.369453863632998],[-59.322218123959665,-34.369452058067125],[-59.321894178315539,-34.369179827543789],[-59.321570234766931,-34.368907596175902],[-59.321244112252074,-34.368905788039854],[-59.320920171875777,-34.368633554976817],[-59.320594050466809,-34.368631745121306],[-59.320267929086953,-34.368629934396971],[-59.319943992959757,-34.368357698788259],[-59.319617872685875,-34.36835588634451],[-59.319291752441096,-34.368354073031938],[-59.318965632225471,-34.368352258850535],[-59.318639512039034,-34.36835044380031],[-59.318313391881752,-34.368348627881261],[-59.317987271753672,-34.368346811093389],[-59.317661151654804,-34.3683449934367],[-59.317332837979798,-34.36861359878047],[-59.317004522209317,-34.368882203206688],[-59.316676204343345,-34.369150806715318],[-59.316347884381891,-34.369419409306339],[-59.316345687516247,-34.36968983307225],[-59.316017364382169,-34.369958434715201],[-59.315689039152502,-34.370227035440472],[-59.315686840103368,-34.370497459133418],[-59.315684641024966,-34.370767882814256],[-59.315356311545365,-34.371036482560903],[-59.315027979970068,-34.371305081389814],[-59.314699646299033,-34.37157367930093],[-59.314371310532252,-34.371842276294281],[-59.314042972669668,-34.372110872369802],[-59.313714632711267,-34.372379467527487]]}},
{"type":"Feature","properties":{"length_m":2003.086578651013,"Name":"Red de drenaje ≥ 0.5 km²"},"geometry":{"type":"LineString","coordinates":[[-59.325469825732931,-34.451952522072517],[-59.325145555768408,-34.451680299925847],[-59.324819111610047,-34.451678497542559],[-59.324492667480698,-34.451676694287769],[-59.324166223380338,-34.451674890161442],[-59.323837599826007,-34.451943505707838],[-59.323511154731683,-34.45194169982031],[-59.323184709666435,-34.45193989306123],[-59.322858264630256,-34.451938085430626],[-59.322531819623158,-34.451936276928492],[-59.322205374645158,-34.451934467554821],[-59.321878929696283,-34.451932657309619],[-59.321552484776525,-34.45193084619288],[-59.321226039885914,-34.451929034204625],[-59.320901783975827,-34.451656800964365],[-59.320577530169778,-34.451384566876968],[-59.320253278467774,-34.451112331942454],[-59.31992902886978,-34.450840096160832],[-59.319604781375745,-34.450567859532143],[-59.319280535985655,-34.450295622056409],[-59.318956292699482,-34.450023383733651],[-59.318632051517184,-34.449751144563912],[-59.318307812438746,-34.449478904547206],[-59.317981377308129,-34.449477084008457],[-59.31765714141472,-34.449204842291671],[-59.317332907625101,-34.448932599727982],[-59.31700867593927,-34.448660356317447],[-59.316684446357165,-34.448388112060066],[-59.316360218878771,-34.448115866955852],[-59.316035993504059,-34.447843621004878],[-59.31571177023303,-34.447571374207115],[-59.315387549065598,-34.447299126562605],[-59.315063330001763,-34.447026878071405],[-59.315065537360184,-34.446756457802756],[-59.315067744689181,-34.446486037521986],[-59.315069951988761,-34.446215617229129],[-59.315072159258925,-34.445945196924143],[-59.31507436649968,-34.445674776607078],[-59.315076573711018,-34.445404356277891],[-59.315078780892954,-34.445133935936596],[-59.315080988045466,-34.444863515583201],[-59.315083195168562,-34.444593095217712],[-59.315085402262248,-34.444322674840087],[-59.315087609326547,-34.444052254450376],[-59.3150898163614,-34.443781834048544],[-59.315092023366859,-34.443511413634624],[-59.315094230342901,-34.44324099320859],[-59.31509643728954,-34.442970572770456],[-59.315098644206778,-34.442700152320207],[-59.315100851094591,-34.442429731857857],[-59.315429464423019,-34.442161139268684],[-59.315758075648397,-34.441892545759387],[-59.316086684770717,-34.441623951330072],[-59.316415291790037,-34.441355355980704],[-59.316743896706384,-34.441086759711339],[-59.316746098160401,-34.440816339084513],[-59.317074699892984,-34.440547741864712]]}},
{"type":"Feature","properties":{"length_m":609.41125496954282,"Name":"Red de drenaje ≥ 0.5 km²"},"geometry":{"type":"LineString","coordinates":[[-59.325634984119688,-34.431400519325585],[-59.325308618795468,-34.431398719172549],[-59.32498225350021,-34.431396918148664],[-59.324658063408769,-34.431124694753585],[-59.324331699222469,-34.431122892006087],[-59.324005335065145,-34.431121088387727],[-59.323681149235597,-34.430848862440556],[-59.323354786187281,-34.430847057098646],[-59.323356965507934,-34.430576635646752],[-59.323032783882155,-34.430304408006329],[-59.322708604358233,-34.430032179519316],[-59.322710785693545,-34.429761758067471],[-59.322386609293254,-34.429489528740021],[-59.322388791621336,-34.429219107282165],[-59.322064618344577,-34.428946877114278],[-59.322066801665336,-34.428676455650418],[-59.321742631512038,-34.428404224642158],[-59.321418463460375,-34.428131992787449]]}},
{"type":"Feature","properties":{"length_m":2406.396103067892,"Name":"Red de drenaje ≥ 0.5 km²"},"geometry":{"type":"LineString","coordinates":[[-59.325178219821701,-34.325657591807044],[-59.324854430439139,-34.325385369065366],[-59.324530643147604,-34.325113145480366],[-59.324206857947061,-34.324840921052079],[-59.323883074837447,-34.324568695780549],[-59.323559293818775,-34.324296469665803],[-59.323235514890996,-34.324024242707843],[-59.322911738054096,-34.323752014906688],[-59.322913910085028,-34.323481588739021],[-59.32291608208704,-34.323211162559232],[-59.322918254060099,-34.322940736367386],[-59.32292042600421,-34.322670310163446],[-59.322922597919359,-34.322399883947419],[-59.32292476980556,-34.322129457719328],[-59.322926941662836,-34.321859031479143],[-59.322929113491135,-34.321588605226864],[-59.322931285290515,-34.3213181789625],[-59.322933457060927,-34.321047752686077],[-59.322935628802405,-34.320777326397547],[-59.322937800514936,-34.320506900096944],[-59.322939972198512,-34.320236473784263],[-59.322942143853162,-34.319966047459502],[-59.32294431547885,-34.319695621122641],[-59.322620555978098,-34.31942339256954],[-59.322294624909553,-34.319421589498113],[-59.321968693869984,-34.319419785559454],[-59.321642762859405,-34.319417980753563],[-59.321316831877816,-34.31941617508042],[-59.320990900925253,-34.319414368540023],[-59.320664970001701,-34.319412561132395],[-59.320339039107211,-34.319410752857536],[-59.320013108241767,-34.319408943715402],[-59.319684995356617,-34.319677559872993],[-59.319359063504137,-34.319675748978142],[-59.319033131680747,-34.319673937216052],[-59.318707199886461,-34.31967212458671],[-59.318381268121307,-34.319670311090128],[-59.318055336385278,-34.319668496726294],[-59.31772940467841,-34.3196666814952],[-59.317403473000702,-34.319664865396867],[-59.317077541352184,-34.319663048431295],[-59.316751609732869,-34.319661230598456],[-59.316425678142757,-34.319659411898378],[-59.316099746581862,-34.319657592331069],[-59.315773815050221,-34.319655771896485],[-59.315447883547812,-34.31965395059467],[-59.315121952074662,-34.319652128425616],[-59.314793822874783,-34.319920731269498],[-59.314467890415003,-34.319918907347571],[-59.314141957984532,-34.319917082558391],[-59.313816025583378,-34.319915256901936],[-59.313490093211556,-34.31991343037825],[-59.3131641608691,-34.31991160298729],[-59.312838228556011,-34.319909774729084],[-59.312512296272281,-34.319907945603646],[-59.31218636401794,-34.319906115610927],[-59.311862638955901,-34.319633859036493],[-59.311536707805608,-34.319632027327735],[-59.311212985908568,-34.319359769062089],[-59.310887055862331,-34.319357935637342],[-59.310561125845545,-34.319356101345349],[-59.310237408188172,-34.31908384053984],[-59.309911479275534,-34.319082004531872],[-59.309585550392377,-34.319080167656693],[-59.309259621538764,-34.319078329914277],[-59.308933692714646,-34.319076491304635],[-59.308607763920101,-34.319074651827776],[-59.308281835155093,-34.3190728114837],[-59.307955906419657,-34.319070970272378],[-59.307629977713809,-34.319069128193867],[-59.307304049037555,-34.319067285248103],[-59.306978120390923,-34.319065441435136],[-59.306652191773907,-34.319063596754937],[-59.306328488028889,-34.318791325771755],[-59.306004786374181,-34.318519053946481]]}},
{"type":"Feature","properties":{"length_m":2097.3506473629404,"Name":"Red de drenaje ≥ 0.5 km²"},"geometry":{"type":"LineString","coordinates":[[-59.322472848960246,-34.45923762508437],[-59.322148561101365,-34.458965395092783],[-59.32182208879459,-34.458963584374132],[-59.32149780412206,-34.458691352681534],[-59.321173521554321,-34.458419120141528],[-59.320849241091338,-34.458146886754164],[-59.320524962733096,-34.457874652519443],[-59.320527153378649,-34.457604232423549],[-59.32020287814823,-34.457331997347623],[-59.319878605022467,-34.457059761424425],[-59.319554334001324,-34.45678752465394],[-59.319230065084767,-34.456515287036225],[-59.318905798272773,-34.456243048571288],[-59.318581533565286,-34.455970809259171],[-59.318257270962334,-34.45569856909988],[-59.317933010463825,-34.455426328093459],[-59.317608752069766,-34.455154086239915],[-59.31728229490448,-34.455152263573318],[-59.316958039696367,-34.454880020019402],[-59.31663158364195,-34.454878195627877],[-59.316305127616886,-34.454876370364737],[-59.315978671621195,-34.454874544229966],[-59.315652215654886,-34.454872717223573],[-59.315325759717993,-34.454870889345557],[-59.314999303810474,-34.454869060595918],[-59.314672847932407,-34.454867230974671],[-59.314346392083777,-34.454865400481779],[-59.3140199362646,-34.454863569117258],[-59.313695692895251,-34.454591317037242],[-59.3133692381872,-34.454589483947935],[-59.313042783508656,-34.454587649987012],[-59.312716328859608,-34.454585815154466],[-59.312389874240104,-34.454583979450327],[-59.312065637301821,-34.454311723110834],[-59.311739183793577,-34.454309885681951],[-59.311414950041346,-34.454037627642592],[-59.311088497644384,-34.454035788488987],[-59.310762045277023,-34.454033948463788],[-59.31043781579254,-34.453761687871555],[-59.310113588412314,-34.453489426432675],[-59.309789363136325,-34.453217164147155],[-59.30946513996453,-34.452944901015037],[-59.309140918896922,-34.452672637036358],[-59.308816699933438,-34.452400372211109],[-59.308492483074083,-34.452128106539369],[-59.308168268318816,-34.451855840021111],[-59.30784405566758,-34.451583572656403],[-59.307519845120389,-34.451311304445241],[-59.307195636677193,-34.451039035387652],[-59.306871430337971,-34.450766765483671],[-59.306547226102694,-34.450494494733341],[-59.306223023971306,-34.45022222313667],[-59.305898823943821,-34.449949950693693],[-59.305574626020189,-34.449677677404438],[-59.305250430200374,-34.449405403268919],[-59.304926236484384,-34.449133128287137]]}},
{"type":"Feature","properties":{"length_m":1324.2640687119283,"Name":"Red de drenaje ≥ 0.5 km²"},"geometry":{"type":"LineString","coordinates":[[-59.322139697468302,-34.379187317858381],[-59.321815715140879,-34.378915087115423],[-59.321817895181866,-34.378644663450046],[-59.321820075193806,-34.378374239772569],[-59.321496097001294,-34.378102008196961],[-59.321498278003332,-34.377831584513515],[-59.321500458976331,-34.377561160817976],[-59.321176484918489,-34.37728892840979],[-59.321178666881529,-34.377018504708268],[-59.320854695939161,-34.376746271461442],[-59.320530727093065,-34.376474037369867],[-59.320206760343261,-34.376201802433577],[-59.319880609650525,-34.376199990329567],[-59.319554458986921,-34.376198177356464],[-59.319228308352471,-34.376196363514296],[-59.318902157747189,-34.376194548803042],[-59.318576007171075,-34.376192733222723],[-59.318249856624135,-34.376190916773318],[-59.317923706106413,-34.376189099454841],[-59.317597555617915,-34.376187281267285],[-59.317271405158642,-34.376185462210657],[-59.316947450200821,-34.375913218772602],[-59.316621300848183,-34.375911397996163],[-59.316295151524798,-34.375909576350644],[-59.315969002230702,-34.37590775383606],[-59.315642852965922,-34.375905930452411],[-59.315316703730431,-34.375904106199698],[-59.3149905545243,-34.37590228107792],[-59.314664405347493,-34.375900455087084],[-59.31433825620006,-34.375898628227183],[-59.314012107081986,-34.375896800498204],[-59.313685957993293,-34.375894971900166],[-59.31335980893401,-34.375893142433057],[-59.313033659904129,-34.375891312096904],[-59.312707510903685,-34.375889480891679],[-59.312381361932687,-34.375887648817397],[-59.312053001797267,-34.376156239110458],[-59.311724639565611,-34.376424828485433],[-59.311396275237733,-34.376693416942302],[-59.31107012324027,-34.376691581336324],[-59.310743971272316,-34.376689744861253]]}},
{"type":"Feature","properties":{"length_m":2202.7922061357845,"Name":"Red de drenaje ≥ 0.5 km²"},"geometry":{"type":"LineString","coordinates":[[-59.322481448497818,-34.336730653378275],[-59.322153274966013,-34.336999274682981],[-59.321825099342021,-34.337267895071427],[-59.321822922695787,-34.337538320568278],[-59.321820746020535,-34.337808746053035],[-59.321818569316271,-34.33807917152572],[-59.321816392582996,-34.338349596986312],[-59.321488210566095,-34.338618216337352],[-59.32116002645683,-34.338886834772048],[-59.320831840255174,-34.339155452290356],[-59.320829660267179,-34.339425877648004],[-59.320827480250159,-34.339696302993538],[-59.320825300204049,-34.339966728327006],[-59.320497108684052,-34.340235344838],[-59.320168915071513,-34.340503960432521],[-59.319840719366425,-34.340772575110584],[-59.319512521568747,-34.341041188872126],[-59.319184321678428,-34.341309801717131],[-59.318856119695496,-34.341578413645578],[-59.318527915619867,-34.341847024657454],[-59.318199709451569,-34.342115634752709],[-59.31787150119051,-34.342384243931328],[-59.317543290836731,-34.342652852193268],[-59.317215078390156,-34.34292145953853],[-59.316886863850776,-34.343190065967086],[-59.316560841245945,-34.343188246540123],[-59.316232623596562,-34.343456851165577],[-59.315906600003814,-34.34345502998427],[-59.315578379244386,-34.343723632806551],[-59.315252354663755,-34.343721809870864],[-59.314926330112428,-34.343719986067129],[-59.31460030559041,-34.343718161395365],[-59.314274281097717,-34.343716335855596],[-59.313948256634362,-34.343714509447786],[-59.313622232200373,-34.343712682171983],[-59.313296207795744,-34.343710854028117],[-59.312970183420489,-34.34370902501626],[-59.312644159074637,-34.343707195136361],[-59.3123181347582,-34.343705364388448],[-59.311992110471188,-34.343703532772516],[-59.311666086213592,-34.343701700288555],[-59.311337851156416,-34.343970291556701],[-59.311009614006331,-34.344238881907778],[-59.31068137476332,-34.344507471341743],[-59.31035534748424,-34.344505635330215],[-59.310027105131304,-34.344774222960538],[-59.309698860685373,-34.345042809673686],[-59.309370614146424,-34.345311395469658],[-59.309046802147961,-34.345039131500222],[-59.308722992242487,-34.344766866687692],[-59.30839918443003,-34.344494601032103],[-59.308075378710512,-34.344222334533477],[-59.30775157508392,-34.343950067191862],[-59.307425550163849,-34.343948223405057],[-59.307099525273422,-34.34394637875026],[-59.306773500412632,-34.343944533227422],[-59.306447475581521,-34.343942686836542],[-59.306121450780083,-34.343940839577641],[-59.305795426008331,-34.343938991450727],[-59.305797654626886,-34.343668567145905],[-59.305799883215741,-34.343398142829002],[-59.305802111774895,-34.343127718499993]]}},
{"type":"Feature","properties":{"length_m":42.426406871192853,"Name":"Red de drenaje ≥ 0.5 km²"},"geometry":{"type":"LineString","coordinates":[[-59.321418463460375,-34.428131992787449],[-59.321094297510342,-34.427859760086335]]}},
{"type":"Feature","properties":{"length_m":1566.396103067892,"Name":"Red de drenaje ≥ 0.5 km²"},"geometry":{"type":"LineString","coordinates":[[-59.317074699892984,-34.440547741864712],[-59.317076900236898,-34.440277321195325],[-59.317079100551467,-34.440006900513843],[-59.317081300836733,-34.43973647982024],[-59.317083501092682,-34.43946605911453],[-59.317085701319307,-34.439195638396725],[-59.31741429554539,-34.438927040104801],[-59.317742887668722,-34.438658440893001],[-59.318071477689372,-34.43838984076136],[-59.318073674644715,-34.438119419940158],[-59.318075871570791,-34.437848999106855],[-59.318078068467564,-34.437578578261466],[-59.318080265335091,-34.437308157403947],[-59.318082462173344,-34.437037736534336],[-59.318084658982301,-34.436767315652624],[-59.31808685576199,-34.436496894758811],[-59.318089052512406,-34.436226473852884],[-59.318091249233539,-34.435956052934863],[-59.318093445925413,-34.435685632004734],[-59.318095642588005,-34.435415211062491],[-59.318097839221331,-34.435144790108161],[-59.318100035825381,-34.434874369141724],[-59.318428609696724,-34.434605767694912],[-59.318757181465791,-34.434337165328436],[-59.318759375879772,-34.434066744289105],[-59.318761570264535,-34.433796323237644],[-59.31876376462003,-34.43352590217409],[-59.318765958946294,-34.433255481098428],[-59.318768153243312,-34.432985060010665],[-59.319096717508494,-34.432716456572578],[-59.319098910695992,-34.432446035442325],[-59.31910110385428,-34.432175614299958],[-59.319103296983315,-34.431905193145504],[-59.319105490083132,-34.431634771978935],[-59.319107683153725,-34.43136435080028],[-59.319436239915696,-34.431095746290723],[-59.319764794575768,-34.430827140861652],[-59.320093347133927,-34.430558534513111],[-59.320421897590215,-34.430289927245127],[-59.320750445944682,-34.430021319057687],[-59.3210789921973,-34.429752709950883],[-59.321407536348147,-34.429484099924665],[-59.321736078397244,-34.429215488979132],[-59.32173826279795,-34.428945067545591],[-59.321740447169546,-34.428674646099921],[-59.321416278096173,-34.428402414239109],[-59.321418463460375,-34.428131992787449]]}},
{"type":"Feature","properties":{"length_m":931.2489168102785,"Name":"Red de drenaje ≥ 0.5 km²"},"geometry":{"type":"LineString","coordinates":[[-59.321094297510342,-34.427859760086335],[-59.320770133661895,-34.427587526538815],[-59.320445971915021,-34.427315292144932],[-59.320121812269669,-34.427043056904715],[-59.319797654725832,-34.42677082081817],[-59.319473499283461,-34.426498583885333],[-59.319147153427195,-34.426496767514863],[-59.318823001166194,-34.426224528883324],[-59.31849885100663,-34.4259522894056],[-59.31817470294849,-34.425680049081663],[-59.317850556991658,-34.425407807911562],[-59.31752421548439,-34.425405987260824],[-59.317200072708864,-34.425133744392262],[-59.316875932034627,-34.424861500677572],[-59.316878131729133,-34.42459107932455],[-59.316553994177461,-34.424318834770041],[-59.316229858727056,-34.424046589369496],[-59.315903522619479,-34.424044764457221],[-59.315579390350173,-34.423772517358429],[-59.315253055351953,-34.423770690723288],[-59.314928926263747,-34.423498441926291],[-59.314602592374854,-34.423496613568318],[-59.314278466467762,-34.423224363073203],[-59.314280674390737,-34.422953941794567],[-59.313956551605855,-34.422681690459882]]}},
{"type":"Feature","properties":{"length_m":2217.3506473629404,"Name":"Red de drenaje ≥ 0.5 km²"},"geometry":{"type":"LineString","coordinates":[[-59.320242124544649,-34.49275874336243],[-59.319915520723228,-34.492756926002194],[-59.319588916931068,-34.492755107769092],[-59.319262313168181,-34.492753288663138],[-59.318935709434562,-34.492751468684332],[-59.318609105730275,-34.49274964783266],[-59.318282502055261,-34.492747826108143],[-59.317955898409579,-34.492746003510767],[-59.317631497640967,-34.492473761653116],[-59.317307098980628,-34.492201518947205],[-59.316982702428554,-34.491929275393005],[-59.316658307984717,-34.491657030990595],[-59.316333915649061,-34.491384785739953],[-59.316009525421613,-34.491112539641144],[-59.315682928306281,-34.491110711044094],[-59.315358541270477,-34.490838463242724],[-59.315031945268096,-34.49083663291848],[-59.314707561423901,-34.490564383414622],[-59.314383179687781,-34.490292133062695],[-59.31405880005974,-34.490019881862722],[-59.31373442253971,-34.489747629814737],[-59.313736637712488,-34.489477211514718],[-59.313412263324906,-34.489204958625074],[-59.313087891045285,-34.488932704887482],[-59.312763520873574,-34.488660450301936],[-59.312765739090089,-34.488390032008816],[-59.312441372050621,-34.488117776581745],[-59.312117007118985,-34.487845520306806],[-59.311792644295139,-34.487573263184039],[-59.311468283579075,-34.487301005213439],[-59.311470505863248,-34.487030586933685],[-59.311472728117813,-34.486760168641815],[-59.311148371557941,-34.486487909836221],[-59.311150594807117,-34.486217491538625],[-59.310826241379075,-34.485945231891677],[-59.310501890058646,-34.485672971397008],[-59.310504115326474,-34.485402553100116],[-59.310179767137726,-34.4851302917642],[-59.310181993400029,-34.484859873461588],[-59.309857648342849,-34.484587611284439],[-59.309859875599528,-34.48431719297615],[-59.309535533673838,-34.484044929957825],[-59.309211193855546,-34.48377266609193],[-59.309213423130544,-34.483502247784386],[-59.308889086443578,-34.483229983077372],[-59.308891316712845,-34.48295956476418],[-59.308893546952355,-34.482689146438872],[-59.308569214420523,-34.482416880897262],[-59.308571445654216,-34.482146462566291],[-59.308247116253476,-34.481874196183675],[-59.30824934848129,-34.481603777847049],[-59.308251580679354,-34.481333359498322],[-59.307927255433412,-34.481061092281223],[-59.307602932294543,-34.480788824216724],[-59.307278611262724,-34.480516555304831],[-59.306954292337942,-34.480244285545631],[-59.306629975520167,-34.479972014939094],[-59.306305660809365,-34.479699743485284],[-59.305981348205499,-34.479427471184209],[-59.305657037708535,-34.479155198035883]]}},
{"type":"Feature","properties":{"length_m":434.55844122715712,"Name":"Red de drenaje ≥ 0.5 km²"},"geometry":{"type":"LineString","coordinates":[[-59.320321184896237,-34.4427292945253],[-59.319996966998147,-34.442457058934451],[-59.319670559066331,-34.442455243227904],[-59.319344151163712,-34.44245342665014],[-59.31901993753025,-34.442181188506595],[-59.318695725999866,-34.441908949516311],[-59.318371516572519,-34.441636709679337],[-59.318045111941487,-34.44163488967159],[-59.317720905697939,-34.441362648135026],[-59.317394502176988,-34.441360826403233],[-59.317070299117219,-34.441088583167172],[-59.31707249951976,-34.440818162522],[-59.317074699892984,-34.440547741864712]]}},
{"type":"Feature","properties":{"length_m":1518.8225099390847,"Name":"Red de drenaje ≥ 0.5 km²"},"geometry":{"type":"LineString","coordinates":[[-59.319784395078244,-34.388098620142905],[-59.319456009884377,-34.388367229480941],[-59.319127622592987,-34.388635837900907],[-59.31880142375929,-34.388634022348995],[-59.318475224954796,-34.388632205927621],[-59.318149026179483,-34.38863038863677],[-59.317822827433424,-34.388628570476428],[-59.317496628716576,-34.388626751446608],[-59.317170430028987,-34.388624931547319],[-59.316844231370659,-34.388623110778553],[-59.316518032741605,-34.388621289140296],[-59.316191834141854,-34.388619466632569],[-59.315867835536238,-34.388347220354433],[-59.315543839028095,-34.38807497323144],[-59.315217642613788,-34.388073148152053],[-59.31489144622882,-34.388071322203167],[-59.314565249873226,-34.38806949538484],[-59.314239053547013,-34.388067667697044],[-59.313912857250159,-34.388065839139799],[-59.313586660982743,-34.388064009713105],[-59.313260464744715,-34.388062179416949],[-59.312934268536125,-34.388060348251322],[-59.31260807235698,-34.388058516216233],[-59.312281876207308,-34.38805668331171],[-59.311953467566717,-34.388325272229785],[-59.31162505682866,-34.388593860229371],[-59.311296643993074,-34.388862447310437],[-59.310970444815105,-34.388860610872619],[-59.31064424566668,-34.38885877356531],[-59.310318046547799,-34.388856935388525],[-59.30999184745847,-34.388855096342255],[-59.309665648398713,-34.388853256426508],[-59.309339449368544,-34.388851415641277],[-59.309015472386172,-34.388579151485246],[-59.308691497501307,-34.38830688648472],[-59.308367524713923,-34.388034620639758],[-59.308043554023975,-34.38776235395035],[-59.307719585431471,-34.387490086416548],[-59.30739561893634,-34.387217818038351],[-59.307071654538582,-34.386945548815831],[-59.306747692238147,-34.386673278748979],[-59.306421501864541,-34.386671430287294],[-59.306095311520664,-34.38666958095623],[-59.305769121206509,-34.38666773075574],[-59.305445164238527,-34.386395457292245]]}},
{"type":"Feature","properties":{"length_m":1883.0865786510135,"Name":"Red de drenaje ≥ 0.5 km²"},"geometry":{"type":"LineString","coordinates":[[-59.317752614481527,-34.397282100439647],[-59.317428577854329,-34.397009858218233],[-59.317104543325506,-34.396737615151608],[-59.316780510895072,-34.396465371239813],[-59.316456480562955,-34.396193126482856],[-59.316132452329157,-34.39592088088078],[-59.31580842619362,-34.395648634433599],[-59.315484402156336,-34.395376387141333],[-59.315160380217293,-34.395104139004033],[-59.314836360376439,-34.394831890021706],[-59.314512342633734,-34.394559640194366],[-59.314188326989168,-34.394287389522084],[-59.313864313442707,-34.394015138004846],[-59.31354030199433,-34.393742885642695],[-59.313214083729896,-34.393741054959563],[-59.312887865494886,-34.393739223406769],[-59.312563858301495,-34.393466968497343],[-59.312239853206094,-34.39319471274306],[-59.311915850208692,-34.392922456143985],[-59.311591849309259,-34.392650198700132],[-59.311267850507733,-34.392377940411507],[-59.310943853804133,-34.392105681278188],[-59.310619859198404,-34.391833421300156],[-59.310293648542228,-34.391831582919799],[-59.309967437915596,-34.391829743669874],[-59.309641227318536,-34.391827903550372],[-59.309315016751064,-34.391826062561286],[-59.308991028557166,-34.391553798334385],[-59.308664819097835,-34.391551955624692],[-59.308338609668155,-34.391550112045451],[-59.30801240026809,-34.391548267596626],[-59.307686190897691,-34.391546422278239],[-59.307359981556978,-34.391544576090276],[-59.307033772245937,-34.391542729032764],[-59.306709792621248,-34.391270458855374],[-59.30638581509433,-34.390998187833532],[-59.306061839665176,-34.39072591596728],[-59.305737866333736,-34.390453643256649],[-59.305413895099996,-34.390181369701637],[-59.305416128803373,-34.389910947465324],[-59.305418362476992,-34.389640525216912],[-59.30542059612084,-34.389370102956413],[-59.305422829734916,-34.389099680683813],[-59.30542506331922,-34.388829258399106],[-59.305427296873745,-34.388558836102312],[-59.305429530398541,-34.388288413793397],[-59.305431763893552,-34.388017991472388],[-59.30543399735879,-34.387747569139286],[-59.305436230794257,-34.387477146794076],[-59.305438464199987,-34.38720672443678],[-59.305440697575918,-34.386936302067355],[-59.305442930922112,-34.386665879685857],[-59.305445164238527,-34.386395457292245]]}},
{"type":"Feature","properties":{"length_m":671.54328932550709,"Name":"Red de drenaje ≥ 0.5 km²"},"geometry":{"type":"LineString","coordinates":[[-59.316757427951991,-34.35914511774925],[-59.316755233245921,-34.359415541993002],[-59.31642695204841,-34.359684145679481],[-59.316098668756354,-34.359952748448663],[-59.315770383369724,-34.360221350300499],[-59.315442095888528,-34.360489951234968],[-59.315113806312709,-34.36075855125204],[-59.314785514642232,-34.361027150351703],[-59.314457220877095,-34.361295748533919],[-59.314128925017272,-34.361564345798676],[-59.313800627062705,-34.361832942145917],[-59.313472327013386,-34.362101537575633],[-59.31314402486931,-34.362370132087818],[-59.312815720630411,-34.362638725682416],[-59.312813512974927,-34.362909149548379],[-59.312811305290026,-34.363179573402242],[-59.312809097575716,-34.363449997244011],[-59.312480788011349,-34.363718589829411]]}},
{"type":"Feature","properties":{"length_m":1111.2489168102784,"Name":"Red de drenaje ≥ 0.5 km²"},"geometry":{"type":"LineString","coordinates":[[-59.313956551605855,-34.422681690459882],[-59.313630220956853,-34.422679859545369],[-59.313306101352985,-34.422407606512692],[-59.313308312339174,-34.422137185253014],[-59.312981983850122,-34.422135352634228],[-59.312657868448255,-34.421863097909991],[-59.312333755147321,-34.421590842339988],[-59.312009643947334,-34.421318585924276],[-59.311685534848245,-34.421046328662875],[-59.311687750939271,-34.420775907434972],[-59.311363644961943,-34.420503649334286],[-59.311039541085414,-34.420231390387933],[-59.310713220156067,-34.420229551804752],[-59.310386899256315,-34.42022771235105],[-59.310062799640505,-34.419955450855156],[-59.310065020865267,-34.419685029671342],[-59.309740924370956,-34.419412767336318],[-59.309414606711123,-34.419410925326744],[-59.309090513397479,-34.419138661294291],[-59.308766422184505,-34.418866396416348],[-59.308440106714265,-34.418864551832492],[-59.308116018681922,-34.418592285257247],[-59.307791932750185,-34.418320017836599],[-59.307467848919039,-34.41804774957059],[-59.30747007833876,-34.417777328450519],[-59.307145997628695,-34.417505059345636],[-59.30681968755836,-34.417503210502574],[-59.306821919019129,-34.417232789395463],[-59.306824150450183,-34.41696236827628],[-59.306500074961569,-34.416690097487326],[-59.306176001573348,-34.416417825853117]]}},
{"type":"Feature","properties":{"length_m":1034.5584412271571,"Name":"Red de drenaje ≥ 0.5 km²"},"geometry":{"type":"LineString","coordinates":[[-59.312480788011349,-34.363718589829411],[-59.31215247635204,-34.363987181497144],[-59.312150266454466,-34.364257605265749],[-59.312148056527434,-34.364528029022225],[-59.312145846570942,-34.364798452766649],[-59.31214363658502,-34.36506887649896],[-59.31214142656961,-34.365339300219198],[-59.312139216524756,-34.365609723927321],[-59.312137006450463,-34.365880147623336],[-59.312134796346712,-34.366150571307273],[-59.312132586213487,-34.366420994979123],[-59.31213037605081,-34.366691418638872],[-59.312128165858695,-34.366961842286521],[-59.3121259556371,-34.367232265922091],[-59.312123745386067,-34.367502689545553],[-59.312121535105568,-34.367773113156936],[-59.312119324795617,-34.368043536756225],[-59.312117114456207,-34.3683139603434],[-59.312441024735257,-34.368586216363553],[-59.312764937109776,-34.368858471539717],[-59.313088851579749,-34.36913072587182],[-59.313412768145248,-34.36940297935984],[-59.313736686806273,-34.369675232003772],[-59.313734481529025,-34.369945655610564],[-59.313732276222396,-34.370216079205264],[-59.313730070886386,-34.370486502787877],[-59.313727865520967,-34.370756926358375],[-59.313725660126181,-34.371027349916801],[-59.313723454701986,-34.371297773463127],[-59.313721249248395,-34.371568196997337],[-59.313719043765424,-34.371838620519483],[-59.31371683825305,-34.372109044029528],[-59.313714632711267,-34.372379467527487]]}},
{"type":"Feature","properties":{"length_m":591.83766184073568,"Name":"Red de drenaje ≥ 0.5 km²"},"geometry":{"type":"LineString","coordinates":[[-59.313714632711267,-34.372379467527487],[-59.313386290657057,-34.372648061767279],[-59.313384084008561,-34.372918485222613],[-59.313381877330649,-34.37318890866586],[-59.313053531025815,-34.373457501926701],[-59.313051323241112,-34.37372792532733],[-59.313049115426971,-34.373998348715858],[-59.312720764871308,-34.3742669409977],[-59.312392412219637,-34.374535532361548],[-59.312390202221167,-34.374805955676912],[-59.312061846395913,-34.375074546092179],[-59.312059635290439,-34.375344969364889],[-59.312057424155519,-34.375615392625505],[-59.311729064079046,-34.375883982061609],[-59.311400701906372,-34.376152570579613],[-59.311072337637484,-34.376421158179504],[-59.310743971272316,-34.376689744861253]]}},
{"type":"Feature","properties":{"length_m":738.82250993908565,"Name":"Red de drenaje ≥ 0.5 km²"},"geometry":{"type":"LineString","coordinates":[[-59.312084939773591,-34.412124257169246],[-59.311758650261112,-34.412122421751747],[-59.311430144582019,-34.412391007060712],[-59.311103854078631,-34.41238916988425],[-59.31077534527909,-34.412657753385169],[-59.310446834379583,-34.412926335966723],[-59.310118321380024,-34.413194917628886],[-59.309789806280413,-34.413463498371627],[-59.309461289080737,-34.413732078194954],[-59.309132769780938,-34.414000657098796],[-59.308804248380994,-34.414269235083147],[-59.308475724880893,-34.414537812147991],[-59.308147199280619,-34.414806388293279],[-59.307818671580108,-34.415074963519004],[-59.307490141779368,-34.415343537825137],[-59.307161609878342,-34.41561211121163],[-59.306833075877016,-34.415880683678481],[-59.306504539775361,-34.416149255225655],[-59.306176001573348,-34.416417825853117]]}},
{"type":"Feature","properties":{"length_m":769.70562748477141,"Name":"Red de drenaje ≥ 0.5 km²"},"geometry":{"type":"LineString","coordinates":[[-59.311229484429688,-34.357221083130639],[-59.311227272126864,-34.357491507146172],[-59.311225059794566,-34.357761931149604],[-59.311222847432788,-34.358032355140949],[-59.311220635041508,-34.358302779120201],[-59.311218422620755,-34.35857320308736],[-59.311216210170493,-34.358843627042425],[-59.311213997690771,-34.359114050985397],[-59.311211785181555,-34.359384474916268],[-59.311209572642838,-34.359654898835053],[-59.31120736007464,-34.359925322741752],[-59.311205147476961,-34.36019574663635],[-59.311202934849781,-34.360466170518848],[-59.311200722193135,-34.360736594389259],[-59.31119850950698,-34.361007018247577],[-59.31119629679133,-34.361277442093794],[-59.311194084046186,-34.361547865927925],[-59.311191871271575,-34.361818289749969],[-59.311515753885651,-34.362090548168005],[-59.311839638594527,-34.362362805742272],[-59.312163525398184,-34.362635062472755],[-59.312161315647849,-34.362905486301827],[-59.312159105868083,-34.363175910118805],[-59.312482996802558,-34.363448166018181],[-59.312480788011349,-34.363718589829411]]}},
{"type":"Feature","properties":{"length_m":798.82250993908565,"Name":"Red de drenaje ≥ 0.5 km²"},"geometry":{"type":"LineString","coordinates":[[-59.311503581593584,-34.323688411498871],[-59.311177634793168,-34.323686578645855],[-59.310853898733207,-34.323414319435621],[-59.310530164764003,-34.323142059382889],[-59.310206432885579,-34.322869798487709],[-59.309882703097863,-34.32259753675006],[-59.309558975400854,-34.322325274170041],[-59.309235249794511,-34.322053010747609],[-59.308911526278798,-34.321780746482816],[-59.308587804853723,-34.321508481375695],[-59.308264085519205,-34.321236215426296],[-59.307940368275268,-34.320963948634571],[-59.30761665312184,-34.320691681000625],[-59.307292940058922,-34.320419412524451],[-59.306969229086462,-34.32014714320605],[-59.306645520204441,-34.319874873045485],[-59.306321813412836,-34.319602602042778],[-59.305998108711627,-34.319330330197936],[-59.306000334628813,-34.319059904792873],[-59.306002560516333,-34.318789479375717],[-59.306004786374181,-34.318519053946481]]}},
{"type":"Feature","properties":{"length_m":1296.3961030678929,"Name":"Red de drenaje ≥ 0.5 km²"},"geometry":{"type":"LineString","coordinates":[[-59.310743971272316,-34.376689744861253],[-59.310417819333892,-34.376687907517102],[-59.310089449853834,-34.376956492393049],[-59.309761078277504,-34.37722507635079],[-59.309432704604809,-34.377493659390304],[-59.309104328835758,-34.377762241511512],[-59.309102108001774,-34.378032664496764],[-59.309099887138188,-34.378303087469916],[-59.309097666245002,-34.378573510430968],[-59.309095445322228,-34.378843933379919],[-59.309093224369853,-34.379114356316776],[-59.309091003387856,-34.379384779241562],[-59.308762619055344,-34.379653360260633],[-59.308760396965866,-34.379923783142658],[-59.308758174846758,-34.38019420601259],[-59.308755952698057,-34.380464628870413],[-59.308427563035124,-34.38073320887915],[-59.308425339778829,-34.381003631694227],[-59.308096946941191,-34.381272210753878],[-59.307768552006806,-34.381540788895059],[-59.307440154975652,-34.381809366117743],[-59.307111755847679,-34.382077942421908],[-59.30678335462288,-34.38234651780752],[-59.306781125946628,-34.382616940457105],[-59.306452721546812,-34.382885514893445],[-59.306450491762682,-34.383155937500213],[-59.306122084187763,-34.38342451098724],[-59.305793674515883,-34.383693083555606],[-59.305465262747006,-34.383961655205297],[-59.305463029698444,-34.384232077707807],[-59.30546079662011,-34.384502500198217],[-59.305458563512033,-34.384772922676511],[-59.305456330374184,-34.385043345142726],[-59.305454097206585,-34.385313767596834],[-59.305451864009207,-34.385584190038827],[-59.305449630782093,-34.385854612468741],[-59.305447397525185,-34.386125034886547],[-59.305445164238527,-34.386395457292245]]}},
{"type":"Feature","properties":{"length_m":30.0,"Name":"Red de drenaje ≥ 0.5 km²"},"geometry":{"type":"LineString","coordinates":[[-59.309029535380269,-34.466193605688161],[-59.308703035830206,-34.466191759598118]]}},
{"type":"Feature","properties":{"length_m":42.426406871192853,"Name":"Red de drenaje ≥ 0.5 km²"},"geometry":{"type":"LineString","coordinates":[[-59.309031763777966,-34.465923186611839],[-59.308703035830206,-34.466191759598118]]}},
{"type":"Feature","properties":{"length_m":667.27922061357856,"Name":"Red de drenaje ≥ 0.5 km²"},"geometry":{"type":"LineString","coordinates":[[-59.308703035830206,-34.466191759598118],[-59.308700806350025,-34.466462178643752],[-59.308374305776894,-34.466460331663122],[-59.3080478052335,-34.466458483810506],[-59.307723537358328,-34.466186216096006],[-59.307397037927196,-34.466184366518021],[-59.307070538525835,-34.466182516068017],[-59.306744039154232,-34.466180664746041],[-59.306417539812436,-34.466178812552073],[-59.306091040500448,-34.466176959486134],[-59.305764541218281,-34.466175105548203],[-59.305438041965921,-34.466173250738308],[-59.305109301682734,-34.466441813897255],[-59.304780559293945,-34.466710376134785],[-59.304778317120693,-34.466980794932731],[-59.304776074917562,-34.467251213718569],[-59.304773832684553,-34.467521632492293],[-59.304771590421666,-34.467792051253895],[-59.304769348128886,-34.468062470003389],[-59.304767105806249,-34.468332888740775],[-59.304764863453713,-34.468603307466026],[-59.304762621071291,-34.468873726179197]]}},
{"type":"Feature","properties":{"length_m":1176.3961030678925,"Name":"Red de drenaje ≥ 0.5 km²"},"geometry":{"type":"LineString","coordinates":[[-59.307466267595551,-34.457801372400439],[-59.307139800823322,-34.457799522527267],[-59.306815568924506,-34.457527252460743],[-59.306491339130325,-34.457254981547649],[-59.306167111440764,-34.456982709787994],[-59.305842885855796,-34.456710437181812],[-59.30551866237537,-34.456438163729139],[-59.305194440999486,-34.456165889429968],[-59.304870221728081,-34.455893614284378],[-59.304872462676656,-34.455623194989826],[-59.304874703595345,-34.45535277568316],[-59.304876944484192,-34.455082356364372],[-59.304879185343175,-34.454811937033476],[-59.30488142617228,-34.45454151769048],[-59.304883666971548,-34.454271098335369],[-59.304885907740932,-34.454000678968136],[-59.304888148480487,-34.453730259588809],[-59.304890389190135,-34.453459840197361],[-59.305219078545896,-34.453191276451626],[-59.305547765797471,-34.452922711784915],[-59.305876450944858,-34.452654146197226],[-59.306205133988136,-34.452385579688602],[-59.306207370340331,-34.452115160162009],[-59.306209606662726,-34.451844740623301],[-59.306211842955335,-34.451574321072464],[-59.30621407921813,-34.451303901509533],[-59.306216315451117,-34.451033481934488],[-59.306218551654318,-34.450763062347306],[-59.306220787827726,-34.45049264274806],[-59.305896586778097,-34.450220370298538],[-59.305572387832356,-34.449948097002739],[-59.305248190990454,-34.449675822860669],[-59.304923996252398,-34.449403547872343],[-59.304926236484384,-34.449133128287137]]}},
{"type":"Feature","properties":{"length_m":1020.0,"Name":"Red de drenaje ≥ 0.5 km²"},"geometry":{"type":"LineString","coordinates":[[-59.304926236484384,-34.449133128287137],[-59.304928476686491,-34.448862708689809],[-59.304930716858763,-34.448592289080366],[-59.304932957001171,-34.448321869458816],[-59.304935197113743,-34.448051449825158],[-59.304937437196457,-34.447781030179392],[-59.304939677249322,-34.447510610521505],[-59.304941917272338,-34.447240190851524],[-59.304944157265489,-34.446969771169421],[-59.30494639722879,-34.446699351475225],[-59.304948637162262,-34.446428931768892],[-59.30495087706587,-34.446158512050459],[-59.304953116939636,-34.445888092319933],[-59.304955356783545,-34.445617672577278],[-59.304957596597617,-34.445347252822515],[-59.30495983638184,-34.445076833055658],[-59.304962076136199,-34.444806413276666],[-59.30496431586073,-34.444535993485594],[-59.304966555555403,-34.44426557368238],[-59.304968795220248,-34.443995153867078],[-59.304971034855242,-34.443724734039648],[-59.304973274460366,-34.443454314200132],[-59.304975514035668,-34.4431838943485],[-59.304977753581106,-34.442913474484762],[-59.304979993096715,-34.442643054608908],[-59.304982232582496,-34.442372634720932],[-59.304984472038413,-34.442102214820878],[-59.30498671146448,-34.44183179490868],[-59.304988950860732,-34.441561374984389],[-59.304991190227121,-34.441290955047982],[-59.304993429563666,-34.441020535099483],[-59.305319830909554,-34.441022389917528],[-59.305646232285241,-34.441024243864412],[-59.305972633690764,-34.441026096940114],[-59.306299035126067,-34.44102794914464]]}},
{"type":"Feature","properties":{"length_m":199.70562748477141,"Name":"Red de drenaje ≥ 0.5 km²"},"geometry":{"type":"LineString","coordinates":[[-59.307157350892105,-34.336915340960232],[-59.30683357794242,-34.336643071245675],[-59.306835802620952,-34.336372646558566],[-59.306512032779814,-34.336100376007806],[-59.306188265030762,-34.3358281046144],[-59.305864499373754,-34.335555832378368]]}},
{"type":"Feature","properties":{"length_m":102.42640687119285,"Name":"Red de drenaje ≥ 0.5 km²"},"geometry":{"type":"LineString","coordinates":[[-59.305657037708535,-34.479155198035883],[-59.305330487907149,-34.479153342330505],[-59.30500618060038,-34.47888106748124],[-59.304679631912187,-34.478879210049726]]}},
{"type":"Feature","properties":{"length_m":102.42640687119285,"Name":"Red de drenaje ≥ 0.5 km²"},"geometry":{"type":"LineString","coordinates":[[-59.306176001573348,-34.416417825853117],[-59.305849695793128,-34.416415974473338],[-59.305525625585275,-34.41614370114219],[-59.305527861098064,-34.415873280049084]]}},
{"type":"Feature","properties":{"length_m":162.42640687119285,"Name":"Red de drenaje ≥ 0.5 km²"},"geometry":{"type":"LineString","coordinates":[[-59.306904752950821,-34.327989475260765],[-59.306581014611318,-34.32771720491165],[-59.306255052571565,-34.327715358769034],[-59.30592909056147,-34.327713511758951],[-59.305931317398546,-34.327443086728643],[-59.305933544205949,-34.327172661686255]]}},
{"type":"Feature","properties":{"length_m":637.27922061357856,"Name":"Red de drenaje ≥ 0.5 km²"},"geometry":{"type":"LineString","coordinates":[[-59.307027014093066,-34.313116078237911],[-59.307024791963066,-34.313386503964701],[-59.307022569803465,-34.313656929679432],[-59.307020347614234,-34.313927355382035],[-59.307018125395395,-34.314197781072572],[-59.307015903146912,-34.314468206750995],[-59.306687768972687,-34.31473678803458],[-59.306359632708535,-34.315005368401785],[-59.306031494354514,-34.31527394785261],[-59.306029268852626,-34.315544373426917],[-59.306027043321102,-34.315814798989145],[-59.306024817759898,-34.316085224539272],[-59.306022592169022,-34.316355650077313],[-59.306020366548509,-34.316626075603267],[-59.30601814089831,-34.316896501117135],[-59.30601591521846,-34.317166926618896],[-59.306013689508937,-34.317437352108598],[-59.30601146376975,-34.317707777586186],[-59.30600923800089,-34.317978203051702],[-59.306007012202379,-34.318248628505131],[-59.306004786374181,-34.318519053946481]]}},
{"type":"Feature","properties":{"length_m":360.0,"Name":"Red de drenaje ≥ 0.5 km²"},"geometry":{"type":"LineString","coordinates":[[-59.305038210028499,-34.435612133586496],[-59.30504044873846,-34.435341713383693],[-59.305042687418592,-34.435071293168797],[-59.305044926068888,-34.434800872941778],[-59.305047164689348,-34.434530452702703],[-59.305049403279988,-34.434260032451462],[-59.30505164184077,-34.433989612188142],[-59.305053880371752,-34.433719191912708],[-59.305056118872884,-34.433448771625145],[-59.305058357344201,-34.433178351325509],[-59.305060595785662,-34.432907931013744],[-59.305062834197308,-34.432637510689872],[-59.305065072579126,-34.432367090353914]]}},
{"type":"Feature","properties":{"length_m":60.0,"Name":"Red de drenaje ≥ 0.5 km²"},"geometry":{"type":"LineString","coordinates":[[-59.305337931470078,-34.399375718535893],[-59.305340166185808,-34.399105296711028],[-59.305342400871758,-34.398834874874069]]}}
]
}
