{
"type": "FeatureCollection",
"name": "rog_v_P150_24h_sat",
"crs": { "type": "name", "properties": { "name": "urn:ogc:def:crs:OGC:1.3:CRS84" } },
"features": [
{"type":"Feature","properties":{"Name":"150 mm en 24 h · suelo saturado (Ks 2 mm/h) · h>5 cm"},"geometry":{"type":"Polygon","coordinates":[[[-59.42535762660831,-34.381743806304421],[-59.42535577917338,-34.382014235192358],[-59.425029599370191,-34.382012703077748],[-59.425031447853627,-34.38174227420523],[-59.42535762660831,-34.381743806304421]]]}},
{"type":"Feature","properties":{"Name":"150 mm en 24 h · suelo saturado (Ks 2 mm/h) · h>5 cm"},"geometry":{"type":"Polygon","coordinates":[[[-59.424052911737434,-34.381737672691713],[-59.424051060108511,-34.382008101517918],[-59.423724880403931,-34.382006565925991],[-59.423726733081359,-34.381736137115247],[-59.424052911737434,-34.381737672691713]]]}},
{"type":"Feature","properties":{"Name":"150 mm en 24 h · suelo saturado (Ks 2 mm/h) · h>5 cm"},"geometry":{"type":"Polygon","coordinates":[[[-59.439021083847301,-34.387215957744154],[-59.439019279968946,-34.387486387030982],[-59.438693078170438,-34.387484891126967],[-59.43869488309759,-34.387214461855208],[-59.439021083847301,-34.387215957744154]]]}},
{"type":"Feature","properties":{"Name":"150 mm en 24 h · suelo saturado (Ks 2 mm/h) · h>5 cm"},"geometry":{"type":"Polygon","coordinates":[[[-59.439345481791477,-34.387487882065464],[-59.439343678937909,-34.38775831135527],[-59.439017476066553,-34.387756816305718],[-59.439019279968946,-34.387486387030982],[-59.439345481791477,-34.387487882065464]]]}},
{"type":"Feature","properties":{"Name":"150 mm en 24 h · suelo saturado (Ks 2 mm/h) · h>5 cm"},"geometry":{"type":"Polygon","coordinates":[[[-59.430186186590234,-34.391231695439551],[-59.430184354028249,-34.391502124135791],[-59.429858137150703,-34.391500604525675],[-59.429859970761683,-34.391230175844761],[-59.430186186590234,-34.391231695439551]]]}},
{"type":"Feature","properties":{"Name":"150 mm en 24 h · suelo saturado (Ks 2 mm/h) · h>5 cm"},"geometry":{"type":"Polygon","coordinates":[[[-59.430510570930238,-34.391503642876266],[-59.430508739392835,-34.391774071575725],[-59.43018252144185,-34.391772552819944],[-59.430184354028249,-34.391502124135791],[-59.430510570930238,-34.391503642876266]]]}},
{"type":"Feature","properties":{"Name":"150 mm en 24 h · suelo saturado (Ks 2 mm/h) · h>5 cm"},"geometry":{"type":"Polygon","coordinates":[[[-59.428540404550468,-34.393387517388753],[-59.428538566547552,-34.393657945911912],[-59.42821234139987,-34.393656421830897],[-59.428214180451882,-34.393385993323086],[-59.428540404550468,-34.393387517388753]]]}},
{"type":"Feature","properties":{"Name":"150 mm en 24 h · suelo saturado (Ks 2 mm/h) · h>5 cm"},"geometry":{"type":"Polygon","coordinates":[[[-59.442885329491354,-34.39480586110524],[-59.442883537529966,-34.395076290234528],[-59.442557306071905,-34.395074804345853],[-59.442559099082466,-34.39480437523153],[-59.442885329491354,-34.39480586110524]]]}},
{"type":"Feature","properties":{"Name":"150 mm en 24 h · suelo saturado (Ks 2 mm/h) · h>5 cm"},"geometry":{"type":"Polygon","coordinates":[[[-59.42070171682245,-34.39470284041947],[-59.420697990186596,-34.395243696591834],[-59.420371759336128,-34.395242151544693],[-59.420375488070327,-34.394701295403436],[-59.42070171682245,-34.39470284041947]]]}},
{"type":"Feature","properties":{"Name":"150 mm en 24 h · suelo saturado (Ks 2 mm/h) · h>5 cm"},"geometry":{"type":"Polygon","coordinates":[[[-59.43994565384066,-34.395333314907646],[-59.439943852388573,-34.395603743877871],[-59.43961761904766,-34.395602250131326],[-59.439619421548947,-34.395331821176121],[-59.43994565384066,-34.395333314907646]]]}},
{"type":"Feature","properties":{"Name":"150 mm en 24 h · suelo saturado (Ks 2 mm/h) · h>5 cm"},"geometry":{"type":"Polygon","coordinates":[[[-59.403407789678745,-34.395160610582593],[-59.403405870716647,-34.395431037814276],[-59.403079640153173,-34.395429446654653],[-59.403081560164431,-34.395159019438992],[-59.403407789678745,-34.395160610582593]]]}},
{"type":"Feature","properties":{"Name":"150 mm en 24 h · suelo saturado (Ks 2 mm/h) · h>5 cm"},"geometry":{"type":"Polygon","coordinates":[[[-59.43961761904766,-34.395602250131326],[-59.439615816522334,-34.395872679074472],[-59.439289582156213,-34.395871184443131],[-59.439291385730762,-34.395600755515019],[-59.43961761904766,-34.395602250131326]]]}},
{"type":"Feature","properties":{"Name":"150 mm en 24 h · suelo saturado (Ks 2 mm/h) · h>5 cm"},"geometry":{"type":"Polygon","coordinates":[[[-59.426242072913837,-34.395540257652435],[-59.42624022737045,-34.395810685971533],[-59.425913994001306,-34.395809155679373],[-59.425915840593923,-34.395538727375666],[-59.426242072913837,-34.395540257652435]]]}},
{"type":"Feature","properties":{"Name":"150 mm en 24 h · suelo saturado (Ks 2 mm/h) · h>5 cm"},"geometry":{"type":"Polygon","coordinates":[[[-59.420371759336128,-34.395242151544693],[-59.420369894931753,-34.395512579597217],[-59.420696126831437,-34.395514124659925],[-59.420692400046576,-34.396054980759907],[-59.420366166048467,-34.396053435666104],[-59.420368030502537,-34.395783007637696],[-59.420041797578527,-34.39578146168968],[-59.420045528510514,-34.395240605627798],[-59.420371759336128,-34.395242151544693]]]}},
{"type":"Feature","properties":{"Name":"150 mm en 24 h · suelo saturado (Ks 2 mm/h) · h>5 cm"},"geometry":{"type":"Polygon","coordinates":[[[-59.439289582156213,-34.395871184443131],[-59.43928777855762,-34.396141613359148],[-59.439614013972999,-34.396143108005546],[-59.43961221139962,-34.396413536924591],[-59.438633502077892,-34.39640905033086],[-59.438635307799011,-34.396138621456998],[-59.438961543166293,-34.39614011784299],[-59.438963347814123,-34.395869688941993],[-59.439289582156213,-34.395871184443131]]]}},
{"type":"Feature","properties":{"Name":"150 mm en 24 h · suelo saturado (Ks 2 mm/h) · h>5 cm"},"geometry":{"type":"Polygon","coordinates":[[[-59.440918955874565,-34.396149077893256],[-59.44091715749822,-34.396419506872384],[-59.440264684400944,-34.396416523638081],[-59.440262883902086,-34.396686952575124],[-59.439936646340151,-34.396685459638249],[-59.439934844768032,-34.396955888548199],[-59.439608606180826,-34.396954394726485],[-59.43961221139962,-34.396413536924591],[-59.439938447888281,-34.396415030716227],[-59.439940249412388,-34.396144601782169],[-59.440918955874565,-34.396149077893256]]]}},
{"type":"Feature","properties":{"Name":"150 mm en 24 h · suelo saturado (Ks 2 mm/h) · h>5 cm"},"geometry":{"type":"Polygon","coordinates":[[[-59.41938372892519,-34.396589651093237],[-59.419381861248787,-34.396860079038738],[-59.419055624202429,-34.396858530419067],[-59.419057492928083,-34.39658810248914],[-59.41938372892519,-34.396589651093237]]]}},
{"type":"Feature","properties":{"Name":"150 mm en 24 h · suelo saturado (Ks 2 mm/h) · h>5 cm"},"geometry":{"type":"Polygon","coordinates":[[[-59.439608606180826,-34.396954394726485],[-59.439606803535398,-34.397224823609335],[-59.439280563922928,-34.397223328902747],[-59.43928236761765,-34.396952900034933],[-59.439608606180826,-34.396954394726485]]]}},
{"type":"Feature","properties":{"Name":"150 mm en 24 h · suelo saturado (Ks 2 mm/h) · h>5 cm"},"geometry":{"type":"Polygon","coordinates":[[[-59.436342595331496,-34.397480266121399],[-59.436335342439605,-34.398561980880586],[-59.435356608657713,-34.398557467829541],[-59.435358425065033,-34.398287039203247],[-59.435684668585431,-34.39828854440831],[-59.435686483919191,-34.398018115754844],[-59.436012726414454,-34.398019620074884],[-59.43601635491072,-34.397478762701446],[-59.436342595331496,-34.397480266121399]]]}},
{"type":"Feature","properties":{"Name":"150 mm en 24 h · suelo saturado (Ks 2 mm/h) · h>5 cm"},"geometry":{"type":"Polygon","coordinates":[[[-59.44482128288012,-34.3980599079133],[-59.444819496928289,-34.398330336987485],[-59.445145741144628,-34.398331816966618],[-59.445143956218367,-34.398602246043644],[-59.444491465710733,-34.398599285185711],[-59.44449503973695,-34.398058427079221],[-59.44482128288012,-34.3980599079133]]]}},
{"type":"Feature","properties":{"Name":"150 mm en 24 h · suelo saturado (Ks 2 mm/h) · h>5 cm"},"geometry":{"type":"Polygon","coordinates":[[[-59.437968373904916,-34.398299056487744],[-59.437966565892523,-34.398569485235001],[-59.437640321153694,-34.398567986103842],[-59.437642130215451,-34.398297557371691],[-59.437968373904916,-34.398299056487744]]]}},
{"type":"Feature","properties":{"Name":"150 mm en 24 h · suelo saturado (Ks 2 mm/h) · h>5 cm"},"geometry":{"type":"Polygon","coordinates":[[[-59.409253321915791,-34.398975086602974],[-59.40925142148442,-34.399245513952536],[-59.408925175772708,-34.399243938226356],[-59.408927077253445,-34.398973510892652],[-59.409253321915791,-34.398975086602974]]]}},
{"type":"Feature","properties":{"Name":"150 mm en 24 h · suelo saturado (Ks 2 mm/h) · h>5 cm"},"geometry":{"type":"Polygon","coordinates":[[[-59.43730864596084,-34.399377772181644],[-59.437306835753226,-34.399648200850471],[-59.436980586865019,-34.399646699919153],[-59.436982398122069,-34.399376271265446],[-59.43730864596084,-34.399377772181644]]]}},
{"type":"Feature","properties":{"Name":"150 mm en 24 h · suelo saturado (Ks 2 mm/h) · h>5 cm"},"geometry":{"type":"Polygon","coordinates":[[[-59.441238001957863,-34.397232284094883],[-59.441234407088096,-34.397773141974611],[-59.441560648943167,-34.39777463149224],[-59.441558852521702,-34.398045060429006],[-59.44188509545004,-34.398046549091781],[-59.441883300053995,-34.398316978031495],[-59.441557056076284,-34.398315489353735],[-59.441555259606943,-34.398585918266406],[-59.441229014603827,-34.398584428703792],[-59.441225419494515,-34.399125286462976],[-59.440899172416579,-34.399123796000488],[-59.440897373776572,-34.399394224846986],[-59.440244877593791,-34.399391241282338],[-59.440243076830967,-34.399661670086736],[-59.439264329588561,-34.399657188170437],[-59.43926252565344,-34.399927616917672],[-59.437957525469102,-34.399921628790366],[-59.437959333601981,-34.399651200103413],[-59.437633084665535,-34.399649700911894],[-59.437636702957832,-34.399108843531991],[-59.437310456144345,-34.399107343500781],[-59.437312266303707,-34.398836914807838],[-59.436659774847904,-34.398833912165969],[-59.43666339929176,-34.398293054804348],[-59.436989642908856,-34.398294556529997],[-59.436987831748368,-34.398564985231936],[-59.437640321153694,-34.398567986103842],[-59.437638512067821,-34.398838414823963],[-59.43829100366834,-34.398841412246554],[-59.438292810655462,-34.398570983496292],[-59.438619055442466,-34.398572480887701],[-59.438620861356121,-34.398302052110303],[-59.439273348903598,-34.398305044253412],[-59.439275152694499,-34.398034615433843],[-59.439601395454943,-34.398036110185544],[-59.439603198172463,-34.397765681338868],[-59.439929439907587,-34.397767175205722],[-59.439931241551754,-34.397496746331925],[-59.440583722995392,-34.397499731426024],[-59.440585522516905,-34.397229302510134],[-59.441238001957863,-34.397232284094883]]]}},
{"type":"Feature","properties":{"Name":"150 mm en 24 h · suelo saturado (Ks 2 mm/h) · h>5 cm"},"geometry":{"type":"Polygon","coordinates":[[[-59.440569325959814,-34.399663162319044],[-59.440567526222424,-34.399933591126384],[-59.440241276044162,-34.399932098879091],[-59.440243076830967,-34.399661670086736],[-59.440569325959814,-34.399663162319044]]]}},
{"type":"Feature","properties":{"Name":"150 mm en 24 h · suelo saturado (Ks 2 mm/h) · h>5 cm"},"geometry":{"type":"Polygon","coordinates":[[[-59.437633084665535,-34.399649700911894],[-59.437631275483227,-34.399920129583748],[-59.437305025521468,-34.399918629507241],[-59.437306835753226,-34.399648200850471],[-59.437633084665535,-34.399649700911894]]]}},
{"type":"Feature","properties":{"Name":"150 mm en 24 h · suelo saturado (Ks 2 mm/h) · h>5 cm"},"geometry":{"type":"Polygon","coordinates":[[[-59.440241276044162,-34.399932098879091],[-59.440239475233348,-34.400202527659381],[-59.439913224029624,-34.400201034527122],[-59.439915025889903,-34.39993060576186],[-59.440241276044162,-34.399932098879091]]]}},
{"type":"Feature","properties":{"Name":"150 mm en 24 h · suelo saturado (Ks 2 mm/h) · h>5 cm"},"geometry":{"type":"Polygon","coordinates":[[[-59.437957525469102,-34.399921628790366],[-59.437955717312136,-34.400192057465254],[-59.437629466276803,-34.400190558243551],[-59.437631275483227,-34.399920129583748],[-59.437957525469102,-34.399921628790366]]]}},
{"type":"Feature","properties":{"Name":"150 mm en 24 h · suelo saturado (Ks 2 mm/h) · h>5 cm"},"geometry":{"type":"Polygon","coordinates":[[[-59.394894687696997,-34.399445785734379],[-59.394888847652211,-34.400257065555934],[-59.394562598871126,-34.400255451490544],[-59.394568442064141,-34.399444171717718],[-59.394894687696997,-34.399445785734379]]]}},
{"type":"Feature","properties":{"Name":"150 mm en 24 h · suelo saturado (Ks 2 mm/h) · h>5 cm"},"geometry":{"type":"Polygon","coordinates":[[[-59.432726578542692,-34.401520107508986],[-59.432724753448625,-34.401790535869004],[-59.432398496503794,-34.401789022637232],[-59.432400322647389,-34.401518594292462],[-59.432726578542692,-34.401520107508986]]]}},
{"type":"Feature","properties":{"Name":"150 mm en 24 h · suelo saturado (Ks 2 mm/h) · h>5 cm"},"geometry":{"type":"Polygon","coordinates":[[[-59.402684234385617,-34.405163225774771],[-59.402682312377671,-34.405433652527869],[-59.402356043035979,-34.405432059035398],[-59.402357966093639,-34.405161632298338],[-59.402684234385617,-34.405163225774771]]]}},
{"type":"Feature","properties":{"Name":"150 mm en 24 h · suelo saturado (Ks 2 mm/h) · h>5 cm"},"geometry":{"type":"Polygon","coordinates":[[[-59.400083740409727,-34.403798320297859],[-59.400079879830237,-34.404339173655544],[-59.400406144793543,-34.404340773174127],[-59.400404215514868,-34.404611199850962],[-59.400730481553538,-34.404612798515579],[-59.4007266250184,-34.405153651865234],[-59.401052893182097,-34.40515524969198],[-59.401049038643571,-34.405696103025527],[-59.401375308932366,-34.40569770001435],[-59.401373382674279,-34.405968126679092],[-59.401699654038474,-34.405969722813907],[-59.40169580354479,-34.406510576139304],[-59.400716983230822,-34.406505785028145],[-59.400718911639736,-34.406235358419714],[-59.400392639302872,-34.406233759658548],[-59.40039456873582,-34.405963333054117],[-59.400068297474398,-34.40596173343895],[-59.400070227931366,-34.405691306838563],[-59.3997439577454,-34.405689706369429],[-59.399757477571406,-34.403796719941468],[-59.400083740409727,-34.403798320297859]]]}},
{"type":"Feature","properties":{"Name":"150 mm en 24 h · suelo saturado (Ks 2 mm/h) · h>5 cm"},"geometry":{"type":"Polygon","coordinates":[[[-59.417356959717182,-34.406586168904717],[-59.417355084820905,-34.406856596310135],[-59.417028809091647,-34.406855041892847],[-59.417030685037695,-34.406584614503075],[-59.417356959717182,-34.406586168904717]]]}},
{"type":"Feature","properties":{"Name":"150 mm en 24 h · suelo saturado (Ks 2 mm/h) · h>5 cm"},"geometry":{"type":"Polygon","coordinates":[[[-59.417681360575166,-34.406858149857293],[-59.417679486703697,-34.407128577266292],[-59.417353209899645,-34.407127023703509],[-59.417355084820905,-34.406856596310135],[-59.417681360575166,-34.406858149857293]]]}},
{"type":"Feature","properties":{"Name":"150 mm en 24 h · suelo saturado (Ks 2 mm/h) · h>5 cm"},"geometry":{"type":"Polygon","coordinates":[[[-59.403323331149153,-34.40705939735993],[-59.403321411061476,-34.407329824060589],[-59.402342580914819,-34.407325045856737],[-59.402344504151877,-34.407054619204182],[-59.403323331149153,-34.40705939735993]]]}},
{"type":"Feature","properties":{"Name":"150 mm en 24 h · suelo saturado (Ks 2 mm/h) · h>5 cm"},"geometry":{"type":"Polygon","coordinates":[[[-59.410173228515376,-34.407363052213697],[-59.410171330448151,-34.407633479236722],[-59.409845052122733,-34.407631905629238],[-59.409846951239778,-34.407361478622043],[-59.410173228515376,-34.407363052213697]]]}},
{"type":"Feature","properties":{"Name":"150 mm en 24 h · suelo saturado (Ks 2 mm/h) · h>5 cm"},"geometry":{"type":"Polygon","coordinates":[[[-59.407553478437293,-34.408702573476319],[-59.407549665226313,-34.409243427135678],[-59.406897096408336,-34.409240264937281],[-59.406899005126327,-34.408969838145453],[-59.407225288472709,-34.408971419663843],[-59.407227196115379,-34.408700992844039],[-59.407553478437293,-34.408702573476319]]]}},
{"type":"Feature","properties":{"Name":"150 mm en 24 h · suelo saturado (Ks 2 mm/h) · h>5 cm"},"geometry":{"type":"Polygon","coordinates":[[[-59.41537485452568,-34.41009238355052],[-59.415372973004779,-34.410362810705074],[-59.415046683777362,-34.410361250862977],[-59.415048566348212,-34.410090823724126],[-59.41537485452568,-34.41009238355052]]]}},
{"type":"Feature","properties":{"Name":"150 mm en 24 h · suelo saturado (Ks 2 mm/h) · h>5 cm"},"geometry":{"type":"Polygon","coordinates":[[[-59.414722278195839,-34.410089263027466],[-59.414720394575028,-34.410359690150635],[-59.414394105397783,-34.410358128568049],[-59.414395990068563,-34.410087701460611],[-59.414722278195839,-34.410089263027466]]]}},
{"type":"Feature","properties":{"Name":"150 mm en 24 h · suelo saturado (Ks 2 mm/h) · h>5 cm"},"geometry":{"type":"Polygon","coordinates":[[[-59.413741527118688,-34.41035500279218],[-59.413733979784482,-34.411436710975416],[-59.413081393206021,-34.411433581592625],[-59.413085171123441,-34.410892727588134],[-59.413411462300068,-34.410894292683167],[-59.41341523801686,-34.410353438598882],[-59.413741527118688,-34.41035500279218]]]}},
{"type":"Feature","properties":{"Name":"150 mm en 24 h · suelo saturado (Ks 2 mm/h) · h>5 cm"},"geometry":{"type":"Polygon","coordinates":[[[-59.412417459771042,-34.413053010263411],[-59.412415568523308,-34.413323437143617],[-59.412089267971744,-34.413321869295821],[-59.412091160269604,-34.413051442431396],[-59.412417459771042,-34.413053010263411]]]}},
{"type":"Feature","properties":{"Name":"150 mm en 24 h · suelo saturado (Ks 2 mm/h) · h>5 cm"},"geometry":{"type":"Polygon","coordinates":[[[-59.412741869100067,-34.41332500412107],[-59.412739978877262,-34.413595431004971],[-59.412413677250363,-34.413593864011744],[-59.412415568523308,-34.413323437143617],[-59.412741869100067,-34.41332500412107]]]}},
{"type":"Feature","properties":{"Name":"150 mm en 24 h · suelo saturado (Ks 2 mm/h) · h>5 cm"},"geometry":{"type":"Polygon","coordinates":[[[-59.4137132225408,-34.414411407483691],[-59.413711335367751,-34.414681834366597],[-59.413385029464678,-34.414680269921412],[-59.413386917687895,-34.414409843054266],[-59.4137132225408,-34.414411407483691]]]}},
{"type":"Feature","properties":{"Name":"150 mm en 24 h · suelo saturado (Ks 2 mm/h) · h>5 cm"},"geometry":{"type":"Polygon","coordinates":[[[-59.42806697881376,-34.415020235833936],[-59.428065137799948,-34.415290663376766],[-59.42773882870307,-34.415289137197632],[-59.427740670767101,-34.415018709670143],[-59.42806697881376,-34.415020235833936]]]}},
{"type":"Feature","properties":{"Name":"150 mm en 24 h · suelo saturado (Ks 2 mm/h) · h>5 cm"},"geometry":{"type":"Polygon","coordinates":[[[-59.429359353041193,-34.416919324761068],[-59.429357516056939,-34.417189752280819],[-59.429031199510028,-34.417188229476018],[-59.429033037544627,-34.416917801971593],[-59.429359353041193,-34.416919324761068]]]}},
{"type":"Feature","properties":{"Name":"150 mm en 24 h · suelo saturado (Ks 2 mm/h) · h>5 cm"},"geometry":{"type":"Polygon","coordinates":[[[-59.413673586624817,-34.420090369489984],[-59.413671698923537,-34.420360796119418],[-59.413345370963413,-34.420359231343582],[-59.413347259715174,-34.4200888047299],[-59.413673586624817,-34.420090369489984]]]}},
{"type":"Feature","properties":{"Name":"150 mm en 24 h · suelo saturado (Ks 2 mm/h) · h>5 cm"},"geometry":{"type":"Polygon","coordinates":[[[-59.405187180177428,-34.420319829016236],[-59.405185265138378,-34.420590255221349],[-59.404858936786781,-34.420588667795052],[-59.404860852876311,-34.420318241605905],[-59.405187180177428,-34.420319829016236]]]}},
{"type":"Feature","properties":{"Name":"150 mm en 24 h · suelo saturado (Ks 2 mm/h) · h>5 cm"},"geometry":{"type":"Polygon","coordinates":[[[-59.431317246534284,-34.416928443218289],[-59.431313585145254,-34.417469298429218],[-59.430987267401335,-34.417467780831949],[-59.430985435619867,-34.417738208404053],[-59.430659116850009,-34.417736689921021],[-59.430657283993774,-34.41800711746577],[-59.429678324679706,-34.418002556747915],[-59.429674652591615,-34.41854341170945],[-59.429022008969682,-34.418540366817119],[-59.429018332582054,-34.419081221669131],[-59.428692008706982,-34.419079697886531],[-59.428684651435958,-34.420161407384398],[-59.428358323383584,-34.420159882669914],[-59.428356482954051,-34.420430309998871],[-59.428682812056927,-34.42043183472871],[-59.428679133225302,-34.420972689381138],[-59.428352802021422,-34.420971164620596],[-59.428350961518291,-34.421241591913379],[-59.427698297083083,-34.421238539749858],[-59.427701982266868,-34.420697685213675],[-59.427375652187131,-34.420696157856753],[-59.427379339373708,-34.420155303303048],[-59.427053011419531,-34.420153775106314],[-59.427058545166503,-34.419342493231412],[-59.426732220388274,-34.419340964210292],[-59.426737757065283,-34.418529682272954],[-59.42641143546291,-34.418528152427456],[-59.426413282023113,-34.418257725106287],[-59.426739602575076,-34.41825925493638],[-59.426741448060305,-34.417988827587735],[-59.427720406712602,-34.41799341180888],[-59.427718564378502,-34.418263839203654],[-59.428044885028775,-34.418265365551754],[-59.428046726312488,-34.417994938141625],[-59.428699365585857,-34.417997988195616],[-59.428701204744272,-34.417727560742726],[-59.429353842014962,-34.417730607284099],[-59.429355679048193,-34.417460179788499],[-59.429681996669913,-34.417461701738127],[-59.429683832628314,-34.417191274215142],[-59.430336465844498,-34.417194315472386],[-59.430338299677771,-34.416923887906734],[-59.431317246534284,-34.416928443218289]]]}},
{"type":"Feature","properties":{"Name":"150 mm en 24 h · suelo saturado (Ks 2 mm/h) · h>5 cm"},"geometry":{"type":"Polygon","coordinates":[[[-59.429001787625104,-34.421515067905908],[-59.428999949174042,-34.421785495205221],[-59.428673614794008,-34.421783971269285],[-59.428675454295615,-34.421513543985299],[-59.429001787625104,-34.421515067905908]]]}},
{"type":"Feature","properties":{"Name":"150 mm en 24 h · suelo saturado (Ks 2 mm/h) · h>5 cm"},"geometry":{"type":"Polygon","coordinates":[[[-59.434547637371857,-34.421811268912073],[-59.434545816756135,-34.42208169645869],[-59.434219480910919,-34.422080187308026],[-59.434221302577228,-34.421809759776608],[-59.434547637371857,-34.421811268912073]]]}},
{"type":"Feature","properties":{"Name":"150 mm en 24 h · suelo saturado (Ks 2 mm/h) · h>5 cm"},"geometry":{"type":"Polygon","coordinates":[[[-59.428998110698494,-34.422055922492483],[-59.428994433673893,-34.42259677703079],[-59.42866809614209,-34.422595253048812],[-59.42867177526788,-34.422054398541192],[-59.428998110698494,-34.422055922492483]]]}},
{"type":"Feature","properties":{"Name":"150 mm en 24 h · suelo saturado (Ks 2 mm/h) · h>5 cm"},"geometry":{"type":"Polygon","coordinates":[[[-59.435523006949133,-34.422356646266955],[-59.435521189436706,-34.422627073834938],[-59.434542175451888,-34.422622551515708],[-59.434543996116147,-34.422352123993242],[-59.435523006949133,-34.422356646266955]]]}},
{"type":"Feature","properties":{"Name":"150 mm en 24 h · suelo saturado (Ks 2 mm/h) · h>5 cm"},"geometry":{"type":"Polygon","coordinates":[[[-59.417552004839692,-34.425517612769355],[-59.417546377978567,-34.426328892462202],[-59.417220026603388,-34.426327337788969],[-59.417225656616836,-34.425516058143053],[-59.417552004839692,-34.425517612769355]]]}},
{"type":"Feature","properties":{"Name":"150 mm en 24 h · suelo saturado (Ks 2 mm/h) · h>5 cm"},"geometry":{"type":"Polygon","coordinates":[[[-59.443449538679189,-34.358840162508912],[-59.443447750938738,-34.359110593256247],[-59.443773843025014,-34.359112075419169],[-59.443772056308063,-34.359382506169389],[-59.444098149465496,-34.35938398747863],[-59.444096363772104,-34.359654418231727],[-59.444422458000695,-34.359655898687258],[-59.444420673330868,-34.359926329443219],[-59.444746768630637,-34.359927809045061],[-59.444744984984411,-34.360198239803864],[-59.445397177750003,-34.360201196431468],[-59.445395396174803,-34.360471627208],[-59.445721493640626,-34.360473104233726],[-59.445719713089112,-34.360743535013093],[-59.446045811626085,-34.360745011185067],[-59.446042252546732,-34.361285872737355],[-59.44636835320231,-34.361287348070391],[-59.446366574674514,-34.361557778843313],[-59.446692676401227,-34.36155925332254],[-59.446690898897216,-34.361829684098261],[-59.447017001695109,-34.361831157723657],[-59.447015225214884,-34.362101588502171],[-59.447341329083955,-34.362103061273714],[-59.447339553627543,-34.362373492055013],[-59.447665658567772,-34.362374963972698],[-59.44766388413521,-34.362645394756768],[-59.44798999014661,-34.362646865820558],[-59.447988216737947,-34.362917296607399],[-59.448314323820497,-34.36291876681728],[-59.448310779027366,-34.363459628384426],[-59.448962997453549,-34.363462566257219],[-59.448961227116698,-34.36373299705231],[-59.449287337412763,-34.363734464700386],[-59.449285568099889,-34.364004895498212],[-59.449611679467132,-34.364006362292308],[-59.44960814286587,-34.364547223881324],[-59.450260369861475,-34.364550154922298],[-59.450256837356498,-34.365091016522179],[-59.450582952984895,-34.365092480768993],[-59.450581187744746,-34.365362911565597],[-59.450907304444328,-34.365364374958375],[-59.450903775988841,-34.365905236544918],[-59.451229894807298,-34.365906699098339],[-59.451228131591961,-34.366177129888257],[-59.451554251481625,-34.366178591587598],[-59.451550727075933,-34.366719453160741],[-59.45187684908452,-34.366720914020675],[-59.451873326680378,-34.367261775575045],[-59.452199450807939,-34.367263235595537],[-59.452197690618434,-34.36753366636934],[-59.45252381581723,-34.367535125535674],[-59.45252029746343,-34.368075987076544],[-59.452846424781256,-34.368077445403365],[-59.45284466661699,-34.368347876170425],[-59.453170795006073,-34.368349333643046],[-59.453167280702928,-34.368890195170351],[-59.453493411211092,-34.368891651803402],[-59.453491655072249,-34.369162082563662],[-59.453817786651676,-34.369163538342455],[-59.453812521238383,-34.369974830594884],[-59.454138655984856,-34.369976285548709],[-59.454135147688184,-34.370517147019385],[-59.454461284553894,-34.370518601133568],[-59.454459531418436,-34.370789031865456],[-59.454785669355445,-34.370790485125305],[-59.45478391724459,-34.371060915859793],[-59.455110056252913,-34.371062368265278],[-59.455106554057068,-34.371603229727377],[-59.455432695184683,-34.371604681293107],[-59.455430945099749,-34.371875112020689],[-59.455757087298686,-34.371876562732041],[-59.455755338238454,-34.372146993462195],[-59.456081481508718,-34.372148443319134],[-59.456077985414375,-34.372689304772457],[-59.456404130803996,-34.372690753789563],[-59.456402383769941,-34.372961184512768],[-59.456728530230912,-34.372962632675396],[-59.456725038189077,-34.373503494114786],[-59.457051186769469,-34.373504941437531],[-59.457049441761747,-34.373775372153737],[-59.457375591413488,-34.373776818621984],[-59.457372103424532,-34.374317680047355],[-59.457698255195744,-34.37431912567564],[-59.457694769210093,-34.374859987081948],[-59.458020923100854,-34.374861431870222],[-59.458017439118635,-34.375402293257423],[-59.458343595128959,-34.37540373720568],[-59.458340113150271,-34.375944598573767],[-59.458666271280201,-34.375946041681949],[-59.458662791305166,-34.376486903030909],[-59.458988951554758,-34.376488345299002],[-59.458985473583482,-34.377029206628812],[-59.459311635952773,-34.37703064805676],[-59.459308159985362,-34.377571509367392],[-59.459634324474408,-34.377572949955173],[-59.45963258750426,-34.377843380606919],[-59.459958753064754,-34.377844820340009],[-59.459957017119791,-34.378115250994213],[-59.460283183751741,-34.37811668987257],[-59.460281448831971,-34.378387120529212],[-59.462564623240617,-34.378397168440912],[-59.462566350821994,-34.378126737683104],[-59.463871018226136,-34.378132460166356],[-59.463872741591189,-34.3778620293389],[-59.464198907451362,-34.377863457772278],[-59.464200629745115,-34.377593026918383],[-59.464526794579925,-34.377594454468166],[-59.464528515802442,-34.377324023587853],[-59.465180843444251,-34.377326876051114],[-59.465182562547234,-34.377056445130023],[-59.466487213912522,-34.377062139568949],[-59.466488928799528,-34.376791708578466],[-59.467141252522822,-34.376794550554195],[-59.467139539732379,-34.377064981573291],[-59.467791865643527,-34.377067820100905],[-59.467790154926831,-34.377338251136514],[-59.46811631896491,-34.377339669110832],[-59.468114609273734,-34.377610100148694],[-59.468440774382884,-34.377611517268079],[-59.468437357028805,-34.378152379336193],[-59.468111189822999,-34.378150962188279],[-59.468109480063454,-34.378421393190003],[-59.467130975437755,-34.378417136488068],[-59.467127549560111,-34.378957998369664],[-59.466475209063645,-34.378955156164999],[-59.466471778901095,-34.379496017941165],[-59.466797951234682,-34.379497439506743],[-59.466791094829027,-34.380579162971756],[-59.466464918301696,-34.380577741348915],[-59.466468348647105,-34.380036879669134],[-59.466142174239529,-34.380035457205658],[-59.466145606590352,-34.379494595506316],[-59.464840917576254,-34.379488897074303],[-59.464839197218616,-34.379759327872598],[-59.464513023973964,-34.379757901077078],[-59.464511302544985,-34.380028331848969],[-59.463858954027671,-34.380025475621366],[-59.463857230478872,-34.380295906352437],[-59.463204879956557,-34.38029304661891],[-59.463203154287868,-34.380563477309153],[-59.462550801760649,-34.380560614069637],[-59.46254216258729,-34.381912767196013],[-59.462868344081869,-34.381914199322523],[-59.462866617226659,-34.382184629926059],[-59.463192799792765,-34.382186061197629],[-59.463191073963102,-34.382456491803552],[-59.463517257600778,-34.382457922220155],[-59.463515532796656,-34.38272835282843],[-59.4638417175059,-34.382729782390101],[-59.463839993727369,-34.383000213000692],[-59.464166179508155,-34.383001641707374],[-59.464164456755242,-34.383272072320317],[-59.464490643607576,-34.38327350017201],[-59.464488921880331,-34.383543930787269],[-59.464815109804221,-34.383545357783937],[-59.464811668378118,-34.384086219007074],[-59.465137858422203,-34.384087645163056],[-59.465134419001679,-34.384628506366695],[-59.465460611166002,-34.384629931681992],[-59.465457173751162,-34.385170792866148],[-59.465783368035765,-34.385172217340674],[-59.465779932626738,-34.385713078505333],[-59.466106129031658,-34.385714502139081],[-59.46610269562855,-34.386255363284199],[-59.466428894153843,-34.386256786077126],[-59.466427178466724,-34.386527216645945],[-59.466753378063629,-34.386528638583712],[-59.466751663402427,-34.38679906915479],[-59.467077864070966,-34.38680049023737],[-59.467076150435702,-34.387070920810714],[-59.467402352175881,-34.387072341038092],[-59.467398926934464,-34.387613202177235],[-59.467725130795095,-34.387614621563685],[-59.467723419188985,-34.387885052129477],[-59.46804962412125,-34.387886470660689],[-59.468047913541184,-34.388156901228704],[-59.468374119545103,-34.38815831890463],[-59.468372409991098,-34.388428749474869],[-59.468698617066657,-34.388430166295549],[-59.468696908538725,-34.388700596867999],[-59.469023116685946,-34.388702012833363],[-59.469019701659604,-34.389242873970652],[-59.469345911927377,-34.389244289094925],[-59.469344205428989,-34.389514719659758],[-59.469670416768416,-34.389516133928716],[-59.469668711296208,-34.389786564495722],[-59.470321136141109,-34.389789390453309],[-59.470319432744098,-34.390059821036722],[-59.470645646249551,-34.390061232725323],[-59.470643943878784,-34.390331663310903],[-59.471296373055679,-34.39033448410769],[-59.471294672760166,-34.390604914709613],[-59.471947104125668,-34.390607732056303],[-59.471945405905487,-34.390878162674539],[-59.472924056270422,-34.390882382214855],[-59.472922361174625,-34.391152812863524],[-59.4742272328401,-34.391158426798917],[-59.474223850972976,-34.391699288173143],[-59.471614091219017,-34.391688046161718],[-59.471615790556143,-34.391417615593809],[-59.470310915418388,-34.391411973773032],[-59.470309211885144,-34.391682404284147],[-59.469982992108406,-34.391680991640612],[-59.469971059396329,-34.393574004781563],[-59.47029728651669,-34.393575417524666],[-59.470293879064215,-34.394116278342061],[-59.470620108305582,-34.394117690243867],[-59.470616702860639,-34.394658551041509],[-59.470942934223054,-34.39465996210199],[-59.470937829033083,-34.395471253250712],[-59.471264063565826,-34.395472663484021],[-59.471260662090948,-34.396013524217985],[-59.471586898744874,-34.396014933609877],[-59.47158349927787,-34.396555794324023],[-59.471909738052986,-34.396557202874483],[-59.471902943044441,-34.397638924214917],[-59.472229186039499,-34.397640331952225],[-59.472217301248655,-34.399533343933307],[-59.472543551612119,-34.399534750899903],[-59.472535067044362,-34.400886902024318],[-59.472861322677851,-34.400888308191753],[-59.472854538814744,-34.401970028931018],[-59.47318079866902,-34.401971434285095],[-59.473179103696317,-34.402241864453927],[-59.473505364622753,-34.402243268952148],[-59.473500282717943,-34.403054559428774],[-59.473826546815786,-34.403055963099376],[-59.473823160865642,-34.403596823385151],[-59.474475693327591,-34.403599628172735],[-59.474472311485869,-34.404140488466759],[-59.474798579849995,-34.404141889583684],[-59.474793510067549,-34.404953179976673],[-59.47414096706359,-34.404950376788129],[-59.474147735126095,-34.403868656352898],[-59.473495200609932,-34.403865849796979],[-59.473496894668514,-34.40359541968629],[-59.473170628493961,-34.403594015117385],[-59.473172323579611,-34.403323585008778],[-59.472846058477295,-34.403322179583988],[-59.472849450680094,-34.402781319358944],[-59.472523187699636,-34.402779913092409],[-59.472526581911225,-34.402239052847492],[-59.472200321052597,-34.402237645739255],[-59.472202019174034,-34.401967215612885],[-59.471875759387608,-34.401965807648828],[-59.471880856764813,-34.401154517239931],[-59.471554600149695,-34.401153108448426],[-59.471556300279651,-34.400882678302203],[-59.471230044736721,-34.400881268654906],[-59.471233447027693,-34.400340408354708],[-59.470907193606436,-34.400338997865852],[-59.470912300021247,-34.399527707367781],[-59.470586049771065,-34.399526296051611],[-59.470592862204228,-34.398444575275619],[-59.470266616174413,-34.398443163146403],[-59.470271728409102,-34.397631872480545],[-59.469945485550092,-34.397630459524116],[-59.469947190632226,-34.39736002929228],[-59.469620948845311,-34.397358615480229],[-59.469627773143856,-34.396276894489354],[-59.469301535576875,-34.396275479864435],[-59.469303242643939,-34.396005049600831],[-59.468977006148982,-34.396003634120333],[-59.468982130361404,-34.395192343299982],[-59.468655897036925,-34.39519092699247],[-59.468657606111421,-34.394920496709183],[-59.468331373858945,-34.394919079546156],[-59.468333083959848,-34.394648649265086],[-59.468006852779361,-34.394647231246573],[-59.468013697151754,-34.393565510058885],[-59.467687470190725,-34.393564091227745],[-59.467702878136272,-34.391130217979111],[-59.467376660639701,-34.391128798406882],[-59.467380086474613,-34.390587937581024],[-59.467053871098884,-34.390586517167741],[-59.467057298940404,-34.390045656322293],[-59.466731085685431,-34.390044235068011],[-59.466734515533489,-34.38950337420296],[-59.466408304399245,-34.389501952107715],[-59.466410020337896,-34.389231521671427],[-59.46608381027545,-34.389230098720923],[-59.466085527240146,-34.388959668286915],[-59.465759318249468,-34.388958244481174],[-59.465761036240181,-34.388687814049447],[-59.465108620425319,-34.388684963857941],[-59.465106900336856,-34.388955394260968],[-59.464454482515926,-34.388952540562471],[-59.46445276030672,-34.389222970924713],[-59.464126550381792,-34.389221542756744],[-59.464124827100711,-34.389491973092561],[-59.463798616149838,-34.38949054404064],[-59.463796891796861,-34.389760974350004],[-59.463470679820027,-34.38975954441409],[-59.463468954395125,-34.390029974697022],[-59.462816528412567,-34.390027112187603],[-59.462814800866774,-34.39029754242965],[-59.462488586861056,-34.390296109856116],[-59.462486858243267,-34.39056654007171],[-59.462160643211632,-34.390565106614126],[-59.462158913521826,-34.390835536803245],[-59.461832697464253,-34.390834102461589],[-59.461830966702394,-34.391104532624198],[-59.461504749618889,-34.391103097398492],[-59.461503017784956,-34.391373527534618],[-59.461176799675528,-34.391372091424785],[-59.461175066769464,-34.391642521534415],[-59.460848847634118,-34.391641084540481],[-59.460843645630241,-34.392452374753631],[-59.460517423370831,-34.392450936846622],[-59.460515688274249,-34.392721366879101],[-59.460189464988886,-34.392719928087935],[-59.460191201134556,-34.392449498069936],[-59.459538756731419,-34.392446617907524],[-59.459540494952073,-34.392176187906493],[-59.459214273834306,-34.392174746535268],[-59.459216013080869,-34.391904316536689],[-59.458889793035347,-34.391902874310311],[-59.45889849416541,-34.390550724209227],[-59.459877138636408,-34.390555048061685],[-59.459878875645941,-34.39028461796179],[-59.460205089466953,-34.390286057492219],[-59.460206825404384,-34.39001562736577],[-59.460533038199593,-34.390017066012099],[-59.46053477306495,-34.389746635859119],[-59.460860984834326,-34.389748073621377],[-59.460862718627631,-34.389477643441865],[-59.461188929371204,-34.389479080320058],[-59.461190662092484,-34.38920865011405],[-59.461516871810232,-34.3892100861082],[-59.461520335085758,-34.388669225631112],[-59.461846542728793,-34.388670660726781],[-59.46184827328306,-34.388400230455709],[-59.462500686540565,-34.38840309800954],[-59.462502414974068,-34.388132667697555],[-59.462828620588525,-34.388134100155717],[-59.462830347950124,-34.387863669817243],[-59.463156552538763,-34.387865101391462],[-59.46315827882853,-34.387594671026548],[-59.463484482391344,-34.387596101716817],[-59.463486207609279,-34.387325671325442],[-59.463812410146254,-34.387327101131795],[-59.463815858415579,-34.386786240284103],[-59.464142058877954,-34.386787669192159],[-59.464143781929366,-34.386517238735856],[-59.463817582515759,-34.386515809842173],[-59.463819306592981,-34.386245379388185],[-59.463493108251129,-34.3862439496394],[-59.463496558434095,-34.385703088724114],[-59.463170362212715,-34.38570165813465],[-59.463173814401145,-34.385160797199958],[-59.462847620300195,-34.385159365769866],[-59.462849347408586,-34.384888935298854],[-59.462523154379333,-34.384887503013736],[-59.462526610624415,-34.384346642064415],[-59.462200419715536,-34.384345208938711],[-59.462202148852192,-34.384074778460409],[-59.461875959014996,-34.384073344479731],[-59.461877689177243,-34.383802914003802],[-59.461551500411751,-34.38380147916817],[-59.461553231599531,-34.383531048694643],[-59.461227043905737,-34.383529613004065],[-59.461228776119057,-34.383259182532953],[-59.460902589496953,-34.383257745987429],[-59.460906055951511,-34.382716885037958],[-59.460579871449674,-34.382715447652018],[-59.460581605690862,-34.382445017173687],[-59.460255422260701,-34.382443578932858],[-59.460258892770838,-34.381902717968998],[-59.459932711460873,-34.381901278887788],[-59.459934447729772,-34.381630848402288],[-59.459608267491475,-34.381629408466239],[-59.459610004785731,-34.381358977983176],[-59.459283825619103,-34.381357537192301],[-59.459287302235147,-34.380816676219048],[-59.458961125188637,-34.380815234587899],[-59.458962864510369,-34.38054480409771],[-59.458636688535513,-34.380543361611743],[-59.458638428882516,-34.380272931124054],[-59.458312253979294,-34.38027148778334],[-59.458315736700555,-34.379730626800836],[-59.457989563917415,-34.379729182619926],[-59.457993048642649,-34.379188321618322],[-59.45766687797952,-34.379186876597245],[-59.457670364708612,-34.378646015576521],[-59.457344196165465,-34.378644569715327],[-59.457347684898288,-34.378103708675503],[-59.457021518475088,-34.378102261974213],[-59.457023263854936,-34.377831831450798],[-59.456697098503305,-34.377830383894853],[-59.456698844908232,-34.377559953373975],[-59.456046516371416,-34.37755705568366],[-59.456044767869891,-34.37782748617537],[-59.455392437329664,-34.377824584979052],[-59.455390686708199,-34.378095015429501],[-59.455064520424763,-34.37809356351292],[-59.455061017015133,-34.378634424348412],[-59.454734848658369,-34.378632971533378],[-59.454731343058633,-34.379173832291407],[-59.454405172628462,-34.379172378577849],[-59.454403418745173,-34.379442808924168],[-59.454077247290002,-34.379441354326715],[-59.454057941497624,-34.382416087179628],[-59.453731758532648,-34.382414631551718],[-59.453733514770185,-34.382144201367282],[-59.453407332877163,-34.382142744884682],[-59.453409090139822,-34.381872314702861],[-59.453735270984303,-34.381873771170774],[-59.453744051703872,-34.380521620007528],[-59.453417876101803,-34.380520163612914],[-59.453416118956241,-34.380790593855011],[-59.45308994232915,-34.380789136576432],[-59.453088184111699,-34.381059566791784],[-59.452762006459551,-34.381058108629247],[-59.452758487857373,-34.381598968994439],[-59.452432308131684,-34.381597509933208],[-59.452427026906967,-34.38240880034656],[-59.45307939267294,-34.382411717687845],[-59.453077634314901,-34.382682147830899],[-59.452099082555456,-34.382677770470863],[-59.452095559477591,-34.383218630632697],[-59.45176937350756,-34.383217169744562],[-59.451771136106807,-34.382946739684364],[-59.45144495120887,-34.382945277941566],[-59.451443187561019,-34.383215707987027],[-59.4507908157385,-34.383212781863861],[-59.450787284177892,-34.383753641859677],[-59.450461096204712,-34.383752177464558],[-59.450455795541401,-34.384563467323687],[-59.451108177803114,-34.384566395332996],[-59.451109942617123,-34.384295965362519],[-59.451436132734621,-34.384297428048313],[-59.451432605180401,-34.384838288006662],[-59.451106412965572,-34.384836825291387],[-59.451099353380208,-34.385918545004536],[-59.45077315699411,-34.385917081360901],[-59.450771390990234,-34.386187511244309],[-59.45044519357895,-34.386186046716468],[-59.450448727660628,-34.385645186967096],[-59.450122532370344,-34.385643721599294],[-59.450126068455226,-34.385102861831186],[-59.449799875285883,-34.385101395623465],[-59.449803413373871,-34.38456053583667],[-59.449151031300644,-34.384557600872022],[-59.449149260171126,-34.384828030741872],[-59.448496876094993,-34.384825092269942],[-59.448495102844504,-34.385095522098183],[-59.448821295919444,-34.385096991783662],[-59.44881952369402,-34.385367421614632],[-59.448493329570397,-34.385365951914352],[-59.448472048437473,-34.388611108768323],[-59.448798255146471,-34.388612578646175],[-59.448792937478082,-34.389423867632857],[-59.44846672762241,-34.389422397710625],[-59.448459632871419,-34.390504116131588],[-59.448785846922831,-34.390505586113015],[-59.448780528758327,-34.391316874846559],[-59.449106745980316,-34.391318344002748],[-59.449103202517222,-34.391859203127751],[-59.44942942186087,-34.391860671443872],[-59.449425880401421,-34.392401530550231],[-59.45007832335569,-34.39240446463257],[-59.4500765546887,-34.392674894197206],[-59.452033890411208,-34.392683675660464],[-59.45203917745841,-34.391872386665177],[-59.452365397013949,-34.391873847154393],[-59.452372441885373,-34.39079212826649],[-59.45269865726835,-34.390793587827261],[-59.4526968971347,-34.391064017582018],[-59.453023113590113,-34.391065476287842],[-59.453021354481983,-34.391335906045242],[-59.453347572009839,-34.391337363896127],[-59.453345813927314,-34.391607793656121],[-59.453672032527606,-34.391609250652031],[-59.45366500415934,-34.39269096963023],[-59.453991226979277,-34.392692425815113],[-59.453989470877751,-34.392962855544191],[-59.45431569477018,-34.392964310874063],[-59.454313939694345,-34.393234740605727],[-59.454966389647559,-34.393237648685655],[-59.454968142625184,-34.392967218924703],[-59.455620590573652,-34.392970123496575],[-59.455622341429731,-34.392699693694354],[-59.456274787373353,-34.392702594758241],[-59.456271289834248,-34.393243454409067],[-59.455945064752584,-34.393242004282754],[-59.455943314898938,-34.393512434075511],[-59.454964636646565,-34.39350807843455],[-59.454961130574517,-34.394048937896166],[-59.454634902438826,-34.394047484247146],[-59.454633148318592,-34.394317913945265],[-59.454306919157119,-34.394316459411868],[-59.454301653508594,-34.395127748389918],[-59.454627885817615,-34.395129202967233],[-59.45462613160386,-34.395399632617128],[-59.454952364985488,-34.395401086339298],[-59.454950611797578,-34.395671515991772],[-59.455603080729368,-34.395674420856054],[-59.455599578480459,-34.396215280183327],[-59.455925815079866,-34.396216731340004],[-59.455924064969665,-34.396487161000152],[-59.456250302641685,-34.396488611301656],[-59.456246804449933,-34.397029470615017],[-59.456573044243818,-34.397030920075849],[-59.456571296162281,-34.397301349729062],[-59.45689753702878,-34.397302798334664],[-59.456895789973274,-34.397573227990385],[-59.457222031912401,-34.397574675740742],[-59.457220285882954,-34.397845105398993],[-59.458199014987891,-34.397849443474634],[-59.458197272083247,-34.398119873164504],[-59.459828492969308,-34.398127085966138],[-59.459830230627162,-34.397856656203679],[-59.46015647382454,-34.397858096139935],[-59.460158210409894,-34.397587666350915],[-59.460484452581085,-34.397589105402822],[-59.460487923583699,-34.39704824575967],[-59.460814163679352,-34.397049683912769],[-59.460815898096683,-34.396779254058657],[-59.461794615374394,-34.396783563255603],[-59.461787690158353,-34.397865282773331],[-59.461461446845384,-34.397863847186336],[-59.461456249542948,-34.398675136654731],[-59.461130003104941,-34.398673700154539],[-59.461128269575227,-34.398944129938769],[-59.460802022110933,-34.398942692554222],[-59.460795083563241,-34.400024411512746],[-59.461121335225293,-34.400025848955174],[-59.461119601580052,-34.400296278679164],[-59.461445854314661,-34.40029771526612],[-59.461444121695806,-34.400568144992498],[-59.461770375502994,-34.400569580723982],[-59.461766912295012,-34.401110440169496],[-59.461440656388802,-34.401109004409115],[-59.461438923700662,-34.401379434099333],[-59.460786409858471,-34.401376559939742],[-59.460782940214727,-34.40191741922618],[-59.460456681229218,-34.401915980812468],[-59.46045320939384,-34.402456840021728],[-59.460126948332295,-34.402455400709073],[-59.460125211330293,-34.402725830281128],[-59.459798949242298,-34.402724390083961],[-59.459795473069654,-34.403265249162928],[-59.459142944764722,-34.403262366100549],[-59.459141204544373,-34.403532795592938],[-59.458814939377049,-34.403531352742171],[-59.45881319808386,-34.403801782207978],[-59.458486931890079,-34.403800338472635],[-59.458488674232939,-34.403529909021366],[-59.457836144014379,-34.40352701896964],[-59.457834399572221,-34.403797448391842],[-59.457508133448158,-34.403796002046363],[-59.457506387933094,-34.404066431441933],[-59.457180120782631,-34.404064984211843],[-59.457178374194626,-34.404335413580817],[-59.456525837864184,-34.404332516481311],[-59.456524089153532,-34.40460294580906],[-59.45521901257365,-34.40459714111087],[-59.455217259640861,-34.40486757036814],[-59.454564719391634,-34.404864662769363],[-59.454566474423828,-34.404594233541367],[-59.454240205384004,-34.404592778451509],[-59.454238449302096,-34.404863207664846],[-59.453912179235964,-34.404861751690262],[-59.45391569347575,-34.404320893280826],[-59.454568229432645,-34.404323804301306],[-59.4545717393801,-34.403782945785032],[-59.455224271231849,-34.403785853266754],[-59.455226024071209,-34.403515423961267],[-59.455552288982489,-34.403516876382426],[-59.455554040748851,-34.403246447050272],[-59.45588030463383,-34.403247898586812],[-59.455882055327216,-34.402977469227991],[-59.456208318185915,-34.402978919879892],[-59.456210067806374,-34.402708490494405],[-59.45653632963878,-34.402709940261694],[-59.45653807818632,-34.402439510849568],[-59.45686433899246,-34.402440959732253],[-59.456869581346545,-34.40162967137983],[-59.456543323689104,-34.401628222540879],[-59.456546820574466,-34.401087363608134],[-59.456220565039402,-34.401085913928419],[-59.456224063930541,-34.400545054976661],[-59.455571557128387,-34.40054215306575],[-59.455573308637952,-34.400271723600994],[-59.45492080402812,-34.400268818239553],[-59.45492255761328,-34.399998388792014],[-59.452312548505624,-34.399986732666441],[-59.452310786524741,-34.40025716199667],[-59.451005778336189,-34.400251312996922],[-59.451004012133922,-34.400521742256217],[-59.450677759096109,-34.400520277816732],[-59.45067599182083,-34.400790707049239],[-59.450349737757087,-34.400789241725043],[-59.450347969408746,-34.401059670930749],[-59.450021714319057,-34.401058204721863],[-59.449998710000955,-34.404573783107011],[-59.449672441290062,-34.404572315836184],[-59.449670670512333,-34.404842744843577],[-59.450975749696248,-34.404848608765484],[-59.450977516275167,-34.404578179699065],[-59.450651247493532,-34.404576715038452],[-59.450653015098595,-34.40430628597472],[-59.451305550586021,-34.404309214396427],[-59.451303785080334,-34.404579643489619],[-59.451630053909028,-34.404581106410113],[-59.45163181836503,-34.404310677302199],[-59.451958086167558,-34.404312139337883],[-59.451956322761255,-34.404582568460512],[-59.452608860536166,-34.404585489951153],[-59.452607099205743,-34.40485591909114],[-59.451628289429514,-34.404851535505969],[-59.45162476039993,-34.405392393661558],[-59.45129848842209,-34.405390930696896],[-59.45129495719894,-34.405931788774801],[-59.450968683145135,-34.405930324910578],[-59.450966916448493,-34.406200753916707],[-59.450314366311979,-34.406197823548446],[-59.450316135108153,-34.405927394571798],[-59.449663587165475,-34.405924460752594],[-59.449661816269739,-34.406194889699698],[-59.449335541284029,-34.406193421470142],[-59.449316048325016,-34.409168138930056],[-59.449642334859099,-34.409169607322177],[-59.44963525000167,-34.410251322459573],[-59.449961540759205,-34.410252790040545],[-59.449959770535827,-34.410523218809523],[-59.450286062366942,-34.410524685535016],[-59.450284293169979,-34.410795114306694],[-59.450610586074681,-34.410796580176672],[-59.450608817904154,-34.411067008951044],[-59.450935111882444,-34.411068473965514],[-59.450933344738395,-34.411338902742571],[-59.451259639790273,-34.411340366901484],[-59.451254341367012,-34.412151653204546],[-59.454191026243137,-34.412164791868562],[-59.454192782957044,-34.411894362980696],[-59.455171675187444,-34.41189872682579],[-59.455175182244659,-34.411357868926068],[-59.455501477601416,-34.411359321771236],[-59.455506734861899,-34.410548034787368],[-59.454854150471903,-34.410545128314496],[-59.454855904945354,-34.410274699325022],[-59.454529613835412,-34.410273244797828],[-59.45453136933547,-34.41000281581092],[-59.454857659395422,-34.410004270323476],[-59.454859413822106,-34.40973384130988],[-59.455185702855474,-34.409735294937562],[-59.455183949478752,-34.410005723965781],[-59.456162819868901,-34.410010079671231],[-59.45616106961878,-34.41028050873124],[-59.456487360845486,-34.410281958907163],[-59.456482113105181,-34.411093246058641],[-59.456808407505235,-34.41109469540806],[-59.456804910995231,-34.411635553477936],[-59.456478614495083,-34.411634104099321],[-59.456476865155061,-34.411904533101591],[-59.456803162705278,-34.411905982494794],[-59.456801414392025,-34.41217641149958],[-59.45712771301563,-34.412177860037048],[-59.457129460278807,-34.41190743101766],[-59.458760948495424,-34.411914660577416],[-59.458762690484967,-34.411644231473232],[-59.459415283834083,-34.41164711717591],[-59.45941876354329,-34.411106258873296],[-59.460071352784944,-34.411109141036761],[-59.460074828201314,-34.410568282627899],[-59.459748535668957,-34.410566842010304],[-59.459753751769789,-34.40975555435007],[-59.460732619986466,-34.409759873461667],[-59.460723942119238,-34.411112019719106],[-59.460397647440516,-34.41111058081308],[-59.460395910747636,-34.411381010013926],[-59.460069615042038,-34.411379570223119],[-59.460067877275939,-34.411649999397405],[-59.46072047081045,-34.411652878137694],[-59.460716999409115,-34.41219373650808],[-59.461369597236477,-34.412196611825031],[-59.461367863601311,-34.412467041021088],[-59.462020463621279,-34.412469912885683],[-59.46201873206325,-34.412740342098566],[-59.462671334275754,-34.412743210510698],[-59.462669604794911,-34.413013639740413],[-59.463322209199873,-34.413016504700018],[-59.463320481796266,-34.413286933946516],[-59.463646785083441,-34.413288365135209],[-59.463645058706973,-34.413558794384059],[-59.463971363067294,-34.413560224716782],[-59.463969637717994,-34.413830653967949],[-59.464295943151498,-34.413832083444703],[-59.464294218829401,-34.414102512698221],[-59.46527313841829,-34.414106795949337],[-59.465274859589833,-34.413836366652724],[-59.465927470663424,-34.413839217772853],[-59.46592918971168,-34.413568788435484],[-59.466581798776559,-34.413571636045454],[-59.46658523260372,-34.413030777277243],[-59.466911535070189,-34.413032199748052],[-59.466913250899289,-34.412761770331542],[-59.467239552338484,-34.412763191917705],[-59.467249840532503,-34.411140615079745],[-59.467576135694038,-34.411142035709766],[-59.467579562809171,-34.410601176638764],[-59.468558442130551,-34.41060543322142],[-59.468560152503841,-34.410335003624986],[-59.468886444606547,-34.410336420731085],[-59.468888153907052,-34.41006599110834],[-59.469214444982548,-34.410067407329883],[-59.469216153210262,-34.409796977680848],[-59.469542443258575,-34.409798393017908],[-59.46954585754581,-34.409257533655186],[-59.469872145516923,-34.409258948093523],[-59.469880675587319,-34.407906799404685],[-59.470533241098614,-34.407909625528447],[-59.470536648768153,-34.407368765911656],[-59.470210368100879,-34.407367353313283],[-59.470212072951441,-34.407096923501044],[-59.470864632209,-34.407099747799172],[-59.470866334937185,-34.406829317946432],[-59.47054005634687,-34.406827906246676],[-59.470541760102179,-34.406557476396095],[-59.470868037642667,-34.406558888081662],[-59.470873145622988,-34.405747598415019],[-59.471199420036797,-34.405749009187829],[-59.471197718449154,-34.40601943910297],[-59.471523993935435,-34.40602084901986],[-59.47151889218587,-34.406832138735538],[-59.471845170844205,-34.40683354782486],[-59.471843471265522,-34.407103977720162],[-59.471517191557346,-34.407102568616651],[-59.471515490906171,-34.407372998485727],[-59.47118921017082,-34.407371588497867],[-59.471184104931666,-34.408182877990207],[-59.470857821069373,-34.408181467089591],[-59.470852712476358,-34.408992756430877],[-59.471178999488394,-34.408994167374097],[-59.471175595746139,-34.4095350269031],[-59.471501884880766,-34.409536437004483],[-59.471500184025579,-34.409806866765102],[-59.471826474232834,-34.409808276010445],[-59.471824774404965,-34.410078705773188],[-59.472151065684862,-34.41008011416244],[-59.472149366884366,-34.410350543927336],[-59.472475659236892,-34.410351951460491],[-59.472473961463741,-34.410622381227491],[-59.472800254888924,-34.410623787904562],[-59.472796861374832,-34.411164647430695],[-59.473449452493142,-34.41116745823058],[-59.473439284009245,-34.412790036689522],[-59.473765585902832,-34.412791440868823],[-59.473758810662467,-34.413873159656958],[-59.47343250456823,-34.413871755421134],[-59.473429114712197,-34.414412614714649],[-59.473102806540147,-34.414411209580159],[-59.473101110528042,-34.414681639194697],[-59.472774801328363,-34.41468023317568],[-59.472773104243394,-34.414950662764006],[-59.472446794016093,-34.4149492558604],[-59.472450190263871,-34.41440839669999],[-59.472123882159664,-34.414406988954312],[-59.472142571455898,-34.411432262866313],[-59.470511089032428,-34.411425211862635],[-59.470509384868379,-34.411695641496287],[-59.469856789957745,-34.411692814974273],[-59.469855083670815,-34.411963244567424],[-59.469528785199508,-34.411961829986723],[-59.469525370457212,-34.412502689108415],[-59.46919906990847,-34.412501273628905],[-59.469197361453062,-34.412771703157411],[-59.468871059876975,-34.412770286793318],[-59.468867640797576,-34.413311145785691],[-59.468541337143968,-34.413309728522712],[-59.468539626519927,-34.413580157986566],[-59.468213321838967,-34.413578739838968],[-59.468209898422131,-34.414119598701937],[-59.467883591663593,-34.414118179655425],[-59.467881878870735,-34.414388609054555],[-59.46755557108483,-34.414387189123346],[-59.467553857218945,-34.414657618496143],[-59.467227548405667,-34.414656197680245],[-59.467225833466692,-34.414926627026695],[-59.466899523626033,-34.414925205326085],[-59.466897807613961,-34.415195634646167],[-59.466571496745921,-34.41519421206084],[-59.466569779660745,-34.415464641354539],[-59.466243467765317,-34.415463217884458],[-59.466241749606965,-34.415733647151797],[-59.467873314564109,-34.415740755869457],[-59.467875027471095,-34.415470326530581],[-59.468527651513313,-34.415473163896024],[-59.468529362296934,-34.415202734516555],[-59.469834606453773,-34.415208398745285],[-59.469832899871207,-34.415478828181776],[-59.470811836378473,-34.415483067256559],[-59.470810132923994,-34.415753496723639],[-59.471789072786422,-34.415757728007158],[-59.471785672111139,-34.416298586990351],[-59.471459356700386,-34.416297177404573],[-59.471457655278421,-34.416567606863907],[-59.471131338840046,-34.416566196393497],[-59.471129636345076,-34.416836625826591],[-59.471455953833804,-34.416838036311205],[-59.471450849363869,-34.417649324580744],[-59.471777170026364,-34.417650734237434],[-59.471775469541434,-34.417921163650689],[-59.471449147828523,-34.417919753979817],[-59.471447446270524,-34.418190183366839],[-59.471773769033817,-34.418191593051887],[-59.47176186484603,-34.420084598522898],[-59.471435534729501,-34.420083188738531],[-59.471437236446263,-34.419812759435857],[-59.471110907402917,-34.419811348795108],[-59.471114312869325,-34.419270490182036],[-59.470787985949649,-34.419269078699116],[-59.470798208106899,-34.417646502655835],[-59.470145566940758,-34.417643677248954],[-59.470147272654934,-34.417373247894652],[-59.469820953156315,-34.417371833899693],[-59.469826073313456,-34.416560545807172],[-59.469173440686575,-34.416557715291226],[-59.469170023069879,-34.417098573974656],[-59.468517386332735,-34.417095739919802],[-59.468519097253157,-34.416825310612623],[-59.468192779969137,-34.416823892293756],[-59.468189356004771,-34.417364750867499],[-59.467536717303759,-34.417361911561173],[-59.467531574883758,-34.418173199245629],[-59.467857897374003,-34.418174619376913],[-59.467840764993845,-34.420878911017937],[-59.468167098011712,-34.420880330421539],[-59.468165385698661,-34.421150759533617],[-59.46849171978991,-34.421152178080888],[-59.468490008504624,-34.421422607195204],[-59.469469014066846,-34.421426857656087],[-59.4694655977314,-34.421967715934095],[-59.470444609802051,-34.421971958644754],[-59.470441199679257,-34.422512816959937],[-59.471093878709155,-34.422515641137352],[-59.471092175714958,-34.422786070305278],[-59.471418516314593,-34.422787481102198],[-59.471415112359445,-34.423328339430299],[-59.472067797829403,-34.423331158468862],[-59.472062698030754,-34.424142445955717],[-59.47141000625659,-34.424139626832044],[-59.471408304176947,-34.42441005594187],[-59.470102916698032,-34.424404407189165],[-59.470101210392748,-34.424674836230089],[-59.469774862529093,-34.424673421850883],[-59.469769740324487,-34.425484708858605],[-59.469443389331282,-34.425483293565968],[-59.469455348178677,-34.423590290478835],[-59.46880266097093,-34.423587457480842],[-59.468804371388011,-34.423317028448686],[-59.468151686372806,-34.423314191996432],[-59.468149973854366,-34.423584621000025],[-59.467823630330322,-34.42358320145361],[-59.467818489485957,-34.424394488349257],[-59.467492142832612,-34.424393067889262],[-59.467497286829094,-34.423581781036496],[-59.46717094335073,-34.423580359748655],[-59.467172659021202,-34.423309930787951],[-59.466846316616397,-34.423308508643771],[-59.466848033314676,-34.423038079685284],[-59.466521691983381,-34.423036656684729],[-59.466523409709431,-34.422766227728523],[-59.466197069451702,-34.422764803871623],[-59.466200506936403,-34.422223945951693],[-59.465874168802827,-34.422222521252806],[-59.46587588856142,-34.421952092289096],[-59.46554955150139,-34.421950666733913],[-59.465551272287662,-34.421680237772492],[-59.465877608297113,-34.421681663313336],[-59.465891365357493,-34.419518231073283],[-59.46621769298558,-34.419519655628839],[-59.466221129920591,-34.418978797419619],[-59.465894804393422,-34.418977372892741],[-59.465898243337676,-34.418436514663988],[-59.465571919934291,-34.418435089295265],[-59.465575360887733,-34.417894231046979],[-59.465249039608082,-34.417892804836463],[-59.465250761100783,-34.417622375708568],[-59.46492444089445,-34.417620948641911],[-59.464926163414589,-34.417350519516333],[-59.464599844281594,-34.417349091593536],[-59.46460501485528,-34.416537804187612],[-59.46427869889628,-34.41653637543746],[-59.46428042342523,-34.416265946292427],[-59.463954108539532,-34.416264516686176],[-59.463955834095792,-34.415994087543496],[-59.463629520283391,-34.415992657081205],[-59.463631246866939,-34.41572222794084],[-59.463304934127834,-34.415720796622523],[-59.463306661738635,-34.415450367484517],[-59.462654038430045,-34.415447502265401],[-59.462655768118353,-34.415177073144164],[-59.462003147002484,-34.415174204472201],[-59.462004878768212,-34.414903775367812],[-59.461678569295138,-34.414902339740657],[-59.46168030208802,-34.41463191063864],[-59.461353993688256,-34.414630474155537],[-59.461355727508263,-34.414360045055915],[-59.460703112878505,-34.414357169507433],[-59.460704848775798,-34.414086740424715],[-59.460052236338974,-34.41408386142367],[-59.46005397431351,-34.413813432357848],[-59.458422448877968,-34.413806219696163],[-59.458424192080194,-34.413535790690908],[-59.456792672476269,-34.413528556342754],[-59.456790924023203,-34.413798985275228],[-59.455812009389859,-34.413794634178217],[-59.455810257762963,-34.414065063054856],[-59.454831340189187,-34.414060704080676],[-59.454829585388353,-34.414331132901374],[-59.454503278526985,-34.414329678154573],[-59.454499766754736,-34.414870535730543],[-59.454173457816346,-34.41486908008406],[-59.454175214764383,-34.414598651316759],[-59.453848906899623,-34.414597194814554],[-59.453852422825861,-34.414056337273109],[-59.453199811367448,-34.414053421716169],[-59.453201571395773,-34.413782992956691],[-59.453854180753837,-34.413785908484293],[-59.453855938658393,-34.413515479683412],[-59.453203331400651,-34.413512564185176],[-59.453205091382074,-34.413242135401589],[-59.450268369336243,-34.413228972709227],[-59.450266599903479,-34.413499401360333],[-59.449940296521504,-34.41349793447246],[-59.449938526015004,-34.413768363096757],[-59.451243743884959,-34.41377422548512],[-59.451241977555554,-34.414044654156349],[-59.45058936647311,-34.41404172467341],[-59.450582292518419,-34.415123439119824],[-59.45090860224871,-34.41512490435548],[-59.450903299686011,-34.415936190107935],[-59.451229612590652,-34.415937654517371],[-59.451226079531644,-34.416478511654844],[-59.451552394560409,-34.416479975223318],[-59.451550629045904,-34.416750403788697],[-59.45187694514852,-34.416751866501414],[-59.451873416149617,-34.417292723625472],[-59.452199734376421,-34.417294185497148],[-59.452197970892051,-34.417564614055799],[-59.453503248235563,-34.417570452896506],[-59.453501488929199,-34.417840881501846],[-59.453827809374104,-34.417842339050473],[-59.453826051094666,-34.418112767658428],[-59.453499729599372,-34.418111310095142],[-59.453497970246111,-34.418381738676374],[-59.453171647723863,-34.418380280227893],[-59.453166366372102,-34.419191565855215],[-59.453492692045629,-34.41919302434772],[-59.453490932598577,-34.419463452880734],[-59.453817259346025,-34.419464910517355],[-59.453813742482531,-34.420005767576534],[-59.454140071354374,-34.420007224371929],[-59.454138313937975,-34.4202776528981],[-59.454464643883739,-34.420279108837562],[-59.454462887494422,-34.420549537366306],[-59.454789218514101,-34.420550992449868],[-59.454787463151916,-34.420821420981206],[-59.455440127362515,-34.420824328565793],[-59.455443633861393,-34.420283471432533],[-59.4557699639007,-34.42028492388971],[-59.455773468205109,-34.419744066679002],[-59.455447140266813,-34.419742614251064],[-59.455450646578768,-34.419201757021355],[-59.455776972416139,-34.419203209420054],[-59.455775220322316,-34.41947363805555],[-59.456101547233509,-34.419475089598315],[-59.456099796166775,-34.419745518236368],[-59.456752452160103,-34.419748418739445],[-59.456750703171025,-34.420018847394608],[-59.457077032253153,-34.420020296354885],[-59.457073536306105,-34.420561153658227],[-59.457399867512521,-34.420562601777085],[-59.457396373573374,-34.421103459061349],[-59.457722706904171,-34.421104906338734],[-59.457720960950233,-34.421375334977355],[-59.45837362978272,-34.421378226949393],[-59.458375373635548,-34.421107798281682],[-59.458701707036091,-34.421109242947232],[-59.458699964233837,-34.421379671629495],[-59.459352633205739,-34.42138255837785],[-59.459354373906883,-34.42111212966654],[-59.459680707377075,-34.421113571720284],[-59.459682447004461,-34.42084314298242],[-59.460008779447286,-34.420844584151027],[-59.460010518000963,-34.42057415538661],[-59.460336849416422,-34.420575595670144],[-59.460338586896398,-34.420305166879167],[-59.460012256531471,-34.420303726610108],[-59.4600139950388,-34.420033297821583],[-59.460666653690829,-34.420036177460105],[-59.460664917284497,-34.42030660627762],[-59.460991247695738,-34.420308044805509],[-59.460987776914727,-34.420848902433328],[-59.461314109450157,-34.420850340119564],[-59.461310640677745,-34.421391197728099],[-59.460984306041233,-34.421389760012943],[-59.460986041489541,-34.421119331229157],[-59.460659707926702,-34.421117892657854],[-59.460657971427814,-34.421388321427159],[-59.46033163683753,-34.421386881970761],[-59.460329899264948,-34.421657310713513],[-59.460003563647255,-34.421655870372007],[-59.460001825000909,-34.421926299088206],[-59.460328161669189,-34.421927739444222],[-59.460326424050244,-34.422198168162858],[-59.460652761792296,-34.422199607662726],[-59.460649288586239,-34.422740465092815],[-59.460975628452658,-34.422741903750975],[-59.460970421621987,-34.423553189849123],[-59.461623107728194,-34.423556064640252],[-59.461621374173085,-34.423826493344464],[-59.461947718311549,-34.42382792944845],[-59.461945985784041,-34.424098358155049],[-59.462272330996285,-34.424099793402789],[-59.462270599496399,-34.424370222111754],[-59.462923292091538,-34.424373090023963],[-59.462921562670061,-34.424643518749761],[-59.463247910052957,-34.424644951414194],[-59.463246181659166,-34.424915380142345],[-59.463572530115812,-34.424916811950482],[-59.463570802749764,-34.425187240680977],[-59.464223501833651,-34.425190101713824],[-59.464221776546118,-34.425460530461059],[-59.464548127173344,-34.425461959685776],[-59.464546402913612,-34.425732388435307],[-59.465199106338567,-34.42573524430118],[-59.465195661953402,-34.426276101821607],[-59.465848369673409,-34.426278954261853],[-59.46584664954807,-34.426549383032686],[-59.466173004493292,-34.426550807960972],[-59.466169566275553,-34.427091665495148],[-59.466822280438151,-34.427094512796657],[-59.466820563396652,-34.427364941574311],[-59.467146921563163,-34.427366363933182],[-59.467143489513347,-34.427907221480943],[-59.468122570455392,-34.427911483418427],[-59.468120857548939,-34.428181912217127],[-59.468447218959554,-34.428183331135564],[-59.468442083256072,-34.428994617502106],[-59.468115718692616,-34.428993198540844],[-59.468114005694837,-34.429263627291306],[-59.468440371309285,-34.429265046266842],[-59.468438659339668,-34.429535475019541],[-59.469091392738932,-34.429538310386526],[-59.469093102606571,-34.429267881605327],[-59.470072199723369,-34.429272128081443],[-59.470073906415273,-34.429001699245461],[-59.470400271115423,-34.429003112981519],[-59.470401976733612,-34.42873268411924],[-59.470728340405515,-34.428734096970231],[-59.470726635838275,-34.4290045258467],[-59.471053000583858,-34.429005937841033],[-59.4710564075937,-34.42846508004758],[-59.473014583931928,-34.428473533555177],[-59.473011189533594,-34.429014391518763],[-59.472684824652006,-34.42901298474964],[-59.472683126367933,-34.429283413699189],[-59.472356760457998,-34.429282006045035],[-59.472355061100288,-34.429552434968379],[-59.472028694162006,-34.429551026429188],[-59.472026993730658,-34.429821455326298],[-59.471700625764029,-34.429820045902034],[-59.471695521180884,-34.430631332478512],[-59.471369150083817,-34.430629922140774],[-59.471365744812871,-34.431170779769765],[-59.47103937163638,-34.431169368532721],[-59.47104107533427,-34.430898939738455],[-59.47038833115154,-34.430896114679953],[-59.470384919528698,-34.431436972199599],[-59.470058545369284,-34.431435558335508],[-59.470056838472658,-34.431705987063012],[-59.469730463284854,-34.431704572313741],[-59.469727047321115,-34.432245429704118],[-59.469400670053837,-34.432244014055406],[-59.46940237909822,-34.431973585380483],[-59.469076002904849,-34.431972168875049],[-59.469074292809339,-34.432242597535712],[-59.46874791558762,-34.432241180145063],[-59.468744493225927,-34.432782037401708],[-59.469070872549949,-34.432783454820907],[-59.46906916238607,-34.433053883445403],[-59.469395542784049,-34.433055300007844],[-59.469393833648567,-34.433325728634557],[-59.46972021512051,-34.433327144340247],[-59.46971850701344,-34.43359757296912],[-59.470371272128027,-34.433600401795943],[-59.470372978132673,-34.433329973138605],[-59.471025741235785,-34.433332798452923],[-59.47102744511534,-34.433062369755085],[-59.472006586786684,-34.433066601151424],[-59.472008287489999,-34.432796172398973],[-59.472334667041295,-34.432797581108233],[-59.472336366670781,-34.432527152329548],[-59.47266274519356,-34.432528560153663],[-59.472661046615229,-34.432798988946509],[-59.472987426211816,-34.432800395913809],[-59.472984031089609,-34.433341253491669],[-59.473310412811188,-34.433342659616251],[-59.473307019700918,-34.433883517174202],[-59.47298063587693,-34.433882111021319],[-59.472978938236658,-34.43415253976805],[-59.472652553384037,-34.43415113272998],[-59.472650854669901,-34.434421561450506],[-59.471345311281041,-34.434415924531152],[-59.471343608339204,-34.434686353182904],[-59.471017221497434,-34.434684941761262],[-59.471015517481639,-34.434955370386781],[-59.470689129611294,-34.434953958079866],[-59.470687424521515,-34.435224386679103],[-59.470361035622609,-34.435222973486916],[-59.47035762327225,-34.4357638306208],[-59.470031232293479,-34.43576241652908],[-59.470027817749497,-34.436303273586283],[-59.469701424690797,-34.436301858594994],[-59.46969800795307,-34.436842715575523],[-59.469371612814427,-34.436841299684644],[-59.469366484382896,-34.437652585022263],[-59.470019280991373,-34.437655416018302],[-59.470015866128826,-34.438196272906751],[-59.47066866703404,-34.43819910047511],[-59.47066696167154,-34.438469528929687],[-59.471646166354141,-34.438473763791087],[-59.471644464123322,-34.438744192276197],[-59.47131806148829,-34.438742781512723],[-59.471316358183323,-34.439013209971591],[-59.470989954519489,-34.439011798322738],[-59.47099165887596,-34.438741369878045],[-59.470665256286331,-34.438739957372206],[-59.470663550878385,-34.439010385802646],[-59.470010743664375,-34.439007558148965],[-59.470012451175293,-34.438737129746947],[-59.469686048653884,-34.438735714627541],[-59.469684340091497,-34.43900614301532],[-59.469357936541378,-34.439004727010492],[-59.46935964615524,-34.438734298636959],[-59.468706841226357,-34.438731464042228],[-59.468708552920369,-34.438461035685158],[-59.468382151541604,-34.438459617095297],[-59.468380438796117,-34.438730045438106],[-59.467727634004135,-34.438727205616274],[-59.467725919132853,-34.438997633918454],[-59.467073112329324,-34.438994790583287],[-59.467071395332205,-34.439265218844817],[-59.466744990913263,-34.439263795856128],[-59.466743272841768,-34.439534224091275],[-59.466416867394209,-34.43953280021708],[-59.466415148248288,-34.439803228425831],[-59.465762335318871,-34.439800378035123],[-59.465760614046992,-34.440070806203153],[-59.464781391670336,-34.440066524039885],[-59.464779667220867,-34.440336952152776],[-59.464126850314891,-34.440334092992387],[-59.464125123739308,-34.440604521064458],[-59.463472304822254,-34.440601658390328],[-59.463474033500958,-34.440331230347063],[-59.462821216779155,-34.440328364216811],[-59.462816024364507,-34.441139648223924],[-59.462489612883481,-34.441138213808657],[-59.462482685134511,-34.442219925591623],[-59.462809100822021,-34.442221360064607],[-59.462807369878746,-34.442491787994641],[-59.463133786640981,-34.442493221610754],[-59.463132056726295,-34.442763649543146],[-59.46378489242327,-34.442766514190282],[-59.463783164588897,-34.443036942139436],[-59.465088840465782,-34.443042661035513],[-59.465087116815198,-34.443313089030127],[-59.465413536893578,-34.443314516590213],[-59.465415259492453,-34.443044088581225],[-59.465741678542088,-34.443045515255641],[-59.465739956994909,-34.443315943278968],[-59.466392797266408,-34.443318794042476],[-59.46639107779972,-34.443589222082423],[-59.467370341533915,-34.443593491735669],[-59.467368625199512,-34.443863919806518],[-59.467695047541746,-34.44386534129589],[-59.467693332236202,-34.444135769368984],[-59.468346179092727,-34.444138609762241],[-59.468344465867837,-34.444409037851855],[-59.468670890382107,-34.444410456755719],[-59.468669178186182,-34.444680884847557],[-59.469648455021179,-34.444685136373707],[-59.469645036871633,-34.44522599260673],[-59.469971464632465,-34.445227408067858],[-59.469969756575345,-34.445497836180508],[-59.470296185410767,-34.445499250784465],[-59.470294478382705,-34.445769678899289],[-59.470620908292702,-34.445771092646055],[-59.470619202293754,-34.446041520763067],[-59.470945633278319,-34.446042933652635],[-59.470942223315966,-34.4465837898789],[-59.471268656426972,-34.446585201925458],[-59.471266952463623,-34.446855630034705],[-59.471593386649239,-34.446857041224021],[-59.471595089560729,-34.446586613100578],[-59.471921522717146,-34.446588023404267],[-59.471919820857558,-34.446858451541907],[-59.472899123618546,-34.446862677266815],[-59.472895726142774,-34.447403533590901],[-59.471589980758182,-34.447397897434747],[-59.471591683715054,-34.447127469335406],[-59.471265248477529,-34.4471260581319],[-59.471263544468734,-34.447396486217031],[-59.470937108201994,-34.447395074127861],[-59.470938813262705,-34.447124646056935],[-59.470612378070591,-34.44712323311051],[-59.470614084160509,-34.446852805041729],[-59.469961215948331,-34.44684997656298],[-59.469962924119251,-34.446579548510591],[-59.469310058101911,-34.446576716574519],[-59.469311768353833,-34.446306288538587],[-59.46898533643121,-34.446304871277668],[-59.46898704771219,-34.44603444324391],[-59.468660616864256,-34.446033025125814],[-59.468662329174272,-34.445762597094273],[-59.468009469650518,-34.445759758272381],[-59.468011184041401,-34.445489330257345],[-59.467684755365624,-34.445487909553577],[-59.467686470785452,-34.445217481540766],[-59.46703361560612,-34.445214637547643],[-59.467035333106715,-34.444944209551394],[-59.46638248012254,-34.444941362101346],[-59.466380760518348,-34.445211790068953],[-59.466054333008834,-34.445210365022504],[-59.466052612329918,-34.445480792963721],[-59.465726183791503,-34.44547936703156],[-59.46572790552225,-34.445208939104681],[-59.465075050617912,-34.445206084654856],[-59.465073326783546,-34.445476512553014],[-59.464746898314026,-34.445475084006645],[-59.464745173404857,-34.445745511878364],[-59.463765884978784,-34.445741220967683],[-59.46376242878042,-34.446282076588645],[-59.463435997247394,-34.446280644513436],[-59.46343426806181,-34.446551072291435],[-59.463760700646702,-34.446552504381032],[-59.463758972489941,-34.446822932161353],[-59.463106105239447,-34.446820067081916],[-59.463104374955869,-34.447090494821353],[-59.462777940313302,-34.447089060960053],[-59.462776208954743,-34.447359488673015],[-59.462449773283353,-34.447358053925825],[-59.462453238081196,-34.44681719851669],[-59.462779671648775,-34.446818633235033],[-59.4627831342505,-34.446277777748804],[-59.463109565737433,-34.446279211566832],[-59.463111295951833,-34.446008783791207],[-59.463437726409957,-34.446010216723401],[-59.463439455549462,-34.445739788921315],[-59.461807308748767,-34.445732615618326],[-59.461809043124369,-34.445462187876338],[-59.463114756311462,-34.44546792820379],[-59.463116486456691,-34.445197500391977],[-59.463442913759351,-34.445198933280928],[-59.463441184665925,-34.445469361107158],[-59.464420469867477,-34.445473654588874],[-59.464423921720446,-34.444932798838003],[-59.46409749540053,-34.444931368577599],[-59.464100949265053,-34.444390512807281],[-59.463448100901353,-34.444387649729961],[-59.463446371877062,-34.444658077592351],[-59.463119946677999,-34.444656644732206],[-59.463121676754078,-34.444386216884233],[-59.462795252629832,-34.444384783167166],[-59.462796983734584,-34.444114355321538],[-59.462144137658868,-34.44411148530218],[-59.46214760400612,-34.443570629632504],[-59.461494762229705,-34.443567756185544],[-59.461496497472126,-34.443297328361545],[-59.459211559345832,-34.443287243951502],[-59.459209816741449,-34.443557671674071],[-59.458230554737391,-34.443553336670554],[-59.458228808954601,-34.443823764337459],[-59.45757596563142,-34.443820869949313],[-59.457574217721898,-34.444091297575028],[-59.456921372388415,-34.444088399672374],[-59.456917872292479,-34.44462925482933],[-59.456591447557194,-34.444627804541788],[-59.456584442878217,-34.445709514652599],[-59.456258013959079,-34.445708063435305],[-59.45625275704927,-34.446519345847975],[-59.455926324997932,-34.446517893715445],[-59.455924571596078,-34.446788321147615],[-59.456577437825835,-34.446791224570433],[-59.456575686504408,-34.447061652019741],[-59.455596384039126,-34.447057295534535],[-59.455592875014766,-34.447598150309318],[-59.454940002613839,-34.447595241570092],[-59.454941759241542,-34.447324814217993],[-59.454615324128099,-34.447323358555828],[-59.454617081784292,-34.447052931206308],[-59.454290647746163,-34.447051474687335],[-59.454295923729859,-34.446240192610368],[-59.453969492870797,-34.44623873526394],[-59.453976531394879,-34.445157025717748],[-59.453650104766581,-34.445155567558565],[-59.453651865390761,-34.444885140156551],[-59.453978290967292,-34.444886598301068],[-59.453987088477582,-34.443534461036634],[-59.453007827594611,-34.443530084209137],[-59.453009590181445,-34.443259656764106],[-59.452683170985786,-34.443258196093637],[-59.452684934600825,-34.442987768651243],[-59.452358516480366,-34.442986307124158],[-59.452360281123553,-34.4427158796844],[-59.452033864078288,-34.442714417300699],[-59.452037395397454,-34.442173562414418],[-59.451710980479028,-34.442172099188866],[-59.451714513807325,-34.441631244283776],[-59.451388101015688,-34.441629780216395],[-59.451389868696133,-34.441359352760486],[-59.451063456979661,-34.441357887836567],[-59.451065225688133,-34.441087460383336],[-59.450412404429088,-34.441084527951254],[-59.450415945981597,-34.440543673067602],[-59.450089537490612,-34.440542205574197],[-59.450091309283025,-34.440271778129045],[-59.449764901867184,-34.440270309779194],[-59.449768447484225,-34.439729454882233],[-59.449442042195066,-34.439727985690723],[-59.449443816019652,-34.439457558238942],[-59.449117411805638,-34.439456088191008],[-59.449120961486869,-34.43891523328081],[-59.448794559399474,-34.43891376239128],[-59.448796335256077,-34.438643334932898],[-59.448469934243811,-34.438641863186987],[-59.448471711128178,-34.438371435731341],[-59.447818911277608,-34.438368489655645],[-59.447817132290325,-34.438638917081661],[-59.447490731349149,-34.438637442722253],[-59.447488951286715,-34.438907870121348],[-59.446836147372593,-34.438904918759299],[-59.446834365183491,-34.43917534611667],[-59.446507962210568,-34.439173869114008],[-59.44650617894623,-34.439444296444456],[-59.446179774945591,-34.439442818555754],[-59.446177990605968,-34.439713245859245],[-59.445851585577621,-34.439711767084475],[-59.445848014723992,-34.440252621625525],[-59.445521607616378,-34.440251141949773],[-59.445519821102351,-34.440521569187332],[-59.445193412966987,-34.440520088625469],[-59.445189837764353,-34.441060943034572],[-59.444863427549699,-34.441059461571676],[-59.444861638861063,-34.441329888743226],[-59.444535227618672,-34.44132840639417],[-59.444531648066665,-34.441869260671268],[-59.444205234744899,-34.441867777421116],[-59.444203443881491,-34.442138204526643],[-59.44387702953199,-34.442136720390288],[-59.443871653643612,-34.442948001589727],[-59.443545236163004,-34.442946516537248],[-59.443543443100779,-34.443216943564657],[-59.443217024592386,-34.443215457625953],[-59.443215230454555,-34.443485884626327],[-59.44354165001463,-34.443487370580009],[-59.443539856904614,-34.443757797583288],[-59.443213436292815,-34.443756311614663],[-59.44321164210718,-34.444026738590949],[-59.442885220467581,-34.444025251736036],[-59.44288342520629,-34.444295678685286],[-59.44320984789762,-34.444297165555149],[-59.443206259406765,-34.444838019447367],[-59.442879834611929,-34.444836532547583],[-59.442881629921068,-34.444566105622449],[-59.442555206201902,-34.444564617866298],[-59.442551613456139,-34.445105471674509],[-59.442225187657378,-34.445103983017027],[-59.442223390196801,-34.445374409888075],[-59.441896963370191,-34.445372920344226],[-59.44189336627354,-34.445913774020156],[-59.441566937367277,-34.44591228357492],[-59.441563338071084,-34.446453137172604],[-59.441236907085106,-34.446451645825988],[-59.441235106349161,-34.446722072591733],[-59.440908674335333,-34.446720580358651],[-59.440906872523534,-34.446991007097331],[-59.439927573470541,-34.446986525124494],[-59.43993659806717,-34.44563439153594],[-59.440263025801563,-34.445635886323146],[-59.440268437115556,-34.444824605980116],[-59.440594861718623,-34.444826099850836],[-59.440596664390121,-34.444555673030671],[-59.440270240838821,-34.444554179174979],[-59.440272044538034,-34.444283752357777],[-59.440598467037589,-34.44428524619844],[-59.440605677387225,-34.443203538748861],[-59.441258514044662,-34.443206523696013],[-59.441260314468664,-34.442936096773444],[-59.440933897179619,-34.442934604750519],[-59.440935698631293,-34.442664177830878],[-59.441262114868664,-34.442665669838789],[-59.441263915244683,-34.442395242892061],[-59.44159033045441,-34.442396734013677],[-59.441595728283616,-34.441585453056135],[-59.441922140362458,-34.441586943261484],[-59.441923938539297,-34.441316516236505],[-59.442250349590495,-34.441318005555601],[-59.442252146691814,-34.441047578503593],[-59.442578556715368,-34.441049066936458],[-59.44258035274116,-34.440778639857427],[-59.442253943769181,-34.440777151439526],[-59.442255740822574,-34.440506724363381],[-59.442908556687399,-34.440509700297994],[-59.442910351613776,-34.440239273179849],[-59.443236758530524,-34.440240759825372],[-59.443240346208498,-34.439699905522978],[-59.443566751046113,-34.43970139126737],[-59.443570336525482,-34.439160536886831],[-59.443896739284,-34.439162021730155],[-59.443902114169482,-34.438350740024056],[-59.444228513797505,-34.438352223951405],[-59.44423209483228,-34.437811369390502],[-59.444558492381326,-34.43781285241684],[-59.444560281811519,-34.437542425103373],[-59.444886678332999,-34.437543907243672],[-59.444890255019075,-34.437003052550708],[-59.445216649461642,-34.437004533790066],[-59.445223798342454,-34.435922824199814],[-59.444897408105255,-34.435921343020063],[-59.444899196317216,-34.435650915607248],[-59.444572807155154,-34.435649433571335],[-59.444574596394574,-34.435379006161369],[-59.44490098450536,-34.435380488182382],[-59.444902772669664,-34.435110060745423],[-59.445229159752984,-34.435111541880467],[-59.44523094684218,-34.434841114416571],[-59.44490456081013,-34.434839633296434],[-59.444906348926771,-34.434569205835352],[-59.445232733907581,-34.434570686940589],[-59.445238094960885,-34.433759404440316],[-59.444911713133742,-34.433757923379787],[-59.444909925088581,-34.434028350877036],[-59.44360439381358,-34.434022417865116],[-59.443602601539695,-34.434292845290614],[-59.442949833943011,-34.434289873528648],[-59.442944450670623,-34.435101155643061],[-59.442618063754395,-34.435099668410643],[-59.44261626823117,-34.435370095743039],[-59.441963492367975,-34.435367118635099],[-59.441967087595579,-34.434826264018184],[-59.441314316033271,-34.434823283485962],[-59.441310716600604,-34.435364138042928],[-59.440984328752883,-34.435362646440247],[-59.44098612953249,-34.435092219182806],[-59.44065974276004,-34.435090726724077],[-59.440657940929157,-34.435361153966511],[-59.440005165353782,-34.435358166405841],[-59.440003361396329,-34.43562859360614],[-59.439676972593418,-34.435627098504185],[-59.439675167560623,-34.435897525677362],[-59.439022387924332,-34.435894532830119],[-59.439020580764854,-34.436164959961147],[-59.438694189931539,-34.436163462215845],[-59.438692381696647,-34.436433889319723],[-59.438365989836086,-34.436432390688267],[-59.438367799122304,-34.436161963599467],[-59.438041408337185,-34.436160464111971],[-59.438039597999648,-34.436430891185701],[-59.437713206187311,-34.436429390812044],[-59.437707771875871,-34.437240671915553],[-59.437054982015553,-34.437237668464313],[-59.437053168427376,-34.437508095444464],[-59.436726772482061,-34.437506592397057],[-59.436724957818306,-34.437777019350015],[-59.436398560845795,-34.437775515416327],[-59.43639674510645,-34.438045942342093],[-59.436070347106721,-34.438044437522159],[-59.436068530291763,-34.438314864420718],[-59.435742131264824,-34.43831335871446],[-59.435738495459375,-34.438854212445101],[-59.435412094353779,-34.438852705837398],[-59.435408456348483,-34.439393559489453],[-59.43508205316418,-34.439392051980235],[-59.435080233073684,-34.439662478772995],[-59.434427424674894,-34.439659461110637],[-59.434425602457125,-34.439929887860984],[-59.434099197242652,-34.439928377707808],[-59.434093727289024,-34.440739657840851],[-59.434746544051478,-34.440742677367098],[-59.434742901500506,-34.441283530789562],[-59.435395722566291,-34.441286546891568],[-59.435393903357586,-34.44155697361505],[-59.435720314978447,-34.441558480374333],[-59.435716678591518,-34.442099333815385],[-59.43604309233983,-34.442100839733705],[-59.436041275161656,-34.442371266451289],[-59.435388445585978,-34.442368253713042],[-59.435390264867443,-34.442097827025769],[-59.435063851167591,-34.4420963193649],[-59.435067491760968,-34.441555465984493],[-59.434414668640535,-34.441552448109618],[-59.434416491004008,-34.441282021431675],[-59.433763670083891,-34.441279000102178],[-59.433765494526227,-34.441008573442566],[-59.433439085154191,-34.44100706148614],[-59.433440910623794,-34.440736634829676],[-59.432788094055859,-34.440733608333588],[-59.432786266483149,-34.441004034959604],[-59.432133447909507,-34.441001004948099],[-59.432129788484708,-34.441541858102973],[-59.432456199862493,-34.441543373574845],[-59.432454371165122,-34.441813800149426],[-59.432127958735734,-34.441812284662312],[-59.432122469342495,-34.442623564267926],[-59.432448884926778,-34.442625079800777],[-59.432443398469097,-34.443436359343508],[-59.432116979729798,-34.443434843764919],[-59.432115149810116,-34.443705270239782],[-59.431788730043529,-34.443703753774621],[-59.431790561014893,-34.443433327315013],[-59.43146414232438,-34.443431809993797],[-59.431465974323054,-34.443161383537387],[-59.431139556708636,-34.443159865360109],[-59.431141389734535,-34.442889438906917],[-59.430814973196242,-34.442887919873627],[-59.430816807249371,-34.442617493423626],[-59.431143222736033,-34.442619012441632],[-59.431145055713081,-34.442348585964289],[-59.431471470172525,-34.442350104095738],[-59.431475133950116,-34.441809251074311],[-59.431801546330725,-34.441810768303945],[-59.43180520790748,-34.441269915203698],[-59.430825977148451,-34.441265360992631],[-59.430824143217521,-34.441535787502978],[-59.430497731961786,-34.441534267674839],[-59.43049589695481,-34.441804694157803],[-59.430169484671943,-34.441803173443098],[-59.430160304012034,-34.443155305600477],[-59.430486721553123,-34.443156826391657],[-59.43048488639942,-34.443427252802245],[-59.43081130501664,-34.443428772737398],[-59.430807636739267,-34.443969625552931],[-59.431134057484336,-34.443971144647335],[-59.431132224360709,-34.444241571052281],[-59.432111489897615,-34.44424612315332],[-59.432109659904782,-34.444516549591974],[-59.432436082850963,-34.444518065231556],[-59.43243791179205,-34.444247638777647],[-59.43276433371085,-34.444249153530613],[-59.432767989416469,-34.443708300556111],[-59.433094409256192,-34.443709814407313],[-59.433096236020781,-34.44343938788672],[-59.433422654833144,-34.443440900851343],[-59.433415351835656,-34.444522606922156],[-59.43406819794712,-34.444525630359117],[-59.434064550509454,-34.445066483382931],[-59.434390975705185,-34.445067993824772],[-59.434389153001668,-34.44533842033379],[-59.434062726754163,-34.445336909876751],[-59.434059079170673,-34.445877762828168],[-59.434385507521803,-34.44587927331559],[-59.434381861944736,-34.446420126249144],[-59.434055431489945,-34.446418615731332],[-59.43405360761313,-34.446689042164806],[-59.433727176130809,-34.44668753076035],[-59.433725351177806,-34.446957957166553],[-59.434051783712015,-34.446959468586194],[-59.434044487864462,-34.448041174151143],[-59.433718051122632,-34.448039662670702],[-59.433716226048034,-34.448310089016573],[-59.432084037444326,-34.448302518466136],[-59.432091358635098,-34.447220813314878],[-59.432417792099464,-34.447222329106921],[-59.432419621284303,-34.446951902773684],[-59.432746053721146,-34.446953417679062],[-59.432757022007301,-34.44533085933481],[-59.432430595881442,-34.445329344520857],[-59.432432424895659,-34.445058918103157],[-59.432105999845959,-34.4450574024331],[-59.432107829887585,-34.44478697601857],[-59.430475710264041,-34.444779384674064],[-59.430477545540022,-34.44450895832383],[-59.429824699965224,-34.444505915717123],[-59.429826537320238,-34.444235489385413],[-59.429500115621302,-34.444233966790357],[-59.429501954003548,-34.443963540461915],[-59.429175533380828,-34.443962017010826],[-59.429177372790278,-34.443691590685646],[-59.429503792361295,-34.443693114121402],[-59.429505630694536,-34.443422687768823],[-59.42983204923835,-34.44342421031795],[-59.42983388649543,-34.44315378393798],[-59.429181051535657,-34.443150737999083],[-59.429182890871587,-34.442880311637687],[-59.429509307287546,-34.442881835027478],[-59.429511145547302,-34.442611408638683],[-59.429184730183017,-34.442609885264226],[-59.429186569469898,-34.442339458878699],[-59.42853374091812,-34.442336409546591],[-59.42853558228375,-34.442065983179674],[-59.427882755933361,-34.442062930393156],[-59.427873538343249,-34.443415061953502],[-59.427547119946631,-34.443413534176486],[-59.427548964565489,-34.443143107903921],[-59.42722254724513,-34.443141579270971],[-59.427228084109103,-34.442330300427017],[-59.426901669968316,-34.442328770968928],[-59.426905363191239,-34.441787918376704],[-59.425926127226248,-34.441783324867181],[-59.425929826660258,-34.441242472319111],[-59.425603416824387,-34.441240939437584],[-59.425605267555973,-34.440970513160863],[-59.424299632665523,-34.440964372984112],[-59.424301487578667,-34.440693946757101],[-59.423975079969374,-34.440692409550294],[-59.423973224004676,-34.440962835761852],[-59.423646815368556,-34.440961297668345],[-59.423650529376289,-34.440420445264117],[-59.423324122868031,-34.440418906330351],[-59.423327838879793,-34.439878053908828],[-59.423001434499305,-34.439876514134816],[-59.423005152515017,-34.439335661695978],[-59.422678750262264,-34.439334121081764],[-59.422680610284431,-34.439063694859755],[-59.422027807956248,-34.439060611048824],[-59.422029670056524,-34.43879018484575],[-59.420724069903855,-34.438784006832016],[-59.420722203597776,-34.439054432972931],[-59.421048604650125,-34.439055978798649],[-59.421041143383057,-34.440137683303824],[-59.421367548666211,-34.44013922832054],[-59.421360091207561,-34.441220932694748],[-59.421033681718249,-34.44121938761586],[-59.421031816239896,-34.441489813663679],[-59.420052584766488,-34.441485173152849],[-59.420050716108491,-34.441755599141928],[-59.419724304615556,-34.441754050546898],[-59.419720565121665,-34.442294902457689],[-59.420046978717828,-34.44229645108387],[-59.420041372445056,-34.443107728906242],[-59.420367789221054,-34.443109276707865],[-59.420365921465326,-34.443379702640087],[-59.420692339317888,-34.443381249585961],[-59.420688605835153,-34.443922101445331],[-59.42101502581599,-34.443923647551003],[-59.421005696932504,-34.445275777065916],[-59.420679271692947,-34.445274230882475],[-59.420677404789878,-34.445544656733688],[-59.420350978523423,-34.445543109663305],[-59.420349110543675,-34.445813535486899],[-59.420022683250309,-34.445811987529574],[-59.420024552281873,-34.445541561721555],[-59.419698126065214,-34.445540012908417],[-59.419699996123647,-34.445269587103923],[-59.419047145868674,-34.445266486894688],[-59.41904901800573,-34.444996061109286],[-59.4183961699541,-34.44499295744582],[-59.418394295713512,-34.445263383199979],[-59.41806787067339,-34.445261830045581],[-59.418069745965745,-34.444991404307039],[-59.417743322002387,-34.444989850296885],[-59.417741445658258,-34.445260276019788],[-59.417088595703014,-34.445257165354143],[-59.417092352573313,-34.44471631395885],[-59.416765929736755,-34.444714757350276],[-59.416767809186084,-34.444444331650168],[-59.416441387426325,-34.44444277418593],[-59.416447028779203,-34.443631497060181],[-59.416120610199627,-34.443629938771615],[-59.416126254481973,-34.442818661584269],[-59.415799839082474,-34.44281710247143],[-59.415803603915279,-34.442276250984207],[-59.415477190644147,-34.442274691031464],[-59.415480957479815,-34.441733839527338],[-59.415154546336986,-34.441732278734747],[-59.415156430768754,-34.441461852980275],[-59.414830020702624,-34.441460291332142],[-59.414831906160842,-34.4411898655813],[-59.414505497171405,-34.441188303077638],[-59.414507383656066,-34.440917877330456],[-59.414180975743321,-34.440916313971279],[-59.414182863254375,-34.440645888227742],[-59.413203642821742,-34.440641192970105],[-59.413201752156063,-34.440911618666412],[-59.412875344344016,-34.440910051822335],[-59.412873452601588,-34.441180477490796],[-59.41254704376319,-34.441178909759721],[-59.412545150943977,-34.44144933540035],[-59.412218741079236,-34.441447766782261],[-59.41220358920441,-34.443611171346326],[-59.411877170951875,-34.443609601730664],[-59.411867694951184,-34.444961729111867],[-59.41219411846231,-34.444963298806464],[-59.412188435714128,-34.445774575137662],[-59.411862009047667,-34.445773005395679],[-59.411860113695994,-34.446043430799506],[-59.411533686002961,-34.446041860170354],[-59.411531789574205,-34.44631228554627],[-59.410552503491402,-34.446307568383006],[-59.410554403075608,-34.446037143054532],[-59.409575120376076,-34.446032418096209],[-59.409577023090392,-34.44576199280317],[-59.407618464687147,-34.445752519454309],[-59.407616555662017,-34.446022944652036],[-59.407290128298634,-34.446021362694815],[-59.407288218196264,-34.446291787864546],[-59.406961789806523,-34.446290205020013],[-59.406959878626864,-34.44656063016172],[-59.406307019820147,-34.446557461826593],[-59.406305106511333,-34.446827886924389],[-59.405652245702925,-34.446824715071727],[-59.405650330264884,-34.447095140125519],[-59.404997467454898,-34.447091964755259],[-59.404995549887602,-34.447362389765047],[-59.40434268507606,-34.447359210877124],[-59.404340765379473,-34.447629635842858],[-59.403687898566488,-34.447626453437209],[-59.403685976740519,-34.44789687835884],[-59.403033107926198,-34.447893692435379],[-59.40303503185595,-34.447623267545779],[-59.403361465198415,-34.447624860927206],[-59.403363388050657,-34.447354436009505],[-59.403689820366843,-34.447356028503485],[-59.403691742141582,-34.447085603557689],[-59.404018173431531,-34.447087195164229],[-59.404020094128818,-34.446816770190331],[-59.404346524392508,-34.44681836090944],[-59.404352283175307,-34.446007085867329],[-59.404678710309113,-34.446008675667045],[-59.404682547266155,-34.445467825546601],[-59.40500897232193,-34.445469414442968],[-59.405010889710333,-34.445198989348647],[-59.405663737794995,-34.445202164495306],[-59.405665653054328,-34.444931739356981],[-59.406318499137562,-34.444934910986298],[-59.406320412267895,-34.44466448580399],[-59.406646834296019,-34.444666070295689],[-59.406648746349127,-34.444395645085351],[-59.406975167351007,-34.444397228689773],[-59.406978989277363,-34.443856378201019],[-59.407305408201296,-34.443857960902257],[-59.407314957313254,-34.442505834389493],[-59.406988543647621,-34.442504251767851],[-59.406994275964216,-34.441692975763061],[-59.406667865478873,-34.441691392317935],[-59.406669777251714,-34.441420966974768],[-59.406343367843427,-34.441419382674354],[-59.40634719341579,-34.440878531983692],[-59.406020786136089,-34.440876946843929],[-59.406024613709548,-34.440336096136868],[-59.40569820855842,-34.440334510157776],[-59.4057001233584,-34.440064084802096],[-59.405373719284277,-34.440062497967773],[-59.405375635110218,-34.439792072615973],[-59.405049232113122,-34.439790484926426],[-59.405053065791378,-34.439249634218562],[-59.404726664922762,-34.439248045689787],[-59.404730500601708,-34.438707194965566],[-59.40440410186153,-34.438705605597626],[-59.404406020714084,-34.438435180233377],[-59.404079623050897,-34.438433590010277],[-59.404081542929283,-34.438163164649971],[-59.403755146343094,-34.43816157357174],[-59.403760908978882,-34.437350297466374],[-59.403434515572414,-34.437348705565071],[-59.403436437451155,-34.43707828018848],[-59.403762829806283,-34.437079872073781],[-59.403772433559332,-34.435727744929643],[-59.404098820683529,-34.435729335863826],[-59.404102659903053,-34.435188484889629],[-59.403776274881373,-34.435186893987456],[-59.403783957218344,-34.434105191958203],[-59.40345757642713,-34.434103600249067],[-59.403459497998547,-34.433833174727582],[-59.403133118284117,-34.433831582163457],[-59.403135040881104,-34.433561156645943],[-59.402808662243459,-34.433559563226844],[-59.402810585865986,-34.433289137713274],[-59.402484208305133,-34.433287543439249],[-59.402486132953157,-34.43301711792963],[-59.401833380010665,-34.433013926800783],[-59.401835306735286,-34.432743501311201],[-59.400856180667539,-34.432738708133925],[-59.40085425078955,-34.433009133575268],[-59.400527874433934,-34.433007534091509],[-59.400525943479103,-34.433277959504707],[-59.399873188742802,-34.433274757892079],[-59.399871255659939,-34.433545183260968],[-59.399544877279268,-34.433543581132085],[-59.399535206222559,-34.434895707714858],[-59.399861589859178,-34.434897309924352],[-59.399859656621736,-34.435167735220787],[-59.400186041335346,-34.435169336575363],[-59.40018410912338,-34.435439761875855],[-59.400510494913981,-34.435441362375485],[-59.400508563727534,-34.435711787679999],[-59.400834950595133,-34.435713387324682],[-59.400831090247614,-34.436254237929681],[-59.401483868265089,-34.436257434670232],[-59.40148194015535,-34.436527859986768],[-59.401808330253935,-34.436529457066506],[-59.401806403169807,-34.436799882387042],[-59.403111968026124,-34.436806262059427],[-59.403110045121643,-34.437076687432068],[-59.402783652817774,-34.43707509380458],[-59.402781728836331,-34.437345519149105],[-59.402128942202786,-34.437342329248729],[-59.402127016092976,-34.437612754549086],[-59.40180062176335,-34.437611158276184],[-59.401792912861858,-34.43869285929263],[-59.402119311397065,-34.438694455629772],[-59.402115458895111,-34.439235306097679],[-59.402768260248259,-34.439238496222693],[-59.402764411849461,-34.439779346706466],[-59.403090814667465,-34.439780940494302],[-59.403083121768198,-34.440862641381081],[-59.402756714744186,-34.44086104752909],[-59.402752866037659,-34.441401897867969],[-59.402426456936176,-34.441400303112694],[-59.402424531492883,-34.441670728247963],[-59.402098121365498,-34.441669132605398],[-59.402096194844951,-34.441939557712558],[-59.401443372564032,-34.441936363781551],[-59.401445301187749,-34.441665938706549],[-59.400792481112795,-34.441662741322702],[-59.400794411813948,-34.441392316267773],[-59.400468002866646,-34.441390716285092],[-59.400469934593609,-34.441120291234171],[-59.400143526723582,-34.441118690396358],[-59.400145459476363,-34.440848265349473],[-59.39981905268364,-34.440846663656544],[-59.399817118879334,-34.441117088687299],[-59.399164303268122,-34.44111388265555],[-59.399160431375954,-34.44165473261635],[-59.39883402150592,-34.441653128261343],[-59.398830147407359,-34.442193978141532],[-59.398503735459983,-34.442192372883],[-59.398497920963656,-34.443003647564275],[-59.398824336065921,-34.443005252871266],[-59.39881658724925,-34.444086952341813],[-59.398163748657197,-34.444083740727329],[-59.398161809285078,-34.444354165532452],[-59.397182548435723,-34.444349341527293],[-59.397180605882603,-34.444619766271799],[-59.396527763342327,-34.444616545879335],[-59.396525818659846,-34.444886970579368],[-59.39522012968348,-34.444880519273468],[-59.3952220785729,-34.444610094638321],[-59.394895657445439,-34.444608479649723],[-59.394893707504295,-34.444878904268613],[-59.394567285351087,-34.444877288392433],[-59.394569236343948,-34.44460686378978],[-59.393916394218998,-34.444603629455912],[-59.393914441122668,-34.44487405402603],[-59.392608752978298,-34.444867574837076],[-59.392606795648952,-34.44513799932993],[-59.392933218697692,-34.445139620450483],[-59.39292343691865,-34.446491742815148],[-59.393249865252415,-34.446493363145848],[-59.393245954461968,-34.447034212039746],[-59.392593093613208,-34.44703097044173],[-59.392595051125127,-34.446760546033417],[-59.392268621791729,-34.446758923943612],[-59.392270580329388,-34.446488499539569],[-59.391944152073904,-34.446486876594655],[-59.39194611163731,-34.446216452194847],[-59.391619684459755,-34.446214828394886],[-59.391621645048822,-34.445944403999334],[-59.391295218949182,-34.445942779344335],[-59.391299142152505,-34.445401930549622],[-59.39097271818256,-34.445400305055983],[-59.390974680796766,-34.445129880656857],[-59.390648257904729,-34.445128254308209],[-59.390652185158146,-34.444587405506461],[-59.390325764395755,-34.44458577831918],[-59.390327729034915,-34.444315353916565],[-59.390001309350417,-34.444313725874323],[-59.390003275015104,-34.444043301475993],[-59.389350437828092,-34.444040042810343],[-59.389352405569959,-34.443769618432711],[-59.388373153141217,-34.443764723948597],[-59.388375124011844,-34.443494299608112],[-59.388048707639776,-34.443492666387236],[-59.388050679535823,-34.443222242051114],[-59.387724264241669,-34.443220607975363],[-59.387722291293983,-34.443491032295057],[-59.387395874974473,-34.443489397331575],[-59.387397848973826,-34.443218973028337],[-59.386745018517047,-34.443215700520419],[-59.386746994593373,-34.442945276238021],[-59.387073408756962,-34.442946912911168],[-59.387075383755317,-34.44267648860022],[-59.386422557557729,-34.442673214415613],[-59.386424534632987,-34.44240279012552],[-59.385771710644022,-34.442399512488798],[-59.385773689796125,-34.442129088219602],[-59.384794457165306,-34.442124165279594],[-59.384792474858408,-34.442394589499273],[-59.384466062982675,-34.442392946760258],[-59.384462096186418,-34.44293379513028],[-59.384135682233904,-34.442932151486929],[-59.384129728686311,-34.443743423901779],[-59.384456145793798,-34.443745067594726],[-59.384444244294812,-34.445367612197373],[-59.384770667738998,-34.445369255118194],[-59.384768685115084,-34.44563967919288],[-59.385095109637447,-34.445641321258854],[-59.38509114641392,-34.446182169405027],[-59.383785440068749,-34.446175595780659],[-59.383789411706537,-34.445634747766768],[-59.383462987289946,-34.445633102215325],[-59.383476894550711,-34.44374013390194],[-59.383150477522626,-34.443738487595077],[-59.383154452890729,-34.443197639429911],[-59.383480867815507,-34.443199285703663],[-59.383490800514217,-34.44184716499651],[-59.383817210207425,-34.441848810316202],[-59.383819195616205,-34.441578386121975],[-59.383492786974543,-34.441576740818832],[-59.383496759815777,-34.44103589242723],[-59.383170353303697,-34.441034246285973],[-59.383172340736124,-34.440763822088599],[-59.382193124513385,-34.440758878487287],[-59.382195115073863,-34.440488454327578],[-59.381215902244399,-34.44048350293523],[-59.381213908529411,-34.440753927045122],[-59.380887503254527,-34.44075227482201],[-59.380885508461446,-34.44102269890319],[-59.380559102161634,-34.441021045792233],[-59.380555110392628,-34.441561893885115],[-59.37990229366666,-34.441558584982999],[-59.379890305102109,-34.443181128771911],[-59.380216719761378,-34.443182783758473],[-59.38021472262573,-34.443453207697651],[-59.379888306914822,-34.44345155269442],[-59.379880313899392,-34.444533248263696],[-59.379553894008382,-34.444531592322576],[-59.379557892672743,-34.443990744595411],[-59.379231474911769,-34.44398908781627],[-59.379235475572898,-34.443448240074119],[-59.378909059941897,-34.443446582457021],[-59.378911061284114,-34.443176158584507],[-59.379237475863469,-34.443177816184907],[-59.379239476127381,-34.442907392283622],[-59.379565889681757,-34.442909048996107],[-59.37956788886742,-34.442638625066053],[-59.379241476364662,-34.442636968370266],[-59.379243476575262,-34.442366544444809],[-59.37956988802641,-34.442368201123941],[-59.379577884396028,-34.441286505234622],[-59.37990429166755,-34.441288160975866],[-59.379914281272647,-34.439936040759065],[-59.379261477271328,-34.439932728571954],[-59.379263477215382,-34.439662304525669],[-59.377631472936017,-34.439654008895729],[-59.377633478110688,-34.439383584920833],[-59.376980678688795,-34.439380260604139],[-59.376982685939602,-34.439109836650601],[-59.376003490161715,-34.439104843692107],[-59.37600147975661,-34.439375267595437],[-59.375348680602414,-34.439371934567191],[-59.375346668067628,-34.439642358424905],[-59.37142986278193,-34.439622286876464],[-59.371427837602845,-34.439892710520176],[-59.370448633733346,-34.439887672981222],[-59.370446605372877,-34.440158096562165],[-59.370773007687156,-34.440159776629869],[-59.37076895298808,-34.440700623789297],[-59.371095357432388,-34.44070230301962],[-59.371093331093824,-34.440972726598091],[-59.371746142166408,-34.440976082478919],[-59.371744117903908,-34.441246506079068],[-59.372070524532191,-34.441248182729517],[-59.372068501294265,-34.441518606334455],[-59.372394909001052,-34.441520282130575],[-59.372392886787701,-34.441790705740253],[-59.372719295572992,-34.441792380682031],[-59.372717274384264,-34.442062804296476],[-59.373043684248053,-34.442064478383834],[-59.373041664083978,-34.442334902003054],[-59.373368075026278,-34.442336575235984],[-59.373364036720552,-34.442877422471838],[-59.373690449792953,-34.442879094867173],[-59.373688431651367,-34.443149518483764],[-59.374667674184813,-34.443154530492599],[-59.374665659171228,-34.443424954147545],[-59.374992074454397,-34.443426623091398],[-59.374990060465635,-34.443697046751048],[-59.375316476827294,-34.443698714840387],[-59.375304398641248,-34.445321256645215],[-59.375630821339975,-34.445322923963886],[-59.375628809266821,-34.445593347572505],[-59.37595523304411,-34.44559501403657],[-59.375953221995907,-34.445865437649879],[-59.376279646851764,-34.445867103259346],[-59.37627763682854,-34.446137526877315],[-59.378889045052752,-34.446150820517687],[-59.378887043417123,-34.44642124425728],[-59.379866325097105,-34.446426215044688],[-59.379864326590265,-34.446696638822225],[-59.381170040076938,-34.446703254405904],[-59.381168045750776,-34.446973678237896],[-59.381494475240743,-34.446975329971927],[-59.381488495258345,-34.44778660144523],[-59.381162062612795,-34.447784949661333],[-59.381160068180321,-34.448055373444994],[-59.380833634509457,-34.448053720773039],[-59.380835629993825,-34.447783297006012],[-59.380182764835673,-34.447779989081077],[-59.380184762397171,-34.447509565335231],[-59.379531899449248,-34.447506253957876],[-59.379533899087853,-34.447235830233268],[-59.377575317195181,-34.447225875287238],[-59.377573311245449,-34.447496298911695],[-59.375614724003981,-34.447486312494391],[-59.375612711716322,-34.447756736006319],[-59.374633415301815,-34.447751730983164],[-59.374631399831699,-34.448022154432664],[-59.370714203972234,-34.448002055709502],[-59.370718260130467,-34.447461209202757],[-59.371044690866718,-34.447462888855462],[-59.371046717853439,-34.44719246556707],[-59.372352436861014,-34.447199175396172],[-59.372354459613398,-34.446928752028192],[-59.373007317175286,-34.446932101680616],[-59.373009337797093,-34.446661678266864],[-59.373662193363067,-34.446665024400019],[-59.373664211854326,-34.446394600940515],[-59.373990638625848,-34.446396272683181],[-59.3739946734241,-34.445855425694305],[-59.374321098118926,-34.445857096531974],[-59.374325130706104,-34.445316249461115],[-59.374651553324306,-34.445317919393823],[-59.374655583700552,-34.444777072241038],[-59.374329163185827,-34.444775402341918],[-59.374331179385365,-34.444504978764208],[-59.374004759949216,-34.444503308010567],[-59.374006777173612,-34.444232884437554],[-59.373680358816024,-34.444231212829415],[-59.373682377065201,-34.443960789261141],[-59.373355959786196,-34.443959116798496],[-59.373359998307194,-34.443418269659318],[-59.372707168036577,-34.443414922187507],[-59.372709189359981,-34.443144498633465],[-59.372382775316716,-34.443142823607481],[-59.372386819985955,-34.442601976496853],[-59.372060408072862,-34.442600300633309],[-59.372062431418662,-34.442329877076723],[-59.371736020584123,-34.44232820035878],[-59.371738044954533,-34.44205777680699],[-59.368800358123657,-34.44204264729153],[-59.368784086687718,-34.444206034149893],[-59.368457668762169,-34.444204348600771],[-59.368455633659018,-34.444474771886718],[-59.36812921470888,-34.444473085449332],[-59.368131250863726,-34.444202662180338],[-59.367804832992427,-34.444200974888631],[-59.36781094444914,-34.443389705060071],[-59.367484529759956,-34.443388016947978],[-59.367486567909545,-34.44311759366461],[-59.367160154299157,-34.443115904698239],[-59.367164232620034,-34.442575058129194],[-59.366837821140059,-34.44257336832554],[-59.36683986131132,-34.442302945039891],[-59.366513450910126,-34.442301254381995],[-59.366517533274227,-34.441760407808445],[-59.366843941572306,-34.441762098432335],[-59.366848021724536,-34.441221251776426],[-59.366521615529557,-34.44121956118655],[-59.366548147537216,-34.4377040569657],[-59.373728789373857,-34.437741043855205],[-59.373730806977647,-34.437470619996873],[-59.374057199047392,-34.437472291184662],[-59.374059215572963,-34.437201867297446],[-59.374711997690397,-34.437205207026125],[-59.37471401208645,-34.436934783093221],[-59.375040402134118,-34.436936451634153],[-59.375042415452036,-34.436666027672374],[-59.375695193525246,-34.436669362107466],[-59.375699215875429,-34.436128514080572],[-59.375372828927993,-34.436126847332083],[-59.375382889590625,-34.434774727137217],[-59.375056507926161,-34.434773059601604],[-59.37506254715553,-34.433961787390004],[-59.374736168671411,-34.433960119033721],[-59.374746238772758,-34.432607998523309],[-59.375725358538674,-34.432613000727592],[-59.37571932601837,-34.433424273221071],[-59.37604570248061,-34.433425938930895],[-59.376043692638071,-34.433696363087975],[-59.376370070178218,-34.433698027943592],[-59.376364043643335,-34.434509300392584],[-59.376690424363765,-34.434510964427453],[-59.376688416516465,-34.434781388569697],[-59.377014798314853,-34.434783051750308],[-59.377010784642373,-34.435323900032003],[-59.377337168569944,-34.435325562375048],[-59.377333156892995,-34.435866410641857],[-59.377659542949758,-34.435868072147315],[-59.377655533268424,-34.436408920399231],[-59.377981921454463,-34.436410581067044],[-59.377979917625019,-34.436681005191588],[-59.378959085497193,-34.436685982018737],[-59.378957084794955,-34.436956406181274],[-59.380262646536302,-34.436963029822465],[-59.380260650012687,-34.43723345403955],[-59.381239824752072,-34.437238412673992],[-59.38123783135589,-34.43750883692887],[-59.381890616751001,-34.437512138362933],[-59.38188862543096,-34.437782562638965],[-59.382541413034929,-34.437785860621787],[-59.382539423791073,-34.438056284918915],[-59.382865818684202,-34.438057932620247],[-59.382863830465226,-34.438328356921858],[-59.383843018457661,-34.438333294848825],[-59.38384103336638,-34.438603719188045],[-59.387105005572558,-34.438620122486398],[-59.387103030968966,-34.438890546978548],[-59.387429429385946,-34.438892182533579],[-59.38742350857158,-34.439703455986908],[-59.387749910169205,-34.439705090720153],[-59.387747937563276,-34.439975515196878],[-59.388400742940327,-34.439978782082669],[-59.388398772411087,-34.440249206580184],[-59.388725176190484,-34.440250838732737],[-59.388723206686485,-34.440521263234579],[-59.389376016427015,-34.440524524958917],[-59.389374048999819,-34.4407949494815],[-59.390679673001458,-34.440801462541259],[-59.390681636222602,-34.440531037953157],[-59.391008041236944,-34.440532664023728],[-59.391010003380416,-34.440262239407168],[-59.391336407369401,-34.440263864590165],[-59.391340329474957,-34.439723015288124],[-59.391666731387105,-34.43972463956726],[-59.391670651285217,-34.439183790184224],[-59.391344251475978,-34.439182165937787],[-59.391350134281517,-34.438370891821656],[-59.390697341049965,-34.438367640813404],[-59.390699304035657,-34.438097216116553],[-59.389393722092144,-34.438090703712007],[-59.389391754900878,-34.438361128343317],[-59.388412565564288,-34.438356234843887],[-59.388414535909718,-34.438085810261803],[-59.38808814056808,-34.438084177369483],[-59.388090111938617,-34.437813752791754],[-59.388416506228879,-34.437815385667641],[-59.388420446788452,-34.437274536443084],[-59.388746839002273,-34.437276168415018],[-59.388748808191345,-34.437005743768204],[-59.389075199380066,-34.43700737485262],[-59.38908110363591,-34.436196100790454],[-59.38940749169695,-34.436197730954582],[-59.389409458678486,-34.435927306226638],[-59.389083071668729,-34.435925676078924],[-59.389085039675322,-34.435655251355286],[-59.388758653743047,-34.435653620352916],[-59.388760622774669,-34.435383195633619],[-59.387455083513089,-34.435376662979387],[-59.387453110276482,-34.435647087632958],[-59.38680033870093,-34.435643816046749],[-59.386806264639276,-34.434832542148534],[-59.387132647260209,-34.434834178327776],[-59.387138569808066,-34.434022904271458],[-59.386812190340699,-34.434021268141599],[-59.386816140676707,-34.433480418743251],[-59.386489763337998,-34.433478781775335],[-59.386491739517638,-34.433208357074513],[-59.385838987021508,-34.433205080558757],[-59.385840965277048,-34.43293465587881],[-59.385514590119627,-34.432933016330985],[-59.38551854865387,-34.432392166967851],[-59.385844921709086,-34.432393806482686],[-59.385846899885564,-34.432123381766502],[-59.386173271916064,-34.432125020393919],[-59.386175249015118,-34.431854595649156],[-59.386501620020894,-34.43185623338919],[-59.386503596042559,-34.431585808615871],[-59.387156336031005,-34.431589081450198],[-59.387158309924267,-34.431318656631895],[-59.387484678906922,-34.431320291726266],[-59.387488624512457,-34.430779442020487],[-59.387814991419383,-34.430781076211048],[-59.387816963131712,-34.430510651323608],[-59.388143329013907,-34.430512284626857],[-59.388147270257811,-34.42997143478285],[-59.388473634064326,-34.429973067182367],[-59.388475603595928,-34.429702642225834],[-59.388801966377727,-34.429704273738082],[-59.38880393483214,-34.429433848753071],[-59.389130296589244,-34.429435479378029],[-59.389128329185773,-34.429705904379489],[-59.38978105488048,-34.429709163049736],[-59.389779089552704,-34.429979588071888],[-59.390105453490307,-34.429981216117113],[-59.390109382017776,-34.429440366027976],[-59.390435743879664,-34.42944199316959],[-59.390443596416894,-34.428360292780901],[-59.390117238758641,-34.428358665704771],[-59.390121166972015,-34.427817815470675],[-59.388815745007776,-34.427811298589205],[-59.388813776710762,-34.42808172364672],[-59.388487420234391,-34.428080092232953],[-59.388485450860266,-34.428350517261968],[-59.386853663618005,-34.428342347049018],[-59.386857612848651,-34.427801497143335],[-59.386531257580813,-34.427799860521269],[-59.386533233207494,-34.427529435566754],[-59.386206879016811,-34.427527798090381],[-59.386208855668009,-34.427257373140286],[-59.385229796406577,-34.427252455535971],[-59.385231776183858,-34.426982030623265],[-59.384579072243092,-34.426978747899582],[-59.384581054095577,-34.426708323007837],[-59.383928352362055,-34.426705036834178],[-59.38393033628968,-34.426434611963415],[-59.383277636763488,-34.426431322339866],[-59.383279622766203,-34.426160897490128],[-59.381974228234583,-34.426154307860415],[-59.381972238028773,-34.426424732643866],[-59.381319538820513,-34.426421432571416],[-59.381317546486621,-34.426691857309564],[-59.38099119587153,-34.426690205950599],[-59.380989202460306,-34.426960630660055],[-59.379357444529639,-34.426952360720911],[-59.37936144183336,-34.426411511456351],[-59.379687791264722,-34.426413167152361],[-59.379689788825857,-34.426142742485318],[-59.380016137233078,-34.426144397293953],[-59.380018133716845,-34.425873972598154],[-59.380344481099918,-34.425875626519428],[-59.38034647650634,-34.425605201794909],[-59.380999169250778,-34.425608506992013],[-59.381001162529181,-34.425338082222162],[-59.381327507890511,-34.425339733498014],[-59.381329500091638,-34.425069308699477],[-59.38230853318278,-34.425074257253051],[-59.38231052220528,-34.424803832392641],[-59.382636865571328,-34.424805480152529],[-59.382634877599529,-34.42507590502953],[-59.385898323221802,-34.42509233490587],[-59.385900300686615,-34.424821909863546],[-59.386552988026359,-34.424825185357484],[-59.386554963363444,-34.424554760270119],[-59.386881306022126,-34.424556396694584],[-59.386885254516017,-34.42401554645069],[-59.387211595099679,-34.42401718197155],[-59.38721751449129,-34.423205906465768],[-59.38689117705951,-34.423204270994248],[-59.386893151188076,-34.422933845817973],[-59.386566814833216,-34.422932209492295],[-59.386568789986043,-34.422661784320383],[-59.38591611945651,-34.422658509090141],[-59.385918096684158,-34.42238808393909],[-59.384939094239208,-34.422383164613557],[-59.384941074592206,-34.422112739499944],[-59.384288408528619,-34.422109455629574],[-59.384290390956302,-34.421839030536951],[-59.384616722924335,-34.421840672890895],[-59.38461870427507,-34.421570247769644],[-59.38592402820904,-34.421576808413548],[-59.385922051060426,-34.421847233600808],[-59.386901047439203,-34.421852144991995],[-59.386899073415876,-34.422122570216608],[-59.387225406645314,-34.422124205622296],[-59.387223433646263,-34.422394630851265],[-59.388528771029037,-34.422401163833641],[-59.388530739825867,-34.422130738538911],[-59.389183406573608,-34.422133999773607],[-59.389185373243109,-34.421863574433985],[-59.389511705605749,-34.421865203729041],[-59.389513671198486,-34.421594778360941],[-59.389840002536793,-34.421596406769005],[-59.38984786044383,-34.4205147051103],[-59.389521533307516,-34.420513076767797],[-59.389523498769286,-34.420242651339315],[-59.389197172709629,-34.420241022142626],[-59.389199139195675,-34.419970596718471],[-59.388546489255923,-34.419967335746307],[-59.388550426351067,-34.419426484927392],[-59.389203072089117,-34.419429745833931],[-59.389205038496513,-34.419159320373538],[-59.389857682238564,-34.419162577765228],[-59.389859646518993,-34.418892152259986],[-59.390185967378891,-34.41889377963367],[-59.390187930582741,-34.418623354099978],[-59.39051425041842,-34.418624980586806],[-59.390516212545748,-34.418354555024671],[-59.39149516905853,-34.418359429213169],[-59.391497128008645,-34.418089003589891],[-59.391823445848111,-34.418090626562098],[-59.391825403721775,-34.41782020091042],[-59.392151720536994,-34.417821822995819],[-59.392153677334242,-34.417551397315748],[-59.392479993125214,-34.417553018514383],[-59.392497593674634,-34.41511918670345],[-59.392171287335984,-34.415117565651649],[-59.392177156867227,-34.414306288212927],[-59.391850853705172,-34.414304666339731],[-59.391852811213568,-34.41403424051898],[-59.391526509127758,-34.414032617791769],[-59.391528467660208,-34.41376219197528],[-59.391202166650622,-34.413760568394054],[-59.391204126207093,-34.413490142581836],[-59.390877826273744,-34.413488518146607],[-59.3908797868542,-34.413218092338681],[-59.390553487997082,-34.413216467049487],[-59.390551526366522,-34.413486892841078],[-59.389898926630522,-34.413483639619017],[-59.389896962873586,-34.413754065365787],[-59.389570661994725,-34.413752437432883],[-59.389568697161472,-34.414022863151203],[-59.389242395258663,-34.414021234331578],[-59.389240429349101,-34.414291660021419],[-59.388914126422328,-34.414290030315051],[-59.388912159436416,-34.414560455976392],[-59.388585855485722,-34.414558825383281],[-59.38857995122013,-34.415370102245689],[-59.388253644145102,-34.415368470732943],[-59.388251674953892,-34.415638896313162],[-59.387925366854908,-34.415637263913609],[-59.387923396587233,-34.415907689465342],[-59.386618160253072,-34.415901151097373],[-59.386620134721646,-34.41563072561145],[-59.386293826754063,-34.415629088859916],[-59.386291851235271,-34.415899514329382],[-59.385312924339907,-34.415894598802986],[-59.385310945644086,-34.416165024210905],[-59.384658325745185,-34.416161742808292],[-59.384654364073391,-34.416702593521826],[-59.384328052063005,-34.416700951481864],[-59.384326070137234,-34.416971376803993],[-59.383999757103012,-34.41696973387706],[-59.383993808016271,-34.417781009721367],[-59.383667491857544,-34.417779365874367],[-59.383663523566909,-34.418320216343773],[-59.383337205333952,-34.418318571593204],[-59.383333234836797,-34.41885942198121],[-59.383006914529567,-34.418857776327044],[-59.383004928190907,-34.419128201486373],[-59.382352285555093,-34.419124907533423],[-59.382350297089175,-34.419395332647511],[-59.381697652458527,-34.419392035179371],[-59.381695661865294,-34.419662460248198],[-59.381369338539336,-34.41966081019175],[-59.381367346869141,-34.419931235231886],[-59.381041022519298,-34.419929584288326],[-59.381039029772083,-34.420200009299769],[-59.380712704398377,-34.420198357469054],[-59.380710710574178,-34.420468782451799],[-59.38038438417658,-34.4204671297339],[-59.380380394347483,-34.421007979629898],[-59.380054065875498,-34.421006326008182],[-59.380050073839072,-34.421547175822568],[-59.379723743292701,-34.421545521296991],[-59.379721746184046,-34.42181594616941],[-59.37841642006272,-34.421809319294596],[-59.37841842137346,-34.421538894488855],[-59.378092090960294,-34.421537235610366],[-59.378094093294884,-34.421266810809236],[-59.377767763958914,-34.421265151076881],[-59.377771770648998,-34.420724301471765],[-59.377445443440692,-34.420722640902255],[-59.377449452124914,-34.420181791282261],[-59.375817826988957,-34.420173475543791],[-59.375819836543187,-34.419903050799341],[-59.375167188777048,-34.419899718443752],[-59.375171212006826,-34.419358868985711],[-59.374844890264804,-34.419357201535668],[-59.374846902889857,-34.419086776805315],[-59.375173223581513,-34.419088444238554],[-59.375175235129376,-34.418818019479303],[-59.375827874492309,-34.418821351700778],[-59.375825865045201,-34.419091776493545],[-59.376478506616017,-34.419095105266528],[-59.376476499242898,-34.419365530080732],[-59.376802821118837,-34.419367193178211],[-59.376800814769396,-34.419637617997054],[-59.377779783708803,-34.419642602116618],[-59.377781786907015,-34.419372177247602],[-59.378434430899297,-34.419375495608008],[-59.378436431970009,-34.419105070693533],[-59.379089073968167,-34.419108385538529],[-59.379091072911443,-34.418837960578635],[-59.379743712915385,-34.418841271908313],[-59.379745709731303,-34.418570846902995],[-59.380072028722829,-34.41857250124545],[-59.380074024461756,-34.418302076211411],[-59.380400342429525,-34.418303729666732],[-59.380404331726943,-34.417762879529143],[-59.380730647620609,-34.417764532080739],[-59.380732641179129,-34.417494106977202],[-59.381058956049046,-34.417495758641707],[-59.381062940985785,-34.416954908365156],[-59.381389253781677,-34.416956559125978],[-59.381397219135522,-34.415874858361462],[-59.381070910540636,-34.415873207667076],[-59.381072902862975,-34.415602782462351],[-59.380093980388367,-34.415597825206703],[-59.380095975834763,-34.415327400039793],[-59.379769669446596,-34.415325745897107],[-59.379771665916586,-34.415055320734787],[-59.37944536060521,-34.41505366573837],[-59.37944735809878,-34.414783240580604],[-59.379121053864189,-34.414781584730498],[-59.379125050871757,-34.414240734412083],[-59.378798748764126,-34.414239077724943],[-59.378806746660103,-34.413157377009803],[-59.379133044567283,-34.413159033630237],[-59.379137041255262,-34.412618183166856],[-59.37946333708895,-34.412619838883664],[-59.379481311416676,-34.410186011050584],[-59.379155025032937,-34.410184355483736],[-59.379159021135045,-34.409643504754619],[-59.378832736877762,-34.409641848350901],[-59.378836734973149,-34.409100997606828],[-59.378184170738059,-34.409097682255577],[-59.378188172926308,-34.4085568315299],[-59.376230493459815,-34.408546864792527],[-59.376228486079924,-34.408817290061094],[-59.37557592437193,-34.408813960820524],[-59.375573914865562,-34.409084386043496],[-59.374921351164943,-34.409081053288737],[-59.374919339532056,-34.409351478466078],[-59.374593056672083,-34.409349810766656],[-59.374585005672692,-34.410431511288117],[-59.374911292732328,-34.410433179054692],[-59.374907269171601,-34.41097402927651],[-59.375233558357913,-34.410975696206435],[-59.375229536789924,-34.411516546413495],[-59.37555582810301,-34.411518212506678],[-59.375549798700071,-34.412329487776965],[-59.375876093189987,-34.412331153050197],[-59.375866048899752,-34.41368327834288],[-59.375539749159458,-34.413681612985862],[-59.375535729155708,-34.41422246298486],[-59.375209427341957,-34.41422079672396],[-59.375201382812364,-34.415302496509916],[-59.374875076824786,-34.415300829311569],[-59.374873064575162,-34.415571254211081],[-59.374546757564204,-34.415569586125578],[-59.374554810602412,-34.41448788652221],[-59.37422850781897,-34.41448621763351],[-59.374230522061595,-34.414215792719268],[-59.373904220355136,-34.414214122977022],[-59.373906235621035,-34.413943698067484],[-59.373579934991582,-34.413942027471712],[-59.373590016168677,-34.412589902826937],[-59.373916311547717,-34.412591573338652],[-59.3739183266525,-34.412321148356654],[-59.374244621008351,-34.41232281798127],[-59.374248649037284,-34.411781967947398],[-59.373922356781463,-34.411780298356383],[-59.373926386803042,-34.411239448307811],[-59.373600096674046,-34.411237777880146],[-59.373602112694535,-34.410967352854556],[-59.373275823642388,-34.410965681573472],[-59.373277840685958,-34.410695256552621],[-59.372625264762263,-34.41069191141343],[-59.372623245618783,-34.410962336400615],[-59.371970667702811,-34.410958987746831],[-59.371968646432478,-34.411229412688243],[-59.371316066524315,-34.411226060519773],[-59.371314043127086,-34.41149648541537],[-59.370987752163444,-34.411494808008889],[-59.370989776610678,-34.41122438313019],[-59.370663486724006,-34.411222704870355],[-59.370653358968056,-34.412574829058642],[-59.370327063858319,-34.412573149844057],[-59.370325037176102,-34.412843574628575],[-59.370651333335871,-34.412845253860048],[-59.370647281990543,-34.413386103426618],[-59.369668387291789,-34.413381063019877],[-59.369670416128194,-34.413110638293361],[-59.369017821897707,-34.413107273704505],[-59.369005635872284,-34.414729821679238],[-59.369331939274701,-34.414731504510428],[-59.369329909225897,-34.415001929147515],[-59.369656213705511,-34.415003611125293],[-59.369654184679838,-34.415274035767233],[-59.370959407069329,-34.415280755042282],[-59.370957382217384,-34.415551179739758],[-59.371283688932451,-34.41555285739949],[-59.37127964124803,-34.416093706791976],[-59.37160595009049,-34.416095383615044],[-59.371603927258072,-34.416365808310054],[-59.372256547124323,-34.416369159378732],[-59.372254526365431,-34.416639584095378],[-59.372907148439914,-34.416642931716119],[-59.372905129754614,-34.416913356454359],[-59.373231441882503,-34.416915028975943],[-59.373233459517515,-34.416644604220856],[-59.373886081753376,-34.416647946619101],[-59.373884066218878,-34.41691837140781],[-59.374210378427385,-34.416920041318107],[-59.374204334813626,-34.417731315662166],[-59.374530650199844,-34.417732984752419],[-59.374528636658553,-34.418003409526399],[-59.374202320222018,-34.418001740419356],[-59.374200305603544,-34.418272165164467],[-59.37061081502285,-34.418253747351081],[-59.370608788823716,-34.41852417189876],[-59.369629834262383,-34.418519130528146],[-59.369635922231829,-34.417707857001048],[-59.369309607249782,-34.417706174854004],[-59.369311637569155,-34.417435750337752],[-59.368985323664482,-34.41743406733719],[-59.368987355007064,-34.417163642825763],[-59.368661042179745,-34.417161958971732],[-59.368663074545537,-34.416891534465151],[-59.368336762795593,-34.416889849757631],[-59.368338796184567,-34.416619425255945],[-59.367359864248129,-34.416614365961735],[-59.367337460817986,-34.419589034255665],[-59.36896907194911,-34.419597462993565],[-59.368962977109121,-34.420408736165335],[-59.368636651677406,-34.42040705210794],[-59.368634618959483,-34.420677476457406],[-59.368308292504402,-34.420675791512515],[-59.368306258708905,-34.420946215832963],[-59.367979931230451,-34.420944530000554],[-59.367977896357367,-34.421214954291955],[-59.367325239380875,-34.421211579981531],[-59.367323202379673,-34.421482004226881],[-59.366670543410756,-34.421478626400216],[-59.366686855467428,-34.41931523237097],[-59.367013176534719,-34.419316921583594],[-59.367035591219761,-34.416342253343629],[-59.366709281705937,-34.416340564317991],[-59.366756162309841,-34.410120799118971],[-59.367082447671876,-34.410122487753696],[-59.36708448458316,-34.409852063017844],[-59.368063337682365,-34.409857123649886],[-59.368061303920818,-34.41012754843667],[-59.369366445965476,-34.410134283831106],[-59.369368475527352,-34.409863858976529],[-59.370347329195162,-34.409868901334441],[-59.370349355580331,-34.409598476417038],[-59.37067563914038,-34.409600155445709],[-59.370677664448635,-34.409329730499337],[-59.371003946985809,-34.409331408640924],[-59.371005971217208,-34.409060983665562],[-59.371332252731492,-34.409062660920121],[-59.371336299013642,-34.408521810899387],[-59.371662578455179,-34.408523487250022],[-59.371664600505987,-34.408253062204665],[-59.371990878924635,-34.408254737668265],[-59.372000983525524,-34.406902612175976],[-59.371674710355819,-34.406900936796681],[-59.37167673224495,-34.406630511678841],[-59.370045372049603,-34.406622121815289],[-59.370047399160441,-34.406351696769789],[-59.369394857370786,-34.406348334767586],[-59.369398915710249,-34.405807484708063],[-59.369725184492161,-34.405809166110366],[-59.369727212571632,-34.405538741045568],[-59.370053480330881,-34.4055404215609],[-59.37005550733366,-34.405269996467098],[-59.370708040833819,-34.40527335485379],[-59.370710065710277,-34.405002929714094],[-59.371036331451158,-34.405004607585497],[-59.371038355250981,-34.404734182416838],[-59.371364619969206,-34.404735859401292],[-59.371366642692422,-34.404465434203686],[-59.37169290638797,-34.404467110301248],[-59.371694928034586,-34.404196685074687],[-59.372347453407258,-34.404200034626037],[-59.372349472927731,-34.403929609353682],[-59.373980781582112,-34.403937967922644],[-59.37397876730968,-34.404208393279134],[-59.374631293058663,-34.404211730650267],[-59.374633305231875,-34.403941305260197],[-59.375285828988901,-34.403944639117697],[-59.375289849056522,-34.403403788234201],[-59.37594236872232,-34.403407118544635],[-59.375944376616822,-34.403136693051252],[-59.376270635440299,-34.403138356884739],[-59.376274649049911,-34.402597505828233],[-59.376600905801048,-34.40259916875825],[-59.376604917204645,-34.402058317619968],[-59.377257426588997,-34.402061640803218],[-59.377259430151682,-34.401791215182499],[-59.377911937543836,-34.401794534852563],[-59.377913938980882,-34.401524109186347],[-59.378566444380752,-34.401527425343261],[-59.378564445042706,-34.401797851042836],[-59.378890698832095,-34.401799507833076],[-59.378888700516917,-34.402069933537277],[-59.379214955382452,-34.402071589474232],[-59.379212958090122,-34.402342015183017],[-59.379539214031809,-34.402343670266674],[-59.379533225143803,-34.403154947370524],[-59.379206966053509,-34.40315329223688],[-59.379204968654726,-34.40342371789734],[-59.378878708541464,-34.403422061877038],[-59.378876710066486,-34.403692487508749],[-59.379529232418783,-34.403695798712704],[-59.379531228794598,-34.403425373047661],[-59.38018374915417,-34.403428680738294],[-59.380185743404226,-34.403158255027876],[-59.380838261770947,-34.403161559205287],[-59.380840253895308,-34.402891133449529],[-59.381166512068937,-34.402892784216647],[-59.381170494138942,-34.402351932635668],[-59.381496750240025,-34.402353582499579],[-59.381500730104861,-34.401812730837101],[-59.381826984133454,-34.401814379797869],[-59.381828972976599,-34.401543953931906],[-59.382155225982196,-34.401545602006152],[-59.382157213749359,-34.401275176111518],[-59.382483465731958,-34.401276823299234],[-59.382485452423175,-34.401006397375973],[-59.382811703382799,-34.401008043677187],[-59.382817660149264,-34.400196765785189],[-59.383143907987048,-34.400198411166812],[-59.383163751661861,-34.397494150576271],[-59.382837514317551,-34.397492505360269],[-59.382843470052094,-34.396681226997345],[-59.382517235881998,-34.396679580961241],[-59.382519222123143,-34.396409154832682],[-59.382192989028759,-34.396407507943394],[-59.382194976292652,-34.396137081819305],[-59.381868744273959,-34.396135434076847],[-59.381870732560579,-34.395865007957298],[-59.381544501617576,-34.39586335936167],[-59.381534554673401,-34.397215489755659],[-59.381208318510801,-34.397213840207243],[-59.381204337448978,-34.397754692247112],[-59.380878099214343,-34.397753041795681],[-59.380876107594347,-34.398023467780881],[-59.380223629106119,-34.398020164235341],[-59.380225622824724,-34.39774973828338],[-59.379899384669748,-34.397748085222524],[-59.379897389901863,-34.398018511157829],[-59.379571150724203,-34.398016857210521],[-59.379573146541375,-34.39774643129185],[-59.378268194293973,-34.397739806871073],[-59.378270194281654,-34.397469381007006],[-59.378596431254273,-34.397471038400226],[-59.378598430166051,-34.397200612507412],[-59.379250902092679,-34.397203924651137],[-59.379252898879308,-34.39693349871289],[-59.379579133833289,-34.39693515346341],[-59.379585120885842,-34.396123875526264],[-59.379258889079537,-34.396122220825731],[-59.37926487904025,-34.395310942829887],[-59.378938650408095,-34.395309287309601],[-59.378942645680489,-34.394768435285314],[-59.378616419173248,-34.394766778928627],[-59.378628410646051,-34.393144222666017],[-59.378302190459983,-34.393142565539705],[-59.378304189994587,-34.392872139470349],[-59.37797797088421,-34.392870481491087],[-59.377979971441199,-34.39260005542635],[-59.377653753406513,-34.392598396594124],[-59.377655754985859,-34.392327970534012],[-59.377003321094527,-34.392324650294057],[-59.377005324745191,-34.39205422425529],[-59.376352893058673,-34.392050900570283],[-59.376348881534618,-34.392591752568805],[-59.375696445758997,-34.392588425338332],[-59.37570046147907,-34.392047573406757],[-59.375374245729397,-34.392045908520572],[-59.375376254598272,-34.391775482553442],[-59.374723825277229,-34.391772150205739],[-59.374725836217266,-34.391501724260074],[-59.374399622645903,-34.391500056798598],[-59.374401634608077,-34.391229630857652],[-59.374075422112497,-34.391227962543347],[-59.374073409101356,-34.391498388467504],[-59.373747195583633,-34.391496719266819],[-59.373749209643726,-34.391226293359459],[-59.373422997201793,-34.391224623305966],[-59.373425012283995,-34.39095419740336],[-59.373098800917859,-34.390952526497095],[-59.373106865173668,-34.389870822833146],[-59.372780658030031,-34.389869151124628],[-59.372782675075676,-34.389598725195277],[-59.371804056952648,-34.389593704902929],[-59.371802036760393,-34.389864130781739],[-59.371475829724353,-34.389862455595015],[-59.371471787161305,-34.390403307282682],[-59.371145578054431,-34.390401631192638],[-59.371143555683588,-34.390672057001488],[-59.370817345554741,-34.390670380025021],[-59.370815322108044,-34.390940805804902],[-59.370489110957259,-34.390939127941955],[-59.370485061885049,-34.391479979431715],[-59.370158848663358,-34.391478300665391],[-59.370140617061615,-34.393912131619267],[-59.370466839724472,-34.393913810537683],[-59.370460765185236,-34.394725087355603],[-59.370786991022392,-34.394726765455019],[-59.370782943292909,-34.395267616640353],[-59.371435399244646,-34.395270970297602],[-59.371433377437761,-34.395541395905909],[-59.371759606503211,-34.395543071446816],[-59.371757585718569,-34.395813497059919],[-59.372083815860115,-34.395815171747941],[-59.372079776308411,-34.396356022971609],[-59.372406008575268,-34.3963576968236],[-59.372401971014327,-34.396898548032659],[-59.37338067427163,-34.396903564471039],[-59.373382689917854,-34.396633138822047],[-59.373708923341475,-34.396634809211804],[-59.373710937911632,-34.396364383533928],[-59.374037170312867,-34.396366053037106],[-59.374033143244169,-34.396906904414394],[-59.374359377770709,-34.396908573081397],[-59.374357365245345,-34.397178998768723],[-59.374683600847924,-34.397180666582763],[-59.374681589345023,-34.397451092274778],[-59.375007826023676,-34.39745275923579],[-59.375005815543219,-34.397723184932545],[-59.375658291079468,-34.397726516278688],[-59.375656282670796,-34.397996941996894],[-59.375982521528364,-34.397998606382025],[-59.375980514142242,-34.398269032104892],[-59.372718116279714,-34.398252348944027],[-59.372720134158861,-34.397981923389096],[-59.371741418471785,-34.397976901529844],[-59.371743439471892,-34.397706476013383],[-59.371417202012665,-34.39770480033755],[-59.371419224035115,-34.39743437482587],[-59.3701142786649,-34.397427663492024],[-59.370112252445381,-34.397698088936139],[-59.369786015121008,-34.397696408911287],[-59.369788042389821,-34.397425983484069],[-59.369461806141764,-34.397424302606339],[-59.369459777823685,-34.397694728016624],[-59.369133540553378,-34.397693046252158],[-59.369139628574267,-34.396881770035847],[-59.368813394478785,-34.396880087452395],[-59.368815424814201,-34.396609662039729],[-59.368162958802856,-34.396606294297413],[-59.368164991209653,-34.396335868906561],[-59.36751252740509,-34.396332497719101],[-59.367516596334177,-34.395791646969059],[-59.367190366570931,-34.395789960104644],[-59.367198508300355,-34.394708258527515],[-59.366872282760838,-34.394706570861324],[-59.36689264567611,-34.392002316242788],[-59.367218860725146,-34.392004003739089],[-59.367222930884637,-34.391463152636433],[-59.36754914386286,-34.391464839229172],[-59.367553211815988,-34.39092398804425],[-59.367879422723448,-34.390925673733435],[-59.367885521303094,-34.390114396814567],[-59.368211729090937,-34.390116081583294],[-59.368215792577523,-34.389575230209743],[-59.368541998294695,-34.389576914074986],[-59.368546059575301,-34.389036062619191],[-59.368872263221853,-34.389037745581035],[-59.368878351793342,-34.388226468255951],[-59.369204552320539,-34.388228150297458],[-59.36921063750232,-34.38741687281285],[-59.369536834910257,-34.387418553934104],[-59.369538862201367,-34.387148128064823],[-59.369212665842184,-34.387146446960507],[-59.369214694154998,-34.386876021096064],[-59.368888498871584,-34.386874339139219],[-59.368890528206073,-34.386603913279636],[-59.3685643339984,-34.386602230470288],[-59.368566364354564,-34.386331804615565],[-59.368240171222638,-34.386330120953708],[-59.368242202600406,-34.386059695103874],[-59.367916010544249,-34.386058010589558],[-59.367918042943614,-34.385787584744605],[-59.367591851963198,-34.385785899377815],[-59.367593885384132,-34.385515473537751],[-59.36726769547947,-34.385513787318544],[-59.36727176433731,-34.384972935636114],[-59.366945576557001,-34.384971248581465],[-59.367029007227927,-34.373883779141579],[-59.367355152026704,-34.373885465499939],[-59.367359218553432,-34.373344612778858],[-59.367685361283243,-34.373346298234232],[-59.367689425605562,-34.37280544543092],[-59.36801556626645,-34.372807129983357],[-59.368017597339026,-34.372536703546615],[-59.368343736978993,-34.372538387213119],[-59.368349826890409,-34.371727107779584],[-59.368675963413573,-34.371728790526248],[-59.368680021123403,-34.371187937476293],[-59.369006155577786,-34.37118961932012],[-59.369020349375447,-34.369296633146362],[-59.368694222256075,-34.369294951421061],[-59.368698279479212,-34.368754098153758],[-59.368372154482451,-34.368752415593477],[-59.368378243257659,-34.367941135652771],[-59.368052121431226,-34.367939452274484],[-59.368060243610323,-34.366857745585627],[-59.368386361245925,-34.366859428896113],[-59.368390420077766,-34.366318575445327],[-59.368716535645071,-34.366320257853118],[-59.368720592273441,-34.365779404320172],[-59.369046705772519,-34.365781085825297],[-59.369050760197524,-34.365240232210176],[-59.369376871628376,-34.365241912812706],[-59.369391053932063,-34.363348924660954],[-59.369717158057078,-34.363350604276313],[-59.369733356404517,-34.361187188385955],[-59.370059452176939,-34.361188866997388],[-59.370061475801563,-34.360918439939852],[-59.369735381076509,-34.360916761345329],[-59.36973740572153,-34.360646334292646],[-59.370063499399201,-34.36064801287025],[-59.370077663827558,-34.358755023044964],[-59.370403750201007,-34.358756700635716],[-59.370405772535648,-34.358486273452613],[-59.371710114109803,-34.358492975062624],[-59.371683876118873,-34.362008528378503],[-59.371357777069498,-34.362006854059601],[-59.371351718360536,-34.362818135253711],[-59.371025616195709,-34.362816460015559],[-59.371017533350241,-34.363898168037849],[-59.370691427022336,-34.363896491863464],[-59.370679295660722,-34.36551905343341],[-59.370353183074322,-34.365517376289006],[-59.370349136976287,-34.366058230015277],[-59.370023022321604,-34.366056551968327],[-59.370018974020397,-34.366597405612488],[-59.369692857297373,-34.366595726662943],[-59.369686781500171,-34.367407006987932],[-59.370012901366266,-34.36740868598821],[-59.370006828469329,-34.368219966255253],[-59.370332951505588,-34.368221644437419],[-59.370328904868245,-34.368762497922184],[-59.37065503002701,-34.368764175269284],[-59.370653007715688,-34.369034602010451],[-59.370979133949199,-34.369036278505561],[-59.370977112658721,-34.369306705251546],[-59.372281622053187,-34.369313402610658],[-59.372279604927058,-34.369583829412001],[-59.372605733390735,-34.369585501596411],[-59.372603717285543,-34.369855928402536],[-59.372277587774029,-34.369854256201279],[-59.37227153615364,-34.370665536496659],[-59.371945403525437,-34.370663863375974],[-59.371943385216973,-34.370934290100109],[-59.371291117945489,-34.370930941218219],[-59.371287077056252,-34.371471794562822],[-59.370960941365077,-34.371470118784721],[-59.370952855071664,-34.372551825261503],[-59.371278994954636,-34.372553501107092],[-59.371276974361898,-34.372823927712986],[-59.3716031153198,-34.372825602706463],[-59.371601095748133,-34.373096029317146],[-59.371927237780945,-34.373097703458463],[-59.371925219230377,-34.373368130073921],[-59.372251362338091,-34.373369803363111],[-59.372247327252339,-34.373910656591498],[-59.372573472483033,-34.373912329045339],[-59.372571455947856,-34.374182755658261],[-59.372897602253474,-34.374184427259905],[-59.37289558673951,-34.374454853877594],[-59.373221734120058,-34.374456524627007],[-59.373219719627315,-34.374726951249436],[-59.373545868082793,-34.374728621146616],[-59.373543854611299,-34.374999047773784],[-59.3738700041417,-34.375000716818718],[-59.373867991691498,-34.375271143450611],[-59.374194142296822,-34.375272811643278],[-59.374190119412219,-34.375813664904442],[-59.374842424895839,-34.375816998749649],[-59.374840415509638,-34.37608742539571],[-59.37516656933979,-34.376089091031439],[-59.375164560974973,-34.376359517682175],[-59.377773800963965,-34.37637281161404],[-59.377771800957873,-34.376643238386578],[-59.377445644817627,-34.376641579670292],[-59.377443643736662,-34.376912006414045],[-59.377117486574889,-34.376910346811925],[-59.377113482236517,-34.377451200229785],[-59.376461163800144,-34.377447878351262],[-59.376459159494452,-34.377718305008635],[-59.376132999268073,-34.377716642748908],[-59.376130993887422,-34.377987069377461],[-59.375478671418357,-34.37798374221704],[-59.375476663914426,-34.378254168800026],[-59.374172015104421,-34.37824750398206],[-59.374174026801413,-34.377977077466163],[-59.373847865714168,-34.377975409105538],[-59.373849878432601,-34.377704982594381],[-59.373523718420444,-34.377703313381382],[-59.373527745873304,-34.377162460356459],[-59.373201587984433,-34.377160790307954],[-59.373205617426343,-34.376619937268366],[-59.372553305921997,-34.376616594631216],[-59.37255532269905,-34.376346168126979],[-59.371250704205735,-34.376339472490642],[-59.371252725148565,-34.376069046041742],[-59.370926571640702,-34.376067369976759],[-59.370928593604759,-34.375796943532642],[-59.370276288766192,-34.37579358882914],[-59.370278312799577,-34.375523162406743],[-59.369952161468881,-34.375521483768253],[-59.369954186523415,-34.375251057350674],[-59.369301886039274,-34.375247697500285],[-59.369299858888496,-34.375518123884021],[-59.368973707638808,-34.375516442638286],[-59.36897167941288,-34.375786868993039],[-59.368645527142085,-34.375785186861258],[-59.368643497840978,-34.376055613186992],[-59.368317344549077,-34.376053930169199],[-59.368315314172762,-34.376324356465894],[-59.367989159859761,-34.376322672562026],[-59.367983065423857,-34.377133951328815],[-59.368309222881429,-34.37713563528353],[-59.368307192396848,-34.377406061531943],[-59.368959509489599,-34.377409426867857],[-59.368957481074446,-34.377679853138069],[-59.370262119777159,-34.377686573447839],[-59.370260095527954,-34.37795699977363],[-59.370586256319349,-34.377958677695098],[-59.370584233091442,-34.378229104025699],[-59.370258071251776,-34.378227426087342],[-59.370256046948619,-34.37849785238901],[-59.369929884087647,-34.378496173564578],[-59.369927858709218,-34.378766599837242],[-59.369601694826962,-34.378764920126734],[-59.369599668373212,-34.379035346370394],[-59.368947338593131,-34.37903198430795],[-59.368945310015761,-34.37930241050568],[-59.368619144117936,-34.37930072815373],[-59.368617114465195,-34.379571154322463],[-59.368290947546093,-34.379569471084338],[-59.36828282447118,-34.380651175570698],[-59.368608995583742,-34.380652858876608],[-59.368604935980713,-34.38119371108121],[-59.368931109217151,-34.381195393551749],[-59.368927051602775,-34.381736245741934],[-59.369253226963117,-34.381737927377067],[-59.369249171337529,-34.382278779552813],[-59.369575348821833,-34.382280460352497],[-59.369569268326245,-34.383091738576297],[-59.369895448983051,-34.383093418557422],[-59.369891397281329,-34.383634270680083],[-59.370217580062224,-34.383635949825667],[-59.37021555521941,-34.383906375885779],[-59.370541739075861,-34.383908054178946],[-59.37053971525463,-34.384178480243875],[-59.370865900186594,-34.384180157684575],[-59.370863877386988,-34.384450583754315],[-59.371190063394515,-34.384452260342513],[-59.371188041616541,-34.384722686417064],[-59.371514228699596,-34.384724362152767],[-59.371512207943312,-34.384994788232127],[-59.371838396101914,-34.3849964631153],[-59.371836376367305,-34.385266889199414],[-59.372162565601442,-34.385268563230071],[-59.37216054688858,-34.385538989318967],[-59.372486737198265,-34.385540662497043],[-59.372484719507163,-34.385811088590721],[-59.373463293743498,-34.385816102958998],[-59.373465308288651,-34.385545676814864],[-59.37379149870582,-34.385547346515303],[-59.373793512175489,-34.385276920342264],[-59.374119701570848,-34.385278589156499],[-59.374121713965032,-34.385008162954577],[-59.374447902338588,-34.38500983088263],[-59.374449913657365,-34.384739404651832],[-59.374776101009097,-34.384741071693696],[-59.374780121469001,-34.38420021916231],[-59.374453936214444,-34.384198552154039],[-59.374455947452795,-34.38392812588701],[-59.374129763273622,-34.383926458026167],[-59.374139824305949,-34.382574326593911],[-59.374466003242446,-34.382575994370804],[-59.37446801431998,-34.382305568031349],[-59.374794192234795,-34.382307234922166],[-59.374796202237036,-34.382036808553835],[-59.375122379130154,-34.382038474558556],[-59.375124388057152,-34.381768048161398],[-59.375450563928588,-34.381769713280065],[-59.37545257178035,-34.381499286854037],[-59.376104921506581,-34.381502614449992],[-59.376106927234723,-34.381232187978405],[-59.376759274971008,-34.381235512063775],[-59.376761278575565,-34.380965085546642],[-59.377087451435351,-34.380966746268676],[-59.377089453964778,-34.380696319722752],[-59.377741797667575,-34.380699638525641],[-59.377743798073546,-34.380429211934214],[-59.378396139786183,-34.380432527226702],[-59.378400136324622,-34.37989167394089],[-59.378726305124133,-34.379893330249885],[-59.378728302305063,-34.379622903572191],[-59.379054470082835,-34.37962455899531],[-59.3790564661888,-34.379354132288874],[-59.379382632944839,-34.379355786826103],[-59.37938462797586,-34.37908536009094],[-59.379710793710174,-34.379087013742293],[-59.379712787666293,-34.378816586978417],[-59.380038952378847,-34.378818239743914],[-59.380040945260099,-34.378547812951318],[-59.380367108950928,-34.378549464831018],[-59.380369100757321,-34.378279038009694],[-59.380695263426411,-34.378280689003574],[-59.380697254157987,-34.378010262153552],[-59.382980386245706,-34.378021794657556],[-59.382982369612925,-34.377751367679352],[-59.383308530397336,-34.377753011686679],[-59.383306548078373,-34.378023438681424],[-59.383632709937459,-34.378025081836135],[-59.383630728640355,-34.378295508835372],[-59.384283054534286,-34.378298792570341],[-59.384285033734827,-34.378028365538036],[-59.384611195673088,-34.378030006085218],[-59.384613173798982,-34.377759579024335],[-59.384939334715334,-34.377761218685833],[-59.384937357637703,-34.378031645763237],[-59.388525140984555,-34.378049624855812],[-59.388523175411628,-34.378320052102183],[-59.390153992314218,-34.378328189731874],[-59.39015203195661,-34.378598617048084],[-59.392109019391512,-34.378608353618588],[-59.392110973459339,-34.378337926204345],[-59.393741791796558,-34.378346016028722],[-59.393743740596889,-34.378075588520936],[-59.394722228766142,-34.378080431936532],[-59.394724174395691,-34.377810004367902],[-59.395050336122381,-34.377811617085165],[-59.395054225207168,-34.377270761879274],[-59.395380384863259,-34.377272373694908],[-59.39538232831854,-34.377001946057611],[-59.395708486952316,-34.377003556987873],[-59.395710429333491,-34.376733129322282],[-59.396036586944909,-34.376734739367194],[-59.396040469533183,-34.376193883967403],[-59.396366625074094,-34.376195493110771],[-59.396368565281243,-34.375925065376563],[-59.396042410788503,-34.375923456249424],[-59.396052116677055,-34.374571317478463],[-59.395725967450879,-34.374569707563246],[-59.395733735888363,-34.373487996394104],[-59.393776866229111,-34.373478319042228],[-59.393774917870267,-34.373748746755169],[-59.393122626095334,-34.373745513986407],[-59.393124576550285,-34.373475086306009],[-59.39149385280836,-34.37346698925743],[-59.39149189711317,-34.373737416856301],[-59.390839605702652,-34.373734171920972],[-59.390841563493936,-34.373463744354773],[-59.389536985178331,-34.373457244121148],[-59.389538947135662,-34.373186816608346],[-59.388886660230739,-34.373183561310142],[-59.388888624257966,-34.372913133818052],[-59.391497764120551,-34.372926134023508],[-59.39149971973756,-34.372655706388471],[-59.391825861289803,-34.372657327487268],[-59.391823906720816,-34.372927755138647],[-59.393454620112571,-34.372935847679102],[-59.393456569441518,-34.37266541994623],[-59.394434994644428,-34.372670264993538],[-59.394436940803409,-34.372399837199815],[-59.394763081541626,-34.372401450461332],[-59.394765026626693,-34.372131022639294],[-59.395417306084894,-34.372134246522869],[-59.395421191985434,-34.371593390777662],[-59.395747329657453,-34.371595001383547],[-59.395757038716098,-34.370242861728251],[-59.396083171174425,-34.37024447138409],[-59.396137500612802,-34.362672483286055],[-59.395811397489588,-34.362670874084031],[-59.395817220440833,-34.361859589132507],[-59.394838920653612,-34.361854756460339],[-59.394840864727932,-34.361584328167709],[-59.392884272138055,-34.36157463946725],[-59.392886222471006,-34.361304211260126],[-59.393212320123652,-34.361305828198873],[-59.393214269383193,-34.361035399963399],[-59.394518656063838,-34.361041858966942],[-59.394522546125884,-34.360501002329713],[-59.395174735432235,-34.360504226554767],[-59.395176678329648,-34.360233798185568],[-59.395828865644873,-34.360237018903725],[-59.395836628596882,-34.359155305176571],[-59.396162718103952,-34.359156914167926],[-59.396166597330193,-34.358616057199541],[-59.399427472874599,-34.358632099018578],[-59.39942554374727,-34.358902527670367],[-59.399751632490641,-34.358904127091336],[-59.399747776253477,-34.35944498439094],[-59.400073867117158,-34.359446582975544],[-59.400071940007344,-34.359717011623367],[-59.400724123906429,-34.359720206218995],[-59.400722198865644,-34.359990634886898],[-59.401374384962033,-34.359993826040331],[-59.401372461990299,-34.360264254728314],[-59.402024650283927,-34.360267442439437],[-59.402022729381329,-34.360537871147478],[-59.402674919872098,-34.360541055416228],[-59.402673001038643,-34.360811484144278],[-59.402999097369815,-34.360813074991754],[-59.402997179558191,-34.361083503723755],[-59.403323276962311,-34.361085093718629],[-59.403321360172562,-34.361355522454566],[-59.403973557152248,-34.361358699870379],[-59.403971642431813,-34.361629128626262],[-59.40429774200738,-34.361630716047195],[-59.404295828308875,-34.361901144807007],[-59.40462192895739,-34.361902731375253],[-59.404620016280823,-34.362173160138987],[-59.404946118002293,-34.362174745854553],[-59.404942294667684,-34.362715603377758],[-59.405594502376971,-34.362718772266696],[-59.405592592766446,-34.362989201042133],[-59.405918697706781,-34.362990784199496],[-59.405916789118329,-34.363261212978799],[-59.406242895131605,-34.363262795283411],[-59.406240987565241,-34.363533224066579],[-59.406567094651493,-34.363534805518412],[-59.406559468322101,-34.364616520594225],[-59.40688557962401,-34.364618101241],[-59.406879862752994,-34.365429387468971],[-59.407205977223157,-34.365430967294728],[-59.407202167944135,-34.36597182475154],[-59.407854401151219,-34.365974981860312],[-59.407852498568971,-34.366245410602431],[-59.407526380905082,-34.366243832466544],[-59.407522573569125,-34.366784689882785],[-59.407848693328411,-34.366786268050454],[-59.407841082542973,-34.367867982801762],[-59.408167206518577,-34.367869560164152],[-59.40816340306926,-34.368410417499199],[-59.408489529165749,-34.368411994024484],[-59.408485727710676,-34.368952851343032],[-59.408811855928128,-34.368954427031163],[-59.408809956210412,-34.369224855688202],[-59.408483826945137,-34.369223279984205],[-59.408481926154259,-34.369493708613327],[-59.408808056467379,-34.36949528433319],[-59.408804256905356,-34.370036141586979],[-59.409130389339509,-34.37003771646966],[-59.40912849056842,-34.370308145094313],[-59.408802357086358,-34.370306570195794],[-59.408800457242059,-34.370576998792515],[-59.40847432273744,-34.370575423009178],[-59.408472421819887,-34.370845851577982],[-59.408798557372421,-34.3708474273772],[-59.408790957640683,-34.37192914159526],[-59.409117097410331,-34.371930716588956],[-59.409113299488517,-34.372471573657343],[-59.40943944137944,-34.372473147813736],[-59.40943754342856,-34.372743576345677],[-59.409763686392807,-34.372745149648935],[-59.409759892511246,-34.373286006708319],[-59.410086037596841,-34.373287579174203],[-59.410084141666189,-34.373558007701639],[-59.410410287825094,-34.373559579314325],[-59.41040839291724,-34.373830007845527],[-59.410734540149463,-34.373831578604985],[-59.410732646264435,-34.374102007139939],[-59.411058794570003,-34.374103577046171],[-59.41105690170783,-34.374374005584841],[-59.411709200490776,-34.374377142821686],[-59.411707309699615,-34.374647571379903],[-59.411381159247419,-34.374646003180239],[-59.41137737549321,-34.375186860228908],[-59.411703528041663,-34.375188428460163],[-59.411701637174886,-34.37545885698222],[-59.412027790796714,-34.375460424360135],[-59.412016451356024,-34.377082995333744],[-59.412342611292232,-34.377084561937224],[-59.41234072234554,-34.377354990406396],[-59.412666883355186,-34.377356556156464],[-59.412663107482828,-34.377897413090118],[-59.412989270614169,-34.377898978002548],[-59.412987383688538,-34.378169406467038],[-59.413313547893317,-34.378170970526043],[-59.413311661990839,-34.378441398994212],[-59.413637827269064,-34.378442962199756],[-59.413635942389796,-34.378713390671614],[-59.413962108741458,-34.378714953023689],[-59.4139602248854,-34.378985381499206],[-59.414612559760712,-34.378988503627141],[-59.414610677976228,-34.379258932122042],[-59.415263015048566,-34.379262050804499],[-59.41526113533574,-34.37953247931874],[-59.41591347460502,-34.379535594555634],[-59.415915352221099,-34.379265166010043],[-59.417220026866367,-34.37927138599035],[-59.417221900264018,-34.379000957370046],[-59.4178742356398,-34.379004062113566],[-59.417872364338862,-34.379274490765106],[-59.41852470191111,-34.379277592062948],[-59.418522832681965,-34.379548020733651],[-59.418849002553827,-34.379549570094326],[-59.418847134348148,-34.379819998768575],[-59.41949947626334,-34.379823094913377],[-59.419497610129547,-34.380093523606746],[-59.420149954241019,-34.380096616305657],[-59.420144361980995,-34.380907902406818],[-59.420470537219281,-34.380909447499057],[-59.420466811018628,-34.381450304870647],[-59.420792988378658,-34.38145184912468],[-59.420789264175674,-34.381992706479132],[-59.421115443657492,-34.381994249894959],[-59.421113582567294,-34.382264678569641],[-59.421439763122443,-34.382266221131651],[-59.421437903055946,-34.382536649809801],[-59.421764084684412,-34.382538191518023],[-59.421762225641679,-34.382808620199619],[-59.422414591069995,-34.382811701039081],[-59.422412734099588,-34.383082129739634],[-59.422738917899437,-34.383083668870832],[-59.422737061952844,-34.383354097574838],[-59.423389431723869,-34.383357173260137],[-59.42339128557331,-34.383086744525173],[-59.424043653346033,-34.383089816702089],[-59.424045505073671,-34.382819387924123],[-59.425350236720888,-34.382825521783836],[-59.425348389187491,-34.383095950623563],[-59.426326941327176,-34.3831005419364],[-59.426325096914852,-34.383370970810283],[-59.4273036524215,-34.383375554345022],[-59.427301811130356,-34.38364598325299],[-59.427627997396911,-34.383647509374526],[-59.427631677857484,-34.383106651515817],[-59.427957862051429,-34.383108176737274],[-59.427961540316801,-34.38256731879958],[-59.427635358219973,-34.382565793608848],[-59.42763719836443,-34.382295364637294],[-59.427311017340664,-34.382293838592574],[-59.427312858509111,-34.382023409624317],[-59.426986678558386,-34.382021882725638],[-59.426988520750797,-34.381751453760693],[-59.426662341873154,-34.381749926008084],[-59.426666028281268,-34.381209068072771],[-59.426339851525142,-34.381207539481622],[-59.426341695740817,-34.380937110511276],[-59.426015520057724,-34.380935581066204],[-59.42601736529727,-34.380665152099212],[-59.425691190687211,-34.380663621800267],[-59.425693036950598,-34.380393192836607],[-59.425366863413593,-34.380391661683788],[-59.425368710700795,-34.380121232723511],[-59.425042538236802,-34.380119700716854],[-59.425044386547789,-34.379849271759909],[-59.424718215156837,-34.379847738899436],[-59.424720064491581,-34.37957730994588],[-59.424393894173662,-34.37957577623159],[-59.424395744532148,-34.379305347281402],[-59.423743406067075,-34.379302277276011],[-59.42374711090342,-34.378761419401286],[-59.423094776730537,-34.378758345980835],[-59.423096631208352,-34.37848791705634],[-59.422770465207286,-34.378486379057783],[-59.422772320708702,-34.378215950136699],[-59.422119990877434,-34.378212871562909],[-59.422121848450715,-34.377942442660782],[-59.421795684620506,-34.377940902085605],[-59.42179754321733,-34.377670473186939],[-59.420492892337521,-34.37766430225647],[-59.420494755102659,-34.377393873407868],[-59.420168593493017,-34.377392328517864],[-59.42016486584135,-34.377933186171902],[-59.419512538503476,-34.377930093722085],[-59.419514404438281,-34.377659664932239],[-59.419188241854926,-34.377658117419116],[-59.419190108813162,-34.37738768863278],[-59.41886394730296,-34.377386140266097],[-59.418865815284569,-34.377115711483292],[-59.418213494435356,-34.377112612173583],[-59.41821536448856,-34.37684218340992],[-59.417889205149585,-34.376840632466944],[-59.417891076226077,-34.376570203706848],[-59.417238759719417,-34.376567099244674],[-59.417240632867404,-34.376296670503777],[-59.416588318557032,-34.376293562596331],[-59.41659019377645,-34.376023133874654],[-59.415937881662423,-34.376020022522013],[-59.415939758953236,-34.375749593819606],[-59.415287449035652,-34.375746479021821],[-59.41529120773486,-34.375205621643552],[-59.415617360584804,-34.375207179445638],[-59.415624873490167,-34.374125464481644],[-59.415298724832716,-34.374123906742305],[-59.415300604044567,-34.373853477986849],[-59.41497445646025,-34.37385191939412],[-59.414976336695098,-34.373581490642295],[-59.41334560439001,-34.373573684721521],[-59.413343718914774,-34.373844113394746],[-59.412691424072399,-34.373840984911638],[-59.412689536475867,-34.374111413541307],[-59.412037239637947,-34.374108281550427],[-59.412044798257611,-34.373026567085539],[-59.412370942471746,-34.373028133452401],[-59.412374719534434,-34.37248727611604],[-59.412700861677692,-34.372488841582374],[-59.412704636543708,-34.371947984166219],[-59.413030776616125,-34.371949548732033],[-59.413032662963438,-34.371679119990105],[-59.412706523938986,-34.371677555440058],[-59.41271973500163,-34.369784554019198],[-59.412393603337755,-34.369782988710504],[-59.412395491579659,-34.369512559903619],[-59.412721622195683,-34.369514125196545],[-59.412723509364582,-34.369243696361842],[-59.413375768576387,-34.369246824309435],[-59.413373883503191,-34.369517253175665],[-59.413700014194617,-34.369518815861859],[-59.413698130144162,-34.369789244731727],[-59.414024261908565,-34.36979080656473],[-59.414020495828055,-34.37033166429979],[-59.414346629713314,-34.370333225295298],[-59.41434286562825,-34.370874083013554],[-59.414669001634429,-34.370875643171544],[-59.414667120602196,-34.371146072028274],[-59.414993257681381,-34.371147631333017],[-59.41499137767201,-34.371418060193392],[-59.415317515824206,-34.371419618644879],[-59.415313757826254,-34.371960476360847],[-59.415966038397613,-34.371963590719552],[-59.41596416145704,-34.37223401959082],[-59.416290302828237,-34.372235575482343],[-59.416288426910661,-34.372506004357227],[-59.416614569354863,-34.372507559395423],[-59.416612694460291,-34.372777988273882],[-59.417264981519672,-34.372781095774499],[-59.417263108696204,-34.373051524672199],[-59.417589253311377,-34.373053077134635],[-59.417587381510977,-34.373323506035881],[-59.417913527199147,-34.373325057644884],[-59.417911656421857,-34.373595486549711],[-59.418237803183011,-34.373597037305316],[-59.418235933428868,-34.373867466213703],[-59.418562081263026,-34.373869016115847],[-59.418558343776169,-34.374409873927647],[-59.419210643711558,-34.374412971187148],[-59.419208777027016,-34.374683400106136],[-59.419534928080168,-34.374684947447847],[-59.419533062418864,-34.374955376370366],[-59.419859214545014,-34.374956922858566],[-59.419857349906984,-34.375227351784588],[-59.42050965633009,-34.375230442184836],[-59.420513381388709,-34.374689584258483],[-59.42083953254123,-34.374691128123864],[-59.420841393985178,-34.374420699127043],[-59.421167544114375,-34.374422242107805],[-59.421174985449774,-34.373340525937799],[-59.420848839512907,-34.373338983019195],[-59.420852562127934,-34.37279812489291],[-59.420526418311958,-34.372796581136349],[-59.420528280630286,-34.372526152070677],[-59.420202137887152,-34.372524607460647],[-59.420205864545338,-34.371983749324201],[-59.419879723923032,-34.371982203876286],[-59.419885316867976,-34.371170916627861],[-59.419559179414421,-34.371169370357649],[-59.41956850573191,-34.369817224780292],[-59.419242373542751,-34.369815677719025],[-59.419249838340669,-34.368733961102372],[-59.418923710367785,-34.368732413234511],[-59.418927444713106,-34.368191554885016],[-59.418601318860702,-34.368190006179461],[-59.41860505520205,-34.367649147812926],[-59.418278931470098,-34.367647598269713],[-59.418280800651168,-34.367377169083952],[-59.417954677991887,-34.367375618687483],[-59.417958418374766,-34.366834760311015],[-59.417632297835873,-34.366833209076944],[-59.41763416903764,-34.366562779886252],[-59.417308049571396,-34.366561227798989],[-59.417311793995488,-34.366020369412681],[-59.416985676649581,-34.366018816487859],[-59.416989423069197,-34.365477958084583],[-59.416663307843564,-34.365476404322273],[-59.416665182063575,-34.365205975118187],[-59.416339067910563,-34.365204420502742],[-59.416342818370865,-34.364663562089724],[-59.416016706338098,-34.364662006636834],[-59.416020458793611,-34.364121148206898],[-59.415694348881011,-34.364119591916591],[-59.415698103331636,-34.36357873346978],[-59.415371995539196,-34.363577176342098],[-59.415375751984804,-34.363036317878397],[-59.415049646312475,-34.363034759913376],[-59.41505340475296,-34.362493901432828],[-59.414727301200671,-34.362492342630496],[-59.414731061635941,-34.361951484133087],[-59.414078858796493,-34.361948363985228],[-59.414080741071452,-34.361677934749856],[-59.414406841431187,-34.361679495242406],[-59.41440872263361,-34.361409065979267],[-59.414734821970988,-34.36141062558746],[-59.414738582205779,-34.360869766993581],[-59.413760290553455,-34.360865085657373],[-59.413762173775453,-34.360594656389495],[-59.413436077655604,-34.360593094222558],[-59.413437961899909,-34.360322664958339],[-59.412785771830293,-34.360319538050099],[-59.412787658144225,-34.360049108805313],[-59.412461564194501,-34.360047544064024],[-59.412455902035113,-34.3608588317149],[-59.412129804968409,-34.360857266057685],[-59.412124139440344,-34.361668553552704],[-59.41179803925651,-34.361666986979536],[-59.411799928838462,-34.361396557842362],[-59.411473829727242,-34.361394990416329],[-59.411477610910467,-34.360854132137376],[-59.411151513919293,-34.360852563874282],[-59.411153405520494,-34.360582134732518],[-59.411479501464271,-34.360583702979824],[-59.411483282496313,-34.360042844628495],[-59.411157188647273,-34.360041276412787],[-59.411164754598332,-34.35895955962863],[-59.411490844258019,-34.358961127781171],[-59.411492734635452,-34.358690698539192],[-59.415405799945241,-34.358709448432229],[-59.415403922135432,-34.358979877863071],[-59.415730012121571,-34.358981434724164],[-59.415728135334049,-34.359251864158608],[-59.416380317475962,-34.359254975306406],[-59.416376568015252,-34.359795834201805],[-59.41670266121838,-34.359797388504141],[-59.416700787497895,-34.3600678179494],[-59.417026881773367,-34.360069371398772],[-59.417025009075289,-34.360339800847626],[-59.4180032951935,-34.360344456030987],[-59.418001425612644,-34.360614885514678],[-59.420610198069028,-34.360627261242342],[-59.420608336842491,-34.360897690838605],[-59.421586630065548,-34.360902317450673],[-59.421584771956468,-34.361172747081469],[-59.422236969657199,-34.361175827177348],[-59.422235113618228,-34.361446256827108],[-59.422561213553131,-34.36144779558758],[-59.42255935853688,-34.361718225240772],[-59.423211560575758,-34.36172130018668],[-59.423209707629717,-34.361991729858808],[-59.423535809733664,-34.36199326604423],[-59.423533957810399,-34.362263695719761],[-59.424186164187297,-34.362266765515514],[-59.424184314334347,-34.36253719520991],[-59.424510418607284,-34.362538728820205],[-59.424508569777181,-34.362809158517983],[-59.425160780491979,-34.362812223163345],[-59.425158933732277,-34.363082652879939],[-59.425811146640577,-34.363085714081322],[-59.425809301951325,-34.363356143816659],[-59.427765947551066,-34.363365306664015],[-59.42776410912257,-34.36363573647958],[-59.428416326613757,-34.363638783842958],[-59.42840530809935,-34.365261362667404],[-59.428079193055893,-34.365259839328047],[-59.428077355503532,-34.365530269074561],[-59.427751239436894,-34.365528744851076],[-59.427742046069149,-34.366880893326169],[-59.426763682300994,-34.366876315212409],[-59.426765524166697,-34.366605885587603],[-59.426113283872766,-34.366602829198371],[-59.426111439911601,-34.366873258792388],[-59.425785318753761,-34.36687172927914],[-59.425777938472315,-34.367953447473049],[-59.426104063821185,-34.36795497704793],[-59.426102219737132,-34.368225406581665],[-59.426428346158346,-34.368226935303063],[-59.426424660012145,-34.368767794365148],[-59.426750788553541,-34.36876932224844],[-59.426747104404768,-34.369310181293073],[-59.427399365752571,-34.369313234514443],[-59.427393845632508,-34.37012452308322],[-59.427719979486817,-34.370126048436624],[-59.427718140445663,-34.370396477950798],[-59.428044275372393,-34.3703980024506],[-59.428040599312368,-34.370938861473491],[-59.428366736359457,-34.370940385135029],[-59.428364899340636,-34.371210814643717],[-59.428691037460148,-34.371212337451624],[-59.428687365445015,-34.37175319646353],[-59.429339645949284,-34.37175623953371],[-59.429337812000995,-34.372026669052211],[-59.430316236084657,-34.372031227185921],[-59.430318066888987,-34.371760797621526],[-59.430644207251035,-34.371762315246151],[-59.430638717908856,-34.372573603949014],[-59.430964861439293,-34.372575120750454],[-59.430963032657829,-34.37284555030925],[-59.430636888079341,-34.372844033492527],[-59.430635058225455,-34.373114463023988],[-59.429656621492249,-34.373109907313783],[-59.429654788469797,-34.373380336787321],[-59.428350202308721,-34.373374250279227],[-59.42834836506956,-34.373644679679408],[-59.42671762767889,-34.373637051913924],[-59.426719470158432,-34.373366622590559],[-59.426067177470095,-34.373363565431774],[-59.426069022021174,-34.373093136127125],[-59.42574287676193,-34.373091606259578],[-59.425744722336454,-34.372821176958283],[-59.425418578149845,-34.372819646237112],[-59.425427810893588,-34.37146749962681],[-59.425101671971589,-34.371465968113725],[-59.425105366992703,-34.370925109416035],[-59.424779230191227,-34.370923577064829],[-59.424784775681964,-34.370112288974177],[-59.424458642048869,-34.370110755800319],[-59.424462341015285,-34.369569897043803],[-59.424136209502592,-34.369568363031895],[-59.424138059996679,-34.369297933650998],[-59.423159668750202,-34.369293326448151],[-59.423161522363152,-34.369022897101608],[-59.422835393044892,-34.369021359645004],[-59.422840956878971,-34.368210071579398],[-59.42121032637592,-34.368202371495407],[-59.421201026999839,-34.369554517823346],[-59.421527158290061,-34.369556059655544],[-59.421523440461861,-34.370096918133356],[-59.42184957387262,-34.370098459127661],[-59.421845858041124,-34.370639317588285],[-59.422171993572448,-34.370640857744661],[-59.422164565804088,-34.371722574583252],[-59.422490705551944,-34.371724113932693],[-59.422486993615244,-34.372264972310639],[-59.422813135483814,-34.372266510822058],[-59.422807570537323,-34.373077798345015],[-59.422481425524673,-34.373076259787105],[-59.422479569445024,-34.373346688921821],[-59.422805715505717,-34.373348227495207],[-59.42280386044937,-34.37361865663334],[-59.423130007582856,-34.373620194353187],[-59.423128153549861,-34.373890623494766],[-59.423454301756145,-34.373892160361031],[-59.423452448746538,-34.374162589506014],[-59.424104747329345,-34.374165660662264],[-59.424102896391275,-34.374436089826119],[-59.424429046767791,-34.374437624116098],[-59.424423496949963,-34.375248911581629],[-59.424749650495549,-34.375250445048842],[-59.424745952590072,-34.375791303329798],[-59.425072108256643,-34.375792835958784],[-59.425070260315131,-34.376063265096604],[-59.425396417054529,-34.37606479687188],[-59.425394570136604,-34.376335226013069],[-59.426046885785631,-34.376338286987071],[-59.426045040939528,-34.376608716147011],[-59.427023517742121,-34.376613301135592],[-59.427025359443554,-34.376342871929481],[-59.428656149364151,-34.376350496117361],[-59.428654312903838,-34.376620925400239],[-59.428980472009663,-34.376622447645715],[-59.428978636573092,-34.376892876931862],[-59.42930479675163,-34.376894398323493],[-59.429295624443341,-34.378246544650004],[-59.428969459023413,-34.378245023181762],[-59.428967623440066,-34.37851545239559],[-59.429293789908343,-34.378516973879151],[-59.429280947478674,-34.380409978145416],[-59.429607121310035,-34.380411498866941],[-59.429603453921246,-34.380952357150839],[-59.429929629873925,-34.380953877033683],[-59.42991863341198,-34.38257645168779],[-59.430244815680069,-34.382577970793136],[-59.430239320265031,-34.383389258003298],[-59.430565505703235,-34.383390776285118],[-59.430563674897968,-34.383661205346343],[-59.430889861409177,-34.383662722774091],[-59.43088620182268,-34.384203580890919],[-59.430560013214269,-34.384202063432618],[-59.430554520505694,-34.385013350471574],[-59.430228328775748,-34.385011832098009],[-59.430224664750661,-34.385552690033123],[-59.430550858577966,-34.38555420843727],[-59.430547196552638,-34.386095066354727],[-59.43087339250178,-34.386096583919958],[-59.430869732476317,-34.38663744181973],[-59.431195930547297,-34.386638958546058],[-59.431194101546744,-34.386909387493134],[-59.431520300690885,-34.386910903365255],[-59.431518472714714,-34.387181332315514],[-59.431844672931994,-34.387182847333413],[-59.431842845980256,-34.387453276286877],[-59.431190443472502,-34.387450245351118],[-59.431184956178292,-34.388261532047615],[-59.430858751814533,-34.388260015229662],[-59.430856921618876,-34.388530444089106],[-59.430530716230663,-34.388528926386343],[-59.430527053668428,-34.389069784038497],[-59.42987463876981,-34.389066745963191],[-59.429872805354314,-34.389337174740596],[-59.429546596892742,-34.389335654383288],[-59.429544762403928,-34.389606083133344],[-59.428892343456383,-34.389603039779416],[-59.428890506845285,-34.389873468486769],[-59.428238085897824,-34.38987042162389],[-59.428236247164421,-34.390140850288489],[-59.427257612780295,-34.390136273426243],[-59.427255770875561,-34.39040670203272],[-59.426929558414322,-34.39040517465741],[-59.426925872433308,-34.390946031803423],[-59.426273443388702,-34.390942974382462],[-59.426271598263384,-34.391213402906587],[-59.425619167219203,-34.391210341976368],[-59.425617319971309,-34.391480770457633],[-59.424964886927626,-34.391477706018073],[-59.42496303755712,-34.391748134456407],[-59.424636820023217,-34.391746600916747],[-59.424631268616693,-34.39255788611311],[-59.424305047960381,-34.39255635165744],[-59.424303196393168,-34.392826780016676],[-59.42397697471246,-34.392825244675905],[-59.423971416715467,-34.393636529634811],[-59.423645191912193,-34.393634993377979],[-59.423641484359166,-34.394175849926015],[-59.423315257482351,-34.394174312768527],[-59.423313402619641,-34.394444741008975],[-59.422987174718415,-34.394443202966293],[-59.422985318781819,-34.394713631179201],[-59.422332860955251,-34.394710552453652],[-59.422331002895604,-34.394980980623501],[-59.421678543069753,-34.394977898387999],[-59.421676682886954,-34.395248326514754],[-59.421350451962027,-34.395246784076861],[-59.421348590705243,-34.395517212176031],[-59.420696126831437,-34.395514124659925],[-59.420697990186596,-34.395243696591834],[-59.421024221061906,-34.395245240769228],[-59.421027945599398,-34.394704384565777],[-59.421354174401181,-34.394705927842345],[-59.4213578967411,-34.39416507155957],[-59.421684123469383,-34.394166613935361],[-59.421685983553012,-34.39389618576034],[-59.422012209256962,-34.393897727250881],[-59.422017786211825,-34.393086442606929],[-59.422344008793239,-34.393087983181246],[-59.422347724541154,-34.392547126660617],[-59.422673945049198,-34.392548666334264],[-59.422679515338281,-34.391737381416334],[-59.422353297977295,-34.391735841789206],[-59.422357013477615,-34.391194985147948],[-59.422030798239398,-34.391193444682195],[-59.422032657001395,-34.390923016358975],[-59.421054014582346,-34.390918389790556],[-59.421055876466426,-34.390647961501877],[-59.420729663425313,-34.390646417588727],[-59.420727800492273,-34.390916845861881],[-59.419749158371083,-34.39091220885814],[-59.41974729226628,-34.391182637072554],[-59.419094862211885,-34.391179541357516],[-59.419092993984243,-34.391449969528672],[-59.418766777945393,-34.391448420351132],[-59.418768647222024,-34.391177992195551],[-59.418116217317035,-34.391174891262807],[-59.418114345942449,-34.391445319387159],[-59.417461914039258,-34.391442214944703],[-59.417458167019262,-34.391983071094742],[-59.417131949007107,-34.391981517537801],[-59.417130074410622,-34.392251945579098],[-59.416803855374447,-34.392250391136841],[-59.416801979703934,-34.392520819150413],[-59.416149539608476,-34.392517707625643],[-59.416145783996235,-34.393058563553957],[-59.415819561887922,-34.393057006455734],[-59.415812046166742,-34.394138718104898],[-59.415485819887067,-34.394137160074266],[-59.415474539259002,-34.395759727091935],[-59.415800771833695,-34.395761285216686],[-59.415798892690539,-34.396031713026417],[-59.416451360013475,-34.396034826697964],[-59.416449482943726,-34.396305254526972],[-59.416775717691962,-34.396306810073739],[-59.416773841646467,-34.396577237906371],[-59.417100077468938,-34.396578792598973],[-59.417098202447697,-34.3968492204352],[-59.41742443934443,-34.396850774273673],[-59.417422565347479,-34.397121202113439],[-59.417748803318453,-34.397122755097755],[-59.417750676266138,-34.39685232724235],[-59.418076913212801,-34.396853879341229],[-59.418078785086259,-34.396583451458135],[-59.418731256955894,-34.396586553015268],[-59.41872938718096,-34.396856980929584],[-59.419055624202429,-34.396858530419067],[-59.419051886676378,-34.397399386242704],[-59.418725647556329,-34.397397836722043],[-59.418720037932509,-34.398209120320217],[-59.419046280200504,-34.398210669887675],[-59.419044411325402,-34.398481097745226],[-59.419370654667652,-34.398482646458412],[-59.419368786817017,-34.398753074319472],[-59.420021275674898,-34.398756169167484],[-59.420019409898096,-34.399026597047637],[-59.420345655413733,-34.39902814318242],[-59.42034379066147,-34.399298571066062],[-59.420996283866046,-34.399301660757089],[-59.420994421187736,-34.399572088659767],[-59.421320668876675,-34.399573632215983],[-59.42131880722296,-34.399844060122142],[-59.421645055986133,-34.399845602824001],[-59.421643195357035,-34.400116030733621],[-59.422295695056626,-34.400119113558702],[-59.42229383650163,-34.400389541487293],[-59.423272589385078,-34.400394159247028],[-59.42327444479173,-34.400123731271968],[-59.424253194749376,-34.400128341156062],[-59.424255046982964,-34.39985791312251],[-59.4245812959688,-34.399859447995283],[-59.424583147128295,-34.399589019934233],[-59.424909395089372,-34.399590553921641],[-59.424911245174798,-34.399320125833079],[-59.425237492111123,-34.399321658935186],[-59.425239341122492,-34.399051230819133],[-59.425565587034065,-34.399052763035911],[-59.425569282884098,-34.398511906736786],[-59.425895526721554,-34.398513438052852],[-59.425899220374397,-34.397972581674651],[-59.426551703925739,-34.397975641635632],[-59.426555393282861,-34.39743478514756],[-59.426229153593532,-34.397433255632791],[-59.426230999284513,-34.397162827386062],[-59.42590476066907,-34.397161297016886],[-59.425908454075802,-34.396620440518063],[-59.426234690592679,-34.396621970856437],[-59.426232844950896,-34.396892399127282],[-59.426559082541644,-34.39689392861127],[-59.426557237924555,-34.397164356885426],[-59.426883476589147,-34.397165885515008],[-59.42688532015697,-34.396895457225433],[-59.427211557796873,-34.396896984969807],[-59.427213400290839,-34.396626556652791],[-59.427865873545741,-34.396629609501367],[-59.427867713916633,-34.396359181141541],[-59.428520185171124,-34.396362230480236],[-59.428522023419021,-34.396091802077677],[-59.42917449267302,-34.396094847906554],[-59.429176328797936,-34.395824419461263],[-59.429502562412416,-34.395825941055719],[-59.429504397463653,-34.395555512583044],[-59.430156862667516,-34.395558553132012],[-59.430158695595892,-34.39528812461667],[-59.430811158799074,-34.395291161655997],[-59.430812989604625,-34.395020733098029],[-59.43113922019365,-34.395022250297764],[-59.431141049925628,-34.394751821712482],[-59.432119738691355,-34.394756368047474],[-59.432121565251457,-34.394485939404362],[-59.432447793839593,-34.394487453094634],[-59.432449619326199,-34.394217024424215],[-59.433102074477098,-34.394220049165128],[-59.433103897841107,-34.39394962045219],[-59.433756350990933,-34.393952641683782],[-59.433758172232409,-34.393682212928397],[-59.434084397794614,-34.393683722224438],[-59.43408621796268,-34.393413293441796],[-59.434738667061652,-34.393416309394375],[-59.434740485107255,-34.393145880569293],[-59.435066708643994,-34.393147387225881],[-59.435068525616295,-34.392876958373584],[-59.435394748128161,-34.392878464145312],[-59.43539656402718,-34.392608035265795],[-59.43572278551418,-34.392609540152705],[-59.435726415141531,-34.392068682327206],[-59.436052634554606,-34.39207018631415],[-59.43605988932304,-34.390988470457884],[-59.436386104564264,-34.390989973514657],[-59.436393354750145,-34.389908257404947],[-59.436719565819708,-34.389909759531612],[-59.436725000058772,-34.389098472277354],[-59.437051208005784,-34.389099973489081],[-59.437053018321627,-34.388829544365102],[-59.437379225243902,-34.388831044692154],[-59.437382843705521,-34.388290186377823],[-59.438035253426939,-34.388293184362922],[-59.438031639160727,-34.388834042737628],[-59.43835784615527,-34.388835540456022],[-59.438356040034904,-34.389105969640369],[-59.439334664309577,-34.38911045762346],[-59.439332861311811,-34.389380886840932],[-59.439006652147327,-34.389379391701091],[-59.439003043981913,-34.389920250069743],[-59.439329255244218,-34.389921745239704],[-59.439325649080509,-34.390462603590251],[-59.438999435720319,-34.390461108390184],[-59.439001239863131,-34.390190679235999],[-59.438675027575925,-34.390189183181384],[-59.438671417168337,-34.390730041447583],[-59.438345202807284,-34.390728544493243],[-59.438339783868464,-34.391539831756894],[-59.43866600137649,-34.391541328756446],[-59.438667806664505,-34.391270899665557],[-59.439320239654705,-34.391273891025627],[-59.43932204282067,-34.391003461892545],[-59.439648258302846,-34.391004956253092],[-59.439650060395792,-34.390734527092931],[-59.439976274853002,-34.390736020568824],[-59.439978075872979,-34.390465591381563],[-59.440304289305224,-34.390467083972794],[-59.44030608925226,-34.390196654758448],[-59.441937151528293,-34.390204104595604],[-59.441938946206655,-34.389933675294195],[-59.442917580712596,-34.389938134716417],[-59.442919372220281,-34.38966770535805],[-59.443898003794338,-34.38967215690915],[-59.443896215433433,-34.38994258631233],[-59.445853485518256,-34.389951466025217],[-59.4458552675856,-34.389681036532629],[-59.446181478300709,-34.389682513426322],[-59.446183259295381,-34.389412083906855],[-59.446509468985283,-34.389413559916107],[-59.446511248907335,-34.389143130369725],[-59.446837457572066,-34.389144605494543],[-59.446842794049289,-34.388333316738468],[-59.447168999591113,-34.388334790949216],[-59.447186775819802,-34.385630494163671],[-59.44686058076578,-34.385629020101334],[-59.446864137824612,-34.385088160629259],[-59.446537944891702,-34.38508668572716],[-59.446543283448179,-34.384275396473207],[-59.44621709368495,-34.38427392074626],[-59.44621887420498,-34.384003490985691],[-59.446545062919569,-34.384004966697773],[-59.446548621791209,-34.383464107110761],[-59.446874808432291,-34.383465581923765],[-59.446876586783951,-34.383195152097329],[-59.446550401191466,-34.383193677299175],[-59.44655395992082,-34.38265281763983],[-59.44622777644917,-34.382651342002028],[-59.446229556826836,-34.382380912169133],[-59.446881921696708,-34.382383862545687],[-59.446883699953567,-34.382113432671041],[-59.447536062821179,-34.382116379540513],[-59.447537838957288,-34.381845949624136],[-59.448842560782353,-34.381851832871817],[-59.448844332700766,-34.381581402884144],[-59.44982287117206,-34.381585806147598],[-59.449824639921353,-34.381315376103551],[-59.450476996923115,-34.381318307236377],[-59.450480530157087,-34.380777447053092],[-59.450806706596325,-34.38077891128605],[-59.450808472129545,-34.380508481161584],[-59.451134647543867,-34.380509944510521],[-59.451138176442839,-34.379969084195977],[-59.451464349783805,-34.379970546646163],[-59.451467876491904,-34.379429686253957],[-59.451794047759549,-34.379431147805441],[-59.451797572276881,-34.378890287335601],[-59.452123741471276,-34.378891747988419],[-59.452127263797948,-34.378350887440959],[-59.4524534309191,-34.378352347195154],[-59.452463991046052,-34.376729765175362],[-59.452790151900878,-34.376731223972179],[-59.452791910791689,-34.376460793578694],[-59.453118070621713,-34.376462251491674],[-59.453119828440855,-34.37619182107143],[-59.45344598724607,-34.376193278100587],[-59.453447743993564,-34.375922847653626],[-59.453773901773978,-34.375924303798975],[-59.453775657449846,-34.375653873325319],[-59.45410181420543,-34.375655328586866],[-59.454103568809707,-34.375384898086502],[-59.454429724540503,-34.375386352464261],[-59.454434985068524,-34.374575060846922],[-59.454108832482241,-34.374573606513103],[-59.454112341480332,-34.374032745403916],[-59.45378619101367,-34.374031290230292],[-59.453789702014447,-34.373490429102219],[-59.45346355366739,-34.373488973088833],[-59.453467066670733,-34.372948111941867],[-59.453140920443225,-34.372946655088782],[-59.453142677957835,-34.372676224511899],[-59.452816532801805,-34.372674766804423],[-59.452818291341039,-34.372404336230169],[-59.452492147256486,-34.372402877668343],[-59.452493906820287,-34.372132447096746],[-59.452167763807225,-34.372130987680599],[-59.4521712849605,-34.371590126530599],[-59.451519003196779,-34.371587205150085],[-59.451522528448074,-34.371046344010736],[-59.451196389697401,-34.371044882046434],[-59.451198153335774,-34.370774451473409],[-59.45087201565655,-34.370772988654828],[-59.450875544958635,-34.370232127502078],[-59.450549409398796,-34.370230663844012],[-59.450551175062479,-34.369960233264315],[-59.450225040574082,-34.369958768752028],[-59.450228573926616,-34.369417907585955],[-59.449902441557541,-34.369416442234268],[-59.449904209246355,-34.369146011647913],[-59.449578077948715,-34.36914454544204],[-59.449579846661841,-34.3688741148584],[-59.449253716435621,-34.368872647798376],[-59.44926079524361,-34.367790925402417],[-59.449586921278538,-34.367792392403338],[-59.449588689873792,-34.367521961759451],[-59.449914814884515,-34.367523427876733],[-59.44991658240842,-34.367252997206016],[-59.449264334506083,-34.367250064132136],[-59.449262564886624,-34.367520494773302],[-59.44893643992306,-34.367519026918288],[-59.448934669232251,-34.367789457532631],[-59.44828241728036,-34.367786519186403],[-59.448285962829488,-34.367245658004862],[-59.447633715163214,-34.367242716242409],[-59.447635489997836,-34.366972285663181],[-59.447961612771408,-34.366973756964015],[-59.447965160274258,-34.366432895739784],[-59.448291280975994,-34.366434366142173],[-59.44829305364425,-34.366163935497156],[-59.448619173321887,-34.36616540501592],[-59.448620944918822,-34.36589497434408],[-59.44764258909985,-34.365890563225776],[-59.44764436381621,-34.365620132586308],[-59.446992128817179,-34.365617187526361],[-59.446993905605233,-34.365346756904493],[-59.446667789188901,-34.36534528308615],[-59.446669567000917,-34.365074852467089],[-59.44601733633467,-34.365071902253732],[-59.446019116218281,-34.364801471652314],[-59.44569300196838,-34.364799995257329],[-59.445694782875904,-34.364529564658731],[-59.445042556542546,-34.364526609292191],[-59.445044339521552,-34.364256178711308],[-59.44471822743813,-34.364254699739782],[-59.444720011440978,-34.363984269161747],[-59.443089456618779,-34.363976861347311],[-59.443084088824733,-34.364788152821475],[-59.442757974788961,-34.364786668607493],[-59.442756184428937,-34.36505709905984],[-59.442103954333689,-34.365054127995627],[-59.442093199100263,-34.366676710277005],[-59.441767077802353,-34.366675223351905],[-59.441761696719865,-34.367486514284977],[-59.442087821161039,-34.367488001255012],[-59.442086028466839,-34.367758431556901],[-59.441759902977886,-34.367756944571894],[-59.441750933909404,-34.369109095825692],[-59.442077064637431,-34.369110582885583],[-59.442075271799879,-34.369381013115145],[-59.442401403599661,-34.369382499321091],[-59.44239961178608,-34.369652929553602],[-59.442073478938418,-34.369651443332685],[-59.442069893143831,-34.370192303731571],[-59.441743758224263,-34.370190816611782],[-59.441745552181409,-34.36992038643335],[-59.44141941833368,-34.369918898459574],[-59.441405057623385,-34.372082339429788],[-59.440752773232475,-34.372079360635489],[-59.440750975940006,-34.37234979067253],[-59.440424832732447,-34.372348299956855],[-59.440421235979578,-34.372889159964757],[-59.440095090699927,-34.372887668350018],[-59.440093291239492,-34.373158098320864],[-59.439767144935779,-34.373156605822047],[-59.43976354384678,-34.373697465697532],[-59.439437395470911,-34.373695972299608],[-59.439433792189725,-34.374236832096798],[-59.439107641741664,-34.374235337799732],[-59.439104036268155,-34.374776197518599],[-59.438777883747861,-34.374774702322341],[-59.438768864402746,-34.376126851333289],[-59.438442706665619,-34.376125355192592],[-59.438431876368533,-34.377747933517561],[-59.438105712365925,-34.377746436417276],[-59.438093068586277,-34.37963944380904],[-59.438419239927327,-34.379640941014856],[-59.438412018574461,-34.380722659319524],[-59.438738194133258,-34.380724155716322],[-59.438723758660615,-34.382887591867522],[-59.439049942631534,-34.382889087515508],[-59.439040924922502,-34.384241234793507],[-59.439367114160433,-34.384242729647383],[-59.439363509005865,-34.384783588504291],[-59.439689700365108,-34.384785082518846],[-59.439687898800457,-34.385055511944259],[-59.440014091232385,-34.385057005104422],[-59.440010490128422,-34.385597863949165],[-59.439684295599129,-34.385596370758911],[-59.439682493962422,-34.385866800148158],[-59.439030102878426,-34.385863811129248],[-59.439028299120267,-34.386134240476345],[-59.438049709528457,-34.386129750381848],[-59.438047902600054,-34.386400179671668],[-59.437721705068839,-34.386398681219511],[-59.437719897067602,-34.386669110482188],[-59.435762706094387,-34.386660101419494],[-59.435760891776489,-34.38693053057942],[-59.435434692316733,-34.386929026010648],[-59.435432876925866,-34.387199455143367],[-59.435106676441521,-34.387197949689956],[-59.435104859977685,-34.387468378795482],[-59.434778658468765,-34.387466872457381],[-59.434775023370811,-34.388007730601906],[-59.433470209187028,-34.388001696433008],[-59.433472030943392,-34.387731267427526],[-59.432819626094769,-34.38772824515636],[-59.432821449924447,-34.387457816169267],[-59.432169047270648,-34.387454790450505],[-59.432170873173618,-34.387184361481786],[-59.432497073439549,-34.387185874760668],[-59.432502547856132,-34.386374587736498],[-59.43282874500013,-34.386376100100215],[-59.432830568708276,-34.38610567105281],[-59.432504372613018,-34.386104158704313],[-59.432508022053824,-34.385563300603792],[-59.432181828080317,-34.385561787416322],[-59.432185479521209,-34.385020929298015],[-59.43185928766939,-34.385019415271572],[-59.431862941110282,-34.384478557135537],[-59.432189130864799,-34.384480071131478],[-59.432192782111052,-34.383939212916729],[-59.43349753298326,-34.383945260084694],[-59.433495711566778,-34.384215689258973],[-59.433821900394165,-34.384217198892685],[-59.43382008000205,-34.384487628070119],[-59.435451029745842,-34.384495163273542],[-59.435452844894783,-34.384224734020236],[-59.43610522286447,-34.384227741985455],[-59.436107035891965,-34.383957312689816],[-59.436433223864434,-34.383958815353203],[-59.436435035819159,-34.383688386030386],[-59.436761222767181,-34.383689887809226],[-59.436773898434261,-34.381796882106023],[-59.436447718826138,-34.381795380433019],[-59.436451342325078,-34.381254521582413],[-59.436125164838074,-34.381253019070307],[-59.436132415740026,-34.380171301284946],[-59.435806242470981,-34.380169797964093],[-59.435809869873815,-34.379628939029345],[-59.436136041046055,-34.379630442319915],[-59.436141478823906,-34.378819153781983],[-59.436467646875172,-34.378820656157892],[-59.436473081290615,-34.378009367466063],[-59.436799246221042,-34.378010868927412],[-59.436817348887615,-34.375306572353175],[-59.437143503359778,-34.375308072794247],[-59.437148930544843,-34.374496783541574],[-59.437475081896672,-34.37449828306822],[-59.437480505720423,-34.373686993661764],[-59.437806653952009,-34.373688492274056],[-59.437812074414701,-34.372877202713823],[-59.438138219526195,-34.372878700411832],[-59.438143636628098,-34.372067410697866],[-59.438469778619563,-34.372068907481598],[-59.438473387804521,-34.371528047581869],[-59.438799527724058,-34.371529543466472],[-59.43880674161359,-34.370447823462136],[-59.439132877365367,-34.370449318417535],[-59.439138284386431,-34.369638028242541],[-59.439464417018542,-34.369639522283833],[-59.439477025225514,-34.367746511348365],[-59.439803150546801,-34.367748004415489],[-59.439824749307078,-34.364502841257348],[-59.440150862079996,-34.364504333275271],[-59.440161653879365,-34.362881750955232],[-59.440813866926206,-34.362884732204641],[-59.440822848958184,-34.361532579789703],[-59.441148950280038,-34.361534069036338],[-59.441154336069594,-34.360722777397775],[-59.440828237890052,-34.360721288196125],[-59.44083003415281,-34.360450857640828],[-59.440503937044625,-34.360449367585538],[-59.440505734330834,-34.360178937033204],[-59.440179638293991,-34.360177446124304],[-59.440181436603631,-34.359907015574933],[-59.439855341638143,-34.359905523812429],[-59.439857140971192,-34.359635093266043],[-59.439531047077054,-34.359633600649964],[-59.439532847433455,-34.359363170106533],[-59.439206754610673,-34.359361676636873],[-59.439210357346191,-34.358820815543979],[-59.443449538679189,-34.358840162508912]],[[-59.418314441650978,-34.362509441678192],[-59.41766223407167,-34.362506340578619],[-59.417660363243954,-34.362776769950216],[-59.417986468068641,-34.362778320949971],[-59.417984598263516,-34.36304875032512],[-59.418310704160646,-34.36305030047177],[-59.418303228881086,-34.364132017914216],[-59.418629338993334,-34.364133567254584],[-59.41862560329929,-34.364674425934673],[-59.418951715531605,-34.364675974437482],[-59.418947981833242,-34.365216833100526],[-59.419274096185681,-34.365218380765747],[-59.41927036448309,-34.365759239411716],[-59.419596480955704,-34.365760786239321],[-59.419592751248999,-34.366301644868216],[-59.419918869841823,-34.366303190858162],[-59.419915142131103,-34.366844049469954],[-59.420241262844172,-34.366845594622205],[-59.420239399999289,-34.36711602392559],[-59.42056552178493,-34.36711756822455],[-59.420561798116154,-34.367658426826225],[-59.420887922022104,-34.367659970287427],[-59.42088606119826,-34.367930399585724],[-59.422190561260997,-34.367936564804118],[-59.422192417893754,-34.367666135443734],[-59.421866293888691,-34.367664595457953],[-59.421868151544459,-34.367394166101022],[-59.422520397483822,-34.367397245172732],[-59.422522253019338,-34.367126815772728],[-59.422848374978372,-34.36712835398982],[-59.422852083879789,-34.366587495122673],[-59.422525964016188,-34.366585956936568],[-59.422529674914131,-34.366045098052176],[-59.423181910475243,-34.366048173493624],[-59.423183763791769,-34.365777744002365],[-59.422531530325998,-34.365774668591904],[-59.422535241075565,-34.365233809635157],[-59.422209126475074,-34.365232270657735],[-59.422212839220968,-34.364691411683751],[-59.421886726740468,-34.364689871868563],[-59.42188858412392,-34.364419442378995],[-59.421562472715763,-34.364417901710553],[-59.421564331122056,-34.364147472224424],[-59.421238220786258,-34.364145930702769],[-59.421240080215341,-34.363875501220136],[-59.420913970951936,-34.36387395884524],[-59.420915831403782,-34.363603529366081],[-59.420589723212707,-34.363601986138001],[-59.420591584687322,-34.363331556662324],[-59.419939370474729,-34.363328467631085],[-59.419941234019603,-34.363058038174472],[-59.419289022001408,-34.363054945699517],[-59.419290887616476,-34.362784516261968],[-59.418312572918261,-34.362779871081017],[-59.418314441650978,-34.362509441678192]],[[-59.400378769907434,-34.362422895330951],[-59.400052667496645,-34.362421297437919],[-59.400010258930529,-34.368370721983354],[-59.400336384389192,-34.368372320230449],[-59.400324822545336,-34.369994889644154],[-59.400650954316639,-34.369996487118883],[-59.400649028300656,-34.370266915328351],[-59.400975161145496,-34.370268511950258],[-59.400973236151721,-34.370538940163748],[-59.401625504014149,-34.370542130832874],[-59.401623581090533,-34.370812559066437],[-59.402275851151288,-34.370815746291896],[-59.402273930297881,-34.371086174545482],[-59.402600066414585,-34.371087766870808],[-59.402598146583507,-34.371358195128373],[-59.403250420989522,-34.371361377204217],[-59.403246585442439,-34.371902233747214],[-59.403572724779707,-34.371903823513712],[-59.403566974411348,-34.372715108285746],[-59.403893116918127,-34.372716697231247],[-59.403889285307542,-34.373257553717615],[-59.403236996127404,-34.373254374893584],[-59.403240831930098,-34.372713518471237],[-59.402914689474429,-34.372711927787705],[-59.402916608385439,-34.372441499574443],[-59.402590467003343,-34.37243990803794],[-59.402592386936767,-34.372169479828642],[-59.40096168565033,-34.372161509191308],[-59.40096361079803,-34.371891081050229],[-59.400637471665632,-34.371889484331852],[-59.400633619248609,-34.372430340569807],[-59.400307478045903,-34.372428742950291],[-59.400301696083773,-34.373240027168492],[-59.399975551762715,-34.373238428631666],[-59.399969766425222,-34.374049712693008],[-59.400295913890446,-34.374051311278123],[-59.400292058966457,-34.374592167290849],[-59.400944358166292,-34.374595361918246],[-59.400942432762001,-34.374865789938681],[-59.401268583448527,-34.374867385964841],[-59.401266659066692,-34.375137813989276],[-59.400614355623027,-34.375134621035741],[-59.400604722847426,-34.376486760816228],[-59.400930879797272,-34.376488357807951],[-59.400925102968472,-34.37729964157969],[-59.401251263088653,-34.377301237750487],[-59.401245489173682,-34.378112521461851],[-59.401571652464327,-34.37811411681168],[-59.401558186436596,-34.38000711182832],[-59.401884357091241,-34.38000870642135],[-59.401878588697137,-34.380819989867085],[-59.402204762522622,-34.380821583639019],[-59.402200918895304,-34.381362439241251],[-59.402527094843315,-34.381364032175988],[-59.402523253210482,-34.381904887762033],[-59.402849431281012,-34.381906479859531],[-59.402845591642794,-34.382447335429376],[-59.403171771835915,-34.382448926689605],[-59.403167934192389,-34.382989782243229],[-59.403494116508149,-34.382991372666169],[-59.403490280859458,-34.383532228203563],[-59.403816465297879,-34.38353381778915],[-59.403812631644108,-34.384074673310295],[-59.404138818205247,-34.384076262058507],[-59.404136902388643,-34.384346689816951],[-59.404463090023931,-34.384348277711787],[-59.404461175230423,-34.384618705474168],[-59.404787363939832,-34.384620292515578],[-59.404783536373536,-34.385161148036097],[-59.405109727205733,-34.385162734240069],[-59.405107814432995,-34.385433161998186],[-59.40576019827121,-34.385436331829766],[-59.405758287570315,-34.385706759607736],[-59.406410673607724,-34.385709925993503],[-59.406408764978757,-34.385980353791282],[-59.406734959084311,-34.385981935695945],[-59.406733051478625,-34.38625236349759],[-59.407059246658321,-34.386253944548713],[-59.407057340075909,-34.386524372354216],[-59.407709732608957,-34.386527531879921],[-59.407713541553491,-34.385986676193234],[-59.408039735760667,-34.385988254620102],[-59.408041639146163,-34.385717826742784],[-59.408367832330001,-34.385719404284323],[-59.408371636927569,-34.385178548461688],[-59.408697828039415,-34.385180125102053],[-59.408699729251524,-34.384909697156765],[-59.40902591934006,-34.38491127291185],[-59.409031619678437,-34.384099988956002],[-59.409357806646447,-34.384101563794111],[-59.40936160464824,-34.383560707731498],[-59.409687789544357,-34.383562281668539],[-59.409689687458716,-34.383291853603289],[-59.410015871331559,-34.383293426655115],[-59.410012077574684,-34.383834282805218],[-59.410990635636288,-34.383838996839458],[-59.410992529381623,-34.383568568722978],[-59.411318714404068,-34.383570138313168],[-59.411314928985355,-34.384110994565681],[-59.410662554771335,-34.384107854452694],[-59.410660659926926,-34.384378282529219],[-59.410334471809172,-34.384376711152832],[-59.410330679947315,-34.384917567238084],[-59.410004489757547,-34.384915994960636],[-59.410000695697313,-34.385456850965966],[-59.409674503435511,-34.385455277787429],[-59.409670707176751,-34.385996133712815],[-59.409344512842885,-34.385994559633168],[-59.409342613626855,-34.386264987561908],[-59.40901641826958,-34.386263412596961],[-59.409012617664118,-34.386804268386562],[-59.408360222830666,-34.386801115784806],[-59.408358320392438,-34.387071543629766],[-59.408032121964986,-34.387069966008795],[-59.408028314914922,-34.387610821630759],[-59.408354515439918,-34.387612399283469],[-59.40835261292564,-34.387882827092255],[-59.408678814524784,-34.387884403891348],[-59.408675011517765,-34.388425259504416],[-59.409001215239869,-34.388426835465751],[-59.408997414229169,-34.388967691062305],[-59.409323620074289,-34.388969266185811],[-59.409319821060002,-34.389510121765809],[-59.409646029028181,-34.389511696051507],[-59.409644130531959,-34.389782123839247],[-59.409970339574329,-34.389783697271206],[-59.4099684421017,-34.390054125062733],[-59.410294652218269,-34.390055697640953],[-59.41029085929501,-34.390596553219474],[-59.410617071534709,-34.390598124959773],[-59.410615176084114,-34.390868552746738],[-59.410941389398019,-34.390870123633249],[-59.410937600518984,-34.391410979202647],[-59.411263815956062,-34.391412549251172],[-59.41126002907405,-34.391953404803907],[-59.411586246634364,-34.391954974014403],[-59.411584354204521,-34.392225401788494],[-59.411910572839069,-34.392226970145131],[-59.411906790001794,-34.392767825688637],[-59.412233010759635,-34.392769393207203],[-59.412231120352224,-34.393039820976647],[-59.412557342184343,-34.393041387641304],[-59.412555452800831,-34.393311815414457],[-59.413207898638696,-34.393314946166264],[-59.413209785924067,-34.393044518361606],[-59.413536007831667,-34.393046082417214],[-59.413537894042811,-34.39277565458476],[-59.413864114926476,-34.392777217754976],[-59.413869770261975,-34.391965934137943],[-59.414195988023664,-34.391967496391331],[-59.414216710781112,-34.388992788693578],[-59.41486912330317,-34.388995910245711],[-59.414865359950532,-34.389536766362184],[-59.415191568346955,-34.389538325865324],[-59.415187806991831,-34.390079181964936],[-59.415514017511107,-34.390080740629905],[-59.415508378437245,-34.390892024735912],[-59.415834592128391,-34.390893582578357],[-59.415832713435975,-34.391164010605252],[-59.417463787511814,-34.391171786851579],[-59.417465660959408,-34.390901358746405],[-59.418118088666681,-34.390904463126382],[-59.418119959991387,-34.390634034977886],[-59.418446172833484,-34.390635585847846],[-59.418449913310212,-34.390094729483444],[-59.418776124079365,-34.390096279452585],[-59.418777993231409,-34.389825851236687],[-59.419104202976577,-34.389827400320669],[-59.41910793910818,-34.38928654382147],[-59.419434146780446,-34.389288092004698],[-59.41943601376002,-34.389017663721418],[-59.420088427081431,-34.389020757448051],[-59.420090291938415,-34.388750329121571],[-59.420742703261517,-34.388753419338904],[-59.420740840502255,-34.389023847696485],[-59.421393254022384,-34.389026934466735],[-59.421391393336037,-34.389297362843323],[-59.421717601182202,-34.389298904939643],[-59.421715741519947,-34.38956933331972],[-59.422041950439755,-34.389570874562004],[-59.422038233138714,-34.390111731316985],[-59.422690655248303,-34.390114811254847],[-59.422686942043939,-34.390655668023584],[-59.423339368448246,-34.390658744545071],[-59.423341222964893,-34.390388316135741],[-59.424972284163211,-34.390395992144086],[-59.424974133410473,-34.39012556364542],[-59.425300344675193,-34.390127096222884],[-59.425302192848932,-34.389856667696741],[-59.425954613354385,-34.389859730212052],[-59.425956459405661,-34.389589301643007],[-59.426935087201649,-34.389593888847934],[-59.426936930081631,-34.389323460220673],[-59.42791555495198,-34.389328039553391],[-59.427917394660767,-34.38905761086793],[-59.42824360195106,-34.389059135557694],[-59.428245440586451,-34.388788706844849],[-59.428571646852383,-34.388790230649725],[-59.428573484414429,-34.388519801909474],[-59.428899689655985,-34.388521324829469],[-59.428905199048693,-34.387710038490361],[-59.429231401168252,-34.387711560494857],[-59.429238742487435,-34.386629845145933],[-59.428912544562976,-34.38662832320275],[-59.428916217173295,-34.386087465486575],[-59.428590021370788,-34.386085942704568],[-59.428593695980616,-34.385545084970836],[-59.428267502299995,-34.385543561350062],[-59.428269340616865,-34.385273132480442],[-59.427943148009454,-34.38527160800556],[-59.4279449873505,-34.38500117913923],[-59.427292604306558,-34.384998127611901],[-59.427294445720378,-34.384727698764245],[-59.423380162105992,-34.384709316754019],[-59.42337830810829,-34.384979745416615],[-59.422725925753852,-34.384976669545502],[-59.422727781848849,-34.384706240913879],[-59.420770641671609,-34.384696992527637],[-59.4207725040337,-34.384426563977073],[-59.420446315139586,-34.384425019551969],[-59.420448178525483,-34.384154591004894],[-59.419143427391987,-34.384148404672814],[-59.419141559811614,-34.384418833157618],[-59.41783680488188,-34.384412632852865],[-59.417834933082055,-34.384683061263196],[-59.417508743363321,-34.384681508997879],[-59.417510616211764,-34.384411080603201],[-59.417184427566625,-34.384409527484117],[-59.417182553669569,-34.384679955863163],[-59.416203984738132,-34.384675291242559],[-59.416211492759928,-34.38359357784185],[-59.415885307360583,-34.383592021292188],[-59.415887185352069,-34.383321592927516],[-59.414582448199397,-34.38331535809796],[-59.414580566013612,-34.38358578639987],[-59.414254380739543,-34.383584225503363],[-59.414252497480085,-34.383854653777448],[-59.413926311182529,-34.38385309199586],[-59.41392442684937,-34.384123520242191],[-59.413598239528305,-34.384121957575488],[-59.413600124910083,-34.383851529344881],[-59.41294775244058,-34.38384840143479],[-59.4129496398944,-34.383577973223623],[-59.412623454745976,-34.383576407980271],[-59.41264422661127,-34.380601697034621],[-59.412318053021522,-34.380600131095335],[-59.412321831493983,-34.380059274434473],[-59.41199566002625,-34.380057707657464],[-59.411997550273099,-34.379787279324717],[-59.411671379878939,-34.379785711694247],[-59.411675162393792,-34.379244855024133],[-59.411348994121582,-34.379243286555997],[-59.411350886389549,-34.378972858218638],[-59.411024719190912,-34.378971288897077],[-59.411028505747822,-34.378430432217755],[-59.410702340671079,-34.378428862058605],[-59.410706129223684,-34.377888005362642],[-59.410379966268763,-34.377886434365912],[-59.410383756816913,-34.377345577653365],[-59.410057595983801,-34.377344005819111],[-59.410063284761286,-34.376532720707274],[-59.40973712709814,-34.376531148051349],[-59.409740921586504,-34.375990291281468],[-59.409414766045046,-34.375988717788111],[-59.409416664299478,-34.375718289400929],[-59.409090509831501,-34.375716715054288],[-59.409092409108801,-34.375446286670886],[-59.408766255714305,-34.375444711471012],[-59.408768156014432,-34.375174283091404],[-59.408442003693402,-34.375172707038296],[-59.408445806313956,-34.374631850274653],[-59.408119656114536,-34.374630273384192],[-59.408121558434893,-34.37435984500015],[-59.407795409308932,-34.374358267256511],[-59.407799215969781,-34.373817410484001],[-59.407473068965345,-34.373815831903094],[-59.407474973305803,-34.373545403514633],[-59.407148827374805,-34.373543824080564],[-59.407152638075637,-34.373002967299286],[-59.406826494266134,-34.373001387028005],[-59.406830306961417,-34.372460530230292],[-59.406504165273354,-34.372458949121828],[-59.406507979962967,-34.371918092307709],[-59.406181840396293,-34.371916510362098],[-59.406185657080179,-34.371375653531572],[-59.405859519634859,-34.37137407074885],[-59.405870975363463,-34.369751500063394],[-59.405544844230995,-34.369749916507374],[-59.405552485065833,-34.368668202539595],[-59.405226358150152,-34.368666618178487],[-59.405230180510394,-34.368125761154126],[-59.404904055715768,-34.368124175956076],[-59.404917440508385,-34.366231176102517],[-59.404591323073333,-34.366229590147412],[-59.404597062173742,-34.365418304362876],[-59.404270947907143,-34.365416717586882],[-59.404276689920941,-34.364605431741694],[-59.403950578822688,-34.364603844144902],[-59.403954408799514,-34.364062986886445],[-59.403628299821932,-34.364061398452911],[-59.403630215819625,-34.363790969821572],[-59.403304107915154,-34.363789380535295],[-59.403306024934835,-34.36351895190792],[-59.402979918103462,-34.36351736176892],[-59.402981836145131,-34.36324693314549],[-59.402329624654136,-34.363243750293442],[-59.402331544765282,-34.362973321689999],[-59.401679335471684,-34.362970135395223],[-59.401681257652228,-34.362699706811803],[-59.400376843562569,-34.362693323862146],[-59.400378769907434,-34.362422895330951]],[[-59.442761555437393,-34.364245807666677],[-59.442435443520708,-34.364244322613835],[-59.442433652160808,-34.364514753075312],[-59.442759765125111,-34.364516238143111],[-59.442761555437393,-34.364245807666677]],[[-59.401945872279832,-34.371355009576654],[-59.40161973516642,-34.371353415497339],[-59.40161781216591,-34.371623843694707],[-59.400965535920086,-34.371620652897064],[-59.40096361079803,-34.371891081050229],[-59.402268167584054,-34.371897459233836],[-59.40227008851425,-34.371627031016459],[-59.401943950327286,-34.371625437790073],[-59.401945872279832,-34.371355009576654]],[[-59.384605261137203,-34.378841287195449],[-59.384279096054073,-34.378839646598706],[-59.384277116774392,-34.379110073594795],[-59.38460328290585,-34.379111714208051],[-59.384605261137203,-34.378841287195449]],[[-59.387864945668163,-34.379128072534122],[-59.386560280247735,-34.379121539634227],[-59.38655830828003,-34.379391966733671],[-59.385253639086784,-34.379385419860483],[-59.385251662899385,-34.379655846881953],[-59.382316149321539,-34.379641065419179],[-59.382314163672561,-34.379911492279753],[-59.381987994581017,-34.379909845532289],[-59.381986007857201,-34.380180272364186],[-59.381659837743754,-34.38017862473091],[-59.381657849945078,-34.380449051534171],[-59.381331678809737,-34.380447403015054],[-59.381323723156392,-34.38152911004093],[-59.381649898485414,-34.381530758626432],[-59.381647910554264,-34.381801185369319],[-59.38132173417678,-34.381799536767211],[-59.381315767078917,-34.38261081687363],[-59.380989587582505,-34.382609167352399],[-59.380985607287677,-34.383150020663095],[-59.379680881179191,-34.383143413751938],[-59.379678886797834,-34.383413840322646],[-59.379026521805947,-34.383410531617734],[-59.379028518284379,-34.383140105080329],[-59.378049974141753,-34.383135135552905],[-59.378051973739154,-34.38286470905345],[-59.377399613207665,-34.382861391721882],[-59.377401614875424,-34.382590965243757],[-59.377075435698217,-34.382589305290715],[-59.377073432981923,-34.382859731752106],[-59.376421072610555,-34.382856409204592],[-59.376419067770556,-34.38312683562048],[-59.376092886576416,-34.383125173025995],[-59.376076838505753,-34.385288583784423],[-59.376403028088568,-34.385290246512838],[-59.376399017900866,-34.385831099115158],[-59.376725209607699,-34.385832761007627],[-59.376721201410462,-34.386373613595133],[-59.377047395241384,-34.38637527465162],[-59.377045392151388,-34.38664570094398],[-59.377697781990712,-34.386649020482054],[-59.377695780971465,-34.386919446795751],[-59.379326761279771,-34.38692773050898],[-59.379324765477534,-34.387198156894023],[-59.379650962667782,-34.387199811044937],[-59.379638993588443,-34.388822369201456],[-59.379965197097967,-34.388824022582796],[-59.379963203207204,-34.389094448916588],[-59.380289407792141,-34.389096101445013],[-59.380287414923636,-34.389366527783395],[-59.380613620583979,-34.38936817945892],[-59.380611628737768,-34.389638605801835],[-59.381264042235813,-34.389641906577523],[-59.381262052460805,-34.389912332941599],[-59.382566883970497,-34.389918924124757],[-59.382564898364549,-34.390189350543103],[-59.382891107357054,-34.390190996181573],[-59.382889122773541,-34.39046142260441],[-59.383215332841395,-34.390463067389867],[-59.383213349280354,-34.390733493817187],[-59.38353956042355,-34.390735137749608],[-59.383537577885029,-34.39100556418142],[-59.384190002348568,-34.391008849470595],[-59.384188021881492,-34.391279275923395],[-59.38451423520182,-34.391280917280106],[-59.384512255757322,-34.391551343737369],[-59.384186041388034,-34.391549702364124],[-59.384184060868186,-34.39182012879278],[-59.382879199459232,-34.391813554537528],[-59.382877214717006,-34.392083980887918],[-59.382550998381895,-34.392082335133502],[-59.382549012564205,-34.39235276145525],[-59.382222795206545,-34.392351114814616],[-59.382218821393771,-34.392891967388756],[-59.381892601964537,-34.392890319845314],[-59.381890613969375,-34.393160746097692],[-59.381564393517586,-34.393159097667997],[-59.381562404446889,-34.39342952389169],[-59.381236182972536,-34.39342787457575],[-59.381230212454106,-34.394239153124609],[-59.381556437075723,-34.394240802490373],[-59.381554447898964,-34.394511228665785],[-59.381880673596179,-34.394512877178421],[-59.381882661723807,-34.394242450986425],[-59.382208886398416,-34.394244098612795],[-59.382210873450447,-34.393973672392143],[-59.382863320780878,-34.393976965002651],[-59.382861335827045,-34.394247391256464],[-59.38318756058105,-34.394249036273727],[-59.383183592692269,-34.394789888778249],[-59.38383604647607,-34.394793176269893],[-59.383830100739551,-34.395604455035361],[-59.384156330818541,-34.395606097526226],[-59.384150387991887,-34.396417376232634],[-59.384476621244893,-34.396419017903327],[-59.384470681328359,-34.397230296550624],[-59.384796917755466,-34.397231937401102],[-59.384792959777741,-34.397772789805302],[-59.385119198329804,-34.397774429818995],[-59.385117220350651,-34.398044856019489],[-59.385443459978376,-34.398046495179877],[-59.385441483022184,-34.398316921384804],[-59.385767723725564,-34.398318559691837],[-59.385765747792355,-34.398588985901192],[-59.38641823137673,-34.398592259938738],[-59.386420205211294,-34.398321833696436],[-59.386746445993616,-34.398323469393979],[-59.386748418752539,-34.398053043123141],[-59.387074658511843,-34.398054677934404],[-59.387076630195168,-34.397784251635045],[-59.388055346482794,-34.397789150800541],[-59.38805731499199,-34.397518724439792],[-59.38838355275773,-34.397520355738912],[-59.388379617811701,-34.398061208481202],[-59.388705857702256,-34.398062838943339],[-59.388701924749974,-34.398603691670154],[-59.389028166765392,-34.398605321295278],[-59.389026201299288,-34.39887574765698],[-59.389352444390248,-34.398877376428665],[-59.389350479947311,-34.39914780279468],[-59.389676724113791,-34.399149430712889],[-59.389674760694071,-34.399419857083217],[-59.390327251204269,-34.399423110342795],[-59.390325289857124,-34.399693536733814],[-59.391304028966623,-34.399698410148218],[-59.39130207074156,-34.399968836576214],[-59.391954565710527,-34.399972081202421],[-59.391952609558217,-34.400242507650987],[-59.392278858131228,-34.400244128675574],[-59.392276903002269,-34.400514555128396],[-59.392603152650778,-34.400516175299394],[-59.392599244413596,-34.401057028201443],[-59.392925496187061,-34.401058647535137],[-59.392921589944656,-34.40159950042149],[-59.393247843843127,-34.401601118917824],[-59.393245891732384,-34.401871545359192],[-59.393572146706354,-34.401873163001881],[-59.393570195619127,-34.402143589447427],[-59.393896451668603,-34.402145206236462],[-59.393894501604905,-34.402415632686214],[-59.394547015880903,-34.40241886368689],[-59.394545067890292,-34.402689290157099],[-59.395850100951897,-34.402695741783752],[-59.395848157133585,-34.402966168306811],[-59.396174416513347,-34.402967779054741],[-59.396172473718693,-34.403238205581985],[-59.396498734173925,-34.40323981547612],[-59.396481257303783,-34.405673653823762],[-59.396154987401744,-34.405672043783781],[-59.396129725685299,-34.409187586126684],[-59.396456009234754,-34.409189196377348],[-59.396442412308737,-34.411082179984177],[-59.396768703233654,-34.411083789478035],[-59.396762878741384,-34.41189506803417],[-59.397089172842215,-34.411896676706355],[-59.397087232343083,-34.412167102883785],[-59.397413527519809,-34.412168710701856],[-59.39740964854407,-34.41270956305285],[-59.397735945846769,-34.412711170032992],[-59.397732068867825,-34.413252022368042],[-59.398058368296525,-34.413253628510198],[-59.398056430818414,-34.413524054675769],[-59.398382731323053,-34.413525659963781],[-59.398378858389627,-34.414066512291029],[-59.398705161020338,-34.414068116740985],[-59.398703225565058,-34.414338542902641],[-59.399029529271715,-34.414340146498404],[-59.39902759484081,-34.414610572664131],[-59.399353899623421,-34.414612175405644],[-59.399351966216912,-34.414882601575428],[-59.400330883869827,-34.414887404626135],[-59.400328953588136,-34.415157830832179],[-59.400655260574091,-34.415159430124433],[-59.400649472725391,-34.415970708718426],[-59.400323162588748,-34.415969109377897],[-59.400313510408594,-34.417321240045958],[-59.399987195046279,-34.417319639754496],[-59.399983331893466,-34.417860491904989],[-59.400309649356437,-34.417862092228674],[-59.400305788201365,-34.418402944363088],[-59.400632107790777,-34.418404543848474],[-59.400630178225043,-34.418674969913674],[-59.400956498890544,-34.418676568544669],[-59.400952641782688,-34.419217420671011],[-59.401931610235771,-34.419222211437408],[-59.401929684794567,-34.419492637530681],[-59.402256008714019,-34.419494232727821],[-59.402254084297589,-34.419764658825081],[-59.402580409293122,-34.419766253167744],[-59.402576562484228,-34.420307105358134],[-59.40225023538779,-34.420305510983383],[-59.402246386375396,-34.420846363093368],[-59.401920057203618,-34.420844767815964],[-59.401918131608461,-34.421115193836819],[-59.402244461830726,-34.421116789130267],[-59.402234838722663,-34.422468919133635],[-59.402561174223337,-34.422470513636753],[-59.402559250575358,-34.422740939617256],[-59.402885587152255,-34.422742533265783],[-59.402881741880627,-34.423283385222618],[-59.403208080584363,-34.423284978032569],[-59.403198472210207,-34.424637107793565],[-59.402872128253172,-34.424635514903464],[-59.402870205450796,-34.424905940803427],[-59.40254386046869,-34.424904347026605],[-59.402538088755634,-34.4257156246059],[-59.402211740646962,-34.425714029910253],[-59.402205965550841,-34.426525307332739],[-59.402532316811836,-34.426526902076546],[-59.40253039277929,-34.426797327875938],[-59.402856745116729,-34.426798921765013],[-59.402852899076358,-34.42733977335967],[-59.403179253541069,-34.427341366410054],[-59.403177331533286,-34.427611792205269],[-59.403830042641211,-34.427614975725724],[-59.403828122709534,-34.427885401540934],[-59.404154479352755,-34.427886992010976],[-59.404152560446342,-34.4281574178301],[-59.404478918165999,-34.428159007445345],[-59.404477000284913,-34.428429433268398],[-59.404803359081015,-34.428431022028811],[-59.404801442225271,-34.428701447855779],[-59.405127802097823,-34.428703035761352],[-59.405125886267442,-34.428973461592214],[-59.405452247216438,-34.428975048642911],[-59.405450332411476,-34.429245474477689],[-59.405776694436909,-34.429247060673539],[-59.405774780657367,-34.429517486512189],[-59.406101143759251,-34.429519071853143],[-59.406095405420494,-34.430330349344516],[-59.406421771700799,-34.430331933862441],[-59.406419859921236,-34.430602359684684],[-59.406746227277999,-34.43060394334767],[-59.406744316523991,-34.430874369173779],[-59.407397053415934,-34.43087753391891],[-59.407395144738508,-34.431147959764807],[-59.410006101730886,-34.431160584036405],[-59.410008002000083,-34.430890158063498],[-59.410660739399638,-34.430893305390676],[-59.410662637541463,-34.430622879374013],[-59.410989005228167,-34.430624451715424],[-59.410983313879925,-34.431435729776588],[-59.411309684745007,-34.431437301294551],[-59.411307788629422,-34.431707727306609],[-59.411960532537506,-34.431710867761367],[-59.41195863849881,-34.431981293792944],[-59.412285011541798,-34.431982862729718],[-59.412283118528947,-34.432253288765018],[-59.413588615157416,-34.432259555865791],[-59.413586726323743,-34.432529981952079],[-59.414239476891275,-34.432533110308249],[-59.41423759013469,-34.432803536413942],[-59.414563966507281,-34.432805099301326],[-59.414565852212775,-34.43253467317993],[-59.415218602931127,-34.432537796310385],[-59.415220486509256,-34.432267370145468],[-59.415873235225796,-34.432270489760711],[-59.415875116676645,-34.432000063552344],[-59.416201490021443,-34.432001622037866],[-59.416203370396104,-34.43173119580176],[-59.416529742714893,-34.431732753400674],[-59.416533501286978,-34.431191900860881],[-59.416207131070323,-34.431190343293324],[-59.416209011369851,-34.430919917020987],[-59.41653538053545,-34.430921474572877],[-59.416537259758883,-34.430651048272821],[-59.417189996063186,-34.430654160732587],[-59.417191873159538,-34.430383734389125],[-59.417518240298207,-34.430385289297014],[-59.41752011631857,-34.430114862925855],[-59.418172848568901,-34.430117970097712],[-59.418174722462282,-34.429847543683216],[-59.418827452710538,-34.429850647340324],[-59.418829324477016,-34.429580220882535],[-59.41915568858758,-34.429581771389181],[-59.419157559278155,-34.429311344903709],[-59.419483922362701,-34.42931289452391],[-59.41948579197738,-34.429042468010792],[-59.419812154035917,-34.429044016744555],[-59.419814022574762,-34.428773590203761],[-59.420140383607261,-34.428775138051101],[-59.420155322614697,-34.426611725165792],[-59.420481675265144,-34.426613272017782],[-59.42051153169114,-34.422286443681017],[-59.420837867555264,-34.422287989413356],[-59.420847191130136,-34.420935854846782],[-59.420520860518792,-34.420934309192219],[-59.420528323133333,-34.419852601383973],[-59.420854649542726,-34.419854146976334],[-59.420858378599938,-34.419313292968702],[-59.421184702933274,-34.419314837659414],[-59.421192156547896,-34.418233129437162],[-59.421518476704463,-34.418234673195201],[-59.421522201262036,-34.417693818980624],[-59.421848519342667,-34.417695361837133],[-59.421852241700314,-34.417154507543209],[-59.422178557705081,-34.417156049498189],[-59.422184137904594,-34.416344767920272],[-59.422510450783264,-34.416346308958261],[-59.422514168691798,-34.415805454481642],[-59.422840479494688,-34.415806994618208],[-59.42284605302099,-34.414995712766256],[-59.423172360697947,-34.414997251985952],[-59.423179787518997,-34.413915542619165],[-59.423506091019959,-34.413917080906522],[-59.423517224208553,-34.412294516401495],[-59.42384352143354,-34.412296053725662],[-59.423856501678301,-34.410403061145878],[-59.424182791577849,-34.4104045974915],[-59.424195763262276,-34.408511604212315],[-59.423869480712213,-34.408510067974916],[-59.423871334761074,-34.408239640330805],[-59.423545053285601,-34.408238103238716],[-59.42354319818687,-34.408508530867358],[-59.422890633210358,-34.408505454041673],[-59.422888775987126,-34.408775881627271],[-59.422562492486101,-34.408774341893668],[-59.42256063418823,-34.409044769451711],[-59.421908065160707,-34.409041687342913],[-59.421906204738228,-34.409312114857869],[-59.421579919211759,-34.40931057248266],[-59.421578057714584,-34.409580999970011],[-59.421251771162979,-34.409579456709061],[-59.421249908591065,-34.409849884168821],[-59.420923621014325,-34.409848340022101],[-59.420921757367644,-34.410118767454279],[-59.420269180188818,-34.410115676519055],[-59.420267314417352,-34.41038610390806],[-59.419941024815273,-34.410384557119535],[-59.419939157968983,-34.410654984480885],[-59.41961286734179,-34.410653436806548],[-59.419609131474537,-34.411194291461911],[-59.419282838772247,-34.411192742886158],[-59.41928096975127,-34.411463170180149],[-59.418954676023873,-34.411461620718541],[-59.418952805927951,-34.411732047984863],[-59.418626511175432,-34.411730497637372],[-59.418622768808703,-34.412271352102657],[-59.41829647198103,-34.41226980085365],[-59.418294599710194,-34.412540228052563],[-59.417968301857385,-34.412538675917631],[-59.417966428511491,-34.412809103088875],[-59.417640129633583,-34.412807550068017],[-59.41763638076668,-34.413348404343019],[-59.417962681744825,-34.413349957395155],[-59.417953314391234,-34.414702092949661],[-59.418279620645116,-34.41470364520957],[-59.418272130513714,-34.415785353498443],[-59.417945820058925,-34.415783801176069],[-59.41794207274296,-34.416324655216854],[-59.417615760212605,-34.416323101992802],[-59.417606386234148,-34.417675236805465],[-59.417932704016053,-34.417676790107677],[-59.417930830195751,-34.417947217049637],[-59.418257149052991,-34.417948769496995],[-59.418255276258087,-34.418219196442507],[-59.417928956350487,-34.418217643979524],[-59.417927082480247,-34.418488070897354],[-59.418253403438229,-34.418489623375962],[-59.418249657723621,-34.419030477206661],[-59.417923334664849,-34.419028924696804],[-59.417921460719683,-34.419299351578424],[-59.417595136635448,-34.419297798182434],[-59.417593261614876,-34.41956822503635],[-59.416614286360833,-34.419563559578194],[-59.41661052994197,-34.420104413155947],[-59.415957875695938,-34.420101298435156],[-59.415954114975001,-34.42064215190193],[-59.41562778578858,-34.420640593204347],[-59.415625904340025,-34.420911019903954],[-59.415299574128177,-34.420909460320082],[-59.415297691604017,-34.421179886991922],[-59.414971360366749,-34.421178326521783],[-59.414973243941411,-34.420907899865632],[-59.414320583643196,-34.420904776345033],[-59.414322469293779,-34.420634349708259],[-59.414975127490969,-34.420637473197438],[-59.414977011015452,-34.420367046517171],[-59.415303339101222,-34.420368606940201],[-59.415305221550099,-34.420098180232159],[-59.415631548610477,-34.420099739768943],[-59.415635311332082,-34.419558886285252],[-59.415961636316609,-34.419560444920101],[-59.415963516589365,-34.41929001814448],[-59.415637192655261,-34.419288459525305],[-59.415639073953393,-34.419018032753286],[-59.415312751094788,-34.419016473279285],[-59.415314633418241,-34.41874604651089],[-59.415640955226436,-34.418747605969202],[-59.415642836474404,-34.41847717917306],[-59.415969157257294,-34.418478737745168],[-59.415967277059707,-34.418749164557013],[-59.416293598918045,-34.418750722274304],[-59.416295478065216,-34.418480295446791],[-59.416621798898205,-34.418481852277893],[-59.416627433038414,-34.417670571675963],[-59.416953750745321,-34.417672127589604],[-59.416955627691657,-34.417401700682497],[-59.416629311035102,-34.417400144784516],[-59.416633066953374,-34.416859290965434],[-59.416306752422479,-34.416857734228309],[-59.416308631394379,-34.416587307316306],[-59.415982317938798,-34.416585749724426],[-59.415989837777033,-34.41550404201849],[-59.415337219343193,-34.415500924348905],[-59.415339101340564,-34.415230497423622],[-59.41501279321146,-34.41522893729892],[-59.415014676233973,-34.414958510377289],[-59.414362062151511,-34.414955387548119],[-59.414358291880532,-34.415496241316497],[-59.413705673697699,-34.415493114942855],[-59.413703786424044,-34.415763541777473],[-59.414030096553127,-34.415765105415225],[-59.414022551408102,-34.416846812695951],[-59.413043608493041,-34.41684211898253],[-59.413049276842045,-34.416030838681785],[-59.412722965738197,-34.416029272417042],[-59.41273052738525,-34.41494756524348],[-59.413383141216286,-34.414950696776486],[-59.413381252942727,-34.415221123619489],[-59.41403386897484,-34.415224251702455],[-59.41403764129597,-34.41468339794141],[-59.414363947249313,-34.414684960645836],[-59.414369602392,-34.413873679866583],[-59.414043299589146,-34.413872117209323],[-59.41404518563661,-34.413601690274483],[-59.413718883909034,-34.413600126762617],[-59.413722658028782,-34.413059272888226],[-59.413070058849556,-34.41305614331646],[-59.413071947971915,-34.412785716392648],[-59.413398246498851,-34.412787281597964],[-59.413400134545924,-34.412516854646327],[-59.413726432047945,-34.412518418965561],[-59.413728319019789,-34.412247991986135],[-59.414380911999089,-34.412251117982208],[-59.414382796845693,-34.411980690959247],[-59.415035387825355,-34.411983813442717],[-59.415037270546748,-34.411713386376256],[-59.41536356502418,-34.411714946296875],[-59.415365446670457,-34.411444519202647],[-59.415691740122938,-34.411446078237269],[-59.415693620694114,-34.411175651115293],[-59.416019913121644,-34.411177209263961],[-59.416023672088826,-34.410636354952437],[-59.416349962441416,-34.410637912199498],[-59.416351840837457,-34.410367485009978],[-59.41700441951776,-34.410370596862045],[-59.417006295788852,-34.410100169629118],[-59.417332584116558,-34.410101724234146],[-59.417334459312691,-34.409831296973508],[-59.417660746615446,-34.409832850692666],[-59.417662620736664,-34.409562423404331],[-59.417988907014454,-34.409563976237649],[-59.417990780060762,-34.40929354892161],[-59.418317065313609,-34.40929510086908],[-59.418320809231545,-34.408754246169586],[-59.418647092409529,-34.408755797215647],[-59.418648963281214,-34.408485369832185],[-59.418975245434247,-34.408486919992448],[-59.418977115231122,-34.408216492581317],[-59.419303396359211,-34.408218041855818],[-59.419307133778517,-34.407677186966175],[-59.419633412831828,-34.407678735339331],[-59.419635280454287,-34.407408307860806],[-59.419961558482669,-34.407409855348256],[-59.419967158051371,-34.406598572793627],[-59.420293432955226,-34.406600119364214],[-59.420297163777128,-34.406059264236333],[-59.420623436606334,-34.406060809905675],[-59.420629029503537,-34.40524952707672],[-59.420302759823535,-34.405247981454018],[-59.420304625122604,-34.404977553835799],[-59.419978356517163,-34.404976007358613],[-59.419980222841062,-34.404705579743869],[-59.419653955310181,-34.404704032412191],[-59.419655822658882,-34.404433604800971],[-59.419329556202527,-34.404432056614816],[-59.419331424576015,-34.40416162900712],[-59.419005159194235,-34.404160079966516],[-59.419007028592432,-34.403889652362338],[-59.418680764285206,-34.403888102467278],[-59.418682634708148,-34.403617674866638],[-59.418356371475475,-34.403616124117178],[-59.418358242923084,-34.40334569652007],[-59.418031980764972,-34.40334414491619],[-59.418033853237226,-34.403073717322648],[-59.417707592153668,-34.403072164864383],[-59.417709465650574,-34.402801737274402],[-59.417383205641563,-34.402800183961773],[-59.417385080163065,-34.402529756375372],[-59.41673256231914,-34.402526647171427],[-59.416734438914759,-34.402256219604254],[-59.416408181079866,-34.402254663712959],[-59.416410058700045,-34.401984236149389],[-59.416083801939692,-34.401982679403801],[-59.416085680584359,-34.401712251843811],[-59.415433169237865,-34.401709135774098],[-59.415435049956521,-34.401438708233414],[-59.414782540809298,-34.401435588715295],[-59.414784423601901,-34.401165161193923],[-59.414131916654028,-34.40116203822744],[-59.414133801520506,-34.400891610725473],[-59.412828792124273,-34.400885354416189],[-59.412826903059873,-34.401155781855202],[-59.412500649724223,-34.40115421558729],[-59.412498759585169,-34.40142464299845],[-59.412172505225243,-34.401423075844853],[-59.412168722772506,-34.401963930599443],[-59.411842466338726,-34.401962362544289],[-59.411840574025028,-34.402232789887719],[-59.411514316566944,-34.402231220946838],[-59.411510529764747,-34.402772075565878],[-59.411184270232766,-34.40277050572341],[-59.411182375744254,-34.403040932999033],[-59.410856115187954,-34.403039362270782],[-59.410848532782921,-34.404121071189358],[-59.411174797537676,-34.404122641980862],[-59.411171008282871,-34.404663496399372],[-59.41182354206672,-34.404666635435461],[-59.411819756909658,-34.405207489868879],[-59.412146025938789,-34.405209058113421],[-59.412144134372134,-34.405479485327817],[-59.412470404476181,-34.405481052718081],[-59.412466623366697,-34.406021907142197],[-59.412792895595388,-34.406023473693921],[-59.412791006052593,-34.406293900903648],[-59.4131172793562,-34.406295466601023],[-59.413113502294607,-34.40683632101581],[-59.413439777722935,-34.40683788587458],[-59.413437890204165,-34.407108313079604],[-59.413764166707445,-34.407109877083997],[-59.413762280213327,-34.407380304292701],[-59.414414835394879,-34.407383429722543],[-59.414416719789386,-34.407113002482369],[-59.414742996368041,-34.407114563876348],[-59.414739229653549,-34.407655418376081],[-59.415065508356918,-34.407656978931335],[-59.415061743641708,-34.408197833414199],[-59.415388024469841,-34.408199393130722],[-59.415386143124472,-34.408469820369753],[-59.415059861246462,-34.408468260637527],[-59.415057978826148,-34.408738687848789],[-59.41571054470699,-34.408741806474438],[-59.415706783990657,-34.409282660923544],[-59.415380498937907,-34.409281102014425],[-59.4153767360215,-34.40982195638388],[-59.415050448893972,-34.409820396573188],[-59.415048566348212,-34.410090823724126],[-59.414722278195839,-34.410089263027466],[-59.414726045362158,-34.409548408744953],[-59.415052331414643,-34.409549969410179],[-59.415056096380745,-34.409009115047994],[-59.414729812428057,-34.409007554414195],[-59.414733579393548,-34.408466700035135],[-59.414407297565724,-34.408465138562576],[-59.414403528500479,-34.409005992910188],[-59.414077244598012,-34.409004430535994],[-59.41407913019308,-34.408734003383955],[-59.413752847365636,-34.408732440155298],[-59.413754733985463,-34.408462013006925],[-59.413428452233035,-34.408460448923833],[-59.413430339877564,-34.408190021779127],[-59.412777778547927,-34.408186891033928],[-59.412775888803651,-34.408457318147128],[-59.411797043848516,-34.408452615455758],[-59.411795150929464,-34.408723042509564],[-59.411468868278305,-34.40872147318963],[-59.411466974284124,-34.408991900215568],[-59.41081440695779,-34.408988758933532],[-59.410812510838582,-34.409259185915793],[-59.410486226163414,-34.40925761395367],[-59.410482431749323,-34.409798467850322],[-59.41015614499959,-34.409796894986343],[-59.410152348384486,-34.41033774880308],[-59.409826059560181,-34.410336175037202],[-59.409824160164689,-34.410606601911631],[-59.409171580492064,-34.410603451737479],[-59.409173481987473,-34.410333024894754],[-59.408847193239147,-34.410331448518193],[-59.408850998253833,-34.40979059482828],[-59.408524711630726,-34.409789017613214],[-59.408528518643827,-34.409248163906781],[-59.408202234145946,-34.409246585853282],[-59.408209852067252,-34.408164878359123],[-59.407883571794237,-34.408163299498966],[-59.407885477260962,-34.407892872611143],[-59.408538035732683,-34.407896029429487],[-59.408536132365647,-34.408166456349093],[-59.409514973412939,-34.408171185098048],[-59.40951307317011,-34.408441612053167],[-59.408534228973231,-34.408436883256606],[-59.408530422112335,-34.408977737035471],[-59.408856705585684,-34.408979314202902],[-59.408858607978949,-34.408708887303639],[-59.409184890427781,-34.408710463585017],[-59.409182989084407,-34.408980890500153],[-59.409835556157837,-34.408984040484071],[-59.409839354619741,-34.408443186578353],[-59.410165636094661,-34.408444760233351],[-59.410163737926247,-34.408715187208074],[-59.410490020476345,-34.408716760008744],[-59.410491917594896,-34.408446333018169],[-59.410818199120413,-34.408447904932828],[-59.410820095163828,-34.408177477914364],[-59.4101675342378,-34.408174333246535],[-59.410169432355623,-34.407903906247661],[-59.410495711756148,-34.407905479000831],[-59.410497608798849,-34.407635051974054],[-59.410823887174843,-34.407636623841263],[-59.410831470893648,-34.406554915550203],[-59.410178922565315,-34.406551771072259],[-59.410180820531373,-34.406281344000988],[-59.409854547454884,-34.406279770472679],[-59.409858345410584,-34.405738916325596],[-59.409532074458895,-34.405737341958876],[-59.4095339744485,-34.405466914883078],[-59.408881434720527,-34.405463763571127],[-59.408879532631474,-34.405734190615213],[-59.408553261755792,-34.405732613638257],[-59.408551358591694,-34.406003040654397],[-59.40822508669163,-34.40600146279148],[-59.40822127818781,-34.40654231675579],[-59.407895004213628,-34.406540737991016],[-59.40788928811822,-34.407352018799287],[-59.406584179878166,-34.407345694848075],[-59.406580360622364,-34.407886548532616],[-59.40625408152632,-34.407884965337615],[-59.406250260069022,-34.408425818942014],[-59.405923978898748,-34.408424234844965],[-59.405920155239855,-34.408965088369207],[-59.406246438509875,-34.408966672498146],[-59.406242616848871,-34.409507526005996],[-59.406568902244167,-34.409509109296621],[-59.40656699242539,-34.409779536048369],[-59.406893278896071,-34.409781118484716],[-59.406891370101761,-34.410051545240343],[-59.407543945219302,-34.410054707534208],[-59.407534411366036,-34.411406841290351],[-59.407860704212823,-34.411408421211469],[-59.40783973905031,-34.414383114587771],[-59.407513434652508,-34.414381534491746],[-59.407509620374221,-34.414922387644182],[-59.407835926872366,-34.414923967771998],[-59.407832114592821,-34.415464820907964],[-59.408158423216797,-34.41546640019719],[-59.408156518089157,-34.415736826762959],[-59.408482827788781,-34.415738405197658],[-59.408480923685964,-34.41600883176725],[-59.4088072344612,-34.416010409347429],[-59.408805331383292,-34.416280835920816],[-59.409131643234147,-34.416282412646453],[-59.409129741181154,-34.416552839223634],[-59.409456054107643,-34.416554415094701],[-59.409454153079587,-34.416824841675684],[-59.409780467081681,-34.41682641669216],[-59.409778567078604,-34.417096843276916],[-59.410104882156332,-34.41709841743878],[-59.410102983178241,-34.417368844027315],[-59.410429299331604,-34.417370417334567],[-59.410425503400191,-34.417911270507062],[-59.410751821679504,-34.417912842975511],[-59.410746130743803,-34.418724122691223],[-59.411072452199541,-34.418725694336651],[-59.411070556220814,-34.418996120900218],[-59.411396878752214,-34.41899769169094],[-59.411393088819793,-34.419538544813506],[-59.411719413477293,-34.41954011476529],[-59.4117099434567,-34.420892247439461],[-59.412036273391806,-34.420893816599687],[-59.412030594228142,-34.42170509610672],[-59.412356927340078,-34.421706664443704],[-59.41235881936931,-34.421436237937655],[-59.412685151455925,-34.42143780538828],[-59.412683260477216,-34.421708231910102],[-59.413009593639558,-34.421709798505873],[-59.41301337347069,-34.4211689454186],[-59.413339704557139,-34.421170511112265],[-59.413337815704715,-34.421440937677694],[-59.413664147866889,-34.421442502516527],[-59.413662260039807,-34.421712929085608],[-59.413988593277679,-34.42171449306958],[-59.413986706476017,-34.421984919642348],[-59.413660372187607,-34.421983355642645],[-59.413658484310218,-34.422253782187603],[-59.413332148996368,-34.422252217301548],[-59.413322703979013,-34.423604349766556],[-59.413649044545927,-34.423605914731354],[-59.413645268464087,-34.424146767664361],[-59.413971611157507,-34.424148331789972],[-59.413969724129515,-34.424418758254106],[-59.414296067898761,-34.424420321524785],[-59.414294181896345,-34.424690747992578],[-59.414946871611619,-34.424693871953259],[-59.414944987685494,-34.424964298440422],[-59.415597679602634,-34.424967418949691],[-59.415593915877984,-34.425508271950619],[-59.415920263975678,-34.425509830930565],[-59.415918383126488,-34.425780257428606],[-59.415592033978065,-34.425778698432978],[-59.415584506127516,-34.426860404241715],[-59.415258152801009,-34.426858844312548],[-59.415256269724843,-34.427129270718865],[-59.414929915372596,-34.427127709903239],[-59.414928031220491,-34.427398136281781],[-59.414601675842505,-34.427396574579653],[-59.41459979061446,-34.427667000930406],[-59.413947077832155,-34.427663874882327],[-59.413945190477229,-34.427934301189573],[-59.413292475693829,-34.427931171626824],[-59.413290586211993,-34.428201597890492],[-59.412964227807159,-34.428200031787156],[-59.41296233724924,-34.428470458022993],[-59.412635977818709,-34.428468891033091],[-59.412632194525465,-34.429009743437007],[-59.412305833018323,-34.429008175544716],[-59.412302047522346,-34.429549027868816],[-59.411975683938529,-34.429547459074094],[-59.41197379010174,-34.429817885202255],[-59.411647425492205,-34.42981631552091],[-59.411645530579186,-34.430086741621203],[-59.411319164943926,-34.430085171053172],[-59.41133433194836,-34.427921762039283],[-59.410681617568507,-34.427918618543657],[-59.410683515432105,-34.427648192394209],[-59.41133622771023,-34.427651335858208],[-59.41134001915816,-34.427110483459877],[-59.411666373233437,-34.427112053854074],[-59.411668267868684,-34.426841627621002],[-59.411994620918385,-34.426843197128633],[-59.411996514477565,-34.426572770867686],[-59.412322866501704,-34.426574339488766],[-59.41232854387551,-34.425763060586171],[-59.412002195003723,-34.425761492012455],[-59.412005981895,-34.425220639381919],[-59.411679635149945,-34.42521906996906],[-59.411681529608444,-34.424948643651476],[-59.410376147083767,-34.424942357356073],[-59.41037424842235,-34.425212783610391],[-59.410047901803672,-34.425211209843937],[-59.410046002066217,-34.425481636070351],[-59.409719654422119,-34.425480061417339],[-59.409717753608611,-34.425750487615836],[-59.409391404939079,-34.425748912076244],[-59.409389503049461,-34.426019338246803],[-59.408736803684945,-34.426016184523689],[-59.408734899668431,-34.42628661065045],[-59.408408548973455,-34.426285032466907],[-59.408410454040748,-34.42601460635602],[-59.408084104421938,-34.426013027317616],[-59.408087916581891,-34.425472175091393],[-59.407761569089992,-34.425470595214058],[-59.407763476182616,-34.42520016909873],[-59.407437129766862,-34.425198588366555],[-59.407440945977264,-34.424657736131536],[-59.40711460168837,-34.424656154560473],[-59.407120328965313,-34.423844876165141],[-59.406793987853909,-34.423843293771142],[-59.40679971805379,-34.423032015314924],[-59.406473380119735,-34.423030432098066],[-59.406475291186077,-34.422760005937768],[-59.404843607151193,-34.422752076873628],[-59.404845523445019,-34.42248165078108],[-59.405824530637673,-34.422486410783563],[-59.405826443754222,-34.422215984631016],[-59.40615277848552,-34.422217569541324],[-59.406154690526009,-34.421947143360761],[-59.407133691721086,-34.421951892820175],[-59.407137509422341,-34.421411040327243],[-59.407463841103841,-34.42141262170734],[-59.407477194903571,-34.419519637490467],[-59.407150870575471,-34.419518056221754],[-59.407152779209888,-34.419247629872693],[-59.406826455957642,-34.419246047749382],[-59.406828365617031,-34.418975621404172],[-59.406502043440646,-34.418974038426271],[-59.406503954124993,-34.418703612084897],[-59.405851311949412,-34.418700443549454],[-59.40585322470907,-34.418430017227912],[-59.405526904709902,-34.418428431670392],[-59.405528818494432,-34.41815800535273],[-59.405202499571125,-34.418156418940683],[-59.405206329164365,-34.41761556630108],[-59.404880012367286,-34.417613979050486],[-59.404881928175946,-34.41734355272856],[-59.404555612454736,-34.417341964623489],[-59.40455944609608,-34.416801111975367],[-59.40423313250102,-34.416799523031806],[-59.404236968140744,-34.41625867036737],[-59.403910656671798,-34.416257080585382],[-59.403914494309802,-34.415716227904674],[-59.403588184966907,-34.41571463728426],[-59.40359202460305,-34.415173784587274],[-59.403265717386198,-34.415172193128498],[-59.403269559020401,-34.414631340415262],[-59.402943253929536,-34.414629748118166],[-59.402950941091355,-34.413548042610884],[-59.403277241981627,-34.413549634843903],[-59.403281083308656,-34.413008781985802],[-59.403607382124299,-34.413010373316453],[-59.403613140772642,-34.41219909389072],[-59.403939436463659,-34.412200684303038],[-59.40396821050291,-34.408144285304722],[-59.404294490470271,-34.408145874606788],[-59.40430215837673,-34.407064167684567],[-59.403975882608634,-34.407062578446492],[-59.40397780057117,-34.406792151701758],[-59.404304075289481,-34.406793740923845],[-59.404305992176688,-34.406523314151059],[-59.403979718508133,-34.406521724944952],[-59.403981636419537,-34.406251298176088],[-59.40430790903833,-34.406252887366193],[-59.404309825874442,-34.405982460569248],[-59.404636097469044,-34.405984048873286],[-59.404639928965182,-34.40544319521122],[-59.404966198485887,-34.405444782613181],[-59.404968113145962,-34.405174355748066],[-59.40464184467497,-34.405172768362064],[-59.404643760359214,-34.404902341500872],[-59.406275097720794,-34.404910269650408],[-59.40627700813117,-34.404639842697328],[-59.407255807704743,-34.404644589098609],[-59.407257714940677,-34.404374162085688],[-59.407583980466391,-34.404375742463465],[-59.40758588662726,-34.404105315422576],[-59.407912151128755,-34.404106894914399],[-59.407914056214601,-34.403836467845537],[-59.408240319691835,-34.40383804645144],[-59.408242223702672,-34.403567619354625],[-59.408568486155666,-34.403569197074624],[-59.408572292002013,-34.403028342813023],[-59.408898552381181,-34.40302991963128],[-59.408900454216742,-34.402759492466508],[-59.409226713571677,-34.402761068398881],[-59.409228614332335,-34.402490641206178],[-59.409554872663051,-34.402492216252739],[-59.409558672009275,-34.401951361799412],[-59.409884928266223,-34.40195293594428],[-59.409886826851846,-34.401682508683706],[-59.410213082084567,-34.401684081942754],[-59.410216877080899,-34.401143227353707],[-59.410543130239901,-34.401144799711162],[-59.410546923036144,-34.400603945042164],[-59.410873174121484,-34.400605516498054],[-59.41089023100902,-34.398171669747903],[-59.410563989368228,-34.39817009843437],[-59.410567781608499,-34.3976292434999],[-59.410241542091619,-34.397627671348182],[-59.410245336329389,-34.397086816397092],[-59.409919098936371,-34.397085243407226],[-59.409922895171533,-34.396544388439544],[-59.409596659902334,-34.396542814611543],[-59.409600458134769,-34.396001959627284],[-59.40927422498936,-34.396000384961205],[-59.409276125116833,-34.395729957466834],[-59.40894989304595,-34.395728381946832],[-59.408947991869262,-34.395998809425357],[-59.408621758774522,-34.395997233019735],[-59.408619856523266,-34.396267660470301],[-59.407967388311384,-34.39626450501801],[-59.407965483936316,-34.396534932424771],[-59.40763924881918,-34.396533353378054],[-59.407635437894371,-34.39707420812357],[-59.407309200704134,-34.397072628175259],[-59.407307294154371,-34.397343055514007],[-59.40698105594025,-34.397341474679976],[-59.406973425289785,-34.39842318385066],[-59.406647182903846,-34.39842160208314],[-59.406639547649114,-34.399503310997027],[-59.406313301091139,-34.399501728295952],[-59.406311391164451,-34.399772155478317],[-59.405985143582498,-34.399770571891402],[-59.405981321553917,-34.400311426188075],[-59.405655071898593,-34.400309841699375],[-59.405653159796643,-34.400580268813641],[-59.405326909117356,-34.400578683439079],[-59.405321169510209,-34.401389964661632],[-59.404994915707995,-34.401388378369255],[-59.404993001405124,-34.401658805403322],[-59.404666746578911,-34.401657218225033],[-59.404668661931296,-34.401386791206924],[-59.404016154454474,-34.401383614272468],[-59.404018071880309,-34.401113187274262],[-59.403691819229699,-34.401111597518117],[-59.403689900754394,-34.401382024500315],[-59.403363647079878,-34.401380433858236],[-59.403361727529493,-34.401650860812339],[-59.402709218158222,-34.401647676886284],[-59.402701531304587,-34.402729384453856],[-59.403027790175557,-34.402730976915961],[-59.403023948694234,-34.403271830659385],[-59.403350209689961,-34.40327342228354],[-59.403348289960498,-34.403543849153181],[-59.401716979989999,-34.403535882252157],[-59.401715054986902,-34.403806309029505],[-59.40106252907897,-34.403803116146911],[-59.401060601950967,-34.404073542880063],[-59.40040807404651,-34.404070346485192],[-59.400410003273755,-34.40379991978422],[-59.400736266163513,-34.403801518400563],[-59.400738194315451,-34.403531091671425],[-59.401064456181288,-34.403532689401672],[-59.401074091307677,-34.402180555494468],[-59.401400347951366,-34.402182152274349],[-59.401411902958621,-34.400559591090975],[-59.401738153331024,-34.400561186904504],[-59.4017400780263,-34.40029075998229],[-59.40141382870334,-34.400289164184827],[-59.401415754422374,-34.400018737266613],[-59.4010895061745,-34.400017140615304],[-59.40109335963443,-34.399476286774807],[-59.401419605783488,-34.399477883393971],[-59.401425382632667,-34.398666602494515],[-59.401751625659273,-34.398668198195601],[-59.401757399129522,-34.397856917139308],[-59.402409878963653,-34.397860105835647],[-59.402411801303856,-34.397589678760653],[-59.403064279141866,-34.397592863945626],[-59.403066199357845,-34.397322436826499],[-59.403392437265964,-34.39732402809824],[-59.403396275522624,-34.396783173791732],[-59.40372251135777,-34.396784764161644],[-59.403728265403217,-34.395973482563349],[-59.404380730854783,-34.395976660597839],[-59.404382646720393,-34.395706233342267],[-59.404708878435287,-34.39570782103889],[-59.404710793226172,-34.395437393755287],[-59.40503702391738,-34.395438980566162],[-59.405040851324252,-34.394898125930787],[-59.405367079942614,-34.39489971183999],[-59.405372817714237,-34.394088429748528],[-59.405699043210682,-34.394090014740129],[-59.405702866166116,-34.393549159920234],[-59.406029089589815,-34.393550744010248],[-59.406036730998707,-34.39246903416187],[-59.405384292569259,-34.392465865239785],[-59.405386204955889,-34.392195437779421],[-59.404733768726437,-34.39219226541065],[-59.40473185424176,-34.392462692839082],[-59.404079416016316,-34.392459516959775],[-59.404077499408032,-34.392729944344168],[-59.403425059186688,-34.392726764954247],[-59.403423140454748,-34.392997192294551],[-59.402770698237596,-34.392994009393959],[-59.402768777381951,-34.393264436690146],[-59.402442555262695,-34.393262843919302],[-59.40244063333239,-34.393533271187408],[-59.402114410189668,-34.393531677530852],[-59.402112487184645,-34.393802104770842],[-59.401786263018444,-34.393800510228559],[-59.401782414833299,-34.394341364640219],[-59.401456188594516,-34.394339769196115],[-59.401454263414358,-34.394610196367772],[-59.400801808915531,-34.394607002838271],[-59.400799881611398,-34.394877429965732],[-59.400473653351341,-34.39487583188032],[-59.400471724972377,-34.395146258979615],[-59.399819266431088,-34.395143060167392],[-59.39981733592807,-34.39541348722242],[-59.399491105646838,-34.39541188649558],[-59.399483379180616,-34.39649359453054],[-59.399809613658689,-34.396495195321819],[-59.399803821686483,-34.397306476269627],[-59.399477584060641,-34.397304875430002],[-59.399473720518593,-34.397845729302638],[-59.399799960243037,-34.397847330174493],[-59.39979802948271,-34.398117757108828],[-59.399471788708965,-34.398116156220858],[-59.399469856873587,-34.398386583126992],[-59.397838648144663,-34.398378565558978],[-59.397844459313269,-34.397567285046463],[-59.398170697859555,-34.397568890251257],[-59.398176505648003,-34.396757609581627],[-59.398502741072285,-34.396759213868172],[-59.398504675900902,-34.396488786938001],[-59.398830910301704,-34.39649039033862],[-59.3988347777832,-34.395949536409809],[-59.398508545480837,-34.395947933041469],[-59.398514349657368,-34.395136652106132],[-59.39818812052836,-34.395135047916469],[-59.39819586326594,-34.394053339898306],[-59.397869638359289,-34.394051734903528],[-59.39787157502829,-34.393781307884979],[-59.398197798885853,-34.393782912863564],[-59.398199734479967,-34.393512485816792],[-59.398525957314227,-34.393514089909559],[-59.398529826326929,-34.392973235747469],[-59.399182267876512,-34.392976441259414],[-59.399184200246097,-34.392706014128002],[-59.399510420010465,-34.392707615563353],[-59.399512351305269,-34.392437188403747],[-59.400164788813164,-34.392440388633261],[-59.400166717984177,-34.392169961429381],[-59.400492935727677,-34.392171560223559],[-59.400494863823958,-34.391901132991514],[-59.400821080544162,-34.391902730899965],[-59.400823007565755,-34.39163230363976],[-59.401475438985173,-34.391635496815645],[-59.401477363883146,-34.39136506951121],[-59.40180357858236,-34.391366664778658],[-59.401807426203398,-34.390825810101504],[-59.402133638830328,-34.390827404467238],[-59.402135561553457,-34.390556977094512],[-59.402461773157086,-34.390558570574591],[-59.402469459597732,-34.389476860898789],[-59.402143252189724,-34.389475267482865],[-59.402147097354103,-34.388934412604648],[-59.401820892069473,-34.388932818351265],[-59.401822815662065,-34.388662390910106],[-59.401496611451883,-34.38866079580324],[-59.401498536067685,-34.388390368366089],[-59.401172332931964,-34.388388772405754],[-59.40117618418423,-34.387847917527324],[-59.400849983171796,-34.387846320729672],[-59.400851909808203,-34.387575893288428],[-59.400525709870251,-34.387574295637343],[-59.400527637529748,-34.387303868200128],[-59.400201438666251,-34.387302269695617],[-59.400203367348823,-34.387031842262424],[-59.39987716955978,-34.387030242904544],[-59.399881028945281,-34.386489388034164],[-59.398576246436285,-34.386482982036917],[-59.398574312561486,-34.38675340941365],[-59.397921919364116,-34.386750201165988],[-59.39791998336608,-34.387020628498355],[-59.397593785757337,-34.387019023054165],[-59.397591848684748,-34.38728945035831],[-59.397265650053072,-34.387287844028471],[-59.397263711905879,-34.387558271304371],[-59.396611312622539,-34.38755505600389],[-59.396609372351946,-34.387825483235339],[-59.39628317170029,-34.387823874264669],[-59.396279288983941,-34.388364728658964],[-59.395626883563018,-34.388361508044284],[-59.395624940068402,-34.388631935190901],[-59.395298736347954,-34.388630323563085],[-59.395296791778598,-34.388900750681401],[-59.394644382317821,-34.388897524784682],[-59.394634648593531,-34.390249660032893],[-59.395287068543063,-34.390252886091993],[-59.395285123818198,-34.390523313137905],[-59.394958912781554,-34.390521700526911],[-59.394956966981852,-34.390792127544486],[-59.39463075492219,-34.390790514047687],[-59.394626861147067,-34.391331368014171],[-59.394300647015456,-34.391329753615253],[-59.394294803011206,-34.392141034425727],[-59.393968585758593,-34.39213941910841],[-59.393962738373595,-34.392950699761464],[-59.39331029765215,-34.392947466420289],[-59.393306395069345,-34.393488320063533],[-59.392980172649487,-34.393486702055867],[-59.392976267864491,-34.394027555618266],[-59.392650043372477,-34.394025936708324],[-59.39264613638516,-34.394566790189835],[-59.392319909820941,-34.394565170377604],[-59.392312091337224,-34.395646877130531],[-59.391985860602432,-34.395645256383297],[-59.391976081665533,-34.39699738947126],[-59.391323609781921,-34.39699414520431],[-59.391325567719917,-34.396723718643514],[-59.3909993328665,-34.396722095221691],[-59.391013045046307,-34.394829109072532],[-59.391339272555363,-34.394830732379965],[-59.391341230284645,-34.394560305722599],[-59.391015003824705,-34.394558682431494],[-59.391016962577019,-34.394288255778392],[-59.390038286501252,-34.394283380735928],[-59.390036324601596,-34.394553807339932],[-59.389383871916891,-34.394550552930362],[-59.389381907892812,-34.394820979489538],[-59.388403225914672,-34.394816091303106],[-59.388401258716961,-34.395086517801005],[-59.387422573827358,-34.395081621737816],[-59.387424544172525,-34.394811195289201],[-59.386772089809007,-34.394807926931335],[-59.386774062226188,-34.394537500503525],[-59.386447836132987,-34.394535865036481],[-59.386449809572994,-34.394265438613076],[-59.386123584555207,-34.394263802292791],[-59.386125559018012,-34.393993375873791],[-59.38579933507566,-34.393991738700279],[-59.385801310561234,-34.393721312285678],[-59.38547508769431,-34.393719674258975],[-59.385477064202639,-34.393449247848771],[-59.385150842411122,-34.393447608968906],[-59.385152819942164,-34.393177182563136],[-59.385479040684622,-34.393178821426531],[-59.385481017140265,-34.392908394992205],[-59.386133456606103,-34.392911670077019],[-59.386131482248551,-34.393182096544315],[-59.386457703069986,-34.393183732798718],[-59.386455729735189,-34.393454159270412],[-59.387108173555077,-34.393457429203131],[-59.387106202292138,-34.393727855695666],[-59.38873731754677,-34.393736015390274],[-59.388739283564298,-34.393465588815602],[-59.389065505644815,-34.393467218129082],[-59.389067470587094,-34.393196791525895],[-59.389719912728516,-34.39320004751103],[-59.389721875546513,-34.392929620863036],[-59.390048095607433,-34.392931247534712],[-59.390050057350223,-34.392660820858254],[-59.390376276388238,-34.392662446643911],[-59.390378237055863,-34.392392019939017],[-59.390704455070981,-34.392393644838684],[-59.39070641466347,-34.392123218105347],[-59.391358848674017,-34.392126465263033],[-59.391362763584695,-34.391585611694794],[-59.391688978531107,-34.391587233936512],[-59.391690934898335,-34.391316807117946],[-59.392017148821871,-34.391318428473745],[-59.392021059380212,-34.39077757476776],[-59.392347271231905,-34.390779195221327],[-59.392349225423054,-34.390508768333916],[-59.392675436251878,-34.390510387901578],[-59.392679342458237,-34.389969534057947],[-59.393005551215246,-34.389971152723419],[-59.393011407182946,-34.389159871818542],[-59.393337612819366,-34.389161489565609],[-59.393341514570075,-34.388620635536107],[-59.393667718134814,-34.388622252381069],[-59.393671617683893,-34.388081398270714],[-59.393997819176995,-34.388083014213628],[-59.394003665159424,-34.387271732908772],[-59.394656061930839,-34.38727496208854],[-59.394658008442214,-34.387004534930277],[-59.394984205818105,-34.387006148199696],[-59.394986151254777,-34.386735721013117],[-59.395312347607856,-34.386737333396823],[-59.395314291969896,-34.386466906181958],[-59.395640487300156,-34.386468517679994],[-59.395642430587579,-34.386198090436814],[-59.395968624895019,-34.386199701049193],[-59.395970567107852,-34.385929273777734],[-59.396296760392488,-34.38593088350445],[-59.39629870153076,-34.385660456204711],[-59.396624893792584,-34.3856620650458],[-59.396626833856303,-34.385391637717802],[-59.396953025095321,-34.385393245673264],[-59.396956903047901,-34.384852390948673],[-59.397609281408855,-34.384855604186647],[-59.397613155063588,-34.38431474934908],[-59.398265529333322,-34.384317959044829],[-59.398267464024762,-34.384047531575618],[-59.397941277925618,-34.384045927178597],[-59.397949020627834,-34.382964217245728],[-59.397622838748738,-34.382962612043968],[-59.397628648650077,-34.382151329516084],[-59.396976291260408,-34.382148116601606],[-59.396974352555418,-34.382418544090633],[-59.396321993172094,-34.382415327666493],[-59.396323933974081,-34.382144900209859],[-59.396650112604298,-34.382146508840393],[-59.39665205233193,-34.3818760813555],[-59.397304407572975,-34.381879295976248],[-59.397306345177803,-34.381608868446904],[-59.397632521788587,-34.38161047443716],[-59.397636394823863,-34.381069619309955],[-59.397310220309997,-34.381068013352063],[-59.397316032814587,-34.380256730619244],[-59.396989861471781,-34.380255123840598],[-59.396993738442511,-34.379714268657416],[-59.396667569222302,-34.379712661041886],[-59.396669508717274,-34.379442233448366],[-59.395038668246031,-34.379434182413284],[-59.395036723509257,-34.379704609925724],[-59.39307970950906,-34.379694919901617],[-59.393077758456151,-34.37996534730442],[-59.392425418567221,-34.379962110309926],[-59.392423465391516,-34.380232537668071],[-59.392097294437704,-34.38023091785066],[-59.392095340187581,-34.380501345180427],[-59.391769168211411,-34.380499724477453],[-59.391765257536193,-34.381040579068149],[-59.391439083489267,-34.381038957463261],[-59.391435170612915,-34.381579811973012],[-59.391108994495148,-34.381578189466175],[-59.391107036969387,-34.381848616686604],[-59.390780859829256,-34.381846993294118],[-59.3907769426025,-34.382387847666102],[-59.390450763391499,-34.382386223371626],[-59.390452723066424,-34.382115796208019],[-59.390126544930013,-34.382114171060564],[-59.390130466298466,-34.381573316729877],[-59.390456642337909,-34.38157494184459],[-59.390464480567495,-34.380493232972938],[-59.39079065243935,-34.380494857152947],[-59.390794569300652,-34.379954002611996],[-59.390468399525609,-34.379952378464687],[-59.390470358965473,-34.379681951192453],[-59.389491852942143,-34.379677073584205],[-59.389493815500963,-34.379406646349011],[-59.387862977893803,-34.37939849969937],[-59.387864945668163,-34.379128072534122]],[[-59.449161657582117,-34.382935021399668],[-59.448509288186685,-34.382932083134826],[-59.448507515101639,-34.383202513047443],[-59.447855143703563,-34.383199571275505],[-59.44785336849769,-34.383470001146463],[-59.447527181785553,-34.383468528941613],[-59.447525405507406,-34.383738958785656],[-59.447851593268147,-34.383740431005336],[-59.447848042738102,-34.384281290686914],[-59.449152802406566,-34.384287170990085],[-59.449158115582712,-34.383475881272005],[-59.449484302413005,-34.383477349129933],[-59.449486072375912,-34.383206919185021],[-59.449159886594209,-34.383205451341865],[-59.449161657582117,-34.382935021399668]],[[-59.45078022077427,-34.38483536170672],[-59.450454028606536,-34.384833897252605],[-59.450450494666136,-34.385374757074324],[-59.450776688931263,-34.385376221557912],[-59.45078022077427,-34.38483536170672]],[[-59.448170684092361,-34.384823621729844],[-59.447844492113397,-34.384822150320296],[-59.447839165998893,-34.385633439679992],[-59.448165361123934,-34.385634911133955],[-59.448170684092361,-34.384823621729844]],[[-59.405105901634748,-34.385703589744253],[-59.404779708705199,-34.385702003508364],[-59.404777794832782,-34.385972431226392],[-59.405103988811014,-34.385974017478262],[-59.405105901634748,-34.385703589744253]],[[-59.376028684026402,-34.391778811422704],[-59.375702469298957,-34.391777147422872],[-59.37570046147907,-34.392047573406757],[-59.376026677255503,-34.392049237423336],[-59.376028684026402,-34.391778811422704]],[[-59.442897872552301,-34.392912856862623],[-59.44191920342913,-34.392908396946552],[-59.441917408487647,-34.393178826115346],[-59.441591184445329,-34.3931773377223],[-59.441589388430828,-34.393447766864035],[-59.441263163363324,-34.3934462775863],[-59.441261366275775,-34.393716706700992],[-59.440608914114421,-34.393713725506423],[-59.440607114904637,-34.393984154579051],[-59.439302206673261,-34.393978181693221],[-59.439300403242932,-34.394248610693666],[-59.436364351687445,-34.394235120686218],[-59.436362538790689,-34.394505549538813],[-59.435710081056563,-34.394502542162115],[-59.435708266037295,-34.394772970972369],[-59.43538203615735,-34.394771465964268],[-59.435380220064708,-34.395041894747322],[-59.434727758279067,-34.395038882091555],[-59.434725940063835,-34.395309310832225],[-59.434399708158182,-34.395307803184537],[-59.434397888869505,-34.395578231897964],[-59.43374542303247,-34.39557521396295],[-59.43374360162111,-34.395845642633951],[-59.433417367689799,-34.395844132346575],[-59.433415545204902,-34.396114560990277],[-59.432763075316657,-34.396111537775795],[-59.432761250709,-34.396381966377021],[-59.432108778819519,-34.396378939652926],[-59.432106952089015,-34.396649368211627],[-59.431454478198397,-34.396646337977835],[-59.431452649345005,-34.396916766493995],[-59.430800173453335,-34.396913732750484],[-59.430798342476955,-34.397184161224018],[-59.430472103518447,-34.397182643032252],[-59.430470271468373,-34.397453071478452],[-59.429817791525977,-34.397450032454898],[-59.429815957352858,-34.397720460858451],[-59.429489716368998,-34.397718940026628],[-59.429486045850759,-34.398259796766894],[-59.42883355975907,-34.398256752432445],[-59.428831722364556,-34.398527180753867],[-59.4285054783061,-34.398525657266525],[-59.428503639837693,-34.398796085560555],[-59.428177394754364,-34.398794561187991],[-59.428175555212093,-34.399064989454594],[-59.42784930910387,-34.399063464196836],[-59.427847468487691,-34.399333892436033],[-59.427521221354631,-34.399332366293017],[-59.42751937966451,-34.399602794504787],[-59.427193131506549,-34.399601267476513],[-59.427191288742449,-34.399871695660849],[-59.426865039559637,-34.399870167747324],[-59.426861351858882,-34.400411024049028],[-59.426208849369203,-34.400407965550691],[-59.426207003383027,-34.400678393652662],[-59.425880751125618,-34.400676863083198],[-59.425878904065371,-34.400947291157706],[-59.425552650783089,-34.4009457597029],[-59.425550802648729,-34.401216187749924],[-59.425224548341582,-34.401214655409774],[-59.425222699133087,-34.401485083429293],[-59.424896443801089,-34.401483550203764],[-59.424894593518403,-34.401753978195806],[-59.42456833716156,-34.401752444084849],[-59.424560931586029,-34.402834155870657],[-59.424887192141114,-34.402835690043375],[-59.424883491304492,-34.403376545894787],[-59.425209753983445,-34.403378079228382],[-59.425206055147441,-34.403918935062393],[-59.425532319950271,-34.403920467556816],[-59.425530471544953,-34.404190895471153],[-59.42585673742208,-34.404192427110956],[-59.425854890041791,-34.404462855028669],[-59.426181156993188,-34.40446438581381],[-59.426179310637956,-34.404734813734862],[-59.426505578663644,-34.404736343665377],[-59.426503733333476,-34.405006771589754],[-59.426830002433455,-34.405008300665592],[-59.426828158128409,-34.405278728593288],[-59.427154428302678,-34.405280256814436],[-59.42715258502276,-34.405550684745471],[-59.427478856271321,-34.405552212111921],[-59.427477014016567,-34.405822640046267],[-59.42780328633939,-34.405824166557977],[-59.427801445109871,-34.406094594495613],[-59.428127718506978,-34.406096120152597],[-59.428125878302652,-34.40636654809353],[-59.428452152774071,-34.406368072895752],[-59.428450313595,-34.406638500839975],[-59.429102864710863,-34.406641547864737],[-59.429101027606869,-34.406911975827562],[-59.429427304251334,-34.406913498050088],[-59.42942546817266,-34.407183926016145],[-59.429751745891394,-34.407185447383853],[-59.429749910838069,-34.407455875353179],[-59.430076189631095,-34.407457395866054],[-59.430078023634586,-34.407186967881408],[-59.430404301402227,-34.407188487508833],[-59.43040613433147,-34.406918059496853],[-59.431384964631455,-34.406922613112421],[-59.431386794386917,-34.406652185042539],[-59.431713070152561,-34.406653701158874],[-59.431716727490766,-34.406112844952396],[-59.432043001181235,-34.40611436016809],[-59.432048483856548,-34.405303075722173],[-59.431722213315282,-34.405301560552218],[-59.431725870409771,-34.40476070422514],[-59.432052138851631,-34.404762219364585],[-59.432053966312658,-34.404491791167708],[-59.432380233729184,-34.404493305421852],[-59.432383886478817,-34.403952448961419],[-59.43271015182038,-34.403953962315043],[-59.432713802373399,-34.40341310577589],[-59.433366328930909,-34.40341612981215],[-59.433369975188199,-34.402875273163879],[-59.43304371399649,-34.402873761611197],[-59.433047362255742,-34.402332904945105],[-59.43239484414358,-34.402329879290654],[-59.432396670335855,-34.402059450969979],[-59.433049186348903,-34.402062476593997],[-59.433051010417763,-34.401792048230817],[-59.434029781470983,-34.401796580096381],[-59.434026139606274,-34.402337436901931],[-59.434352398771672,-34.402338945814222],[-59.43434875890906,-34.402879802601902],[-59.434675020197865,-34.40288131067458],[-59.434667744380043,-34.403963024165954],[-59.43434147889274,-34.403961516032567],[-59.434328737930343,-34.405854514071869],[-59.43400246511942,-34.405853004962125],[-59.433998822526604,-34.406393861405874],[-59.43367254764042,-34.406392351395617],[-59.433667080419767,-34.407203635925157],[-59.433340802408473,-34.407202124999166],[-59.433338978903208,-34.407472553136373],[-59.433012699866396,-34.407471041325017],[-59.433005401402809,-34.408552753692277],[-59.43333168463905,-34.408554265564497],[-59.433329861012247,-34.408824693641378],[-59.43594013617502,-34.408836757413717],[-59.435938320923192,-34.409107185599964],[-59.439201177552185,-34.40912218714849],[-59.439199372775413,-34.409392615473664],[-59.440830807242392,-34.409400083690251],[-59.440832606769519,-34.409129655289924],[-59.44507432553614,-34.409148970642995],[-59.445076111390378,-34.408878542036213],[-59.446381252237231,-34.408884455575034],[-59.446383033868038,-34.408614026896657],[-59.447035602334168,-34.408616978415147],[-59.447037381841461,-34.408346549695011],[-59.447363665060202,-34.408348024134114],[-59.447369000290188,-34.407536737856866],[-59.447695280383059,-34.407538211381265],[-59.447707721074934,-34.405645209541895],[-59.448033993842905,-34.40564668209241],[-59.448035769940134,-34.405376253195158],[-59.447709498221869,-34.405374780659471],[-59.447711275345156,-34.40510435176499],[-59.448037546013673,-34.405105824285847],[-59.448064184276689,-34.401049389199535],[-59.447737929352364,-34.401047916900964],[-59.447761025182317,-34.397532337824629],[-59.447434783924109,-34.397530864848868],[-59.447440116310695,-34.396719577124856],[-59.447113878224094,-34.396718103323792],[-59.447117435128582,-34.396177244810502],[-59.446791199164224,-34.396175770169314],[-59.446794758072386,-34.395634911637494],[-59.446468524230227,-34.395633436156217],[-59.446472085141956,-34.395092577605887],[-59.446145853421946,-34.395091101284557],[-59.44614763489141,-34.394820672006162],[-59.445821404244334,-34.39481919482995],[-59.445823186739247,-34.394548765554369],[-59.44517072761473,-34.394545808622453],[-59.445172512184207,-34.394275379364593],[-59.444520055253143,-34.394272418983505],[-59.444521841897142,-34.394001989743373],[-59.443543159826632,-34.393997542693526],[-59.443544949594212,-34.393727113486129],[-59.443218723334198,-34.393725629411662],[-59.443222304896025,-34.393184770990572],[-59.442896080758096,-34.393183286076315],[-59.442897872552301,-34.392912856862623]],[[-59.450395706543048,-34.393758078145638],[-59.449743253050634,-34.393755145655049],[-59.449741483216648,-34.394025575144653],[-59.448762800007557,-34.39402116984153],[-59.448761027002533,-34.39429159927473],[-59.448434798264259,-34.394290129086109],[-59.448433024186428,-34.394560558492444],[-59.448106794422635,-34.394559087419289],[-59.448097918432779,-34.39591123419612],[-59.448424153442623,-34.395912705343349],[-59.448420604979582,-34.396453563999295],[-59.448746842111575,-34.396455034306314],[-59.448743295652527,-34.396995892943679],[-59.449722013485967,-34.397000298734625],[-59.449723783579444,-34.39672986937763],[-59.450376260154449,-34.396732802192986],[-59.450378028125769,-34.39646237279441],[-59.450704265399352,-34.396463837882592],[-59.450706032297845,-34.396193408457215],[-59.451032268545681,-34.396194872660864],[-59.451034034371375,-34.395924443208699],[-59.451360269593522,-34.395925906527829],[-59.451363799075843,-34.395385047557859],[-59.451690032223034,-34.395386509977747],[-59.451693559512854,-34.394845650930137],[-59.451367328464066,-34.394844188539679],[-59.451370857758221,-34.394303329473274],[-59.451044628831305,-34.394301866242536],[-59.451046394492259,-34.394031436705966],[-59.450393938807331,-34.394028507664757],[-59.450395706543048,-34.393758078145638]],[[-59.391669413424736,-34.394291501458198],[-59.391343187987815,-34.394289879053147],[-59.391341230284645,-34.394560305722599],[-59.391667456770676,-34.394561928143972],[-59.391669413424736,-34.394291501458198]],[[-59.381230212454106,-34.394239153124609],[-59.380903987859043,-34.394237502889133],[-59.380901996584086,-34.39450792903132],[-59.381228222228245,-34.394509579283394],[-59.381230212454106,-34.394239153124609]],[[-59.413841491323261,-34.396022351137255],[-59.413515257849909,-34.396020787778205],[-59.413511484799123,-34.396561643141524],[-59.413837720370957,-34.396563206532065],[-59.413841491323261,-34.396022351137255]],[[-59.415467018339164,-34.396841438195764],[-59.414162071503313,-34.396835196747837],[-59.414158302498777,-34.397376052101713],[-59.414810780063647,-34.397379174628135],[-59.414812662479896,-34.397108746925809],[-59.415138900250675,-34.397110306868584],[-59.415137018883733,-34.397380734586619],[-59.415463257728888,-34.397382293675292],[-59.415461377386158,-34.397652721396966],[-59.414808897622322,-34.397649602318388],[-59.414807015155894,-34.397920029996605],[-59.415785737987186,-34.397924707356779],[-59.415787617305668,-34.397654279631496],[-59.416113857250217,-34.397655836996208],[-59.416115735494337,-34.397385409243178],[-59.416441974414624,-34.397386965722404],[-59.416443851584432,-34.397116537941642],[-59.415465138046542,-34.397111865941568],[-59.415467018339164,-34.396841438195764]],[[-59.450973983093775,-34.405119037819844],[-59.449995170521355,-34.405114641139257],[-59.449993400746152,-34.405385070137314],[-59.450645944537008,-34.405388002157302],[-59.450642409114863,-34.405928860176246],[-59.450968683145135,-34.405930324910578],[-59.450973983093775,-34.405119037819844]],[[-59.382773971664093,-34.406146134469296],[-59.382447700762263,-34.406144487853197],[-59.382445713567932,-34.406414913547032],[-59.382119441642843,-34.406413266044254],[-59.382115465075238,-34.406954117362524],[-59.381789191077139,-34.40695246895649],[-59.381785212303974,-34.407493320193275],[-59.38145893623286,-34.407491670883907],[-59.381454955254021,-34.408032522039179],[-59.381781233424753,-34.408034171381715],[-59.381777254439491,-34.408575022521859],[-59.382103534736423,-34.408576671027447],[-59.382091603443591,-34.410199224257596],[-59.382417890066357,-34.410200871992508],[-59.38241192721204,-34.411012148494279],[-59.382738217011159,-34.411013795408714],[-59.382736230390066,-34.41128422090172],[-59.383062521265643,-34.41128586696248],[-59.383064506836753,-34.411015441452896],[-59.383390796688815,-34.411017086626835],[-59.383392781183503,-34.410746661088623],[-59.383719070012042,-34.410748305375769],[-59.383721053430328,-34.410477879808951],[-59.384047341235345,-34.410479523209318],[-59.38405130589274,-34.409938672006326],[-59.384377591624315,-34.409940314503416],[-59.384385516422562,-34.408858611886401],[-59.384711797980955,-34.408860253447202],[-59.384715758121963,-34.408319402033193],[-59.384389478663273,-34.408317760505433],[-59.384391459744009,-34.408047334796834],[-59.384065181361564,-34.408045692415456],[-59.384067163465708,-34.407775266711305],[-59.38374088615948,-34.407773623476317],[-59.38374286928704,-34.407503197776641],[-59.383416593057042,-34.407501553688057],[-59.383418577207955,-34.407231127992844],[-59.38309230205418,-34.407229483050692],[-59.383096272376214,-34.406688631657161],[-59.382769999348426,-34.406686985878011],[-59.382773971664093,-34.406146134469296]],[[-59.413762280213327,-34.407380304292701],[-59.413436002660262,-34.407378740272577],[-59.413434115091178,-34.407649167453506],[-59.413760393694069,-34.407650731489376],[-59.413762280213327,-34.407380304292701]],[[-59.414737346258654,-34.407925845607828],[-59.41441106653054,-34.40792428416669],[-59.414409182060702,-34.408194711370676],[-59.414735462838657,-34.408196272827517],[-59.414737346258654,-34.407925845607828]],[[-59.386995769627809,-34.408871720007966],[-59.386343206168476,-34.408868448198618],[-59.386341231307753,-34.409138873969979],[-59.386014948567684,-34.409137236743568],[-59.386005068619731,-34.410489365336886],[-59.387636508831037,-34.410497543178643],[-59.387638479623583,-34.410227117401831],[-59.387964766694736,-34.410228750343073],[-59.38796673641108,-34.40995832453774],[-59.388293022458583,-34.409959956592338],[-59.388294991098746,-34.40968953075852],[-59.387968706101184,-34.409687898720357],[-59.387970675765018,-34.409417472890865],[-59.387644391843594,-34.409415839998935],[-59.387646362531086,-34.4091454141738],[-59.386993796866832,-34.409142145812268],[-59.386995769627809,-34.408871720007966]],[[-59.427773823721978,-34.410151012112621],[-59.427447534601498,-34.410149485355042],[-59.427445691929329,-34.410419913084304],[-59.426793111662136,-34.410416856927704],[-59.426789422044166,-34.410957712288507],[-59.426463129847441,-34.410956182874052],[-59.426461283951568,-34.411226610520984],[-59.426134990729437,-34.411225080220852],[-59.426129449744089,-34.412036363043022],[-59.425803153396451,-34.412034831826396],[-59.425795760871011,-34.413116542025413],[-59.425469460347649,-34.413115009876826],[-59.425460213885898,-34.414467147277044],[-59.425133908136438,-34.414465614180976],[-59.425128356812998,-34.415276896430044],[-59.424802047937575,-34.415275362417297],[-59.424796493241438,-34.416086644511445],[-59.424470181239947,-34.41608510958195],[-59.424466475885261,-34.416625964220181],[-59.42414016180787,-34.416624428389341],[-59.424134600439686,-34.41743571020983],[-59.423808283236063,-34.417434173462141],[-59.423802718494443,-34.418245455127632],[-59.423476398164468,-34.418243917463073],[-59.42347454215075,-34.418514344645288],[-59.423148220795106,-34.418512806094746],[-59.423142649454356,-34.419324087522561],[-59.422816324972231,-34.419322548055042],[-59.422805175319596,-34.420945110491957],[-59.422478844559357,-34.420943570060892],[-59.42244723117409,-34.42554082767623],[-59.422773579795184,-34.425542368370834],[-59.422758708836085,-34.427705782636522],[-59.423085065888465,-34.42770732258434],[-59.42308320795798,-34.427977749328761],[-59.423735924238748,-34.427980826642973],[-59.423734068385286,-34.428251253406273],[-59.424060427613682,-34.428252790772632],[-59.424058572786379,-34.428523217539322],[-59.424384933090408,-34.428524754050308],[-59.424383079289306,-34.428795180820408],[-59.424709440668941,-34.428796716476022],[-59.42470758789409,-34.429067143249505],[-59.425360312829284,-34.429070211979102],[-59.425362163502292,-34.428799785174732],[-59.425688524955959,-34.428801318217843],[-59.425694073674229,-34.427990037686115],[-59.426346790350053,-34.427993101067322],[-59.426359721784962,-34.426100112521809],[-59.426033370790599,-34.426098581374475],[-59.426035219090757,-34.425828154406538],[-59.426687919002546,-34.425831215799676],[-59.426689765176512,-34.425560788788864],[-59.427016114118544,-34.425562318163927],[-59.427014268995343,-34.425832745190114],[-59.427666969054698,-34.425835801358801],[-59.427665126008456,-34.426106228403668],[-59.427991477125772,-34.426107755197243],[-59.42798779306122,-34.426648609281528],[-59.428314146304693,-34.426650135235057],[-59.428312305286418,-34.426920562274454],[-59.428638659605234,-34.426922087372567],[-59.428634979596794,-34.42746294144586],[-59.428961336041844,-34.427464465703849],[-59.4289594970517,-34.427734892737739],[-59.429285854572107,-34.427736416140263],[-59.429282178620092,-34.428277270202479],[-59.429608538266805,-34.42827879276485],[-59.429606701304955,-34.42854921979319],[-59.429933062027047,-34.428550741500025],[-59.429931226091654,-34.428821168531591],[-59.430257587889137,-34.428822689382926],[-59.430250248106717,-34.429904397449789],[-59.430576614132505,-34.429905917491439],[-59.430574780176769,-34.430176344493283],[-59.430901147277972,-34.430177863679347],[-59.430897481395199,-34.430718717677415],[-59.431550219874978,-34.430721753497963],[-59.431552050726538,-34.430451326474405],[-59.431878418952003,-34.43045284306308],[-59.431880248728142,-34.430182416012201],[-59.432532983150203,-34.430185446546339],[-59.43253481079995,-34.429915019452913],[-59.433187543217443,-34.429918046473027],[-59.433183892097595,-34.430458900708743],[-59.432857523774665,-34.430457387603667],[-59.432852043759304,-34.431268668821062],[-59.432525672307598,-34.431267154799393],[-59.432522016740137,-34.431808008853523],[-59.432195643210655,-34.431806493930452],[-59.4321938143393,-34.432076920924189],[-59.431867439783076,-34.432075405114908],[-59.431863779865019,-34.432616259035669],[-59.431537403230941,-34.432614742324937],[-59.431528247753178,-34.433966876839364],[-59.43185462964307,-34.433968393626401],[-59.431849139217228,-34.434779674236047],[-59.431522754173663,-34.434778157403237],[-59.431520922931703,-34.435048584233726],[-59.431194536861277,-34.435047066514585],[-59.431192704543648,-34.435317493317747],[-59.430866317446402,-34.435315974712289],[-59.430857150235369,-34.436668108470677],[-59.431183542589146,-34.436669627152519],[-59.431181710124996,-34.436940053883269],[-59.431834497008495,-34.436943088664194],[-59.431832666622633,-34.437213515413411],[-59.432485455706413,-34.43721654674043],[-59.432487283989566,-34.43694611996068],[-59.432813677516641,-34.4369476343023],[-59.432817331907124,-34.43640678067618],[-59.433143723355869,-34.436408294116212],[-59.433141897224154,-34.436678720950532],[-59.433794682297318,-34.436681745247739],[-59.433792858243955,-34.436952172100419],[-59.435751220354526,-34.43696122417672],[-59.435754855820825,-34.436420370277176],[-59.436081247488097,-34.436421875877393],[-59.436084880754869,-34.435881021899291],[-59.436737659956755,-34.435884030425882],[-59.436744917789603,-34.434802322203836],[-59.437071303221721,-34.43480382510004],[-59.437073116568243,-34.434533397999225],[-59.437399500973278,-34.43453490000929],[-59.437401313244401,-34.43426447288131],[-59.438054080024493,-34.434267474258114],[-59.438052269855802,-34.434537901416284],[-59.438378654333277,-34.434539400813236],[-59.438380463450706,-34.434268973639981],[-59.439033230375472,-34.434271969790679],[-59.439036844333209,-34.433731115347669],[-59.439363225729316,-34.433732612086345],[-59.439366837488357,-34.433191757564991],[-59.440672354903839,-34.433197735689347],[-59.440674156542627,-34.432927308350408],[-59.441326913292137,-34.432930292156648],[-59.441330512293121,-34.432389437382554],[-59.441983264934017,-34.432392417644884],[-59.441986859634625,-34.431851562762567],[-59.442313233888797,-34.43185305155734],[-59.442316826391426,-34.431312196596799],[-59.441990454239438,-34.431310707832004],[-59.441992251505901,-34.431040280348633],[-59.441665880428928,-34.431038790727875],[-59.441671275237745,-34.430227508250354],[-59.441344907337843,-34.430226017803662],[-59.441348505859224,-34.429685162788324],[-59.441022140085316,-34.429683671500776],[-59.441027540840444,-34.428872388932291],[-59.440701178243415,-34.428870896818907],[-59.440706581935402,-34.428059614186935],[-59.440380222515138,-34.428058121247744],[-59.440382024748672,-34.427787693694647],[-59.440055666403332,-34.427786199899671],[-59.440057469663742,-34.427515772349544],[-59.439731112393297,-34.427514277698805],[-59.439732916680541,-34.42724385015164],[-59.439406560485004,-34.427242354645138],[-59.439410171089044,-34.426701499544748],[-59.439083817019267,-34.42670000319756],[-59.43908562333602,-34.426429575644313],[-59.438759270341137,-34.426428078441425],[-59.438771921239805,-34.424535085336444],[-59.438445575624357,-34.424533587368288],[-59.438449192051486,-34.423992732117028],[-59.438122848561541,-34.423991233308328],[-59.43812646699363,-34.423450378038964],[-59.437800125629145,-34.42344887838977],[-59.437805556248371,-34.422637595440541],[-59.437479218059934,-34.422636094965966],[-59.437482840453342,-34.42209523963637],[-59.437156504390245,-34.422093738321351],[-59.43715831660132,-34.421823310653565],[-59.436831981612968,-34.421821808483053],[-59.436835608063781,-34.421280953141519],[-59.43650927520072,-34.42127945013064],[-59.43651653201448,-34.420197739363324],[-59.43619020337767,-34.420196235542363],[-59.436195648885558,-34.41938495238562],[-59.435869323424342,-34.419383447739527],[-59.435871139595676,-34.419113020011629],[-59.435544815209106,-34.419111514510135],[-59.435546632406684,-34.418841086785328],[-59.43522030909476,-34.418839580428461],[-59.435223945518068,-34.418298724972978],[-59.434897624331185,-34.418297217775908],[-59.434899443556887,-34.418026790045253],[-59.434573123444636,-34.418025281992875],[-59.434574943696461,-34.41775485426534],[-59.434248624658835,-34.417753345357653],[-59.434250445936762,-34.417482917633208],[-59.433924127973768,-34.417481407870234],[-59.433927772557453,-34.416940552415568],[-59.433601456719416,-34.416939041812519],[-59.433605103306576,-34.416398186339997],[-59.433278789593452,-34.416396674896902],[-59.43328061390087,-34.416126247157749],[-59.432954301262335,-34.41612473485943],[-59.432957951904754,-34.415583879375419],[-59.43263164139109,-34.415582366237111],[-59.432638946584945,-34.414500655185215],[-59.43231264029648,-34.414499141237457],[-59.432318122086834,-34.413687857867579],[-59.431991818973252,-34.413686343095165],[-59.431995475478672,-34.413145487485423],[-59.43166917448972,-34.413143971873168],[-59.431671003756001,-34.412873544065448],[-59.431344703841553,-34.412872027598141],[-59.431348364401153,-34.412331171977044],[-59.431022066611284,-34.412329654669939],[-59.431023897904574,-34.412059226856563],[-59.430697601189188,-34.412057708694419],[-59.430699433508124,-34.411787280884269],[-59.4303731378672,-34.411785761867108],[-59.430374971211783,-34.411515334060184],[-59.430048676645342,-34.411513814188034],[-59.430050511015509,-34.411243386384342],[-59.42939792405604,-34.41124034405982],[-59.429399760501788,-34.410969916274681],[-59.42907346810879,-34.410968393822337],[-59.429075305580056,-34.410697966040445],[-59.428749014261541,-34.410696442733176],[-59.428750852758313,-34.41042601495456],[-59.427771982099777,-34.410421439857238],[-59.427773823721978,-34.410151012112621]],[[-59.43951303285975,-34.411287108901234],[-59.436576385969857,-34.411273618169176],[-59.436574572600357,-34.411544046277143],[-59.435921982568004,-34.411541038733347],[-59.435920167074237,-34.411811466798966],[-59.435593871044297,-34.411809961706517],[-59.435588421267589,-34.41262124578558],[-59.435262122111617,-34.412619739777334],[-59.435260304420865,-34.412890167764424],[-59.435586604626934,-34.412891673787811],[-59.435579337822197,-34.413973385676137],[-59.43590564225304,-34.41397489088979],[-59.435902010805769,-34.414515746791871],[-59.43622831736117,-34.414517251165449],[-59.436224687917523,-34.41505810704956],[-59.436550996597539,-34.415059610583022],[-59.436549182889678,-34.415330038522114],[-59.436875492644077,-34.415331541200288],[-59.436873679962304,-34.415601969142436],[-59.437199990791115,-34.415603470965316],[-59.437196367455591,-34.416144326843678],[-59.437522680409096,-34.416145827826348],[-59.43752086975541,-34.416416255762542],[-59.437847183783319,-34.416417755889867],[-59.437845374155806,-34.416688183829095],[-59.438171689258141,-34.416689683101069],[-59.438169880656829,-34.416960111043345],[-59.438496196833597,-34.416961609459925],[-59.438492581659339,-34.417502465338409],[-59.438818899960857,-34.417503962914687],[-59.438817093387954,-34.417774390850916],[-59.439143412763912,-34.417775887571771],[-59.439141607217309,-34.418046315510985],[-59.439467927667721,-34.418047811376411],[-59.439466123147433,-34.41831823931863],[-59.440118766221147,-34.418321228468045],[-59.440115161310089,-34.418862084376464],[-59.439788837660387,-34.418860590206926],[-59.439787034118396,-34.419131018128006],[-59.440113358818522,-34.419132512312586],[-59.440109753763323,-34.419673368148622],[-59.440436080588384,-34.419674861492716],[-59.44043427907522,-34.419945289407664],[-59.439781623348203,-34.419942301818871],[-59.439772604917117,-34.421294441062422],[-59.440098938021208,-34.42129593536729],[-59.440097135313422,-34.421566363194842],[-59.440749803694771,-34.421569349222807],[-59.440751604301433,-34.421298921365192],[-59.441077937477537,-34.421300413058248],[-59.441079737009652,-34.421029985173561],[-59.441406069159207,-34.421031475980989],[-59.441407867616789,-34.420761048069252],[-59.441734198739788,-34.420762537991102],[-59.441732401332715,-34.421032965917853],[-59.442058733530182,-34.421034454984095],[-59.442060529886717,-34.420764027042381],[-59.443039523471121,-34.420768488972634],[-59.443041316652177,-34.420498060973962],[-59.443367646844266,-34.420499546527928],[-59.443369438950903,-34.420229118502228],[-59.444022097305719,-34.420232086968554],[-59.444023887287493,-34.419961658900917],[-59.446634513255908,-34.419973497824166],[-59.446632731678065,-34.420243926010926],[-59.4469590610816,-34.420245401973652],[-59.446957280530526,-34.420515830163211],[-59.447936272034966,-34.420520252872429],[-59.447934494611737,-34.420790681094445],[-59.448260826211133,-34.420792153604502],[-59.448262602583846,-34.420521725367685],[-59.448915263752603,-34.420524667746427],[-59.448917038000616,-34.420254239467937],[-59.449243367569949,-34.420255709336629],[-59.449246913894065,-34.419714852713902],[-59.449573241386084,-34.419716321682465],[-59.449580329548958,-34.418634608233141],[-59.449254006258762,-34.418633139323724],[-59.449259325284167,-34.417821854154482],[-59.44893300516879,-34.417820384418889],[-59.448938327132609,-34.417009099185506],[-59.448612010191944,-34.417007628623821],[-59.448615560150259,-34.416466771770843],[-59.448289245333889,-34.416465300368309],[-59.448291021327847,-34.416194871938558],[-59.447964707585434,-34.416193399680381],[-59.447968261602945,-34.415652542814314],[-59.447641949984792,-34.415651069715352],[-59.447643728008266,-34.415380641279064],[-59.447317417464042,-34.415379167324495],[-59.447319196514087,-34.415108738890979],[-59.446992887043834,-34.415107264080845],[-59.446994667120364,-34.414836835650121],[-59.446668358724061,-34.414835359984444],[-59.446670139827084,-34.414564931556498],[-59.446343832504738,-34.414563455035264],[-59.446345614634247,-34.414293026610125],[-59.446019308385829,-34.414291549233383],[-59.44602109154178,-34.414021120811043],[-59.445368481216619,-34.414018163476179],[-59.44537205165787,-34.413477306654869],[-59.444719445628536,-34.413474345898116],[-59.444723020175154,-34.412933489088154],[-59.444396719296492,-34.412932007434073],[-59.444398507584189,-34.412661579025915],[-59.444072207779463,-34.412660096516419],[-59.444075786383543,-34.412119239693752],[-59.443423191046016,-34.412116272123534],[-59.443426773754979,-34.41157541531237],[-59.439511228940596,-34.411557537144951],[-59.43951303285975,-34.411287108901234]],[[-59.447665062441928,-34.412135499102973],[-59.446686168686369,-34.412131075162371],[-59.44668438779695,-34.412401503698838],[-59.447010686741834,-34.412402979230869],[-59.447005347081507,-34.413214264812467],[-59.447331649200471,-34.413215739518698],[-59.447333428060837,-34.412945310988725],[-59.447659729153365,-34.412946784809769],[-59.447657951343139,-34.413217213354599],[-59.447984253509489,-34.41321868632015],[-59.44798958371878,-34.412407400605041],[-59.447663284702763,-34.412405927683984],[-59.447665062441928,-34.412135499102973]],[[-59.472786680289836,-34.412787225719889],[-59.472460378464049,-34.412785818929564],[-59.472455284465788,-34.413597107869016],[-59.472781589442029,-34.413598514701825],[-59.472786680289836,-34.412787225719889]],[[-59.387949008018985,-34.412392156350947],[-59.386317530926178,-34.412383982284474],[-59.386315555723272,-34.412654407898849],[-59.385662962970208,-34.412651132147282],[-59.385660985640854,-34.412921557716615],[-59.385334688253771,-34.412919918518888],[-59.385330731415813,-34.413460769588333],[-59.385004431954918,-34.413459129487279],[-59.384998493349897,-34.414270405951349],[-59.385324795961182,-34.414272046101914],[-59.385322817423543,-34.414542471582273],[-59.385649121111342,-34.414544110878992],[-59.385647143597524,-34.414814536363792],[-59.386626057969465,-34.414819449081207],[-59.386628032332787,-34.414549023546968],[-59.386954336125903,-34.414550659362241],[-59.38695630941276,-34.414280233799481],[-59.387282612182034,-34.414281868727954],[-59.387286556576576,-34.413741017533269],[-59.387612857271854,-34.413742651558486],[-59.387618770516255,-34.412931374626552],[-59.387945068087518,-34.412933007732136],[-59.387949008018985,-34.412392156350947]],[[-59.415993597545835,-34.414963188093118],[-59.415667290416799,-34.414961629724878],[-59.415665409494729,-34.415232056677944],[-59.415991717673968,-34.415233615061837],[-59.415993597545835,-34.414963188093118]],[[-59.470808429446791,-34.416023926178696],[-59.470482115154411,-34.41602251399577],[-59.470480410604218,-34.416292943424537],[-59.470806725946908,-34.41629435562168],[-59.470808429446791,-34.416023926178696]],[[-59.470154095284258,-34.416291530356951],[-59.469827779987007,-34.416290116418899],[-59.469826073313456,-34.416560545807172],[-59.470152389661017,-34.416561959759456],[-59.470154095284258,-34.416291530356951]],[[-59.46884712440729,-34.416556298727556],[-59.468520808150792,-34.416554881293408],[-59.468519097253157,-34.416825310612623],[-59.468845414560001,-34.416826728061039],[-59.46884712440729,-34.416556298727556]],[[-59.456096293963341,-34.420286375476302],[-59.4557699639007,-34.42028492388971],[-59.455768211713455,-34.420555352476981],[-59.456094542826619,-34.420556804078181],[-59.456096293963341,-34.420286375476302]],[[-59.439121744616465,-34.421021022046396],[-59.438795412635088,-34.421019525144793],[-59.438793605749176,-34.421289952924219],[-59.43911993878109,-34.421291449840894],[-59.439121744616465,-34.421021022046396]],[[-59.445644819606621,-34.421591633429202],[-59.444665815994576,-34.421587192258997],[-59.444664027970816,-34.421857620284094],[-59.444337692430537,-34.421856138137883],[-59.444335903332359,-34.422126566136001],[-59.444009566765317,-34.422125083104241],[-59.444011356914096,-34.421854655121031],[-59.443358685952788,-34.421851686475492],[-59.443356893702841,-34.422122114428817],[-59.442704220735912,-34.422119142270866],[-59.442702426360874,-34.422389570182226],[-59.443028763882999,-34.422391056711476],[-59.443026970534667,-34.422661484625735],[-59.442374293413103,-34.42265851066665],[-59.442372497939608,-34.422928938538924],[-59.442046158364072,-34.422927450238447],[-59.442042565244016,-34.423468305916842],[-59.442368906920834,-34.423469794247296],[-59.442365315806349,-34.424010649907416],[-59.44269165960845,-34.424012137397099],[-59.442689865066015,-34.424282565224054],[-59.442363520213213,-34.424281077719378],[-59.442359928955149,-34.424821933307122],[-59.442686275909395,-34.424823420841726],[-59.442682686657115,-34.425364276411166],[-59.443009035736772,-34.425365763104949],[-59.44300186114836,-34.426447474158941],[-59.443328214455107,-34.426448960041817],[-59.443313872537864,-34.428612381690435],[-59.443640234275506,-34.428613866822069],[-59.443636650659158,-34.42915472214348],[-59.444289378409842,-34.429157689853945],[-59.444287588667784,-34.429428117526427],[-59.444613953629883,-34.429429600090288],[-59.444612164914936,-34.429700027765634],[-59.444938530951866,-34.429701509473539],[-59.444934955552512,-34.430242364817829],[-59.445261323715243,-34.430243845684657],[-59.445259537030864,-34.430514273353623],[-59.445585906268434,-34.430515753364432],[-59.445582334930322,-34.431056608695954],[-59.445908706293785,-34.431058087865637],[-59.445906921640102,-34.431328515528172],[-59.446233294078432,-34.4313299938418],[-59.44623151045203,-34.43160042150717],[-59.44688425750212,-34.431603375551347],[-59.446882475954162,-34.43187380323436],[-59.447208850565914,-34.431875278964888],[-59.447205289501007,-34.432416134324448],[-59.447531666238717,-34.432417609213708],[-59.447529886721803,-34.432688036890241],[-59.44785626453438,-34.432689510923353],[-59.447854486044903,-34.43295993860265],[-59.448180864932326,-34.432961411779623],[-59.448179087470322,-34.433231839461669],[-59.448505467432604,-34.433233311782459],[-59.448491255293561,-34.43539673292323],[-59.448817643689367,-34.43539820449147],[-59.448815868116753,-34.435668632094597],[-59.449142257587511,-34.43567010280654],[-59.449138708473903,-34.436210958006214],[-59.449791491691634,-34.436213896876055],[-59.44979326415762,-34.435943469252692],[-59.450119654750594,-34.435944937366209],[-59.450116111897657,-34.436485792630421],[-59.450768897359765,-34.436488726303232],[-59.450763589211512,-34.437300009197649],[-59.451089985132029,-34.437301474771623],[-59.451088216753497,-34.437571902393714],[-59.451741010768025,-34.437574830957757],[-59.451737478145958,-34.438115686224698],[-59.452716675652731,-34.438120072625509],[-59.452714912460692,-34.438390500285017],[-59.452388512216814,-34.438389039007852],[-59.45238498365935,-34.438929894261264],[-59.452711386006136,-34.438931355567838],[-59.452707859457597,-34.439472210802421],[-59.453034263930867,-34.439473671267173],[-59.453032501672858,-34.439744098881057],[-59.453358907221109,-34.439745558489292],[-59.453357145991134,-34.44001598610582],[-59.453683552614379,-34.440017444857531],[-59.453680032187101,-34.440558300083723],[-59.454332849710156,-34.440561215032133],[-59.454331091564462,-34.44083164265647],[-59.454983911284344,-34.440834554149227],[-59.454982155218381,-34.441104981790794],[-59.45530856616503,-34.441106436244944],[-59.455306811127251,-34.441376863889083],[-59.455959635193857,-34.441379770212841],[-59.455957882235928,-34.441650197874161],[-59.457916361305635,-34.441658896022666],[-59.457918107953923,-34.441388468273843],[-59.458570932393634,-34.441391360657391],[-59.458572676915438,-34.441120932867427],[-59.458899088118578,-34.44112237773777],[-59.458900831565572,-34.440851949921203],[-59.459553651938357,-34.440854837019081],[-59.459555393258974,-34.440584409161424],[-59.460534620837457,-34.440588733230364],[-59.4605363589802,-34.440318305317135],[-59.461189175378571,-34.44032118364462],[-59.461190911395057,-34.440050755690372],[-59.461517318577421,-34.440052193532807],[-59.461519053519226,-34.439781765552034],[-59.461845459673171,-34.439783202508785],[-59.461847193540343,-34.439512774501509],[-59.462173598665892,-34.43951421057259],[-59.462183995074938,-34.437891642188951],[-59.462510393914755,-34.437893077302213],[-59.462512125517371,-34.437622649181627],[-59.462185727728944,-34.437621214082803],[-59.462196123168198,-34.435998645192733],[-59.462522514648391,-34.436000080204934],[-59.462529440274238,-34.434918367312648],[-59.463182214893429,-34.43492123460836],[-59.463185673362879,-34.434380378032166],[-59.463512058604543,-34.434381810344618],[-59.463501689227336,-34.436004380014957],[-59.463828080799743,-34.436005811542778],[-59.463817716901602,-34.437628380865469],[-59.463491319020974,-34.437626949251225],[-59.463487862101253,-34.438167805566856],[-59.463814262084739,-34.438169237209912],[-59.46380907968679,-34.438980521636118],[-59.464788289238442,-34.438984811467762],[-59.464790013573015,-34.438714383294595],[-59.465116415751424,-34.438715811481728],[-59.465118139011551,-34.438445383282122],[-59.465444540161457,-34.438446810583713],[-59.465446262347157,-34.438176382357696],[-59.465772662468567,-34.438177808773766],[-59.465774383579905,-34.437907380521352],[-59.466100782672797,-34.437908806051915],[-59.466102502709752,-34.437638377773084],[-59.466428900774169,-34.437639802418168],[-59.466430619736812,-34.437369374112969],[-59.467083413831496,-34.437372220761048],[-59.467088564273695,-34.436560935687133],[-59.467414958201225,-34.436562357661543],[-59.467413242461411,-34.436832786045862],[-59.467739637463147,-34.436834207163471],[-59.467741352151599,-34.43656377876485],[-59.468067746124852,-34.436565198997037],[-59.468071173330507,-34.436024342135035],[-59.468397565223889,-34.436025761467569],[-59.468400990235558,-34.435484904528778],[-59.468727380049131,-34.435486322961651],[-59.468734225593522,-34.434404608882332],[-59.469060611224805,-34.434406026387101],[-59.469062321502626,-34.434135597822866],[-59.468735936922606,-34.434134180332379],[-59.468741070773028,-34.43332289461015],[-59.468414689369453,-34.433321476291425],[-59.468423250586504,-34.431969333251281],[-59.46809687446153,-34.431967914132962],[-59.468103727228808,-34.430886199540964],[-59.467777355331066,-34.430884779608824],[-59.467782497819947,-34.430073493581091],[-59.467129760399267,-34.430070651189823],[-59.467131476618569,-34.429800222518402],[-59.465499638722441,-34.429793101371111],[-59.465497917248065,-34.430063529970873],[-59.464845180148082,-34.43006067538699],[-59.464841732926331,-34.430601532492908],[-59.464188991714089,-34.430598674367907],[-59.464187265966629,-34.430869102874034],[-59.463860894343952,-34.430867672490749],[-59.463859167522429,-34.431138100970429],[-59.463206422243957,-34.431135237562309],[-59.463209880068227,-34.430594380648536],[-59.462883509565664,-34.430592947666895],[-59.462885239494277,-34.430322519206342],[-59.463211608945798,-34.430323952173552],[-59.463215066631811,-34.429783095187439],[-59.462888699282338,-34.42978166224907],[-59.462892158978185,-34.429240805243566],[-59.462565793753733,-34.429239371463169],[-59.462567524618059,-34.428968942956736],[-59.461914796340352,-34.428966072812194],[-59.461916529283492,-34.428695644322623],[-59.461590166230231,-34.4286942079585],[-59.461591900201242,-34.428423779471316],[-59.460939176265924,-34.428420904159431],[-59.460928759481533,-34.430043474728123],[-59.460602391242723,-34.430042035679044],[-59.460604128482295,-34.429771607295535],[-59.460277761317649,-34.429770167390068],[-59.460282976050436,-34.428958882210708],[-59.459956612061902,-34.428957441477806],[-59.459958351310803,-34.428687013075084],[-59.459631988396396,-34.42868557148585],[-59.4596354689265,-34.428144714673202],[-59.459309108137148,-34.428143272242139],[-59.45931084941833,-34.427872843832247],[-59.458984489703106,-34.427871400544866],[-59.458986232011974,-34.427600972137448],[-59.458659873370856,-34.427599527993777],[-59.458661616707403,-34.42732909958881],[-59.458335259140398,-34.427327654588865],[-59.458337003504568,-34.427057226186385],[-59.45801064701169,-34.427055780330178],[-59.458012392403468,-34.426785351930214],[-59.457686036984697,-34.426783905217739],[-59.457687783404054,-34.426513476820269],[-59.457361429059411,-34.426512029251583],[-59.457366671330284,-34.425700744030514],[-59.456713969015723,-34.425697846368273],[-59.456715718494344,-34.425427417966297],[-59.456063018374607,-34.425424516850235],[-59.456064769931452,-34.425154088465391],[-59.454759374175268,-34.425148275842808],[-59.45476112991178,-34.424877847504391],[-59.453455738732998,-34.424872021008689],[-59.453457498649065,-34.424601592716833],[-59.452804805301824,-34.424598674273973],[-59.452806567295887,-34.42432824599944],[-59.452480221708214,-34.424326785486635],[-59.452481984729495,-34.424056357214745],[-59.45182929572605,-34.424053433606403],[-59.451831060825235,-34.423783005351879],[-59.451178374017267,-34.423780078290221],[-59.4511801411943,-34.42350965005307],[-59.450201114311056,-34.423505252974657],[-59.450197573629332,-34.424046109348403],[-59.450523918001537,-34.424047575941408],[-59.450518609954159,-34.424858860455849],[-59.450844957502113,-34.424860326222387],[-59.450843189156586,-34.42513075438449],[-59.451169537778853,-34.425132219295065],[-59.451167770460508,-34.425402647459848],[-59.451494120157115,-34.425404111514418],[-59.451492353866009,-34.425674539681879],[-59.450839652394819,-34.425671610672545],[-59.450836115538777,-34.426212466912354],[-59.450509762736928,-34.426211001072055],[-59.450506223684961,-34.426751857234123],[-59.450179868805037,-34.426750390493531],[-59.450176327557031,-34.427291246577852],[-59.449849970599011,-34.427289778936952],[-59.449846427154846,-34.427830634943483],[-59.449193709106112,-34.427827696990157],[-59.449197256753799,-34.427286841042715],[-59.448218186163302,-34.427282427670377],[-59.448219963104272,-34.427011999723],[-59.448872674705868,-34.42701494281242],[-59.448874449521476,-34.426744514823341],[-59.449200804306919,-34.426745985047084],[-59.449206125459312,-34.425934700963133],[-59.448879773826334,-34.425933230783798],[-59.448885097918321,-34.425121946635699],[-59.448558749461299,-34.42512047563001],[-59.448556973736864,-34.425390903676622],[-59.447904274792315,-34.425387959023396],[-59.447907830420533,-34.424847102977367],[-59.447581483085308,-34.424845629374303],[-59.447585040720234,-34.424304773309686],[-59.447911385954015,-34.424306246883077],[-59.447913163685207,-34.424035818817849],[-59.447586819502128,-34.424034345259265],[-59.447588598260332,-34.423763917196808],[-59.44791494139271,-34.42376539074057],[-59.447916719076531,-34.423494962651212],[-59.447590376994825,-34.423493489122272],[-59.447592155705607,-34.423223061035706],[-59.447265814698255,-34.423221586650932],[-59.447267594436013,-34.422951158567137],[-59.446614914593781,-34.422948207215278],[-59.446618478200598,-34.422407351070902],[-59.445965802655863,-34.422404396295875],[-59.445969370370094,-34.421863540162704],[-59.445643034734587,-34.421862061498985],[-59.445644819606621,-34.421591633429202]],[[-59.441728806446719,-34.421573821735144],[-59.440749803694771,-34.421569349222807],[-59.440748003064122,-34.42183977706835],[-59.441074338341366,-34.421841268791425],[-59.441072538737295,-34.422111696639938],[-59.441725211464899,-34.422114677504183],[-59.441728806446719,-34.421573821735144]],[[-59.456085786792926,-34.421908946906726],[-59.455433114084357,-34.421906042687617],[-59.455431360706406,-34.422176471187939],[-59.454126011367372,-34.422170652243587],[-59.454124253763595,-34.422441080673302],[-59.454450592113886,-34.422442536729989],[-59.454447078937328,-34.422983393582527],[-59.454773419412277,-34.422984848797846],[-59.454771663839537,-34.423255277220669],[-59.455098005388528,-34.423256731579976],[-59.45509625084307,-34.423527160005378],[-59.455422593466118,-34.423528613508623],[-59.455420839947962,-34.423799041936597],[-59.456073527365533,-34.423801946360285],[-59.456075278782329,-34.423531517903079],[-59.456401621475429,-34.423532968794291],[-59.456410372956071,-34.422180826254461],[-59.456084035516191,-34.422179375436258],[-59.456085786792926,-34.421908946906726]],[[-59.40941232405217,-34.422774223403273],[-59.408759649904169,-34.422771070060961],[-59.408753938691888,-34.423582348839595],[-59.409080278905087,-34.423583925993682],[-59.40907266780286,-34.42466563092637],[-59.410378045719874,-34.424671931089684],[-59.410383741476387,-34.423860652218103],[-59.410710082866885,-34.423862225034718],[-59.410713877810089,-34.423321372361649],[-59.410061199257001,-34.423318225921086],[-59.410063098791909,-34.42304779959813],[-59.409410422441326,-34.42304464970664],[-59.40941232405217,-34.422774223403273]],[[-59.463885067428897,-34.427081672509487],[-59.462579640022405,-34.427075943074321],[-59.462577909319556,-34.427346371665124],[-59.462904267187483,-34.427347805344553],[-59.462899078093244,-34.428159091087899],[-59.463225439136927,-34.428160523939766],[-59.463221981727379,-34.428701381070553],[-59.463548344895976,-34.428702813080399],[-59.463544889496205,-34.429243670191759],[-59.465503081602407,-34.429252244135419],[-59.465506524390591,-34.428711386851496],[-59.465832887720076,-34.428712812765347],[-59.465834608028807,-34.428442384090964],[-59.465181883494687,-34.428439531421112],[-59.465187050588852,-34.42762824541169],[-59.464534332452054,-34.427625389344676],[-59.464536056872646,-34.427354960679502],[-59.463883340929534,-34.427352101157958],[-59.463885067428897,-34.427081672509487]],[[-59.423405852252536,-34.428520141904855],[-59.422753131817657,-34.428517062787037],[-59.422751272761957,-34.428787489479731],[-59.422424911530776,-34.428785948599085],[-59.422421191243188,-34.429326801917284],[-59.422094827934899,-34.429325260134775],[-59.422083660171197,-34.430947819706645],[-59.422410029785453,-34.430949361582236],[-59.422402588317823,-34.43203106778418],[-59.422728962161131,-34.432032608850861],[-59.422725243380768,-34.432573461910444],[-59.423051619351078,-34.432575002137192],[-59.42304790257387,-34.433115855179494],[-59.423374280671219,-34.43311739456626],[-59.42337242329662,-34.433387821084793],[-59.4236988024699,-34.433389359616058],[-59.423696946121702,-34.433659786137987],[-59.424023326370872,-34.433661323813737],[-59.424021471049159,-34.433931750339084],[-59.424347852374218,-34.433933287159306],[-59.424345998078962,-34.434203713688042],[-59.424672380479969,-34.434205249652706],[-59.424670527211227,-34.434475676184817],[-59.425976061266894,-34.434481811395081],[-59.425977910330793,-34.43421138480123],[-59.427936205845967,-34.434220561393552],[-59.427938048578007,-34.433950134695309],[-59.428264430198695,-34.433951661063453],[-59.428268113486709,-34.433410807600062],[-59.428594493029564,-34.433412333066485],[-59.428598174117106,-34.432871479524124],[-59.428924551582185,-34.43287300408889],[-59.428926391038033,-34.432602577284278],[-59.428600014624095,-34.43260105273486],[-59.428603695564462,-34.432060199120066],[-59.428277321277257,-34.432058673730374],[-59.428281004221702,-34.431517820098051],[-59.427954632061223,-34.431516293868121],[-59.427956474547692,-34.431245867049192],[-59.427303732402528,-34.431242812007305],[-59.427305576966546,-34.430972385207056],[-59.426652837021805,-34.430969326712237],[-59.426654683663315,-34.430698899930704],[-59.426001945919083,-34.430695837983052],[-59.426003794638028,-34.43042541122027],[-59.425677426853881,-34.430423878955509],[-59.425679276599183,-34.430153452196059],[-59.425352909890691,-34.430151919075833],[-59.425354760662344,-34.429881492319765],[-59.424702029421347,-34.429878423497534],[-59.424703882270272,-34.429607996760268],[-59.424377517737803,-34.42960646105827],[-59.424379371613014,-34.429336034324386],[-59.423726644724091,-34.429332960338783],[-59.423730356604153,-34.428792106896658],[-59.423403995298678,-34.428790568628521],[-59.423405852252536,-34.428520141904855]],[[-59.398923097280061,-34.429213567684002],[-59.397944012897639,-34.429208751620912],[-59.397942073895543,-34.429479177074128],[-59.397615711435471,-34.429477569961925],[-59.397611831251808,-34.430018420799748],[-59.397285466715672,-34.430016812784352],[-59.397283525534093,-34.430287238168965],[-59.39695715997285,-34.430285629266507],[-59.396945506033894,-34.43190818122347],[-59.397271877901304,-34.431909790223074],[-59.397266053735663,-34.43272106608709],[-59.397592428782197,-34.432722674264298],[-59.397590488393021,-34.432993099544341],[-59.397916864516539,-34.432994706866751],[-59.397920743166807,-34.432453856262264],[-59.398899865385715,-34.432458672906847],[-59.398901801518811,-34.432188247538015],[-59.399228174592309,-34.432189851328182],[-59.399230109648535,-34.431919425931142],[-59.399556481696742,-34.431921028834253],[-59.399558415676118,-34.431650603409011],[-59.39988478669904,-34.431652205425074],[-59.399892518154658,-34.43057050353891],[-59.399566151335861,-34.430568901587328],[-59.399570019011094,-34.430028050604015],[-59.399243654320038,-34.430026447813788],[-59.399247523994127,-34.429485596814445],[-59.398921161430771,-34.429483993185634],[-59.398923097280061,-34.429213567684002]],[[-59.420123575320012,-34.431208976623843],[-59.419470834362187,-34.431205879777906],[-59.419468964548145,-34.431476306194483],[-59.419142593055547,-34.431474756449532],[-59.41914072216553,-34.431745182838462],[-59.418814349646787,-34.431743632206988],[-59.418804989567143,-34.433095763892517],[-59.418478611817804,-34.433094212312056],[-59.418469245858539,-34.434446343617786],[-59.418142862878248,-34.434444791088261],[-59.418140988560289,-34.43471521729758],[-59.41781460455374,-34.434713663881404],[-59.417812729159571,-34.434984090063011],[-59.417486344126793,-34.434982535760184],[-59.417484467656372,-34.435252961914088],[-59.417810853740399,-34.435254516232568],[-59.417808978296229,-34.435524942390046],[-59.418135365456521,-34.435526495853097],[-59.418133491038638,-34.435796922014127],[-59.41845987927519,-34.435798474621762],[-59.418461752641782,-34.4355280484451],[-59.419767301632355,-34.435534250102563],[-59.419765432470868,-34.435804676341618],[-59.420418209218226,-34.435807771975171],[-59.42042194331119,-34.435266919422723],[-59.420748329619649,-34.435268465901771],[-59.420752061510598,-34.434727613269928],[-59.421078445741422,-34.434729158846842],[-59.421087769777657,-34.433377026978249],[-59.420761390802816,-34.433375481479082],[-59.420766988079762,-34.432564202259748],[-59.420440612283201,-34.432562655936273],[-59.420446212489665,-34.431751376654994],[-59.420119839871298,-34.431749829507254],[-59.420123575320012,-34.431208976623843]],[[-59.443290563660931,-34.432127940222955],[-59.442964188283895,-34.43212645402609],[-59.442962394074975,-34.432396881506136],[-59.443288770503131,-34.432398367717951],[-59.443290563660931,-34.432127940222955]],[[-59.399880920816663,-34.432193056295702],[-59.399554547691608,-34.432191454247416],[-59.399550679603998,-34.432732305037511],[-59.399877054831251,-34.432733907118049],[-59.399880920816663,-34.432193056295702]],[[-59.392374345485827,-34.432155988838474],[-59.391721600454467,-34.432152743808025],[-59.391719641197454,-34.432423168819625],[-59.391393267669855,-34.432421544981651],[-59.391395227977952,-34.432151119986386],[-59.391068855527564,-34.432149495293821],[-59.391064932783053,-34.432690345239585],[-59.390412183756339,-34.432687093176241],[-59.39041022024265,-34.432957518098284],[-59.390083844717417,-34.43295589074382],[-59.390075986196422,-34.434037590245701],[-59.390402365926235,-34.434039217665664],[-59.390400402281706,-34.434309642527303],[-59.390726783088866,-34.434311269092639],[-59.390716969729816,-34.435663393301539],[-59.391043355819235,-34.435665019077668],[-59.391039432395068,-34.436205868709379],[-59.391365820613181,-34.436207493647139],[-59.391363859913177,-34.436477918461229],[-59.391690249208708,-34.436479542544284],[-59.391688289533896,-34.436749967362637],[-59.392014679906836,-34.436751590590944],[-59.392010762581513,-34.43729244022407],[-59.392337155083212,-34.437294062613951],[-59.392335197432743,-34.437564487428709],[-59.392661591011901,-34.437566108963793],[-59.39265963438671,-34.437836533782814],[-59.392986029043307,-34.437838154463087],[-59.392984073443408,-34.438108579286315],[-59.393310469177443,-34.438110199111783],[-59.393308514602879,-34.438380623939238],[-59.39363491141436,-34.43838224290986],[-59.393632957865151,-34.438652667741515],[-59.394938549576892,-34.438659134977769],[-59.394942448238048,-34.438118285172258],[-59.39559524004423,-34.438121513498558],[-59.395603028643933,-34.437039813612685],[-59.395276636933303,-34.437038199950031],[-59.395282481264552,-34.436226924957516],[-59.394956092733814,-34.436225310472487],[-59.394958041843616,-34.435954885467083],[-59.394631654390132,-34.435953270127257],[-59.394635554634284,-34.435412420112691],[-59.394309169309331,-34.435410803934325],[-59.394311120443682,-34.435140378925183],[-59.393984736195954,-34.435138761892063],[-59.393986688355525,-34.434868336887121],[-59.393660305185037,-34.434866718999245],[-59.393666164661234,-34.434055443960759],[-59.393339784670374,-34.4340538252507],[-59.393345647065772,-34.433242550152393],[-59.393019270254428,-34.433240930620251],[-59.393021225385283,-34.432970505579597],[-59.3926948496511,-34.432968885192786],[-59.392698761936849,-34.43242803510789],[-59.392372388330969,-34.43242641388273],[-59.392374345485827,-34.432155988838474]],[[-59.442957011304749,-34.433208163873871],[-59.441651493217577,-34.433202210137239],[-59.441649694708317,-34.433472637509119],[-59.442302455806384,-34.433475616149387],[-59.442300659375498,-34.433746043539188],[-59.443279804355683,-34.433750505011979],[-59.443281597632968,-34.433480077577308],[-59.442955217000183,-34.433478591305672],[-59.442957011304749,-34.433208163873871]],[[-59.442951628319307,-34.434019446133057],[-59.442298862920715,-34.434016470916909],[-59.442297066441967,-34.434286898282565],[-59.442949833943011,-34.434289873528648],[-59.442951628319307,-34.434019446133057]],[[-59.440991531727285,-34.434280937338116],[-59.440012380943202,-34.434276457483989],[-59.440010577081921,-34.434546884732555],[-59.439684192484044,-34.434545389690747],[-59.439682387547478,-34.434815816912206],[-59.440661544566915,-34.434820299469585],[-59.440663346349737,-34.434549872203043],[-59.440989731019691,-34.434551364631744],[-59.440991531727285,-34.434280937338116]],[[-59.407372238625172,-34.434393068973705],[-59.406719474404269,-34.434389903814591],[-59.406713740996203,-34.435201180749637],[-59.407040126247608,-34.435202763812484],[-59.407038216111893,-34.435473189449269],[-59.407690988793554,-34.435476352993653],[-59.407689080734926,-34.435746778650206],[-59.408015468165161,-34.435748359131722],[-59.408013561132414,-34.436018784792097],[-59.408666338171699,-34.436021943173756],[-59.408664433216096,-34.436292368853827],[-59.408990822825118,-34.436293946753942],[-59.408994630608348,-34.435753095349966],[-59.408668243101886,-34.435751517481606],[-59.408670148006721,-34.435481091777383],[-59.408343761576916,-34.435479513053849],[-59.408345667507618,-34.435209087353435],[-59.40801928215447,-34.435207507774763],[-59.408021189111018,-34.43493708207815],[-59.407694804834527,-34.43493550164434],[-59.407696712816865,-34.434665075951578],[-59.407370329617038,-34.434663494662622],[-59.407372238625172,-34.434393068973705]],[[-59.439356001922405,-34.43481432098433],[-59.438376845191719,-34.434809827974455],[-59.438375036026059,-34.43508025512358],[-59.438048649446095,-34.435078755696459],[-59.438045028939889,-34.435619609928338],[-59.438371417622406,-34.435621109385643],[-59.438373226836276,-34.435350682260641],[-59.43902600217104,-34.435353678531904],[-59.439027809258285,-34.435083251364695],[-59.439354195910532,-34.435084748178667],[-59.439356001922405,-34.43481432098433]],[[-59.427602447819986,-34.435300740749874],[-59.425970513927368,-34.435293091104228],[-59.425968664764916,-34.435563517649797],[-59.425315889277726,-34.435560451663328],[-59.425299226782485,-34.437994289752822],[-59.425625623975819,-34.437995823320435],[-59.425621923030533,-34.438536676127313],[-59.425948322351367,-34.438538208854624],[-59.425946472893173,-34.438808635255391],[-59.426272873290088,-34.43881016712696],[-59.4262710248587,-34.439080593531067],[-59.426923827829356,-34.439083654691487],[-59.426921981476269,-34.439354081114345],[-59.427248384049982,-34.43935561040319],[-59.427246538723772,-34.439626036829324],[-59.427572942373551,-34.43962756526237],[-59.427571098074253,-34.439897991691822],[-59.427897502800121,-34.439899519269055],[-59.427895659527749,-34.440169945701804],[-59.428222065329685,-34.440171472423181],[-59.428220223084274,-34.44044189885922],[-59.428546629962298,-34.440443424724734],[-59.428544788743885,-34.440713851164055],[-59.429524012679693,-34.440718423579312],[-59.429522174591419,-34.440988850052555],[-59.429848583670605,-34.440990372463837],[-59.429850420707318,-34.440719945975268],[-59.430829644937013,-34.440724507935762],[-59.430831478794616,-34.440454081389227],[-59.431157885868551,-34.440455600284984],[-59.431159718650193,-34.4401851737111],[-59.43148612469701,-34.440186691720371],[-59.431487956402712,-34.439916265119159],[-59.431814361422425,-34.439917782241942],[-59.431818022657616,-34.439376928972784],[-59.431491619740896,-34.439375411880512],[-59.431498946124371,-34.438293705258424],[-59.431172547437868,-34.438292187356048],[-59.431176212585996,-34.437751334003124],[-59.429870626495649,-34.437745253804486],[-59.42987429995712,-34.437204400525658],[-59.429547905598461,-34.437202878328797],[-59.429549743343834,-34.436932451686594],[-59.429223350061037,-34.436930928633927],[-59.429225188833279,-34.436660501994986],[-59.428898796626306,-34.436658978086555],[-59.428902476199923,-34.436118124803123],[-59.428576086120117,-34.436116600054284],[-59.428579767698267,-34.435575746753265],[-59.427600603913881,-34.435571167372423],[-59.427602447819986,-34.435300740749874]],[[-59.421399238430908,-34.435541982575671],[-59.420746463636874,-34.435538892199602],[-59.420744597629223,-34.435809318485354],[-59.421070986065118,-34.435810864124463],[-59.421065391046902,-34.436622142955947],[-59.422044565965393,-34.436626774786703],[-59.422050151521795,-34.435815495815426],[-59.421397374525831,-34.435812408892509],[-59.421399238430908,-34.435541982575671]],[[-59.420744597629223,-34.435809318485354],[-59.420418209218226,-34.435807771975171],[-59.420416342134438,-34.436078198233297],[-59.420742731596725,-34.436079744759034],[-59.420744597629223,-34.435809318485354]],[[-59.410945365742734,-34.436844247407819],[-59.409966190227586,-34.436839526678646],[-59.409964289401195,-34.437109952385953],[-59.409311503748377,-34.437106800845974],[-59.409307697814143,-34.437647652160969],[-59.409634092730606,-34.4376492283982],[-59.409632190776833,-34.437919654053445],[-59.409305794808979,-34.43791807780034],[-59.409303891778485,-34.438188503427654],[-59.409630288797707,-34.438190079696604],[-59.409622680627763,-34.439271782148531],[-59.409949081878068,-34.43927335760975],[-59.409945279743965,-34.439814208794957],[-59.410271683122545,-34.439815783416691],[-59.410269783068991,-34.440086209007042],[-59.411901805598944,-34.44009406912695],[-59.411907489911449,-34.439282792082501],[-59.412233891338801,-34.439284361445509],[-59.412235785007688,-34.439013935724084],[-59.411909384631791,-34.439012366376851],[-59.411918857854722,-34.437660237667593],[-59.411592462761128,-34.43765866752819],[-59.411594358381336,-34.437388241765902],[-59.411267964364384,-34.437386670771197],[-59.411269861010695,-34.437116245012639],[-59.410943468070371,-34.437114673162618],[-59.410945365742734,-34.436844247407819]],[[-59.397887771344088,-34.437051084860684],[-59.397561379452114,-34.43704947729568],[-59.397549734246404,-34.43867202763537],[-59.397876132446633,-34.43867363529742],[-59.397874192539923,-34.438944060327955],[-59.398200591817428,-34.438945667135009],[-59.398198652936294,-34.439216092169623],[-59.398525053291088,-34.439217698121695],[-59.398523115435552,-34.43948812316038],[-59.399175918325511,-34.439491332483328],[-59.399177854078125,-34.439220907412363],[-59.399504254510333,-34.439222510750952],[-59.39950812383529,-34.438681660540496],[-59.399834522190424,-34.438683262975658],[-59.399836455762831,-34.438412837836204],[-59.399510058459093,-34.438411235417156],[-59.399511993057125,-34.438140810281752],[-59.399185596830584,-34.438139207007687],[-59.399187532454214,-34.437868781876325],[-59.398861137304856,-34.437867177747272],[-59.398863073954054,-34.437596752619982],[-59.398536679881879,-34.437595147635967],[-59.398538617556625,-34.437324722512727],[-59.397885831592475,-34.437321509963667],[-59.397887771344088,-34.437051084860684]],[[-59.43411560579144,-34.43749453665712],[-59.43378921006429,-34.437493025769569],[-59.43378738593799,-34.437763452586033],[-59.434113782716537,-34.437764963488796],[-59.43411560579144,-34.43749453665712]],[[-59.433460989183764,-34.437761940812152],[-59.43248179906707,-34.437757400263656],[-59.432479970710837,-34.438027827007183],[-59.43215357300258,-34.438026311733509],[-59.432151743570572,-34.438296738449701],[-59.431825344835275,-34.438295222289639],[-59.431819853238622,-34.439106502320094],[-59.432146255128259,-34.439108018525928],[-59.432144425598722,-34.43937844519386],[-59.432470828564199,-34.439379960543761],[-59.432465342983825,-34.440191240520903],[-59.43311815529691,-34.440194268698555],[-59.433119981745058,-34.439923842021102],[-59.43344638688658,-34.439925354787874],[-59.433448212258888,-34.439654928083137],[-59.433774616373249,-34.4396564399635],[-59.433776440669703,-34.439386013231498],[-59.434429246868383,-34.439389034348245],[-59.434434713303148,-34.438577753988611],[-59.435087513290171,-34.438580771529544],[-59.435089333283656,-34.438310344688524],[-59.434436535399499,-34.438307327177959],[-59.434438357471571,-34.438036900355229],[-59.433459163981759,-34.438032367601338],[-59.433460989183764,-34.437761940812152]],[[-59.463487862101253,-34.438167805566856],[-59.46316146214081,-34.438166373052638],[-59.463156273434066,-34.438977657392421],[-59.463482676548907,-34.438979089949861],[-59.463487862101253,-34.438167805566856]],[[-59.400157055452112,-34.439225714814604],[-59.399504254510333,-34.439222510750952],[-59.399502319809187,-34.439492935838032],[-59.399828721318649,-34.439494538321576],[-59.399826787643192,-34.439764963412728],[-59.400479592842345,-34.43976816579849],[-59.400481524414857,-34.439497740675122],[-59.400155122853882,-34.439496139933937],[-59.400157055452112,-34.439225714814604]],[[-59.400151257580141,-34.440036990136385],[-59.399824853941958,-34.440035388491793],[-59.399822920214952,-34.44030581355878],[-59.400149324904625,-34.440307415219486],[-59.400151257580141,-34.440036990136385]],[[-59.433769143337969,-34.440467720087135],[-59.433442736069054,-34.440466208161148],[-59.433440910623794,-34.440736634829676],[-59.433767318944255,-34.44073814677089],[-59.433769143337969,-34.440467720087135]],[[-59.394924903444519,-34.440552108916592],[-59.393945687540949,-34.440547259454625],[-59.393943734834998,-34.440817684205932],[-59.392964516011055,-34.440812826854263],[-59.392962560124474,-34.441083251544605],[-59.392636152850393,-34.441081630668656],[-59.392634195886203,-34.44135205533064],[-59.392307787586667,-34.441350433567145],[-59.392305829544831,-34.441620858200736],[-59.39197942021984,-34.441619235549673],[-59.391977461100332,-34.441889660154857],[-59.391324640425502,-34.441886412206387],[-59.391318756600732,-34.442697685851414],[-59.391645170079883,-34.442699310310303],[-59.391643209804315,-34.442969734850813],[-59.392948868188526,-34.442976224038922],[-59.392946912093421,-34.443246648632645],[-59.39327332780632,-34.443248268767761],[-59.393271372736798,-34.443518693365704],[-59.393924206344089,-34.443521931054633],[-59.393922253351846,-34.443792355673089],[-59.39457508916658,-34.443795589909342],[-59.394577040055459,-34.443525165258357],[-59.395556290817481,-34.4435300100292],[-59.395560186207312,-34.442989160593541],[-59.395886601076604,-34.442990773742103],[-59.395882707790079,-34.443531623210205],[-59.396535541813108,-34.443534846958329],[-59.396537486366014,-34.443264422197871],[-59.396863902364728,-34.443266032748774],[-59.396861958863497,-34.443536457525425],[-59.397188375939777,-34.443538067221226],[-59.397192260813064,-34.442997217623471],[-59.396865845840075,-34.442995607960057],[-59.39686778928953,-34.442725183159261],[-59.396541375394094,-34.442723572640766],[-59.396543319869252,-34.442453147844077],[-59.396869732713078,-34.442454758346358],[-59.396875562828328,-34.441643483835257],[-59.396549153139283,-34.441641873381556],[-59.396551097510816,-34.441371448536557],[-59.396224688899252,-34.441369837227846],[-59.396226634296397,-34.441099412386976],[-59.395900226762322,-34.441097800223247],[-59.395902173185092,-34.440827375386533],[-59.394922953893122,-34.44082253371667],[-59.394924903444519,-34.440552108916592]],[[-59.463128596827787,-34.443304505371742],[-59.462475757016257,-34.443301637181648],[-59.462472292818624,-34.443842492904288],[-59.463125136837022,-34.443845361152093],[-59.463123406807078,-34.444115789024202],[-59.463449829902608,-34.444117221855493],[-59.463453287835982,-34.44357636607041],[-59.463126866843929,-34.443574933267953],[-59.463128596827787,-34.443304505371742]],[[-59.464432550950363,-34.443580659249797],[-59.463779708851099,-34.443577798001556],[-59.463776253021187,-34.444118653815444],[-59.464429099327397,-34.44412151512126],[-59.464432550950363,-34.443580659249797]],[[-59.393593881413558,-34.444061161838064],[-59.393267462519596,-34.444059542525359],[-59.393263552198171,-34.444600391636698],[-59.393916394218998,-34.444603629455912],[-59.393918347289315,-34.444333204873701],[-59.393591927317594,-34.444331586416055],[-59.393593881413558,-34.444061161838064]],[[-59.392939087452277,-34.444328346886756],[-59.392286247691231,-34.444325103872153],[-59.392282331007372,-34.444865952861491],[-59.392608752978298,-34.444867574837076],[-59.392610710281545,-34.444597150332136],[-59.39293713122683,-34.44459877142009],[-59.392939087452277,-34.444328346886756]],[[-59.433730825963814,-34.446146677911749],[-59.43340439660949,-34.44614516566633],[-59.433402570653286,-34.446415592081443],[-59.433729001059461,-34.446417104342089],[-59.433730825963814,-34.446146677911749]]]}}
]
}
