{
"type": "FeatureCollection",
"name": "rog_v_P150_24h",
"crs": { "type": "name", "properties": { "name": "urn:ogc:def:crs:OGC:1.3:CRS84" } },
"features": [
{"type":"Feature","properties":{"Name":"150 mm en 24 h · h>5 cm"},"geometry":{"type":"Polygon","coordinates":[[[-59.42535762660831,-34.381743806304421],[-59.42535577917338,-34.382014235192358],[-59.425029599370191,-34.382012703077748],[-59.425031447853627,-34.38174227420523],[-59.42535762660831,-34.381743806304421]]]}},
{"type":"Feature","properties":{"Name":"150 mm en 24 h · h>5 cm"},"geometry":{"type":"Polygon","coordinates":[[[-59.424052911737434,-34.381737672691713],[-59.424051060108511,-34.382008101517918],[-59.423724880403931,-34.382006565925991],[-59.423726733081359,-34.381736137115247],[-59.424052911737434,-34.381737672691713]]]}},
{"type":"Feature","properties":{"Name":"150 mm en 24 h · h>5 cm"},"geometry":{"type":"Polygon","coordinates":[[[-59.439021083847301,-34.387215957744154],[-59.439019279968946,-34.387486387030982],[-59.438693078170438,-34.387484891126967],[-59.43869488309759,-34.387214461855208],[-59.439021083847301,-34.387215957744154]]]}},
{"type":"Feature","properties":{"Name":"150 mm en 24 h · h>5 cm"},"geometry":{"type":"Polygon","coordinates":[[[-59.439345481791477,-34.387487882065464],[-59.439343678937909,-34.38775831135527],[-59.439017476066553,-34.387756816305718],[-59.439019279968946,-34.387486387030982],[-59.439345481791477,-34.387487882065464]]]}},
{"type":"Feature","properties":{"Name":"150 mm en 24 h · h>5 cm"},"geometry":{"type":"Polygon","coordinates":[[[-59.421065185514699,-34.389295819877461],[-59.421059600160177,-34.390107104888294],[-59.420733389216949,-34.390105561006237],[-59.420735252075495,-34.389835132696888],[-59.419756622541556,-34.38983049587987],[-59.419758488522007,-34.389560067605139],[-59.420084697292893,-34.38956161406481],[-59.420086562199593,-34.389291185762481],[-59.421065185514699,-34.389295819877461]]]}},
{"type":"Feature","properties":{"Name":"150 mm en 24 h · h>5 cm"},"geometry":{"type":"Polygon","coordinates":[[[-59.419756622541556,-34.38983049587987],[-59.419754756536243,-34.39010092414253],[-59.419428545692405,-34.390099376782139],[-59.419430412746642,-34.389828948535055],[-59.419756622541556,-34.38983049587987]]]}},
{"type":"Feature","properties":{"Name":"150 mm en 24 h · h>5 cm"},"geometry":{"type":"Polygon","coordinates":[[[-59.430186186590234,-34.391231695439551],[-59.430184354028249,-34.391502124135791],[-59.429858137150703,-34.391500604525675],[-59.429859970761683,-34.391230175844761],[-59.430186186590234,-34.391231695439551]]]}},
{"type":"Feature","properties":{"Name":"150 mm en 24 h · h>5 cm"},"geometry":{"type":"Polygon","coordinates":[[[-59.430510570930238,-34.391503642876266],[-59.430508739392835,-34.391774071575725],[-59.43018252144185,-34.391772552819944],[-59.430184354028249,-34.391502124135791],[-59.430510570930238,-34.391503642876266]]]}},
{"type":"Feature","properties":{"Name":"150 mm en 24 h · h>5 cm"},"geometry":{"type":"Polygon","coordinates":[[[-59.428540404550468,-34.393387517388753],[-59.428538566547552,-34.393657945911912],[-59.42821234139987,-34.393656421830897],[-59.428214180451882,-34.393385993323086],[-59.428540404550468,-34.393387517388753]]]}},
{"type":"Feature","properties":{"Name":"150 mm en 24 h · h>5 cm"},"geometry":{"type":"Polygon","coordinates":[[[-59.424642371207796,-34.390935315611848],[-59.424636820023217,-34.391746600916747],[-59.424310602513998,-34.39174506650744],[-59.424305047960381,-34.39255635165744],[-59.423978827328746,-34.392554816332151],[-59.423975122071496,-34.393095673007601],[-59.423648899366391,-34.393094136781691],[-59.423645191912193,-34.393634993377979],[-59.423318967133625,-34.393633456251436],[-59.423317112320355,-34.393903884516007],[-59.422338434985676,-34.393899267871731],[-59.422344008793239,-34.393087983181246],[-59.422670231399429,-34.393089522885887],[-59.422673945049198,-34.392548666334264],[-59.423000165582003,-34.392550205138221],[-59.423007588388522,-34.391468491828249],[-59.423986237546956,-34.391473102836493],[-59.423988090039799,-34.391202674432421],[-59.424314305426357,-34.391204209680453],[-59.424316156845528,-34.390933781248876],[-59.424642371207796,-34.390935315611848]]]}},
{"type":"Feature","properties":{"Name":"150 mm en 24 h · h>5 cm"},"geometry":{"type":"Polygon","coordinates":[[[-59.43994565384066,-34.395333314907646],[-59.439943852388573,-34.395603743877871],[-59.43961761904766,-34.395602250131326],[-59.439619421548947,-34.395331821176121],[-59.43994565384066,-34.395333314907646]]]}},
{"type":"Feature","properties":{"Name":"150 mm en 24 h · h>5 cm"},"geometry":{"type":"Polygon","coordinates":[[[-59.403407789678745,-34.395160610582593],[-59.403405870716647,-34.395431037814276],[-59.403079640153173,-34.395429446654653],[-59.403081560164431,-34.395159019438992],[-59.403407789678745,-34.395160610582593]]]}},
{"type":"Feature","properties":{"Name":"150 mm en 24 h · h>5 cm"},"geometry":{"type":"Polygon","coordinates":[[[-59.43961761904766,-34.395602250131326],[-59.439615816522334,-34.395872679074472],[-59.439289582156213,-34.395871184443131],[-59.439291385730762,-34.395600755515019],[-59.43961761904766,-34.395602250131326]]]}},
{"type":"Feature","properties":{"Name":"150 mm en 24 h · h>5 cm"},"geometry":{"type":"Polygon","coordinates":[[[-59.439289582156213,-34.395871184443131],[-59.439285974934997,-34.396412042263137],[-59.438633502077892,-34.39640905033086],[-59.438635307799011,-34.396138621456998],[-59.438961543166293,-34.39614011784299],[-59.438963347814123,-34.395869688941993],[-59.439289582156213,-34.395871184443131]]]}},
{"type":"Feature","properties":{"Name":"150 mm en 24 h · h>5 cm"},"geometry":{"type":"Polygon","coordinates":[[[-59.440592720363185,-34.396147586726023],[-59.440590920937595,-34.396418015690131],[-59.440264684400944,-34.396416523638081],[-59.440262883902086,-34.396686952575124],[-59.439936646340151,-34.396685459638249],[-59.439934844768032,-34.396955888548199],[-59.439608606180826,-34.396954394726485],[-59.43961221139962,-34.396413536924591],[-59.439938447888281,-34.396415030716227],[-59.439940249412388,-34.396144601782169],[-59.440592720363185,-34.396147586726023]]]}},
{"type":"Feature","properties":{"Name":"150 mm en 24 h · h>5 cm"},"geometry":{"type":"Polygon","coordinates":[[[-59.439608606180826,-34.396954394726485],[-59.439606803535398,-34.397224823609335],[-59.439280563922928,-34.397223328902747],[-59.43928236761765,-34.396952900034933],[-59.439608606180826,-34.396954394726485]]]}},
{"type":"Feature","properties":{"Name":"150 mm en 24 h · h>5 cm"},"geometry":{"type":"Polygon","coordinates":[[[-59.415138900250675,-34.397110306868584],[-59.415137018883733,-34.397380734586619],[-59.414810780063647,-34.397379174628135],[-59.414812662479896,-34.397108746925809],[-59.415138900250675,-34.397110306868584]]]}},
{"type":"Feature","properties":{"Name":"150 mm en 24 h · h>5 cm"},"geometry":{"type":"Polygon","coordinates":[[[-59.436338968933875,-34.398021123525098],[-59.436335342439605,-34.398561980880586],[-59.436009097821447,-34.398560477400089],[-59.436010912130037,-34.398290048743519],[-59.435684668585431,-34.39828854440831],[-59.435686483919191,-34.398018115754844],[-59.436338968933875,-34.398021123525098]]]}},
{"type":"Feature","properties":{"Name":"150 mm en 24 h · h>5 cm"},"geometry":{"type":"Polygon","coordinates":[[[-59.437968373904916,-34.398299056487744],[-59.437966565892523,-34.398569485235001],[-59.437640321153694,-34.398567986103842],[-59.437642130215451,-34.398297557371691],[-59.437968373904916,-34.398299056487744]]]}},
{"type":"Feature","properties":{"Name":"150 mm en 24 h · h>5 cm"},"geometry":{"type":"Polygon","coordinates":[[[-59.409253321915791,-34.398975086602974],[-59.40925142148442,-34.399245513952536],[-59.408925175772708,-34.399243938226356],[-59.408927077253445,-34.398973510892652],[-59.409253321915791,-34.398975086602974]]]}},
{"type":"Feature","properties":{"Name":"150 mm en 24 h · h>5 cm"},"geometry":{"type":"Polygon","coordinates":[[[-59.43730864596084,-34.399377772181644],[-59.437306835753226,-34.399648200850471],[-59.436980586865019,-34.399646699919153],[-59.436982398122069,-34.399376271265446],[-59.43730864596084,-34.399377772181644]]]}},
{"type":"Feature","properties":{"Name":"150 mm en 24 h · h>5 cm"},"geometry":{"type":"Polygon","coordinates":[[[-59.440909963753192,-34.397501222668318],[-59.440908165257021,-34.397771651587163],[-59.441234407088096,-34.397773141974611],[-59.441229014603827,-34.398584428703792],[-59.440902769624664,-34.398582938271318],[-59.440900971032605,-34.398853367141932],[-59.440574725028036,-34.39885187582459],[-59.440572925362616,-34.399122304668133],[-59.44024667833262,-34.399120812465874],[-59.440244877593791,-34.399391241282338],[-59.439918629538397,-34.399389748195155],[-59.439916827726151,-34.399660176984533],[-59.439264329588561,-34.399657188170437],[-59.43926252565344,-34.399927616917672],[-59.438283775479071,-34.399923127127053],[-59.438285582562514,-34.399652698425015],[-59.437633084665535,-34.399649700911894],[-59.437636702957832,-34.399108843531991],[-59.437310456144345,-34.399107343500781],[-59.437312266303707,-34.398836914807838],[-59.436986020563729,-34.398835413921837],[-59.436987831748368,-34.398564985231936],[-59.437640321153694,-34.398567986103842],[-59.437638512067821,-34.398838414823963],[-59.43829100366834,-34.398841412246554],[-59.438292810655462,-34.398570983496292],[-59.438619055442466,-34.398572480887701],[-59.438620861356121,-34.398302052110303],[-59.439273348903598,-34.398305044253412],[-59.439275152694499,-34.398034615433843],[-59.439601395454943,-34.398036110185544],[-59.439603198172463,-34.397765681338868],[-59.439929439907587,-34.397767175205722],[-59.439931241551754,-34.397496746331925],[-59.440909963753192,-34.397501222668318]]]}},
{"type":"Feature","properties":{"Name":"150 mm en 24 h · h>5 cm"},"geometry":{"type":"Polygon","coordinates":[[[-59.437633084665535,-34.399649700911894],[-59.437631275483227,-34.399920129583748],[-59.437305025521468,-34.399918629507241],[-59.437306835753226,-34.399648200850471],[-59.437633084665535,-34.399649700911894]]]}},
{"type":"Feature","properties":{"Name":"150 mm en 24 h · h>5 cm"},"geometry":{"type":"Polygon","coordinates":[[[-59.437957525469102,-34.399921628790366],[-59.437955717312136,-34.400192057465254],[-59.437629466276803,-34.400190558243551],[-59.437631275483227,-34.399920129583748],[-59.437957525469102,-34.399921628790366]]]}},
{"type":"Feature","properties":{"Name":"150 mm en 24 h · h>5 cm"},"geometry":{"type":"Polygon","coordinates":[[[-59.394894687696997,-34.399445785734379],[-59.394888847652211,-34.400257065555934],[-59.394562598871126,-34.400255451490544],[-59.394568442064141,-34.399444171717718],[-59.394894687696997,-34.399445785734379]]]}},
{"type":"Feature","properties":{"Name":"150 mm en 24 h · h>5 cm"},"geometry":{"type":"Polygon","coordinates":[[[-59.443123447664078,-34.35883867949233],[-59.443121658876279,-34.359109110224729],[-59.443447750938738,-34.359110593256247],[-59.443445963174433,-34.359381023991546],[-59.443772056308063,-34.359382506169389],[-59.443770269567302,-34.359652936907551],[-59.444096363772104,-34.359654418231727],[-59.444092792313896,-34.360195279701749],[-59.444744984984411,-34.360198239803864],[-59.444743201314409,-34.360468670550603],[-59.445069298732733,-34.36047014931362],[-59.445067516086375,-34.360740580063222],[-59.445393614575877,-34.360742057972473],[-59.445391832953185,-34.361012488724917],[-59.445717932513865,-34.361013965780401],[-59.44571615191488,-34.361284396535659],[-59.446042252546732,-34.361285872737355],[-59.446040472971475,-34.361556303495419],[-59.446366574674514,-34.361557778843313],[-59.446364796123007,-34.361828209604205],[-59.446690898897216,-34.361829684098261],[-59.446689121369488,-34.362100114861938],[-59.447015225214884,-34.362101588502171],[-59.447013448710976,-34.362372019268641],[-59.447339553627543,-34.362373492055013],[-59.447336002643745,-34.362914353581466],[-59.447662109679023,-34.362915825528788],[-59.447660335199167,-34.363186256288778],[-59.447986443305638,-34.363187727382197],[-59.447984669849696,-34.363458158144937],[-59.448310779027366,-34.363459628384426],[-59.448309006595359,-34.36373005914993],[-59.44863511684423,-34.363731528535496],[-59.448633345436185,-34.364001959303742],[-59.449285568099889,-34.364004895498212],[-59.449283798763439,-34.364275326283973],[-59.449609911178278,-34.364276793092841],[-59.449606374529893,-34.36481765465777],[-59.449932489063556,-34.364819120627409],[-59.449930721751656,-34.36508955140657],[-59.450256837356498,-34.365091016522179],[-59.450253304757368,-34.365631878073856],[-59.450579422481084,-34.365633342350165],[-59.450577657193904,-34.365903773122653],[-59.450903775988841,-34.365905236544918],[-59.450902011725809,-34.366175667320107],[-59.451228131591961,-34.366177129888257],[-59.451224605090815,-34.366717991431969],[-59.451550727075933,-34.366719453160741],[-59.451547202576286,-34.367260314685694],[-59.451873326680378,-34.367261775575045],[-59.451869804182351,-34.367802637081219],[-59.452195930405466,-34.36780409713112],[-59.452192409909166,-34.368344958618501],[-59.452518538251347,-34.368346417828917],[-59.452516779015831,-34.368616848569204],[-59.452842908429297,-34.36861830692542],[-59.452841150218184,-34.368888737668364],[-59.453167280702928,-34.368890195170351],[-59.453163766306105,-34.369431056649447],[-59.453489898909986,-34.36943251331185],[-59.453488142724353,-34.36970294404798],[-59.453814276399548,-34.369704399856111],[-59.453809010845873,-34.37051569203625],[-59.454135147688184,-34.370517147019385],[-59.454131639298033,-34.37105800844185],[-59.454457778259624,-34.371059462585315],[-59.454456025077441,-34.371329893293122],[-59.454782165110373,-34.371331346582224],[-59.4547804129528,-34.371601777292632],[-59.455106554057068,-34.371603229727377],[-59.45510480292414,-34.37187366044035],[-59.455430945099749,-34.371875112020689],[-59.455427444859936,-34.372415973439715],[-59.455753589154909,-34.372417424180284],[-59.455751840048045,-34.372687854886323],[-59.456077985414375,-34.372689304772457],[-59.456076237332248,-34.372959735481068],[-59.456402383769941,-34.372961184512768],[-59.456400636712587,-34.373231615223894],[-59.45672678422163,-34.373233063401116],[-59.456723292133269,-34.373773924816412],[-59.457049441761747,-34.373775372153737],[-59.45704769673079,-34.374045802857871],[-59.457373847430638,-34.374047249340698],[-59.457368615342595,-34.374858541424544],[-59.457694769210093,-34.374859987081948],[-59.457691283131538,-34.37540084844003],[-59.458017439118635,-34.375402293257423],[-59.458013955043533,-34.37594315459642],[-59.458340113150271,-34.375944598573767],[-59.45833663107878,-34.376485459893651],[-59.458662791305166,-34.376486903030909],[-59.458659311237383,-34.377027764331665],[-59.458985473583482,-34.377029206628812],[-59.458981995519515,-34.377570067910398],[-59.459308159985362,-34.377571509367392],[-59.459304683925311,-34.378112370629829],[-59.459630850510976,-34.378113811246621],[-59.459629113494543,-34.378384241874279],[-59.459955281151686,-34.378385681636345],[-59.459951809146077,-34.378926542884507],[-59.460277978923095,-34.378927981806342],[-59.460274508921707,-34.379468843035269],[-59.460600680818601,-34.379470281116816],[-59.460602414782464,-34.379199850493904],[-59.460928585654095,-34.379201287691721],[-59.460926852738616,-34.379471718329121],[-59.461253024681724,-34.379473154672141],[-59.461254756548797,-34.379202724020296],[-59.461580927466592,-34.379204159479613],[-59.461582658262188,-34.378933728801258],[-59.462234998070201,-34.378936597083253],[-59.462236726745999,-34.378666166363985],[-59.462889064549437,-34.378669031140156],[-59.462890791105494,-34.378398600379967],[-59.463543126904263,-34.378401461650412],[-59.463544851340622,-34.378131030849367],[-59.46419718513463,-34.37813388861413],[-59.464198907451362,-34.377863457772278],[-59.464525073334478,-34.377864885336457],[-59.464526794579925,-34.377594454468166],[-59.465179124318325,-34.377597306960176],[-59.465180843444251,-34.377326876051114],[-59.466811662949475,-34.377333991998462],[-59.46680994906508,-34.377604422979154],[-59.467462279123765,-34.37760726330233],[-59.467460567313168,-34.377877694299585],[-59.468112899559749,-34.377880531174519],[-59.468111189822999,-34.378150962188279],[-59.467458855479734,-34.378148125284781],[-59.467457143623506,-34.378418556257941],[-59.467130975437755,-34.378417136488068],[-59.467129262510333,-34.378687567434902],[-59.466803093299049,-34.378686146781476],[-59.466801379300442,-34.378956577701942],[-59.465822868658599,-34.378952310483349],[-59.465821151491987,-34.379222741348791],[-59.465168809081717,-34.379219892161466],[-59.465167089795422,-34.379490322986186],[-59.464514745380001,-34.379487470293128],[-59.464513023973964,-34.379757901077078],[-59.463534504377726,-34.379753615474868],[-59.463532779803458,-34.380024046203616],[-59.462880431424018,-34.380021184760317],[-59.462878704729889,-34.380291615448208],[-59.462552529526242,-34.380290183408214],[-59.462550801760649,-34.380560614069637],[-59.462224625531576,-34.380559181145934],[-59.462222896694492,-34.380829611780889],[-59.461896719439984,-34.380828177973449],[-59.461893259599734,-34.381369039178317],[-59.462219438951202,-34.381370473014613],[-59.462217710044996,-34.381640903613409],[-59.462543890468019,-34.381642336594822],[-59.462540434683532,-34.382183197785139],[-59.462866617226659,-34.382184629926059],[-59.462864890348413,-34.382455060517565],[-59.463191073963102,-34.382456491803552],[-59.463189348110404,-34.382726922397396],[-59.463515532796656,-34.38272835282843],[-59.463513807969562,-34.382998783424654],[-59.463839993727369,-34.383000213000692],[-59.463838269925866,-34.383270643599246],[-59.464164456755242,-34.383272072320317],[-59.464162733979371,-34.383542502921209],[-59.464488921880331,-34.383543930787269],[-59.464485478356963,-34.384084791981664],[-59.464811668378118,-34.384086219007074],[-59.46480994763067,-34.384356649600569],[-59.465136138723395,-34.384358075770919],[-59.46513097948948,-34.385169367522167],[-59.465457173751162,-34.385170792866148],[-59.465453736244719,-34.385711654002122],[-59.465779932626738,-34.385713078505333],[-59.465778214887891,-34.385983509069582],[-59.466104412341544,-34.385984932717662],[-59.466100978892676,-34.386525793838693],[-59.466427178466724,-34.386527216645945],[-59.466425462756739,-34.386797647202719],[-59.466751663402427,-34.38679906915479],[-59.46674994871838,-34.387069499713832],[-59.467076150435702,-34.387070920810714],[-59.467074436777608,-34.387341351372015],[-59.467400639566584,-34.387342771613682],[-59.467398926934464,-34.387613202177235],[-59.467725130795095,-34.387614621563685],[-59.467721707560059,-34.388155482683217],[-59.468047913541184,-34.388156901228704],[-59.468046202938304,-34.388427331784669],[-59.468372409991098,-34.388428749474869],[-59.46837070041429,-34.388699180033086],[-59.468696908538725,-34.388700596867999],[-59.468693491414605,-34.389241457976773],[-59.469019701659604,-34.389242873970652],[-59.469017994112299,-34.389513304521223],[-59.469344205428989,-34.389514719659758],[-59.469342498907857,-34.389785150212525],[-59.469668711296208,-34.389786564495722],[-59.469667005801305,-34.390056995050685],[-59.470319432744098,-34.390059821036722],[-59.47031772932435,-34.390330251608091],[-59.470970158455891,-34.39033307414411],[-59.470968457111404,-34.390603504731828],[-59.471947104125668,-34.390607732056303],[-59.471945405905487,-34.390878162674539],[-59.472924056270422,-34.390882382214855],[-59.472922361174625,-34.391152812863524],[-59.473901014889904,-34.391157024619531],[-59.473899322918591,-34.391427455298547],[-59.474225541917825,-34.391428857492059],[-59.474223850972976,-34.391699288173143],[-59.472918970915273,-34.391693674124724],[-59.47292066605624,-34.391423243500142],[-59.469984696690688,-34.391410561143715],[-59.469982992108406,-34.391680991640612],[-59.469656772354391,-34.391679578127402],[-59.46964653808913,-34.393302160770396],[-59.469972764137644,-34.393303574368993],[-59.469969354632298,-34.393844435182068],[-59.47029558280181,-34.393845847939389],[-59.470292175303904,-34.394386708732704],[-59.47061840559445,-34.394388120648721],[-59.470615000104125,-34.394928981422268],[-59.470941232515742,-34.394930392496953],[-59.470936127257737,-34.395741683609529],[-59.471262362839731,-34.395743093857035],[-59.471258961319485,-34.396283954566904],[-59.471585199022698,-34.396285363972979],[-59.471580099720249,-34.397096654989994],[-59.471906340593996,-34.397098063568798],[-59.471902943044441,-34.397638924214917],[-59.472229186039499,-34.397640331952225],[-59.472227488280119,-34.39791076227138],[-59.47190124423571,-34.397909354519882],[-59.47189954540432,-34.398179784812839],[-59.472225790498101,-34.398181192578491],[-59.472215603330888,-34.39980377416812],[-59.472541854743803,-34.399805181148885],[-59.472533370062962,-34.401157332213039],[-59.472859626745979,-34.401158738394663],[-59.472854538814744,-34.401970028931018],[-59.47318079866902,-34.401971434285095],[-59.473177408701019,-34.402512294610716],[-59.473503670677061,-34.402513699123077],[-59.473498588704508,-34.403324989563544],[-59.472846058477295,-34.403322179583988],[-59.472849450680094,-34.402781319358944],[-59.472523187699636,-34.402779913092409],[-59.472526581911225,-34.402239052847492],[-59.472200321052597,-34.402237645739255],[-59.472203717272841,-34.401696785474464],[-59.471877458535999,-34.401695377524575],[-59.471880856764813,-34.401154517239931],[-59.471554600149695,-34.401153108448426],[-59.471558000386963,-34.400612248143936],[-59.47123174589354,-34.400610838510836],[-59.471235148139158,-34.400069978186536],[-59.47090889576738,-34.400068567711877],[-59.470917406231898,-34.398716416761253],[-59.470591159129995,-34.398715005487695],[-59.470594565255787,-34.398174145051506],[-59.470268320275359,-34.398172732936501],[-59.470271728409102,-34.397631872480545],[-59.469945485550092,-34.397630459524116],[-59.469952305742311,-34.396548738524508],[-59.46962606710332,-34.396547324755147],[-59.46962947916164,-34.396006464211524],[-59.469303242643939,-34.396005049600831],[-59.469306656709819,-34.39546418903749],[-59.468980422313351,-34.395462773585486],[-59.468983838386684,-34.394921913002449],[-59.468657606111421,-34.394920496709183],[-59.468659315163144,-34.394650066413838],[-59.468333083959848,-34.394648649265086],[-59.468334794037972,-34.394378218971958],[-59.468008563906672,-34.39437680096772],[-59.468018830191603,-34.392754219041585],[-59.467692606377916,-34.392752800253312],[-59.467699454308089,-34.391671078785386],[-59.46802567392551,-34.391672497516524],[-59.468029095655638,-34.391131636681692],[-59.467702878136272,-34.391130217979111],[-59.467706301873193,-34.390589357124661],[-59.467380086474613,-34.390587937581024],[-59.467383512218213,-34.390047076706956],[-59.467057298940404,-34.390045656322293],[-59.467059012826915,-34.389775225881458],[-59.466732800620896,-34.389773804641507],[-59.466736230423209,-34.389232943752354],[-59.466410020337896,-34.389231521671427],[-59.46641173625369,-34.388961091223088],[-59.466085527240146,-34.388959668286915],[-59.466087244181956,-34.388689237840858],[-59.465761036240181,-34.388687814049447],[-59.465762754207972,-34.388417383605677],[-59.465110340490867,-34.388414533442862],[-59.465108620425319,-34.388684963857941],[-59.464456204702181,-34.388682110188178],[-59.464454482515926,-34.388952540562471],[-59.464128273639894,-34.388951112408876],[-59.464126550381792,-34.389221542756744],[-59.463800340479807,-34.389220113719198],[-59.463798616149838,-34.38949054404064],[-59.463472405221921,-34.389489114119101],[-59.463470679820027,-34.38975954441409],[-59.463144467866179,-34.389758113608572],[-59.463142741392346,-34.390028543877115],[-59.462816528412567,-34.390027112187603],[-59.462814800866774,-34.39029754242965],[-59.462162372878396,-34.390294676412971],[-59.462160643211632,-34.390565106614126],[-59.461834428203041,-34.39056367228693],[-59.461830966702394,-34.391104532624198],[-59.461504749618889,-34.391103097398492],[-59.461503017784956,-34.391373527534618],[-59.461176799675528,-34.391372091424785],[-59.461175066769464,-34.391642521534415],[-59.460848847634118,-34.391641084540481],[-59.460845379654643,-34.392181944694642],[-59.460519158444299,-34.392180506802113],[-59.460517423370831,-34.392450936846622],[-59.460191201134556,-34.392449498069936],[-59.460194673356476,-34.391908637997808],[-59.459542233149584,-34.39190575789339],[-59.45954397132391,-34.391635327868237],[-59.459217752304234,-34.391633886526044],[-59.459219491504413,-34.391363456503356],[-59.459545709475073,-34.391364897831046],[-59.459547447603079,-34.391094467781798],[-59.459221230681436,-34.391093026468624],[-59.459224708965905,-34.390552166363001],[-59.459877138636408,-34.390555048061685],[-59.459878875645941,-34.39028461796179],[-59.460205089466953,-34.390286057492219],[-59.460206825404384,-34.39001562736577],[-59.460533038199593,-34.390017066012099],[-59.46053477306495,-34.389746635859119],[-59.460860984834326,-34.389748073621377],[-59.460862718627631,-34.389477643441865],[-59.461188929371204,-34.389479080320058],[-59.461190662092484,-34.38920865011405],[-59.461516871810232,-34.3892100861082],[-59.461518603459538,-34.388939655875689],[-59.461844812151448,-34.38894109098581],[-59.461846542728793,-34.388670660726781],[-59.462172750394885,-34.388672094952923],[-59.462174479900284,-34.388401664667406],[-59.462826893203868,-34.388404530482127],[-59.462828620588525,-34.388134100155717],[-59.463154826225988,-34.388135531744354],[-59.463156552538763,-34.387865101391462],[-59.463482757150402,-34.387866532096147],[-59.463484482391344,-34.387596101716817],[-59.46381068597713,-34.38759753153758],[-59.463812410146254,-34.387327101131795],[-59.464138612706208,-34.387328530068636],[-59.464145504957806,-34.386246808267494],[-59.463819306592981,-34.386245379388185],[-59.46382103064721,-34.385974948922168],[-59.463494833354105,-34.385973519187772],[-59.463500008525095,-34.385162227760603],[-59.463173814401145,-34.385160797199958],[-59.46317554046086,-34.384890366714544],[-59.462849347408586,-34.384888935298854],[-59.462852801556338,-34.384348074320684],[-59.462526610624415,-34.384346642064415],[-59.462528338712417,-34.384076211571674],[-59.462202148852192,-34.384074778460409],[-59.462203877965784,-34.383804347970056],[-59.461877689177243,-34.383802914003802],[-59.461879419316418,-34.383532483515829],[-59.461553231599531,-34.383531048694643],[-59.461554962764261,-34.383260618209071],[-59.461228776119057,-34.383259182532953],[-59.461232240476463,-34.382718321554549],[-59.460906055951511,-34.382716885037958],[-59.460907789144144,-34.38244645454516],[-59.460581605690862,-34.382445017173687],[-59.460583339908951,-34.382174586683298],[-59.460257157527344,-34.382173148456943],[-59.460258892770838,-34.381902717968998],[-59.459932711460873,-34.381901278887788],[-59.459936183975536,-34.38136041790473],[-59.459610004785731,-34.381358977983176],[-59.459611742056843,-34.381088547488069],[-59.459285563938707,-34.381087106711711],[-59.459287302235147,-34.380816676219048],[-59.458961125188637,-34.380815234587899],[-59.458964603808909,-34.380274373595476],[-59.458638428882516,-34.380272931124054],[-59.458640169206305,-34.380002500624286],[-59.458313995351531,-34.380001057298124],[-59.45831747802638,-34.379460196291518],[-59.457991306291639,-34.379458752125146],[-59.457994790970439,-34.378917891099441],[-59.457668621355687,-34.378916446092923],[-59.457672108038302,-34.378375585048076],[-59.457345940543505,-34.378374139201433],[-59.457349429229843,-34.377833278137537],[-59.457023263854936,-34.377831831450798],[-59.457025009211556,-34.37756140091534],[-59.456698844908232,-34.377559953373975],[-59.456700591289867,-34.377289522841046],[-59.456048264849649,-34.377286625179913],[-59.456046516371416,-34.37755705568366],[-59.455720352137959,-34.377555605534724],[-59.455718602588128,-34.377826036011804],[-59.455066272094555,-34.377823133077086],[-59.455062768731636,-34.378363993936695],[-59.4547366014232,-34.378362541136269],[-59.454734848658369,-34.378632971533378],[-59.45440868032496,-34.378631517849094],[-59.454405172628462,-34.379172378577849],[-59.454079002221704,-34.379170923995062],[-59.454059696686606,-34.382145656980526],[-59.453733514770185,-34.382144201367282],[-59.453744051703872,-34.380521620007528],[-59.453417876101803,-34.380520163612914],[-59.453416118956241,-34.380790593855011],[-59.452763765725472,-34.380787678428561],[-59.452758487857373,-34.381598968994439],[-59.452432308131684,-34.381597509933208],[-59.452428787338661,-34.382138370220822],[-59.452102605539416,-34.382136910260868],[-59.452099082555456,-34.382677770470863],[-59.45144671483321,-34.382674847884068],[-59.45144495120887,-34.382945277941566],[-59.451118766334417,-34.382943815329398],[-59.451117001638004,-34.383214245360136],[-59.4507908157385,-34.383212781863861],[-59.45078904996997,-34.383483211867805],[-59.450462863045381,-34.383481747487423],[-59.450457562452719,-34.384293037382683],[-59.450131372405821,-34.38429157208865],[-59.450129604445848,-34.384562002014881],[-59.450455795541401,-34.384563467323687],[-59.450450494666136,-34.385374757074324],[-59.450124300424548,-34.38537329172128],[-59.450127836462315,-34.384832431929063],[-59.449801644341669,-34.3848309657361],[-59.449803413373871,-34.38456053583667],[-59.448498649321849,-34.384554662429665],[-59.448496876094993,-34.384825092269942],[-59.448170684092361,-34.384823621729844],[-59.448172458367893,-34.384553191904359],[-59.447193885647955,-34.384548775111938],[-59.447197440419885,-34.384007915513777],[-59.446871251657875,-34.384006441540478],[-59.446874808432291,-34.383465581923765],[-59.447200995097077,-34.383467055867371],[-59.447206326935209,-34.382655766307366],[-59.447532510477934,-34.382657239337121],[-59.447534286661394,-34.382386809444839],[-59.447208104167217,-34.382385336429927],[-59.447209881375528,-34.382114906540451],[-59.447862244290491,-34.382117851671261],[-59.447860469179247,-34.382388281590394],[-59.448186651720761,-34.382389752866601],[-59.448188425783478,-34.382119322932638],[-59.448514607300091,-34.382120793324709],[-59.448516380290627,-34.381850363363874],[-59.44916874129769,-34.381853301510397],[-59.449170512167598,-34.381582871507945],[-59.450149050709641,-34.381587272163415],[-59.450150818410457,-34.38131684210461],[-59.450476996923115,-34.381318307236377],[-59.450478763551871,-34.381047877150756],[-59.450804941039586,-34.381049341398452],[-59.450806706596325,-34.38077891128605],[-59.451132883059103,-34.380780374649724],[-59.451136412005113,-34.380239514359268],[-59.451462586394513,-34.380240976824197],[-59.451466113149607,-34.379700116456085],[-59.451792285465679,-34.379701578022292],[-59.451795810029964,-34.379160717576561],[-59.452121980272707,-34.379162178244073],[-59.452125502646361,-34.378621317720715],[-59.45245167081584,-34.37862277748961],[-59.452455190998904,-34.378081916888647],[-59.452781357095184,-34.378083375758926],[-59.452788392986626,-34.37700165435362],[-59.453114554913171,-34.377003112295981],[-59.453118070621713,-34.376462251491674],[-59.453444230475164,-34.376463708535503],[-59.45344598724607,-34.376193278100587],[-59.453772146074705,-34.376194734260586],[-59.453773901773978,-34.375924303798975],[-59.45410005957779,-34.37592575907518],[-59.45410181420543,-34.375655328586866],[-59.454427970984433,-34.375656782979277],[-59.454431478073211,-34.375115921937194],[-59.454757632779199,-34.375117375431202],[-59.454761137678197,-34.37457651431167],[-59.454434985068524,-34.374575060846922],[-59.454438491970357,-34.374034199708468],[-59.454112341480332,-34.374032745403916],[-59.454114095944306,-34.373762314831247],[-59.45378794652575,-34.373760859672288],[-59.453791457479731,-34.373219998520106],[-59.453465310180761,-34.373218542521371],[-59.453468823137264,-34.372677681350332],[-59.453142677957835,-34.372676224511899],[-59.453144435449012,-34.372405793922944],[-59.452818291341039,-34.372404336230169],[-59.452820049856804,-34.372133905643871],[-59.452493906820287,-34.372132447096746],[-59.452497425877546,-34.371591585917358],[-59.451845144066901,-34.371588666274846],[-59.451848667222244,-34.371047805106073],[-59.451522528448074,-34.371046344010736],[-59.451524291038488,-34.370775913422996],[-59.451198153335774,-34.370774451473409],[-59.451201680541992,-34.370233590291193],[-59.450875544958635,-34.370232127502078],[-59.450877309574402,-34.369961696907623],[-59.450551175062479,-34.369960233264315],[-59.450554706319217,-34.369419372068741],[-59.450228573926616,-34.369417907585955],[-59.450230340567558,-34.369147476984871],[-59.449904209246355,-34.369146011647913],[-59.449905976911602,-34.368875581049515],[-59.449579846661841,-34.3688741148584],[-59.44958161535137,-34.368603684262709],[-59.44925548617298,-34.368602217217465],[-59.44926079524361,-34.367790925402417],[-59.449913047337049,-34.367793858535386],[-59.44991658240842,-34.367252997206016],[-59.449264334506083,-34.367250064132136],[-59.449262564886624,-34.367520494773302],[-59.44893643992306,-34.367519026918288],[-59.448934669232251,-34.367789457532631],[-59.44860854324449,-34.36778798879395],[-59.448610314983085,-34.367517558194407],[-59.448284190066744,-34.367516088601668],[-59.448285962829488,-34.367245658004862],[-59.447959838984524,-34.36724418755805],[-59.447965160274258,-34.366432895739784],[-59.448943522450342,-34.366437304340444],[-59.448947063572383,-34.365896442979214],[-59.448620944918822,-34.36589497434408],[-59.448622716492132,-34.365624543660182],[-59.447970481351206,-34.365621603813061],[-59.447968707682534,-34.365892034467372],[-59.44764258909985,-34.365890563225776],[-59.44764436381621,-34.365620132586308],[-59.44731824630486,-34.365618660490725],[-59.447320022045247,-34.365348229854021],[-59.446993905605233,-34.365346756904493],[-59.446995682369618,-34.365076326270561],[-59.446669567000917,-34.365074852467089],[-59.446671344789259,-34.364804421835942],[-59.446019116218281,-34.364801471652314],[-59.446020896078181,-34.364531041038859],[-59.445694782875904,-34.364529564658731],[-59.445696563759689,-34.364259134048083],[-59.445370451628747,-34.364257656814075],[-59.445372233536411,-34.36398722620627],[-59.445046122476811,-34.363985748118381],[-59.445047905408295,-34.363715317513396],[-59.444395685455589,-34.36371235876117],[-59.444397470458448,-34.363441928173941],[-59.444071361565349,-34.363440447509639],[-59.444069575514909,-34.36371087808196],[-59.44341735570498,-34.363707914117285],[-59.443415567535581,-34.363978344647705],[-59.442437234856733,-34.363973892140301],[-59.442431860777035,-34.364785183524731],[-59.442105746788982,-34.364783697573216],[-59.442098576824485,-34.365865419190555],[-59.441772458669703,-34.365863932310354],[-59.441761696719865,-34.367486514284977],[-59.441435572302616,-34.367485026446062],[-59.441428393000088,-34.368566747461479],[-59.44175452160853,-34.368568235360328],[-59.441750933909404,-34.369109095825692],[-59.441424803205294,-34.369107607896879],[-59.441417623328626,-34.370189328623049],[-59.441091488456898,-34.370187839765336],[-59.441084304005713,-34.371269560238687],[-59.440758164966184,-34.371268070452032],[-59.440754570500999,-34.371808930586397],[-59.440428429389463,-34.371807439900735],[-59.440424832732447,-34.372348299956855],[-59.440098689548883,-34.37234680837215],[-59.440095090699927,-34.372887668350018],[-59.439768945444271,-34.372886175866235],[-59.439765344403277,-34.373427035765822],[-59.439439197075487,-34.373425542382947],[-59.439435593842319,-34.373966402204246],[-59.439109444442373,-34.373964907922208],[-59.439105839016918,-34.374505767665191],[-59.438779687544752,-34.374504272483982],[-59.438774276081936,-34.375315561962871],[-59.438448121489365,-34.375314065867379],[-59.438439096662812,-34.376666214682473],[-59.438112936853265,-34.376664717642491],[-59.438085843039737,-34.380721162053419],[-59.438412018574461,-34.380722659319524],[-59.438399380280565,-34.382615665888544],[-59.43872556317887,-34.382617162390808],[-59.438716540347109,-34.3839693096538],[-59.439042728512383,-34.383970805362011],[-59.439039121308589,-34.384511664212944],[-59.439365311595154,-34.38451315908187],[-59.439361706392525,-34.385054017914655],[-59.439687898800457,-34.385055511944259],[-59.439684295599129,-34.385596370758911],[-59.439358101093816,-34.38559487669923],[-59.439356298408406,-34.385865306073434],[-59.438377711890588,-34.385860818632509],[-59.438375906035013,-34.386131247949464],[-59.437397316587607,-34.386126752638198],[-59.437395507561732,-34.386397181897841],[-59.435438323025878,-34.386388167709029],[-59.435436507683406,-34.386658596865871],[-59.435110309296611,-34.38665709144275],[-59.435108492881184,-34.386927520572371],[-59.43478229346983,-34.386926014264631],[-59.434780475981405,-34.387196443367024],[-59.434454275545505,-34.387194936174616],[-59.434452456984069,-34.387465365249788],[-59.433473852675476,-34.387460838409986],[-59.433481139361007,-34.386379122219239],[-59.433154942168429,-34.386377611594455],[-59.43316041007381,-34.385566324370423],[-59.43283421605166,-34.385564812921835],[-59.432837863297841,-34.385023954742607],[-59.432511671397357,-34.385022442455032],[-59.432513496032662,-34.384752013362565],[-59.432839686884485,-34.384753525634935],[-59.432841510446806,-34.384483096515176],[-59.434146269902342,-34.384489136849631],[-59.43414445053461,-34.384759566030191],[-59.435449214572714,-34.384765592514775],[-59.435451029745842,-34.384495163273542],[-59.436103409812794,-34.384498171269037],[-59.43610522286447,-34.384227741985455],[-59.43643141188555,-34.384229244663956],[-59.436433223864434,-34.383958815353203],[-59.436759411861054,-34.383960317147171],[-59.436761222767181,-34.383689887809226],[-59.437087409739306,-34.383691388718695],[-59.437100078066521,-34.381798382909736],[-59.436773898434261,-34.381796882106023],[-59.436779330501018,-34.380985593766667],[-59.436453154038333,-34.380984092139009],[-59.436467646875172,-34.378820656157892],[-59.436793814950597,-34.378822157664629],[-59.436815538729533,-34.375577002064844],[-59.437141694249874,-34.375578502521009],[-59.437147121507259,-34.374767213304516],[-59.437473273907216,-34.374768712846276],[-59.437478697803257,-34.373957423475971],[-59.437804847082951,-34.373958922103355],[-59.437810267617898,-34.37314763257929],[-59.438136413777407,-34.373149130292376],[-59.438141830951523,-34.372337840614563],[-59.438467973991003,-34.372339337413365],[-59.438471583224064,-34.371798477537766],[-59.438797724191581,-34.371799973437433],[-59.438803134716892,-34.370988683488406],[-59.439129272564536,-34.370990178473903],[-59.439136482070097,-34.369908458312921],[-59.439462615750095,-34.369909952369269],[-59.439469820679854,-34.368828231955241],[-59.439795950192376,-34.368829725082506],[-59.439808550560727,-34.366936713788668],[-59.440134672762731,-34.366938205941807],[-59.440152660773144,-34.364233902918734],[-59.440478772522404,-34.364235394052869],[-59.440485962865047,-34.363153672446103],[-59.44015985530605,-34.363152181372051],[-59.440161653879365,-34.362881750955232],[-59.440813866926206,-34.362884732204641],[-59.440817459810823,-34.362343871274817],[-59.441143564275137,-34.362345360566451],[-59.441145359634035,-34.362074930068459],[-59.441471463074777,-34.362076418476406],[-59.441475051625829,-34.3615355574143],[-59.441801152995531,-34.361537044923615],[-59.441804739356044,-34.360996183783328],[-59.441478640081229,-34.360994696304004],[-59.441482228440989,-34.360453835145471],[-59.441156131284934,-34.360452346827472],[-59.441157926476343,-34.360181916245125],[-59.440831830391616,-34.360180427073473],[-59.440833626606491,-34.359909996494075],[-59.440181436603631,-34.359907015574933],[-59.440185033150982,-34.359366154440032],[-59.439858940280246,-34.35936466270757],[-59.439860739565319,-34.359094232137068],[-59.439534647765882,-34.359092739551052],[-59.439536448074293,-34.358822308983527],[-59.443123447664078,-34.35883867949233]],[[-59.441464285685683,-34.363158140456008],[-59.441138178054871,-34.363156651988085],[-59.441136382600249,-34.363427082437873],[-59.441462491278628,-34.363428570920767],[-59.441464285685683,-34.363158140456008]],[[-59.44948961223097,-34.38266605925903],[-59.448511061248112,-34.382661653210171],[-59.448507515101639,-34.383202513047443],[-59.447855143703563,-34.383199571275505],[-59.44785336849769,-34.383470001146463],[-59.447527181785553,-34.383468528941613],[-59.447525405507406,-34.383738958785656],[-59.447851593268147,-34.383740431005336],[-59.447848042738102,-34.384281290686914],[-59.44947899238273,-34.384288638892343],[-59.449482532426501,-34.38374777906278],[-59.449808720329003,-34.383749246066103],[-59.449814027071959,-34.382937956187043],[-59.449487842315236,-34.382936489228044],[-59.44948961223097,-34.38266605925903]]]}},
{"type":"Feature","properties":{"Name":"150 mm en 24 h · h>5 cm"},"geometry":{"type":"Polygon","coordinates":[[[-59.402684234385617,-34.405163225774771],[-59.402682312377671,-34.405433652527869],[-59.402356043035979,-34.405432059035398],[-59.402357966093639,-34.405161632298338],[-59.402684234385617,-34.405163225774771]]]}},
{"type":"Feature","properties":{"Name":"150 mm en 24 h · h>5 cm"},"geometry":{"type":"Polygon","coordinates":[[[-59.433703524428957,-34.401795070344498],[-59.433701702459196,-34.402065498738089],[-59.434027960550758,-34.402067008505185],[-59.434024318637526,-34.402607865286612],[-59.434350578852495,-34.402609374214101],[-59.434337838739054,-34.40450237267553],[-59.434011571176697,-34.404500863641715],[-59.43400428637942,-34.405582576722175],[-59.433678014642503,-34.405581066757513],[-59.433674369998741,-34.406121923194988],[-59.433348096186613,-34.406120412329827],[-59.433346272778522,-34.40639084051525],[-59.432693723127663,-34.406387816144175],[-59.432691897595717,-34.406658244287094],[-59.432365621756986,-34.406656730781151],[-59.432376580882178,-34.405034161834052],[-59.432050311366275,-34.405032647549405],[-59.432052138851631,-34.404762219364585],[-59.432378407317856,-34.40476373363397],[-59.432382060116169,-34.404222877197661],[-59.432708326507388,-34.404224390566526],[-59.432711977109044,-34.403683534051495],[-59.433364505765837,-34.403686558118196],[-59.433369975188199,-34.402875273163879],[-59.43304371399649,-34.402873761611197],[-59.433047362255742,-34.402332904945105],[-59.432721103187497,-34.402331392552881],[-59.432722928330215,-34.402060964216972],[-59.433049186348903,-34.402062476593997],[-59.433051010417763,-34.401792048230817],[-59.433703524428957,-34.401795070344498]]]}},
{"type":"Feature","properties":{"Name":"150 mm en 24 h · h>5 cm"},"geometry":{"type":"Polygon","coordinates":[[[-59.400081810132846,-34.404068746982745],[-59.400079879830237,-34.404339173655544],[-59.400406144793543,-34.404340773174127],[-59.400404215514868,-34.404611199850962],[-59.400730481553538,-34.404612798515579],[-59.400722768380462,-34.405694505166615],[-59.401375308932366,-34.40569770001435],[-59.401373382674279,-34.405968126679092],[-59.401699654038474,-34.405969722813907],[-59.401697728804464,-34.406240149482628],[-59.401371456390549,-34.406238553331754],[-59.401369530081126,-34.406508979972358],[-59.401043256643128,-34.406507382935295],[-59.401045184002292,-34.406236956310792],[-59.400718911639736,-34.406235358419714],[-59.400720840022942,-34.405964931799197],[-59.400068297474398,-34.40596173343895],[-59.400076019147868,-34.404880026964975],[-59.399749752110978,-34.404878426544158],[-59.399755546244918,-34.404067146610245],[-59.400081810132846,-34.404068746982745]]]}},
{"type":"Feature","properties":{"Name":"150 mm en 24 h · h>5 cm"},"geometry":{"type":"Polygon","coordinates":[[[-59.417356959717182,-34.406586168904717],[-59.417355084820905,-34.406856596310135],[-59.417028809091647,-34.406855041892847],[-59.417030685037695,-34.406584614503075],[-59.417356959717182,-34.406586168904717]]]}},
{"type":"Feature","properties":{"Name":"150 mm en 24 h · h>5 cm"},"geometry":{"type":"Polygon","coordinates":[[[-59.417681360575166,-34.406858149857293],[-59.417679486703697,-34.407128577266292],[-59.417353209899645,-34.407127023703509],[-59.417355084820905,-34.406856596310135],[-59.417681360575166,-34.406858149857293]]]}},
{"type":"Feature","properties":{"Name":"150 mm en 24 h · h>5 cm"},"geometry":{"type":"Polygon","coordinates":[[[-59.432688246458852,-34.407199100536772],[-59.432686420853912,-34.407469528643517],[-59.43236014186575,-34.407468015091872],[-59.432361968520503,-34.407197587000347],[-59.432688246458852,-34.407199100536772]]]}},
{"type":"Feature","properties":{"Name":"150 mm en 24 h · h>5 cm"},"geometry":{"type":"Polygon","coordinates":[[[-59.410173228515376,-34.407363052213697],[-59.410171330448151,-34.407633479236722],[-59.409845052122733,-34.407631905629238],[-59.409846951239778,-34.407361478622043],[-59.410173228515376,-34.407363052213697]]]}},
{"type":"Feature","properties":{"Name":"150 mm en 24 h · h>5 cm"},"geometry":{"type":"Polygon","coordinates":[[[-59.41084284571388,-34.404932352751572],[-59.410840949973675,-34.405202779914852],[-59.411167218927083,-34.405204350769594],[-59.411165324211325,-34.405474777936604],[-59.411491594239706,-34.405476347937096],[-59.41148780683185,-34.406017202266533],[-59.412140351163195,-34.406020339720406],[-59.412134676160704,-34.406831621218785],[-59.411808400833138,-34.406830052879535],[-59.411806508065432,-34.407100480005738],[-59.412132784442782,-34.40710204836077],[-59.412129000931323,-34.407642902608558],[-59.41180272245434,-34.407641334221964],[-59.411800829610961,-34.407911761311965],[-59.411474550109382,-34.407910192039409],[-59.411476444002602,-34.407639764965189],[-59.411150165576103,-34.407638194838292],[-59.411153955386425,-34.40709734068529],[-59.410827679084782,-34.407095769719859],[-59.410833366760187,-34.406284488447255],[-59.410507093633136,-34.406282916659173],[-59.410508990524143,-34.406012489559998],[-59.410182718472115,-34.40601091691763],[-59.410188412142638,-34.40519963559516],[-59.410514681045527,-34.405201208190029],[-59.410516577835423,-34.404930781042594],[-59.41084284571388,-34.404932352751572]]]}},
{"type":"Feature","properties":{"Name":"150 mm en 24 h · h>5 cm"},"geometry":{"type":"Polygon","coordinates":[[[-59.409188693038502,-34.408169609718563],[-59.409186791745817,-34.408440036657822],[-59.408860510346848,-34.408438460392311],[-59.408862412689388,-34.408168033468925],[-59.409188693038502,-34.408169609718563]]]}},
{"type":"Feature","properties":{"Name":"150 mm en 24 h · h>5 cm"},"geometry":{"type":"Polygon","coordinates":[[[-59.408536132365647,-34.408166456349093],[-59.408530422112335,-34.408977737035471],[-59.408204138664338,-34.408976158997845],[-59.408209852067252,-34.408164878359123],[-59.408536132365647,-34.408166456349093]]]}},
{"type":"Feature","properties":{"Name":"150 mm en 24 h · h>5 cm"},"geometry":{"type":"Polygon","coordinates":[[[-59.407553478437293,-34.408702573476319],[-59.407549665226313,-34.409243427135678],[-59.407223380804624,-34.409241846471566],[-59.407227196115379,-34.408700992844039],[-59.407553478437293,-34.408702573476319]]]}},
{"type":"Feature","properties":{"Name":"150 mm en 24 h · h>5 cm"},"geometry":{"type":"Polygon","coordinates":[[[-59.408854803167095,-34.409249741090093],[-59.408852900723133,-34.409520167965219],[-59.408526615149967,-34.409518590766041],[-59.408528518643827,-34.409248163906781],[-59.408854803167095,-34.409249741090093]]]}},
{"type":"Feature","properties":{"Name":"150 mm en 24 h · h>5 cm"},"geometry":{"type":"Polygon","coordinates":[[[-59.415380498937907,-34.409281102014425],[-59.4153767360215,-34.40982195638388],[-59.415050448893972,-34.409820396573188],[-59.415054213910217,-34.409279542235133],[-59.415380498937907,-34.409281102014425]]]}},
{"type":"Feature","properties":{"Name":"150 mm en 24 h · h>5 cm"},"geometry":{"type":"Polygon","coordinates":[[[-59.415050448893972,-34.409820396573188],[-59.415048566348212,-34.410090823724126],[-59.414722278195839,-34.410089263027466],[-59.414724161791547,-34.40981883589226],[-59.415050448893972,-34.409820396573188]]]}},
{"type":"Feature","properties":{"Name":"150 mm en 24 h · h>5 cm"},"geometry":{"type":"Polygon","coordinates":[[[-59.409835556157837,-34.408984040484071],[-59.409833656888935,-34.40925446741884],[-59.41015994151352,-34.40925604112136],[-59.410158043269206,-34.409526468059894],[-59.409831757594716,-34.40952489434153],[-59.409826059560181,-34.410336175037202],[-59.409173481987473,-34.410333024894754],[-59.409175383457544,-34.410062598039964],[-59.408849095759159,-34.410061021679283],[-59.408852900723133,-34.409520167965219],[-59.409179186321666,-34.409521744294196],[-59.409181087715702,-34.409251317403196],[-59.409507372289653,-34.409252892846126],[-59.409509272608467,-34.408982465927203],[-59.409835556157837,-34.408984040484071]]]}},
{"type":"Feature","properties":{"Name":"150 mm en 24 h · h>5 cm"},"geometry":{"type":"Polygon","coordinates":[[[-59.41537485452568,-34.41009238355052],[-59.415372973004779,-34.410362810705074],[-59.415046683777362,-34.410361250862977],[-59.415048566348212,-34.410090823724126],[-59.41537485452568,-34.41009238355052]]]}},
{"type":"Feature","properties":{"Name":"150 mm en 24 h · h>5 cm"},"geometry":{"type":"Polygon","coordinates":[[[-59.414722278195839,-34.410089263027466],[-59.414720394575028,-34.410359690150635],[-59.414394105397783,-34.410358128568049],[-59.414395990068563,-34.410087701460611],[-59.414722278195839,-34.410089263027466]]]}},
{"type":"Feature","properties":{"Name":"150 mm en 24 h · h>5 cm"},"geometry":{"type":"Polygon","coordinates":[[[-59.413741527118688,-34.41035500279218],[-59.413733979784482,-34.411436710975416],[-59.413081393206021,-34.411433581592625],[-59.413085171123441,-34.410892727588134],[-59.413411462300068,-34.410894292683167],[-59.41341523801686,-34.410353438598882],[-59.413741527118688,-34.41035500279218]]]}},
{"type":"Feature","properties":{"Name":"150 mm en 24 h · h>5 cm"},"geometry":{"type":"Polygon","coordinates":[[[-59.417602636467862,-34.418216090646055],[-59.417597011631031,-34.419027371316432],[-59.41727068862221,-34.419025817065545],[-59.417268812576197,-34.419296243915895],[-59.416616164532712,-34.41929313277123],[-59.416614286360833,-34.419563559578194],[-59.416287961326205,-34.41956200268443],[-59.416289840548522,-34.419291575893112],[-59.415963516589365,-34.41929001814448],[-59.415965396837073,-34.419019591356786],[-59.415639073953393,-34.419018032753286],[-59.415640955226436,-34.418747605969202],[-59.416293598918045,-34.418750722274304],[-59.416295478065216,-34.418480295446791],[-59.416948119756206,-34.418483408238508],[-59.416949996777582,-34.418212981367617],[-59.417602636467862,-34.418216090646055]]]}},
{"type":"Feature","properties":{"Name":"150 mm en 24 h · h>5 cm"},"geometry":{"type":"Polygon","coordinates":[[[-59.416287961326205,-34.41956200268443],[-59.416286082078834,-34.419832429463668],[-59.415959756018793,-34.419830871683665],[-59.415961636316609,-34.419560444920101],[-59.416287961326205,-34.41956200268443]]]}},
{"type":"Feature","properties":{"Name":"150 mm en 24 h · h>5 cm"},"geometry":{"type":"Polygon","coordinates":[[[-59.413673586624817,-34.420090369489984],[-59.413671698923537,-34.420360796119418],[-59.413345370963413,-34.420359231343582],[-59.413347259715174,-34.4200888047299],[-59.413673586624817,-34.420090369489984]]]}},
{"type":"Feature","properties":{"Name":"150 mm en 24 h · h>5 cm"},"geometry":{"type":"Polygon","coordinates":[[[-59.415629667212066,-34.420370166492681],[-59.41562778578858,-34.420640593204347],[-59.415301456627233,-34.420639033636185],[-59.415303339101222,-34.420368606940201],[-59.415629667212066,-34.420370166492681]]]}},
{"type":"Feature","properties":{"Name":"150 mm en 24 h · h>5 cm"},"geometry":{"type":"Polygon","coordinates":[[[-59.405187180177428,-34.420319829016236],[-59.405185265138378,-34.420590255221349],[-59.404858936786781,-34.420588667795052],[-59.404860852876311,-34.420318241605905],[-59.405187180177428,-34.420319829016236]]]}},
{"type":"Feature","properties":{"Name":"150 mm en 24 h · h>5 cm"},"geometry":{"type":"Polygon","coordinates":[[[-59.427718564378502,-34.418263839203654],[-59.427716722019873,-34.418534266586363],[-59.42869568719545,-34.4185388430652],[-59.428692008706982,-34.419079697886531],[-59.428365684856452,-34.419078173233402],[-59.428358323383584,-34.420159882669914],[-59.428031995355752,-34.420158357084851],[-59.428026470842049,-34.42096963898949],[-59.427700139687246,-34.420968112487792],[-59.42770382482194,-34.420427257927479],[-59.427377495792705,-34.42042573058594],[-59.427379339373708,-34.420155303303048],[-59.427053011419531,-34.420153775106314],[-59.427065923151659,-34.418260783895974],[-59.427718564378502,-34.418263839203654]]]}},
{"type":"Feature","properties":{"Name":"150 mm en 24 h · h>5 cm"},"geometry":{"type":"Polygon","coordinates":[[[-59.413339704557139,-34.421170511112265],[-59.413337815704715,-34.421440937677694],[-59.413664147866889,-34.421442502516527],[-59.413660372187607,-34.421983355642645],[-59.413007703686233,-34.421980225031405],[-59.41301337347069,-34.4211689454186],[-59.413339704557139,-34.421170511112265]]]}},
{"type":"Feature","properties":{"Name":"150 mm en 24 h · h>5 cm"},"geometry":{"type":"Polygon","coordinates":[[[-59.417552004839692,-34.425517612769355],[-59.417546377978567,-34.426328892462202],[-59.417220026603388,-34.426327337788969],[-59.417225656616836,-34.425516058143053],[-59.417552004839692,-34.425517612769355]]]}},
{"type":"Feature","properties":{"Name":"150 mm en 24 h · h>5 cm"},"geometry":{"type":"Polygon","coordinates":[[[-59.387398927637129,-34.398326738179577],[-59.387396956950575,-34.398597164471248],[-59.38772319886106,-34.398598797575744],[-59.387721229197609,-34.39886922387177],[-59.388047472183679,-34.398870856122848],[-59.388043534876701,-34.399411708711547],[-59.388369779987762,-34.399413340125619],[-59.388367812344299,-34.399683766418292],[-59.388694058530966,-34.399685396978903],[-59.388692091910691,-34.399955823275896],[-59.389018339172956,-34.399957452983045],[-59.389016373575892,-34.40022787928438],[-59.389668870277845,-34.400231136121775],[-59.389666906753426,-34.400501562443814],[-59.390319405658907,-34.400504815834402],[-59.39031744420722,-34.400775242177112],[-59.390969945316165,-34.400778492120786],[-59.390967985937259,-34.401048918484143],[-59.391294237580333,-34.401050542167454],[-59.391292279224793,-34.40132096853506],[-59.391618531943465,-34.401322591364782],[-59.391614617253062,-34.401863444096492],[-59.391940872096804,-34.401865066088924],[-59.391935003014133,-34.402676345144904],[-59.392261261032552,-34.402677966316354],[-59.392257350279529,-34.40321881899262],[-59.392583610423131,-34.403220439326695],[-59.392581656057118,-34.403490865663024],[-59.392907917276361,-34.403492485143424],[-59.392905963933906,-34.40376291148398],[-59.393884750896554,-34.403767764753965],[-59.393882800676906,-34.404038191131313],[-59.394209064099407,-34.404039807164217],[-59.394205165681413,-34.404580659915219],[-59.394531431229169,-34.404582275110613],[-59.394523638280205,-34.405663980532736],[-59.394849908052642,-34.405665594923086],[-59.394847960800192,-34.405936021264687],[-59.394521689978042,-34.405934406858073],[-59.394515844915773,-34.40674568576167],[-59.394189570970383,-34.406744070436211],[-59.394181772991338,-34.407825775406948],[-59.394508051135908,-34.407827390797465],[-59.394504154090171,-34.408368243242911],[-59.394830434360387,-34.408369857795755],[-59.394826539310507,-34.40891071022542],[-59.39515282170639,-34.408912323940598],[-59.395148928652461,-34.409453176354454],[-59.395475213174073,-34.409454789231901],[-59.395471322116208,-34.409995641629941],[-59.39579760876358,-34.409997253669651],[-59.395793719701906,-34.410538106051845],[-59.396120008475094,-34.410539717253769],[-59.39611806495536,-34.41081014344293],[-59.396444354804416,-34.410811753790853],[-59.396436584666432,-34.411893458491733],[-59.396762878741384,-34.41189506803417],[-59.396758995617162,-34.412435920344564],[-59.397085291818073,-34.412437529049122],[-59.397083351267213,-34.412707955202407],[-59.39740964854407,-34.41270956305285],[-59.397407709017436,-34.412979989210235],[-59.397734007370204,-34.412981596206549],[-59.397730130339589,-34.413522448517448],[-59.398056430818414,-34.413524054675769],[-59.398052555784716,-34.414064906970708],[-59.398378858389627,-34.414066512291029],[-59.398376921884179,-34.414336938436541],[-59.398703225565058,-34.414338542902641],[-59.398701290083991,-34.414608969052239],[-59.39902759484081,-34.414610572664131],[-59.399025660384119,-34.414880998817772],[-59.399351966216912,-34.414882601575428],[-59.399350032784646,-34.415153027733147],[-59.400328953588136,-34.415157830832179],[-59.400321232204156,-34.416239535535645],[-59.39999492104301,-34.416237935308608],[-59.399991058096127,-34.4167787875557],[-59.399664744860161,-34.416777186426003],[-59.399651216382871,-34.418670168797718],[-59.399324895820307,-34.418668566684737],[-59.39932296202727,-34.418938992673425],[-59.399975605278932,-34.418942196061138],[-59.399971741817211,-34.419483048066759],[-59.401929684794567,-34.419492637530681],[-59.401927759327705,-34.419763063611867],[-59.402254084297589,-34.419764658825081],[-59.40225023538779,-34.420305510983383],[-59.401923908316981,-34.42030391573806],[-59.401920057203618,-34.420844767815964],[-59.401593728057513,-34.420843171667975],[-59.401584094572357,-34.422195301571158],[-59.401910428971135,-34.422196897799431],[-59.40190657749848,-34.422737749708297],[-59.402232914024104,-34.422739345098087],[-59.402230989299888,-34.423009771050452],[-59.40255732690175,-34.423011365585673],[-59.402555403202498,-34.423281791542017],[-59.402881741880627,-34.423283385222618],[-59.40287981920639,-34.423553811182948],[-59.403206158960764,-34.423555404008916],[-59.403204237311535,-34.42382582997319],[-59.402877896506517,-34.423824237131178],[-59.402874051029912,-34.424365088991451],[-59.402547708149164,-34.424363495246695],[-59.402545784321752,-34.424633921142686],[-59.401893096535822,-34.424630731009046],[-59.401879614315504,-34.42652371171819],[-59.402205965550841,-34.426525307332739],[-59.402200190223837,-34.427336584646582],[-59.402526544637276,-34.427338179438514],[-59.402524620527807,-34.427608605201684],[-59.402850976017739,-34.427610199138876],[-59.40284905293349,-34.427880624906038],[-59.403501766091921,-34.427883810200093],[-59.403499845083772,-34.428154235987215],[-59.403826202752263,-34.428155827344071],[-59.403824282769406,-34.428426253135122],[-59.404150641514384,-34.428427843637174],[-59.404148722556833,-34.428698269432154],[-59.404475082378291,-34.428699859079373],[-59.404473164446074,-34.428970284878289],[-59.405125886267442,-34.428973461592214],[-59.405123970411545,-34.429243887411005],[-59.405450332411476,-34.429245474477689],[-59.405446502724978,-34.429786326111007],[-59.406099231005165,-34.429789497695666],[-59.406097318225584,-34.430059923526123],[-59.405770953021758,-34.430058338153259],[-59.405767125284136,-34.430599189746061],[-59.406093492589939,-34.430600775150829],[-59.406089666852317,-34.431141626727225],[-59.406742405744481,-34.431144794987816],[-59.406740494939527,-34.431415220789788],[-59.407719606621846,-34.431419966696637],[-59.407717698944602,-34.431690392534279],[-59.4083704422954,-34.431693552149397],[-59.408366631068937,-34.432234403852057],[-59.409019378725638,-34.432237560046985],[-59.409017475176512,-34.432507985911961],[-59.409343850094025,-34.43250956271887],[-59.409341947570667,-34.43277998858764],[-59.410647451698551,-34.432786287169144],[-59.410649350017465,-34.432515861237022],[-59.411954850345666,-34.432522145819895],[-59.411952956231225,-34.43279257181527],[-59.412605708649075,-34.43279570891255],[-59.412603816611657,-34.433066134927429],[-59.41325657123263,-34.433069268572403],[-59.41325279128678,-34.43361012062897],[-59.413579170737364,-34.433611686176491],[-59.413577281777847,-34.433882112202419],[-59.413903662304769,-34.433883676894709],[-59.413901774371261,-34.434154102924289],[-59.41455453760296,-34.434157229727305],[-59.414552651746689,-34.434427655776304],[-59.416184565521561,-34.434435457619742],[-59.416186446121763,-34.434165031492256],[-59.416512827900782,-34.434166589232198],[-59.416507189178553,-34.434977867625463],[-59.416833574136277,-34.434979424541417],[-59.416827938342408,-34.435790702873],[-59.417154326478936,-34.435792258964881],[-59.417152448882206,-34.436062685066929],[-59.417478838095072,-34.436064240303381],[-59.417476961524606,-34.436334666409003],[-59.417803351813781,-34.436336220790032],[-59.417801476269631,-34.436606646899236],[-59.419433433346711,-34.436614405816215],[-59.419431563034252,-34.436884831991406],[-59.419757955575832,-34.436886381177118],[-59.419752347643005,-34.437697659676985],[-59.42007874336359,-34.437699208038346],[-59.420069401567723,-34.439051338707962],[-59.420395802570305,-34.439052886276023],[-59.420393935187903,-34.439323312389305],[-59.42072033726685,-34.439324859101774],[-59.420712871694342,-34.440406563496431],[-59.420386465409401,-34.440405016721733],[-59.420384597902576,-34.440675442774669],[-59.420058190591007,-34.440673895113186],[-59.420060059149378,-34.440403469075825],[-59.419407246703997,-34.440400371170355],[-59.419409117340507,-34.440129945152101],[-59.418756307097894,-34.440126843792974],[-59.418754434358355,-34.440397269780043],[-59.419080840518717,-34.440398820910801],[-59.419077097067827,-34.440939672879921],[-59.418750688804394,-34.440938121717942],[-59.418746943150616,-34.441478973607602],[-59.419073353517184,-34.441480524800767],[-59.419069609866746,-34.442021376673338],[-59.419396022361447,-34.442022927026464],[-59.419392280714462,-34.44256377888194],[-59.419718695337352,-34.442565328394956],[-59.419714955693955,-34.443106180233329],[-59.420041372445056,-34.443107728906242],[-59.420039503637646,-34.443378154822895],[-59.420365921465326,-34.443379702640087],[-59.420362185879199,-34.443920554468328],[-59.420688605835153,-34.443922101445331],[-59.420679271692947,-34.445274230882475],[-59.419373570983694,-34.445268037434978],[-59.419375442068976,-34.444997611633994],[-59.41904901800573,-34.444996061109286],[-59.419050890117823,-34.444725635311848],[-59.418398044169706,-34.444722531679581],[-59.4183961699541,-34.44499295744582],[-59.418069745965745,-34.444991404307039],[-59.418071621233118,-34.444720978556425],[-59.417092352573313,-34.44471631395885],[-59.417096109343476,-34.444175462515247],[-59.416769688610387,-34.444173905937987],[-59.416771568009636,-34.443903480213763],[-59.416445148353304,-34.443901922780839],[-59.416450789555803,-34.443090645582664],[-59.416124373079597,-34.443089087325461],[-59.416128135859275,-34.442548235830998],[-59.415801721511421,-34.442546676733855],[-59.415805486294062,-34.442005825222488],[-59.415479074074526,-34.442004265285448],[-59.415484724215098,-34.441192987974929],[-59.415158315175418,-34.441191427213724],[-59.415160199556958,-34.440921001435115],[-59.414833791593949,-34.440919439818394],[-59.414837562384776,-34.440378588256372],[-59.414511156549963,-34.440377025799847],[-59.414513042959207,-34.440106600016435],[-59.414186638201038,-34.440105036704466],[-59.414188525636646,-34.439834610924706],[-59.413535718298775,-34.439831481718613],[-59.413531939196396,-34.440372333203072],[-59.412879127753243,-34.440369200449183],[-59.412877236061234,-34.440639626141795],[-59.41255082932593,-34.440638058442268],[-59.412548936557165,-34.44090848410702],[-59.41222252879556,-34.4409069155205],[-59.412226316410937,-34.440366064210451],[-59.412552722069471,-34.44036763276543],[-59.412564078001026,-34.438745078450872],[-59.412890477375925,-34.438746646040009],[-59.412892368891484,-34.438476220262892],[-59.412565970567996,-34.438474652689528],[-59.412571648117627,-34.437663375333059],[-59.412245252973548,-34.437661806935878],[-59.412250933450281,-34.436850529518097],[-59.411924541485497,-34.436848960297162],[-59.411926435978607,-34.436578534482869],[-59.411600045090417,-34.436576964406655],[-59.411601940609572,-34.436306538596092],[-59.41127555079796,-34.436304967664569],[-59.411277447343174,-34.436034541857751],[-59.41095105860812,-34.436032970070983],[-59.410952956179344,-34.435762544267888],[-59.41030018088771,-34.435759398112815],[-59.410302080536191,-34.435488972329303],[-59.409649307448348,-34.435485822721688],[-59.409651209174015,-34.435215396957787],[-59.409324823719366,-34.435213820863268],[-59.40932672647093,-34.434943395103147],[-59.409000342092888,-34.43494181815344],[-59.409002245870326,-34.434671392397121],[-59.408675862568884,-34.43466981459229],[-59.408677767372154,-34.434399388839751],[-59.408351385147299,-34.434397810179746],[-59.4083532909764,-34.434127384431051],[-59.408026909828138,-34.434125804915929],[-59.408030723512482,-34.433584953414083],[-59.407704344491997,-34.433583373059761],[-59.407706252347211,-34.433312947306632],[-59.406727118591796,-34.433308201065522],[-59.406729029575025,-34.433037775348062],[-59.405749899202227,-34.433033021316],[-59.405738413999771,-34.434655575152632],[-59.406064797072261,-34.434657160796661],[-59.406059057280345,-34.435468437599845],[-59.406385443532052,-34.435470022420702],[-59.406383531268361,-34.435740448013554],[-59.40670991859681,-34.435742031979302],[-59.406708007358908,-34.436012457576012],[-59.407034395764114,-34.436014040686629],[-59.407030575314501,-34.436554891875701],[-59.407683356406473,-34.436558055547401],[-59.40768144824613,-34.436828481155644],[-59.408007839881598,-34.436830061700775],[-59.408005932747159,-34.437100487312861],[-59.408332325459384,-34.43710206700279],[-59.408328513216986,-34.437642918222529],[-59.408654908057322,-34.437644497073123],[-59.408637761172052,-34.440078327107187],[-59.40896416550072,-34.440079905229553],[-59.408960356905503,-34.440620756247164],[-59.409286763362573,-34.440622333530079],[-59.409284860078422,-34.440892759036629],[-59.409611267612398,-34.440894335464179],[-59.409609365354449,-34.441164760974544],[-59.409935773965302,-34.441166336546708],[-59.409924366194815,-34.442788889450391],[-59.410250781140633,-34.442790464246372],[-59.410246980451092,-34.443331315149351],[-59.410573397525518,-34.44333288910574],[-59.41056959883803,-34.443873739992085],[-59.41089601804115,-34.443875313108819],[-59.410894119711159,-34.444145738549707],[-59.411220539991277,-34.444147310810919],[-59.411216745358836,-34.444688161688106],[-59.411543167767697,-34.444689733109612],[-59.411535582406451,-34.445771434782344],[-59.410882729199862,-34.445768290941494],[-59.410880830692783,-34.446038716297863],[-59.410554403075608,-34.446037143054532],[-59.410556302634504,-34.445766717713987],[-59.409577023090392,-34.44576199280317],[-59.409578925779336,-34.445491567498095],[-59.407946798972041,-34.445483675298547],[-59.407944891024172,-34.445754100524233],[-59.407618464687147,-34.445752519454309],[-59.407616555662017,-34.446022944652036],[-59.406963700960702,-34.446019779866198],[-59.406961789806523,-34.446290205020013],[-59.406635361442241,-34.44628862130407],[-59.406633449210759,-34.446559046429876],[-59.405980590455016,-34.44655587635193],[-59.405978676094371,-34.446826301433752],[-59.40532581533698,-34.446823127838272],[-59.405323898847129,-34.447093552876105],[-59.404671036088196,-34.447090375763004],[-59.404669117469062,-34.447360800756805],[-59.404016252708665,-34.44735762012602],[-59.404020094128818,-34.446816770190331],[-59.404346524392508,-34.44681836090944],[-59.404348444012356,-34.446547935907482],[-59.404674873249775,-34.446549525739179],[-59.404678710309113,-34.446008675667045],[-59.405005137468457,-34.44601026459538],[-59.405007054907962,-34.44573983952521],[-59.405333481041083,-34.445741427566155],[-59.405335397403242,-34.445471002467961],[-59.405661822510119,-34.445472589621573],[-59.405663737794995,-34.445202164495306],[-59.405990161875607,-34.445203750761621],[-59.405992076083194,-34.444933325607316],[-59.406318499137562,-34.444934910986298],[-59.406320412267895,-34.44466448580399],[-59.406973256349623,-34.444667653916035],[-59.406975167351007,-34.444397228689773],[-59.407301588378338,-34.44439881142285],[-59.407305408201296,-34.443857960902257],[-59.407631827150666,-34.443859542732199],[-59.407641371004331,-34.44250741613984],[-59.407314957313254,-34.442505834389493],[-59.407318776779888,-34.441964983699854],[-59.406992365217491,-34.441963401110051],[-59.406996186685483,-34.441422550403978],[-59.406669777251714,-34.441420966974768],[-59.406673600720985,-34.440880116252238],[-59.40634719341579,-34.440878531983692],[-59.406351018886191,-34.440337681244742],[-59.406024613709548,-34.440336096136868],[-59.406028441180986,-34.439795245381497],[-59.405702038132851,-34.439793659434322],[-59.405707782303125,-34.438982383258583],[-59.405381382434882,-34.438980796488117],[-59.405383298158718,-34.438710371088028],[-59.40505689936743,-34.438708783462374],[-59.405060732841342,-34.43816793265789],[-59.404734336178421,-34.438166344193043],[-59.404738171652923,-34.437625493372238],[-59.404411777118327,-34.437623904068246],[-59.404421370614017,-34.43627177688483],[-59.404094981361673,-34.436270186789713],[-59.404108418540503,-34.434377208337779],[-59.403782036672482,-34.434375617483639],[-59.403785877738592,-34.433834766420723],[-59.403459497998547,-34.433833174727582],[-59.403463341064594,-34.433292323648388],[-59.403136963452482,-34.433290731116323],[-59.403138885998224,-34.433020305574637],[-59.402812509462869,-34.433018712187632],[-59.402814433034123,-34.432748286649883],[-59.402488057575518,-34.432746692407939],[-59.402489982172256,-34.43247626687419],[-59.402163607790413,-34.432474671777342],[-59.402165533412571,-34.432204246247544],[-59.401186413574358,-34.432199455779518],[-59.401184484798918,-34.43246988126112],[-59.400858110519813,-34.432468282680482],[-59.400856180667539,-34.432738708133925],[-59.400203430084268,-34.432735508327617],[-59.400209225870469,-34.431924232027676],[-59.39988285377072,-34.431922630866417],[-59.399896383727935,-34.430029652523352],[-59.399570019011094,-34.430028050604015],[-59.399573886583269,-34.429487199572414],[-59.399247523994127,-34.429485596814445],[-59.399251393565052,-34.428944745766806],[-59.398925033103559,-34.428943142170255],[-59.398926968901279,-34.428672716644463],[-59.398600609516464,-34.428671112193243],[-59.398602546339269,-34.428400686671502],[-59.397949829748924,-34.428397475188902],[-59.397947890824341,-34.428667900678334],[-59.397621531517039,-34.428666293614626],[-59.397619591515699,-34.4289367190758],[-59.397293231183326,-34.428935111125114],[-59.397289349001234,-34.429475961978881],[-59.396962986592875,-34.429474353124981],[-59.39696104441208,-34.429744778517559],[-59.396634680978657,-34.429743168776618],[-59.396628851128042,-34.430554444833326],[-59.396302484567585,-34.430552834172921],[-59.396296651330822,-34.431364110072302],[-59.396623021044341,-34.431365720781336],[-59.396617190727547,-34.432176996620655],[-59.396943563620134,-34.432178606507371],[-59.396941621180495,-34.4324490317792],[-59.397267995150067,-34.432450640811169],[-59.397266053735663,-34.43272106608709],[-59.397592428782197,-34.432722674264298],[-59.397590488393021,-34.432993099544341],[-59.39889599304211,-34.432999523608267],[-59.39889792922682,-34.432729098263586],[-59.399224304402509,-34.432730702086033],[-59.399222369268919,-34.433001127446822],[-59.399548745521535,-34.433002730414444],[-59.399546811413295,-34.433273155779297],[-59.399220434109544,-34.433271552795567],[-59.399216563713445,-34.433812403456784],[-59.398890184333176,-34.433810799569805],[-59.398878566218613,-34.43543335116685],[-59.399204951906128,-34.435434955150654],[-59.399203016514647,-34.435705380390708],[-59.400182176885686,-34.435710187164254],[-59.40017638001806,-34.436521462957018],[-59.400829160035258,-34.436524663214051],[-59.400827229797173,-34.436795088486342],[-59.401480012019896,-34.436798285291239],[-59.401478083858755,-34.437068710583631],[-59.401151691683218,-34.437067112600644],[-59.40114976244503,-34.437337537864877],[-59.400823369243867,-34.437335938994714],[-59.400821438928602,-34.437606364230788],[-59.400495044701785,-34.437604764473441],[-59.400493113309444,-34.437875189681343],[-59.400166718057001,-34.437873589036762],[-59.400160920571331,-34.438684864539688],[-59.399834522190424,-34.438683262975658],[-59.399842256325385,-34.437601562345385],[-59.399515862175818,-34.437599959974698],[-59.399517796696514,-34.437329534803055],[-59.399191403624073,-34.437327931577371],[-59.399193339170331,-34.437057506409808],[-59.398866947175037,-34.437055902329156],[-59.398868883746822,-34.436785477165643],[-59.398542492828668,-34.436783872230045],[-59.398544430425957,-34.436513447070581],[-59.398218040584958,-34.436511841280073],[-59.398219979207717,-34.436241416124687],[-59.397567201705812,-34.436238201962787],[-59.397569142405317,-34.435967776827667],[-59.397242754744425,-34.435966168456297],[-59.397240812993637,-34.436236593575231],[-59.396914424307361,-34.436234984316599],[-59.39689693792355,-34.43866880969783],[-59.397223336072031,-34.438670419102174],[-59.39722139406247,-34.43894084410033],[-59.397547793288261,-34.438942452649712],[-59.397543911294356,-34.439483302642181],[-59.397870312648912,-34.43948491035276],[-59.397868372664639,-34.439755335347037],[-59.398194775096513,-34.439756942202607],[-59.39819089715337,-34.440297792187273],[-59.398517301714065,-34.440299398203969],[-59.398511487760146,-34.441110673138873],[-59.398185080044875,-34.441109067073711],[-59.398169566618485,-34.443272466239449],[-59.397843150516252,-34.44327085917373],[-59.397839269797892,-34.443811708812049],[-59.397512851618153,-34.443810100842683],[-59.397510910168499,-34.444080525627555],[-59.396858071783299,-34.444077307042498],[-59.396856128204348,-34.444347731782912],[-59.396529707998887,-34.4443461211672],[-59.396527763342327,-34.444616545879335],[-59.394569236343948,-34.44460686378978],[-59.394571187310831,-34.444336439175046],[-59.39424476728707,-34.44433482246005],[-59.394242815268463,-34.444605247058519],[-59.393916394218998,-34.444603629455912],[-59.393920300333598,-34.444062780279445],[-59.392288205994042,-34.444054679359382],[-59.392280372626296,-34.445136377338038],[-59.392606795648952,-34.44513799932993],[-59.392602880912023,-34.445678848279428],[-59.392929306064296,-34.445680469432595],[-59.392921480484645,-34.44676216725184],[-59.392268621791729,-34.446758923943612],[-59.392270580329388,-34.446488499539569],[-59.391944152073904,-34.446486876594655],[-59.391948071174582,-34.445946027782945],[-59.391295218949182,-34.445942779344335],[-59.391299142152505,-34.445401930549622],[-59.39097271818256,-34.445400305055983],[-59.390976643384811,-34.444859456245659],[-59.390650221544533,-34.444857829913367],[-59.390654148745611,-34.444316981087468],[-59.390001309350417,-34.444313725874323],[-59.390003275015104,-34.444043301475993],[-59.389676856408506,-34.44404167257882],[-59.389678823098677,-34.44377124818481],[-59.389352405569959,-34.443769618432711],[-59.389354373285592,-34.443499194042992],[-59.388375124011844,-34.443494299608112],[-59.388377094856232,-34.443223875255576],[-59.388050679535823,-34.443222242051114],[-59.388052651405566,-34.442951817702912],[-59.387726237163086,-34.44295018364361],[-59.387724264241669,-34.443220607975363],[-59.386745018517047,-34.443215700520419],[-59.386746994593373,-34.442945276238021],[-59.387073408756962,-34.442946912911168],[-59.38707735872736,-34.442406064277201],[-59.386424534632987,-34.44240279012552],[-59.386426511681911,-34.442132365823348],[-59.385773689796125,-34.442129088219602],[-59.385775668921866,-34.441858663938334],[-59.384796439445765,-34.441853741047858],[-59.384792474858408,-34.442394589499273],[-59.384466062982675,-34.442392946760258],[-59.38446407959777,-34.442663370951301],[-59.384137666696859,-34.442661727324491],[-59.384129728686311,-34.443743423901779],[-59.384456145793798,-34.443745067594726],[-59.384452178733198,-34.444285915843942],[-59.384125759522355,-34.444284272117919],[-59.384121790252593,-34.444825120285728],[-59.38444821156687,-34.444826764044834],[-59.384442260619117,-34.445638036255545],[-59.384768685115084,-34.44563967919288],[-59.384766702464745,-34.445910103255493],[-59.384113851395725,-34.445906816476381],[-59.384111866615385,-34.446177240493839],[-59.383785440068749,-34.446175595780659],[-59.383797354664594,-34.444553051593971],[-59.383470934454955,-34.444551406108751],[-59.383486827514162,-34.442388013315615],[-59.383813239310541,-34.442389658668418],[-59.383823166354347,-34.441037537697269],[-59.383496759815777,-34.44103589242723],[-59.383498746196686,-34.4407654682133],[-59.382845935302036,-34.440762175092708],[-59.382847923759492,-34.440491750899831],[-59.381868710770846,-34.440486804734654],[-59.381870702356267,-34.440216380579457],[-59.381544299131264,-34.440214730131949],[-59.381542306494339,-34.440485154270547],[-59.380889498021034,-34.440481850728716],[-59.380891492760952,-34.440211426623343],[-59.380565089615658,-34.440209773562287],[-59.380567085380477,-34.439939349461476],[-59.380240683313261,-34.439937695545865],[-59.380242680102931,-34.439667271449615],[-59.379589878151272,-34.439663961038136],[-59.379591877017234,-34.439393536963088],[-59.377633478110688,-34.439383584920833],[-59.377635483258636,-34.439113160933836],[-59.376329888727554,-34.439106508882759],[-59.376331898054453,-34.438836084950594],[-59.375679103052363,-34.438832753731688],[-59.375677091622649,-34.439103177630336],[-59.375350693110377,-34.439101510697398],[-59.375348680602414,-34.439371934567191],[-59.374369482072304,-34.43936692849114],[-59.374367466383191,-34.439637352298497],[-59.373714665394523,-34.439634010525076],[-59.373716683186522,-34.439363586751341],[-59.370779089533123,-34.439348505800105],[-59.370777062278165,-34.439618929422117],[-59.368818661415673,-34.43960883615123],[-59.368816627824962,-34.439879259659612],[-59.369143028952493,-34.439880944066275],[-59.369136931172207,-34.440692214569729],[-59.369789739817399,-34.440695580871143],[-59.369785678701156,-34.441236427880753],[-59.369132865849906,-34.441233061511603],[-59.36913083314812,-34.441503484964407],[-59.368804425711595,-34.441501800456066],[-59.368802391931169,-34.441772223879852],[-59.368475983470191,-34.441770538483333],[-59.368469878811581,-34.442581808631267],[-59.368143467222978,-34.442580122312627],[-59.368141431230939,-34.442850545654132],[-59.368467843871144,-34.442852231989733],[-59.368465808903586,-34.443122655336133],[-59.368792222622531,-34.443124340817398],[-59.36878612071208,-34.443935610834899],[-59.368459703838198,-34.443933925302758],[-59.368457668762169,-34.444204348600771],[-59.368131250863726,-34.444202662180338],[-59.36813328699143,-34.443932238899279],[-59.367806870171805,-34.443930551624518],[-59.367817055661519,-34.442578435122734],[-59.367490644127187,-34.442576747061601],[-59.367488606031934,-34.442847170369149],[-59.367162193473177,-34.442845481419759],[-59.36716627173972,-34.442304634826549],[-59.36683986131132,-34.442302945039891],[-59.366848021724536,-34.441221251776426],[-59.366521615529557,-34.44121956118655],[-59.366546106776731,-34.437974480439827],[-59.372421195322417,-34.438004774104684],[-59.372423217158513,-34.43773435032579],[-59.373076003212354,-34.437737698832699],[-59.373073983478967,-34.438008122645279],[-59.373726771743193,-34.43801146770145],[-59.373728789373857,-34.437741043855205],[-59.374055182494963,-34.437742715059798],[-59.374057199047392,-34.437472291184662],[-59.374709983267493,-34.437475630946956],[-59.374711997690397,-34.437205207026125],[-59.375364779915209,-34.437208543270465],[-59.375366792208624,-34.43693811930401],[-59.376019572438068,-34.436941452030489],[-59.376021582602064,-34.436671028018388],[-59.37634797170567,-34.436672693058263],[-59.376356007888681,-34.435590996822107],[-59.376682392813969,-34.435592660923938],[-59.376686408642392,-34.435051812699868],[-59.377012791491985,-34.435053475897185],[-59.377008777766044,-34.435594324154728],[-59.377335162744828,-34.435595986514485],[-59.377329145109101,-34.436407258860342],[-59.377655533268424,-34.436408920399231],[-59.37765352838769,-34.43667934450707],[-59.377979917625019,-34.436681005191588],[-59.377977913768852,-34.436951429304052],[-59.378630694426242,-34.436954748093285],[-59.378628692646025,-34.437225172227059],[-59.380260650012687,-34.43723345403955],[-59.380258653462491,-34.437503878244549],[-59.38123783135589,-34.43750883692887],[-59.381235837933126,-34.437779261171684],[-59.381562231668767,-34.437780912340862],[-59.381560239270804,-34.438051336588202],[-59.382213028924454,-34.438054636346457],[-59.382211038602705,-34.438325060614901],[-59.382537434520714,-34.438326709203949],[-59.382535445223837,-34.438597133476911],[-59.383188239242145,-34.43860042807475],[-59.383186252021581,-34.438870852368758],[-59.384165446401845,-34.438875787781662],[-59.38416346230909,-34.439146212113272],[-59.386121858091705,-34.439156059517224],[-59.386119880281143,-34.439426483935783],[-59.386446280722026,-34.439428122137244],[-59.386442327124769,-34.439968970971108],[-59.386768729694907,-34.439970608334313],[-59.386766753908255,-34.440241032749611],[-59.387093157556208,-34.440242669258112],[-59.387095132291378,-34.439972244826357],[-59.387421534914189,-34.439973880447212],[-59.387419561230494,-34.440244304895401],[-59.388072368657944,-34.440247573556448],[-59.388070397050939,-34.440517998025456],[-59.388723206686485,-34.440521263234579],[-59.38872123715624,-34.440791687724364],[-59.389374048999819,-34.4407949494815],[-59.389372081546384,-34.441065373992025],[-59.391004116871535,-34.441073513220573],[-59.39100607906731,-34.440803088628194],[-59.39133248515931,-34.440804713843882],[-59.391334446277419,-34.440534289223073],[-59.391660851344042,-34.44053591355123],[-59.391664771398865,-34.439995064240669],[-59.391991174388608,-34.439996687664951],[-59.391999009979017,-34.438914988833545],[-59.391672611195084,-34.438913365474576],[-59.3916765309365,-34.438372516019072],[-59.391350134281517,-34.438370891821656],[-59.391352095164436,-34.438100467092099],[-59.391025699586962,-34.438098842039899],[-59.391027661495144,-34.437828417314634],[-59.390374872521427,-34.437825164629572],[-59.390376836506164,-34.437554739924956],[-59.390050443109935,-34.437553112292115],[-59.390048478073822,-34.43782353698036],[-59.389722083652408,-34.437821908460052],[-59.389727981836209,-34.437010634408225],[-59.390380764397143,-34.437013890479463],[-59.390382728303351,-34.436743465738601],[-59.390709118571763,-34.436745092451233],[-59.390707155716861,-34.437015517208451],[-59.391033547062754,-34.437017143066363],[-59.391035508866338,-34.436746718292781],[-59.391688289533896,-34.436749967362637],[-59.391686329832943,-34.437020392168904],[-59.392012721257231,-34.43702201541354],[-59.392008803879698,-34.437562865022514],[-59.392661591011901,-34.437566108963793],[-59.39265963438671,-34.437836533782814],[-59.392986029043307,-34.437838154463087],[-59.392982117817446,-34.438379004097456],[-59.393308514602879,-34.438380623939238],[-59.393306560002259,-34.4386510487546],[-59.393632957865151,-34.438652667741515],[-59.393631004289922,-34.438923092561083],[-59.394936600207359,-34.438929559862402],[-59.394940498920455,-34.43838871008105],[-59.395266895861958,-34.438390324696002],[-59.395268844128154,-34.43811989977096],[-59.39559524004423,-34.438121513498558],[-59.395606922788097,-34.436498963597273],[-59.395280533180092,-34.436497349967098],[-59.395284429323063,-34.435956499935848],[-59.394958041843616,-34.435954885467083],[-59.394959990927418,-34.435684460449593],[-59.394633604525211,-34.435682845126003],[-59.394635554634284,-34.435412420112691],[-59.394309169309331,-34.435410803934325],[-59.394311120443682,-34.435140378925183],[-59.393984736195954,-34.435138761892063],[-59.393990592596595,-34.434327486840964],[-59.393664211528517,-34.43432586898566],[-59.393673976931758,-34.432973743740355],[-59.393347601145493,-34.432972125095453],[-59.393351509226818,-34.432431274945365],[-59.393025135568799,-34.432429655462101],[-59.393031000648691,-34.431618380195253],[-59.392704630169952,-34.431616759889948],[-59.392706586195523,-34.431346334793162],[-59.392380216793875,-34.431344713633266],[-59.392382173844425,-34.431074288540692],[-59.391403068949131,-34.431069419884544],[-59.391401108745519,-34.431339844928111],[-59.391074739448293,-34.431338220284601],[-59.391072778167519,-34.431608645299747],[-59.390420037549411,-34.431605393367285],[-59.390418074140392,-34.431875818337645],[-59.389765331524842,-34.431872562888756],[-59.38976336598752,-34.432142987814288],[-59.389436993667942,-34.432141358767062],[-59.389435027053352,-34.432411783664129],[-59.389108653708924,-34.432410153729585],[-59.389106686017016,-34.432680578598166],[-59.3887803116477,-34.432678947776274],[-59.388774405261294,-34.433490222260318],[-59.389100782783956,-34.433491853131422],[-59.389098814987165,-34.433762277951686],[-59.389425193587222,-34.433763907968228],[-59.389421260017301,-34.434304757605297],[-59.389747640745924,-34.434306386783646],[-59.389745674972843,-34.434576811600444],[-59.389419293193036,-34.434575182405723],[-59.389417326342546,-34.434845607194056],[-59.388111795280757,-34.434839081639424],[-59.388109824199184,-34.435109506350045],[-59.387457056723413,-34.43510623831375],[-59.387464949301716,-34.434024539530327],[-59.387138569808066,-34.434022904271458],[-59.387142518041756,-34.433482054840191],[-59.386816140676707,-34.433480418743251],[-59.386818115805227,-34.433209994025958],[-59.386491739517638,-34.433208357074513],[-59.386493715670966,-34.432937932361604],[-59.385840965277048,-34.43293465587881],[-59.385844921709086,-34.432393806482686],[-59.386171294790671,-34.432395445126595],[-59.386173271916064,-34.432125020393919],[-59.386499643972932,-34.432126658150402],[-59.386501620020894,-34.43185623338919],[-59.386827991053032,-34.431857870258284],[-59.386829966023626,-34.431587445468494],[-59.387482706064716,-34.431590716561018],[-59.387484678906922,-34.431320291726266],[-59.387811047915875,-34.431321925949703],[-59.387813019680763,-34.431051501086422],[-59.388139387664964,-34.431053134422534],[-59.388143329013907,-34.430512284626857],[-59.388469694922364,-34.430513917059237],[-59.388471664506476,-34.430243492126863],[-59.388798029390195,-34.430245123671945],[-59.388799997897074,-34.429974698711042],[-59.389126361756063,-34.429976329368841],[-59.389124394300147,-34.43024675434615],[-59.38945075923634,-34.430248384149486],[-59.389452725641291,-34.429977959155806],[-59.390431817454086,-34.429982843291491],[-59.390435743879664,-34.42944199316959],[-59.390762105767713,-34.429443619440384],[-59.390777802016544,-34.427280218338829],[-59.391104155523699,-34.427281843607929],[-59.391108077222825,-34.426740993179052],[-59.391760780112278,-34.4267442410396],[-59.391762738821065,-34.426473815774379],[-59.392089089254164,-34.426475438382177],[-59.392091046886065,-34.426205013088548],[-59.392417396294476,-34.42620663480929],[-59.392421309378534,-34.425665784153161],[-59.394053046303853,-34.425673879532894],[-59.394054997553098,-34.425403454105236],[-59.395360383358572,-34.425409914671029],[-59.395362330378894,-34.425139489166291],[-59.396341366853335,-34.425144325399479],[-59.396343310695599,-34.424873899834012],[-59.396669655188198,-34.424875510154102],[-59.396671597953869,-34.424605084560362],[-59.396997941421645,-34.424606693993603],[-59.396999883110738,-34.424336268371569],[-59.397326225553726,-34.424337876917917],[-59.397335928357826,-34.422985748545777],[-59.397009591168043,-34.422984140080366],[-59.397013474209857,-34.422443288679361],[-59.396360804110294,-34.422440069201414],[-59.396362747693523,-34.422169643515204],[-59.396036413733164,-34.42216803248651],[-59.396034469099376,-34.42243845815652],[-59.395708134114344,-34.422436846240998],[-59.395704242667819,-34.422977697512358],[-59.395051568573237,-34.422974471004508],[-59.395049620709848,-34.423244896589601],[-59.394723282650872,-34.423243282013509],[-59.394721333710905,-34.42351370757028],[-59.394394994627284,-34.423512092107259],[-59.394391094568149,-34.424052943152077],[-59.394064753409218,-34.424051326785879],[-59.394062802289994,-34.424321752273897],[-59.393736460106417,-34.424320135020778],[-59.393734507910487,-34.424590560480446],[-59.393408164702251,-34.42458894234035],[-59.393404258131,-34.425129793190905],[-59.393077912847374,-34.425128174147531],[-59.393075958471975,-34.425398599538404],[-59.39209691962526,-34.42539373713516],[-59.392094962071617,-34.42566416246504],[-59.391442267536092,-34.425660916476652],[-59.391440307854857,-34.425931341761782],[-59.39078761132231,-34.425928092257827],[-59.390783687678443,-34.426468942726459],[-59.388499235928016,-34.426457541805235],[-59.388495297468445,-34.426998391996115],[-59.388168945221672,-34.426996759777232],[-59.388166974901708,-34.427267184838158],[-59.387840621630346,-34.427265551732098],[-59.38783865023332,-34.427535976764496],[-59.387185941667802,-34.427532707907183],[-59.3871879151665,-34.427262282907691],[-59.386208855668009,-34.427257373140286],[-59.386210832292853,-34.426986948178111],[-59.384905424200277,-34.426980389696801],[-59.384907405001961,-34.426709964788536],[-59.384254703215596,-34.426706680356382],[-59.384256686092471,-34.426436255469085],[-59.38360398651335,-34.426432967587004],[-59.383605971465329,-34.426162542720711],[-59.381647879667938,-34.426152658276159],[-59.381645888411377,-34.426423083042998],[-59.381319538820513,-34.426421432571416],[-59.381317546486621,-34.426691857309564],[-59.380664845283,-34.426688553720901],[-59.380662850821004,-34.426958978413751],[-59.379683796062558,-34.426954016450239],[-59.379685793676948,-34.426683591807354],[-59.379359443194815,-34.42668193609466],[-59.37936144183336,-34.426411511456351],[-59.379687791264722,-34.426413167152361],[-59.379689788825857,-34.426142742485318],[-59.38034248566688,-34.426146051231854],[-59.380344481099918,-34.425875626519428],[-59.380670828509587,-34.425877279569974],[-59.380672822865279,-34.425606854828821],[-59.380999169250778,-34.425608506992013],[-59.381001162529181,-34.425338082222162],[-59.381653853278401,-34.425341383903188],[-59.381655844428835,-34.425070959088032],[-59.384592944655857,-34.425085773403694],[-59.384590962961838,-34.425356198367922],[-59.385896345730622,-34.425362759936107],[-59.385898323221802,-34.42509233490587],[-59.386551012662942,-34.425095610432741],[-59.386552988026359,-34.424825185357484],[-59.386879331735713,-34.424826821798398],[-59.386881306022126,-34.424556396694584],[-59.387207648707125,-34.424558032248356],[-59.387211595099679,-34.42401718197155],[-59.387537935709624,-34.424018816621761],[-59.387541879895714,-34.423477966263746],[-59.387868218430675,-34.423479600010396],[-59.387872160410438,-34.422938749571188],[-59.388524833356684,-34.422942014386855],[-59.388526802205973,-34.422671589116291],[-59.38885313766788,-34.422673220201759],[-59.388855105440371,-34.422402794902709],[-59.389507774341681,-34.42240605442899],[-59.389509739986806,-34.422135629085048],[-59.389836073426203,-34.422137257525883],[-59.389838037994593,-34.421866832153469],[-59.390164370409622,-34.421868459707319],[-59.390174187606313,-34.42051633258226],[-59.38984786044383,-34.4205147051103],[-59.389849824855133,-34.42024427966544],[-59.389523498769286,-34.420242651339315],[-59.389525464204858,-34.419972225898753],[-59.388872814212675,-34.41996896666766],[-59.388876749206972,-34.419428115815926],[-59.389529394997453,-34.419431374981407],[-59.389531360354454,-34.419160949504644],[-59.389857682238564,-34.419162577765228],[-59.389859646518993,-34.418892152259986],[-59.390512288264951,-34.418895406136883],[-59.39051425041842,-34.418624980586806],[-59.391819530022488,-34.418631477829237],[-59.39181169805817,-34.419713180218594],[-59.391485373916353,-34.419711557148382],[-59.391477537332676,-34.420793259279179],[-59.392130194046096,-34.420796504679686],[-59.392128236935889,-34.421066930214849],[-59.392454566382206,-34.421068551625581],[-59.392456522441918,-34.420798126074097],[-59.39343550778576,-34.420802985033923],[-59.393439413524113,-34.420262133796953],[-59.393765739923182,-34.420263751676544],[-59.393775498561496,-34.418911623291336],[-59.393122856293665,-34.418908386824462],[-59.393124810044064,-34.418637961143759],[-59.392472169981154,-34.418634721227477],[-59.39247412580626,-34.418364295567308],[-59.392800444774323,-34.418365915944392],[-59.392804354245662,-34.417825064555238],[-59.393130671139062,-34.417826684029222],[-59.393138485567889,-34.416744981040814],[-59.392812172875708,-34.416743361631987],[-59.392825854475447,-34.414850381051401],[-59.392499549160938,-34.414848760886287],[-59.392503460055345,-34.414307909215786],[-59.392177156867227,-34.414306288212927],[-59.39217911332549,-34.414035862375862],[-59.391852811213568,-34.41403424051898],[-59.391856726152142,-34.413493388841296],[-59.391530426166554,-34.41349176614672],[-59.391532384646816,-34.413221340306102],[-59.391206085737444,-34.41321971675756],[-59.391208045241697,-34.412949290921176],[-59.390881747408535,-34.412947666518662],[-59.390883707936744,-34.412677240686563],[-59.390231114448945,-34.412673989303336],[-59.39022915182062,-34.412944415102714],[-59.38990285406588,-34.412942788089254],[-59.389900890361275,-34.413213213860168],[-59.38957459158263,-34.413211585960049],[-59.389570661994725,-34.413752437432883],[-59.388918060315532,-34.413749178956081],[-59.388914126422328,-34.414290030315051],[-59.388587823521796,-34.414288399738318],[-59.388583887423408,-34.414829251016158],[-59.388257582448766,-34.414827619536254],[-59.388253644145102,-34.415368470732943],[-59.387927337096308,-34.415366838349819],[-59.387925366854908,-34.415637263913609],[-59.386946442715519,-34.41563236149257],[-59.38695038947332,-34.415091510451568],[-59.387276695393076,-34.415093145429402],[-59.387282612182034,-34.414281868727954],[-59.387608914977584,-34.41428350278607],[-59.387612857271854,-34.413742651558486],[-59.387939157993408,-34.413744284713388],[-59.387943098082395,-34.413203433404639],[-59.38826939673001,-34.413205065656349],[-59.388273334613807,-34.412664214266442],[-59.388599631187475,-34.412665845615003],[-59.388605534666283,-34.411854568390311],[-59.386647774518877,-34.411844767540408],[-59.38664580041867,-34.412115193195426],[-59.385666917549869,-34.412110280972392],[-59.385664940273209,-34.41238070656587],[-59.385338644986248,-34.41237906740114],[-59.385336666633179,-34.412649492966054],[-59.38501037032254,-34.412647852914525],[-59.385006411437168,-34.413188703975109],[-59.384680113052752,-34.413187063020274],[-59.384668229462754,-34.414809615813077],[-59.384994534147964,-34.414811256867019],[-59.384988595147199,-34.415622533149929],[-59.384662287311407,-34.415620892046434],[-59.384660306541505,-34.415891317433406],[-59.384333997681878,-34.41588967544299],[-59.384330033962378,-34.41643052614765],[-59.384003723028698,-34.416428883253786],[-59.383999757103012,-34.41696973387706],[-59.383673444095194,-34.416968090079685],[-59.383667491857544,-34.417779365874367],[-59.383341175725263,-34.417777721156909],[-59.383335220098594,-34.41858899679324],[-59.383008900841737,-34.418587351155651],[-59.383006914529567,-34.418857776327044],[-59.381701633565463,-34.418851185005487],[-59.381699643025264,-34.419121610098458],[-59.381373321800133,-34.419119960075228],[-59.381371330182994,-34.419390385139536],[-59.381045007934013,-34.419388734229187],[-59.381043015239932,-34.419659159264803],[-59.380716691967088,-34.419657507467306],[-59.380712704398377,-34.420198357469054],[-59.380386379051224,-34.42019670476779],[-59.380382389275319,-34.420737554687932],[-59.380056061853828,-34.42073590108285],[-59.380052069870601,-34.4212767509214],[-59.379725740374724,-34.421275096412479],[-59.379723743292701,-34.421545521296991],[-59.379397412772924,-34.421543865900816],[-59.379395414613761,-34.421814290756586],[-59.378742751553098,-34.42181097731919],[-59.378744751813301,-34.421540552496765],[-59.37841842137346,-34.421538894488855],[-59.378420422657534,-34.421268469671041],[-59.378094093294884,-34.421266810809236],[-59.378098097884006,-34.420725961170746],[-59.377771770648998,-34.420724301471765],[-59.377779783708803,-34.419642602116618],[-59.378432429801904,-34.419645920510405],[-59.378434430899297,-34.419375495608008],[-59.379087074998239,-34.419378810486364],[-59.379089073968167,-34.419108385538529],[-59.379741716072893,-34.419111696901524],[-59.379743712915385,-34.418841271908313],[-59.380396353025787,-34.418844579756005],[-59.38039834774095,-34.418574154717412],[-59.380724666785653,-34.418575807318881],[-59.380726660423875,-34.418305382251582],[-59.381052978444792,-34.418307033965952],[-59.381054971006094,-34.418036608869947],[-59.381707605026897,-34.418039909654041],[-59.381711585868544,-34.417499059359379],[-59.382364215794155,-34.417502356595243],[-59.38237813320076,-34.415609379951114],[-59.382051825576532,-34.415607731884499],[-59.382059781998137,-34.414526030745627],[-59.382386085421636,-34.414527678745891],[-59.382390061373108,-34.413986828070797],[-59.382716362722803,-34.413988475167557],[-59.382730270367887,-34.4120954973083],[-59.383056564393506,-34.412097143418734],[-59.383058550044019,-34.411826717945381],[-59.383711136074552,-34.411830007522354],[-59.383713119598575,-34.411559582003825],[-59.384039411603496,-34.411561225470365],[-59.384041394051089,-34.411290799923229],[-59.38436768503243,-34.411292442502976],[-59.384371647748395,-34.410751591339384],[-59.385676803537848,-34.410758152823796],[-59.385674826392965,-34.411028578477676],[-59.387306276972389,-34.411036760835259],[-59.387304305051082,-34.411307186559405],[-59.38763059629585,-34.411308820436645],[-59.387632567167181,-34.411038394696064],[-59.388611437909049,-34.411043291056949],[-59.388609470187674,-34.411313716846813],[-59.389914635743871,-34.411320233210155],[-59.389916599265284,-34.411049807354715],[-59.390242889669814,-34.41105143425353],[-59.390244852115067,-34.410781008369632],[-59.390571141495755,-34.410782634381846],[-59.39057310286492,-34.41051220846952],[-59.390246814534187,-34.410510582473677],[-59.390252701634623,-34.4096993047133],[-59.389926416479852,-34.409697677896354],[-59.389928379844257,-34.409427251968438],[-59.389602095765561,-34.409425624297661],[-59.389606024515643,-34.408884772438412],[-59.389279742562898,-34.408883143930211],[-59.389283673308007,-34.408342292055458],[-59.388957393481142,-34.408340662709868],[-59.388959359864245,-34.408070236770776],[-59.388633081113426,-34.408068606571454],[-59.388635048520129,-34.407798180636689],[-59.387982493196837,-34.407794917660439],[-59.387984462676933,-34.407524491746436],[-59.387658186104467,-34.407522858969529],[-59.387660156608113,-34.407252433059881],[-59.387007605641536,-34.407249164928587],[-59.387009578218468,-34.406978739039765],[-59.386683303824391,-34.406977103685392],[-59.386681330197653,-34.40724752955775],[-59.38635505478009,-34.407245893316805],[-59.386357029456597,-34.406975467460903],[-59.386030755115129,-34.406973830366319],[-59.386034706488672,-34.406432978651246],[-59.385708434273035,-34.406431340719521],[-59.385710410970063,-34.406160914860351],[-59.385384139830492,-34.406159276075016],[-59.38538611755088,-34.405888850220279],[-59.385059847487405,-34.405887210581355],[-59.385061826231144,-34.405616784731031],[-59.384735557243744,-34.40561514423856],[-59.38473951675148,-34.405074292534714],[-59.384413249889839,-34.405072651205209],[-59.384415230653772,-34.404802225351695],[-59.384088964868184,-34.404800583168658],[-59.384090946655384,-34.404530157319584],[-59.383764681945863,-34.404528514283072],[-59.383766664756287,-34.404258088438475],[-59.383440401122812,-34.404256444548466],[-59.383442384956417,-34.403986018708331],[-59.383116122399016,-34.403984373964839],[-59.383114137515776,-34.404254799788418],[-59.382787873935193,-34.404253154158347],[-59.382785887975871,-34.404523579953292],[-59.382459623372114,-34.404521933436627],[-59.382457636336682,-34.404792359202908],[-59.382131370709764,-34.404790711799649],[-59.382129382598187,-34.405061137537267],[-59.381803115948102,-34.405059489247378],[-59.381801126760365,-34.405329914956354],[-59.381474859087106,-34.405328265779808],[-59.381472868823167,-34.405598691460092],[-59.381146600126762,-34.405597041396874],[-59.381142617419883,-34.406137892687994],[-59.380816346650604,-34.406136241721491],[-59.380804391594431,-34.407758795205311],[-59.38113066866228,-34.40776044627151],[-59.381124693925187,-34.40857172290022],[-59.381450974169084,-34.408573373146133],[-59.381439030277569,-34.410195926177124],[-59.381765316847321,-34.410197575652475],[-59.381759347693283,-34.411008852054707],[-59.38208563743941,-34.411010500709622],[-59.382077682396115,-34.412092202476558],[-59.381098800637261,-34.412087253701905],[-59.381094816656329,-34.412628104413294],[-59.380768520689692,-34.412626453047963],[-59.380764534502433,-34.413167303677781],[-59.3810908325692,-34.413168955076365],[-59.381086848375894,-34.413709805691134],[-59.381413148569393,-34.413711456252628],[-59.38140916637014,-34.414252306852312],[-59.381735468690458,-34.414253956576687],[-59.381729498343034,-34.415065232435403],[-59.381403192872227,-34.415063582661226],[-59.381401201653198,-34.415334007906715],[-59.380095975834763,-34.415327400039793],[-59.380097971254557,-34.415056974860811],[-59.379771665916586,-34.415055320734787],[-59.379773662359966,-34.414784895560359],[-59.37944735809878,-34.414783240580604],[-59.379451353006026,-34.414242390228857],[-59.379125050871757,-34.414240734412083],[-59.379133044567283,-34.413159033630237],[-59.379459342501114,-34.413160689380376],[-59.37946333708895,-34.412619838883664],[-59.379789632949247,-34.412621493730171],[-59.379793625330528,-34.412080643151846],[-59.380119919117334,-34.41208229709477],[-59.380127899360666,-34.411000595726563],[-59.379801609773857,-34.410998941850224],[-59.379807597827039,-34.410187665747188],[-59.379481311416676,-34.410186011050584],[-59.379485305418967,-34.409645160288122],[-59.379159021135045,-34.409643504754619],[-59.379163017130665,-34.409102653977186],[-59.378836734973149,-34.409100997606828],[-59.378840732961969,-34.408560146814416],[-59.378514452930808,-34.408558489607245],[-59.378516452935102,-34.4082880642096],[-59.378190173980443,-34.408286406148946],[-59.378192175007896,-34.408015980755913],[-59.377865897129723,-34.408014321841812],[-59.377863895052457,-34.40828474721814],[-59.376558779607407,-34.408278102793439],[-59.376556773304102,-34.408548528090812],[-59.375577933851531,-34.408543535585466],[-59.37557592437193,-34.408813960820524],[-59.374923362771064,-34.408810628099289],[-59.374921351164943,-34.409081053288737],[-59.374595069354868,-34.409079385606084],[-59.374593056672083,-34.409349810766656],[-59.374266773838926,-34.409348142197047],[-59.374258718639929,-34.41042984265134],[-59.374585005672692,-34.410431511288117],[-59.374582992855814,-34.4107019363883],[-59.374909280965369,-34.41070360417163],[-59.37490525735101,-34.411244454369317],[-59.375231547587326,-34.411246121316005],[-59.37522752596572,-34.411786971498884],[-59.375553818328804,-34.411788637608865],[-59.375539749159458,-34.413681612985862],[-59.375213449445965,-34.413679946758499],[-59.375207416249765,-34.414491221688579],[-59.374881113412684,-34.41448955454058],[-59.374877089047558,-34.415030404399978],[-59.374550784136964,-34.415028736348056],[-59.374556823794904,-34.414217461591171],[-59.374230522061595,-34.414215792719268],[-59.374232536277368,-34.413945367792941],[-59.373906235621035,-34.413943698067484],[-59.373908250860097,-34.413673273145882],[-59.373581951280734,-34.413671602566914],[-59.373583967543034,-34.413401177650044],[-59.373910266072301,-34.413402848212193],[-59.3739183266525,-34.412321148356654],[-59.374244621008351,-34.41232281798127],[-59.374250663011502,-34.411511542912358],[-59.373924371805678,-34.41150987333814],[-59.373928401773526,-34.410969023265402],[-59.373602112694535,-34.410967352854556],[-59.373604128688143,-34.410696927816886],[-59.373277840685958,-34.410695256552621],[-59.373279857702649,-34.410424831519684],[-59.372953570777298,-34.410423159402029],[-59.372951552710674,-34.410693584418141],[-59.372298976840767,-34.410690237538496],[-59.37229695664734,-34.410960662508835],[-59.370991801030911,-34.410953958239382],[-59.370995849790461,-34.410413108421558],[-59.369690703005283,-34.410406390363626],[-59.369692731544291,-34.410135965504189],[-59.370671588442896,-34.410141005302258],[-59.370673613805131,-34.409870580380037],[-59.370999898442086,-34.409872258555417],[-59.371001922727444,-34.409601833604206],[-59.371328206341467,-34.409603510892516],[-59.371330229549969,-34.409333085912344],[-59.371656512141072,-34.409334762313598],[-59.371660556377414,-34.408793912283294],[-59.371986836895751,-34.408795587780624],[-59.371988857923668,-34.408525162730498],[-59.372315137419086,-34.408526837340816],[-59.372317157370219,-34.408256412261736],[-59.372643435842733,-34.408258085985068],[-59.372651511178923,-34.407176385480589],[-59.372325236905603,-34.407174711824652],[-59.372327256722173,-34.406904286685176],[-59.372000983525524,-34.406902612175976],[-59.372003004364906,-34.406632187041275],[-59.37135046015193,-34.406628835446305],[-59.371352483063831,-34.406358410333269],[-59.37069994105817,-34.406355055291712],[-59.370697916046787,-34.406625480370977],[-59.370371644034705,-34.406623801528163],[-59.370373670095809,-34.406353376465781],[-59.369721128252088,-34.406350016203731],[-59.369727212571632,-34.405538741045568],[-59.370379748117138,-34.405542101206166],[-59.370381774070232,-34.405271676095474],[-59.370708040833819,-34.40527335485379],[-59.370710065710277,-34.405002929714094],[-59.371036331451158,-34.405004607585497],[-59.371038355250981,-34.404734182416838],[-59.37169088471439,-34.404737535515736],[-59.37169290638797,-34.404467110301248],[-59.372019170110455,-34.404468785528799],[-59.372021190707471,-34.404198360285363],[-59.372673716133981,-34.404201708096686],[-59.37267573460484,-34.403931282807491],[-59.373001996308851,-34.403932955391276],[-59.372999978887584,-34.404203380697325],[-59.373652504475459,-34.404206723288553],[-59.373650489126554,-34.404477148616145],[-59.37397675301041,-34.404478818623545],[-59.373974738684282,-34.40474924395587],[-59.37462726863177,-34.404752581394185],[-59.374623244097627,-34.405293432089785],[-59.374949511210936,-34.405295099537447],[-59.374951522441748,-34.405024674178911],[-59.375277788532188,-34.405026340739759],[-59.375279798686549,-34.404755915352361],[-59.375606063754127,-34.404757581026395],[-59.375614099905214,-34.403675879288969],[-59.375940360801081,-34.403677544025953],[-59.37594236872232,-34.403407118544635],[-59.376268628595383,-34.403408782394877],[-59.376266621723715,-34.403679207892935],[-59.376592882673087,-34.403680870889914],[-59.376602911516201,-34.402328743195142],[-59.377255422999582,-34.402332066411844],[-59.377257426588997,-34.402061640803218],[-59.377583681321227,-34.402063301089925],[-59.377585683834425,-34.401792875452493],[-59.378890698832095,-34.401799507833076],[-59.378886702175095,-34.40234035922937],[-59.379212958090122,-34.402342015183017],[-59.379206966053509,-34.40315329223688],[-59.378880706989818,-34.40315163623324],[-59.378876710066486,-34.403692487508749],[-59.378550448930255,-34.403690830601782],[-59.378548449379039,-34.403961256204731],[-59.379200973777309,-34.403964569182044],[-59.379202971229326,-34.403694143545728],[-59.380181754877526,-34.403699106436633],[-59.38018374915417,-34.403428680738294],[-59.381162529892784,-34.403433635749302],[-59.381164520994126,-34.403163209989003],[-59.381490780243865,-34.403164859902752],[-59.381492770269091,-34.402894434113776],[-59.38214528674898,-34.402897731298111],[-59.382149262521743,-34.402356879617557],[-59.382801774909431,-34.402360173255673],[-59.382807732072841,-34.401548895544806],[-59.383133985157862,-34.401550541009229],[-59.383137954368877,-34.401009689108498],[-59.383464205381394,-34.401011333669899],[-59.383466188897785,-34.400740907684849],[-59.383792438887312,-34.40074255135977],[-59.383794421327821,-34.400472125346113],[-59.384120670294308,-34.400473768134582],[-59.38412265165897,-34.400203342092318],[-59.384448899602454,-34.400204983994371],[-59.384450879891311,-34.399934557923494],[-59.384777126811763,-34.399936198939137],[-59.384781085211522,-34.399395346728127],[-59.385107330059583,-34.399396986840877],[-59.385109308170499,-34.399126560700751],[-59.38543555199557,-34.399128199927119],[-59.385437529030789,-34.398857773758429],[-59.386090014661207,-34.39886104956863],[-59.386091989571398,-34.398590623354877],[-59.386744473208402,-34.398593895652738],[-59.386746445993616,-34.398323469393979],[-59.387398927637129,-34.398326738179577]],[[-59.393222464374212,-34.405116661713805],[-59.392896196831131,-34.405115043005665],[-59.392894243332471,-34.405385469273796],[-59.393220511925257,-34.405387087998214],[-59.393222464374212,-34.405116661713805]],[[-59.398038992353399,-34.415957889622682],[-59.397712682422963,-34.415956283318877],[-59.397710743636367,-34.416226709347555],[-59.398037054617063,-34.416228315667539],[-59.398038992353399,-34.415957889622682]],[[-59.398363365623574,-34.416229921117107],[-59.398037054617063,-34.416228315667539],[-59.398035116854899,-34.416498741700309],[-59.398361428911691,-34.416500347166021],[-59.398363365623574,-34.416229921117107]],[[-59.397308758877003,-34.426771707227019],[-59.396003351433791,-34.426765267234401],[-59.396001406359382,-34.427035692699114],[-59.395348700691628,-34.427032467445798],[-59.39534675348964,-34.427302892865995],[-59.394367692030215,-34.42729804840652],[-59.394365741649786,-34.427568473765909],[-59.394039386831111,-34.42756685718826],[-59.394037435373846,-34.427837282519292],[-59.39371107953032,-34.427835665054594],[-59.393709126996178,-34.428106090357275],[-59.393382770127815,-34.428104472005487],[-59.393376909216592,-34.42891574779221],[-59.393050549221599,-34.428914128520766],[-59.393044684923261,-34.42972540414992],[-59.393371048071046,-34.429727023470257],[-59.3933690943038,-34.429997448672111],[-59.394674551359032,-34.430003917309989],[-59.394676500922436,-34.429733492043049],[-59.395655590833819,-34.42973833432869],[-59.395653644423298,-34.430008759644359],[-59.395980008829945,-34.430010372014074],[-59.395985844830875,-34.429199095982177],[-59.396312206110608,-34.429200707432386],[-59.396316094546449,-34.428659856651656],[-59.396642453750268,-34.428661467198637],[-59.396646339980691,-34.428120616337203],[-59.396972697108623,-34.428122225980957],[-59.396978523107514,-34.4273109495496],[-59.397304877108787,-34.427312558274004],[-59.397308758877003,-34.426771707227019]],[[-59.420393935187903,-34.439323312389305],[-59.420067533133867,-34.439321764805676],[-59.420063796191407,-34.439862616964902],[-59.420390200348443,-34.439864164579667],[-59.420393935187903,-34.439323312389305]],[[-59.395253257271612,-34.440283298833087],[-59.393947640220894,-34.44027683469124],[-59.393945687540949,-34.440547259454625],[-59.392966471871574,-34.44054240215182],[-59.392964516011055,-34.440812826854263],[-59.392638109788514,-34.440811205994613],[-59.392636152850393,-34.441081630668656],[-59.39198333838052,-34.441078386303097],[-59.391981379313236,-34.441348810932418],[-59.391654971065897,-34.44134718742648],[-59.391653010920933,-34.4416176120274],[-59.39132660164816,-34.441615987633881],[-59.391324640425502,-34.441886412206387],[-59.390998230127302,-34.441884786925279],[-59.390992343147715,-34.442696060521264],[-59.391318756600732,-34.442697685851414],[-59.391316795273518,-34.442968110375595],[-59.391969624361224,-34.442971358454763],[-59.391967665111167,-34.443241782999543],[-59.39327332780632,-34.443248268767761],[-59.393271372736798,-34.443518693365704],[-59.393597789527426,-34.443520312645816],[-59.393595835483509,-34.443790737247987],[-59.394901507112955,-34.443797205720507],[-59.394903456950146,-34.443526781053279],[-59.395556290817481,-34.4435300100292],[-59.395560186207312,-34.442989160593541],[-59.395886601076604,-34.442990773742103],[-59.395880761107904,-34.443802047926155],[-59.396207179158132,-34.443803660252073],[-59.396209124788633,-34.443533235519915],[-59.396535541813108,-34.443534846958329],[-59.396537486366014,-34.443264422197871],[-59.396863902364728,-34.443266032748774],[-59.396861958863497,-34.443536457525425],[-59.397188375939777,-34.443538067221226],[-59.397194203210873,-34.442726792806468],[-59.396541375394094,-34.442723572640766],[-59.396543319869252,-34.442453147844077],[-59.396869732713078,-34.442454758346358],[-59.396877506148279,-34.441373058974058],[-59.396551097510816,-34.441371448536557],[-59.396553041856421,-34.441101023679487],[-59.396226634296397,-34.441099412386976],[-59.396228579667635,-34.44082898753404],[-59.395902173185092,-34.440827375386533],[-59.395904119581928,-34.440556950537726],[-59.395251308797697,-34.440553723661509],[-59.395253257271612,-34.440283298833087]],[[-59.389358308638215,-34.442958345227339],[-59.389031894290689,-34.442956714653157],[-59.389029925575834,-34.44322713905062],[-59.389356340975006,-34.443228769641209],[-59.389358308638215,-34.442958345227339]]]}},
{"type":"Feature","properties":{"Name":"150 mm en 24 h · h>5 cm"},"geometry":{"type":"Polygon","coordinates":[[[-59.415079711031446,-34.35870789071825],[-59.415077832174326,-34.358978320133389],[-59.415403922135432,-34.358979877863071],[-59.415402044300592,-34.359250307281833],[-59.415728135334049,-34.359251864158608],[-59.415726258521516,-34.359522293580994],[-59.416052350627318,-34.359523849604855],[-59.416050474837121,-34.359794279030858],[-59.416376568015252,-34.359795834201805],[-59.416374693247406,-34.36006626363141],[-59.416700787497895,-34.3600678179494],[-59.416698913752448,-34.360338247382593],[-59.417351104423084,-34.360341353444021],[-59.417349232747455,-34.360611782896463],[-59.418979715097279,-34.360619532927259],[-59.418977848633723,-34.360889962445697],[-59.420934434558724,-34.360899233911262],[-59.420932574354794,-34.361169663511006],[-59.421910870794463,-34.361174287563735],[-59.421909013708039,-34.36144471719799],[-59.422235113618228,-34.361446256827108],[-59.422233257554517,-34.36171668646481],[-59.42288545954397,-34.361719763148066],[-59.422883605550453,-34.361990192804704],[-59.423209707629717,-34.361991729858808],[-59.423207854658962,-34.362262159518863],[-59.423860060986513,-34.362265231051978],[-59.42385821008606,-34.362535660730906],[-59.424184314334347,-34.36253719520991],[-59.424182464456734,-34.362807624892241],[-59.42483467512227,-34.362810691275016],[-59.424832827315051,-34.363081120976162],[-59.425485040174124,-34.363084183914978],[-59.425483194437341,-34.363354613634918],[-59.426135409489902,-34.363357673129698],[-59.426133565823633,-34.363628102868397],[-59.42776410912257,-34.36363573647958],[-59.427762270669554,-34.363906166283122],[-59.428088380450475,-34.363907690414514],[-59.428084705566121,-34.364448550016078],[-59.427758593690015,-34.364447025853977],[-59.427756755163486,-34.364717455621332],[-59.427430642264291,-34.364715930575144],[-59.427428802665631,-34.364986360315079],[-59.427102688743339,-34.364984834384735],[-59.427097166657312,-34.36579612348612],[-59.42677104961659,-34.365794596640875],[-59.42676920782452,-34.366065026301833],[-59.424812499810059,-34.366055846893119],[-59.42481065170729,-34.366326276449591],[-59.424484532743314,-34.366324743491866],[-59.424482683568201,-34.366595173020833],[-59.424156563581185,-34.366593639178845],[-59.424162114175651,-34.365782350602089],[-59.423509880561703,-34.365779280404404],[-59.423513585025354,-34.365238421354789],[-59.423187470350719,-34.365236884983688],[-59.423189323593142,-34.364966455456269],[-59.422863209990837,-34.36496491823187],[-59.422865064256186,-34.364694488707862],[-59.42253895172621,-34.364692950630193],[-59.422542662277962,-34.36415209157699],[-59.422216551867905,-34.364150552661549],[-59.422218408154272,-34.363880123132368],[-59.421892298816545,-34.3638785833637],[-59.42189415612571,-34.363608153837951],[-59.421568047860298,-34.363606613216064],[-59.421569906192282,-34.363336183693782],[-59.420917691830866,-34.363333099874858],[-59.42091955223313,-34.363062670371583],[-59.42059344613714,-34.363061127174582],[-59.420595307562138,-34.362790697674775],[-59.419943097539644,-34.362787608705773],[-59.419944961034822,-34.362517179225023],[-59.418966649329896,-34.362512539302998],[-59.418968515942723,-34.362242109856929],[-59.417338002169686,-34.362234359357792],[-59.417336130319434,-34.362504788725815],[-59.41766223407167,-34.362506340578619],[-59.417656621513707,-34.363317628657221],[-59.417982728433451,-34.363319179688204],[-59.417978988698579,-34.363860038378206],[-59.41830509773834,-34.363861588571702],[-59.418299491091851,-34.364672876563084],[-59.41862560329929,-34.364674425934673],[-59.418623735414918,-34.364944855256617],[-59.418949848694872,-34.364946403775029],[-59.418946114946721,-34.365487262413936],[-59.419272230346827,-34.365488810094767],[-59.419268498594491,-34.366029668716614],[-59.419594616114779,-34.366031215559801],[-59.419590886358364,-34.366572074164573],[-59.419917005998876,-34.366573620170094],[-59.419913278238468,-34.367114478757763],[-59.420239399999289,-34.36711602392559],[-59.420237537129573,-34.367386453216895],[-59.420563659962937,-34.367387997531409],[-59.420559936244544,-34.367928856108968],[-59.42088606119826,-34.367930399585724],[-59.420878617654893,-34.369012116658304],[-59.421204746824642,-34.369013659328346],[-59.421199167050254,-34.36982494705277],[-59.42152529938835,-34.369826488900472],[-59.421521581510596,-34.370367347354183],[-59.42184771596925,-34.370368888363998],[-59.421840284108164,-34.371450605188798],[-59.422166422783306,-34.371452145391693],[-59.42216270880013,-34.371993003762761],[-59.422488849595958,-34.371994543127691],[-59.422477713340619,-34.373617118044464],[-59.42280386044937,-34.37361865663334],[-59.422802005368311,-34.373889085759444],[-59.423454301756145,-34.373892160361031],[-59.423452448746538,-34.374162589506014],[-59.423778598025606,-34.374164125518668],[-59.423774894028561,-34.37470498380339],[-59.424101045428536,-34.374706518977924],[-59.424099194441119,-34.374976948117634],[-59.4244253469139,-34.3749784824385],[-59.42441979694815,-34.375789769831698],[-59.424745952590072,-34.375791303329798],[-59.424744103600375,-34.376061732452186],[-59.425070260315131,-34.376063265096604],[-59.425068412348999,-34.376333694222382],[-59.425394570136604,-34.376335226013069],[-59.425392723194044,-34.376605655142207],[-59.426045040939528,-34.376608716147011],[-59.426043196068825,-34.376879145294907],[-59.427673996103763,-34.376886782673694],[-59.427675835733268,-34.376616353448902],[-59.42800199476563,-34.376617878301836],[-59.428000156184353,-34.376888307541975],[-59.428652476419032,-34.376891354671059],[-59.428646966817816,-34.377702642411194],[-59.428320803543414,-34.377701119235219],[-59.428317128256943,-34.378241977637686],[-59.427990962910442,-34.378240453561851],[-59.427987285429346,-34.378781311885369],[-59.428313452872516,-34.378782835991927],[-59.428307939612154,-34.379594123432838],[-59.427981769023901,-34.379592599280251],[-59.427979930173066,-34.379863028387753],[-59.428306101809717,-34.379864552555688],[-59.428300588255432,-34.380675839851889],[-59.428626763061828,-34.380677363196568],[-59.428623089333414,-34.381218221364428],[-59.428296912430106,-34.381216697989068],[-59.428295074480694,-34.38148712703957],[-59.428947430408769,-34.381490172951651],[-59.428945594531847,-34.381760602020762],[-59.429271773581057,-34.381762123688162],[-59.429269938728183,-34.382032552760528],[-59.42959611885037,-34.382034073573926],[-59.429588783388446,-34.383115789804101],[-59.429914967729239,-34.383117309809371],[-59.429907636070652,-34.384199025907833],[-59.43023382463025,-34.38420054510491],[-59.430231992703163,-34.384470974114677],[-59.429905803094925,-34.38446945490228],[-59.429898470947769,-34.385551170759562],[-59.430224664750661,-34.385552690033123],[-59.430219168529916,-34.38636397684536],[-59.430545365503377,-34.386365495295351],[-59.430539872209145,-34.387176782044911],[-59.430866072353275,-34.38717829967127],[-59.430858751814533,-34.388260015229662],[-59.430532547475174,-34.388258497542168],[-59.430528884961753,-34.388799355218453],[-59.429876472160863,-34.388796317173728],[-59.42987463876981,-34.389066745963191],[-59.429548431357134,-34.389065225621202],[-59.429546596892742,-34.389335654383288],[-59.428894180043002,-34.389332611060013],[-59.428892343456383,-34.389603039779416],[-59.42856613401932,-34.389601516798102],[-59.428569809265852,-34.389060659377911],[-59.428896016605144,-34.389062182328566],[-59.428901526144692,-34.388250896061827],[-59.429227730361909,-34.388252418096954],[-59.429240577756083,-34.386359416278552],[-59.428914380880379,-34.386357894350688],[-59.428919889685716,-34.385546607722176],[-59.428593695980616,-34.385545084970836],[-59.42859737049249,-34.385004227188858],[-59.428271178909242,-34.385002703598758],[-59.428273017177119,-34.384732274705009],[-59.427946826667025,-34.384730750260836],[-59.42794866595905,-34.384460321370391],[-59.426643908358521,-34.384454214961025],[-59.42664575182053,-34.384183786120005],[-59.425993375264881,-34.384180727729685],[-59.425991529705598,-34.384451156539924],[-59.425665340416039,-34.384449626025265],[-59.42566718702394,-34.384179197230438],[-59.424362434306438,-34.384173066539496],[-59.424360583504033,-34.384443495272592],[-59.421751070864907,-34.38443119203594],[-59.421752930056314,-34.384160763426713],[-59.420774366370985,-34.384156135414429],[-59.420776228683415,-34.383885706839742],[-59.420450041886546,-34.383884162445739],[-59.420451905222777,-34.38361373387454],[-59.419799533800699,-34.383610642509517],[-59.419801399209263,-34.383340213957361],[-59.418822845408386,-34.383335570436323],[-59.418824713937788,-34.383065141918856],[-59.418172346958826,-34.383062041922557],[-59.418177958688794,-34.382250756391436],[-59.417525598100781,-34.382247653011454],[-59.4175274707246,-34.381977224508198],[-59.417201291516506,-34.381975671529851],[-59.417203165163876,-34.381705243030169],[-59.416550808919638,-34.381702134496827],[-59.416552684638958,-34.381431706016379],[-59.41557415360559,-34.381427036743517],[-59.415576032445315,-34.381156608298028],[-59.415249856532697,-34.381155050150817],[-59.415247976644508,-34.381425478580631],[-59.414595622797549,-34.38142235964694],[-59.41459750478267,-34.38115193124856],[-59.414271328945269,-34.381150370493494],[-59.414260030367331,-34.382772940608625],[-59.413933848264037,-34.382771378889913],[-59.4139300797735,-34.383312235467017],[-59.413277711448075,-34.383309109358635],[-59.413279597803005,-34.3830386811076],[-59.412953414726559,-34.383037116765109],[-59.412966625846771,-34.381144118780284],[-59.412640450135001,-34.381142553678764],[-59.41264611481165,-34.380331268694448],[-59.412319942270344,-34.380329702770936],[-59.412323720692441,-34.379788846085951],[-59.411997550273099,-34.379787279324717],[-59.411999440494746,-34.379516850979911],[-59.41167327114897,-34.379515283365222],[-59.411677053613396,-34.378974426670965],[-59.411350886389549,-34.378972858218638],[-59.411352778632299,-34.378702429869207],[-59.41102661248199,-34.378700860563448],[-59.411032292203835,-34.37788957549018],[-59.410706129223684,-34.377888005362642],[-59.410709917675277,-34.377347148618441],[-59.410383756816913,-34.377345577653365],[-59.410387547264037,-34.376804720892537],[-59.410061388527396,-34.376803149089938],[-59.410065180969895,-34.376262292312525],[-59.409739024354963,-34.376260719672445],[-59.409742818792751,-34.375719862878455],[-59.409416664299478,-34.375718289400929],[-59.409418562528622,-34.375447861001675],[-59.409092409108801,-34.375446286670886],[-59.409094308360793,-34.375175858275433],[-59.408768156014432,-34.375174283091404],[-59.408770056289256,-34.374903854699745],[-59.408443905016348,-34.374902278662503],[-59.408445806313956,-34.374631850274653],[-59.408119656114536,-34.374630273384192],[-59.408123460729925,-34.37408941660405],[-59.407797312652036,-34.374087838876285],[-59.40780111926216,-34.373546982079652],[-59.407474973305803,-34.373545403514633],[-59.407478781910534,-34.37300454670153],[-59.407152638075637,-34.373002967299286],[-59.40715644867489,-34.372462110469733],[-59.406830306961417,-34.372460530230292],[-59.406834119555072,-34.371919673384319],[-59.406507979962967,-34.371918092307709],[-59.40651370180678,-34.371106806996025],[-59.406187565383952,-34.371105225098212],[-59.406197106521375,-34.369753082750478],[-59.405870975363463,-34.369751500063394],[-59.405876702884264,-34.368940214557803],[-59.405550574895329,-34.368938631049637],[-59.405554395210885,-34.368397774017481],[-59.405228269342999,-34.368396189672325],[-59.405230180510394,-34.368125761154126],[-59.404904055715768,-34.368124175956076],[-59.404907880069651,-34.367583318915372],[-59.405234002768765,-34.367584904081511],[-59.405241646979839,-34.366503189791501],[-59.404915528471605,-34.366501604689233],[-59.404923176465836,-34.365419890270054],[-59.404597062173742,-34.365418304362876],[-59.404602801044682,-34.364607018469734],[-59.404276689920941,-34.364605431741694],[-59.404280517802583,-34.36406457445127],[-59.403954408799514,-34.364062986886445],[-59.403956323749632,-34.363792558239119],[-59.403630215819625,-34.363790969821572],[-59.403632131791774,-34.363520541178183],[-59.403306024934835,-34.36351895190792],[-59.403307941928972,-34.363248523268467],[-59.402981836145131,-34.36324693314549],[-59.402983754161227,-34.362976504509994],[-59.402331544765282,-34.362973321689999],[-59.402333464850813,-34.362702893074498],[-59.401681257652228,-34.362699706811803],[-59.401683179807144,-34.362429278216304],[-59.400378769907434,-34.362422895330951],[-59.40038069622662,-34.362152466787691],[-59.399402392213773,-34.362147670550861],[-59.399346427385588,-34.369990092006375],[-59.399672559079782,-34.369991692087901],[-59.39967062992018,-34.370262120249087],[-59.400649028300656,-34.370266915328351],[-59.400647102259001,-34.370537343525783],[-59.401299370070113,-34.370540535932776],[-59.401297446098589,-34.37081096415028],[-59.402275851151288,-34.370815746291896],[-59.402273930297881,-34.371086174545482],[-59.402600066414585,-34.371087766870808],[-59.402598146583507,-34.371358195128373],[-59.402924283773736,-34.371359786600777],[-59.402922364965022,-34.3716302148623],[-59.40324850322876,-34.371631805481741],[-59.40324466763056,-34.372172662000629],[-59.403570808015793,-34.372174251783115],[-59.403563140704698,-34.373255964740117],[-59.403236996127404,-34.373254374893584],[-59.403240831930098,-34.372713518471237],[-59.402914689474429,-34.372711927787705],[-59.402916608385439,-34.372441499574443],[-59.402590467003343,-34.37243990803794],[-59.402592386936767,-34.372169479828642],[-59.402266246628237,-34.372167887439169],[-59.40227008851425,-34.371627031016459],[-59.401943950327286,-34.371625437790073],[-59.401945872279832,-34.371355009576654],[-59.401293598078631,-34.371351820549066],[-59.401291674030169,-34.371622248730375],[-59.399660983736425,-34.371614260874054],[-59.399653266326581,-34.37269597315683],[-59.399327124152997,-34.372694372914196],[-59.399323263197743,-34.373235228950968],[-59.399649407467379,-34.373236829225831],[-59.399639759869338,-34.374588969187187],[-59.399965909405054,-34.374590568673547],[-59.399963980856398,-34.374860996645722],[-59.401268583448527,-34.374867385964841],[-59.401266659066692,-34.375137813989276],[-59.399962052282056,-34.375131424605826],[-59.3999562664048,-34.375942708413767],[-59.400282421206903,-34.375944307111553],[-59.400276638242907,-34.376755590859197],[-59.400602796215281,-34.376757188736136],[-59.400598942873955,-34.377298044539742],[-59.400925102968472,-34.37729964157969],[-59.400921251620957,-34.377840497367181],[-59.401247413837659,-34.377842093570131],[-59.401228166043531,-34.380546371944362],[-59.401554338769344,-34.380547967438766],[-59.401550490999547,-34.381088823000944],[-59.401876665847844,-34.381090417658193],[-59.401872820072391,-34.381631273204206],[-59.402198997043229,-34.38163286702428],[-59.402195153262241,-34.382173722554128],[-59.402521332355661,-34.382175315536969],[-59.402517490569238,-34.382716171050625],[-59.402843671785298,-34.382717763196212],[-59.402839831993553,-34.383258618693681],[-59.403166015332275,-34.383260210001964],[-59.403162177535322,-34.383801065483198],[-59.403488362996768,-34.383802655954156],[-59.403484527194706,-34.384343511419146],[-59.403810714778899,-34.384345101052752],[-59.403808797888146,-34.384615528783144],[-59.404134986546502,-34.384617117563359],[-59.40413307067886,-34.384887545297687],[-59.404459260411379,-34.384889133224483],[-59.404457345566833,-34.385159560962741],[-59.404783536373536,-34.385161148036097],[-59.404781622552122,-34.38543157577827],[-59.405107814432995,-34.385433161998186],[-59.405105901634748,-34.385703589744253],[-59.404779708705199,-34.385702003508364],[-59.404775880934864,-34.386242858932356],[-59.404449685933415,-34.386241271795058],[-59.404447770961262,-34.38651169947299],[-59.404773967011408,-34.386513286626254],[-59.404772053062473,-34.386783714308081],[-59.40509825018686,-34.386785300607855],[-59.405103988811014,-34.385974017478262],[-59.405430182814762,-34.385975602860675],[-59.405432094589784,-34.385705175110708],[-59.405758287570315,-34.385706759607736],[-59.405756376843954,-34.385977187373662],[-59.406408764978757,-34.385980353791282],[-59.406406856324359,-34.386250781577019],[-59.406733051478625,-34.38625236349759],[-59.406731143847502,-34.386522791287177],[-59.407057340075909,-34.386524372354216],[-59.407055433468109,-34.386794800147648],[-59.407381630770665,-34.38679638036114],[-59.407383536329739,-34.386525952551793],[-59.407709732608957,-34.386527531879921],[-59.407711637093918,-34.386257104042606],[-59.408037832349791,-34.386258682485384],[-59.408039735760667,-34.385988254620102],[-59.408365929993202,-34.38598983217755],[-59.408369734641475,-34.385448976379045],[-59.40869592680199,-34.385450553035284],[-59.408699729251524,-34.384909697156765],[-59.40902591934006,-34.38491127291185],[-59.409027819478183,-34.384640844938637],[-59.409354008543403,-34.384642419808443],[-59.409359705659988,-34.383831135768844],[-59.410012077574684,-34.383834282805218],[-59.410004489757547,-34.384915994960636],[-59.409678299593089,-34.384914421813789],[-59.409670707176751,-34.385996133712815],[-59.409018318534336,-34.385992984684073],[-59.40901641826958,-34.386263412596961],[-59.408690222937636,-34.386261836762557],[-59.408686420234723,-34.386802692520412],[-59.408360222830666,-34.386801115784806],[-59.408358320392438,-34.387071543629766],[-59.407705923562894,-34.387068387518354],[-59.407704019001777,-34.387338815319474],[-59.408030218452637,-34.387340393825816],[-59.408026411351848,-34.387881249423636],[-59.40835261292564,-34.387882827092255],[-59.408348807820992,-34.388423682673569],[-59.408675011517765,-34.388425259504416],[-59.408671208409373,-34.388966115069252],[-59.408997414229169,-34.388967691062305],[-59.408993613117133,-34.389508546610578],[-59.409319821060002,-34.389510121765809],[-59.409317921514884,-34.389780549537711],[-59.409644130531959,-34.389782123839247],[-59.409640333463599,-34.390322979378553],[-59.409966544603797,-34.390324552842195],[-59.409964647080599,-34.390594980609585],[-59.41029085929501,-34.390596553219474],[-59.410287066270669,-34.391137408749714],[-59.410613280608267,-34.391138980521653],[-59.410609489580771,-34.391679836035294],[-59.410935706041592,-34.391681406969248],[-59.410931917011077,-34.392222262466262],[-59.411258135595169,-34.392223832562195],[-59.411256242091071,-34.392494260308411],[-59.411582461749433,-34.392495829550498],[-59.411580569269141,-34.39276625730043],[-59.411906790001794,-34.392767825688637],[-59.411904898545338,-34.39303825344232],[-59.412231120352224,-34.393039820976647],[-59.412227339461872,-34.393580676479338],[-59.412553563392144,-34.393582243175544],[-59.412551673958269,-34.393852670924566],[-59.413204123992543,-34.393855801739413],[-59.413207898638696,-34.393314946166264],[-59.41353412159539,-34.393316510237639],[-59.413536007831667,-34.393046082417214],[-59.413862229764398,-34.39304764560319],[-59.413867885175257,-34.392236362022366],[-59.414194103985984,-34.39223792429145],[-59.41419787203624,-34.391697068479111],[-59.414524088774037,-34.391698629847127],[-59.41453538602849,-34.390076062026274],[-59.414209175584439,-34.390074500752569],[-59.414216710781112,-34.388992788693578],[-59.414542917029586,-34.388994349904422],[-59.414541034316947,-34.389264777952981],[-59.414867241639399,-34.38926633830998],[-59.414865359950532,-34.389536766362184],[-59.415191568346955,-34.389538325865324],[-59.415184045536442,-34.390620038016301],[-59.415510258153589,-34.390621596712663],[-59.415504618929432,-34.391432880746279],[-59.41583083471852,-34.391434438620095],[-59.415821440755614,-34.392786578513302],[-59.415495219721414,-34.392785020561071],[-59.415493339804655,-34.393055448487829],[-59.415167117746442,-34.393053889650268],[-59.415161474698557,-34.393865173311106],[-59.414835249518134,-34.393863613556725],[-59.414833367402913,-34.394134041403845],[-59.415159593632453,-34.394135601173907],[-59.415155831425054,-34.39467645686333],[-59.414829603097232,-34.394674897061883],[-59.414825838691193,-34.395215752671668],[-59.414499608290114,-34.395214191969032],[-59.414497725000281,-34.39548461974011],[-59.414823956450554,-34.395486180458434],[-59.414822074184812,-34.39575660823315],[-59.415148306709384,-34.395758168097423],[-59.415146425467782,-34.396028595875798],[-59.41547265906663,-34.396030154885992],[-59.415470778849212,-34.396300582667969],[-59.415797013522337,-34.396302140824083],[-59.415793255110799,-34.396842996383256],[-59.415467018339164,-34.396841438195764],[-59.415468898606719,-34.396571010437903],[-59.414490191589948,-34.396566330703784],[-59.414488308174633,-34.396836758414516],[-59.414162071503313,-34.396835196747837],[-59.414158302498777,-34.397376052101713],[-59.414484541268671,-34.397377613799847],[-59.414480774262294,-34.397918469136876],[-59.415785737987186,-34.397924707356779],[-59.415787617305668,-34.397654279631496],[-59.416440097219812,-34.397657393491087],[-59.416443851584432,-34.397116537941642],[-59.416770089480437,-34.397118093535397],[-59.416766337214419,-34.397658949116163],[-59.417092577234015,-34.397660503871393],[-59.417090702112816,-34.397930931659324],[-59.417416943206739,-34.397932485560396],[-59.417415069109879,-34.398202913351895],[-59.417741311278107,-34.398204466398738],[-59.417739438205615,-34.398474894193825],[-59.418065681448155,-34.398476446386454],[-59.418063809400053,-34.398746874185107],[-59.418390053716912,-34.398748425523493],[-59.418388182693242,-34.399018853325693],[-59.419040673500483,-34.399021953424096],[-59.419038804550652,-34.399292381245431],[-59.419365051041034,-34.399293930005399],[-59.419363183115699,-34.399564357830265],[-59.420015678269927,-34.399567452771734],[-59.420013812418539,-34.399837880615685],[-59.420340061082378,-34.399839426797158],[-59.420338196255564,-34.400109854644612],[-59.420990695756643,-34.400112944428933],[-59.420988833003868,-34.400383372295437],[-59.421315083841115,-34.400384915898265],[-59.421313222112964,-34.400655343768236],[-59.421639474024474,-34.400656886516686],[-59.421637613320996,-34.400927314390131],[-59.42294262541278,-34.400933476746694],[-59.42294448191835,-34.400663048811225],[-59.423270733953714,-34.400664587210052],[-59.423272589385078,-34.400394159247028],[-59.423925091431038,-34.400397233403943],[-59.423926944738781,-34.400126805397939],[-59.424253194749376,-34.400128341156062],[-59.424255046982964,-34.39985791312251],[-59.424907544979312,-34.399860981998124],[-59.424909395089372,-34.399590553921641],[-59.425235643075112,-34.399592087039153],[-59.425237492111123,-34.399321658935186],[-59.425563739072096,-34.399323191167383],[-59.425567434971391,-34.398782334892388],[-59.42589367985822,-34.398783866223859],[-59.425895526721554,-34.398513438052852],[-59.426221770583631,-34.398514968499079],[-59.426225462137779,-34.397974112090054],[-59.426551703925739,-34.397975641635632],[-59.426555393282861,-34.39743478514756],[-59.426881632996782,-34.397436313792497],[-59.426883476589147,-34.397165885515008],[-59.427209715278337,-34.397167413274744],[-59.427211557796873,-34.396896984969807],[-59.427864033150321,-34.396900037849093],[-59.427865873545741,-34.396629609501367],[-59.428518346898748,-34.39663265887075],[-59.428520185171124,-34.396362230480236],[-59.428846420835143,-34.396363753844902],[-59.428848258033774,-34.39609332542701],[-59.42917449267302,-34.396094847906554],[-59.429176328797936,-34.395824419461263],[-59.430155029714733,-34.395828981635269],[-59.430156862667516,-34.395558553132012],[-59.430483095306116,-34.39556007210183],[-59.430484927185276,-34.395289643571211],[-59.430811158799074,-34.395291161655997],[-59.430812989604625,-34.395020733098029],[-59.431791681444786,-34.395025282088021],[-59.431793509078418,-34.394754853472215],[-59.432445968328643,-34.394757881752987],[-59.432447793839593,-34.394487453094634],[-59.43277402245203,-34.39448896591518],[-59.432775846889484,-34.394218537229527],[-59.433428302089006,-34.394221560230989],[-59.433430124403877,-34.393951131502853],[-59.433756350990933,-34.393952641683782],[-59.433758172232409,-34.393682212928397],[-59.434410623381069,-34.393685230650767],[-59.434412442500033,-34.39341480185292],[-59.434738667061652,-34.393416309394375],[-59.434740485107255,-34.393145880569293],[-59.435392932204934,-34.393148893012786],[-59.435394748128161,-34.392878464145312],[-59.435720970664221,-34.392879969047357],[-59.435724600339952,-34.392339111245988],[-59.436050820802066,-34.392340615248074],[-59.436058075667191,-34.391258899440032],[-59.436384291957395,-34.391260402511932],[-59.436391542239917,-34.390178686450469],[-59.436717754358398,-34.390180188592232],[-59.436723188669895,-34.389368901374148],[-59.437049397665788,-34.389370402600996],[-59.437053018321627,-34.388829544365102],[-59.437379225243902,-34.388831044692154],[-59.437381034486769,-34.388560615541024],[-59.438033446305866,-34.3885636135563],[-59.4380298319915,-34.389104471906883],[-59.438356040034904,-34.389105969640369],[-59.438354233890493,-34.389376398812658],[-59.438680443006881,-34.389377895691652],[-59.438678637887293,-34.389648324866947],[-59.438352427721988,-34.389646827972889],[-59.438347009072068,-34.390458115381236],[-59.438020795784041,-34.390456617572362],[-59.438017181132466,-34.390997475754148],[-59.437690965770585,-34.390995977045485],[-59.437685540465559,-34.391807264182482],[-59.437359321980779,-34.39180576455891],[-59.43735570289217,-34.392346622559756],[-59.437029482333436,-34.392345122036339],[-59.43702586105023,-34.392885979958749],[-59.437678306388072,-34.392888980196346],[-59.437676497808447,-34.39315940916967],[-59.438002721562611,-34.393160907999018],[-59.438004529093156,-34.392890479010603],[-59.438656974575572,-34.392893474030103],[-59.438655169143203,-34.393163903048666],[-59.438981392969602,-34.393165399268945],[-59.43898319735289,-34.392894970235332],[-59.439309420154245,-34.392896465570871],[-59.439313026750526,-34.392355607437352],[-59.439639247477793,-34.392357101873117],[-59.439642851879853,-34.391816243661275],[-59.439969070533046,-34.391817737197307],[-59.439970871649038,-34.391547308058264],[-59.440297089277237,-34.391548800709622],[-59.440300689339203,-34.391007942365313],[-59.440953120471541,-34.391010924999051],[-59.440954918368583,-34.390740495778786],[-59.441281132921738,-34.390741985776224],[-59.441282929745846,-34.390471556528915],[-59.442261570401989,-34.390476021258543],[-59.442263364055322,-34.390205591954249],[-59.444546852412998,-34.390215979115915],[-59.444545066102336,-34.390486408524822],[-59.445849921312309,-34.390492324974161],[-59.445851703427174,-34.390221895505711],[-59.446177916240124,-34.390223372429155],[-59.446179697282275,-34.389952942933768],[-59.446505909070019,-34.389954418972756],[-59.446509468985283,-34.389413559916107],[-59.446835678698918,-34.389415035055798],[-59.446839236421503,-34.388874175921238],[-59.447165444061085,-34.388875650161673],[-59.447172555026391,-34.387793931688535],[-59.447498758494227,-34.38779540500007],[-59.447502311737118,-34.38725454566152],[-59.448154714548572,-34.387257489616758],[-59.448151165500946,-34.387798349014602],[-59.448477369039772,-34.387799819717557],[-59.448461406594618,-34.39023368654442],[-59.448135193615805,-34.390232215708195],[-59.448131644047827,-34.390773074840837],[-59.448457859124574,-34.390774545706684],[-59.448450763900787,-34.391856263886559],[-59.448776983197199,-34.391857733941983],[-59.448775210381179,-34.392128163471625],[-59.449101430750268,-34.392129632672187],[-59.449099658959675,-34.392400062204544],[-59.449425880401421,-34.392401530550231],[-59.449424109636304,-34.392671960085316],[-59.4500765546887,-34.392674894197206],[-59.45007478599814,-34.392945323749778],[-59.450401009608797,-34.392946789515968],[-59.450399241943771,-34.393217219071239],[-59.452030365595618,-34.393224534930376],[-59.452033890411208,-34.392683675660464],[-59.452686335840092,-34.39268659585742],[-59.4526880961145,-34.392416166174975],[-59.452361874437393,-34.39241470652604],[-59.452363635737406,-34.392144276846246],[-59.452689856365453,-34.392145736480494],[-59.452693376796987,-34.391604877055357],[-59.453019595350433,-34.391606335790556],[-59.453017836195421,-34.39187676552384],[-59.45334405582134,-34.391878223404092],[-59.453342297691918,-34.392148653139998],[-59.453016077016976,-34.39214719524508],[-59.453014317815068,-34.392417624954241],[-59.45334053953907,-34.392419082863832],[-59.453335264939987,-34.393230371963071],[-59.453987714752813,-34.393233285261203],[-59.45398595860447,-34.39350371496618],[-59.454312184595125,-34.393505170325334],[-59.454310429472521,-34.393775600032889],[-59.453984202432743,-34.393774144659091],[-59.453977177511739,-34.394855863310212],[-59.453650946298687,-34.394854407008026],[-59.45364743159935,-34.395395266231951],[-59.45397366491077,-34.395396722563433],[-59.453971908575198,-34.395667152171981],[-59.454624377366734,-34.395670062254958],[-59.454622623106218,-34.395940491880729],[-59.455275094089771,-34.395943398513836],[-59.455273341904402,-34.396213828156839],[-59.455599578480459,-34.396215280183327],[-59.455597827320993,-34.396485709828859],[-59.455924064969665,-34.396487161000152],[-59.455918814499185,-34.397298449908327],[-59.456245055319059,-34.397299900253607],[-59.456243306164907,-34.397570329880146],[-59.456569548057445,-34.397571779370189],[-59.456567799929324,-34.397842208999272],[-59.457546528894689,-34.397846552294055],[-59.457544783891322,-34.398116981954821],[-59.458523516214051,-34.398121317464557],[-59.458521774335559,-34.3983917471569],[-59.459826755288297,-34.398397515716546],[-59.459828492969308,-34.398127085966138],[-59.460154737216037,-34.398128525916874],[-59.46015647382454,-34.397858096139935],[-59.46048271704506,-34.397859535206315],[-59.460486188093952,-34.397318675587265],[-59.460812429238928,-34.397320113754859],[-59.460814163679352,-34.397049683912769],[-59.461466643940021,-34.397052557609506],[-59.461461446845384,-34.397863847186336],[-59.4611352035555,-34.39786241072953],[-59.461131736611577,-34.398403270358244],[-59.460805491246063,-34.398401833002623],[-59.460803756690062,-34.398672262784444],[-59.460477510298276,-34.398670824544475],[-59.460467096180132,-34.400293402895421],[-59.460793348868528,-34.400294841222255],[-59.460791614150693,-34.400565270919714],[-59.461117867911689,-34.400566708391068],[-59.461114400505679,-34.401107567778766],[-59.460461888808773,-34.401104691908181],[-59.460460152972047,-34.401375121555006],[-59.460133896108758,-34.401373682300282],[-59.460130422266822,-34.401914541528782],[-59.459804163327597,-34.401913101375108],[-59.459802425322316,-34.402183530956776],[-59.459149905414222,-34.40218064801045],[-59.459148165286642,-34.402451077551063],[-59.458821904317787,-34.402449634758376],[-59.458823645494952,-34.402179205232308],[-59.458497385598875,-34.402177761584156],[-59.458499127802419,-34.401907332060546],[-59.457846610179082,-34.401904442183358],[-59.45785533134373,-34.400552294529994],[-59.457529077814542,-34.40055084835921],[-59.45753082302722,-34.400280418806929],[-59.457204570570774,-34.400278971780772],[-59.457206316809653,-34.400008542231006],[-59.456553814065551,-34.400005645598043],[-59.456555562380061,-34.399735216065388],[-59.455903061828074,-34.399732315981922],[-59.455904812218165,-34.399461886466391],[-59.454926064713462,-34.399457529860726],[-59.454927818228512,-34.399187100377006],[-59.454275322107726,-34.399184191652978],[-59.454273566493825,-34.399454621107424],[-59.453294819339895,-34.399450251453175],[-59.453293060554294,-34.399720680851587],[-59.451988060479522,-34.399714842408528],[-59.451986297472679,-34.399985271736099],[-59.451007544514908,-34.399980883725569],[-59.451005778336189,-34.400251312996922],[-59.450027022441873,-34.400246917112867],[-59.450025253091177,-34.400517346327931],[-59.449699000124092,-34.400515879278629],[-59.449690147769324,-34.401868025099205],[-59.450016405984016,-34.401869492222339],[-59.450011097436736,-34.402680779614329],[-59.449684836073324,-34.402679312446878],[-59.449672441290062,-34.404572315836184],[-59.449346172602738,-34.404570847695304],[-59.449344400775338,-34.404841276687904],[-59.449670670512333,-34.404842744843577],[-59.449665358037585,-34.405654031793425],[-59.450644176837713,-34.405658431172796],[-59.450642409114863,-34.405928860176246],[-59.449337313229513,-34.405922992537825],[-59.449324909115184,-34.40781599481096],[-59.448998627854181,-34.407814525622555],[-59.448984441907164,-34.409977955950147],[-59.449310731567486,-34.409979425256843],[-59.449308959267753,-34.410249854008335],[-59.44963525000167,-34.410251322459573],[-59.449633478728302,-34.410521751213764],[-59.449959770535827,-34.410523218809523],[-59.449958000288852,-34.41079364756645],[-59.450284293169979,-34.410795114306694],[-59.45028252394944,-34.411065543066314],[-59.450608817904154,-34.411067008951044],[-59.450607049710072,-34.411337437713364],[-59.451259639790273,-34.411340366901484],[-59.451256107531627,-34.411881224448926],[-59.450929810379648,-34.41187976026054],[-59.450928043164943,-34.412150189001437],[-59.451254341367012,-34.412151653204546],[-59.451252575178842,-34.412422081948129],[-59.45157887445454,-34.41242354529566],[-59.451580639592621,-34.412153116537368],[-59.455169921623771,-34.41216915575756],[-59.455171675187444,-34.41189872682579],[-59.455497972644316,-34.411900179700204],[-59.45549622013074,-34.412170608646598],[-59.456148817214725,-34.412173511813727],[-59.456150567628136,-34.411903082838109],[-59.456476865155061,-34.411904533101591],[-59.456475115791719,-34.412174962091818],[-59.458759206482689,-34.412185089669563],[-59.458760948495424,-34.411914660577416],[-59.459413543944677,-34.411917546309162],[-59.459411804032115,-34.412187975430335],[-59.459738102841605,-34.412189417005251],[-59.459741580543415,-34.411648558721822],[-59.460067877275939,-34.411649999397405],[-59.460064401674302,-34.412190857709845],[-59.460716999409115,-34.41219373650808],[-59.460715263673741,-34.41246416567521],[-59.461694163599752,-34.412468477388558],[-59.461692430991597,-34.412738906587002],[-59.462345033157973,-34.4127417767398],[-59.462343302626984,-34.413012205955077],[-59.462669604794911,-34.413013639740413],[-59.462667875291018,-34.41328406895807],[-59.463320481796266,-34.413286933946516],[-59.463318754369638,-34.413557363180956],[-59.463645058706973,-34.413558794384059],[-59.463643332307491,-34.413829223620837],[-59.463969637717994,-34.413830653967949],[-59.463967912345701,-34.4141010832071],[-59.464294218829401,-34.414102512698221],[-59.464292494484312,-34.414372941939682],[-59.46559772484953,-34.414378651257863],[-59.465599444993799,-34.414108221958955],[-59.465925751592266,-34.414109647098151],[-59.465927470663424,-34.413839217772853],[-59.466253776234595,-34.413840642027353],[-59.466255494232684,-34.413570212675644],[-59.466581798776559,-34.413571636045454],[-59.46658523260372,-34.413030777277243],[-59.466911535070189,-34.413032199748052],[-59.466913250899289,-34.412761770331542],[-59.467239552338484,-34.412763191917705],[-59.467246411225901,-34.41168147407393],[-59.467572708487559,-34.411682894732557],[-59.467576135694038,-34.411142035709766],[-59.467902430878411,-34.411143455469499],[-59.467904143397355,-34.410873025925724],[-59.468556731734473,-34.410875862805774],[-59.468558442130551,-34.41060543322142],[-59.468884735283268,-34.410606850341757],[-59.468886444606547,-34.410336420731085],[-59.469212736732047,-34.410337836966882],[-59.469214444982548,-34.410067407329883],[-59.469540736080809,-34.41006882268119],[-59.469544150413562,-34.409527963342576],[-59.469870439434629,-34.409529377795167],[-59.46987385157648,-34.408988518379878],[-59.470200138520376,-34.408989931933739],[-59.470206958331609,-34.40790821290166],[-59.470533241098614,-34.407909625528447],[-59.470534944944731,-34.40763919572607],[-59.470861226684583,-34.40764060746848],[-59.470871442985569,-34.406018028315941],[-59.471523993935435,-34.40602084901986],[-59.471515490906171,-34.407372998485727],[-59.47118921017082,-34.407371588497867],[-59.471185806700717,-34.40791244817148],[-59.470859523888308,-34.407911037285061],[-59.470854415363377,-34.408722326662492],[-59.470528129423975,-34.408720914863252],[-59.47052642548703,-34.408991344617419],[-59.470852712476358,-34.408992756430877],[-59.470851009566637,-34.409263186187189],[-59.4711772976286,-34.40926459714462],[-59.471173893840984,-34.409805456649529],[-59.471500184025579,-34.409806866765102],[-59.471498483147741,-34.410077296513656],[-59.471824774404965,-34.410078705773188],[-59.471823074554464,-34.41034913552388],[-59.472149366884366,-34.410350543927336],[-59.47214766806119,-34.410620973680153],[-59.472473961463741,-34.410622381227491],[-59.472472263667974,-34.410892810982439],[-59.472798558143182,-34.410894217673636],[-59.472796861374832,-34.411164647430695],[-59.473449452493142,-34.41116745823058],[-59.473447757802283,-34.411437888003853],[-59.473121461181783,-34.411436483024929],[-59.473114677992136,-34.412518201941012],[-59.473440978813024,-34.412519606976495],[-59.473430809651518,-34.414142185073906],[-59.473104502529672,-34.414140779953563],[-59.473102806540147,-34.414411209580159],[-59.472776498390708,-34.414409803575268],[-59.472774801328363,-34.41468023317568],[-59.472448492151308,-34.414678826286242],[-59.47245188835381,-34.414137967101716],[-59.472125581299807,-34.414136559370206],[-59.472128979512163,-34.413595700165843],[-59.472455284465788,-34.413597107869016],[-59.472453586421111,-34.413867537491392],[-59.472779892447548,-34.413868944338368],[-59.472790074075291,-34.412246366338366],[-59.472463774349734,-34.412244959576363],[-59.472460378464049,-34.412785818929564],[-59.472134076660879,-34.412784411268895],[-59.47214087254217,-34.411702692570934],[-59.472467170144917,-34.411704100174937],[-59.472468868008569,-34.411433670456148],[-59.471489978418475,-34.411429445075747],[-59.471491679409681,-34.411159015387419],[-59.470512793173789,-34.411154782216926],[-59.470511089032428,-34.411425211862635],[-59.470184792615832,-34.411423799050986],[-59.470183087401693,-34.411694228670434],[-59.469856789957745,-34.411692814974273],[-59.469855083670815,-34.411963244567424],[-59.469528785199508,-34.411961829986723],[-59.469527077839743,-34.412232259553583],[-59.469200778341111,-34.412230844088334],[-59.46919906990847,-34.412501273628905],[-59.468872769382493,-34.412499857279059],[-59.468869350348669,-34.413040716295541],[-59.468543047745221,-34.413039299046829],[-59.468541337143968,-34.413309728522712],[-59.468215033513168,-34.413308310389397],[-59.46821161014195,-34.413849169276489],[-59.467885304433608,-34.413847750244244],[-59.467883591663593,-34.414118179655425],[-59.467557284927892,-34.414116759738512],[-59.46755557108483,-34.414387189123346],[-59.466902955581567,-34.414384346649769],[-59.466901239615233,-34.414654775993959],[-59.466574930847678,-34.414653353437267],[-59.466573213808239,-34.414923782755068],[-59.466246904013339,-34.414922359313628],[-59.466245185900775,-34.415192788605083],[-59.465918875078508,-34.415191364278904],[-59.465913717452629,-34.416002652037896],[-59.466566345421683,-34.4160054999058],[-59.466564628267832,-34.416275929163355],[-59.46689094333702,-34.416277351805959],[-59.466889227210586,-34.41654778106578],[-59.467215543352943,-34.416549202852224],[-59.467217258429038,-34.416278773578092],[-59.467543573543949,-34.416280194479789],[-59.467545287546876,-34.416009765179325],[-59.467218973482289,-34.416008344291924],[-59.467220688512661,-34.415737914993699],[-59.468199627624102,-34.415742175001675],[-59.468201339480792,-34.415471745648517],[-59.470811836378473,-34.415483067256559],[-59.470810132923994,-34.415753496723639],[-59.471136446188801,-34.415754908021917],[-59.471134743761894,-34.416025337491163],[-59.470155800884754,-34.416021100942388],[-59.470154095284258,-34.416291530356951],[-59.46819620384224,-34.416283033671817],[-59.468194491917103,-34.416553462988823],[-59.467541859518164,-34.416550623768224],[-59.467540145469535,-34.416821053044593],[-59.467866462707924,-34.416822473104396],[-59.46786474968679,-34.417092902383025],[-59.468191067998347,-34.417094321586646],[-59.468189356004771,-34.417364750867499],[-59.4672103979875,-34.417360490602277],[-59.467208682819987,-34.417630919828191],[-59.467535003186597,-34.417632340801383],[-59.467524718003929,-34.419254915989526],[-59.467851044695934,-34.41925633617798],[-59.467847618219899,-34.41979719450616],[-59.467521289426934,-34.419795774289163],[-59.46751957510417,-34.42006620342088],[-59.46784590494763,-34.420067623652187],[-59.467840764993845,-34.420878911017937],[-59.468167098011712,-34.420880330421539],[-59.468163673362817,-34.42142118863368],[-59.468816343669239,-34.421424024886115],[-59.468812923131416,-34.421964883107123],[-59.469791935065537,-34.421969131041628],[-59.469790227914274,-34.422239560176784],[-59.470442904752019,-34.422242387808367],[-59.470441199679257,-34.422512816959937],[-59.470767539182852,-34.422514229483973],[-59.470765835138003,-34.42278465863771],[-59.471092175714958,-34.422786070305278],[-59.471088769658486,-34.423326928604986],[-59.471415112359445,-34.423328339430299],[-59.47141000625659,-34.424139626832044],[-59.470104622980593,-34.42413397813619],[-59.470101210392748,-34.424674836230089],[-59.469774862529093,-34.424673421850883],[-59.46977656988512,-34.424402992824191],[-59.469450223094974,-34.424401577588498],[-59.469455348178677,-34.423590290478835],[-59.46880266097093,-34.423587457480842],[-59.468806081782269,-34.423046599404472],[-59.468479740313931,-34.423045181627955],[-59.468478028868994,-34.423315610657895],[-59.467825343899428,-34.423312772464307],[-59.467821916738359,-34.423853630430891],[-59.467495572186451,-34.423852209999474],[-59.467499001448893,-34.423311352061461],[-59.467172659021202,-34.423309930787951],[-59.467174374668822,-34.423039501815154],[-59.466848033314676,-34.423038079685284],[-59.466849749990061,-34.422767650714761],[-59.466523409709431,-34.422766227728523],[-59.466525127412602,-34.422495798760252],[-59.466198788205489,-34.422494374917683],[-59.466202225644388,-34.421953516973652],[-59.46587588856142,-34.421952092289096],[-59.465881047699696,-34.421140805325635],[-59.466207381630916,-34.421142229967202],[-59.466222848353738,-34.418708368296926],[-59.465896523876992,-34.418706943784393],[-59.46589996277546,-34.418166085531531],[-59.465573640422477,-34.41816466017714],[-59.465577081330032,-34.417623801904746],[-59.465250761100783,-34.417622375708568],[-59.465252482570534,-34.417351946568658],[-59.464926163414589,-34.417350519516333],[-59.464929608385994,-34.416809661229038],[-59.46460329135369,-34.416808233334976],[-59.46460501485528,-34.416537804187612],[-59.46427869889628,-34.41653637543746],[-59.46428042342523,-34.416265946292427],[-59.463954108539532,-34.416264516686176],[-59.463957559629058,-34.41572365838875],[-59.463304934127834,-34.415720796622523],[-59.463306661738635,-34.415450367484517],[-59.462980350072833,-34.415448935310167],[-59.462982078710851,-34.415178506174513],[-59.462655768118353,-34.415177073144164],[-59.462657497783589,-34.414906644010884],[-59.462004878768212,-34.414903775367812],[-59.462006610510876,-34.414633346251328],[-59.46168030208802,-34.41463191063864],[-59.461682034857802,-34.414361481524558],[-59.461355727508263,-34.414360045055915],[-59.461357461305155,-34.414089615944235],[-59.460378542545818,-34.414085301359371],[-59.460380279470165,-34.413814872279076],[-59.459727669180019,-34.413811991566256],[-59.459729408181552,-34.413541562502893],[-59.454508546009833,-34.413518391700244],[-59.454506790205627,-34.413788820530407],[-59.454180485468015,-34.413787364942529],[-59.454176971689009,-34.414328222537421],[-59.453850664874459,-34.414326766049854],[-59.453855938658393,-34.413515479683412],[-59.453203331400651,-34.413512564185176],[-59.453205091382074,-34.413242135401589],[-59.450268369336243,-34.413228972709227],[-59.450266599903479,-34.413499401360333],[-59.449613993163133,-34.413496466714228],[-59.449612221606465,-34.413766895323754],[-59.450264830447132,-34.413769829999389],[-59.450263060967217,-34.414040258626379],[-59.449936755484906,-34.414038791708983],[-59.449933214353919,-34.414579648897281],[-59.450259521936616,-34.414581115844207],[-59.450254213213853,-34.41539240158049],[-59.450580523970835,-34.41539386770129],[-59.45057698680494,-34.415934724828034],[-59.450903299686011,-34.415936190107935],[-59.450899764526426,-34.416477047215935],[-59.451226079531644,-34.416478511654844],[-59.451222546378482,-34.417019368744114],[-59.451548863507881,-34.417020832342025],[-59.451547097946339,-34.417291260883296],[-59.451873416149617,-34.417292723625472],[-59.451869887056652,-34.41783358070127],[-59.452196207384183,-34.417835042602391],[-59.452194443852818,-34.418105471136897],[-59.452520765254235,-34.418106932182219],[-59.452515477670367,-34.418918217757572],[-59.452841802246517,-34.418919677976476],[-59.45283827917406,-34.419460534995814],[-59.453164605874584,-34.419461994373542],[-59.45316284535361,-34.419732422879811],[-59.453489173128084,-34.419733881401669],[-59.453487413634129,-34.420004309910567],[-59.453813742482531,-34.420005767576534],[-59.453811984015637,-34.420276196088018],[-59.454138313937975,-34.4202776528981],[-59.454136556498149,-34.420548081412186],[-59.454462887494422,-34.420549537366306],[-59.454461131081722,-34.42081996588302],[-59.455440127362515,-34.420824328565793],[-59.455441880623638,-34.420553900005196],[-59.456094542826619,-34.420556804078181],[-59.456098045076736,-34.420015946862364],[-59.456424374112224,-34.420017397563768],[-59.456422624049338,-34.420287826192308],[-59.456748954158648,-34.420289276037742],[-59.456747205122959,-34.420559704668797],[-59.457073536306105,-34.420561153658227],[-59.45707178829764,-34.420831582291818],[-59.457398120554608,-34.420833030425236],[-59.457396373573374,-34.421103459061349],[-59.457722706904171,-34.421104906338734],[-59.457720960950233,-34.421375334977355],[-59.45837362978272,-34.421378226949393],[-59.458375373635548,-34.421107798281682],[-59.458701707036091,-34.421109242947232],[-59.458698221408355,-34.421650100299701],[-59.45935089248141,-34.421652987077096],[-59.459352633205739,-34.42138255837785],[-59.459678967726497,-34.421384000446103],[-59.459682447004461,-34.42084314298242],[-59.460008779447286,-34.420844584151027],[-59.460010518000963,-34.42057415538661],[-59.460336849416422,-34.420575595670144],[-59.460338586896398,-34.420305166879167],[-59.460664917284497,-34.42030660627762],[-59.46066144440244,-34.420847463876498],[-59.460987776914727,-34.420848902433328],[-59.460986041489541,-34.421119331229157],[-59.460333374386984,-34.42111645321593],[-59.46033163683753,-34.421386881970761],[-59.460005302270439,-34.421385441643743],[-59.460003563647255,-34.421655870372007],[-59.45967722805274,-34.421654429159865],[-59.459673748635673,-34.422195286551215],[-59.460326424050244,-34.422198168162858],[-59.460324686408192,-34.422468596869443],[-59.460651025200839,-34.422470036383785],[-59.460647551948504,-34.423010893789765],[-59.460321211054563,-34.423009454246454],[-59.460319473343013,-34.423279882916873],[-59.460645815287606,-34.423281322474679],[-59.460642341896396,-34.423822179808326],[-59.460968685965511,-34.423823618524395],[-59.460966950285879,-34.424094047187616],[-59.461945985784041,-34.424098358155049],[-59.46194425323344,-34.424368786849598],[-59.462270599496399,-34.424370222111754],[-59.462268867973449,-34.424640650808691],[-59.462595215310216,-34.424642085214572],[-59.462593484814931,-34.424912513913888],[-59.463246181659166,-34.424915380142345],[-59.463244453242332,-34.425185808858437],[-59.463570802749764,-34.425187240680977],[-59.463569075360667,-34.425457669399421],[-59.464221776546118,-34.425460530461059],[-59.464220051235593,-34.425730959196237],[-59.464546402913612,-34.425732388435307],[-59.464544678630901,-34.426002817172822],[-59.465197384157449,-34.426005673067429],[-59.465195661953402,-34.426276101821607],[-59.465522015801945,-34.426277528477122],[-59.465520294625769,-34.426547957233602],[-59.46584664954807,-34.426549383032686],[-59.4658449293998,-34.426819811791454],[-59.46617128539588,-34.426821236734078],[-59.466169566275553,-34.427091665495148],[-59.466495923345406,-34.427093089581298],[-59.466494205253035,-34.427363518344642],[-59.466820563396652,-34.427364941574311],[-59.46681712924503,-34.427905799093459],[-59.467796210118529,-34.427910063643438],[-59.467792782180936,-34.428450921200188],[-59.468119144619649,-34.428452341003748],[-59.468117431667551,-34.428722769778325],[-59.467464704711048,-34.428719929271764],[-59.4674629896342,-34.428990358005699],[-59.467136625139261,-34.428988936431821],[-59.467134908988577,-34.429259365139409],[-59.465503081602407,-34.429252244135419],[-59.465506524390591,-34.428711386851496],[-59.465832887720076,-34.428712812765347],[-59.465834608028807,-34.428442384090964],[-59.465508245750279,-34.428440958191459],[-59.465509967087016,-34.428170529519363],[-59.465183605882359,-34.428169102763363],[-59.465187050588852,-34.42762824541169],[-59.464860691508967,-34.427626817813596],[-59.464862414878681,-34.427356389134054],[-59.464536056872646,-34.427354960679502],[-59.464537781270245,-34.427084532002276],[-59.463885067428897,-34.427081672509487],[-59.463886793905253,-34.426811243848995],[-59.461928659238993,-34.426802644557931],[-59.461923460825197,-34.427613930243702],[-59.462249819697874,-34.427615365679195],[-59.46224808789799,-34.42788579423145],[-59.462574447844645,-34.427887228810562],[-59.462572717072597,-34.42815765736519],[-59.462899078093244,-34.428159091087899],[-59.462897348349053,-34.428429519644894],[-59.463223710443664,-34.428430952511192],[-59.463220252988052,-34.428971809617849],[-59.463546617207591,-34.428973241642105],[-59.463544889496205,-34.429243670191759],[-59.463871254789751,-34.429245101359555],[-59.463869528106322,-34.429515529911562],[-59.465174993714427,-34.429521245931511],[-59.465171548686605,-34.430062103114381],[-59.464845180148082,-34.43006067538699],[-59.464846903724506,-34.429790246815941],[-59.464194168818423,-34.429787388777207],[-59.464188991714089,-34.430598674367907],[-59.463862621142454,-34.430597243999024],[-59.463860894343952,-34.430867672490749],[-59.46320815116762,-34.430864809111448],[-59.463209880068227,-34.430594380648536],[-59.462883509565664,-34.430592947666895],[-59.462885239494277,-34.430322519206342],[-59.463211608945798,-34.430323952173552],[-59.463215066631811,-34.429783095187439],[-59.462888699282338,-34.42978166224907],[-59.462892158978185,-34.429240805243566],[-59.462565793753733,-34.429239371463169],[-59.462569255459314,-34.428698514438288],[-59.462242892359868,-34.428697079815869],[-59.46224462422898,-34.428426651299802],[-59.461918262203561,-34.42842521582098],[-59.461919995100537,-34.428154787307292],[-59.461267273220841,-34.428151913766015],[-59.461269008196552,-34.427881485269168],[-59.460616288511169,-34.427878608273481],[-59.460611077209137,-34.428689893641007],[-59.460284714248395,-34.428688453793463],[-59.460286452423155,-34.428418025364195],[-59.459960090536512,-34.428416584660297],[-59.459961829739051,-34.428146156233431],[-59.4596354689265,-34.428144714673202],[-59.459637209156782,-34.427874286248802],[-59.45931084941833,-34.427872843832247],[-59.459312590676312,-34.427602415410313],[-59.458986232011974,-34.427600972137448],[-59.458987974297628,-34.427330543717957],[-59.458661616707403,-34.42732909958881],[-59.458665103310771,-34.426788242742724],[-59.458012392403468,-34.426785351930214],[-59.458014137771983,-34.426514923518162],[-59.457687783404054,-34.426513476820269],[-59.457691276172966,-34.425972619989153],[-59.457364923929937,-34.425971172449593],[-59.457368418707333,-34.425430315599371],[-59.457042068589182,-34.425428867218194],[-59.457043816993725,-34.42515843878958],[-59.456391118928885,-34.425155539444191],[-59.456392869411616,-34.42488511103268],[-59.454434782081961,-34.424876392186562],[-59.454436538845819,-34.424605963850738],[-59.45378384535789,-34.424603050632186],[-59.45378560419978,-34.424332622313599],[-59.453132912907066,-34.42432970564154],[-59.453136434723355,-34.423788849026913],[-59.452810091213586,-34.42378738941418],[-59.452811853137206,-34.423516961103481],[-59.452485510701607,-34.423515500634757],[-59.452489036579735,-34.422974644006558],[-59.452162696268957,-34.422973182696559],[-59.452166224154354,-34.422432326049538],[-59.451839885968354,-34.422430863898313],[-59.451843415860949,-34.421890007232463],[-59.450864407747716,-34.421885615643305],[-59.450862639661395,-34.42215604393806],[-59.450209965602497,-34.422153111829282],[-59.450208195391397,-34.422423540082491],[-59.449881857346725,-34.422422072707363],[-59.44988717106105,-34.421610787955913],[-59.449560836191765,-34.421609319754502],[-59.449569697162936,-34.420257178334758],[-59.44989602677952,-34.420258646462315],[-59.449908423794049,-34.418365647864796],[-59.449582101530652,-34.41836417984068],[-59.44958564542317,-34.417823323019562],[-59.449259325284167,-34.417821854154482],[-59.449264644096921,-34.417010568876691],[-59.448938327132609,-34.417009099185506],[-59.448943648883663,-34.41619781384356],[-59.448617335093935,-34.41619634332627],[-59.448620884910326,-34.415655486400958],[-59.447968261602945,-34.415652542814314],[-59.447973592451582,-34.414841257424783],[-59.447647283984146,-34.414839784370287],[-59.447649061936552,-34.414569355897811],[-59.447322754543023,-34.414567881987779],[-59.447324533521922,-34.41429745351806],[-59.447650839865261,-34.414298927413284],[-59.44765261777026,-34.414028498916707],[-59.447326312477124,-34.414027025036319],[-59.447328091408608,-34.413756596542513],[-59.446675482993804,-34.413753646200298],[-59.446677264001899,-34.413483217724114],[-59.44537205165787,-34.413477306654869],[-59.445375622003951,-34.412936449785306],[-59.445049321077654,-34.412934969871905],[-59.445054679568649,-34.412123684521802],[-59.445380977344655,-34.412125164390545],[-59.445379192254876,-34.412395592867533],[-59.445705491104732,-34.412397071880839],[-59.445707275144429,-34.412126643388952],[-59.446033572967984,-34.412128121517078],[-59.446031789978385,-34.412398550023816],[-59.446358088875783,-34.412400027296499],[-59.446356306912534,-34.412670455806037],[-59.446682606883805,-34.412671932223233],[-59.446679044986261,-34.413212789235892],[-59.447984253509489,-34.41321868632015],[-59.447986030269597,-34.412948257760512],[-59.448312331409504,-34.412949729840875],[-59.448317658397443,-34.412138444045155],[-59.447665062441928,-34.412135499102973],[-59.447666840157396,-34.411865070509933],[-59.447014246396783,-34.411862122116169],[-59.447016026188685,-34.411591693540736],[-59.445384547452832,-34.411584307400396],[-59.445386332471237,-34.411313878887249],[-59.443102270590863,-34.41130350184298],[-59.443104062935674,-34.411033073422203],[-59.441798889443632,-34.411027124596266],[-59.441797092898696,-34.411297552957166],[-59.439186738664517,-34.411285613412119],[-59.439188543609667,-34.411015185171372],[-59.436251906386993,-34.411001686742665],[-59.436250091991624,-34.411272114847563],[-59.435271210202067,-34.411267599661045],[-59.435269392632428,-34.411538027708424],[-59.434943097700959,-34.411536520890515],[-59.434928547870975,-34.413699944714068],[-59.435254851203226,-34.413701451653282],[-59.435251215603678,-34.41424230751889],[-59.435577521060488,-34.414243813618064],[-59.435573887464415,-34.414784669465739],[-59.435900195045839,-34.414786174724838],[-59.435898379261715,-34.415056602645706],[-59.436224687917523,-34.41505810704956],[-59.436221058377157,-34.415598962885447],[-59.436547369157637,-34.415600466449156],[-59.436545555401416,-34.415870894364126],[-59.43687186725635,-34.415872397072548],[-59.436870054526239,-34.41614282499058],[-59.437196367455591,-34.416144326843678],[-59.437194555751617,-34.416414754764766],[-59.43752086975541,-34.416416255762542],[-59.437519059077587,-34.416686683686677],[-59.437845374155806,-34.416688183829095],[-59.437843564504185,-34.416958611756272],[-59.438169880656829,-34.416960111043345],[-59.438166263381902,-34.417500966891659],[-59.438492581659339,-34.417502465338409],[-59.438490774036062,-34.417772893259553],[-59.438817093387954,-34.417774390850916],[-59.438813480169927,-34.418315246687172],[-59.43913980164664,-34.418316743438162],[-59.439137996051919,-34.418587171353245],[-59.439464318603108,-34.418588667248777],[-59.439462514034737,-34.41885909516688],[-59.439788837660387,-34.418860590206926],[-59.43978523055236,-34.419401446037035],[-59.440111556302931,-34.41940294023663],[-59.440109753763323,-34.419673368148622],[-59.4397834269623,-34.419671873933986],[-59.439781623348203,-34.419942301818871],[-59.439455295520716,-34.419940806718643],[-59.439446271837085,-34.421292945886961],[-59.440098938021208,-34.42129593536729],[-59.440097135313422,-34.421566363194842],[-59.44042346949211,-34.421567856644138],[-59.440421667810867,-34.42183828447466],[-59.440748003064122,-34.42183977706835],[-59.440746202409485,-34.422110204901841],[-59.441072538737295,-34.422111696639938],[-59.441068939457217,-34.422652552300733],[-59.441721616387262,-34.422655533224997],[-59.441723413938057,-34.42238510537063],[-59.441397076511663,-34.422383615358804],[-59.441398875089114,-34.422113187507378],[-59.441725211464899,-34.422114677504183],[-59.441730603901689,-34.421303393832538],[-59.44140427067763,-34.421301903880689],[-59.441406069159207,-34.421031475980989],[-59.442058733530182,-34.421034454984095],[-59.442056937149701,-34.421304882913766],[-59.442383270421665,-34.421306371124402],[-59.442385065751587,-34.421035943179753],[-59.443364062559318,-34.421040402543134],[-59.443365854713747,-34.420769974541557],[-59.443692185980225,-34.420771459239887],[-59.443693977060256,-34.420501031211295],[-59.44434663756379,-34.420503997966335],[-59.444348426518921,-34.420233569895849],[-59.446632731678065,-34.420243926010926],[-59.446629168451153,-34.420784782348278],[-59.446955499955713,-34.420786258340705],[-59.446953719357204,-34.421056686506141],[-59.448259049814745,-34.421062581829268],[-59.448257273394702,-34.42133301004197],[-59.448583607118856,-34.421334481711071],[-59.448580056308856,-34.421875338129915],[-59.448906392157816,-34.42187680895799],[-59.448904617767937,-34.422147237164118],[-59.449230954691146,-34.42214870713638],[-59.449227407941649,-34.422689563542043],[-59.449553746989707,-34.422691032673235],[-59.449550202246961,-34.423231889060219],[-59.44987654341994,-34.423233357350313],[-59.449860600364829,-34.425667210627886],[-59.450186951017884,-34.425668678180187],[-59.450178098192843,-34.427020818541727],[-59.449851742285674,-34.4270193509156],[-59.449848198888738,-34.427560206946239],[-59.449195482941775,-34.427557269022458],[-59.449207899129512,-34.425664272911028],[-59.448881548547298,-34.425662802746501],[-59.448885097918321,-34.425121946635699],[-59.447906052618265,-34.425117531006407],[-59.447916719076531,-34.423494962651212],[-59.447590376994825,-34.423493489122272],[-59.447593934392685,-34.422952632937069],[-59.447920274373082,-34.422954106436336],[-59.447922051985827,-34.422683678310818],[-59.447595713056074,-34.422682204826373],[-59.44759927031172,-34.422141348568779],[-59.447272933506888,-34.422139874243371],[-59.447274713149739,-34.421869446111316],[-59.446948377419218,-34.421867970930109],[-59.446950158088931,-34.421597542800846],[-59.446297488800255,-34.421594589856262],[-59.446293923234762,-34.422135446043285],[-59.44596758652488,-34.422133968235322],[-59.445972937989218,-34.421322683981323],[-59.44466760399451,-34.421316764221835],[-59.444665815994576,-34.421587192258997],[-59.443034143784601,-34.421579772896337],[-59.443032350507977,-34.421850200846777],[-59.442706015087033,-34.421848714347455],[-59.442704220735912,-34.422119142270866],[-59.442377884288312,-34.42211765488593],[-59.442374293413103,-34.42265851066665],[-59.44204795488821,-34.422657022381159],[-59.442046158364072,-34.422927450238447],[-59.441719818812501,-34.422925961067307],[-59.441714425944504,-34.42373724452186],[-59.442040768648049,-34.423738733737963],[-59.442038972028165,-34.424009161547019],[-59.442365315806349,-34.424010649907416],[-59.442363520213213,-34.424281077719378],[-59.442037175384314,-34.424279589344003],[-59.442031785309148,-34.425090872662601],[-59.44235813329022,-34.425092361082903],[-59.44235633760136,-34.42536278884662],[-59.442682686657115,-34.425364276411166],[-59.442675507865523,-34.426445987405287],[-59.44300186114836,-34.426447474158941],[-59.442987510824111,-34.428610895687939],[-59.443313872537864,-34.428612381690435],[-59.443308493924675,-34.429423664609622],[-59.443961223729538,-34.429426634091691],[-59.443959432912649,-34.42969706173718],[-59.44428579890188,-34.429698545186852],[-59.444284009112124,-34.429968972835198],[-59.444610376176186,-34.429970455428894],[-59.444608587413597,-34.430240883080117],[-59.444934955552512,-34.430242364817829],[-59.444933167817105,-34.430512792471895],[-59.445259537030864,-34.430514273353623],[-59.445257750322675,-34.430784701010516],[-59.445584120611272,-34.430786181036225],[-59.445580549225568,-34.431327036343625],[-59.445906921640102,-34.431328515528172],[-59.445905136962629,-34.43159894317867],[-59.44623151045203,-34.43160042150717],[-59.446229726801874,-34.431870849160475],[-59.446882475954162,-34.43187380323436],[-59.446880694382443,-34.432144230905337],[-59.447207070045323,-34.432145706650701],[-59.447205289501007,-34.432416134324448],[-59.447531666238717,-34.432417609213708],[-59.447526327616821,-34.433228892207111],[-59.448179087470322,-34.433231839461669],[-59.448177309984615,-34.433502267131665],[-59.448503690998088,-34.433503739467277],[-59.448491255293561,-34.43539673292323],[-59.448817643689367,-34.43539820449147],[-59.44881409252045,-34.435939059685651],[-59.449140483042534,-34.43594053041241],[-59.449138708473903,-34.436210958006214],[-59.450117883335935,-34.43621536500433],[-59.450116111897657,-34.436485792630421],[-59.450442504616916,-34.436487259902378],[-59.450437193314571,-34.437298542752536],[-59.450763589211512,-34.437300009197649],[-59.45076181978159,-34.437570436804982],[-59.451088216753497,-34.437571902393714],[-59.451086448351418,-34.43784233000374],[-59.451739244468769,-34.437845258597264],[-59.451735711799607,-34.438386113840082],[-59.452062111996455,-34.438387576859562],[-59.452058581336068,-34.43892843208355],[-59.45238498365935,-34.438929894261264],[-59.45238321934535,-34.439200321869897],[-59.452709622743619,-34.439201783191145],[-59.45270609614807,-34.439742638401611],[-59.453032501672858,-34.439744098881057],[-59.453030739391345,-34.440014526482898],[-59.453357145991134,-34.44001598610582],[-59.453355384737684,-34.440286413710268],[-59.453681792412482,-34.440287872476638],[-59.453680032187101,-34.440558300083723],[-59.454006440936915,-34.440559757993533],[-59.454004681739654,-34.440830185603225],[-59.454331091564462,-34.44083164265647],[-59.454329333395329,-34.441102070268741],[-59.454982155218381,-34.441104981790794],[-59.454980399129028,-34.441375409420282],[-59.455306811127251,-34.441376863889083],[-59.455305056066081,-34.44164729152115],[-59.456284295355893,-34.441651649743754],[-59.456282543426212,-34.441922077407618],[-59.457588200345882,-34.441927876231624],[-59.457589948069078,-34.441657448509439],[-59.458242774565477,-34.441660342664619],[-59.45824452016214,-34.441389914901251],[-59.458897344648371,-34.441392805542293],[-59.458899088118578,-34.44112237773777],[-59.459225499344953,-34.441123821736866],[-59.459227241740336,-34.440853393905755],[-59.459880062159563,-34.440856279261148],[-59.459881802428605,-34.440585851388967],[-59.460534620837457,-34.440588733230364],[-59.4605363589802,-34.440318305317135],[-59.461189175378571,-34.44032118364462],[-59.461190911395057,-34.440050755690372],[-59.461843725782899,-34.440053630504018],[-59.461845459673171,-34.439783202508785],[-59.462171865850237,-34.439784638594325],[-59.462175331458468,-34.439243782538803],[-59.462501735555577,-34.439245217724256],[-59.462506930640323,-34.438433933507199],[-59.462180529697612,-34.438432498365067],[-59.462183995074938,-34.437891642188951],[-59.462510393914755,-34.437893077302213],[-59.462527708902392,-34.435188795553799],[-59.462854097251736,-34.435190229651617],[-59.462855827572305,-34.434919801396028],[-59.463182214893429,-34.43492123460836],[-59.463185673362879,-34.434380378032166],[-59.463512058604543,-34.434381810344618],[-59.463498232584008,-34.436545236475276],[-59.463824626259104,-34.436546668031902],[-59.463821171626392,-34.437087524472787],[-59.463494775848559,-34.437086092887363],[-59.463487862101253,-34.438167805566856],[-59.46316146214081,-34.438166373052638],[-59.463156273434066,-34.438977657392421],[-59.463482676548907,-34.438979089949861],[-59.463484405089389,-34.438708661834255],[-59.46381080717579,-34.43871009350611],[-59.46380907968679,-34.438980521636118],[-59.464788289238442,-34.438984811467762],[-59.464790013573015,-34.438714383294595],[-59.46544281795277,-34.438717238797665],[-59.465444540161457,-34.438446810583713],[-59.465770941334284,-34.438448237014128],[-59.465772662468567,-34.438177808773766],[-59.466099062612891,-34.438179234318689],[-59.466102502709752,-34.437638377773084],[-59.466755298861464,-34.437641226192106],[-59.466757016772711,-34.437370797872561],[-59.467083413831496,-34.437372220761048],[-59.46708684748252,-34.436831364057156],[-59.468066032487762,-34.436835627409948],[-59.468069459739105,-34.436294770572054],[-59.468395852683827,-34.43629618991887],[-59.468399277741142,-34.435755333004195],[-59.468725668606027,-34.435756751451336],[-59.468729091469449,-34.435215894459908],[-59.469055480254525,-34.43521731200746],[-59.469057190600736,-34.434946883479391],[-59.468730802866958,-34.434945465946122],[-59.468732514241637,-34.434675037420256],[-59.469058900924168,-34.434676454939257],[-59.469062321502626,-34.434135597822866],[-59.469388706105441,-34.434137014442328],[-59.469390415309256,-34.433866585851803],[-59.469716798883617,-34.433868001585971],[-59.46971850701344,-34.43359757296912],[-59.470697654719409,-34.433601814902829],[-59.470699359672864,-34.433331386231274],[-59.471352122821415,-34.433334209803569],[-59.471353825649764,-34.433063781091541],[-59.472332967389157,-34.433068009874866],[-59.472336366670781,-34.432527152329548],[-59.47266274519356,-34.432528560153663],[-59.472659348014268,-34.433069417727332],[-59.472985728662024,-34.433070824708764],[-59.472982333494578,-34.433611682262516],[-59.473308716267368,-34.433613088401245],[-59.473307019700918,-34.433883517174202],[-59.47298063587693,-34.433882111021319],[-59.472978938236658,-34.43415253976805],[-59.472652553384037,-34.43415113272998],[-59.472650854669901,-34.434421561450506],[-59.472324468788678,-34.434420153527235],[-59.472326168554098,-34.434149724820884],[-59.471999783746767,-34.434148316040734],[-59.471998082930142,-34.434418744732916],[-59.471345311281041,-34.434415924531152],[-59.471343608339204,-34.434686353182904],[-59.471017221497434,-34.434684941761262],[-59.471015517481639,-34.434955370386781],[-59.470689129611294,-34.434953958079866],[-59.470687424521515,-34.435224386679103],[-59.470361035622609,-34.435222973486916],[-59.470359329458795,-34.435493402059876],[-59.470032939531336,-34.435491987982402],[-59.470027817749497,-34.436303273586283],[-59.469701424690797,-34.436301858594994],[-59.46969800795307,-34.436842715575523],[-59.469371612814427,-34.436841299684644],[-59.469368193882858,-34.437382156588448],[-59.469041796664207,-34.437380739797945],[-59.469040086112841,-34.437651168217506],[-59.469366484382896,-34.437652585022263],[-59.469364774860175,-34.437923013444028],[-59.469691174204442,-34.43792442939187],[-59.469689465710346,-34.438194857815816],[-59.47066866703404,-34.43819910047511],[-59.47066696167154,-34.438469528929687],[-59.47131976477057,-34.438472353041774],[-59.471316358183323,-34.439013209971591],[-59.470989954519489,-34.439011798322738],[-59.47099165887596,-34.438741369878045],[-59.470012451175293,-34.438737129746947],[-59.470014158663439,-34.438466701332871],[-59.469687757193505,-34.438465286227711],[-59.469686048653884,-34.438735714627541],[-59.46935964615524,-34.438734298636959],[-59.469363065314639,-34.43819344185372],[-59.469036664941719,-34.438192025020477],[-59.469033243679405,-34.438732881775188],[-59.468706841226357,-34.438731464042228],[-59.468708552920369,-34.438461035685158],[-59.468055750185648,-34.438458197634269],[-59.468054036388708,-34.438728625962767],[-59.467727634004135,-34.438727205616274],[-59.467725919132853,-34.438997633918454],[-59.467399515719663,-34.438996212686476],[-59.467401231642413,-34.438725784398606],[-59.467074829303549,-34.438724362309735],[-59.467073112329324,-34.438994790583287],[-59.466746708961871,-34.438993367608944],[-59.466743272841768,-34.439534224091275],[-59.466090461969564,-34.439531375471667],[-59.466088741772133,-34.439801803666072],[-59.465435928888567,-34.439798951532929],[-59.465434206565135,-34.440069379686619],[-59.464454984257401,-34.440065094909677],[-59.464453258756386,-34.440335523008194],[-59.462821216779155,-34.440328364216811],[-59.462816024364507,-34.441139648223924],[-59.462489612883481,-34.441138213808657],[-59.462487880980866,-34.441408641772483],[-59.462161468471301,-34.441407206471517],[-59.462156269470086,-34.442218490247342],[-59.462482685134511,-34.442219925591623],[-59.462480953139583,-34.442490353507225],[-59.463133786640981,-34.442493221610754],[-59.463132056726295,-34.442763649543146],[-59.46378489242327,-34.442766514190282],[-59.463783164588897,-34.443036942139436],[-59.464762421462062,-34.443041232618462],[-59.464760696759782,-34.443311660598738],[-59.465413536893578,-34.443314516590213],[-59.465415259492453,-34.443044088581225],[-59.465741678542088,-34.443045515255641],[-59.465739956994909,-34.443315943278968],[-59.466066377119191,-34.443317369096384],[-59.466064656600778,-34.443587797122007],[-59.466717499021563,-34.443590646171522],[-59.466715780583669,-34.443861074213743],[-59.467368625199512,-34.443863919806518],[-59.467366908842223,-34.444134347865315],[-59.468019755653032,-34.444137190001285],[-59.468018041376396,-34.444407618076617],[-59.468670890382107,-34.444410456755719],[-59.468669178186182,-34.444680884847557],[-59.469322029386717,-34.444683720069698],[-59.46932031927156,-34.444954148177992],[-59.469646745957796,-34.444955564496247],[-59.469645036871633,-34.44522599260673],[-59.469971464632465,-34.445227408067858],[-59.469969756575345,-34.445497836180508],[-59.470296185410767,-34.445499250784465],[-59.470292771331927,-34.446040107002077],[-59.470619202293754,-34.446041520763067],[-59.470617496272062,-34.446311948868015],[-59.4709439283085,-34.446313361771793],[-59.470942223315966,-34.4465837898789],[-59.471268656426972,-34.446585201925458],[-59.471266952463623,-34.446855630034705],[-59.472899123618546,-34.446862677266815],[-59.472895726142774,-34.447403533590901],[-59.471916417070318,-34.447399307780991],[-59.471918118975282,-34.447128879667467],[-59.470612378070591,-34.44712323311051],[-59.470614084160509,-34.446852805041729],[-59.469961215948331,-34.44684997656298],[-59.469962924119251,-34.446579548510591],[-59.469636491099195,-34.446578132978281],[-59.469638200299229,-34.446307704928088],[-59.469311768353833,-34.446306288538587],[-59.469313478582954,-34.446035860490575],[-59.46898704771219,-34.44603444324391],[-59.468988758970376,-34.445764015198094],[-59.468009469650518,-34.445759758272381],[-59.468011184041401,-34.445489330257345],[-59.467684755365624,-34.445487909553577],[-59.467686470785452,-34.445217481540766],[-59.467360043184357,-34.445216059979899],[-59.467361759633135,-34.444945631969354],[-59.465403200818194,-34.444937084390894],[-59.465401478058602,-34.44520751231547],[-59.464748623200215,-34.445204656122854],[-59.464752072903586,-34.444663800319113],[-59.464099222344302,-34.444660940698476],[-59.464100949265053,-34.444390512807281],[-59.462795252629832,-34.444384783167166],[-59.462796983734584,-34.444114355321538],[-59.462144137658868,-34.44411148530218],[-59.46214760400612,-34.443570629632504],[-59.461494762229705,-34.443567756185544],[-59.461498232691405,-34.44302690052546],[-59.459539720538075,-34.443018259446355],[-59.459537979008616,-34.443288687195498],[-59.45823230049691,-34.443282908991598],[-59.458230554737391,-34.443553336670554],[-59.457577713517651,-34.44355044231154],[-59.45757596563142,-34.443820869949313],[-59.45692312240142,-34.443817972075813],[-59.456921372388415,-34.444088399672374],[-59.456594949756663,-34.444086949414022],[-59.456591447557194,-34.444627804541788],[-59.456265022845258,-34.444626353382894],[-59.456259766215645,-34.445437635940287],[-59.455933338371672,-34.445436183866192],[-59.455924571596078,-34.446788321147615],[-59.456251004699283,-34.446789773294739],[-59.456249252325954,-34.44706020072946],[-59.455596384039126,-34.447057295534535],[-59.455592875014766,-34.447598150309318],[-59.454940002613839,-34.447595241570092],[-59.454943515845841,-34.447054386853829],[-59.454617081784292,-34.447052931206308],[-59.454620597026413,-34.446512076471073],[-59.454294165092072,-34.446510619981417],[-59.454297682344205,-34.44596976522724],[-59.453971252536988,-34.445968307895477],[-59.453976531394879,-34.445157025717748],[-59.453650104766581,-34.445155567558565],[-59.453651865390761,-34.444885140156551],[-59.453978290967292,-34.444886598301068],[-59.453981810041753,-34.444345743431477],[-59.454308233538185,-34.444347200675288],[-59.454311750415378,-34.443806345728142],[-59.453985329022416,-34.44380488851364],[-59.453987088477582,-34.443534461036634],[-59.453660668159777,-34.443533002965466],[-59.453662428643206,-34.443262575491083],[-59.453009590181445,-34.443259656764106],[-59.453011352744788,-34.44298922930701],[-59.452684934600825,-34.442987768651243],[-59.452686698192338,-34.442717341196769],[-59.452360281123553,-34.4427158796844],[-59.452365574912079,-34.441904597292734],[-59.452039161021737,-34.441903134953186],[-59.452040926622502,-34.44163270747989],[-59.451714513807325,-34.441631244283776],[-59.451716280436159,-34.441360816813145],[-59.451389868696133,-34.441359352760486],[-59.451391636353009,-34.441088925292519],[-59.451065225688133,-34.441087460383336],[-59.451066994373036,-34.440817032918041],[-59.450740584783304,-34.440815567152377],[-59.450742354496199,-34.440545139689767],[-59.450415945981597,-34.440543673067602],[-59.450417716722477,-34.440273245607671],[-59.450091309283025,-34.440271778129045],[-59.450094852797008,-34.439730923202546],[-59.449768447484225,-34.439729454882233],[-59.449770220257314,-34.43945902741568],[-59.449443816019652,-34.439457558238942],[-59.449445589820591,-34.439187130775096],[-59.449119186658073,-34.439185660741941],[-59.449122736292004,-34.438644805807648],[-59.448796335256077,-34.438643334932898],[-59.448798111088998,-34.438372907462451],[-59.448471711128178,-34.438371435731341],[-59.448475264825888,-34.437830580783881],[-59.447822469181034,-34.437827634767473],[-59.447820690241166,-34.438098062217605],[-59.447494291402869,-34.438096587887856],[-59.447490731349149,-34.438637442722253],[-59.44716433043169,-34.438635967491663],[-59.447166111521845,-34.438365540095319],[-59.44683971167958,-34.438364064008411],[-59.446836147372593,-34.438904918759299],[-59.446509745451159,-34.438903441771522],[-59.446507962210568,-34.439173869114008],[-59.446181559261426,-34.439172391240191],[-59.446179774945591,-34.439442818555754],[-59.445853370968734,-34.439441339795849],[-59.445848014723992,-34.440252621625525],[-59.445521607616378,-34.440251141949773],[-59.445519821102351,-34.440521569187332],[-59.445193412966987,-34.440520088625469],[-59.445191625377575,-34.440790515836042],[-59.444865216214509,-34.440789034388061],[-59.444861638861063,-34.441329888743226],[-59.444535227618672,-34.44132840639417],[-59.444533437854574,-34.441598833538755],[-59.444207025584447,-34.441597350303525],[-59.444205234744899,-34.441867777421116],[-59.443878821447015,-34.441866293299675],[-59.443875237593069,-34.44240714746882],[-59.443548822215789,-34.442405662446241],[-59.443543443100779,-34.443216943564657],[-59.443217024592386,-34.443215457625953],[-59.443213436292815,-34.443756311614663],[-59.44288701570494,-34.443754824774722],[-59.442881629921068,-34.444566105622449],[-59.442555206201902,-34.444564617866298],[-59.442557002538862,-34.444294190944078],[-59.442230579895387,-34.444292702331516],[-59.442225187657378,-34.445103983017027],[-59.441898761882555,-34.445102493488143],[-59.441896963370191,-34.445372920344226],[-59.441570536567554,-34.445371429928983],[-59.44156513773116,-34.446182710379802],[-59.441238707797055,-34.446181219048178],[-59.441236907085106,-34.446451645825988],[-59.440910476123136,-34.446450153607941],[-59.440908674335333,-34.446720580358651],[-59.440255810379718,-34.446717593278251],[-59.440266633368267,-34.445095032773189],[-59.440593059023101,-34.445096526658936],[-59.440598467037589,-34.44428524619844],[-59.440924889561153,-34.444286739167751],[-59.440928492680563,-34.44374588543706],[-59.441254913124681,-34.443747377505005],[-59.441256713596673,-34.443476950606538],[-59.440930294204264,-34.443475458553607],[-59.44093209570395,-34.443205031658096],[-59.441258514044662,-34.443206523696013],[-59.441260314468664,-34.442936096773444],[-59.441586731781697,-34.442937587925044],[-59.44159033045441,-34.442396734013677],[-59.441916745688118,-34.442398224263997],[-59.441922140362458,-34.441586943261484],[-59.442248552465237,-34.441588432595566],[-59.442252146691814,-34.441047578503593],[-59.442578556715368,-34.441049066936458],[-59.442582148743028,-34.440508212766311],[-59.442908556687399,-34.440509700297994],[-59.442910351613776,-34.440239273179849],[-59.443236758530524,-34.440240759825372],[-59.443238552381473,-34.439970332680197],[-59.443564958270606,-34.439971818439538],[-59.443566751046113,-34.43970139126737],[-59.443893155907624,-34.439702876140565],[-59.443898530936366,-34.438891594506849],[-59.444224932667296,-34.438893078464055],[-59.444228513797505,-34.438352223951405],[-59.444554913449409,-34.438353707007593],[-59.444558492381326,-34.43781285241684],[-59.444884889954231,-34.437814334572032],[-59.444886678332999,-34.437543907243672],[-59.445213074878318,-34.437545388512824],[-59.44521843671756,-34.436734106410604],[-59.445544830132576,-34.436735586763945],[-59.445551974712821,-34.435653877065874],[-59.44522558550311,-34.435652396772106],[-59.445227372639955,-34.435381969332312],[-59.44620653718659,-34.435386407555754],[-59.446208321145797,-34.435115980059265],[-59.4465347083243,-34.435117457710085],[-59.446538274068857,-34.434576602651163],[-59.446211888992863,-34.434575125030086],[-59.446210105081221,-34.434845552550719],[-59.445557332898076,-34.434842594665653],[-59.44555554686012,-34.435113022144463],[-59.445229159752984,-34.435111541880467],[-59.445234520949171,-34.434300259452563],[-59.445560904902557,-34.434301739671859],[-59.44556269086911,-34.43403131215689],[-59.445236307966937,-34.434029831952472],[-59.445238094960885,-34.433759404440316],[-59.444911713133742,-34.433757923379787],[-59.444913501155071,-34.433487495870466],[-59.444587120402929,-34.433486013953832],[-59.444585331330408,-34.433756441448239],[-59.444258949550935,-34.4337549586457],[-59.44425715940335,-34.434025386113113],[-59.44360439381358,-34.434022417865116],[-59.443602601539695,-34.434292845290614],[-59.443276217729391,-34.434291359845126],[-59.443278011054488,-34.434020932434599],[-59.442298862920715,-34.434016470916909],[-59.442297066441967,-34.434286898282565],[-59.441644299036696,-34.434283919552385],[-59.441646097617863,-34.434013492216707],[-59.440666949843411,-34.434009017633763],[-59.44066875155422,-34.433738590331025],[-59.440342370061948,-34.43373709707636],[-59.440340567299941,-34.434007524364084],[-59.44001418478048,-34.434006030223379],[-59.440012380943202,-34.434276457483989],[-59.439685997396587,-34.434274962457252],[-59.439682387547478,-34.434815816912206],[-59.438376845191719,-34.434809827974455],[-59.438375036026059,-34.43508025512358],[-59.438048649446095,-34.435078755696459],[-59.438045028939889,-34.435619609928338],[-59.438697806329024,-34.435622607971879],[-59.438699614491625,-34.435352180831799],[-59.43902600217104,-34.435353678531904],[-59.439027809258285,-34.435083251364695],[-59.440333356011607,-34.435089233394308],[-59.440331553129468,-34.435359660621707],[-59.439352389874557,-34.435355175360925],[-59.43935058381453,-34.435625602531147],[-59.43902419505973,-34.435624105687047],[-59.439022387924332,-34.435894532830119],[-59.438695998142329,-34.435893035099895],[-59.438694189931539,-34.436163462215845],[-59.438041408337185,-34.436160464111971],[-59.438039597999648,-34.436430891185701],[-59.437713206187311,-34.436429390812044],[-59.437709583337167,-34.436970244893118],[-59.437383189446294,-34.436968743618152],[-59.437381376933637,-34.437239170625489],[-59.437054982015553,-34.437237668464313],[-59.437053168427376,-34.437508095444464],[-59.436400376560954,-34.437505088478503],[-59.436398560845795,-34.437775515416327],[-59.436072163897492,-34.437774010611527],[-59.436068530291763,-34.438314864420718],[-59.435742131264824,-34.43831335871446],[-59.435738495459375,-34.438854212445101],[-59.435412094353779,-34.438852705837398],[-59.435410275363246,-34.439123132669451],[-59.43508387323044,-34.439121625175403],[-59.43508205316418,-34.439392051980235],[-59.434755650004149,-34.439390543599842],[-59.434759292215325,-34.438849690008446],[-59.43508569327242,-34.438851198358506],[-59.435087513290171,-34.438580771529544],[-59.435413913320062,-34.438582278993266],[-59.435415732262122,-34.438311852137062],[-59.435089333283656,-34.438310344688524],[-59.435091153252898,-34.438039917835418],[-59.434111959617333,-34.438035390308414],[-59.434113782716537,-34.437764963488796],[-59.434440179519363,-34.437766473520426],[-59.434443823542097,-34.437225619814619],[-59.43411742884205,-34.437224109813393],[-59.43411560579144,-34.43749453665712],[-59.43378921006429,-34.437493025769569],[-59.43378738593799,-34.437763452586033],[-59.433134592453847,-34.437760428167124],[-59.433136418682928,-34.437490001381072],[-59.432483627398938,-34.437486973508072],[-59.432485455706413,-34.43721654674043],[-59.432811850284871,-34.437218061097248],[-59.432813677516641,-34.4369476343023],[-59.435751220354526,-34.43696122417672],[-59.435753038099783,-34.436690797232991],[-59.436079430818396,-34.43669230284835],[-59.436081247488097,-34.436421875877393],[-59.436407639179585,-34.436423380606513],[-59.436409454773738,-34.436152953608349],[-59.436735845438093,-34.436154457451238],[-59.436737659956755,-34.435884030425882],[-59.437064049593978,-34.435885533382582],[-59.437069489851034,-34.43507425218877],[-59.436743103367661,-34.435072749277431],[-59.436744917789603,-34.434802322203836],[-59.437071303221721,-34.43480382510004],[-59.437073116568243,-34.434533397999225],[-59.437399500973278,-34.43453490000929],[-59.437401313244401,-34.43426447288131],[-59.438054080024493,-34.434267474258114],[-59.438052269855802,-34.434537901416284],[-59.438378654333277,-34.434539400813236],[-59.438380463450706,-34.434268973639981],[-59.439033230375472,-34.434271969790679],[-59.439035037366381,-34.434001542575196],[-59.439361419813686,-34.434003039328935],[-59.439366837488357,-34.433191757564991],[-59.440672354903839,-34.433197735689347],[-59.440674156542627,-34.432927308350408],[-59.441326913292137,-34.432930292156648],[-59.441330512293121,-34.432389437382554],[-59.441983264934017,-34.432392417644884],[-59.441985062296304,-34.432121990209751],[-59.442311437601575,-34.432123479019495],[-59.442313233888797,-34.43185305155734],[-59.442639608166886,-34.431854539481137],[-59.442643198567346,-34.431313684490661],[-59.442316826391426,-34.431312196596799],[-59.442318622606834,-34.431041769098442],[-59.441992251505901,-34.431040280348633],[-59.441995845967007,-34.430499425345694],[-59.441669476992111,-34.430497935754921],[-59.441674871657135,-34.429686653205003],[-59.441348505859224,-34.429685162788324],[-59.441353903461476,-34.428873880174848],[-59.441027540840444,-34.428872388932291],[-59.441032941379675,-34.428061106255271],[-59.440706581935402,-34.428059614186935],[-59.440711985411355,-34.427248331446364],[-59.440385629143741,-34.42724683855225],[-59.440383826958218,-34.42751726612947],[-59.440057469663742,-34.427515772349544],[-59.44006287930079,-34.426704489626758],[-59.439736525182902,-34.426702995021145],[-59.439743741899093,-34.425621284615389],[-59.439091042141861,-34.425618292912219],[-59.439092848362343,-34.425347865310719],[-59.439419197178154,-34.425349361582619],[-59.439421002323805,-34.425078933954026],[-59.43974735011291,-34.425080429340142],[-59.439750958230576,-34.424539574016634],[-59.438771921239805,-34.424535085336444],[-59.438773728414716,-34.424264657701762],[-59.439100073003523,-34.424266154784135],[-59.439101879103646,-34.423995727122339],[-59.438775535565533,-34.423994230055015],[-59.438779149794904,-34.423453374725355],[-59.438452808382223,-34.423451876817509],[-59.438454616511443,-34.423181449149652],[-59.438128276173515,-34.423179950386206],[-59.438131894460938,-34.422639095044481],[-59.437805556248371,-34.422637595440541],[-59.437809176540561,-34.422096740080747],[-59.437482840453342,-34.42209523963637],[-59.437486462750186,-34.421554384258513],[-59.43716012878825,-34.421552882973728],[-59.437163753089649,-34.421012027577838],[-59.43683742125296,-34.421010525452651],[-59.436844673767986,-34.419928814576608],[-59.436518346157492,-34.419927311641331],[-59.436523788441427,-34.419116028403018],[-59.436197464006462,-34.419114524642595],[-59.436201094175701,-34.41857366912032],[-59.435874771865763,-34.418572164519638],[-59.435876587964508,-34.418301736755552],[-59.43555026672918,-34.418300231299511],[-59.435552083854112,-34.418029803538523],[-59.435225763693381,-34.418028297227146],[-59.435227581844465,-34.417757869469256],[-59.434901262758331,-34.417756362302534],[-59.434903081935545,-34.417485934547734],[-59.434576763924014,-34.417484426525725],[-59.43457858412733,-34.417213998774031],[-59.434252267190409,-34.41721248989672],[-59.434254088419785,-34.416942062148145],[-59.433927772557453,-34.416940552415568],[-59.433929594812867,-34.416670124670127],[-59.433603280025132,-34.416668614082276],[-59.433606926563719,-34.416127758585645],[-59.43328061390087,-34.416126247157749],[-59.433284262442783,-34.415585391643297],[-59.432957951904754,-34.415583879375419],[-59.432967078085156,-34.414231740454248],[-59.432640772822552,-34.414230227392061],[-59.432646251389372,-34.413418943940293],[-59.432319949301579,-34.413417430053478],[-59.432323603658013,-34.412876574389131],[-59.431997303694835,-34.412875059662454],[-59.43199913188662,-34.412604631827435],[-59.431672832997897,-34.412603116245684],[-59.431676491408567,-34.412062260569954],[-59.431350194644359,-34.412060744148413],[-59.431352024863195,-34.411790316307695],[-59.431025729173456,-34.411788799031136],[-59.431027560417931,-34.41151837119363],[-59.430701265802647,-34.411516853062039],[-59.430703098072748,-34.411246425227766],[-59.430050511015509,-34.411243386384342],[-59.430052345361226,-34.410972958568593],[-59.429726052919271,-34.410971437856759],[-59.42972788829055,-34.410701010044249],[-59.429401596923071,-34.410699488477483],[-59.429403433319862,-34.410429060668221],[-59.428750852758313,-34.41042601495456],[-59.428752691230592,-34.410155587163885],[-59.428426402036528,-34.410154063017025],[-59.428428241534263,-34.409883635229626],[-59.427449377249097,-34.409879057613715],[-59.427451219872154,-34.409608629860315],[-59.427124932876133,-34.409607102263266],[-59.42712308920315,-34.409877530001275],[-59.426796801181759,-34.409876001518626],[-59.426794956434229,-34.410146429229187],[-59.426468667387475,-34.410144899860917],[-59.42646497571873,-34.410685755215077],[-59.426138684596609,-34.410684224945761],[-59.426134990729437,-34.411225080220852],[-59.425808697531934,-34.411223549050462],[-59.42580500146623,-34.411764404246476],[-59.425478706193289,-34.411762872174982],[-59.425465761836875,-34.413655864873107],[-59.425139459237919,-34.413654331823317],[-59.425133908136438,-34.414465614180976],[-59.424807602411633,-34.414464080214529],[-59.424800196396866,-34.415545789794074],[-59.424473886495889,-34.415544254895472],[-59.424470181239947,-34.41608510958195],[-59.424143869263141,-34.416083573782018],[-59.424138308043169,-34.416894855674904],[-59.423811992940202,-34.416893318958152],[-59.423808283236063,-34.417434173462141],[-59.423481966057139,-34.417432635844001],[-59.423476398164468,-34.418243917463073],[-59.423150077859212,-34.418242378927992],[-59.42314636370628,-34.418783233249421],[-59.422820041324997,-34.418781693812861],[-59.422810750257355,-34.420133829327789],[-59.422484422648616,-34.420132288943236],[-59.422469547248333,-34.422295705015621],[-59.422143211260092,-34.422294163636437],[-59.422119021693064,-34.425809712905327],[-59.422445371340132,-34.425811254486177],[-59.422426771637369,-34.428515521921902],[-59.422100411481885,-34.428513980185926],[-59.422092966702962,-34.429595686760265],[-59.4217666023685,-34.429594144091368],[-59.421761015370905,-34.430405423848839],[-59.422087382858315,-34.430406966564298],[-59.422078075954474,-34.431759099329639],[-59.422404448721913,-34.431760641251792],[-59.422398867435248,-34.43257192081272],[-59.422725243380768,-34.432573461910444],[-59.422721524501291,-34.433114314921724],[-59.42304790257387,-34.433115855179494],[-59.423046044148109,-34.43338628168253],[-59.42337242329662,-34.433387821084793],[-59.42337056589728,-34.433658247591254],[-59.423696946121702,-34.433659786137987],[-59.42369508974879,-34.433930212647866],[-59.424021471049159,-34.433931750339084],[-59.424019615702697,-34.434202176852352],[-59.424345998078962,-34.434203713688042],[-59.424344143759015,-34.434474140204721],[-59.424670527211227,-34.434475676184817],[-59.424668673917772,-34.434746102704885],[-59.424995058445894,-34.434747637829432],[-59.424993206178989,-34.43501806435286],[-59.425319591783058,-34.435019598621793],[-59.425315889277726,-34.435560451663328],[-59.424989501571147,-34.435558917363522],[-59.424970977050663,-34.438263181692676],[-59.425297375270745,-34.438264716146882],[-59.425293672173268,-34.438805568898758],[-59.425620072520886,-34.438807102512662],[-59.425618221986589,-34.439077528885917],[-59.426597426331725,-34.439082124546871],[-59.426595578927163,-34.439352550954318],[-59.426921981476269,-34.439354081114345],[-59.426920135098577,-34.439624507525096],[-59.427246538723772,-34.439626036829324],[-59.42724469337297,-34.439896463243407],[-59.427571098074253,-34.439897991691822],[-59.427569253750377,-34.440168418109209],[-59.427895659527749,-34.440169945701804],[-59.427893816230821,-34.440440372122488],[-59.428220223084274,-34.44044189885922],[-59.428218380814322,-34.440712325283194],[-59.428871196697976,-34.440715376173699],[-59.428869356506581,-34.440985802616289],[-59.430174992774248,-34.440991894003851],[-59.430173156764617,-34.441262320495689],[-59.430499566944299,-34.441263841179783],[-59.430497731961786,-34.441534267674839],[-59.430171320730501,-34.44153274697544],[-59.430169484671943,-34.441803173443098],[-59.429843072413526,-34.441801651857141],[-59.429839398119739,-34.44234250472568],[-59.430165812481377,-34.442344026342255],[-59.430160304012034,-34.443155305600477],[-59.430486721553123,-34.443156826391657],[-59.430483051221266,-34.443697679200739],[-59.430809470890168,-34.443699199151197],[-59.430807636739267,-34.443969625552931],[-59.431134057484336,-34.443971144647335],[-59.431132224360709,-34.444241571052281],[-59.43178506802758,-34.444244606657655],[-59.431783236983009,-34.444515033081053],[-59.432762505821493,-34.444519579999771],[-59.432766161575842,-34.443978727049412],[-59.433092582467275,-34.443980240915813],[-59.433094409256192,-34.443709814407313],[-59.433420829120259,-34.443711327387149],[-59.433415351835656,-34.444522606922156],[-59.433741774879238,-34.444524119076313],[-59.433739950120795,-34.444794545579057],[-59.434066374240437,-34.44479605687706],[-59.434064550509454,-34.445066483382931],[-59.434390975705185,-34.445067993824772],[-59.434389153001668,-34.44533842033379],[-59.434062726754163,-34.445336909876751],[-59.434055431489945,-34.446418615731332],[-59.433729001059461,-34.446417104342089],[-59.433730825963814,-34.446146677911749],[-59.433077967279495,-34.446143652549488],[-59.433070659101276,-34.4472253580767],[-59.433397092638707,-34.447226871254422],[-59.433398918667912,-34.446956444875489],[-59.433725351177806,-34.446957957166553],[-59.433716226048034,-34.448310089016573],[-59.432084037444326,-34.448302518466136],[-59.432087698088495,-34.447761665914641],[-59.43241413365665,-34.447763181737194],[-59.432417792099464,-34.447222329106921],[-59.432744225588195,-34.447223844027526],[-59.432757022007301,-34.44533085933481],[-59.432430595881442,-34.445329344520857],[-59.432432424895659,-34.445058918103157],[-59.432105999845959,-34.4450574024331],[-59.432107829887585,-34.44478697601857],[-59.430475710264041,-34.444779384674064],[-59.430477545540022,-34.44450895832383],[-59.430151122740384,-34.444507437456146],[-59.430152959043667,-34.444237011109152],[-59.429826537320238,-34.444235489385413],[-59.429828374650768,-34.443965063041674],[-59.429501954003548,-34.443963540461915],[-59.429505630694536,-34.443422687768823],[-59.42983204923835,-34.44342421031795],[-59.42983388649543,-34.44315378393798],[-59.429507469003298,-34.443152261404173],[-59.429511145547302,-34.442611408638683],[-59.429184730183017,-34.442609885264226],[-59.429188408732294,-34.442069032481115],[-59.428861995495758,-34.442067508266021],[-59.428863835785243,-34.441797081871698],[-59.426578951178271,-34.441786388078128],[-59.426580798804409,-34.441515961779317],[-59.426254387867679,-34.441514430624871],[-59.426256236520778,-34.441244004329391],[-59.425929826660258,-34.441242472319111],[-59.425935375626395,-34.440431193406489],[-59.424629749049558,-34.440425056838144],[-59.42462789521268,-34.440695483092689],[-59.423975079969374,-34.440692409550294],[-59.423976935909323,-34.440421983326679],[-59.423650529376289,-34.440420445264117],[-59.423652386343036,-34.440150019043898],[-59.423325980886283,-34.440148480125629],[-59.423331554792519,-34.43933720143901],[-59.423005152515017,-34.439335661695978],[-59.423007011485694,-34.439065235458457],[-59.422680610284431,-34.439063694859755],[-59.422682470281799,-34.438793268625652],[-59.422356070156745,-34.438791727171285],[-59.422357931180777,-34.43852130094065],[-59.422031532131982,-34.438519758630619],[-59.422038980185668,-34.43743805364938],[-59.422365375028853,-34.437439595897338],[-59.422367235928888,-34.437169169606321],[-59.422693629745496,-34.437170710967649],[-59.42269734936847,-34.436629858318419],[-59.42302374110718,-34.436631398777642],[-59.42302745852836,-34.436090546049137],[-59.422701068892273,-34.436089005620914],[-59.422706647992122,-34.435277726484152],[-59.422380261534663,-34.43527618523138],[-59.422382122236307,-34.435005758843815],[-59.422055736854908,-34.435004216735507],[-59.422057598582981,-34.434733790351409],[-59.421404829997101,-34.434730703552731],[-59.421412285070986,-34.433648998019819],[-59.421085905020114,-34.433647453376103],[-59.421093363901178,-34.432565747712275],[-59.420766988079762,-34.432564202259748],[-59.420774450767595,-34.431482496464987],[-59.420448079175401,-34.431480950203749],[-59.420453679083366,-34.430669670777633],[-59.419800942279878,-34.430666575735792],[-59.419799073566715,-34.43093700219211],[-59.419472704151289,-34.43093545334925],[-59.419470834362187,-34.431205879777906],[-59.419144463920638,-34.431204330048544],[-59.419142593055547,-34.431474756449532],[-59.418816221587868,-34.431473205833676],[-59.418812477680753,-34.432014058568221],[-59.418486104135873,-34.432012507050224],[-59.418484231093792,-34.432282933383782],[-59.418157856522789,-34.432281380979227],[-59.418150359900331,-34.433363086130306],[-59.417823981149759,-34.433361532792283],[-59.417827731613237,-34.432820680272137],[-59.417501354989952,-34.432819126094401],[-59.417508859821432,-34.431737420971814],[-59.41718248742756,-34.431735865985701],[-59.417184364623999,-34.431465439690513],[-59.416857993306216,-34.431463883849126],[-59.416859871528679,-34.431193457557519],[-59.416533501286978,-34.431191900860881],[-59.41653538053545,-34.430921474572877],[-59.41686174972611,-34.430923031253883],[-59.416863627898522,-34.43065260493816],[-59.417516364252869,-34.430655715656115],[-59.417518240298207,-34.430385289297014],[-59.41784460746188,-34.430386843334034],[-59.417846482431244,-34.430116416947229],[-59.418499214731533,-34.430119522377332],[-59.418501087573922,-34.429849095947205],[-59.419153817872079,-34.42985219786258],[-59.419157559278155,-34.429311344903709],[-59.419810285472153,-34.429314443273263],[-59.419812154035917,-34.429044016744555],[-59.420138516119337,-34.429045564607463],[-59.420144118508425,-34.428234284902203],[-59.420470477464001,-34.428235831847587],[-59.420489139968481,-34.42553156522321],[-59.420815488440653,-34.425533111142201],[-59.420856514083759,-34.41958371997854],[-59.421182839467534,-34.419585264684812],[-59.421188429790249,-34.418773983572422],[-59.421514752047599,-34.418775527361532],[-59.421520338995656,-34.417964246093945],[-59.42184665812664,-34.417965788965972],[-59.421852241700314,-34.417154507543209],[-59.422178557705081,-34.417156049498189],[-59.422182277862881,-34.416615195124976],[-59.422508591791839,-34.416616736178476],[-59.422512309749898,-34.41607588172598],[-59.42283862160307,-34.41607742187805],[-59.422844195203645,-34.415266140062315],[-59.42317050393082,-34.415267679297479],[-59.423176074157958,-34.414456397326681],[-59.423502379759256,-34.414457935645004],[-59.423511657725534,-34.413105798708294],[-59.423837958100805,-34.41310733607888],[-59.423852793160513,-34.410943916229002],[-59.424179085160041,-34.410945452605539],[-59.424186497896883,-34.409863742329179],[-59.424512785721198,-34.409865277773655],[-59.42451834186474,-34.409053994893377],[-59.424844626563953,-34.409055529421281],[-59.424853881060223,-34.40770339096894],[-59.424527601610343,-34.407701856518258],[-59.424531305335826,-34.407161001083765],[-59.423878750709434,-34.407157929633748],[-59.423876896759403,-34.407428357326097],[-59.423550618433453,-34.407426820280428],[-59.423548763408888,-34.407697247945258],[-59.423222484057824,-34.407695710013947],[-59.423220627958706,-34.407966137651236],[-59.422894347582528,-34.407964598834276],[-59.422892490408813,-34.408235026444004],[-59.422566209007556,-34.408233486741395],[-59.42256435075921,-34.408503914323568],[-59.422238068332831,-34.408502373735274],[-59.422236209009839,-34.408772801289878],[-59.421583642131679,-34.408769717471706],[-59.421581780684129,-34.409040144983209],[-59.421255496232348,-34.409038601753316],[-59.421253633710073,-34.409309029237214],[-59.420927348233228,-34.40930748512158],[-59.420923621014325,-34.409848340022101],[-59.42059733346246,-34.409846795005166],[-59.420595468765804,-34.410117222421782],[-59.419942891636694,-34.410114129746106],[-59.419941024815273,-34.410384557119535],[-59.419614735238071,-34.410383009460766],[-59.419610999420613,-34.410923864140258],[-59.419284707768334,-34.410922315580081],[-59.419282838772247,-34.411192742886158],[-59.418956546094876,-34.411191193440139],[-59.418954676023873,-34.411461620718541],[-59.418628382321387,-34.411460070386646],[-59.418624640004531,-34.412000924876047],[-59.417972048474255,-34.411997821538975],[-59.417970175178304,-34.412268248734343],[-59.41764387840054,-34.412266695744755],[-59.417642004029538,-34.412537122912397],[-59.417315706226681,-34.412535569036848],[-59.417311955309572,-34.41307642330473],[-59.41698565543151,-34.413074868527588],[-59.416981902314177,-34.413615722715889],[-59.417308204292482,-34.413617277524331],[-59.417302577579377,-34.414428558763227],[-59.417628882733148,-34.414430112748271],[-59.417627008162292,-34.414700539819385],[-59.417953314391234,-34.414702092949661],[-59.417949567275016,-34.415242947086995],[-59.417623258945667,-34.41524139392547],[-59.417621384299899,-34.415511820960411],[-59.417295074945287,-34.415510266912825],[-59.417296950641308,-34.41523983989353],[-59.416970642361946,-34.415238284991204],[-59.416972519083181,-34.414967857975505],[-59.416646211879041,-34.414966302218424],[-59.416648089625454,-34.414695875206299],[-59.416321783496528,-34.414694318594506],[-59.416323662268134,-34.414423891585983],[-59.415997357214422,-34.414422334119486],[-59.415999237011128,-34.414151907114551],[-59.415672933032667,-34.41415034879337],[-59.415671052185779,-34.414420775782624],[-59.415344747182196,-34.414419216575389],[-59.415346629079252,-34.414148789601839],[-59.415020325150927,-34.414147229539921],[-59.415022208073047,-34.413876802570016],[-59.414695905219965,-34.413875241653479],[-59.41469967308921,-34.413334387708865],[-59.414047071658935,-34.413331263327585],[-59.414054615496887,-34.412249555419336],[-59.41470720852643,-34.412252679674815],[-59.41470909232298,-34.411982252636136],[-59.415361683352828,-34.411985373379039],[-59.41536356502418,-34.411714946296875],[-59.415689859526708,-34.411716505347187],[-59.415693620694114,-34.411175651115293],[-59.416019913121644,-34.411177209263961],[-59.416021792617762,-34.410906782114232],[-59.416348084020335,-34.410908339376974],[-59.416349962441416,-34.410637912199498],[-59.41667625281903,-34.410639468576321],[-59.416678130165103,-34.410369041371112],[-59.41700441951776,-34.410370596862045],[-59.417006295788852,-34.410100169629118],[-59.417332584116558,-34.410101724234146],[-59.417334459312691,-34.409831296973508],[-59.417987033943184,-34.409834403541602],[-59.417988907014454,-34.409563976237649],[-59.418315193317206,-34.409565528200737],[-59.418317065313609,-34.40929510086908],[-59.418643350591381,-34.409296651946363],[-59.418647092409529,-34.408755797215647],[-59.418973375612445,-34.408757347391514],[-59.418975245434247,-34.408486919992448],[-59.419301527612205,-34.408488469282538],[-59.419303396359211,-34.408218041855818],[-59.419629677512191,-34.408219590260146],[-59.419631545184458,-34.407949162805778],[-59.419957825312494,-34.407950710324343],[-59.419961558482669,-34.407409855348256],[-59.420287836535913,-34.407411401965525],[-59.420291567506979,-34.406870546910049],[-59.420617843485481,-34.406872092626088],[-59.420619707883958,-34.406601665064684],[-59.420945982837502,-34.406603209895032],[-59.420949709460359,-34.406062354704943],[-59.421275982339232,-34.406063898634102],[-59.421277844563669,-34.405793471005417],[-59.421604116417612,-34.405795014048927],[-59.421611560868364,-34.404713303351443],[-59.421285293213245,-34.404711760370034],[-59.421287155313593,-34.404441332681031],[-59.420960888732964,-34.404439788845124],[-59.420962751858156,-34.404169361159589],[-59.420636486352016,-34.404167816469183],[-59.420638350502024,-34.403897388787129],[-59.420312086070361,-34.403895843242225],[-59.420313951245149,-34.403625415563688],[-59.41966142455567,-34.403622321894929],[-59.419663291804845,-34.403351894235442],[-59.419337029547037,-34.403350346111608],[-59.419338897820928,-34.403079918455646],[-59.419012636637603,-34.403078369477413],[-59.419014505936175,-34.402807941824975],[-59.418361985743502,-34.402804841289672],[-59.41836385711629,-34.402534413656362],[-59.418037598106913,-34.40253286209937],[-59.41803947050434,-34.40226243446962],[-59.417713212569467,-34.402260882058229],[-59.417715085991489,-34.401990454432067],[-59.417388829131127,-34.401988901166348],[-59.417390703577695,-34.401718473543738],[-59.417064447791859,-34.401716919423691],[-59.417066323262958,-34.401446491804677],[-59.416413813865304,-34.401443380986038],[-59.416415691410407,-34.401172953386236],[-59.416089437798604,-34.401171396687651],[-59.416091316368167,-34.400900969091467],[-59.415765063830889,-34.400899411538624],[-59.415766943424877,-34.400628983946056],[-59.41511444052442,-34.400625866261969],[-59.415116322192283,-34.400355438688706],[-59.414790071829117,-34.400353878557475],[-59.414791954521348,-34.400083450987871],[-59.413160708329386,-34.400075637361702],[-59.413158820389931,-34.400346064852663],[-59.412832570177528,-34.400344499501976],[-59.412828792124273,-34.400885354416189],[-59.412502539838115,-34.400883788164045],[-59.412500649724223,-34.40115421558729],[-59.412174396413789,-34.401152648449447],[-59.412170614011465,-34.401693503228159],[-59.411844358627214,-34.401691935188836],[-59.411842466338726,-34.401962362544289],[-59.411516209930177,-34.401960793619203],[-59.411512423178465,-34.402501648262401],[-59.411186164696041,-34.402500078435729],[-59.411184270232766,-34.40277050572341],[-59.410858010726052,-34.402768935010982],[-59.410854219624589,-34.403309789518524],[-59.410527958043978,-34.403308217904467],[-59.410526061405747,-34.40357864512432],[-59.410199798800789,-34.403577072624394],[-59.410197901087649,-34.403847499816372],[-59.40987163745838,-34.403845926430606],[-59.409867839856965,-34.404386780746641],[-59.409541574153714,-34.404385206459168],[-59.40953777435174,-34.40492606069526],[-59.409211506574479,-34.404924485506022],[-59.409209605585829,-34.405194912590112],[-59.408883336784207,-34.405193336514962],[-59.408881434720527,-34.405463763571127],[-59.408555164894551,-34.405462186610045],[-59.408551358591694,-34.406003040654397],[-59.40822508669163,-34.40600146279148],[-59.40822318245241,-34.406271889779674],[-59.407896909527992,-34.40627031103076],[-59.407893098873885,-34.406811164939178],[-59.406914273954449,-34.406806423376388],[-59.406912365439965,-34.407076850264758],[-59.406586089467901,-34.407075267987679],[-59.406584179878166,-34.407345694848075],[-59.406257902881755,-34.407344111684935],[-59.40625408152632,-34.407884965337615],[-59.405927802455722,-34.407883381272441],[-59.405914419560425,-34.409776368565048],[-59.40656699242539,-34.409779536048369],[-59.406565082581167,-34.410049962788065],[-59.407217657647813,-34.410053126822383],[-59.407206210647757,-34.411675687198091],[-59.406879916801792,-34.41167410552054],[-59.40687228075965,-34.412755812132595],[-59.407198578805847,-34.412757393873839],[-59.407187130280128,-34.414379953525362],[-59.40686082593318,-34.414378371688613],[-59.406855098176457,-34.41518965130367],[-59.407181405673981,-34.415191233188189],[-59.407177589142734,-34.415732086236375],[-59.407503898766123,-34.415733667282304],[-59.407500084233654,-34.416274520314033],[-59.407826395982973,-34.416276100521358],[-59.407824489728874,-34.416546527035038],[-59.408150802553862,-34.416548106387829],[-59.408148897324672,-34.416818532905324],[-59.408801525151404,-34.416821689031387],[-59.408799621997403,-34.417092115568565],[-59.409125936999125,-34.417093692341794],[-59.409124034870089,-34.417364118882773],[-59.409450350947488,-34.417365694801397],[-59.40944654871403,-34.41790654787885],[-59.409772866917422,-34.417908122958742],[-59.409769066683381,-34.418448976019612],[-59.410095387012831,-34.418450550260701],[-59.410089689623021,-34.419261829809024],[-59.410416013128994,-34.41926340322712],[-59.410414114998872,-34.419533829734917],[-59.410740439580564,-34.419535402298308],[-59.410738542475599,-34.419805828809857],[-59.411064868133025,-34.419807400518536],[-59.411062972053216,-34.420077827033836],[-59.411389298786375,-34.420079397887783],[-59.411381718416472,-34.421161103891521],[-59.411708049376855,-34.421162673938099],[-59.411704261141438,-34.421703526899137],[-59.412030594228142,-34.42170509610672],[-59.412028701123127,-34.421975522584944],[-59.413007703686233,-34.421980225031405],[-59.412996363437259,-34.423602783931088],[-59.413322703979013,-34.423604349766556],[-59.413320814900011,-34.423874776223336],[-59.413647156517577,-34.423876341203894],[-59.413643380385416,-34.424417194112777],[-59.413969724129515,-34.424418758254106],[-59.413967837076399,-34.424689184706182],[-59.414620526741423,-34.424692310408261],[-59.414618641764584,-34.424962736879721],[-59.415271333631509,-34.42496585913041],[-59.415267567805415,-34.425506712099931],[-59.415593915877984,-34.425508271950619],[-59.415590152053056,-34.426049124903265],[-59.415263801878915,-34.426047565021193],[-59.415258152801009,-34.426858844312548],[-59.414931799499591,-34.426857283512632],[-59.414929915372596,-34.427127709903239],[-59.41460356104546,-34.427126148216821],[-59.414601675842505,-34.427396574579653],[-59.414275320489665,-34.427395012006755],[-59.414273434210742,-34.427665438341762],[-59.413620721478736,-34.427662310552108],[-59.413618833072952,-34.427932736843609],[-59.413292475693829,-34.427931171626824],[-59.413290586211993,-34.428201597890492],[-59.412637869427535,-34.428198464813001],[-59.412634086184703,-34.428739317241075],[-59.412307725728475,-34.428737749364558],[-59.412303940282932,-34.429278601712781],[-59.411977577750072,-34.429277032933875],[-59.411975683938529,-34.429547459074094],[-59.411322956846639,-34.429544318872118],[-59.411330540348864,-34.428462614365181],[-59.411656899678441,-34.428464184838376],[-59.411658794439965,-34.428193758665657],[-59.411332436161253,-34.428192188208271],[-59.41133622771023,-34.427651335858208],[-59.4116625838872,-34.427652906284017],[-59.411668267868684,-34.426841627621002],[-59.411994620918385,-34.426843197128633],[-59.411996514477565,-34.426572770867686],[-59.412322866501704,-34.426574339488766],[-59.412332328665293,-34.425222207924087],[-59.412005981895,-34.425220639381919],[-59.412007875302777,-34.424950213048568],[-59.411681529608444,-34.424948643651476],[-59.411683424041712,-34.424678217321855],[-59.41070439026241,-34.42467350395377],[-59.410713877810089,-34.423321372361649],[-59.41038753852088,-34.423319799576696],[-59.410389437005193,-34.423049373237895],[-59.410063098791909,-34.42304779959813],[-59.410066897785818,-34.422506946915952],[-59.40876155359085,-34.422500643777262],[-59.408759649904169,-34.422771070060961],[-59.408433312868219,-34.422769492083837],[-59.4084295033175,-34.42331034458325],[-59.408755842454681,-34.42331192259212],[-59.408753938691888,-34.423582348839595],[-59.409080278905087,-34.423583925993682],[-59.40907266780286,-34.42466563092637],[-59.410051701202633,-34.424670357354913],[-59.410047901803672,-34.425211209843937],[-59.409721555210304,-34.425209635206777],[-59.409719654422119,-34.425480061417339],[-59.409393306803366,-34.425478485893585],[-59.409391404939079,-34.425748912076244],[-59.409065056294914,-34.425747335665918],[-59.409063153354531,-34.426017761820617],[-59.408410454040748,-34.42601460635602],[-59.408412359082675,-34.425744180233067],[-59.408086010514602,-34.425742601210551],[-59.408087916581891,-34.425472175091393],[-59.407761569089992,-34.425470595214058],[-59.407765383249789,-34.424929742971351],[-59.407439037884778,-34.424928162255071],[-59.407446670102168,-34.423846457688462],[-59.407120328965313,-34.423844876165141],[-59.407124147022742,-34.423304023841197],[-59.406797808012612,-34.423302441479066],[-59.406807357963928,-34.421950310537653],[-59.407133691721086,-34.421951892820175],[-59.407135600584432,-34.421681466579734],[-59.407461933316462,-34.421683047975748],[-59.407463841103841,-34.42141262170734],[-59.407790172810763,-34.421414202216837],[-59.407803519257115,-34.419521217888636],[-59.407477194903571,-34.419519637490467],[-59.407481010046133,-34.418978784748433],[-59.407154687818867,-34.41897720351156],[-59.407156596402409,-34.418706777138325],[-59.406830275250982,-34.418705195046883],[-59.406832184859475,-34.418434768677514],[-59.406179544733725,-34.418431601914939],[-59.406181456417507,-34.418161175565388],[-59.405855137443218,-34.418159590894298],[-59.405857050151887,-34.417889164548598],[-59.405530732253446,-34.417887579023009],[-59.405532645986966,-34.417617152681196],[-59.405206329164365,-34.41761556630108],[-59.405210158655528,-34.417074713613189],[-59.404883843959084,-34.417073126394556],[-59.404887675448769,-34.416532273690322],[-59.404561362878439,-34.416530685633191],[-59.404567113072254,-34.415719406534251],[-59.404240803678249,-34.415717817654667],[-59.4042446391135,-34.415176964893661],[-59.403918331845489,-34.415175375175664],[-59.403926006610071,-34.414093669572793],[-59.403599703568354,-34.41409207904843],[-59.403601623245706,-34.413821652633551],[-59.403927925237291,-34.413823243141891],[-59.403933680965537,-34.413011963776782],[-59.404259979832325,-34.413013553366795],[-59.404265732180242,-34.412202273845068],[-59.404592027922369,-34.41220386251679],[-59.404595860593119,-34.411663009409963],[-59.404922154260724,-34.411664597179445],[-59.404925984729289,-34.411123743992363],[-59.404599693161728,-34.411122156254834],[-59.40460160940772,-34.410851729659186],[-59.404275318915687,-34.410850141067392],[-59.40428107065032,-34.410038861255956],[-59.403954783333745,-34.410037271841901],[-59.403966292412576,-34.408414711989089],[-59.404292573429778,-34.408416301307156],[-59.404298324474581,-34.407605021169829],[-59.404624602367832,-34.407606609569754],[-59.404628434170384,-34.407065756052539],[-59.40430215837673,-34.407064167684567],[-59.404305992176688,-34.406523314151059],[-59.40463226587076,-34.406524902487043],[-59.404636097469044,-34.405984048873286],[-59.404962369089183,-34.405985636307186],[-59.404968113145962,-34.405174355748066],[-59.405294381642463,-34.405175942264009],[-59.405296295227359,-34.404905515370849],[-59.405622562699683,-34.404907101000759],[-59.405620650164487,-34.405177527909856],[-59.40594691871199,-34.405179112685666],[-59.405948830197509,-34.404908685760617],[-59.406275097720794,-34.404910269650408],[-59.406271276823681,-34.405451123520344],[-59.406923816145408,-34.405454288753482],[-59.406927632843761,-34.404913434819818],[-59.407253900443401,-34.404915016099459],[-59.407255807704743,-34.404644589098609],[-59.407582074280121,-34.404646169492295],[-59.407583980466391,-34.404375742463465],[-59.407910246017529,-34.404377321971168],[-59.407914056214601,-34.403836467845537],[-59.408566583194457,-34.403839624187313],[-59.40857038909153,-34.403298769949856],[-59.408896650520276,-34.403300346783972],[-59.408900454216742,-34.402759492466508],[-59.409226713571677,-34.402761068398881],[-59.409228614332335,-34.402490641206178],[-59.409554872663051,-34.402492216252739],[-59.409556772348822,-34.402221789032104],[-59.409883029655305,-34.40222336319281],[-59.409886826851846,-34.401682508683706],[-59.410213082084567,-34.401684081942754],[-59.410214979595374,-34.40141365465427],[-59.410541233803883,-34.40141522702757],[-59.410545026650667,-34.400874372382702],[-59.410871278785464,-34.400875943854423],[-59.410873174121484,-34.400605516498054],[-59.411199425232084,-34.400607087084019],[-59.411205107940276,-34.399795804895142],[-59.411531355927814,-34.399797374563811],[-59.411542714366341,-34.398174809765457],[-59.411216472675058,-34.39817324019161],[-59.411222154701676,-34.397361957676928],[-59.41089591618357,-34.397360387280656],[-59.410899706173659,-34.396819532242155],[-59.410573469779372,-34.396817961007706],[-59.410577261766939,-34.396277105952571],[-59.410251027496408,-34.396275533879979],[-59.410256718435896,-34.395464251254268],[-59.409930487338286,-34.395462678359387],[-59.409934283269898,-34.394921823246911],[-59.409281825347271,-34.394918674911295],[-59.409279925295792,-34.395189102441883],[-59.408953695323284,-34.395187526953606],[-59.408951794197286,-34.395457954456241],[-59.408625563200935,-34.395456378082379],[-59.408623661000398,-34.395726805557096],[-59.408297428980205,-34.395725228297579],[-59.408295525705114,-34.39599565574435],[-59.407969292661072,-34.395994077599191],[-59.407967388311384,-34.39626450501801],[-59.4076411542435,-34.396262925987195],[-59.40763924881918,-34.396533353378054],[-59.40731301372746,-34.396531773461554],[-59.407309200704134,-34.397072628175259],[-59.406982963539299,-34.397071047357137],[-59.406977240665881,-34.397882329289452],[-59.406651000378574,-34.397880747553771],[-59.406643365327369,-34.39896245656422],[-59.406317120868124,-34.398960873894993],[-59.406313301091139,-34.399501728295952],[-59.40598705455858,-34.399500144724975],[-59.405983232580951,-34.400040999045764],[-59.405330735394621,-34.400037829230364],[-59.405324995940475,-34.400849110525336],[-59.404998744237226,-34.400847524264883],[-59.404994915707995,-34.401388378369255],[-59.404668661931296,-34.401386791206924],[-59.404670577258145,-34.401116364176758],[-59.404018071880309,-34.401113187274262],[-59.404019989280577,-34.400842760264005],[-59.403693737679447,-34.400841170523854],[-59.403691819229699,-34.401111597518117],[-59.403365566604677,-34.40111000689204],[-59.403363647079878,-34.401380433858236],[-59.403037393430928,-34.401378842346205],[-59.403035472831064,-34.401649269284285],[-59.402709218158222,-34.401647676886284],[-59.402707296483229,-34.401918103796298],[-59.402381040786487,-34.401916510512308],[-59.402379118036365,-34.402186937394191],[-59.40270537478262,-34.402188530694218],[-59.402701531304587,-34.402729384453856],[-59.403027790175557,-34.402730976915961],[-59.403023948694234,-34.403271830659385],[-59.403350209689961,-34.40327342228354],[-59.403348289960498,-34.403543849153181],[-59.402695765895444,-34.403540665002787],[-59.402697687724107,-34.40327023816522],[-59.402371426779595,-34.403268644801052],[-59.402369503901348,-34.403539071622575],[-59.402043241932859,-34.403537477372367],[-59.402045165860699,-34.403267050566875],[-59.401392644099872,-34.40326385948854],[-59.401406125570496,-34.401370871736965],[-59.401732379091307,-34.401372467598705],[-59.4017400780263,-34.40029075998229],[-59.402066327374911,-34.400292354909858],[-59.402074021701871,-34.399210647036128],[-59.40240026687848,-34.399212241029609],[-59.402402189346752,-34.398941814014961],[-59.402728433499618,-34.39894340712253],[-59.402730354892931,-34.39867298007978],[-59.403056598022033,-34.398674572301452],[-59.40305851834038,-34.3984041452306],[-59.403711002576678,-34.39840732703238],[-59.403718675199663,-34.397325618500169],[-59.404371151143714,-34.397328796694616],[-59.404376899046952,-34.396517515072752],[-59.404703133909507,-34.396519102817301],[-59.404706963618878,-34.395978248310428],[-59.405033196408489,-34.395979835153263],[-59.405035110175689,-34.395709407865738],[-59.4053613419416,-34.395710993822838],[-59.405365167301106,-34.395170139179676],[-59.405691396994143,-34.395171724235098],[-59.405695220153362,-34.394630869511758],[-59.40602144777354,-34.394632453665551],[-59.406023358265806,-34.39436202626981],[-59.406349584862312,-34.394363609537947],[-59.406355313038993,-34.393552327230552],[-59.406681536513609,-34.393553909581172],[-59.406683444805857,-34.393283482105318],[-59.407009667256837,-34.393285063570339],[-59.407011574474566,-34.393014636066496],[-59.407664017354598,-34.393017796355679],[-59.407665922448814,-34.392747368807946],[-59.407992142877873,-34.392748947632157],[-59.407995950892065,-34.392208092468707],[-59.407669732561082,-34.392206513676307],[-59.407673542571807,-34.391665658496379],[-59.407347326364224,-34.391664078866121],[-59.407349232380469,-34.391393651273972],[-59.407023017247283,-34.391392070790019],[-59.407024924287121,-34.391121643201707],[-59.406698710228319,-34.391120061864044],[-59.406696802139528,-34.391390489436439],[-59.406370587057168,-34.391388907213241],[-59.406366768705297,-34.391929762289976],[-59.404409466158164,-34.3919202504973],[-59.404407550649985,-34.392190677921818],[-59.404081332599048,-34.392189089563317],[-59.404079416016316,-34.392459516959775],[-59.403426977893041,-34.392456337601871],[-59.403425059186688,-34.392726764954247],[-59.403098839114364,-34.392725173954801],[-59.403096919333372,-34.39299560127909],[-59.402770698237596,-34.392994009393959],[-59.402768777381951,-34.393264436690146],[-59.402116333169047,-34.393261250278798],[-59.402112487184645,-34.393802104770842],[-59.401786263018444,-34.393800510228559],[-59.401784338938697,-34.394070937440425],[-59.401458113749051,-34.394069342012372],[-59.401456188594516,-34.394339769196115],[-59.400803736193964,-34.394336575698759],[-59.400801808915531,-34.394607002838271],[-59.400149354519435,-34.394603805829902],[-59.400147425117012,-34.394874232925169],[-59.399821196908384,-34.394872633100292],[-59.399819266431088,-34.395143060167392],[-59.399493037199043,-34.395141459456674],[-59.399481447499696,-34.396764021509085],[-59.399155211998128,-34.396762419831916],[-59.399149413653099,-34.397573700646802],[-59.399475652302499,-34.397575302372367],[-59.399473720518593,-34.397845729302638],[-59.399147480819913,-34.397844127560973],[-59.399145547960956,-34.398114554463056],[-59.398166825871563,-34.398109743970664],[-59.398170697859555,-34.397568890251257],[-59.398496936431606,-34.397570494586255],[-59.398498871337623,-34.397300067692306],[-59.398825108886193,-34.397301671141342],[-59.398840578812148,-34.395138255426041],[-59.398514349657368,-34.395136652106132],[-59.398524022769195,-34.393784516972488],[-59.398850246678343,-34.393786120211715],[-59.398856047088827,-34.392974838938279],[-59.399508488689932,-34.39297804271088],[-59.399510420010465,-34.392707615563353],[-59.40016285961643,-34.392710815825083],[-59.400164788813164,-34.392440388633261],[-59.400491007605687,-34.392441987443547],[-59.400492935727677,-34.392171560223559],[-59.40114537129174,-34.39217475520303],[-59.401147297290024,-34.391904327938811],[-59.401473514061557,-34.391905924108002],[-59.401475438985173,-34.391635496815645],[-59.402127870507215,-34.391638686513033],[-59.402129793307211,-34.391368259176502],[-59.40245600805769,-34.391369852704713],[-59.402457929783104,-34.39109942534008],[-59.402784143510225,-34.391101017982642],[-59.402787984786315,-34.390560163185086],[-59.403114196441138,-34.390561754926019],[-59.403123793938953,-34.389209617640788],[-59.402797587528596,-34.389208025980004],[-59.402799508000271,-34.388937598502771],[-59.402473302664397,-34.388936005988484],[-59.402475224159311,-34.388665578515223],[-59.402149019897884,-34.388663985147431],[-59.402150942416007,-34.388393557678143],[-59.401824739229028,-34.388391963456876],[-59.401828586286058,-34.387851108514212],[-59.401502385222315,-34.387849513455535],[-59.401504309761165,-34.387579085982154],[-59.401178109771841,-34.387577490070043],[-59.401181960870133,-34.387036635119209],[-59.400855763004017,-34.387035038369774],[-59.400857689563388,-34.386764610892328],[-59.400531492771705,-34.386763013289482],[-59.40053342035413,-34.386492585816065],[-59.400207224636851,-34.386490987359849],[-59.400209153242315,-34.386220559890447],[-59.399882958599449,-34.386218960580877],[-59.399884888227916,-34.385948533115531],[-59.399558694659468,-34.385946932952621],[-59.399556763982311,-34.386217360401865],[-59.398904374825229,-34.386214157435482],[-59.398902442024905,-34.386484584840424],[-59.398250050873436,-34.386481378363975],[-59.398248115949905,-34.386751805724565],[-59.397921919364116,-34.386750201165988],[-59.39791998336608,-34.387020628498355],[-59.397267588174429,-34.387017416740498],[-59.397265650053072,-34.387287844028471],[-59.396939451447231,-34.387286236829169],[-59.396937512251291,-34.387556664088869],[-59.396611312622539,-34.38755505600389],[-59.396609372351946,-34.387825483235339],[-59.39628317170029,-34.387823874264669],[-59.396281230355044,-34.388094301467859],[-59.395955028680454,-34.388092691611483],[-59.395953086260533,-34.388363118786387],[-59.395300680891417,-34.388359896432682],[-59.395298736347954,-34.388630323563085],[-59.394646328984855,-34.388627097698844],[-59.394634648593531,-34.390249660032893],[-59.394960858555329,-34.390251273497213],[-59.394958912781554,-34.390521700526911],[-59.394632701770846,-34.390520087046319],[-59.394628808047599,-34.391060941036962],[-59.394302594964948,-34.391059326654286],[-59.394298699040007,-34.391600180564147],[-59.393972483885378,-34.391598565279352],[-59.393966636656238,-34.392409846004831],[-59.393640418380585,-34.392408229801617],[-59.393638468203221,-34.392678656669702],[-59.393312248904536,-34.392677039580555],[-59.39331029765215,-34.392947466420289],[-59.392984077330432,-34.392945848445208],[-59.392980172649487,-34.393486702055867],[-59.392653950255671,-34.393485083178533],[-59.392648089891836,-34.394296363455119],[-59.392321864376747,-34.394294743659188],[-59.392325773410221,-34.39375389018614],[-59.391999550019378,-34.393752269553126],[-59.391997594466574,-34.394022696279379],[-59.391671370052705,-34.39402107476036],[-59.391669413424736,-34.394291501458198],[-59.391343187987815,-34.394289879053147],[-59.391345145664907,-34.394019452371637],[-59.391018921303207,-34.394017829113224],[-59.39102088000331,-34.393747402435984],[-59.390694656716789,-34.393745778324217],[-59.390692696967626,-34.394016204985128],[-59.390366472658137,-34.394014579987321],[-59.390364511833724,-34.394285006619782],[-59.389712061194942,-34.394281753982348],[-59.389710098246155,-34.39455218057001],[-59.389057645613789,-34.394548924420988],[-59.389055680540565,-34.394819350963793],[-59.388403225914672,-34.394816091303106],[-59.388401258716961,-34.395086517801005],[-59.387422573827358,-34.395081621737816],[-59.387424544172525,-34.394811195289201],[-59.387098316977635,-34.394809561545131],[-59.387100288345671,-34.394539135100864],[-59.386774062226188,-34.394537500503525],[-59.38677603461705,-34.394267074063656],[-59.386449809572994,-34.394265438613076],[-59.386451782986697,-34.393995012177591],[-59.386125559018012,-34.393993375873791],[-59.386127533454498,-34.393722949442697],[-59.38547508769431,-34.393719674258975],[-59.385477064202639,-34.393449247848771],[-59.385150842411122,-34.393447608968906],[-59.385152819942164,-34.393177182563136],[-59.385479040684622,-34.393178821426531],[-59.385481017140265,-34.392908394992205],[-59.385807236860025,-34.392910032969432],[-59.385805261453413,-34.39318045942025],[-59.386457703069986,-34.393183732798718],[-59.386455729735189,-34.393454159270412],[-59.386781951631988,-34.393455794671603],[-59.386779979319968,-34.393726221147702],[-59.389063540676339,-34.393737644720154],[-59.389065505644815,-34.393467218129082],[-59.389391727751502,-34.393468846572844],[-59.389393691644734,-34.393198419953308],[-59.390046133838474,-34.393201674199098],[-59.390048095607433,-34.392931247534712],[-59.390374315694487,-34.392932873336733],[-59.390376276388238,-34.392662446643911],[-59.390702495452381,-34.392664071559913],[-59.390704455070981,-34.392393644838684],[-59.391030673112219,-34.39239526886869],[-59.391032631655698,-34.39212484211901],[-59.391358848674017,-34.392126465263033],[-59.391362763584695,-34.391585611694794],[-59.392015193503624,-34.391588855308633],[-59.39201910411407,-34.391048001626793],[-59.392345317014708,-34.391049622096652],[-59.392347271231905,-34.390779195221327],[-59.392673483109633,-34.390780814805289],[-59.392677389368068,-34.390239960985795],[-59.393003599173987,-34.390241579667581],[-59.393009455219733,-34.389430298798914],[-59.393335661904992,-34.389431916562259],[-59.393339563707713,-34.38889106255688],[-59.39366576832127,-34.388892679418134],[-59.393671617683893,-34.388081398270714],[-59.393997819176995,-34.388083014213628],[-59.393999767863768,-34.387812587124081],[-59.394325968334059,-34.387814202181218],[-59.39432986353215,-34.387273347933395],[-59.394656061930839,-34.38727496208854],[-59.394658008442214,-34.387004534930277],[-59.395310403219895,-34.387007760599651],[-59.395312347607856,-34.386737333396823],[-59.395638543986827,-34.386738944911109],[-59.395640487300156,-34.386468517679994],[-59.395966682656301,-34.386470128308588],[-59.395968624895019,-34.386199701049193],[-59.396294819228352,-34.386201310792117],[-59.396296760392488,-34.38593088350445],[-59.396622953702995,-34.385932492361732],[-59.396624893792584,-34.3856620650458],[-59.396951086080264,-34.385663673017447],[-59.396953025095321,-34.385393245673264],[-59.397279216360168,-34.385394852759326],[-59.397281154300735,-34.385124425386877],[-59.39760734454277,-34.385126031587333],[-59.397609281408855,-34.384855604186647],[-59.397935470628063,-34.384857209501533],[-59.397937406419707,-34.384586782072624],[-59.398589782838243,-34.384589990061897],[-59.398599450923648,-34.38323785257483],[-59.398273267944418,-34.383236249095603],[-59.398279071632018,-34.382424966506981],[-59.397952891824161,-34.382423362206879],[-59.397972246258099,-34.379719086288581],[-59.397646076960413,-34.379717481280764],[-59.397649949634378,-34.379176625984606],[-59.397323782459232,-34.379175020139911],[-59.397325719805835,-34.378904592489889],[-59.396999553704838,-34.378902985792145],[-59.396997615309893,-34.379173413425967],[-59.396019114016951,-34.379168588068836],[-59.396017172451131,-34.379439015642014],[-59.394712500229474,-34.379432569598578],[-59.394710554444337,-34.379702997094796],[-59.392427371716884,-34.379691682939708],[-59.392425418567221,-34.379962110309926],[-59.391446908929083,-34.379957248298894],[-59.39143712706413,-34.381309384724169],[-59.390784776951598,-34.38130613887386],[-59.390786735473604,-34.38103571164563],[-59.391112909468404,-34.381037334989081],[-59.391122696444967,-34.379685198585129],[-59.389818021590443,-34.379678700322842],[-59.389819983100935,-34.379408273071277],[-59.388841480379519,-34.379403390296815],[-59.388843445008874,-34.379132963082348],[-59.385255615247836,-34.379114992826949],[-59.385253639086784,-34.379385419860483],[-59.384927471854269,-34.379383780969128],[-59.384925494618535,-34.379654207974099],[-59.384599326364032,-34.379652568197024],[-59.384601304648115,-34.379382141208573],[-59.381665800980855,-34.379367344248735],[-59.381663813261646,-34.379637771088191],[-59.381011477307723,-34.379634473280326],[-59.381007497596364,-34.380175326856623],[-59.380681327562442,-34.380173676615605],[-59.380677345648216,-34.380714530110403],[-59.380351173544035,-34.380712878966897],[-59.38034718942685,-34.381253732380152],[-59.380021015252389,-34.381252080334129],[-59.380019022105515,-34.381522507006004],[-59.380345197328431,-34.381524159068654],[-59.380343205203452,-34.381794585745098],[-59.380017028932095,-34.3817929336658],[-59.3800150357321,-34.382063360313531],[-59.379362681172147,-34.38206005351379],[-59.37936068584861,-34.382330480116146],[-59.37740361651651,-34.382320538753561],[-59.377405618130929,-34.382050112251299],[-59.377079441050682,-34.382048452331659],[-59.377077438387786,-34.382318878817209],[-59.3760989041618,-34.382313893792329],[-59.376094892464934,-34.382854746626847],[-59.375768712346066,-34.382853083179768],[-59.375746634567356,-34.385827772721974],[-59.376072826220742,-34.385829436353276],[-59.376066807592693,-34.386640715116002],[-59.376393002418872,-34.386642377928105],[-59.376390997204766,-34.386912804174941],[-59.37671719310638,-34.386914466134328],[-59.376715188914282,-34.387184892385811],[-59.377041385891346,-34.387186553492491],[-59.377037379524516,-34.387727405992678],[-59.378015976908344,-34.387732384196077],[-59.378017976958837,-34.387461957901905],[-59.378344175091364,-34.387463615547382],[-59.378342176089632,-34.387734041858259],[-59.378668375297551,-34.387735698650943],[-59.378666377317955,-34.38800612496641],[-59.378340177061261,-34.388004468157042],[-59.37833817800626,-34.388274894443754],[-59.378664379311751,-34.38827655126979],[-59.378660383219412,-34.388817403840363],[-59.378986586649155,-34.388819059830247],[-59.378984589611889,-34.389089486114081],[-59.379310794117053,-34.3890911412511],[-59.379308798102016,-34.389361567539538],[-59.379635003682637,-34.389363221823693],[-59.379633008689858,-34.3896336481167],[-59.380285422028578,-34.389636954109676],[-59.380283429106932,-34.389907380423899],[-59.380609636865017,-34.389909032132671],[-59.380607644965735,-34.390179458451463],[-59.381586271545871,-34.39018440841032],[-59.381584282766745,-34.39045483476685],[-59.382562912732133,-34.390459776949378],[-59.38256092707325,-34.390730203343573],[-59.383213349280354,-34.390733493817187],[-59.383211365692873,-34.39100392023245],[-59.383863790103604,-34.391007207260799],[-59.383861808587575,-34.391277633697072],[-59.38451423520182,-34.391280917280106],[-59.384512255757322,-34.391551343737369],[-59.383859827045157,-34.391548060121266],[-59.383857845476321,-34.39181848653341],[-59.382552984173088,-34.391811908799667],[-59.382550998381895,-34.392082335133502],[-59.382224782073216,-34.392080688509438],[-59.382222795206545,-34.392351114814616],[-59.381896577875345,-34.392349467304342],[-59.381892601964537,-34.392890319845314],[-59.381566382561779,-34.392888671432218],[-59.381564393517586,-34.393159097667997],[-59.381238173092321,-34.393157448368648],[-59.381236182972536,-34.39342787457575],[-59.380909961524722,-34.393426224390112],[-59.380900005282562,-34.394778355161442],[-59.381226231975866,-34.394780005430114],[-59.381228222228245,-34.394509579283394],[-59.381880673596179,-34.394512877178421],[-59.381882661723807,-34.394242450986425],[-59.382208886398416,-34.394244098612795],[-59.382210873450447,-34.393973672392143],[-59.382863320780878,-34.393976965002651],[-59.382861335827045,-34.394247391256464],[-59.38318756058105,-34.394249036273727],[-59.383183592692269,-34.394789888778249],[-59.383509819570953,-34.394791532958926],[-59.383507836636049,-34.395061959209613],[-59.38383406459031,-34.395063602537128],[-59.383828118774538,-34.395874881266387],[-59.382523194526058,-34.395868302539334],[-59.3825251806878,-34.395597876374538],[-59.382198950741007,-34.395596229534974],[-59.382200937925454,-34.395325803374696],[-59.381548480209659,-34.395322507119531],[-59.381550469465942,-34.395052080980349],[-59.38122424169697,-34.395050431564776],[-59.381206327993141,-34.397484266233214],[-59.380880090807793,-34.397482615798395],[-59.380878099214343,-34.397753041795681],[-59.379573146541375,-34.39774643129185],[-59.379575142331944,-34.397476005361106],[-59.379248905279432,-34.397474350577284],[-59.379246908439583,-34.397744776491351],[-59.378920670364401,-34.397743120821069],[-59.378924666116049,-34.397202269014166],[-59.379250902092679,-34.397203924651137],[-59.379252898879308,-34.39693349871289],[-59.379579133833289,-34.39693515346341],[-59.379587116516838,-34.395853449523081],[-59.37926088575972,-34.395851794839196],[-59.379266875640631,-34.395040516807121],[-59.378940648057601,-34.395038861303497],[-59.378958625705216,-34.392605026705162],[-59.378632407590572,-34.392603370481858],[-59.378634406022883,-34.392332944371674],[-59.377981971971543,-34.392329629349526],[-59.377983972475228,-34.392059203260644],[-59.37765775653854,-34.392057544461821],[-59.377659758064524,-34.391787118377543],[-59.377333543203498,-34.391785458725799],[-59.377335545751791,-34.391515032646161],[-59.377009331966427,-34.391513372141517],[-59.377011335536977,-34.391242946066527],[-59.376685122827261,-34.391241284709011],[-59.37668712742007,-34.390970858638667],[-59.376034704178672,-34.390967533348288],[-59.376032697488,-34.391237959385172],[-59.375380272255718,-34.391234630582943],[-59.375382281044274,-34.390964204579596],[-59.375056069517221,-34.390962538890847],[-59.375058079327914,-34.390692112892189],[-59.374731868876587,-34.390690446350639],[-59.374733879709424,-34.390420020356672],[-59.374081460984954,-34.39041668469843],[-59.374083473888788,-34.390146258725963],[-59.373757265615694,-34.390144589609285],[-59.373759279541574,-34.389874163641551],[-59.373433072344206,-34.389872493672129],[-59.373435087292123,-34.389602067709127],[-59.37376129344063,-34.389603737661737],[-59.373763307312842,-34.389333311669844],[-59.373110897140386,-34.389329970928706],[-59.373112913083432,-34.389059544958364],[-59.372786709086341,-34.389057873300331],[-59.37278872605134,-34.388787447334757],[-59.372136320235441,-34.388784101443783],[-59.372138339271196,-34.388513675499802],[-59.371485935660552,-34.388510326164493],[-59.371487956766991,-34.388239900242162],[-59.37083555536168,-34.38823654746259],[-59.370821392367283,-34.390129528429028],[-59.3704951843632,-34.390127850616778],[-59.370491135452895,-34.390668702178971],[-59.370164925378006,-34.390667023463344],[-59.370160874261892,-34.391207874943461],[-59.369834662116155,-34.391206195324429],[-59.369830608794153,-34.391747046722408],[-59.369504394577525,-34.391745366199963],[-59.369490199756598,-34.393638345593956],[-59.369816421316365,-34.393640026234841],[-59.369812367508175,-34.394180877415387],[-59.370138591193118,-34.394182557220411],[-59.370134539375094,-34.394723408386469],[-59.370460765185236,-34.394725087355603],[-59.370456715357491,-34.395265938507151],[-59.371109171255306,-34.395269293903844],[-59.371107148399261,-34.395539719495282],[-59.371433377437761,-34.395541395905909],[-59.371431355603946,-34.395811821502143],[-59.371757585718569,-34.395813497059919],[-59.371755564906969,-34.396083922660928],[-59.372081796097731,-34.396085597365811],[-59.372077756492175,-34.396626448565335],[-59.372403989808255,-34.396628122434166],[-59.372399952193511,-34.397168973619067],[-59.372726187634967,-34.397170646651816],[-59.372728205406553,-34.396900221048561],[-59.37338067427163,-34.396903564471039],[-59.373382689917854,-34.396633138822047],[-59.373708923341475,-34.396634809211804],[-59.373706908744474,-34.396905234877593],[-59.374359377770709,-34.396908573081397],[-59.374357365245345,-34.397178998768723],[-59.374683600847924,-34.397180666582763],[-59.374681589345023,-34.397451092274778],[-59.375007826023676,-34.39745275923579],[-59.375005815543219,-34.397723184932545],[-59.375658291079468,-34.397726516278688],[-59.375656282670796,-34.397996941996894],[-59.375330043840009,-34.397995276741945],[-59.375328034355263,-34.398265702431317],[-59.374675554675413,-34.39826236927842],[-59.374677566258761,-34.397991943622621],[-59.374025088784748,-34.397988607024033],[-59.374023075102798,-34.398259032646244],[-59.373370595637518,-34.398255692534789],[-59.373372611418084,-34.397985266946186],[-59.372393895569587,-34.397980250305821],[-59.372395914471134,-34.397709824755644],[-59.371743439471892,-34.397706476013383],[-59.371745460445069,-34.397436050484835],[-59.371092987652098,-34.397432698297088],[-59.37109501069687,-34.397162272790204],[-59.369790069631598,-34.397155558044787],[-59.369792096846375,-34.396885132593418],[-59.369465862696799,-34.396883451749517],[-59.36946789093377,-34.396613026303001],[-59.369141657860482,-34.396611344606242],[-59.369143687119632,-34.396340919164565],[-59.368817455122567,-34.396339236614985],[-59.368819485403897,-34.396068811178161],[-59.368167023589358,-34.396065443503637],[-59.368169055941998,-34.395795018088648],[-59.367842826124523,-34.395793332963727],[-59.367844859499236,-34.395522907553598],[-59.367518630758056,-34.395521221575905],[-59.367524733867008,-34.394709945323989],[-59.367198508300355,-34.394708258527515],[-59.367216825604736,-34.392274429272291],[-59.367543041729874,-34.392276115915941],[-59.367547109845638,-34.391735264803508],[-59.367873323899921,-34.391736950543624],[-59.367877389809365,-34.39119609934891],[-59.368203601792843,-34.391197784185472],[-59.368207665496051,-34.390656932908534],[-59.368533875408772,-34.390658616841613],[-59.368539967613813,-34.389847339784765],[-59.368866174406925,-34.389849022797428],[-59.368870233643925,-34.389308171331912],[-59.369196438366359,-34.389309853441155],[-59.369200495397514,-34.388769001893479],[-59.369526698049327,-34.388770683099338],[-59.369528725475554,-34.388500257290445],[-59.369854927105585,-34.388501937609895],[-59.369856953455994,-34.388231511771998],[-59.370183154064229,-34.388233191205032],[-59.370185179338861,-34.387962765338159],[-59.370511378925322,-34.387964443884783],[-59.370513403124178,-34.387694017988935],[-59.370187204586479,-34.3876923394592],[-59.370189229807117,-34.387421913568183],[-59.369863032345187,-34.387420234185882],[-59.369867084802941,-34.386879382401403],[-59.369540889465469,-34.386877702183455],[-59.369542916702557,-34.386607276290022],[-59.369216722440797,-34.386605595219557],[-59.369218750699559,-34.386335169330962],[-59.368892557513533,-34.386333487407988],[-59.368894586793971,-34.38606306152424],[-59.368568394683649,-34.386061378748785],[-59.368570424985698,-34.385790952869911],[-59.368244233951117,-34.385789269241954],[-59.368246265274742,-34.385518843367969],[-59.367920075315908,-34.385517158887566],[-59.367922107661101,-34.385246733018455],[-59.367595918777965,-34.385245047685608],[-59.36759998548434,-34.384704195945055],[-59.367273798725549,-34.384702509776773],[-59.367277867420711,-34.384161658021888],[-59.366951682786201,-34.3841599710182],[-59.366980175294572,-34.380374007618975],[-59.367306345250398,-34.380375694384888],[-59.367310413078059,-34.379834842243511],[-59.367636580964266,-34.379836528106246],[-59.367632515233353,-34.380377380281587],[-59.36795868524338,-34.380379065309022],[-59.367952589589002,-34.381190343532339],[-59.368278762771332,-34.381192027741413],[-59.368276731880805,-34.381462453808652],[-59.368602906138619,-34.381464137165402],[-59.368598846373274,-34.382004989297556],[-59.368925022755029,-34.3820066718189],[-59.368920964978422,-34.382547523936637],[-59.369247143484195,-34.38254920562256],[-59.369243087696432,-34.383090057725852],[-59.369569268326245,-34.383091738576297],[-59.369565214527455,-34.383632590665094],[-59.369891397281329,-34.383634270680083],[-59.369889371389974,-34.38390469672327],[-59.37021555521941,-34.383906375885779],[-59.370213530349631,-34.384176801933819],[-59.370865900186594,-34.384180157684575],[-59.370861854560417,-34.384721009811983],[-59.371188041616541,-34.384722686417064],[-59.371186019811631,-34.384993112479542],[-59.371838396101914,-34.3849964631153],[-59.371834356605788,-34.385537315271471],[-59.37216054688858,-34.385538989318967],[-59.372158528148809,-34.385809415395798],[-59.372810910892404,-34.385812760916231],[-59.372808894223056,-34.386083187014663],[-59.373461279171515,-34.386086529091081],[-59.373463293743498,-34.385816102958998],[-59.373789485209336,-34.385817772676269],[-59.37379149870582,-34.385547346515303],[-59.374117689149841,-34.385549015346342],[-59.374119701570848,-34.385278589156499],[-59.374445890993037,-34.385280257101321],[-59.374449913657365,-34.384739404651832],[-59.374776101009097,-34.384741071693696],[-59.374780121469001,-34.38420021916231],[-59.374453936214444,-34.384198552154039],[-59.374455947452795,-34.38392812588701],[-59.374129763273622,-34.383926458026167],[-59.374131775533712,-34.383656031763842],[-59.37445795866433,-34.383657699607923],[-59.374459969849063,-34.383387273316764],[-59.374133787767001,-34.383385605489487],[-59.374135799973466,-34.383115179203031],[-59.374461981006995,-34.383116847013525],[-59.374466003242446,-34.382575994370804],[-59.374792182205759,-34.382577661278404],[-59.374796202237036,-34.382036808553835],[-59.375774732996717,-34.382041803960121],[-59.37577673982679,-34.381771377529425],[-59.376429091703379,-34.381774703420312],[-59.376431096409803,-34.381504276944071],[-59.376757271339756,-34.381505938568836],[-59.376759274971008,-34.381235512063775],[-59.377411622814108,-34.381238832672032],[-59.377413624321811,-34.380968406121468],[-59.378065970174767,-34.380971723219247],[-59.378067969558963,-34.380701296623194],[-59.37839414147701,-34.380702953851511],[-59.378396139786183,-34.380432527226702],[-59.378722310682463,-34.380434183569065],[-59.378724307916613,-34.380163756915501],[-59.379050477791125,-34.380165412371959],[-59.379054470082835,-34.37962455899531],[-59.379380637887209,-34.379626213549209],[-59.379382632944839,-34.379355786826103],[-59.379708799727474,-34.379357440494118],[-59.379710793710174,-34.379087013742293],[-59.380036959471056,-34.379088666524467],[-59.380040945260099,-34.378547812951318],[-59.380367108950928,-34.378549464831018],[-59.380369100757321,-34.378279038009694],[-59.381021426122011,-34.378282339128269],[-59.381023415805323,-34.378011912261627],[-59.382328062659688,-34.37801850400227],[-59.382326077169488,-34.378288930935284],[-59.382978402852046,-34.378292221623681],[-59.382980386245706,-34.378021794657556],[-59.383306548078373,-34.378023438681424],[-59.383304565732992,-34.378293865664126],[-59.383630728640355,-34.378295508835372],[-59.383628747316855,-34.378565935822536],[-59.383954911298908,-34.378567578141144],[-59.383956891574122,-34.378297151137446],[-59.384283054534286,-34.378298792570341],[-59.384285033734827,-34.378028365538036],[-59.384937357637703,-34.378031645763237],[-59.384935380533719,-34.378302072828561],[-59.385913869730466,-34.378306986697027],[-59.385915843689595,-34.378036559582227],[-59.387546654302092,-34.378044731897042],[-59.387544685584338,-34.378315159094129],[-59.389501665474718,-34.378324937287552],[-59.389499703020505,-34.378595364571026],[-59.392761348744969,-34.37861159218852],[-59.392763300716197,-34.378341164741656],[-59.394067955541978,-34.378347631386035],[-59.394069903294017,-34.378077203861977],[-59.395048391541096,-34.378082044670037],[-59.395052280677724,-34.377541189488241],[-59.395378441382086,-34.377542801320125],[-59.395380384863259,-34.377272373694908],[-59.395706544545277,-34.377273984641363],[-59.395708486952316,-34.377003556987873],[-59.396034645611962,-34.377005167048978],[-59.396036586944909,-34.376734739367194],[-59.396362744582227,-34.376736348542948],[-59.396364684841089,-34.376465920832906],[-59.397016998096838,-34.376469136544614],[-59.397022812429206,-34.375657853244888],[-59.396696658932939,-34.37565624587215],[-59.396702476177261,-34.374844962512398],[-59.396376325851243,-34.374843354319133],[-59.396387965930572,-34.37322078737094],[-59.396061821918856,-34.373219178405819],[-59.396059880922245,-34.373489606244469],[-59.389536985178331,-34.373457244121148],[-59.389538947135662,-34.373186816608346],[-59.390191234145156,-34.373190068430489],[-59.390193193980295,-34.372919640872894],[-59.393780762868921,-34.372937463580136],[-59.393782711149868,-34.372667035831014],[-59.394434994644428,-34.372670264993538],[-59.394436940803409,-34.372399837199815],[-59.395089222305735,-34.372403062853849],[-59.39509116634283,-34.372132635015575],[-59.395417306084894,-34.372134246522869],[-59.395419249048103,-34.371863818656315],[-59.395745387768088,-34.371865429278387],[-59.395747329657453,-34.371595001383547],[-59.39607346735535,-34.371596611120431],[-59.396077348960581,-34.371055755262091],[-59.396403484588483,-34.371057364097616],[-59.396432577612735,-34.367000943378642],[-59.396758697549252,-34.367002551102338],[-59.396768388693211,-34.365650410178425],[-59.396442273995078,-34.365648802535674],[-59.396446152367105,-34.365107946114037],[-59.396772264969982,-34.365109553724402],[-59.396774203069612,-34.364839125479293],[-59.396448091514337,-34.364837517885121],[-59.396450030635741,-34.364567089644126],[-59.396776141143405,-34.364568697222118],[-59.396780017213544,-34.364027840671561],[-59.396453908801,-34.364026233125962],[-59.396469420428339,-34.361862806570677],[-59.396143320421643,-34.361861198285915],[-59.396145260306234,-34.361590769928426],[-59.392884272138055,-34.36157463946725],[-59.392886222471006,-34.361304211260126],[-59.393538417802283,-34.361307444268974],[-59.393540366014413,-34.361037016017221],[-59.394844752798832,-34.36104347154626],[-59.394848640766099,-34.360502614876545],[-59.39582692484219,-34.360507447305352],[-59.395828865644873,-34.360237018903725],[-59.396481053063532,-34.360240236147476],[-59.396492684768532,-34.358617665289941],[-59.399101385204233,-34.358630498745171],[-59.39909559460321,-34.359441784616003],[-59.399421685415497,-34.359443384937762],[-59.399419756211024,-34.359713813553363],[-59.400071940007344,-34.359717011623367],[-59.400070012871886,-34.359987440259097],[-59.400722198865644,-34.359990634886898],[-59.400720273799188,-34.360261063542765],[-59.401372461990299,-34.360264254728314],[-59.401370538992943,-34.360534683404254],[-59.402022729381329,-34.360537871147478],[-59.402020808453102,-34.360808299843441],[-59.402673001038643,-34.360811484144278],[-59.402671082179637,-34.361081912860264],[-59.402997179558191,-34.361083503723755],[-59.402995261721031,-34.361353932443699],[-59.403321360172562,-34.361355522454566],[-59.403319443357248,-34.361625951178453],[-59.403971642431813,-34.361629128626262],[-59.403969727685862,-34.361899557370108],[-59.404295828308875,-34.361901144807007],[-59.404293914584855,-34.362171573554754],[-59.404620016280823,-34.362173160138987],[-59.404618103578791,-34.362443588890656],[-59.404944206347722,-34.362445174622188],[-59.404942294667684,-34.362715603377758],[-59.405268398509591,-34.362717188256582],[-59.40526648785157,-34.362987617016039],[-59.405592592766446,-34.362989201042133],[-59.405590683130477,-34.363259629805484],[-59.405916789118329,-34.363261212978799],[-59.405914880504433,-34.363531641746043],[-59.406240987565241,-34.363533224066579],[-59.406235264713629,-34.364344510343756],[-59.406561374942562,-34.364346091843366],[-59.406557561676216,-34.364886949333027],[-59.406883674025728,-34.364888529995731],[-59.406876051378653,-34.365970244893958],[-59.407528284534997,-34.36597340374032],[-59.407526380905082,-34.366243832466544],[-59.407200263266539,-34.366242253461856],[-59.407198358563555,-34.366512682160099],[-59.407524477249787,-34.366514261180697],[-59.407522573569125,-34.366784689882785],[-59.407196453835191,-34.366783110846306],[-59.407194549081453,-34.367053539520434],[-59.407520669863082,-34.367055118572814],[-59.407514958592742,-34.367866404570528],[-59.407841082542973,-34.367867982801762],[-59.407837276998123,-34.36840884010504],[-59.40816340306926,-34.368410417499199],[-59.408161501306587,-34.368680846148628],[-59.407835374187634,-34.368679268738596],[-59.407833471351793,-34.36894969736008],[-59.408159599518569,-34.368951274785999],[-59.408157697705199,-34.369221703411299],[-59.407831568490593,-34.369220125969491],[-59.407829665604055,-34.369490554566845],[-59.408155795866485,-34.369492132024547],[-59.408146286292684,-34.370844274909807],[-59.408472421819887,-34.370845851577982],[-59.40846671891525,-34.371657137212026],[-59.408792857611594,-34.371658713058835],[-59.408789057644448,-34.372199570119619],[-59.409115198462075,-34.372201145129168],[-59.409111400489635,-34.372742002173432],[-59.40943754342856,-34.372743576345677],[-59.409433747450954,-34.373284433373378],[-59.409759892511246,-34.373286006708319],[-59.409757995532559,-34.373556435219925],[-59.410084141666189,-34.373558007701639],[-59.410082245710278,-34.373828436217018],[-59.41040839291724,-34.373830007845527],[-59.410406497984134,-34.374100436364664],[-59.410732646264435,-34.374102007139939],[-59.410728858418679,-34.374642864173659],[-59.411055008820433,-34.374644434111481],[-59.411051222969967,-34.375185291128552],[-59.41137737549321,-34.375186860228908],[-59.411375483578276,-34.375457288735163],[-59.411701637174886,-34.37545885698222],[-59.411694073455777,-34.376540570949729],[-59.412020231270326,-34.376542138390796],[-59.41201456136109,-34.37735342378712],[-59.41234072234554,-34.377354990406396],[-59.412338833373688,-34.377625418863474],[-59.412664995431591,-34.377626984629323],[-59.412661219508912,-34.378167841538847],[-59.412987383688538,-34.378169406467038],[-59.412985496737761,-34.378439834919476],[-59.413311661990839,-34.378441398994212],[-59.413309776063244,-34.378711827450338],[-59.413635942389796,-34.378713390671614],[-59.413634057485382,-34.378983819131399],[-59.414286392310515,-34.378986942997791],[-59.414284509477689,-34.379257371476974],[-59.414610677976228,-34.379258932122042],[-59.414608796166682,-34.37952936060487],[-59.417870493012963,-34.379544919404587],[-59.417866750286365,-34.380085776647391],[-59.417540578392504,-34.38008422464776],[-59.417538705943393,-34.380354653235422],[-59.41819105185288,-34.380357756396691],[-59.418189181475654,-34.380628185003573],[-59.41851535551622,-34.380629735295919],[-59.418513486162517,-34.380900163906318],[-59.419492011578967,-34.380904809614478],[-59.419490145345698,-34.381175238259594],[-59.419816321582729,-34.381176785105971],[-59.419814456373054,-34.381447213754626],[-59.420140633683424,-34.381448759747286],[-59.420138769497349,-34.38171918839943],[-59.420464947881051,-34.381720733538337],[-59.420463084718648,-34.381991162193984],[-59.420789264175674,-34.381992706479132],[-59.420787402036957,-34.382263135138253],[-59.421113582567294,-34.382264678569641],[-59.421111721452263,-34.382535107232236],[-59.421437903055946,-34.382536649809801],[-59.421436042964658,-34.382807078475885],[-59.421762225641679,-34.382808620199619],[-59.421760366574148,-34.383079048869156],[-59.422412734099588,-34.383082129739634],[-59.422410877104433,-34.383352558428129],[-59.42371561664644,-34.383358709798742],[-59.423717469447325,-34.383088281048309],[-59.425348389187491,-34.383095950623563],[-59.425342846439527,-34.383907237070332],[-59.42664759525799,-34.383913357266934],[-59.426649438670857,-34.38364292840177],[-59.427627997396911,-34.383647509374526],[-59.427629837639472,-34.383377080451211],[-59.427956022881972,-34.383378605688009],[-59.427961540316801,-34.38256731879958],[-59.427635358219973,-34.382565793608848],[-59.427640878579759,-34.381754506657984],[-59.427314699653017,-34.381752980644009],[-59.427316540772374,-34.381482551651615],[-59.426990362918652,-34.381481024783689],[-59.426992205061957,-34.381210595794634],[-59.426666028281268,-34.381209068072771],[-59.426669714591135,-34.380668210089226],[-59.426343539931928,-34.380666681528858],[-59.426345384098433,-34.380396252534396],[-59.426019210512216,-34.380394723120126],[-59.426022900868347,-34.379853865125824],[-59.425696729403548,-34.379852334873114],[-59.425702267898437,-34.379041047837433],[-59.424723763087094,-34.379036452002573],[-59.424725612347906,-34.378766023012837],[-59.424073278026917,-34.378762954807698],[-59.424075129359721,-34.378492525836776],[-59.423748963284574,-34.378490990445847],[-59.423750815641036,-34.378220561478336],[-59.423424650638879,-34.378219025233655],[-59.423428357374334,-34.377678167293404],[-59.422776031637333,-34.37767509225835],[-59.422777887064555,-34.377404663301114],[-59.422451725281427,-34.377403124495302],[-59.422453581732164,-34.377132695541498],[-59.422127421022054,-34.377131155882026],[-59.42213299337056,-34.376319868994727],[-59.421806835829884,-34.376318328512617],[-59.421810552701515,-34.375777470558468],[-59.421484397281986,-34.37577592923828],[-59.421497412889465,-34.373882926127557],[-59.421171264831663,-34.373881384046925],[-59.421176845721639,-34.373070096865156],[-59.42085070083283,-34.373068553962085],[-59.420854423398239,-34.372527695811691],[-59.420528280630286,-34.372526152070677],[-59.42053200519247,-34.371985293903123],[-59.420205864545338,-34.371983749324201],[-59.420209591104197,-34.371442891139516],[-59.419883452577828,-34.371441345722737],[-59.419892773780013,-34.370089200127808],[-59.419566640518134,-34.370087653919896],[-59.419574101224079,-34.36900593728916],[-59.419247972178503,-34.369004390274618],[-59.419253570590392,-34.36819310272169],[-59.418927444713106,-34.368191554885016],[-59.418929311848444,-34.367921125692177],[-59.418603187043821,-34.367919577002219],[-59.418606923335368,-34.367378718611555],[-59.418280800651168,-34.367377169083952],[-59.41828266980734,-34.367106739886133],[-59.417956548195789,-34.367105189505288],[-59.417960288528832,-34.366564331104676],[-59.41763416903764,-34.366562779886252],[-59.417636040214461,-34.36629235068348],[-59.417309921795919,-34.366290798611857],[-59.417313666170124,-34.365749940201418],[-59.416987549871862,-34.365748387292257],[-59.416991296241548,-34.365207528864858],[-59.416665182063575,-34.365205975118187],[-59.416668930428628,-34.364665116673841],[-59.416342818370865,-34.364663562089724],[-59.4163465687312,-34.364122703628446],[-59.416020458793611,-34.364121148206898],[-59.416026087289339,-34.363309860471546],[-59.41569998051942,-34.363308304228269],[-59.415703734819921,-34.362767445709089],[-59.415377630170049,-34.362765888628452],[-59.415381386465484,-34.362225030092389],[-59.415055283935629,-34.362223472174442],[-59.415059042225856,-34.361682613621525],[-59.414732941815998,-34.361681054866303],[-59.414738582205779,-34.360869766993581],[-59.414412484963265,-34.360868207416814],[-59.414414366090462,-34.360597778117501],[-59.41408826992042,-34.360596217687807],[-59.414090152069946,-34.360325788392139],[-59.413437961899909,-34.360322664958339],[-59.413439846119083,-34.36005223568209],[-59.413113752119088,-34.360050672678],[-59.413115637360534,-34.35978024340541],[-59.412463451530641,-34.359777114822947],[-59.412461564194501,-34.360047544064024],[-59.412135470269931,-34.360045978454124],[-59.412126027974864,-34.361398124399763],[-59.411799928838462,-34.361396557842362],[-59.411807486914462,-34.360314841173093],[-59.411481391992893,-34.360313273810192],[-59.411483282496313,-34.360042844628495],[-59.411809376370528,-34.360044411975622],[-59.411813155207071,-34.359503553544506],[-59.412139247011766,-34.359505119991461],[-59.412141135344939,-34.359234690742035],[-59.41181504458757,-34.359233124310855],[-59.411816933942895,-34.358962695065145],[-59.412143023652952,-34.358964261480544],[-59.412144911935783,-34.358693832207003],[-59.415079711031446,-34.35870789071825]],[[-59.405888157238856,-34.367317643220922],[-59.405562035536555,-34.367316059808431],[-59.405558215424641,-34.367856916937086],[-59.405884339222432,-34.367858500381473],[-59.405888157238856,-34.367317643220922]],[[-59.427344154618609,-34.377426115318954],[-59.427017992490541,-34.377424588681592],[-59.427016150690918,-34.377695017839478],[-59.427342313867257,-34.377696544492196],[-59.427344154618609,-34.377426115318954]],[[-59.427664797588456,-34.378238928616781],[-59.427338632290976,-34.37823740280254],[-59.42733679146604,-34.378507831939608],[-59.427662957811826,-34.378509357769225],[-59.427664797588456,-34.378238928616781]],[[-59.384931426246695,-34.378842926922985],[-59.384279096054073,-34.378839646598706],[-59.384277116774392,-34.379110073594795],[-59.384929449063655,-34.379113353952093],[-59.384931426246695,-34.378842926922985]],[[-59.403804964030002,-34.38515638420774],[-59.403478773299909,-34.385154794526137],[-59.403476855283849,-34.385425222204333],[-59.40380304706261,-34.385426811901958],[-59.403804964030002,-34.38515638420774]],[[-59.404129238866908,-34.385428400730149],[-59.40380304706261,-34.385426811901958],[-59.40380113006966,-34.385697239584083],[-59.404127322922648,-34.385698828428268],[-59.404129238866908,-34.385428400730149]],[[-59.40380113006966,-34.385697239584083],[-59.40347493724223,-34.385695649870463],[-59.403473019175046,-34.385966077524522],[-59.40379921305118,-34.385967667254143],[-59.40380113006966,-34.385697239584083]],[[-59.442577027873888,-34.392100083425113],[-59.442250807980017,-34.39209859683131],[-59.442249014159337,-34.392369026051249],[-59.441922793240337,-34.392367538572806],[-59.441920998346689,-34.392637967765708],[-59.440616110713719,-34.392632009095337],[-59.440614311599873,-34.392902438216183],[-59.440288088702459,-34.39290094635939],[-59.440286288515537,-34.393171375453171],[-59.440612512462032,-34.393172867324978],[-59.440608914114421,-34.393713725506423],[-59.439630236052253,-34.393709247191708],[-59.439628433695106,-34.393979676219253],[-59.436692391365071,-34.393966194175071],[-59.436690579541612,-34.394236623054859],[-59.436038123857465,-34.394233617447881],[-59.43603630991155,-34.39450404628532],[-59.435710081056563,-34.394502542162115],[-59.435708266037295,-34.394772970972369],[-59.435055806301612,-34.394769960086421],[-59.435053989159783,-34.395040388854326],[-59.434401527422594,-34.395037374459058],[-59.434399708158182,-34.395307803184537],[-59.434073476276744,-34.395306294667101],[-59.434071655938851,-34.395576723365345],[-59.433419190150381,-34.395573703690786],[-59.433417367689799,-34.395844132346575],[-59.43309113378276,-34.395842621189423],[-59.43308931024864,-34.396113049817927],[-59.432436840409011,-34.396110024863873],[-59.432435014752102,-34.396380453449872],[-59.431782542911314,-34.396377424986184],[-59.431780715131531,-34.396647853529657],[-59.431128241289649,-34.396644821556272],[-59.43112641138697,-34.396915250057134],[-59.430473935544086,-34.396912214574016],[-59.430472103518447,-34.397182643032252],[-59.430145864584318,-34.397181123970697],[-59.43014403148495,-34.397451552401591],[-59.429491551591425,-34.397448511638387],[-59.429487881122107,-34.39798936840279],[-59.429161639113374,-34.397987846685815],[-59.429159802792675,-34.3982582750346],[-59.428507316749972,-34.398255228960437],[-59.4285054783061,-34.398525657266525],[-59.428179234272122,-34.398524132909323],[-59.428175555212093,-34.399064989454594],[-59.42784930910387,-34.399063464196836],[-59.427847468487691,-34.399333892436033],[-59.427521221354631,-34.399332366293017],[-59.42751937966451,-34.399602794504787],[-59.427193131506549,-34.399601267476513],[-59.427191288742449,-34.399871695660849],[-59.426865039559637,-34.399870167747324],[-59.426863195721545,-34.400140595904197],[-59.426536945513881,-34.400139067105364],[-59.426535100601754,-34.400409495234811],[-59.42588259816128,-34.400406434996626],[-59.425880751125618,-34.400676863083198],[-59.425554498892843,-34.400675331643804],[-59.425552650783089,-34.4009457597029],[-59.425226397525449,-34.400944227378154],[-59.425224548341582,-34.401214655409774],[-59.424898294059098,-34.401213122199643],[-59.424894593518403,-34.401753978195806],[-59.42456833716156,-34.401752444084849],[-59.424566485804675,-34.402022872049393],[-59.424240228422953,-34.40202133705305],[-59.424238375991862,-34.402291764990068],[-59.423912117585289,-34.402290229108289],[-59.423910264079936,-34.402560657017794],[-59.424236523536081,-34.402562192915042],[-59.424232818550465,-34.403103048728788],[-59.424559080130457,-34.403104583786956],[-59.424557228650215,-34.403375011691203],[-59.424883491304492,-34.403376545894787],[-59.424879790369239,-34.403917401697946],[-59.425206055147441,-34.403918935062393],[-59.425204205692459,-34.404189362961311],[-59.425530471544953,-34.404190895471153],[-59.425528623115007,-34.40446132337344],[-59.425854890041791,-34.404462855028669],[-59.425853042636859,-34.404733282934295],[-59.426179310637956,-34.404734813734862],[-59.426177464258117,-34.405005241643835],[-59.426503733333476,-34.405006771589754],[-59.426501887978731,-34.405277199502052],[-59.426828158128409,-34.405278728593288],[-59.426826313798792,-34.405549156508947],[-59.42715258502276,-34.405550684745471],[-59.4271507417183,-34.405821112664441],[-59.427477014016567,-34.405822640046267],[-59.427475171737278,-34.406093067968534],[-59.427801445109871,-34.406094594495613],[-59.427799603855782,-34.406365022421191],[-59.428125878302652,-34.40636654809353],[-59.428124038073811,-34.406636976022391],[-59.428450313595,-34.406638500839975],[-59.428448474391423,-34.406908928772118],[-59.429101027606869,-34.406911975827562],[-59.429099190478389,-34.407182403778314],[-59.42942546817266,-34.407183926016145],[-59.429423632069522,-34.407454353970166],[-59.429749910838069,-34.407455875353179],[-59.429748075760308,-34.407726303310447],[-59.430074355603146,-34.407727823838627],[-59.430072521550748,-34.407998251799135],[-59.431051364375442,-34.408002808208536],[-59.431049533448196,-34.408273236202845],[-59.431375815488444,-34.408274753280899],[-59.431373985586674,-34.408545181278427],[-59.432026551840067,-34.408548212854527],[-59.432024724013701,-34.408818640870486],[-59.433003576726108,-34.408823181753952],[-59.433001752025106,-34.409093609803548],[-59.437896034611171,-34.409116196971574],[-59.437894225634707,-34.409386625236444],[-59.441483381197138,-34.409403064885367],[-59.441485178624426,-34.40913263645502],[-59.44670575690369,-34.409156360465381],[-59.446707537508331,-34.408885931784233],[-59.447033822803164,-34.40888740712321],[-59.447035602334168,-34.408616978415147],[-59.447361886602813,-34.408618452869085],[-59.447363665060202,-34.408348024134114],[-59.44768994830266,-34.408349497703036],[-59.447700612250266,-34.406726924951037],[-59.448026889217324,-34.406728397560819],[-59.448039322063551,-34.404835395364493],[-59.448365591706029,-34.404836867000462],[-59.448386889862988,-34.401591718825991],[-59.44806063281596,-34.401590247367764],[-59.448078389173027,-34.398885956044332],[-59.447752142644347,-34.398884483864336],[-59.447766354420992,-34.396721050056122],[-59.447440116310695,-34.396719577124856],[-59.447443671116666,-34.396178718581908],[-59.447117435128582,-34.396177244810502],[-59.447122770307558,-34.395365956950172],[-59.446796537490897,-34.395364482353507],[-59.44679831688569,-34.39509405305747],[-59.446472085141956,-34.395092577605887],[-59.446473865562247,-34.394822148312635],[-59.44614763489141,-34.394820672006162],[-59.446151197759129,-34.394279813413227],[-59.445824969210399,-34.394278336266751],[-59.445826751657791,-34.394007906967062],[-59.445174296729903,-34.394004950094676],[-59.445176081251823,-34.393734520812686],[-59.444197402185793,-34.393730079025893],[-59.444199189831274,-34.393459649776581],[-59.443872964572691,-34.39345816745648],[-59.443874753243456,-34.393187738210024],[-59.443548529057807,-34.393186255035154],[-59.443550318753836,-34.392915825791576],[-59.443224095641142,-34.392914341761937],[-59.443225886362391,-34.392643912521265],[-59.442899664322624,-34.392642427636886],[-59.442901456069087,-34.392371998399085],[-59.442575235102275,-34.392370512660008],[-59.442577027873888,-34.392100083425113]],[[-59.451049925743575,-34.393490577596708],[-59.449092571561224,-34.393481780213484],[-59.449090799652573,-34.393752209685587],[-59.448438346348979,-34.393749270237251],[-59.448436572318442,-34.394019699667709],[-59.448110344652946,-34.394018228624155],[-59.448108569549625,-34.394288658027762],[-59.447782340858645,-34.394287186099675],[-59.447769907128418,-34.396180191483523],[-59.448096143163838,-34.396181663515328],[-59.448092592554964,-34.396722522117578],[-59.448418830712598,-34.396723993309209],[-59.448415282107668,-34.397264851892842],[-59.448741522387557,-34.397266322244278],[-59.448739749098948,-34.397536751532819],[-59.449065990451771,-34.397538221029194],[-59.449062445902342,-34.398079079599704],[-59.449714932876198,-34.398082016042082],[-59.449716703064027,-34.397811586733305],[-59.450042945537021,-34.397813053634948],[-59.450044714651924,-34.397542624299348],[-59.450370956099128,-34.397544090316373],[-59.450372724141133,-34.397273660953957],[-59.450698964562612,-34.397275126086413],[-59.450700731531725,-34.397004696697188],[-59.451026970927444,-34.397006160945061],[-59.45102873682373,-34.396735731529056],[-59.451354975193667,-34.396737194892374],[-59.451358504817094,-34.396196335994723],[-59.451684741112011,-34.396197798458793],[-59.451688268542867,-34.395656939483487],[-59.452014502762772,-34.395658401048323],[-59.452023315682595,-34.394306253325567],[-59.451697086708648,-34.394304791834287],[-59.451698850271306,-34.394034362268279],[-59.451372622370023,-34.394032899921996],[-59.451374386958307,-34.393762470358645],[-59.451048160129673,-34.393761007157359],[-59.451049925743575,-34.393490577596708]],[[-59.413841491323261,-34.396022351137255],[-59.413189024401696,-34.396019223549374],[-59.413183361640073,-34.396830506529014],[-59.413835834857089,-34.396833634211355],[-59.413837720370957,-34.396563206532065],[-59.414163955967901,-34.396564769052816],[-59.414165840407364,-34.396294341345715],[-59.413839605859657,-34.396292778840689],[-59.413841491323261,-34.396022351137255]],[[-59.438802639937961,-34.419937813906486],[-59.438476312182686,-34.419936316194558],[-59.438472696478421,-34.42047717180769],[-59.438799026334678,-34.420478669549766],[-59.438797219496919,-34.420749097353301],[-59.439123550427773,-34.420750594239848],[-59.439127161978199,-34.420209738590572],[-59.438800833148363,-34.420208241734166],[-59.438802639937961,-34.419937813906486]],[[-59.439121744616465,-34.421021022046396],[-59.438795412635088,-34.421019525144793],[-59.438791798839162,-34.421560380691581],[-59.439118132921642,-34.421561877623326],[-59.439121744616465,-34.421021022046396]],[[-59.456085786792926,-34.421908946906726],[-59.453801432722095,-34.421898766903816],[-59.453797915436759,-34.422439623745966],[-59.454124253763595,-34.422441080673302],[-59.454120738485777,-34.422981937496516],[-59.454447078937328,-34.422983393582527],[-59.454445322313923,-34.423253821990698],[-59.454771663839537,-34.423255277220669],[-59.454769908243399,-34.423525705631434],[-59.455422593466118,-34.423528613508623],[-59.455420839947962,-34.423799041936597],[-59.456073527365533,-34.423801946360285],[-59.456075278782329,-34.423531517903079],[-59.45672796419187,-34.423534418814796],[-59.456734961220455,-34.422452704748693],[-59.456408622706604,-34.422451254786544],[-59.456410372956071,-34.422180826254461],[-59.456084035516191,-34.422179375436258],[-59.456085786792926,-34.421908946906726]],[[-59.443616939061862,-34.432129425548872],[-59.442964188283895,-34.43212645402609],[-59.442960599842145,-34.432667308974104],[-59.443286977321435,-34.432668795200883],[-59.443288770503131,-34.432398367717951],[-59.443615146955189,-34.432399853058811],[-59.443616939061862,-34.432129425548872]],[[-59.44426431985049,-34.432943676171035],[-59.443611562670185,-34.432940708042494],[-59.443607978289641,-34.433481562977938],[-59.444260739674633,-34.433484531166215],[-59.44426431985049,-34.432943676171035]],[[-59.44654718801447,-34.433224464792801],[-59.446220808194525,-34.433222987246054],[-59.446219024401728,-34.433493414826984],[-59.446545405272865,-34.433494892388609],[-59.44654718801447,-34.433224464792801]],[[-59.442957011304749,-34.433208163873871],[-59.441325113755667,-34.433200719525594],[-59.441323314195223,-34.433471146882489],[-59.441649694708317,-34.433472637509119],[-59.441647896175077,-34.433743064868942],[-59.443606186063548,-34.43375199042756],[-59.443607978289641,-34.433481562977938],[-59.442955217000183,-34.433478591305672],[-59.442957011304749,-34.433208163873871]],[[-59.441323314195223,-34.433471146882489],[-59.440996933706138,-34.433469655384862],[-59.440995133070523,-34.433740082714657],[-59.44132151461082,-34.433741574227305],[-59.441323314195223,-34.433471146882489]],[[-59.446870004453586,-34.433766796677816],[-59.446543622507498,-34.433765319972331],[-59.446541839718371,-34.434035747544009],[-59.446868222715679,-34.434037224264337],[-59.446870004453586,-34.433766796677816]],[[-59.467737922751851,-34.437104635550043],[-59.467411526698719,-34.437103214418151],[-59.467409810913168,-34.437373642778368],[-59.467736208017698,-34.437375063924563],[-59.467737922751851,-34.437104635550043]],[[-59.46345501676813,-34.443305938159789],[-59.462475757016257,-34.443301637181648],[-59.462472292818624,-34.443842492904288],[-59.463125136837022,-34.443845361152093],[-59.463123406807078,-34.444115789024202],[-59.463449829902608,-34.444117221855493],[-59.46345155888082,-34.443846793968973],[-59.463777980947654,-34.443848225914515],[-59.463776253021187,-34.444118653815444],[-59.464429099327397,-34.44412151512126],[-59.464432550950363,-34.443580659249797],[-59.463453287835982,-34.44357636607041],[-59.46345501676813,-34.443305938159789]]]}}
]
}
