{
"type": "FeatureCollection",
"name": "rog_v_P200_24h",
"crs": { "type": "name", "properties": { "name": "urn:ogc:def:crs:OGC:1.3:CRS84" } },
"features": [
{"type":"Feature","properties":{"Name":"200 mm en 24 h · h>5 cm"},"geometry":{"type":"Polygon","coordinates":[[[-59.42535762660831,-34.381743806304421],[-59.42535577917338,-34.382014235192358],[-59.425029599370191,-34.382012703077748],[-59.425031447853627,-34.38174227420523],[-59.42535762660831,-34.381743806304421]]]}},
{"type":"Feature","properties":{"Name":"200 mm en 24 h · h>5 cm"},"geometry":{"type":"Polygon","coordinates":[[[-59.424052911737434,-34.381737672691713],[-59.424051060108511,-34.382008101517918],[-59.423724880403931,-34.382006565925991],[-59.423726733081359,-34.381736137115247],[-59.424052911737434,-34.381737672691713]]]}},
{"type":"Feature","properties":{"Name":"200 mm en 24 h · h>5 cm"},"geometry":{"type":"Polygon","coordinates":[[[-59.423070666269766,-34.382273920901881],[-59.423068811445908,-34.382544349657536],[-59.422742629718414,-34.382542811426681],[-59.422744485590805,-34.382272382686502],[-59.423070666269766,-34.382273920901881]]]}},
{"type":"Feature","properties":{"Name":"200 mm en 24 h · h>5 cm"},"geometry":{"type":"Polygon","coordinates":[[[-59.439021083847301,-34.387215957744154],[-59.439019279968946,-34.387486387030982],[-59.438693078170438,-34.387484891126967],[-59.43869488309759,-34.387214461855208],[-59.439021083847301,-34.387215957744154]]]}},
{"type":"Feature","properties":{"Name":"200 mm en 24 h · h>5 cm"},"geometry":{"type":"Polygon","coordinates":[[[-59.439345481791477,-34.387487882065464],[-59.439343678937909,-34.38775831135527],[-59.439017476066553,-34.387756816305718],[-59.439019279968946,-34.387486387030982],[-59.439345481791477,-34.387487882065464]]]}},
{"type":"Feature","properties":{"Name":"200 mm en 24 h · h>5 cm"},"geometry":{"type":"Polygon","coordinates":[[[-59.430186186590234,-34.391231695439551],[-59.430184354028249,-34.391502124135791],[-59.429858137150703,-34.391500604525675],[-59.429859970761683,-34.391230175844761],[-59.430186186590234,-34.391231695439551]]]}},
{"type":"Feature","properties":{"Name":"200 mm en 24 h · h>5 cm"},"geometry":{"type":"Polygon","coordinates":[[[-59.398217153666167,-34.391078641852559],[-59.398215218304223,-34.39134906900798],[-59.397889003887954,-34.391347464174778],[-59.397890940298879,-34.391077037035515],[-59.398217153666167,-34.391078641852559]]]}},
{"type":"Feature","properties":{"Name":"200 mm en 24 h · h>5 cm"},"geometry":{"type":"Polygon","coordinates":[[[-59.430510570930238,-34.391503642876266],[-59.430508739392835,-34.391774071575725],[-59.43018252144185,-34.391772552819944],[-59.430184354028249,-34.391502124135791],[-59.430510570930238,-34.391503642876266]]]}},
{"type":"Feature","properties":{"Name":"200 mm en 24 h · h>5 cm"},"geometry":{"type":"Polygon","coordinates":[[[-59.428540404550468,-34.393387517388753],[-59.428538566547552,-34.393657945911912],[-59.42821234139987,-34.393656421830897],[-59.428214180451882,-34.393385993323086],[-59.428540404550468,-34.393387517388753]]]}},
{"type":"Feature","properties":{"Name":"200 mm en 24 h · h>5 cm"},"geometry":{"type":"Polygon","coordinates":[[[-59.443213350812435,-34.394536916952895],[-59.443207978075883,-34.39534820438562],[-59.442555513037433,-34.395345233448133],[-59.442559099082466,-34.39480437523153],[-59.442885329491354,-34.39480586110524],[-59.442887121428839,-34.394535431963888],[-59.443213350812435,-34.394536916952895]]]}},
{"type":"Feature","properties":{"Name":"200 mm en 24 h · h>5 cm"},"geometry":{"type":"Polygon","coordinates":[[[-59.425919533705304,-34.394997870732112],[-59.425917687161913,-34.395268299059921],[-59.4255914559158,-34.395266767928803],[-59.425593303508371,-34.394996339616412],[-59.425919533705304,-34.394997870732112]]]}},
{"type":"Feature","properties":{"Name":"200 mm en 24 h · h>5 cm"},"geometry":{"type":"Polygon","coordinates":[[[-59.43994565384066,-34.395333314907646],[-59.439943852388573,-34.395603743877871],[-59.43961761904766,-34.395602250131326],[-59.439619421548947,-34.395331821176121],[-59.43994565384066,-34.395333314907646]]]}},
{"type":"Feature","properties":{"Name":"200 mm en 24 h · h>5 cm"},"geometry":{"type":"Polygon","coordinates":[[[-59.403407789678745,-34.395160610582593],[-59.403405870716647,-34.395431037814276],[-59.403079640153173,-34.395429446654653],[-59.403081560164431,-34.395159019438992],[-59.403407789678745,-34.395160610582593]]]}},
{"type":"Feature","properties":{"Name":"200 mm en 24 h · h>5 cm"},"geometry":{"type":"Polygon","coordinates":[[[-59.43961761904766,-34.395602250131326],[-59.439615816522334,-34.395872679074472],[-59.439289582156213,-34.395871184443131],[-59.439291385730762,-34.395600755515019],[-59.43961761904766,-34.395602250131326]]]}},
{"type":"Feature","properties":{"Name":"200 mm en 24 h · h>5 cm"},"geometry":{"type":"Polygon","coordinates":[[[-59.402427179103,-34.395426261726179],[-59.402425256967767,-34.395696688897729],[-59.402099025431909,-34.395695095112828],[-59.402100948616329,-34.395424667957315],[-59.402427179103,-34.395426261726179]]]}},
{"type":"Feature","properties":{"Name":"200 mm en 24 h · h>5 cm"},"geometry":{"type":"Polygon","coordinates":[[[-59.439289582156213,-34.395871184443131],[-59.43928777855762,-34.396141613359148],[-59.439614013972999,-34.396143108005546],[-59.43961221139962,-34.396413536924591],[-59.438633502077892,-34.39640905033086],[-59.438635307799011,-34.396138621456998],[-59.438961543166293,-34.39614011784299],[-59.438963347814123,-34.395869688941993],[-59.439289582156213,-34.395871184443131]]]}},
{"type":"Feature","properties":{"Name":"200 mm en 24 h · h>5 cm"},"geometry":{"type":"Polygon","coordinates":[[[-59.440918955874565,-34.396149077893256],[-59.44091715749822,-34.396419506872384],[-59.440264684400944,-34.396416523638081],[-59.440262883902086,-34.396686952575124],[-59.439936646340151,-34.396685459638249],[-59.439934844768032,-34.396955888548199],[-59.439608606180826,-34.396954394726485],[-59.43961221139962,-34.396413536924591],[-59.439938447888281,-34.396415030716227],[-59.439940249412388,-34.396144601782169],[-59.440918955874565,-34.396149077893256]]]}},
{"type":"Feature","properties":{"Name":"200 mm en 24 h · h>5 cm"},"geometry":{"type":"Polygon","coordinates":[[[-59.439608606180826,-34.396954394726485],[-59.439606803535398,-34.397224823609335],[-59.439280563922928,-34.397223328902747],[-59.43928236761765,-34.396952900034933],[-59.439608606180826,-34.396954394726485]]]}},
{"type":"Feature","properties":{"Name":"200 mm en 24 h · h>5 cm"},"geometry":{"type":"Polygon","coordinates":[[[-59.40045243976909,-34.397850529308741],[-59.400450511107394,-34.398120956275257],[-59.400124270282191,-34.398119357126966],[-59.400126199993196,-34.397848930176515],[-59.40045243976909,-34.397850529308741]]]}},
{"type":"Feature","properties":{"Name":"200 mm en 24 h · h>5 cm"},"geometry":{"type":"Polygon","coordinates":[[[-59.436342595331496,-34.397480266121399],[-59.436335342439605,-34.398561980880586],[-59.435356608657713,-34.398557467829541],[-59.435358425065033,-34.398287039203247],[-59.435684668585431,-34.39828854440831],[-59.435686483919191,-34.398018115754844],[-59.436012726414454,-34.398019620074884],[-59.43601635491072,-34.397478762701446],[-59.436342595331496,-34.397480266121399]]]}},
{"type":"Feature","properties":{"Name":"200 mm en 24 h · h>5 cm"},"geometry":{"type":"Polygon","coordinates":[[[-59.437968373904916,-34.398299056487744],[-59.437966565892523,-34.398569485235001],[-59.437640321153694,-34.398567986103842],[-59.437642130215451,-34.398297557371691],[-59.437968373904916,-34.398299056487744]]]}},
{"type":"Feature","properties":{"Name":"200 mm en 24 h · h>5 cm"},"geometry":{"type":"Polygon","coordinates":[[[-59.444496826714321,-34.397787998007892],[-59.44449503973695,-34.398058427079221],[-59.445147526047101,-34.398061387877533],[-59.445142171268323,-34.398872675108606],[-59.444815924953225,-34.39887119509968],[-59.444817710952663,-34.398600766049604],[-59.444491465710733,-34.398599285185711],[-59.444493252735754,-34.398328856138491],[-59.444167008567035,-34.398327374419623],[-59.444168796617575,-34.398056945375274],[-59.443842553522053,-34.398055462801459],[-59.443844342598105,-34.39778503375998],[-59.444496826714321,-34.397787998007892]]]}},
{"type":"Feature","properties":{"Name":"200 mm en 24 h · h>5 cm"},"geometry":{"type":"Polygon","coordinates":[[[-59.409253321915791,-34.398975086602974],[-59.40925142148442,-34.399245513952536],[-59.408925175772708,-34.399243938226356],[-59.408927077253445,-34.398973510892652],[-59.409253321915791,-34.398975086602974]]]}},
{"type":"Feature","properties":{"Name":"200 mm en 24 h · h>5 cm"},"geometry":{"type":"Polygon","coordinates":[[[-59.43730864596084,-34.399377772181644],[-59.437306835753226,-34.399648200850471],[-59.436980586865019,-34.399646699919153],[-59.436982398122069,-34.399376271265446],[-59.43730864596084,-34.399377772181644]]]}},
{"type":"Feature","properties":{"Name":"200 mm en 24 h · h>5 cm"},"geometry":{"type":"Polygon","coordinates":[[[-59.441238001957863,-34.397232284094883],[-59.441236204534974,-34.39750271304078],[-59.441562445340693,-34.397504202543409],[-59.441558852521702,-34.398045060429006],[-59.44188509545004,-34.398046549091781],[-59.441881504634019,-34.39858740695913],[-59.441229014603827,-34.398584428703792],[-59.441227217061147,-34.398854857589406],[-59.440900971032605,-34.398853367141932],[-59.440897373776572,-34.399394224846986],[-59.440244877593791,-34.399391241282338],[-59.440243076830967,-34.399661670086736],[-59.439264329588561,-34.399657188170437],[-59.43926252565344,-34.399927616917672],[-59.437957525469102,-34.399921628790366],[-59.437959333601981,-34.399651200103413],[-59.437633084665535,-34.399649700911894],[-59.437636702957832,-34.399108843531991],[-59.437310456144345,-34.399107343500781],[-59.437312266303707,-34.398836914807838],[-59.436659774847904,-34.398833912165969],[-59.43666339929176,-34.398293054804348],[-59.436989642908856,-34.398294556529997],[-59.436987831748368,-34.398564985231936],[-59.437640321153694,-34.398567986103842],[-59.437638512067821,-34.398838414823963],[-59.43829100366834,-34.398841412246554],[-59.438292810655462,-34.398570983496292],[-59.438619055442466,-34.398572480887701],[-59.438620861356121,-34.398302052110303],[-59.439273348903598,-34.398305044253412],[-59.439275152694499,-34.398034615433843],[-59.439601395454943,-34.398036110185544],[-59.439603198172463,-34.397765681338868],[-59.439929439907587,-34.397767175205722],[-59.439931241551754,-34.397496746331925],[-59.440583722995392,-34.397499731426024],[-59.440585522516905,-34.397229302510134],[-59.441238001957863,-34.397232284094883]]]}},
{"type":"Feature","properties":{"Name":"200 mm en 24 h · h>5 cm"},"geometry":{"type":"Polygon","coordinates":[[[-59.440569325959814,-34.399663162319044],[-59.440567526222424,-34.399933591126384],[-59.440241276044162,-34.399932098879091],[-59.440243076830967,-34.399661670086736],[-59.440569325959814,-34.399663162319044]]]}},
{"type":"Feature","properties":{"Name":"200 mm en 24 h · h>5 cm"},"geometry":{"type":"Polygon","coordinates":[[[-59.437633084665535,-34.399649700911894],[-59.437631275483227,-34.399920129583748],[-59.437305025521468,-34.399918629507241],[-59.437306835753226,-34.399648200850471],[-59.437633084665535,-34.399649700911894]]]}},
{"type":"Feature","properties":{"Name":"200 mm en 24 h · h>5 cm"},"geometry":{"type":"Polygon","coordinates":[[[-59.437957525469102,-34.399921628790366],[-59.437955717312136,-34.400192057465254],[-59.437629466276803,-34.400190558243551],[-59.437631275483227,-34.399920129583748],[-59.437957525469102,-34.399921628790366]]]}},
{"type":"Feature","properties":{"Name":"200 mm en 24 h · h>5 cm"},"geometry":{"type":"Polygon","coordinates":[[[-59.394894687696997,-34.399445785734379],[-59.394888847652211,-34.400257065555934],[-59.394562598871126,-34.400255451490544],[-59.394568442064141,-34.399444171717718],[-59.394894687696997,-34.399445785734379]]]}},
{"type":"Feature","properties":{"Name":"200 mm en 24 h · h>5 cm"},"geometry":{"type":"Polygon","coordinates":[[[-59.440241276044162,-34.399932098879091],[-59.440237674398517,-34.400472956427585],[-59.43991142214535,-34.400471463280311],[-59.439915025889903,-34.39993060576186],[-59.440241276044162,-34.399932098879091]]]}},
{"type":"Feature","properties":{"Name":"200 mm en 24 h · h>5 cm"},"geometry":{"type":"Polygon","coordinates":[[[-59.402684234385617,-34.405163225774771],[-59.402682312377671,-34.405433652527869],[-59.402356043035979,-34.405432059035398],[-59.402357966093639,-34.405161632298338],[-59.402684234385617,-34.405163225774771]]]}},
{"type":"Feature","properties":{"Name":"200 mm en 24 h · h>5 cm"},"geometry":{"type":"Polygon","coordinates":[[[-59.417356959717182,-34.406586168904717],[-59.417355084820905,-34.406856596310135],[-59.417028809091647,-34.406855041892847],[-59.417030685037695,-34.406584614503075],[-59.417356959717182,-34.406586168904717]]]}},
{"type":"Feature","properties":{"Name":"200 mm en 24 h · h>5 cm"},"geometry":{"type":"Polygon","coordinates":[[[-59.417681360575166,-34.406858149857293],[-59.417679486703697,-34.407128577266292],[-59.417353209899645,-34.407127023703509],[-59.417355084820905,-34.406856596310135],[-59.417681360575166,-34.406858149857293]]]}},
{"type":"Feature","properties":{"Name":"200 mm en 24 h · h>5 cm"},"geometry":{"type":"Polygon","coordinates":[[[-59.410173228515376,-34.407363052213697],[-59.410171330448151,-34.407633479236722],[-59.409845052122733,-34.407631905629238],[-59.409846951239778,-34.407361478622043],[-59.410173228515376,-34.407363052213697]]]}},
{"type":"Feature","properties":{"Name":"200 mm en 24 h · h>5 cm"},"geometry":{"type":"Polygon","coordinates":[[[-59.442144931645565,-34.408053900177507],[-59.44214313641384,-34.408324328686028],[-59.441816853576221,-34.40832284032394],[-59.441818649857808,-34.40805241183039],[-59.442144931645565,-34.408053900177507]]]}},
{"type":"Feature","properties":{"Name":"200 mm en 24 h · h>5 cm"},"geometry":{"type":"Polygon","coordinates":[[[-59.43659451833576,-34.408569336426261],[-59.436592705207907,-34.408839764654836],[-59.436266420679381,-34.408838261469356],[-59.436268234857124,-34.40856783325593],[-59.43659451833576,-34.408569336426261]]]}},
{"type":"Feature","properties":{"Name":"200 mm en 24 h · h>5 cm"},"geometry":{"type":"Polygon","coordinates":[[[-59.407553478437293,-34.408702573476319],[-59.407549665226313,-34.409243427135678],[-59.407223380804624,-34.409241846471566],[-59.407227196115379,-34.408700992844039],[-59.407553478437293,-34.408702573476319]]]}},
{"type":"Feature","properties":{"Name":"200 mm en 24 h · h>5 cm"},"geometry":{"type":"Polygon","coordinates":[[[-59.41537485452568,-34.41009238355052],[-59.415372973004779,-34.410362810705074],[-59.415046683777362,-34.410361250862977],[-59.415048566348212,-34.410090823724126],[-59.41537485452568,-34.41009238355052]]]}},
{"type":"Feature","properties":{"Name":"200 mm en 24 h · h>5 cm"},"geometry":{"type":"Polygon","coordinates":[[[-59.413741527118688,-34.41035500279218],[-59.413733979784482,-34.411436710975416],[-59.413081393206021,-34.411433581592625],[-59.413085171123441,-34.410892727588134],[-59.413411462300068,-34.410894292683167],[-59.41341523801686,-34.410353438598882],[-59.413741527118688,-34.41035500279218]]]}},
{"type":"Feature","properties":{"Name":"200 mm en 24 h · h>5 cm"},"geometry":{"type":"Polygon","coordinates":[[[-59.412093052542239,-34.412781015554906],[-59.412091160269604,-34.413051442431396],[-59.411764860793355,-34.413049873729072],[-59.411766754116094,-34.412779446868356],[-59.412093052542239,-34.412781015554906]]]}},
{"type":"Feature","properties":{"Name":"200 mm en 24 h · h>5 cm"},"geometry":{"type":"Polygon","coordinates":[[[-59.428719594980656,-34.415023285550305],[-59.428717756067293,-34.415293713123837],[-59.42839144692136,-34.41529218868552],[-59.428393286884948,-34.415021761127313],[-59.428719594980656,-34.415023285550305]]]}},
{"type":"Feature","properties":{"Name":"200 mm en 24 h · h>5 cm"},"geometry":{"type":"Polygon","coordinates":[[[-59.42806697881376,-34.415020235833936],[-59.428065137799948,-34.415290663376766],[-59.42773882870307,-34.415289137197632],[-59.427740670767101,-34.415018709670143],[-59.42806697881376,-34.415020235833936]]]}},
{"type":"Feature","properties":{"Name":"200 mm en 24 h · h>5 cm"},"geometry":{"type":"Polygon","coordinates":[[[-59.44274727856358,-34.415628868780033],[-59.442745484762376,-34.415899296980825],[-59.442419172474764,-34.415897809940134],[-59.442420967326235,-34.415627381754291],[-59.44274727856358,-34.415628868780033]]]}},
{"type":"Feature","properties":{"Name":"200 mm en 24 h · h>5 cm"},"geometry":{"type":"Polygon","coordinates":[[[-59.429359353041193,-34.416919324761068],[-59.429357516056939,-34.417189752280819],[-59.429031199510028,-34.417188229476018],[-59.429033037544627,-34.416917801971593],[-59.429359353041193,-34.416919324761068]]]}},
{"type":"Feature","properties":{"Name":"200 mm en 24 h · h>5 cm"},"geometry":{"type":"Polygon","coordinates":[[[-59.442415582700043,-34.416438666275653],[-59.442411992829655,-34.416979522562919],[-59.442738309318486,-34.416981009663488],[-59.442734721453085,-34.417521865932436],[-59.442082084297986,-34.41751889080097],[-59.442080288228709,-34.417789318887422],[-59.441427649068615,-34.417786340244042],[-59.441431245384678,-34.417245484119036],[-59.441757562852032,-34.417246973845991],[-59.441759359923772,-34.416976545750401],[-59.442085676364755,-34.416978034591899],[-59.442089268335764,-34.416437178334569],[-59.442415582700043,-34.416438666275653]]]}},
{"type":"Feature","properties":{"Name":"200 mm en 24 h · h>5 cm"},"geometry":{"type":"Polygon","coordinates":[[[-59.415316515716604,-34.418475619730444],[-59.415314633418241,-34.41874604651089],[-59.414988311635121,-34.418744486182071],[-59.414990194983901,-34.418474059417321],[-59.415316515716604,-34.418475619730444]]]}},
{"type":"Feature","properties":{"Name":"200 mm en 24 h · h>5 cm"},"geometry":{"type":"Polygon","coordinates":[[[-59.419549344054381,-34.419847959383631],[-59.419547475286642,-34.420118386307088],[-59.419221147926315,-34.420116837216959],[-59.419223017744542,-34.419846410309106],[-59.419549344054381,-34.419847959383631]]]}},
{"type":"Feature","properties":{"Name":"200 mm en 24 h · h>5 cm"},"geometry":{"type":"Polygon","coordinates":[[[-59.413673586624817,-34.420090369489984],[-59.413671698923537,-34.420360796119418],[-59.413345370963413,-34.420359231343582],[-59.413347259715174,-34.4200888047299],[-59.413673586624817,-34.420090369489984]]]}},
{"type":"Feature","properties":{"Name":"200 mm en 24 h · h>5 cm"},"geometry":{"type":"Polygon","coordinates":[[[-59.405187180177428,-34.420319829016236],[-59.405185265138378,-34.420590255221349],[-59.404858936786781,-34.420588667795052],[-59.404860852876311,-34.420318241605905],[-59.405187180177428,-34.420319829016236]]]}},
{"type":"Feature","properties":{"Name":"200 mm en 24 h · h>5 cm"},"geometry":{"type":"Polygon","coordinates":[[[-59.434549457963342,-34.421540841353391],[-59.434543996116147,-34.422352123993242],[-59.434217659220323,-34.422350614827394],[-59.434223124219258,-34.421539332233124],[-59.434549457963342,-34.421540841353391]]]}},
{"type":"Feature","properties":{"Name":"200 mm en 24 h · h>5 cm"},"geometry":{"type":"Polygon","coordinates":[[[-59.435523006949133,-34.422356646266955],[-59.435521189436706,-34.422627073834938],[-59.434542175451888,-34.422622551515708],[-59.434543996116147,-34.422352123993242],[-59.435523006949133,-34.422356646266955]]]}},
{"type":"Feature","properties":{"Name":"200 mm en 24 h · h>5 cm"},"geometry":{"type":"Polygon","coordinates":[[[-59.429648945234327,-34.422329395089008],[-59.429647108810997,-34.422599822382757],[-59.429320771230188,-34.422598300142106],[-59.429322608704155,-34.422327872863647],[-59.429648945234327,-34.422329395089008]]]}},
{"type":"Feature","properties":{"Name":"200 mm en 24 h · h>5 cm"},"geometry":{"type":"Polygon","coordinates":[[[-59.431643562201934,-34.416929959914548],[-59.43164173256995,-34.417200387541314],[-59.431315415851969,-34.417198870829779],[-59.431313585145254,-34.417469298429218],[-59.430987267401335,-34.417467780831949],[-59.430985435619867,-34.417738208404053],[-59.430659116850009,-34.417736689921021],[-59.430657283993774,-34.41800711746577],[-59.430330964197964,-34.41800559809699],[-59.430329130266927,-34.418276025614389],[-59.4296764886479,-34.418272984234719],[-59.429674652591615,-34.41854341170945],[-59.429348330768413,-34.418541889698545],[-59.429346493637254,-34.418812317145893],[-59.429020170788114,-34.41881079424914],[-59.429018332582054,-34.419081221669131],[-59.428692008706982,-34.419079697886531],[-59.428679133225302,-34.420972689381138],[-59.429005464453695,-34.420974213271066],[-59.428998110698494,-34.422055922492483],[-59.429324446153608,-34.422057445573138],[-59.429322608704155,-34.422327872863647],[-59.428996272198454,-34.422326349767665],[-59.428992595124832,-34.422867204281843],[-59.428666256542421,-34.422865680284559],[-59.428675454295615,-34.421513543985299],[-59.428349120990646,-34.42151201919409],[-59.428345439861779,-34.422052873719302],[-59.428019104480228,-34.422051348026763],[-59.428020946107502,-34.421780920785544],[-59.427694611801037,-34.421779394237774],[-59.427701982266868,-34.420697685213675],[-59.427375652187131,-34.420696157856753],[-59.427379339373708,-34.420155303303048],[-59.427053011419531,-34.420153775106314],[-59.427058545166503,-34.419342493231412],[-59.426732220388274,-34.419340964210292],[-59.426735911530884,-34.418800109597456],[-59.426409588878116,-34.418798579736588],[-59.426416975069692,-34.417716870427739],[-59.427722249022118,-34.417722984402054],[-59.427720406712602,-34.41799341180888],[-59.428373045936887,-34.417996463603856],[-59.42837488614569,-34.417726036166314],[-59.429353842014962,-34.417730607284099],[-59.429355679048193,-34.417460179788499],[-59.429681996669913,-34.417461701738127],[-59.429683832628314,-34.417191274215142],[-59.430336465844498,-34.417194315472386],[-59.430338299677771,-34.416923887906734],[-59.431643562201934,-34.416929959914548]]]}},
{"type":"Feature","properties":{"Name":"200 mm en 24 h · h>5 cm"},"geometry":{"type":"Polygon","coordinates":[[[-59.427016114118544,-34.425562318163927],[-59.427014268995343,-34.425832745190114],[-59.426687919002546,-34.425831215799676],[-59.426689765176512,-34.425560788788864],[-59.427016114118544,-34.425562318163927]]]}},
{"type":"Feature","properties":{"Name":"200 mm en 24 h · h>5 cm"},"geometry":{"type":"Polygon","coordinates":[[[-59.417552004839692,-34.425517612769355],[-59.417546377978567,-34.426328892462202],[-59.417220026603388,-34.426327337788969],[-59.417225656616836,-34.425516058143053],[-59.417552004839692,-34.425517612769355]]]}},
{"type":"Feature","properties":{"Name":"200 mm en 24 h · h>5 cm"},"geometry":{"type":"Polygon","coordinates":[[[-59.443449538679189,-34.358840162508912],[-59.443447750938738,-34.359110593256247],[-59.443773843025014,-34.359112075419169],[-59.443772056308063,-34.359382506169389],[-59.444098149465496,-34.35938398747863],[-59.444096363772104,-34.359654418231727],[-59.444422458000695,-34.359655898687258],[-59.444420673330868,-34.359926329443219],[-59.444746768630637,-34.359927809045061],[-59.444744984984411,-34.360198239803864],[-59.445071081355309,-34.360199718551989],[-59.445069298732733,-34.36047014931362],[-59.445395396174803,-34.360471627208],[-59.445393614575877,-34.360742057972473],[-59.445719713089112,-34.360743535013093],[-59.445717932513865,-34.361013965780401],[-59.446044032098285,-34.361015441967233],[-59.446042252546732,-34.361285872737355],[-59.44636835320231,-34.361287348070391],[-59.446366574674514,-34.361557778843313],[-59.446692676401227,-34.36155925332254],[-59.446690898897216,-34.361829684098261],[-59.447017001695109,-34.361831157723657],[-59.447015225214884,-34.362101588502171],[-59.447341329083955,-34.362103061273714],[-59.447339553627543,-34.362373492055013],[-59.447665658567772,-34.362374963972698],[-59.447662109679023,-34.362915825528788],[-59.447988216737947,-34.362917296607399],[-59.447986443305638,-34.363187727382197],[-59.448312551435748,-34.363189197606907],[-59.448310779027366,-34.363459628384426],[-59.448636888228648,-34.363461097755199],[-59.44863511684423,-34.363731528535496],[-59.449287337412763,-34.363734464700386],[-59.449285568099889,-34.364004895498212],[-59.449611679467132,-34.364006362292308],[-59.44960814286587,-34.364547223881324],[-59.450260369861475,-34.364550154922298],[-59.450256837356498,-34.365091016522179],[-59.450582952984895,-34.365092480768993],[-59.450581187744746,-34.365362911565597],[-59.450907304444328,-34.365364374958375],[-59.450903775988841,-34.365905236544918],[-59.451229894807298,-34.365906699098339],[-59.451228131591961,-34.366177129888257],[-59.451554251481625,-34.366178591587598],[-59.451550727075933,-34.366719453160741],[-59.45187684908452,-34.366720914020675],[-59.451873326680378,-34.367261775575045],[-59.452199450807939,-34.367263235595537],[-59.452197690618434,-34.36753366636934],[-59.45252381581723,-34.367535125535674],[-59.45252029746343,-34.368075987076544],[-59.452846424781256,-34.368077445403365],[-59.45284466661699,-34.368347876170425],[-59.453170795006073,-34.368349333643046],[-59.453167280702928,-34.368890195170351],[-59.453493411211092,-34.368891651803402],[-59.453489898909986,-34.36943251331185],[-59.453816031537301,-34.369433969105323],[-59.453812521238383,-34.369974830594884],[-59.454138655984856,-34.369976285548709],[-59.454135147688184,-34.370517147019385],[-59.454461284553894,-34.370518601133568],[-59.454459531418436,-34.370789031865456],[-59.454785669355445,-34.370790485125305],[-59.45478391724459,-34.371060915859793],[-59.455110056252913,-34.371062368265278],[-59.455106554057068,-34.371603229727377],[-59.455432695184683,-34.371604681293107],[-59.455430945099749,-34.371875112020689],[-59.455757087298686,-34.371876562732041],[-59.455755338238454,-34.372146993462195],[-59.456081481508718,-34.372148443319134],[-59.456077985414375,-34.372689304772457],[-59.456404130803996,-34.372690753789563],[-59.456402383769941,-34.372961184512768],[-59.456728530230912,-34.372962632675396],[-59.456725038189077,-34.373503494114786],[-59.457051186769469,-34.373504941437531],[-59.457049441761747,-34.373775372153737],[-59.457375591413488,-34.373776818621984],[-59.457372103424532,-34.374317680047355],[-59.457698255195744,-34.37431912567564],[-59.457694769210093,-34.374859987081948],[-59.458020923100854,-34.374861431870222],[-59.458017439118635,-34.375402293257423],[-59.458343595128959,-34.37540373720568],[-59.458340113150271,-34.375944598573767],[-59.458666271280201,-34.375946041681949],[-59.458662791305166,-34.376486903030909],[-59.458988951554758,-34.376488345299002],[-59.458985473583482,-34.377029206628812],[-59.459311635952773,-34.37703064805676],[-59.459308159985362,-34.377571509367392],[-59.459960488986582,-34.377574389673754],[-59.459958753064754,-34.377844820340009],[-59.460611084255106,-34.377847697198575],[-59.460609350406806,-34.378118127881734],[-59.463544851340622,-34.378131030849367],[-59.463546575754002,-34.3778606000363],[-59.463872741591189,-34.3778620293389],[-59.463874464933255,-34.377591598499372],[-59.464200629745115,-34.377593026918383],[-59.464202352015931,-34.377322596052423],[-59.464854679611875,-34.377325450254084],[-59.46485639976315,-34.377055019347345],[-59.465508725354233,-34.377057870043544],[-59.465510443386052,-34.376787439096042],[-59.466488928799528,-34.376791708578466],[-59.466490643663654,-34.376521277575932],[-59.46681680446563,-34.376522698984068],[-59.46681509064976,-34.376793130000905],[-59.467793576337428,-34.376797389053216],[-59.467791865643527,-34.377067820100905],[-59.468444191645879,-34.377070655151769],[-59.468439065717234,-34.377881948308151],[-59.469091398100495,-34.377884779967815],[-59.469089691508735,-34.378155211024364],[-59.46876352425739,-34.378153795614907],[-59.468761816594544,-34.378424226645151],[-59.467783311832079,-34.378419975158586],[-59.467781601001384,-34.378690406133991],[-59.467455431744462,-34.378688987219064],[-59.467453719842595,-34.37895941816813],[-59.467127549560111,-34.378957998369664],[-59.46712583658703,-34.379228429292382],[-59.466799665278991,-34.379227008610378],[-59.466791094829027,-34.380579162971756],[-59.466464918301696,-34.380577741348915],[-59.466468348647105,-34.380036879669134],[-59.466142174239529,-34.380035457205658],[-59.466143890426366,-34.379765026362001],[-59.46581771709009,-34.37976360304355],[-59.465819434302475,-34.379493172202196],[-59.464840917576254,-34.379488897074303],[-59.464839197218616,-34.379759327872598],[-59.464513023973964,-34.379757901077078],[-59.464511302544985,-34.380028331848969],[-59.463858954027671,-34.380025475621366],[-59.463857230478872,-34.380295906352437],[-59.463204879956557,-34.38029304661891],[-59.463203154287868,-34.380563477309153],[-59.462876978012744,-34.380562046124048],[-59.462875251272607,-34.380832476787837],[-59.462549073972035,-34.38083104471901],[-59.462543890468019,-34.381642336594822],[-59.462870070914072,-34.381643768706908],[-59.462866617226659,-34.382184629926059],[-59.463192799792765,-34.382186061197629],[-59.463191073963102,-34.382456491803552],[-59.463517257600778,-34.382457922220155],[-59.463515532796656,-34.38272835282843],[-59.4638417175059,-34.382729782390101],[-59.463839993727369,-34.383000213000692],[-59.464166179508155,-34.383001641707374],[-59.464164456755242,-34.383272072320317],[-59.464490643607576,-34.38327350017201],[-59.464488921880331,-34.383543930787269],[-59.464815109804221,-34.383545357783937],[-59.464811668378118,-34.384086219007074],[-59.465137858422203,-34.384087645163056],[-59.465134419001679,-34.384628506366695],[-59.465460611166002,-34.384629931681992],[-59.465457173751162,-34.385170792866148],[-59.465783368035765,-34.385172217340674],[-59.465779932626738,-34.385713078505333],[-59.466106129031658,-34.385714502139081],[-59.46610269562855,-34.386255363284199],[-59.466428894153843,-34.386256786077126],[-59.466427178466724,-34.386527216645945],[-59.466753378063629,-34.386528638583712],[-59.466751663402427,-34.38679906915479],[-59.467077864070966,-34.38680049023737],[-59.467076150435702,-34.387070920810714],[-59.467402352175881,-34.387072341038092],[-59.467398926934464,-34.387613202177235],[-59.467725130795095,-34.387614621563685],[-59.467723419188985,-34.387885052129477],[-59.46804962412125,-34.387886470660689],[-59.468047913541184,-34.388156901228704],[-59.468374119545103,-34.38815831890463],[-59.468372409991098,-34.388428749474869],[-59.468698617066657,-34.388430166295549],[-59.468696908538725,-34.388700596867999],[-59.469023116685946,-34.388702012833363],[-59.469021409184158,-34.388972443408036],[-59.46934761840302,-34.388973858518078],[-59.469345911927377,-34.389244289094925],[-59.469672122217879,-34.389245703349658],[-59.469670416768416,-34.389516133928716],[-59.469996628130581,-34.389517547328076],[-59.469994923707318,-34.389787977909322],[-59.470321136141109,-34.389789390453309],[-59.470319432744098,-34.390059821036722],[-59.470645646249551,-34.390061232725323],[-59.470643943878784,-34.390331663310903],[-59.471622587678112,-34.390335893201659],[-59.471620888431588,-34.390606323817764],[-59.471947104125668,-34.390607732056303],[-59.471945405905487,-34.390878162674539],[-59.472924056270422,-34.390882382214855],[-59.472922361174625,-34.391152812863524],[-59.4742272328401,-34.391158426798917],[-59.474225541917825,-34.391428857492059],[-59.474551760939576,-34.391430258815916],[-59.474550071043772,-34.391700689511097],[-59.471287871351556,-34.391686636996823],[-59.471289571737692,-34.39141620644309],[-59.470310915418388,-34.391411973773032],[-59.470309211885144,-34.391682404284147],[-59.469982992108406,-34.391680991640612],[-59.469972764137644,-34.393303574368993],[-59.470298990208882,-34.393304987097871],[-59.470293879064215,-34.394116278342061],[-59.470620108305582,-34.394117690243867],[-59.470616702860639,-34.394658551041509],[-59.470942934223054,-34.39465996210199],[-59.470939530785749,-34.395200822879865],[-59.471265764269269,-34.395202233098956],[-59.471260662090948,-34.396013524217985],[-59.471586898744874,-34.396014933609877],[-59.47158349927787,-34.396555794324023],[-59.471909738052986,-34.396557202874483],[-59.471904641830541,-34.397368493897879],[-59.472230883776255,-34.397369901621019],[-59.472217301248655,-34.399533343933307],[-59.472543551612119,-34.399534750899903],[-59.472535067044362,-34.400886902024318],[-59.472861322677851,-34.400888308191753],[-59.472854538814744,-34.401970028931018],[-59.47318079866902,-34.401971434285095],[-59.473179103696317,-34.402241864453927],[-59.473505364622753,-34.402243268952148],[-59.473501976708796,-34.402784129281955],[-59.473828239757005,-34.402785532938417],[-59.473823160865642,-34.403596823385151],[-59.474475693327591,-34.403599628172735],[-59.474472311485869,-34.404140488466759],[-59.474798579849995,-34.404141889583684],[-59.474793510067549,-34.404953179976673],[-59.47414096706359,-34.404950376788129],[-59.474147735126095,-34.403868656352898],[-59.473495200609932,-34.403865849796979],[-59.473496894668514,-34.40359541968629],[-59.473170628493961,-34.403594015117385],[-59.473172323579611,-34.403323585008778],[-59.472846058477295,-34.403322179583988],[-59.472849450680094,-34.402781319358944],[-59.472523187699636,-34.402779913092409],[-59.47252488481675,-34.402509482975965],[-59.472198622908508,-34.402508075853589],[-59.472202019174034,-34.401967215612885],[-59.471875759387608,-34.401965807648828],[-59.471879157661711,-34.401424947388286],[-59.471552899997064,-34.401423538582591],[-59.471556300279651,-34.400882678302203],[-59.471230044736721,-34.400881268654906],[-59.471233447027693,-34.400340408354708],[-59.470907193606436,-34.400338997865852],[-59.470912300021247,-34.399527707367781],[-59.470586049771065,-34.399526296051611],[-59.470592862204228,-34.398444575275619],[-59.470266616174413,-34.398443163146403],[-59.470270024353589,-34.397902302714549],[-59.469943780445227,-34.397900889743894],[-59.469945485550092,-34.397630459524116],[-59.469619242713826,-34.397629045697833],[-59.46962606710332,-34.396547324755147],[-59.46929982848706,-34.396545910115975],[-59.469303242643939,-34.396005049600831],[-59.468977006148982,-34.396003634120333],[-59.468982130361404,-34.395192343299982],[-59.468655897036925,-34.39519092699247],[-59.468657606111421,-34.394920496709183],[-59.468331373858945,-34.394919079546156],[-59.468333083959848,-34.394648649265086],[-59.468006852779361,-34.394647231246573],[-59.468010275011174,-34.394106370676823],[-59.467684045951849,-34.394104951817113],[-59.46769089433834,-34.393023230590174],[-59.467364669498373,-34.393021810917901],[-59.467380086474613,-34.390587937581024],[-59.467053871098884,-34.390586517167741],[-59.467057298940404,-34.390045656322293],[-59.466731085685431,-34.390044235068011],[-59.466732800620896,-34.389773804641507],[-59.466406588437721,-34.389772382531937],[-59.466410020337896,-34.389231521671427],[-59.46608381027545,-34.389230098720923],[-59.466085527240146,-34.388959668286915],[-59.464780691414916,-34.38895396784649],[-59.464778970254635,-34.389224398223107],[-59.46445276030672,-34.389222970924713],[-59.464451038074579,-34.389493401274919],[-59.464124827100711,-34.389491973092561],[-59.464123103796688,-34.38976240341632],[-59.463796891796861,-34.389760974350004],[-59.463795167420912,-34.390031404647331],[-59.463142741392346,-34.390028543877115],[-59.463141014895513,-34.3902989741336],[-59.462488586861056,-34.390296109856116],[-59.462486858243267,-34.39056654007171],[-59.462160643211632,-34.390565106614126],[-59.462158913521826,-34.390835536803245],[-59.461832697464253,-34.390834102461589],[-59.461830966702394,-34.391104532624198],[-59.461504749618889,-34.391103097398492],[-59.461503017784956,-34.391373527534618],[-59.461176799675528,-34.391372091424785],[-59.461173333840328,-34.391912951631973],[-59.460847113655944,-34.391911514623587],[-59.460843645630241,-34.392452374753631],[-59.460517423370831,-34.392450936846622],[-59.460515688274249,-34.392721366879101],[-59.460189464988886,-34.392719928087935],[-59.460185992628134,-34.393260788087751],[-59.45953354193044,-34.393257907838354],[-59.459538756731419,-34.392446617907524],[-59.458886312420951,-34.392443734266408],[-59.458889793035347,-34.391902874310311],[-59.458563573012988,-34.391901431214279],[-59.458561831668362,-34.392171861183833],[-59.458235610620171,-34.392170417203609],[-59.458237353013878,-34.391899987248607],[-59.45791113303796,-34.391898542413252],[-59.457907646129236,-34.392439402282115],[-59.457581424078448,-34.392437956548001],[-59.457579679540146,-34.39270838644979],[-59.457253456463562,-34.392706939831427],[-59.457251710852915,-34.392977369706614],[-59.456599262671318,-34.392974473831693],[-59.456595767183806,-34.393515333487585],[-59.456269541029712,-34.393513884216397],[-59.456271289834248,-34.393243454409067],[-59.455945064752584,-34.393242004282754],[-59.455943314898938,-34.393512434075511],[-59.455290862707344,-34.39350953118457],[-59.455289110732132,-34.393779960936037],[-59.454962883622215,-34.39377850817138],[-59.454961130574517,-34.394048937896166],[-59.454634902438826,-34.394047484247146],[-59.454631394174982,-34.394588343631305],[-59.454305163964328,-34.394586889083271],[-59.454301653508594,-34.395127748389918],[-59.454627885817615,-34.395129202967233],[-59.45462613160386,-34.395399632617128],[-59.455278598390471,-34.395402539191714],[-59.455276846251792,-34.395672968858804],[-59.455603080729368,-34.395674420856054],[-59.455601329616584,-34.395944850525716],[-59.455927565166725,-34.395946301667799],[-59.455924064969665,-34.396487161000152],[-59.456250302641685,-34.396488611301656],[-59.456246804449933,-34.397029470615017],[-59.456573044243818,-34.397030920075849],[-59.456571296162281,-34.397301349729062],[-59.45689753702878,-34.397302798334664],[-59.456895789973274,-34.397573227990385],[-59.457548273874778,-34.397576122621253],[-59.457546528894689,-34.397846552294055],[-59.458199014987891,-34.397849443474634],[-59.458197272083247,-34.398119873164504],[-59.459828492969308,-34.398127085966138],[-59.459830230627162,-34.397856656203679],[-59.46015647382454,-34.397858096139935],[-59.460158210409894,-34.397587666350915],[-59.460484452581085,-34.397589105402822],[-59.460487923583699,-34.39704824575967],[-59.460814163679352,-34.397049683912769],[-59.460817632490873,-34.39650882419248],[-59.461796346620709,-34.396513133346041],[-59.461784227411869,-34.398406142459862],[-59.461457982000177,-34.398404706843984],[-59.461456249542948,-34.398675136654731],[-59.461130003104941,-34.398673700154539],[-59.461121335225293,-34.400025848955174],[-59.461447586910438,-34.400027285527685],[-59.461445854314661,-34.40029771526612],[-59.462098359853165,-34.400300585830244],[-59.462093168224307,-34.401111875059918],[-59.461766912295012,-34.401110440169496],[-59.461765180656421,-34.401380869874167],[-59.461438923700662,-34.401379434099333],[-59.461437190989443,-34.401649863777507],[-59.461110933007248,-34.401648427118232],[-59.461109199223365,-34.401918856769896],[-59.460782940214727,-34.40191741922618],[-59.460779470478492,-34.402458278464394],[-59.46045320939384,-34.402456840021728],[-59.460449737465915,-34.402997699182791],[-59.460123474305156,-34.402996259841139],[-59.460121737256877,-34.403266689389099],[-59.459795473069654,-34.403265249162928],[-59.459791996804341,-34.403806108193706],[-59.459139464300819,-34.403803225073268],[-59.459137724034079,-34.404073654541563],[-59.458485189524019,-34.404070767911875],[-59.458486931890079,-34.403800338472635],[-59.457508133448158,-34.403796002046363],[-59.457506387933094,-34.404066431441933],[-59.457180120782631,-34.404064984211843],[-59.457178374194626,-34.404335413580817],[-59.456852106017756,-34.404333965466087],[-59.456850358356775,-34.404604394808423],[-59.455545281683619,-34.404598593590528],[-59.455543529800529,-34.404869022862407],[-59.454238449302096,-34.404863207664846],[-59.45423669319679,-34.405133636866154],[-59.453257879919505,-34.405129266288164],[-59.453261398404976,-34.404588407961498],[-59.453587667374556,-34.404589865661578],[-59.453589425532435,-34.404319436465485],[-59.45391569347575,-34.404320893280826],[-59.453917450560525,-34.40405046405801],[-59.454243717477588,-34.404051919988625],[-59.454245473489287,-34.403781490739107],[-59.454898005294297,-34.403784399960919],[-59.454899759183284,-34.403513970670055],[-59.455552288982489,-34.403516876382426],[-59.455554040748851,-34.403246447050272],[-59.45588030463383,-34.403247898586812],[-59.455882055327216,-34.402977469227991],[-59.456208318185915,-34.402978919879892],[-59.456210067806374,-34.402708490494405],[-59.45653632963878,-34.402709940261694],[-59.456545072143449,-34.401357793080543],[-59.456218815558863,-34.401356343386226],[-59.456222314496635,-34.400815484458569],[-59.455896060034391,-34.400814033923481],[-59.455897810517811,-34.400543604456168],[-59.455245303762318,-34.400540700805372],[-59.455247056321362,-34.40027027135524],[-59.45492080402812,-34.400268818239553],[-59.45492255761328,-34.399998388792014],[-59.452312548505624,-34.399986732666441],[-59.452310786524741,-34.40025716199667],[-59.451005778336189,-34.400251312996922],[-59.451004012133922,-34.400521742256217],[-59.450677759096109,-34.400520277816732],[-59.45067599182083,-34.400790707049239],[-59.450349737757087,-34.400789241725043],[-59.450347969408746,-34.401059670930749],[-59.450021714319057,-34.401058204721863],[-59.45000755828729,-34.403221637815385],[-59.450986348816606,-34.403226034186154],[-59.450984582355403,-34.403496463312862],[-59.450005788677196,-34.403492066897812],[-59.450000479705409,-34.404303354072795],[-59.450326747390207,-34.40430482045879],[-59.450324978735466,-34.404575249507765],[-59.449998710000955,-34.404573783107011],[-59.449996940272953,-34.404844212129177],[-59.450649479864929,-34.404847144090127],[-59.450653015098595,-34.40430628597472],[-59.451305550586021,-34.404309214396427],[-59.451307316068188,-34.404038785291171],[-59.451633582797534,-34.404040248182199],[-59.45163181836503,-34.404310677302199],[-59.452610621843114,-34.404315060799107],[-59.452608860536166,-34.404585489951153],[-59.452935129458851,-34.404586949391351],[-59.452933369178126,-34.404857378546041],[-59.45195455933144,-34.404852997571105],[-59.451952795878114,-34.40512342666964],[-59.451626524926489,-34.405121964589796],[-59.45162476039993,-34.405392393661558],[-59.45129848842209,-34.405390930696896],[-59.45129495719894,-34.405931788774801],[-59.450968683145135,-34.405930324910578],[-59.450966916448493,-34.406200753916707],[-59.450314366311979,-34.406197823548446],[-59.450316135108153,-34.405927394571798],[-59.449663587165475,-34.405924460752594],[-59.449661816269739,-34.406194889699698],[-59.449335541284029,-34.406193421470142],[-59.449319592711944,-34.408627281318594],[-59.45127729967129,-34.408636078440956],[-59.451275533789101,-34.408906507341257],[-59.452580676432525,-34.408912354744373],[-59.452582438115073,-34.408641925785219],[-59.453561292194465,-34.408646302156306],[-59.453557775105395,-34.409187160150672],[-59.453884061945274,-34.409188617229972],[-59.453885819451592,-34.408918188224163],[-59.454212105264951,-34.408919644418575],[-59.454208592328747,-34.409460502447459],[-59.454534880265385,-34.409461957800971],[-59.454533124812116,-34.40973238681196],[-59.454859413822106,-34.40973384130988],[-59.454861168225406,-34.409463412284239],[-59.455187456208819,-34.409464865897284],[-59.455185702855474,-34.409735294937562],[-59.455511991912211,-34.409736747694993],[-59.455510239585472,-34.410007176737849],[-59.456162819868901,-34.410010079671231],[-59.456164570095716,-34.409739650599178],[-59.455838280992282,-34.409738199582193],[-59.455840032245725,-34.409467770512698],[-59.456492608375989,-34.409470671647192],[-59.456483862375258,-34.41082281702019],[-59.456810155725286,-34.410824266355036],[-59.456801414392025,-34.41217641149958],[-59.45712771301563,-34.412177860037048],[-59.457129460278807,-34.41190743101766],[-59.457455757875614,-34.411908878670239],[-59.457457504065424,-34.411638449624235],[-59.457783800635433,-34.411639896391939],[-59.457782055495706,-34.411910325452482],[-59.458760948495424,-34.411914660577416],[-59.458762690484967,-34.411644231473232],[-59.459415283834083,-34.41164711717591],[-59.45941876354329,-34.411106258873296],[-59.45909246895723,-34.411104816486116],[-59.459097691497185,-34.410293528985314],[-59.45942398293321,-34.410294971328923],[-59.45942224315975,-34.410565400522437],[-59.459748535668957,-34.410566842010304],[-59.459755490423724,-34.409485125105903],[-59.460081778756177,-34.409486565665503],[-59.460085253894647,-34.408945707111975],[-59.460411540150368,-34.408947146772377],[-59.460408067111764,-34.409488005354888],[-59.461060643892388,-34.40949088212291],[-59.461057174961077,-34.410031740715112],[-59.461709756034047,-34.410034614060059],[-59.461708023633683,-34.410305043366989],[-59.461381732035669,-34.410303607115189],[-59.461378265065704,-34.410844465663992],[-59.461051971390759,-34.410843028513],[-59.461050236821094,-34.411113457754851],[-59.460723942119238,-34.411112019719106],[-59.460716999409115,-34.41219373650808],[-59.461369597236477,-34.412196611825031],[-59.461367863601311,-34.412467041021088],[-59.462020463621279,-34.412469912885683],[-59.46201873206325,-34.412740342098566],[-59.462997635416578,-34.412744643411258],[-59.462995906985867,-34.413015072655377],[-59.463322209199873,-34.413016504700018],[-59.463320481796266,-34.413286933946516],[-59.463646785083441,-34.413288365135209],[-59.463645058706973,-34.413558794384059],[-59.463971363067294,-34.413560224716782],[-59.463969637717994,-34.413830653967949],[-59.464295943151498,-34.413832083444703],[-59.464294218829401,-34.414102512698221],[-59.46527313841829,-34.414106795949337],[-59.465274859589833,-34.413836366652724],[-59.465927470663424,-34.413839217772853],[-59.46592918971168,-34.413568788435484],[-59.466581798776559,-34.413571636045454],[-59.466586949482966,-34.41276034787505],[-59.467239552338484,-34.412763191917705],[-59.467241267094622,-34.412492762474827],[-59.466914966705552,-34.412491340902989],[-59.466918398249469,-34.411950482009715],[-59.467244696538344,-34.411951903552939],[-59.467249840532503,-34.411140615079745],[-59.465944660115049,-34.411134923856793],[-59.465946378934213,-34.410864494398886],[-59.466598966997118,-34.41086734172228],[-59.466600683693336,-34.410596912223689],[-59.466926976709082,-34.410598334565655],[-59.466925261062897,-34.410868764078565],[-59.467577849263023,-34.41087160618028],[-59.467579562809171,-34.410601176638764],[-59.468558442130551,-34.41060543322142],[-59.468560152503841,-34.410335003624986],[-59.468886444606547,-34.410336420731085],[-59.468888153907052,-34.41006599110834],[-59.469214444982548,-34.410067407329883],[-59.469217861415245,-34.409526548019763],[-59.469544150413562,-34.409527963342576],[-59.469547564655301,-34.408987103955766],[-59.46987385157648,-34.408988518379878],[-59.469880675587319,-34.407906799404685],[-59.470533241098614,-34.407909625528447],[-59.470536648768153,-34.407368765911656],[-59.470210368100879,-34.407367353313283],[-59.470212072951441,-34.407096923501044],[-59.470864632209,-34.407099747799172],[-59.470866334937185,-34.406829317946432],[-59.47054005634687,-34.406827906246676],[-59.470541760102179,-34.406557476396095],[-59.470868037642667,-34.406558888081662],[-59.470873145622988,-34.405747598415019],[-59.471199420036797,-34.405749009187829],[-59.471197718449154,-34.40601943910297],[-59.471523993935435,-34.40602084901986],[-59.47151889218587,-34.406832138735538],[-59.471845170844205,-34.40683354782486],[-59.471843471265522,-34.407103977720162],[-59.471517191557346,-34.407102568616651],[-59.471515490906171,-34.407372998485727],[-59.47118921017082,-34.407371588497867],[-59.471184104931666,-34.408182877990207],[-59.470857821069373,-34.408181467089591],[-59.470854415363377,-34.408722326662492],[-59.471180701325487,-34.408723737591508],[-59.471175595746139,-34.4095350269031],[-59.471501884880766,-34.409536437004483],[-59.471500184025579,-34.409806866765102],[-59.471826474232834,-34.409808276010445],[-59.471824774404965,-34.410078705773188],[-59.472151065684862,-34.41008011416244],[-59.472149366884366,-34.410350543927336],[-59.472475659236892,-34.410351951460491],[-59.472473961463741,-34.410622381227491],[-59.472800254888924,-34.410623787904562],[-59.472798558143182,-34.410894217673636],[-59.473124852640986,-34.410895623494582],[-59.473123156922675,-34.411166053265788],[-59.473775748086176,-34.411168862325098],[-59.473772360782029,-34.411709721887867],[-59.473446063088851,-34.411708317765083],[-59.473442673594207,-34.412249177251411],[-59.473768973387571,-34.412250581402454],[-59.473757116795944,-34.414143589323871],[-59.473430809651518,-34.414142185073906],[-59.473429114712197,-34.414412614714649],[-59.473102806540147,-34.414411209580159],[-59.473101110528042,-34.414681639194697],[-59.472774801328363,-34.41468023317568],[-59.472773104243394,-34.414950662764006],[-59.472446794016093,-34.4149492558604],[-59.472445095858255,-34.415219685422535],[-59.472118784603346,-34.415218277634352],[-59.472117085372616,-34.415488707170248],[-59.471790773090092,-34.415487298497467],[-59.471785672111139,-34.416298586990351],[-59.471459356700386,-34.416297177404573],[-59.471452550876521,-34.417378895169605],[-59.471778870488656,-34.41738030481212],[-59.471758463445525,-34.420625457120423],[-59.471432131227957,-34.420624047307683],[-59.471433832990066,-34.420353618029132],[-59.471107501845708,-34.420352207359976],[-59.471105799033062,-34.42062263662433],[-59.470779466860868,-34.420621225070398],[-59.470772651181107,-34.421702941950478],[-59.470446314829353,-34.421701529469068],[-59.470442904752019,-34.422242387808367],[-59.47076924320497,-34.422243800318206],[-59.470767539182852,-34.422514229483973],[-59.471093878709155,-34.422515641137352],[-59.471092175714958,-34.422786070305278],[-59.471418516314593,-34.422787481102198],[-59.471416814348359,-34.423057910272277],[-59.471743156021347,-34.423059320212708],[-59.471741455083091,-34.423329749384919],[-59.472067797829403,-34.423331158468862],[-59.472066097919182,-34.423601587643191],[-59.47239244173884,-34.42360299587061],[-59.47239074285666,-34.423873425047084],[-59.472064397986301,-34.423872016805475],[-59.472062698030754,-34.424142445955717],[-59.471736352132346,-34.424141036829241],[-59.471734651103425,-34.424411465953234],[-59.47042926353371,-34.424405820683418],[-59.470427558279148,-34.424676249738553],[-59.469774862529093,-34.424673421850883],[-59.469769740324487,-34.425484708858605],[-59.469443389331282,-34.425483293565968],[-59.469453639840204,-34.423860719527461],[-59.468800950531069,-34.423857886500926],[-59.468804371388011,-34.423317028448686],[-59.468478028868994,-34.423315610657895],[-59.468476317401262,-34.423586039675783],[-59.468149973854366,-34.423584621000025],[-59.468144836162146,-34.424395907938546],[-59.468471182861144,-34.424397326657107],[-59.468469471302157,-34.424667755626778],[-59.468143123552416,-34.424666336893942],[-59.468137985586303,-34.425477623687804],[-59.46781163470709,-34.42547620404136],[-59.467818489485957,-34.424394488349257],[-59.467492142832612,-34.424393067889262],[-59.467495572186451,-34.423852209999474],[-59.467169227657394,-34.423850788697344],[-59.467172659021202,-34.423309930787951],[-59.466846316616397,-34.423308508643771],[-59.466848033314676,-34.423038079685284],[-59.466521691983381,-34.423036656684729],[-59.466523409709431,-34.422766227728523],[-59.466197069451702,-34.422764803871623],[-59.466200506936403,-34.422223945951693],[-59.465547830692188,-34.422221095683263],[-59.465556434508883,-34.420868950815908],[-59.465882767366615,-34.420870376313708],[-59.465898243337676,-34.418436514663988],[-59.465571919934291,-34.418435089295265],[-59.465575360887733,-34.417894231046979],[-59.465249039608082,-34.417892804836463],[-59.465250761100783,-34.417622375708568],[-59.46492444089445,-34.417620948641911],[-59.464926163414589,-34.417350519516333],[-59.464599844281594,-34.417349091593536],[-59.46460501485528,-34.416537804187612],[-59.46427869889628,-34.41653637543746],[-59.46428042342523,-34.416265946292427],[-59.463954108539532,-34.416264516686176],[-59.463955834095792,-34.415994087543496],[-59.463629520283391,-34.415992657081205],[-59.463631246866939,-34.41572222794084],[-59.463304934127834,-34.415720796622523],[-59.463306661738635,-34.415450367484517],[-59.462654038430045,-34.415447502265401],[-59.462655768118353,-34.415177073144164],[-59.462003147002484,-34.415174204472201],[-59.462004878768212,-34.414903775367812],[-59.461678569295138,-34.414902339740657],[-59.46168030208802,-34.41463191063864],[-59.461353993688256,-34.414630474155537],[-59.461355727508263,-34.414360045055915],[-59.460703112878505,-34.414357169507433],[-59.460704848775798,-34.414086740424715],[-59.460052236338974,-34.41408386142367],[-59.46005397431351,-34.413813432357848],[-59.458096143860487,-34.413804774552723],[-59.458097888112874,-34.413534345561992],[-59.457118976350515,-34.41353000495311],[-59.457117228947602,-34.413800433900157],[-59.455812009389859,-34.413794634178217],[-59.455810257762963,-34.414065063054856],[-59.456136563667599,-34.414066514305503],[-59.456131311797456,-34.414877800906865],[-59.456457620876058,-34.414879251330909],[-59.456450622256938,-34.415960966688985],[-59.455797995721014,-34.415958064853655],[-59.455796243907358,-34.416228493633838],[-59.455143615364236,-34.416225588287524],[-59.455140107465624,-34.416766445753225],[-59.455466423826138,-34.416767898890853],[-59.455461164953945,-34.417579185042875],[-59.455787484488845,-34.417580637353879],[-59.455785732535091,-34.417851066061722],[-59.455459411949818,-34.417849613736102],[-59.455457658922334,-34.41812004241725],[-59.45578398055801,-34.4181214947575],[-59.455782228557567,-34.418391923441227],[-59.455129583208773,-34.418389017860989],[-59.455131337310021,-34.418118589206514],[-59.454478694155526,-34.418115680173486],[-59.454480450334202,-34.417845251536221],[-59.454154129842451,-34.417843795728601],[-59.454152372613393,-34.418114224351207],[-59.453499729599372,-34.418111310095142],[-59.453497970246111,-34.418381738676374],[-59.453171647723863,-34.418380280227893],[-59.453166366372102,-34.419191565855215],[-59.453492692045629,-34.41919302434772],[-59.453490932598577,-34.419463452880734],[-59.453817259346025,-34.419464910517355],[-59.453813742482531,-34.420005767576534],[-59.454140071354374,-34.420007224371929],[-59.454138313937975,-34.4202776528981],[-59.454464643883739,-34.420279108837562],[-59.454462887494422,-34.420549537366306],[-59.454789218514101,-34.420550992449868],[-59.454787463151916,-34.420821420981206],[-59.455440127362515,-34.420824328565793],[-59.455443633861393,-34.420283471432533],[-59.4557699639007,-34.42028492388971],[-59.455773468205109,-34.419744066679002],[-59.455447140266813,-34.419742614251064],[-59.455450646578768,-34.419201757021355],[-59.456103298276872,-34.419204660948218],[-59.456099796166775,-34.419745518236368],[-59.456752452160103,-34.419748418739445],[-59.456750703171025,-34.420018847394608],[-59.457077032253153,-34.420020296354885],[-59.457073536306105,-34.420561153658227],[-59.457399867512521,-34.420562601777085],[-59.457396373573374,-34.421103459061349],[-59.457722706904171,-34.421104906338734],[-59.457720960950233,-34.421375334977355],[-59.45837362978272,-34.421378226949393],[-59.458375373635548,-34.421107798281682],[-59.458701707036091,-34.421109242947232],[-59.458699964233837,-34.421379671629495],[-59.459026298708189,-34.421381115438983],[-59.459028040459877,-34.421110686742189],[-59.459680707377075,-34.421113571720284],[-59.459682447004461,-34.42084314298242],[-59.460008779447286,-34.420844584151027],[-59.4600139950388,-34.420033297821583],[-59.460992983051561,-34.420037615973499],[-59.460991247695738,-34.420308044805509],[-59.461317578130107,-34.420309482462805],[-59.461310640677745,-34.421391197728099],[-59.461963310020145,-34.421394070546597],[-59.461961577700428,-34.421664499361697],[-59.461635241967102,-34.421663063373309],[-59.461633508573705,-34.421933492161884],[-59.461307171812884,-34.42193205528843],[-59.461308906256868,-34.4216616265143],[-59.460982570569762,-34.421660188784664],[-59.460986041489541,-34.421119331229157],[-59.460659707926702,-34.421117892657854],[-59.460657971427814,-34.421388321427159],[-59.46033163683753,-34.421386881970761],[-59.460329899264948,-34.421657310713513],[-59.460003563647255,-34.421655870372007],[-59.460001825000909,-34.421926299088206],[-59.460328161669189,-34.421927739444222],[-59.460326424050244,-34.422198168162858],[-59.460652761792296,-34.422199607662726],[-59.460651025200839,-34.422470036383785],[-59.460977364016635,-34.422471475027479],[-59.460972157255341,-34.423282761161801],[-59.461298499246219,-34.423284198978251],[-59.461296764663537,-34.423554627680041],[-59.461623107728194,-34.423556064640252],[-59.461621374173085,-34.423826493344464],[-59.461947718311549,-34.42382792944845],[-59.461945985784041,-34.424098358155049],[-59.462272330996285,-34.424099793402789],[-59.462270599496399,-34.424370222111754],[-59.462923292091538,-34.424373090023963],[-59.462921562670061,-34.424643518749761],[-59.463247910052957,-34.424644951414194],[-59.463246181659166,-34.424915380142345],[-59.463572530115812,-34.424916811950482],[-59.463570802749764,-34.425187240680977],[-59.464223501833651,-34.425190101713824],[-59.464221776546118,-34.425460530461059],[-59.464548127173344,-34.425461959685776],[-59.464546402913612,-34.425732388435307],[-59.465199106338567,-34.42573524430118],[-59.465197384157449,-34.426005673067429],[-59.465523736955163,-34.426007099708571],[-59.465522015801945,-34.426277528477122],[-59.465848369673409,-34.426278954261853],[-59.46584664954807,-34.426549383032686],[-59.46649935946143,-34.42655223201848],[-59.466497641414847,-34.426822660805918],[-59.46617128539588,-34.426821236734078],[-59.466169566275553,-34.427091665495148],[-59.466822280438151,-34.427094512796657],[-59.466820563396652,-34.427364941574311],[-59.467146921563163,-34.427366363933182],[-59.467145205549684,-34.427636792713081],[-59.467471564789953,-34.427638214215442],[-59.467469849804516,-34.427908642997608],[-59.468775291197602,-34.427914320355917],[-59.46877358039297,-34.42818474918316],[-59.468447218959554,-34.428183331135564],[-59.468445507081213,-34.42845375993646],[-59.468771869565565,-34.428455177998337],[-59.468768447842329,-34.428996035592505],[-59.468442083256072,-34.428994617502106],[-59.468440371309285,-34.429265046266842],[-59.468766736946527,-34.42926646437153],[-59.46876502602791,-34.42953689313849],[-59.469091392738932,-34.429538310386526],[-59.469094812451416,-34.428997452812048],[-59.469421177083262,-34.428998869160715],[-59.469419468289395,-34.429269297968233],[-59.469745833994999,-34.429270713460291],[-59.469747541737895,-34.429000284638526],[-59.470400271115423,-34.429003112981519],[-59.470401976733612,-34.42873268411924],[-59.470728340405515,-34.428734096970231],[-59.470730044950031,-34.428463668081669],[-59.471709132949108,-34.428467901366858],[-59.471710834318102,-34.428197472423648],[-59.472037195978899,-34.428198881762846],[-59.472038896274285,-34.427928452793388],[-59.472365256906812,-34.427929861247549],[-59.472363557662348,-34.428200290231167],[-59.473016281097173,-34.428203104555301],[-59.473011189533594,-34.429014391518763],[-59.472684824652006,-34.42901298474964],[-59.472683126367933,-34.429283413699189],[-59.472356760457998,-34.429282006045035],[-59.472355061100288,-34.429552434968379],[-59.472028694162006,-34.429551026429188],[-59.472026993730658,-34.429821455326298],[-59.471700625764029,-34.429820045902034],[-59.4716938196078,-34.430901761313223],[-59.471367447459706,-34.430900350961302],[-59.471365744812871,-34.431170779769765],[-59.47038662535148,-34.431166543445798],[-59.470383213683192,-34.43170740094132],[-59.469730463284854,-34.431704572313741],[-59.469727047321115,-34.432245429704118],[-59.469400670053837,-34.432244014055406],[-59.46940237909822,-34.431973585380483],[-59.469076002904849,-34.431972168875049],[-59.469074292809339,-34.432242597535712],[-59.46874791558762,-34.432241180145063],[-59.468744493225927,-34.432782037401708],[-59.469397251896751,-34.432784871369094],[-59.469393833648567,-34.433325728634557],[-59.471025741235785,-34.433332798452923],[-59.47102744511534,-34.433062369755085],[-59.472006586786684,-34.433066601151424],[-59.472009988170655,-34.432525743634443],[-59.472989123738984,-34.432529967106795],[-59.472984031089609,-34.433341253491669],[-59.473310412811188,-34.433342659616251],[-59.473308716267368,-34.433613088401245],[-59.47363509906274,-34.433614493668969],[-59.473633403547524,-34.433884922456052],[-59.473307019700918,-34.433883517174202],[-59.47330532311188,-34.434153945935087],[-59.472652553384037,-34.43415113272998],[-59.472650854669901,-34.434421561450506],[-59.471345311281041,-34.434415924531152],[-59.471343608339204,-34.434686353182904],[-59.471017221497434,-34.434684941761262],[-59.471015517481639,-34.434955370386781],[-59.470689129611294,-34.434953958079866],[-59.470687424521515,-34.435224386679103],[-59.470361035622609,-34.435222973486916],[-59.47035762327225,-34.4357638306208],[-59.470031232293479,-34.43576241652908],[-59.470026110443364,-34.436573702096794],[-59.469699716333324,-34.436572287091288],[-59.46969800795307,-34.436842715575523],[-59.469371612814427,-34.436841299684644],[-59.469368193882858,-34.437382156588448],[-59.469694591124295,-34.437383572507819],[-59.469692882675737,-34.437654000955867],[-59.470019280991373,-34.437655416018302],[-59.470015866128826,-34.438196272906751],[-59.47066866703404,-34.43819910047511],[-59.47066696167154,-34.438469528929687],[-59.471646166354141,-34.438473763791087],[-59.471644464123322,-34.438744192276197],[-59.472623672164488,-34.438748419339554],[-59.472621973065451,-34.439018847855138],[-59.469357936541378,-34.439004727010492],[-59.46935964615524,-34.438734298636959],[-59.468706841226357,-34.438731464042228],[-59.468708552920369,-34.438461035685158],[-59.468382151541604,-34.438459617095297],[-59.468380438796117,-34.438730045438106],[-59.467727634004135,-34.438727205616274],[-59.467725919132853,-34.438997633918454],[-59.467073112329324,-34.438994790583287],[-59.467071395332205,-34.439265218844817],[-59.466744990913263,-34.439263795856128],[-59.466743272841768,-34.439534224091275],[-59.466416867394209,-34.43953280021708],[-59.466415148248288,-34.439803228425831],[-59.465762335318871,-34.439800378035123],[-59.465760614046992,-34.440070806203153],[-59.464781391670336,-34.440066524039885],[-59.464779667220867,-34.440336952152776],[-59.464126850314891,-34.440334092992387],[-59.464125123739308,-34.440604521064458],[-59.463472304822254,-34.440601658390328],[-59.463474033500958,-34.440331230347063],[-59.462821216779155,-34.440328364216811],[-59.462814293513482,-34.441410076202175],[-59.462487880980866,-34.441408641772483],[-59.462482685134511,-34.442219925591623],[-59.462809100822021,-34.442221360064607],[-59.462807369878746,-34.442491787994641],[-59.463133786640981,-34.442493221610754],[-59.463132056726295,-34.442763649543146],[-59.46378489242327,-34.442766514190282],[-59.463783164588897,-34.443036942139436],[-59.465088840465782,-34.443042661035513],[-59.465087116815198,-34.443313089030127],[-59.465413536893578,-34.443314516590213],[-59.465415259492453,-34.443044088581225],[-59.465741678542088,-34.443045515255641],[-59.465739956994909,-34.443315943278968],[-59.466392797266408,-34.443318794042476],[-59.46639107779972,-34.443589222082423],[-59.467370341533915,-34.443593491735669],[-59.467368625199512,-34.443863919806518],[-59.467695047541746,-34.44386534129589],[-59.467693332236202,-34.444135769368984],[-59.468346179092727,-34.444138609762241],[-59.468344465867837,-34.444409037851855],[-59.468997314919207,-34.444411874788223],[-59.468995603775049,-34.444682302894314],[-59.469322029386717,-34.444683720069698],[-59.469323739479101,-34.444413291949367],[-59.469650164061783,-34.444414708239123],[-59.469646745957796,-34.444955564496247],[-59.469973172666819,-34.444956979943136],[-59.469969756575345,-34.445497836180508],[-59.470296185410767,-34.445499250784465],[-59.470294478382705,-34.445769678899289],[-59.470620908292702,-34.445771092646055],[-59.470619202293754,-34.446041520763067],[-59.470945633278319,-34.446042933652635],[-59.4709439283085,-34.446313361771793],[-59.471270360367647,-34.446314773804147],[-59.471266952463623,-34.446855630034705],[-59.471593386649239,-34.446857041224021],[-59.471595089560729,-34.446586613100578],[-59.472247955896265,-34.446589432836511],[-59.472246255088557,-34.446859860988319],[-59.472899123618546,-34.446862677266815],[-59.472895726142774,-34.447403533590901],[-59.470937108201994,-34.447395074127861],[-59.470938813262705,-34.447124646056935],[-59.470612378070591,-34.44712323311051],[-59.470614084160509,-34.446852805041729],[-59.469961215948331,-34.44684997656298],[-59.469962924119251,-34.446579548510591],[-59.469310058101911,-34.446576716574519],[-59.469311768353833,-34.446306288538587],[-59.46898533643121,-34.446304871277668],[-59.46898704771219,-34.44603444324391],[-59.468660616864256,-34.446033025125814],[-59.468662329174272,-34.445762597094273],[-59.468009469650518,-34.445759758272381],[-59.468011184041401,-34.445489330257345],[-59.467684755365624,-34.445487909553577],[-59.467686470785452,-34.445217481540766],[-59.46703361560612,-34.445214637547643],[-59.467035333106715,-34.444944209551394],[-59.46638248012254,-34.444941362101346],[-59.466380760518348,-34.445211790068953],[-59.466054333008834,-34.445210365022504],[-59.466052612329918,-34.445480792963721],[-59.465726183791503,-34.44547936703156],[-59.46572790552225,-34.445208939104681],[-59.465075050617912,-34.445206084654856],[-59.46507160292623,-34.445746940439101],[-59.463765884978784,-34.445741220967683],[-59.46376242878042,-34.446282076588645],[-59.463435997247394,-34.446280644513436],[-59.46343426806181,-34.446551072291435],[-59.463760700646702,-34.446552504381032],[-59.463757244310159,-34.44709335992961],[-59.463430809621485,-34.447091927811208],[-59.463432538853162,-34.446821500057361],[-59.463106105239447,-34.446820067081916],[-59.463104374955869,-34.447090494821353],[-59.462777940313302,-34.447089060960053],[-59.462776208954743,-34.447359488673015],[-59.462449773283353,-34.447358053925825],[-59.462453238081196,-34.44681719851669],[-59.462779671648775,-34.446818633235033],[-59.4627831342505,-34.446277777748804],[-59.463109565737433,-34.446279211566832],[-59.463113026143176,-34.445738356003531],[-59.462786596759969,-34.44573692221433],[-59.462784865516767,-34.446007349987603],[-59.462458435104779,-34.446005915312568],[-59.462460167399804,-34.445735487553733],[-59.461807308748767,-34.445732615618326],[-59.461809043124369,-34.445462187876338],[-59.463114756311462,-34.44546792820379],[-59.463116486456691,-34.445197500391977],[-59.463442913759351,-34.445198933280928],[-59.463441184665925,-34.445469361107158],[-59.464420469867477,-34.445473654588874],[-59.464423921720446,-34.444932798838003],[-59.46409749540053,-34.444931368577599],[-59.464100949265053,-34.444390512807281],[-59.463448100901353,-34.444387649729961],[-59.463446371877062,-34.444658077592351],[-59.463119946677999,-34.444656644732206],[-59.463121676754078,-34.444386216884233],[-59.462795252629832,-34.444384783167166],[-59.462796983734584,-34.444114355321538],[-59.462144137658868,-34.44411148530218],[-59.46214760400612,-34.443570629632504],[-59.461494762229705,-34.443567756185544],[-59.461496497472126,-34.443297328361545],[-59.459211559345832,-34.443287243951502],[-59.459209816741449,-34.443557671674071],[-59.458230554737391,-34.443553336670554],[-59.458228808954601,-34.443823764337459],[-59.45757596563142,-34.443820869949313],[-59.457574217721898,-34.444091297575028],[-59.456921372388415,-34.444088399672374],[-59.456917872292479,-34.44462925482933],[-59.456591447557194,-34.444627804541788],[-59.456584442878217,-34.445709514652599],[-59.456258013959079,-34.445708063435305],[-59.45625275704927,-34.446519345847975],[-59.455926324997932,-34.446517893715445],[-59.455924571596078,-34.446788321147615],[-59.456577437825835,-34.446791224570433],[-59.456573935159625,-34.447332079456991],[-59.455594629538638,-34.447327722927959],[-59.455592875014766,-34.447598150309318],[-59.454940002613839,-34.447595241570092],[-59.454941759241542,-34.447324814217993],[-59.454288889038082,-34.447321902022217],[-59.454290647746163,-34.447051474687335],[-59.453964213731496,-34.447050017296924],[-59.453971252536988,-34.445968307895477],[-59.453644822753226,-34.445966849692283],[-59.453646583447799,-34.445696422326449],[-59.453973012179745,-34.445697880514963],[-59.453974771799039,-34.445427453122392],[-59.453648344118918,-34.445425994948536],[-59.453651865390761,-34.444885140156551],[-59.453978290967292,-34.444886598301068],[-59.453987088477582,-34.443534461036634],[-59.45333424786547,-34.443531544022981],[-59.453336009400587,-34.443261116563257],[-59.452683170985786,-34.443258196093637],[-59.452684934600825,-34.442987768651243],[-59.452358516480366,-34.442986307124158],[-59.452360281123553,-34.4427158796844],[-59.452033864078288,-34.442714417300699],[-59.452037395397454,-34.442173562414418],[-59.451710980479028,-34.442172099188866],[-59.451714513807325,-34.441631244283776],[-59.451388101015688,-34.441629780216395],[-59.451389868696133,-34.441359352760486],[-59.451063456979661,-34.441357887836567],[-59.451065225688133,-34.441087460383336],[-59.450738815046812,-34.441085994602922],[-59.450740584783304,-34.440815567152377],[-59.450414175217141,-34.44081410051546],[-59.450415945981597,-34.440543673067602],[-59.450089537490612,-34.440542205574197],[-59.450091309283025,-34.440271778129045],[-59.449764901867184,-34.440270309779194],[-59.449768447484225,-34.439729454882233],[-59.449442042195066,-34.439727985690723],[-59.449443816019652,-34.439457558238942],[-59.449117411805638,-34.439456088191008],[-59.449120961486869,-34.43891523328081],[-59.448794559399474,-34.43891376239128],[-59.448796335256077,-34.438643334932898],[-59.447490731349149,-34.438637442722253],[-59.447488951286715,-34.438907870121348],[-59.447162549317774,-34.438906394875922],[-59.447160768180147,-34.439176822248122],[-59.446834365183491,-34.43917534611667],[-59.446832582970622,-34.439445773461948],[-59.44650617894623,-34.439444296444456],[-59.446504395658096,-34.439714723762812],[-59.445851585577621,-34.439711767084475],[-59.445848014723992,-34.440252621625525],[-59.445521607616378,-34.440251141949773],[-59.445518034564479,-34.440791996412806],[-59.445191625377575,-34.440790515836042],[-59.445188050127292,-34.441331370221036],[-59.444535227618672,-34.44132840639417],[-59.444531648066665,-34.441869260671268],[-59.444205234744899,-34.441867777421116],[-59.444201652994224,-34.44240863162014],[-59.443875237593069,-34.44240714746882],[-59.443871653643612,-34.442948001589727],[-59.443545236163004,-34.442946516537248],[-59.443539856904614,-34.443757797583288],[-59.443213436292815,-34.443756311614663],[-59.44320446512549,-34.445108446375357],[-59.442878039278845,-34.445106959460631],[-59.442879834611929,-34.444836532547583],[-59.442553409840983,-34.444835044776433],[-59.442551613456139,-34.445105471674509],[-59.442225187657378,-34.445103983017027],[-59.442223390196801,-34.445374409888075],[-59.441896963370191,-34.445372920344226],[-59.441891567689268,-34.446184200840023],[-59.44156513773116,-34.446182710379802],[-59.441563338071084,-34.446453137172604],[-59.441236907085106,-34.446451645825988],[-59.441235106349161,-34.446722072591733],[-59.440908674335333,-34.446720580358651],[-59.440906872523534,-34.446991007097331],[-59.439927573470541,-34.446986525124494],[-59.439938402914336,-34.445363964782047],[-59.440264829596948,-34.445365459554189],[-59.440272044538034,-34.444283752357777],[-59.440598467037589,-34.44428524619844],[-59.440605677387225,-34.443203538748861],[-59.44093209570395,-34.443205031658096],[-59.440937500058965,-34.442393750899178],[-59.441263915244683,-34.442395242892061],[-59.441265715596707,-34.442124815933283],[-59.441592129754788,-34.442126307039892],[-59.441595728283616,-34.441585453056135],[-59.441922140362458,-34.441586943261484],[-59.441923938539297,-34.441316516236505],[-59.442250349590495,-34.441318005555601],[-59.442255740822574,-34.440506724363381],[-59.442582148743028,-34.440508212766311],[-59.442583944720951,-34.440237785663122],[-59.442910351613776,-34.440239273179849],[-59.442912146516228,-34.439968846049652],[-59.443238552381473,-34.439970332680197],[-59.443242140011627,-34.439429478353702],[-59.443568543797745,-34.439430964083151],[-59.443572129229317,-34.438890109678475],[-59.443898530936366,-34.438891594506849],[-59.443902114169482,-34.438350740024056],[-59.444228513797505,-34.438352223951405],[-59.44423209483228,-34.437811369390502],[-59.444558492381326,-34.43781285241684],[-59.444562071217867,-34.437271997777835],[-59.444888466687964,-34.437273479903212],[-59.444893831609825,-34.436462197809519],[-59.445220223949683,-34.436463679019063],[-59.445223798342454,-34.435922824199814],[-59.444571017891882,-34.435919860969243],[-59.444574596394574,-34.435379006161369],[-59.44490098450536,-34.435380488182382],[-59.444908137019603,-34.434298778362219],[-59.445234520949171,-34.434300259452563],[-59.445238094960885,-34.433759404440316],[-59.444911713133742,-34.433757923379787],[-59.444909925088581,-34.434028350877036],[-59.44360439381358,-34.434022417865116],[-59.44360080924195,-34.434563272704047],[-59.442948039542792,-34.434560300912182],[-59.44294086170278,-34.435642010325701],[-59.442288083689142,-34.435639034929949],[-59.44228628706675,-34.435909462223236],[-59.442612677112919,-34.435910950371621],[-59.442610881517886,-34.436181377667815],[-59.442284490420427,-34.436179889504466],[-59.442282693750137,-34.436450316773616],[-59.441629909524373,-34.436447337803685],[-59.441635305771271,-34.435636056049916],[-59.441961694718223,-34.435637545925466],[-59.441967087595579,-34.434826264018184],[-59.441640701802442,-34.434824774187589],[-59.441638903149361,-34.435095201487094],[-59.441312516328935,-34.435093710770474],[-59.441310716600604,-34.435364138042928],[-59.440984328752883,-34.435362646440247],[-59.44098612953249,-34.435092219182806],[-59.44065974276004,-34.435090726724077],[-59.440656139074285,-34.435631581196866],[-59.440003361396329,-34.43562859360614],[-59.440001557414838,-34.435899020794366],[-59.439022387924332,-34.435894532830119],[-59.439020580764854,-34.436164959961147],[-59.438694189931539,-34.436163462215845],[-59.438692381696647,-34.436433889319723],[-59.437713206187311,-34.436429390812044],[-59.437707771875871,-34.437240671915553],[-59.437381376933637,-34.437239170625489],[-59.437379564396828,-34.437509597620746],[-59.436726772482061,-34.437506592397057],[-59.436724957818306,-34.437777019350015],[-59.436398560845795,-34.437775515416327],[-59.43639674510645,-34.438045942342093],[-59.436070347106721,-34.438044437522159],[-59.436068530291763,-34.438314864420718],[-59.435742131264824,-34.43831335871446],[-59.435738495459375,-34.438854212445101],[-59.435412094353779,-34.438852705837398],[-59.435408456348483,-34.439393559489453],[-59.43508205316418,-34.439392051980235],[-59.435080233073684,-34.439662478772995],[-59.434427424674894,-34.439659461110637],[-59.434425602457125,-34.439929887860984],[-59.434099197242652,-34.439928377707808],[-59.434093727289024,-34.440739657840851],[-59.434746544051478,-34.440742677367098],[-59.434742901500506,-34.441283530789562],[-59.435395722566291,-34.441286546891568],[-59.435393903357586,-34.44155697361505],[-59.435720314978447,-34.441558480374333],[-59.435716678591518,-34.442099333815385],[-59.43604309233983,-34.442100839733705],[-59.436041275161656,-34.442371266451289],[-59.435388445585978,-34.442368253713042],[-59.435390264867443,-34.442097827025769],[-59.435063851167591,-34.4420963193649],[-59.435067491760968,-34.441555465984493],[-59.434414668640535,-34.441552448109618],[-59.434416491004008,-34.441282021431675],[-59.433763670083891,-34.441279000102178],[-59.433765494526227,-34.441008573442566],[-59.433439085154191,-34.44100706148614],[-59.433440910623794,-34.440736634829676],[-59.432788094055859,-34.440733608333588],[-59.432786266483149,-34.441004034959604],[-59.432133447909507,-34.441001004948099],[-59.432129788484708,-34.441541858102973],[-59.432456199862493,-34.441543373574845],[-59.432454371165122,-34.441813800149426],[-59.432127958735734,-34.441812284662312],[-59.432122469342495,-34.442623564267926],[-59.432448884926778,-34.442625079800777],[-59.43244705613192,-34.442895506327083],[-59.432773472792228,-34.44289702100388],[-59.432769817232753,-34.443437874050773],[-59.433422654833144,-34.443440900851343],[-59.433417177621514,-34.444252180422559],[-59.433743599613358,-34.44425369256151],[-59.433741774879238,-34.444524119076313],[-59.43406819794712,-34.444525630359117],[-59.434064550509454,-34.445066483382931],[-59.434390975705185,-34.445067993824772],[-59.434389153001668,-34.44533842033379],[-59.434062726754163,-34.445336909876751],[-59.434060902974565,-34.445607336358485],[-59.434387330273871,-34.445608846830723],[-59.434381861944736,-34.446420126249144],[-59.434055431489945,-34.446418615731332],[-59.434046311862801,-34.44777074777803],[-59.434372747577001,-34.447772258371813],[-59.434370924630585,-34.448042684760132],[-59.434044487864462,-34.448041174151143],[-59.434042663841794,-34.448311600512227],[-59.432084037444326,-34.448302518466136],[-59.432091358635098,-34.447220813314878],[-59.432417792099464,-34.447222329106921],[-59.432419621284303,-34.446951902773684],[-59.432746053721146,-34.446953417679062],[-59.432757022007301,-34.44533085933481],[-59.432430595881442,-34.445329344520857],[-59.432432424895659,-34.445058918103157],[-59.432105999845959,-34.4450574024331],[-59.432107829887585,-34.44478697601857],[-59.43014928641265,-34.444777863791074],[-59.430151122740384,-34.444507437456146],[-59.429824699965224,-34.444505915717123],[-59.429826537320238,-34.444235489385413],[-59.429500115621302,-34.444233966790357],[-59.429501954003548,-34.443963540461915],[-59.429175533380828,-34.443962017010826],[-59.429177372790278,-34.443691590685646],[-59.429503792361295,-34.443693114121402],[-59.429507469003298,-34.443152261404173],[-59.429181051535657,-34.443150737999083],[-59.429182890871587,-34.442880311637687],[-59.429509307287546,-34.442881835027478],[-59.429511145547302,-34.442611408638683],[-59.429184730183017,-34.442609885264226],[-59.429186569469898,-34.442339458878699],[-59.427880912464495,-34.442333356729364],[-59.427873538343249,-34.443415061953502],[-59.427547119946631,-34.443413534176486],[-59.427543430635204,-34.443954386685412],[-59.427217010159779,-34.443952858006327],[-59.427215164415465,-34.444223284227299],[-59.427541585942627,-34.444224812921767],[-59.427536051717354,-34.445036091558414],[-59.427209627034955,-34.445034562817817],[-59.427213318646572,-34.444493710436213],[-59.42688689609227,-34.444492180855029],[-59.426888742912908,-34.444221754661513],[-59.426562321434972,-34.444220224224367],[-59.426566017105856,-34.443679371831905],[-59.426892436480365,-34.443680902238249],[-59.42689797664697,-34.442869623512863],[-59.427224392891056,-34.442871153001725],[-59.427228084109103,-34.442330300427017],[-59.426901669968316,-34.442328770968928],[-59.426903516592077,-34.442058344678848],[-59.426250690487571,-34.442055283179627],[-59.426252539189939,-34.441784856908278],[-59.425926127226248,-34.441783324867181],[-59.425929826660258,-34.441242472319111],[-59.425277007013172,-34.441239405684811],[-59.425278858796339,-34.440968979423516],[-59.424952450061369,-34.440967444814966],[-59.424950597226648,-34.4412378710608],[-59.424624187464801,-34.441236335565549],[-59.424626041351097,-34.440965909335155],[-59.424299632665523,-34.440964372984112],[-59.424297777727666,-34.441234799199059],[-59.423644958327586,-34.441231723852347],[-59.423650529376289,-34.440420445264117],[-59.423324122868031,-34.440418906330351],[-59.423327838879793,-34.439878053908828],[-59.423001434499305,-34.439876514134816],[-59.423005152515017,-34.439335661695978],[-59.422678750262264,-34.439334121081764],[-59.422680610284431,-34.439063694859755],[-59.422027807956248,-34.439060611048824],[-59.422029670056524,-34.43879018484575],[-59.421376869930498,-34.438787097581212],[-59.421375005727334,-34.439057523753227],[-59.421048604650125,-34.439055978798649],[-59.421044874066311,-34.439596831075377],[-59.42137127724645,-34.439598376061028],[-59.421365684338802,-34.440409654432202],[-59.421692090698308,-34.440411198593267],[-59.421688364072068,-34.440952050811426],[-59.4220147725595,-34.440953594132324],[-59.422012910260676,-34.441224020238835],[-59.421360091207561,-34.441220932694748],[-59.421358226780782,-34.441491358758135],[-59.421031816239896,-34.441489813663679],[-59.421029950736688,-34.441760239699441],[-59.420703539169082,-34.441758693718192],[-59.420701672589395,-34.442029119726342],[-59.420375259995069,-34.442027572858258],[-59.420377127626352,-34.44175714686569],[-59.420050716108491,-34.441755599141928],[-59.420046978717828,-34.44229645108387],[-59.420373392338895,-34.442297998838768],[-59.420367789221054,-34.443109276707865],[-59.420694206021949,-34.443110823638186],[-59.420690472588966,-34.443651675521693],[-59.421016891518093,-34.443653221611804],[-59.421003831081215,-34.445546202932682],[-59.420677404789878,-34.445544656733688],[-59.420675537861925,-34.445815082572828],[-59.420349110543675,-34.445813535486899],[-59.420347242539044,-34.446083961298413],[-59.420020814193855,-34.446082413325506],[-59.420022683250309,-34.445811987529574],[-59.419696255981854,-34.445810438700832],[-59.419698126065214,-34.445540012908417],[-59.419371699873473,-34.445538463223912],[-59.419373570983694,-34.445268037434978],[-59.417741445658258,-34.445260276019788],[-59.417739569289118,-34.445530701730647],[-59.417086717230305,-34.445527591033688],[-59.417088595703014,-34.445257165354143],[-59.416762170762929,-34.445255608714263],[-59.416765929736755,-34.444714757350276],[-59.416439506925236,-34.444713199870364],[-59.416445148353304,-34.443901922780839],[-59.416118728722019,-34.443900364476598],[-59.416124373079597,-34.443089087325461],[-59.415797956628452,-34.443087528196934],[-59.415801721511421,-34.442546676733855],[-59.41547530718865,-34.442545116765444],[-59.415480957479815,-34.441733839527338],[-59.415154546336986,-34.441732278734747],[-59.415156430768754,-34.441461852980275],[-59.414830020702624,-34.441460291332142],[-59.414831906160842,-34.4411898655813],[-59.414505497171405,-34.441188303077638],[-59.414507383656066,-34.440917877330456],[-59.412875344344016,-34.440910051822335],[-59.412873452601588,-34.441180477490796],[-59.41254704376319,-34.441178909759721],[-59.412541365229877,-34.441990186645363],[-59.41221495326198,-34.441988617995712],[-59.412211165343749,-34.442529469160874],[-59.412537579414888,-34.44253103784208],[-59.412528114435943,-34.443883165622609],[-59.412201695106482,-34.443881596862497],[-59.412196012661219,-34.444692873338582],[-59.412522435145839,-34.444694442146059],[-59.412512969157774,-34.446046569443631],[-59.412186541414258,-34.446045000557248],[-59.412184647089134,-34.446315425964784],[-59.411205360854652,-34.44631071402992],[-59.411203463348784,-34.446581139377955],[-59.410550603881859,-34.446577993699414],[-59.410552503491402,-34.446307568383006],[-59.409899646229405,-34.446304419250517],[-59.409901547917244,-34.446033993953705],[-59.409575120376076,-34.446032418096209],[-59.409577023090392,-34.44576199280317],[-59.407944891024172,-34.445754100524233],[-59.407942983050837,-34.446024525737869],[-59.407616555662017,-34.446022944652036],[-59.407614646611464,-34.446293369837669],[-59.406961789806523,-34.446290205020013],[-59.406959878626864,-34.44656063016172],[-59.406633449210759,-34.446559046429876],[-59.406631536953803,-34.446829471543595],[-59.405652245702925,-34.446824715071727],[-59.405650330264884,-34.447095140125519],[-59.405323898847129,-34.447093552876105],[-59.405321982331721,-34.447363977901865],[-59.404669117469062,-34.447360800756805],[-59.404667198824335,-34.447631225738519],[-59.404014331960184,-34.447628045075739],[-59.404012411186095,-34.447898470013392],[-59.403685976740519,-34.44789687835884],[-59.403684054888942,-34.44816730326842],[-59.403031183970811,-34.448164117312892],[-59.40303503185595,-34.447623267545779],[-59.403361465198415,-34.447624860927206],[-59.403363388050657,-34.447354436009505],[-59.403689820366843,-34.447356028503485],[-59.403691742141582,-34.447085603557689],[-59.404018173431531,-34.447087195164229],[-59.404022014800518,-34.446546345204382],[-59.404348444012356,-34.446547935907482],[-59.404352283175307,-34.446007085867329],[-59.404678710309113,-34.446008675667045],[-59.404682547266155,-34.445467825546601],[-59.40500897232193,-34.445469414442968],[-59.405010889710333,-34.445198989348647],[-59.405337313739892,-34.44520057735766],[-59.405339230050991,-34.444930152235301],[-59.405992076083194,-34.444933325607316],[-59.405993990265273,-34.444662900440967],[-59.406320412267895,-34.44466448580399],[-59.406322325372734,-34.444394060609611],[-59.406648746349127,-34.444395645085351],[-59.406650658376769,-34.444125219862954],[-59.406977078326925,-34.444126803451447],[-59.406980900202363,-34.443585952938534],[-59.407307318074587,-34.443587535623855],[-59.407314957313254,-34.442505834389493],[-59.406988543647621,-34.442504251767851],[-59.406994275964216,-34.441692975763061],[-59.406667865478873,-34.441691392317935],[-59.406669777251714,-34.441420966974768],[-59.406343367843427,-34.441419382674354],[-59.40634719341579,-34.440878531983692],[-59.406020786136089,-34.440876946843929],[-59.406022699935576,-34.440606521496427],[-59.405696293732923,-34.440604935501383],[-59.4057001233584,-34.440064084802096],[-59.405373719284277,-34.440062497967773],[-59.405375635110218,-34.439792072615973],[-59.405049232113122,-34.439790484926426],[-59.405053065791378,-34.439249634218562],[-59.404726664922762,-34.439248045689787],[-59.404730500601708,-34.438707194965566],[-59.404077703146925,-34.438704015358518],[-59.404081542929283,-34.438163164649971],[-59.403755146343094,-34.43816157357174],[-59.403760908978882,-34.437350297466374],[-59.403434515572414,-34.437348705565071],[-59.403436437451155,-34.43707828018848],[-59.403762829806283,-34.437079872073781],[-59.403772433559332,-34.435727744929643],[-59.404098820683529,-34.435729335863826],[-59.404102659903053,-34.435188484889629],[-59.403776274881373,-34.435186893987456],[-59.403783957218344,-34.434105191958203],[-59.40345757642713,-34.434103600249067],[-59.403459497998547,-34.433833174727582],[-59.403133118284117,-34.433831582163457],[-59.403135040881104,-34.433561156645943],[-59.402808662243459,-34.433559563226844],[-59.402810585865986,-34.433289137713274],[-59.402484208305133,-34.433287543439249],[-59.402486132953157,-34.43301711792963],[-59.402159756469089,-34.433015522800687],[-59.40216168214257,-34.432745097295054],[-59.401182555997764,-34.432740306730636],[-59.401180627170888,-34.43301073218808],[-59.400527874433934,-34.433007534091509],[-59.400525943479103,-34.433277959504707],[-59.400199566098081,-34.433276359133885],[-59.400197634066373,-34.433546784518889],[-59.399871255659939,-34.433545183260968],[-59.399869322551311,-34.433815608617806],[-59.399542943119499,-34.433814006472787],[-59.399537140485464,-34.434625282422459],[-59.399863523070842,-34.434626884615824],[-59.399861589859178,-34.434897309924352],[-59.400187973521554,-34.434898911262799],[-59.400186041335346,-34.435169336575363],[-59.400512426074698,-34.435170937058899],[-59.400508563727534,-34.435711787679999],[-59.400834950595133,-34.435713387324682],[-59.400833020434227,-34.435983812633232],[-59.401159408378831,-34.435985411422948],[-59.401157479243487,-34.436255836735477],[-59.401483868265089,-34.436257434670232],[-59.40148194015535,-34.436527859986768],[-59.402134720378207,-34.436531053275175],[-59.402132794345405,-34.436801478611763],[-59.403111968026124,-34.436806262059427],[-59.403110045121643,-34.437076687432068],[-59.402783652817774,-34.43707509380458],[-59.402781728836331,-34.437345519149105],[-59.402455335506723,-34.437343924634469],[-59.402451485364175,-34.437884775255213],[-59.402125089957508,-34.437883179837371],[-59.402119311397065,-34.438694455629772],[-59.402445709957952,-34.438696051095768],[-59.402443784771229,-34.438966476351808],[-59.402770184409199,-34.43896807096268],[-59.402768260248259,-34.439238496222693],[-59.403094660963312,-34.439240089978462],[-59.403090814667465,-34.439780940494302],[-59.403417217511084,-34.439782533410956],[-59.403411451029584,-34.440593809142207],[-59.403085045031453,-34.440592216177492],[-59.403081198479299,-34.441133066572576],[-59.402754790403733,-34.441131472704562],[-59.402752866037659,-34.441401897867969],[-59.402426456936176,-34.441400303112694],[-59.402422606023926,-34.441941153371168],[-59.402096194844951,-34.441939557712558],[-59.402094268298733,-34.442209982807633],[-59.401767856093848,-34.442208386261676],[-59.401769783691655,-34.441937961182674],[-59.401116961462122,-34.441934765509188],[-59.401118891137415,-34.441664340450245],[-59.399486841271774,-34.44165633610011],[-59.399484906338571,-34.441926761078513],[-59.399158495391163,-34.441925157578609],[-59.399150751194007,-34.443006857306969],[-59.399477166347886,-34.443008460871376],[-59.399469425944595,-34.444090160471021],[-59.399143006584019,-34.444088556842082],[-59.399139134124219,-34.444629406537175],[-59.398812712686038,-34.444627802004618],[-59.398814649980558,-34.444357377179259],[-59.398161809285078,-34.444354165532452],[-59.398159869887117,-34.444624590325517],[-59.397507027191565,-34.444621375161056],[-59.397505085664285,-34.444891799909684],[-59.394240863223857,-34.444875671644901],[-59.394242815268463,-34.444605247058519],[-59.393916394218998,-34.444603629455912],[-59.393914441122668,-34.44487405402603],[-59.392608752978298,-34.444867574837076],[-59.392606795648952,-34.44513799932993],[-59.392933218697692,-34.445139620450483],[-59.392927349708494,-34.445950893905518],[-59.393253775938625,-34.44595251420364],[-59.393247909870219,-34.44676378759884],[-59.393574339281848,-34.446765407074437],[-59.393572384925442,-34.447035831531643],[-59.393245954461968,-34.447034212039746],[-59.393243999027654,-34.447304636468587],[-59.392917567538383,-34.447303016088973],[-59.392919524024549,-34.447032591676439],[-59.392593093613208,-34.44703097044173],[-59.392595051125127,-34.446760546033417],[-59.391942192484414,-34.446757300982391],[-59.39194611163731,-34.446216452194847],[-59.391619684459755,-34.446214828394886],[-59.391621645048822,-34.445944403999334],[-59.391295218949182,-34.445942779344335],[-59.391297180563903,-34.445672354953032],[-59.390970755542206,-34.445670729443002],[-59.390974680796766,-34.445129880656857],[-59.390648257904729,-34.445128254308209],[-59.390652185158146,-34.444587405506461],[-59.390325764395755,-34.44458577831918],[-59.390327729034915,-34.444315353916565],[-59.38967488969211,-34.444312096960765],[-59.389676856408506,-34.44404167257882],[-59.389024019273926,-34.444038412170535],[-59.389025988067473,-34.443767987809309],[-59.388373153141217,-34.443764723948597],[-59.388369211321127,-34.444305572593294],[-59.387716372293156,-34.44430230518163],[-59.387718345319733,-34.44403188089818],[-59.388044763768868,-34.444033515023236],[-59.388048707639776,-34.443492666387236],[-59.387722291293983,-34.443491032295057],[-59.38772031832,-34.443761456602665],[-59.387393900948837,-34.443759821622741],[-59.387397848973826,-34.443218973028337],[-59.385765773029441,-34.443210785223883],[-59.385767752260683,-34.442940360990953],[-59.387073408756962,-34.442946912911168],[-59.387075383755317,-34.44267648860022],[-59.386422557557729,-34.442673214415613],[-59.386424534632987,-34.44240279012552],[-59.385771710644022,-34.442399512488798],[-59.385773689796125,-34.442129088219602],[-59.385447278892798,-34.44212744811086],[-59.385445298689085,-34.442397872363557],[-59.384466062982675,-34.442392946760258],[-59.384460112748641,-34.443204219297179],[-59.384133697744481,-34.443202575637294],[-59.384129728686311,-34.443743423901779],[-59.384456145793798,-34.443745067594726],[-59.384446227944061,-34.44509718812715],[-59.384772650336501,-34.445098831031437],[-59.384768685115084,-34.44563967919288],[-59.385095109637447,-34.445641321258854],[-59.38509114641392,-34.446182169405027],[-59.383785440068749,-34.446175595780659],[-59.38378742590087,-34.445905171779749],[-59.383461000432497,-34.445903526211765],[-59.383476894550711,-34.44374013390194],[-59.383150477522626,-34.443738487595077],[-59.383154452890729,-34.443197639429911],[-59.383480867815507,-34.443199285703663],[-59.383496759815777,-34.44103589242723],[-59.382843946818078,-34.441032599273505],[-59.382845935302036,-34.440762175092708],[-59.382193124513385,-34.440758878487287],[-59.382195115073863,-34.440488454327578],[-59.381215902244399,-34.44048350293523],[-59.381211914787841,-34.441024351142943],[-59.380559102161634,-34.441021045792233],[-59.380555110392628,-34.441561893885115],[-59.380228702016339,-34.441560239869666],[-59.380226705040364,-34.441830663881348],[-59.379900295639132,-34.441829008978011],[-59.379890305102109,-34.443181128771911],[-59.380216719761378,-34.443182783758473],[-59.38021472262573,-34.443453207697651],[-59.379888306914822,-34.44345155269442],[-59.379878315578956,-34.444803672125808],[-59.379225473720155,-34.444800359338878],[-59.37922747414401,-34.444529935510097],[-59.379553894008382,-34.444531592322576],[-59.379555893353896,-34.444261168465026],[-59.379229474541226,-34.444259511669223],[-59.379235475572898,-34.443448240074119],[-59.378909059941897,-34.443446582457021],[-59.378911061284114,-34.443176158584507],[-59.379237475863469,-34.443177816184907],[-59.379245476759216,-34.442096120507252],[-59.379571887158789,-34.442097777169735],[-59.379581882421,-34.440745657217462],[-59.379908287589458,-34.440747312925403],[-59.379914281272647,-34.439936040759065],[-59.379261477271328,-34.439932728571954],[-59.379263477215382,-34.439662304525669],[-59.377631472936017,-34.439654008895729],[-59.377633478110688,-34.439383584920833],[-59.376980678688795,-34.439380260604139],[-59.376982685939602,-34.439109836650601],[-59.376003490161715,-34.439104843692107],[-59.37600147975661,-34.439375267595437],[-59.375348680602414,-34.439371934567191],[-59.375346668067628,-34.439642358424905],[-59.371103462516537,-34.439620608584882],[-59.371101436285997,-34.439891032211698],[-59.370448633733346,-34.439887672981222],[-59.370446605372877,-34.440158096562165],[-59.371099410028478,-34.440161455826413],[-59.371097383743916,-34.44043187942907],[-59.371423787163707,-34.440433557771314],[-59.371421761903662,-34.440703981378739],[-59.371748166401936,-34.44070565886669],[-59.371746142166408,-34.440976082478919],[-59.37207254774318,-34.440977759112521],[-59.372070524532191,-34.441248182729517],[-59.372396931187446,-34.44124985850879],[-59.372394909001052,-34.441520282130575],[-59.372721316734783,-34.441521957055464],[-59.372719295572992,-34.441792380682031],[-59.37304570438522,-34.441794054752513],[-59.373043684248053,-34.442064478383834],[-59.373370094138785,-34.442066151599931],[-59.373364036720552,-34.442877422471838],[-59.374016862892269,-34.442880766391234],[-59.3740148458023,-34.443151190024672],[-59.374667674184813,-34.443154530492599],[-59.374665659171228,-34.443424954147545],[-59.374992074454397,-34.443426623091398],[-59.374990060465635,-34.443697046751048],[-59.375316476827294,-34.443698714840387],[-59.375306411739324,-34.445050833041286],[-59.375632833386305,-34.445052500343181],[-59.375628809266821,-34.445593347572505],[-59.37595523304411,-34.44559501403657],[-59.375953221995907,-34.445865437649879],[-59.376606071734408,-34.445868767997474],[-59.376604062762972,-34.44613919163217],[-59.379215471200951,-34.446152478301521],[-59.379213470617138,-34.446422902057812],[-59.380845607016781,-34.446431177989631],[-59.38084361166537,-34.446701601817082],[-59.381496468515088,-34.446704906123337],[-59.381490488612364,-34.447516177632878],[-59.381816920232609,-34.447517828528746],[-59.381814927930463,-34.447788252357689],[-59.381488495258345,-34.44778660144523],[-59.38148650187776,-34.448057025245504],[-59.380507200865189,-34.448052067229654],[-59.38050919740143,-34.447781643479253],[-59.380182764835673,-34.447779989081077],[-59.380184762397171,-34.447509565335231],[-59.379531899449248,-34.447506253957876],[-59.379533899087853,-34.447235830233268],[-59.377901747443879,-34.447227536623437],[-59.377899742545992,-34.447497960264613],[-59.376594017504232,-34.447491309624425],[-59.376592008372171,-34.447761733186624],[-59.376265576126755,-34.447760068331284],[-59.376267586310696,-34.44748964478584],[-59.375941155143934,-34.447487979075824],[-59.375939143908134,-34.447758402604521],[-59.374633415301815,-34.447751730983164],[-59.374631399831699,-34.448022154432664],[-59.370714203972234,-34.448002055709502],[-59.370718260130467,-34.447461209202757],[-59.371044690866718,-34.447462888855462],[-59.371046717853439,-34.44719246556707],[-59.371373147564853,-34.447194144331462],[-59.371375173472742,-34.446923721014088],[-59.371701602159305,-34.446925398890194],[-59.371699577303268,-34.44719582222443],[-59.372026007068634,-34.447197499246016],[-59.372028030872869,-34.446927075894898],[-59.372680888380863,-34.446930427290113],[-59.372682910054479,-34.446660003893193],[-59.373662193363067,-34.446665024400019],[-59.373664211854326,-34.446394600940515],[-59.373990638625848,-34.446396272683181],[-59.3739946734241,-34.445855425694305],[-59.374321098118926,-34.445857096531974],[-59.374325130706104,-34.445316249461115],[-59.374651553324306,-34.445317919393823],[-59.374655583700552,-34.444777072241038],[-59.374329163185827,-34.444775402341918],[-59.374331179385365,-34.444504978764208],[-59.374004759949216,-34.444503308010567],[-59.374006777173612,-34.444232884437554],[-59.373353940485337,-34.444229540349959],[-59.373357979060145,-34.443688693234954],[-59.373031562859744,-34.44368701991786],[-59.373033583158417,-34.443416596359064],[-59.372707168036577,-34.443414922187507],[-59.372709189359981,-34.443144498633465],[-59.372382775316716,-34.443142823607481],[-59.372386819985955,-34.442601976496853],[-59.372060408072862,-34.442600300633309],[-59.372058384700104,-34.442870724177816],[-59.371731971762372,-34.442869047426129],[-59.371733996186755,-34.442598623898505],[-59.371081172495444,-34.442595267815115],[-59.371083198996025,-34.442324844309155],[-59.369124734880259,-34.442314755250308],[-59.369120669232892,-34.442855602047139],[-59.368794256538479,-34.442853917454066],[-59.368790188679483,-34.443394764168652],[-59.369116603477174,-34.44339644879561],[-59.369114570558665,-34.443666872151738],[-59.368788154709343,-34.443665187507825],[-59.368782052636263,-34.44447645745278],[-59.367802795785884,-34.444471398140635],[-59.36781094444914,-34.443389705060071],[-59.367158115097929,-34.443386327964603],[-59.367162193473177,-34.442845481419759],[-59.366835780941578,-34.442843791599103],[-59.36683986131132,-34.442302945039891],[-59.366513450910126,-34.442301254381995],[-59.366517533274227,-34.441760407808445],[-59.366843941572306,-34.441762098432335],[-59.366845981662024,-34.441491675110427],[-59.366519574415491,-34.441489984503555],[-59.366548147537216,-34.4377040569657],[-59.373728789373857,-34.437741043855205],[-59.373730806977647,-34.437470619996873],[-59.374057199047392,-34.437472291184662],[-59.374059215572963,-34.437201867297446],[-59.374711997690397,-34.437205207026125],[-59.37471401208645,-34.436934783093221],[-59.375040402134118,-34.436936451634153],[-59.375044428743102,-34.436395603698514],[-59.375370816715012,-34.436397271334819],[-59.375380877511724,-34.43504515120037],[-59.375054494796061,-34.435043483647959],[-59.375058521029445,-34.434502635543161],[-59.374732140443008,-34.434500967153284],[-59.374736168671411,-34.433960119033721],[-59.374409790214166,-34.433958449806461],[-59.374415835508906,-34.433147177586847],[-59.373763084981768,-34.433143836620218],[-59.373767119248392,-34.432602988480646],[-59.370503389249848,-34.432586231727576],[-59.370505416853618,-34.432315807808244],[-59.370179045053213,-34.43231412735971],[-59.370181073681024,-34.43204370344521],[-59.369854702958719,-34.43204202214266],[-59.369856732610529,-34.431771598232984],[-59.369530362966323,-34.431769916076441],[-59.369532393642132,-34.431499492171604],[-59.369206025076011,-34.431497809161101],[-59.369208056775761,-34.431227385261131],[-59.368881689287733,-34.431225701396663],[-59.368887787377517,-34.430414429674997],[-59.368561423069551,-34.43041274499052],[-59.368565490429212,-34.429871897149546],[-59.368239128250273,-34.429870211628092],[-59.368241162940365,-34.429599787706451],[-59.367588440765694,-34.42959641408499],[-59.367590477530527,-34.429325990185198],[-59.366937757566269,-34.42932261311438],[-59.366939796405731,-34.429052189236494],[-59.366613437515255,-34.429050499411844],[-59.366654229614916,-34.42364201965605],[-59.367306905392809,-34.423645397754633],[-59.367308942611182,-34.423374973605966],[-59.367635279490237,-34.423376661332313],[-59.367633243322473,-34.423647085497969],[-59.369917609589152,-34.423658875323333],[-59.369919638402649,-34.423388451039045],[-59.370572312621164,-34.423391811690969],[-59.370574339306422,-34.423121387360766],[-59.370900675405601,-34.423123066363878],[-59.370906752147597,-34.422311793250131],[-59.37123308512205,-34.422313471331968],[-59.371235109598182,-34.422043046919647],[-59.372214105531768,-34.422048075890935],[-59.372212084207263,-34.422318500353825],[-59.372864750398783,-34.422321848682103],[-59.372862731148444,-34.422592273166615],[-59.373189065335133,-34.422593946041665],[-59.37318704710848,-34.422864370530938],[-59.373513382372636,-34.422866042552208],[-59.373509347939823,-34.423406891528167],[-59.373835685332054,-34.423408562712432],[-59.373833669125943,-34.423678987199118],[-59.375139023165886,-34.423685663297036],[-59.375141035169527,-34.423415238743203],[-59.376772723069571,-34.423423564192277],[-59.376770716319015,-34.423693988829882],[-59.377097055029921,-34.423695651324515],[-59.377093043549884,-34.424236500596969],[-59.377419384388794,-34.424238162254383],[-59.377407355611304,-34.42586070988213],[-59.377733702781143,-34.425862370769146],[-59.377731698942128,-34.426132795348202],[-59.378058047189398,-34.426134455381195],[-59.378056044374446,-34.426404879964878],[-59.379687791264722,-34.426413167152361],[-59.379689788825857,-34.426142742485318],[-59.380016137233078,-34.426144397293953],[-59.380018133716845,-34.425873972598154],[-59.380344481099918,-34.425875626519428],[-59.38034647650634,-34.425605201794909],[-59.380999169250778,-34.425608506992013],[-59.381001162529181,-34.425338082222162],[-59.381327507890511,-34.425339733498014],[-59.381329500091638,-34.425069308699477],[-59.381982188792541,-34.425072608605895],[-59.381984178865736,-34.424802183762061],[-59.384268582798683,-34.424813705891644],[-59.384266600080373,-34.425084130851417],[-59.385898323221802,-34.42509233490587],[-59.385900300686615,-34.424821909863546],[-59.386226644343317,-34.424823548045858],[-59.386228620731089,-34.42455312297497],[-59.386881306022126,-34.424556396694584],[-59.38689117705951,-34.423204270994248],[-59.386564839654064,-34.423202634652128],[-59.386566814833216,-34.422932209492295],[-59.385914142202495,-34.422928934229084],[-59.38591611945651,-34.422658509090141],[-59.385263449032358,-34.42265523037738],[-59.385265428361151,-34.422384805259348],[-59.384286426074503,-34.422379880710125],[-59.38429237335756,-34.421568605432206],[-59.386576690334174,-34.421580083511984],[-59.386574715286606,-34.421850508732199],[-59.387227379618089,-34.421853780381213],[-59.387225406645314,-34.422124205622296],[-59.387551739901042,-34.422125840157349],[-59.387549767952549,-34.422396265402774],[-59.388202436643951,-34.422399531893973],[-59.388204406491333,-34.422129106615671],[-59.388857073186628,-34.422132369591566],[-59.388859040906667,-34.421861944268343],[-59.389511705605749,-34.421865203729041],[-59.389513671198486,-34.421594778360941],[-59.389840002536793,-34.421596406769005],[-59.38984786044383,-34.4205147051103],[-59.389521533307516,-34.420513076767797],[-59.389523498769286,-34.420242651339315],[-59.389197172709629,-34.420241022142626],[-59.389199139195675,-34.419970596718471],[-59.388220164325361,-34.419965703954446],[-59.388222133936502,-34.419695278567424],[-59.387895810082654,-34.419693645921441],[-59.387897780717971,-34.419423220538803],[-59.388876749206972,-34.419428115815926],[-59.388878716664806,-34.419157690371932],[-59.389531360354454,-34.419160949504644],[-59.389533325685257,-34.418890524015765],[-59.390185967378891,-34.41889377963367],[-59.390187930582741,-34.418623354099978],[-59.39051425041842,-34.418624980586806],[-59.390516212545748,-34.418354555024671],[-59.391168850194802,-34.418357805354148],[-59.391170810195277,-34.418087379747227],[-59.391497128008645,-34.418089003589891],[-59.391499086932647,-34.417818577954549],[-59.391825403721775,-34.41782020091042],[-59.391827361569341,-34.41754977524667],[-59.392153677334242,-34.417551397315748],[-59.392157590850488,-34.417010545919361],[-59.392483904540853,-34.417012167085367],[-59.392499549160938,-34.414848760886287],[-59.392173243872477,-34.414847139850828],[-59.392177156867227,-34.414306288212927],[-59.391850853705172,-34.414304666339731],[-59.391852811213568,-34.41403424051898],[-59.391526509127758,-34.414032617791769],[-59.391530426166554,-34.41349176614672],[-59.390225226485434,-34.413485266665212],[-59.390223263778616,-34.41375569242836],[-59.389570661994725,-34.413752437432883],[-59.38956673230205,-34.414293288857436],[-59.388914126422328,-34.414290030315051],[-59.388910192424291,-34.414830881625697],[-59.388583887423408,-34.414829251016158],[-59.388577983079138,-34.415640527842328],[-59.388251674953892,-34.415638896313162],[-59.388249705736449,-34.415909321881323],[-59.387923396587233,-34.415907689465342],[-59.387921426293296,-34.416178115004989],[-59.386942495852523,-34.416173212485276],[-59.386944469297177,-34.415902786994977],[-59.385312924339907,-34.415894598802986],[-59.385310945644086,-34.416165024210905],[-59.384984635681441,-34.416163383944799],[-59.384982655908985,-34.416433809324126],[-59.38465634492249,-34.416432168171092],[-59.384654364073391,-34.416702593521826],[-59.384328052063005,-34.416700951481864],[-59.384326070137234,-34.416971376803993],[-59.383999757103012,-34.41696973387706],[-59.383993808016271,-34.417781009721367],[-59.383667491857544,-34.417779365874367],[-59.383661539381926,-34.418590641560357],[-59.383335220098594,-34.41858899679324],[-59.383333234836797,-34.41885942198121],[-59.383006914529567,-34.418857776327044],[-59.383004928190907,-34.419128201486373],[-59.38267860685977,-34.419126554945159],[-59.38267661944424,-34.419396980075817],[-59.381697652458527,-34.419392035179371],[-59.381695661865294,-34.419662460248198],[-59.381369338539336,-34.41966081019175],[-59.381367346869141,-34.419931235231886],[-59.381041022519298,-34.419929584288326],[-59.381039029772083,-34.420200009299769],[-59.380712704398377,-34.420198357469054],[-59.38070871672339,-34.420739207422471],[-59.380382389275319,-34.420737554687932],[-59.380378399393067,-34.421278404559764],[-59.380052069870601,-34.4212767509214],[-59.380050073839072,-34.421547175822568],[-59.379723743292701,-34.421545521296991],[-59.379721746184046,-34.42181594616941],[-59.37841642006272,-34.421809319294596],[-59.37841842137346,-34.421538894488855],[-59.378092090960294,-34.421537235610366],[-59.378094093294884,-34.421266810809236],[-59.377767763958914,-34.421265151076881],[-59.377771770648998,-34.420724301471765],[-59.377445443440692,-34.420722640902255],[-59.377447447796172,-34.420452216098298],[-59.377121121665034,-34.420450554674957],[-59.377123127044236,-34.420180129875646],[-59.3764704769631,-34.420176804450776],[-59.376468469482987,-34.420447229216627],[-59.375815817407947,-34.42044390027614],[-59.375817826988957,-34.420173475543791],[-59.375491502042053,-34.420171809784492],[-59.375493512646727,-34.419901385056804],[-59.375167188777048,-34.419899718443752],[-59.375171212006826,-34.419358868985711],[-59.374844890264804,-34.419357201535668],[-59.374846902889857,-34.419086776805315],[-59.37452058222506,-34.419085108501577],[-59.374524609495481,-34.41854425903815],[-59.373545653964314,-34.418539249004773],[-59.373547670710337,-34.418268824305358],[-59.372568718572118,-34.418263806488163],[-59.372566698675044,-34.41853423113708],[-59.369956152422461,-34.418520811855494],[-59.369954124095592,-34.418791236357301],[-59.369627804885148,-34.418789555013035],[-59.369631863612575,-34.418248706031193],[-59.369305546529887,-34.418247023850306],[-59.369309607249782,-34.417706174854004],[-59.3689832922948,-34.417704491836524],[-59.368985323664482,-34.41743406733719],[-59.36865900978686,-34.417432383466185],[-59.368663074545537,-34.416891534465151],[-59.368010451072728,-34.416888164179689],[-59.368012485511962,-34.416617739694949],[-59.367359864248129,-34.416614365961735],[-59.36733949762916,-34.41931860992571],[-59.367992139899478,-34.419321983998465],[-59.367990105189101,-34.419592408362341],[-59.36864274966868,-34.419595778986995],[-59.368644782278253,-34.419325354589198],[-59.369297424765385,-34.419328721697916],[-59.369289302567907,-34.420410419352201],[-59.368962977109121,-34.420408736165335],[-59.36896094544165,-34.420679160531755],[-59.368308292504402,-34.420675791512515],[-59.368306258708905,-34.420946215832963],[-59.367979931230451,-34.420944530000554],[-59.367977896357367,-34.421214954291955],[-59.367651567855539,-34.421213267572021],[-59.367649531904846,-34.421483691834361],[-59.366670543410756,-34.421478626400216],[-59.366686855467428,-34.41931523237097],[-59.367013176534719,-34.419316921583594],[-59.367035591219761,-34.416342253343629],[-59.366709281705937,-34.416340564317991],[-59.366758200271008,-34.409850374400108],[-59.368063337682365,-34.409857123649886],[-59.368061303920818,-34.41012754843667],[-59.369366445965476,-34.410134283831106],[-59.369368475527352,-34.409863858976529],[-59.370347329195162,-34.409868901334441],[-59.370349355580331,-34.409598476417038],[-59.37067563914038,-34.409600155445709],[-59.370677664448635,-34.409329730499337],[-59.371003946985809,-34.409331408640924],[-59.371007995421628,-34.408790558678135],[-59.371334275886049,-34.40879223591579],[-59.371336299013642,-34.408521810899387],[-59.371662578455179,-34.408523487250022],[-59.371666622529858,-34.407982637147228],[-59.371992899898672,-34.407984312593975],[-59.37199896265922,-34.407173037298598],[-59.371672688439752,-34.407171361902435],[-59.371674710355819,-34.406900936796681],[-59.370369617946579,-34.406894226578473],[-59.370371644034705,-34.406623801528163],[-59.36971910009153,-34.406620441232292],[-59.369721128252088,-34.406350016203731],[-59.369394857370786,-34.406348334767586],[-59.369400944839434,-34.405537059660176],[-59.370053480330881,-34.4055404215609],[-59.37005550733366,-34.405269996467098],[-59.370381774070232,-34.405271676095474],[-59.370383799996354,-34.405001250972674],[-59.370710065710277,-34.405002929714094],[-59.370712090559728,-34.404732504562332],[-59.371038355250981,-34.404734182416838],[-59.371040379023825,-34.404463757236101],[-59.371366642692422,-34.404465434203686],[-59.371368665388665,-34.404195008994002],[-59.372021190707471,-34.404198360285363],[-59.372023211277536,-34.403927935029877],[-59.37267573460484,-34.403931282807491],[-59.372677753048812,-34.403660857506203],[-59.3739827958277,-34.403667542554096],[-59.373980781582112,-34.403937967922644],[-59.374633305231875,-34.403941305260197],[-59.374635317378271,-34.403670879858041],[-59.374961578193783,-34.403672547204998],[-59.374963589263785,-34.403402121774008],[-59.375289849056522,-34.403403788234201],[-59.375291859050151,-34.403133362774341],[-59.376270635440299,-34.403138356884739],[-59.376276655814614,-34.402327080281857],[-59.376602911516201,-34.402328743195142],[-59.376604917204645,-34.402058317619968],[-59.376931171883456,-34.402059979646566],[-59.376933176495662,-34.401789554042566],[-59.377911937543836,-34.401794534852563],[-59.377913938980882,-34.401524109186347],[-59.378892697120669,-34.401529082116824],[-59.378888700516917,-34.402069933537277],[-59.379214955382452,-34.402071589474232],[-59.379212958090122,-34.402342015183017],[-59.379539214031809,-34.402343670266674],[-59.379533225143803,-34.403154947370524],[-59.379206966053509,-34.40315329223688],[-59.379204968654726,-34.40342371789734],[-59.378878708541464,-34.403422061877038],[-59.378876710066486,-34.403692487508749],[-59.379529232418783,-34.403695798712704],[-59.379531228794598,-34.403425373047661],[-59.38018374915417,-34.403428680738294],[-59.380185743404226,-34.403158255027876],[-59.380838261770947,-34.403161559205287],[-59.380840253895308,-34.402891133449529],[-59.381492770269091,-34.402894434113776],[-59.381498740185698,-34.402083156674394],[-59.381824995263798,-34.402084805651747],[-59.381826984133454,-34.401814379797869],[-59.382153238188543,-34.401816027888692],[-59.382155225982196,-34.401545602006152],[-59.382481479014267,-34.401547249210452],[-59.382483465731958,-34.401276823299234],[-59.382809717741054,-34.401278469617047],[-59.382811703382799,-34.401008043677187],[-59.383137954368877,-34.401009689108498],[-59.383139938934718,-34.400739263140018],[-59.383466188897785,-34.400740907684849],[-59.383472139288344,-34.399929629657272],[-59.383798386129584,-34.399931273282562],[-59.383806315416074,-34.398849569010572],[-59.384132558086229,-34.398851211699842],[-59.384138501625749,-34.398039933319431],[-59.385443459978376,-34.398046495179877],[-59.385441483022184,-34.398316921384804],[-59.385767723725564,-34.398318559691837],[-59.385763771832821,-34.398859412098453],[-59.386090014661207,-34.39886104956863],[-59.386091989571398,-34.398590623354877],[-59.38641823137673,-34.398592259938738],[-59.386420205211294,-34.398321833696436],[-59.386746445993616,-34.398323469393979],[-59.386748418752539,-34.398053043123141],[-59.38772713810927,-34.398057944947453],[-59.387729107694,-34.397787518615182],[-59.388055346482794,-34.397789150800541],[-59.388051409385703,-34.398330003485839],[-59.388377650299368,-34.398331634834221],[-59.388373715196003,-34.398872487504086],[-59.38869995823454,-34.398874118015435],[-59.388697991692901,-34.399144544348673],[-59.389024235807014,-34.39914617400661],[-59.389022270288521,-34.399416600344161],[-59.389348515478211,-34.399418229148623],[-59.389346550982914,-34.399688655490493],[-59.389999043539568,-34.399691910522591],[-59.389997081116903,-34.39996233688516],[-59.390975823296216,-34.399967212958273],[-59.390973863995633,-34.400237639357854],[-59.391626361011276,-34.40024088575651],[-59.391624403783446,-34.40051131217669],[-59.391950653379816,-34.400512934087494],[-59.391948697175359,-34.40078336051193],[-59.392274947847255,-34.400784981569146],[-59.392271037459054,-34.401325834414429],[-59.392597290255942,-34.401327454634355],[-59.39259533607224,-34.401597881055203],[-59.392921589944656,-34.40159950042149],[-59.392917683598156,-34.40214035325954],[-59.393243939595642,-34.402141971788467],[-59.393241987432866,-34.402412398205691],[-59.393568244505886,-34.402414015880936],[-59.393566293366639,-34.402684442302366],[-59.393892551515208,-34.402686059123923],[-59.393890601399541,-34.402956485549538],[-59.394543119873738,-34.402959716615236],[-59.394541171831222,-34.403230143061336],[-59.395193692508414,-34.403233370679573],[-59.395191746539119,-34.403503797146072],[-59.395844269419236,-34.403507021316777],[-59.395842325523212,-34.40377744780367],[-59.39551606302058,-34.403775836137086],[-59.395514118049029,-34.404046262595649],[-59.395840381601268,-34.404047874278447],[-59.395838437653424,-34.404318300741167],[-59.39551217305155,-34.40431668904214],[-59.395479104128214,-34.408913936785602],[-59.395805386575972,-34.408915548760405],[-59.39579760876358,-34.409997253669651],[-59.396123895436872,-34.409998864839139],[-59.396121951968937,-34.410269291052487],[-59.396448239718069,-34.41027090136798],[-59.396444354804416,-34.410811753790853],[-59.39677064467935,-34.410813363268502],[-59.396764820264693,-34.411624641860875],[-59.397091113315497,-34.411626250516861],[-59.397087232343083,-34.412167102883785],[-59.397413527519809,-34.412168710701856],[-59.397411588044868,-34.412439136883393],[-59.397737884297499,-34.412440743847355],[-59.397734007370204,-34.412981596206549],[-59.398060305748828,-34.412983202332562],[-59.398056430818414,-34.413524054675769],[-59.398382731323053,-34.413525659963781],[-59.398378858389627,-34.414066512291029],[-59.398705161020338,-34.414068116740985],[-59.398703225565058,-34.414338542902641],[-59.399029529271715,-34.414340146498404],[-59.39902759484081,-34.414610572664131],[-59.399680204431796,-34.414613777276799],[-59.399678272075469,-34.414884203462705],[-59.400657189805578,-34.41488900390226],[-59.400655260574091,-34.415159430124433],[-59.400981567585767,-34.415161028546279],[-59.400975782887727,-34.41597230718854],[-59.400649472725391,-34.415970708718426],[-59.400647543391059,-34.416241134892275],[-59.400321232204156,-34.416239535535645],[-59.400307718791773,-34.418132518301924],[-59.400634037330818,-34.418134117771203],[-59.400630178225043,-34.418674969913674],[-59.400956498890544,-34.418676568544669],[-59.400954570349484,-34.418946994613869],[-59.401933535651324,-34.418951785332041],[-59.401931610235771,-34.419222211437408],[-59.402257933104814,-34.41922380661849],[-59.402256008714019,-34.419494232727821],[-59.402582332659115,-34.419495827054448],[-59.402576562484228,-34.420307105358134],[-59.40225023538779,-34.420305510983383],[-59.402234838722663,-34.422468919133635],[-59.402561174223337,-34.422470513636753],[-59.402559250575358,-34.422740939617256],[-59.402885587152255,-34.422742533265783],[-59.402883664529249,-34.423012959250229],[-59.403210002182369,-34.423014552044151],[-59.403206158960764,-34.423555404008916],[-59.403532498740738,-34.423556995964226],[-59.40352673686823,-34.4243682738689],[-59.403200393936253,-34.424366681865521],[-59.403198472210207,-34.424637107793565],[-59.402545784321752,-34.424633921142686],[-59.40254001268562,-34.425445198758204],[-59.402213665627684,-34.425443604078609],[-59.402207890608544,-34.426254881537318],[-59.402534240818753,-34.426256476265074],[-59.40253039277929,-34.426797327875938],[-59.402856745116729,-34.426798921765013],[-59.402852899076358,-34.42733977335967],[-59.403179253541069,-34.427341366410054],[-59.403177331533286,-34.427611792205269],[-59.404156398233567,-34.427616566179765],[-59.404152560446342,-34.4281574178301],[-59.404478918165999,-34.428159007445345],[-59.404477000284913,-34.428429433268398],[-59.404803359081015,-34.428431022028811],[-59.404801442225271,-34.428701447855779],[-59.405454161995912,-34.42870462279609],[-59.405452247216438,-34.428975048642911],[-59.40577860819095,-34.42897663482281],[-59.405776694436909,-34.429247060673539],[-59.406103056487851,-34.429248645998527],[-59.406101143759251,-34.429519071853143],[-59.406427506886629,-34.42952065632322],[-59.406419859921236,-34.430602359684684],[-59.406746227277999,-34.43060394334767],[-59.406744316523991,-34.430874369173779],[-59.407070684957233,-34.430875951981804],[-59.407068775228772,-34.431146377811764],[-59.408047883834271,-34.431151121058129],[-59.408045977233478,-34.431421546923751],[-59.410004201436394,-34.43143100999724],[-59.410006101730886,-34.431160584036405],[-59.410658841232518,-34.431163731395237],[-59.410656943040102,-34.431434157387727],[-59.411309684745007,-34.431437301294551],[-59.411307788629422,-34.431707727306609],[-59.411960532537506,-34.431710867761367],[-59.41195863849881,-34.431981293792944],[-59.412285011541798,-34.431982862729718],[-59.412283118528947,-34.432253288765018],[-59.413588615157416,-34.432259555865791],[-59.413586726323743,-34.432529981952079],[-59.413913101594929,-34.432531546565642],[-59.413911213787216,-34.432801972655597],[-59.414563966507281,-34.432805099301326],[-59.414565852212775,-34.43253467317993],[-59.415544978327965,-34.432539356569173],[-59.415546860854988,-34.43226893038856],[-59.416199609621685,-34.432272048261915],[-59.416201490021443,-34.432001622037866],[-59.416527863391288,-34.432003179652447],[-59.416531622013451,-34.431462327136821],[-59.416205250745747,-34.431460769553567],[-59.416209011369851,-34.430919917020987],[-59.41653538053545,-34.430921474572877],[-59.416537259758883,-34.430651048272821],[-59.416863627898522,-34.43065260493816],[-59.416865506045895,-34.430382178610358],[-59.417518240298207,-34.430385289297014],[-59.41752011631857,-34.430114862925855],[-59.418172848568901,-34.430117970097712],[-59.418174722462282,-34.429847543683216],[-59.418501087573922,-34.429849095947205],[-59.418502960391358,-34.429578669505034],[-59.418829324477016,-34.429580220882535],[-59.418831196218534,-34.42930979441266],[-59.419483922362701,-34.42931289452391],[-59.41948579197738,-34.429042468010792],[-59.419812154035917,-34.429044016744555],[-59.419814022574762,-34.428773590203761],[-59.420140383607261,-34.428775138051101],[-59.420155322614697,-34.426611725165792],[-59.420481675265144,-34.426613272017782],[-59.420513397506411,-34.422016016807405],[-59.420839732319948,-34.422017562524182],[-59.420843461774737,-34.421476708709626],[-59.420517129062333,-34.421475163023942],[-59.420522726209725,-34.42066388225826],[-59.420196396673745,-34.420662335748673],[-59.420198263390311,-34.420391908818203],[-59.42052459187579,-34.420393455312237],[-59.420530188724818,-34.419582174401754],[-59.420856514083759,-34.41958371997854],[-59.420858378599938,-34.419313292968702],[-59.421184702933274,-34.419314837659414],[-59.421192156547896,-34.418233129437162],[-59.421518476704463,-34.418234673195201],[-59.421522201262036,-34.417693818980624],[-59.421848519342667,-34.417695361837133],[-59.421852241700314,-34.417154507543209],[-59.422178557705081,-34.417156049498189],[-59.422184137904594,-34.416344767920272],[-59.422510450783264,-34.416346308958261],[-59.422514168691798,-34.415805454481642],[-59.422840479494688,-34.415806994618208],[-59.42284605302099,-34.414995712766256],[-59.423172360697947,-34.414997251985952],[-59.423179787518997,-34.413915542619165],[-59.423506091019959,-34.413917080906522],[-59.423517224208553,-34.412294516401495],[-59.42384352143354,-34.412296053725662],[-59.423856501678301,-34.410403061145878],[-59.424182791577849,-34.4104045974915],[-59.424190204117131,-34.409322887118634],[-59.424516489841579,-34.409324422532194],[-59.424520193863223,-34.40878356724248],[-59.424193910238586,-34.408782031859822],[-59.424197616261274,-34.408241176552728],[-59.423545053285601,-34.408238103238716],[-59.42354319818687,-34.408508530867358],[-59.423216915686233,-34.408506992889599],[-59.423215059512891,-34.408777420490701],[-59.422562492486101,-34.408774341893668],[-59.42256063418823,-34.409044769451711],[-59.421908065160707,-34.409041687342913],[-59.421906204738228,-34.409312114857869],[-59.421579919211759,-34.40931057248266],[-59.421578057714584,-34.409580999970011],[-59.421251771162979,-34.409579456709061],[-59.421249908591065,-34.409849884168821],[-59.420923621014325,-34.409848340022101],[-59.420921757367644,-34.410118767454279],[-59.420595468765804,-34.410117222421782],[-59.420593604044313,-34.410387649826333],[-59.419941024815273,-34.410384557119535],[-59.419939157968983,-34.410654984480885],[-59.41961286734179,-34.410653436806548],[-59.419609131474537,-34.411194291461911],[-59.419282838772247,-34.411192742886158],[-59.41928096975127,-34.411463170180149],[-59.418954676023873,-34.411461620718541],[-59.418952805927951,-34.411732047984863],[-59.418626511175432,-34.411730497637372],[-59.418622768808703,-34.412271352102657],[-59.41829647198103,-34.41226980085365],[-59.418294599710194,-34.412540228052563],[-59.417968301857385,-34.412538675917631],[-59.4179589348783,-34.413890811653154],[-59.418285237981678,-34.413892363866189],[-59.418270257918465,-34.416055780540511],[-59.417943946413423,-34.416054228202505],[-59.417940199047514,-34.41659508221916],[-59.417613885466892,-34.416593528979462],[-59.417606386234148,-34.417675236805465],[-59.417932704016053,-34.417676790107677],[-59.417930830195751,-34.417947217049637],[-59.418257149052991,-34.417948769496995],[-59.418255276258087,-34.418219196442507],[-59.418581596190627,-34.418220748035019],[-59.418574108963057,-34.419302455758867],[-59.417921460719683,-34.419299351578424],[-59.417919586749548,-34.419569778447979],[-59.417593261614876,-34.41956822503635],[-59.417591386569306,-34.419838651878194],[-59.417265060409171,-34.419837097580391],[-59.417266936505186,-34.419566670754165],[-59.4169406114205,-34.419565115601458],[-59.416938734274034,-34.419835542412031],[-59.416612408163921,-34.419833986373121],[-59.41661052994197,-34.420104413155947],[-59.416284202806423,-34.420102856230827],[-59.41627856483894,-34.42091413645992],[-59.415625904340025,-34.420911019903954],[-59.415624022866389,-34.421181446591476],[-59.414971360366749,-34.421178326521783],[-59.414973243941411,-34.420907899865632],[-59.414320583643196,-34.420904776345033],[-59.414322469293779,-34.420634349708259],[-59.414975127490969,-34.420637473197438],[-59.414977011015452,-34.420367046517171],[-59.415303339101222,-34.420368606940201],[-59.415305221550099,-34.420098180232159],[-59.415631548610477,-34.420099739768943],[-59.415639073953393,-34.419018032753286],[-59.415312751094788,-34.419016473279285],[-59.415314633418241,-34.41874604651089],[-59.415640955226436,-34.418747605969202],[-59.415642836474404,-34.41847717917306],[-59.415969157257294,-34.418478737745168],[-59.415967277059707,-34.418749164557013],[-59.416293598918045,-34.418750722274304],[-59.416295478065216,-34.418480295446791],[-59.416621798898205,-34.418481852277893],[-59.416631189006758,-34.417129717880997],[-59.416304873425553,-34.417128161128225],[-59.416306752422479,-34.416857734228309],[-59.415980437916609,-34.41685617662074],[-59.415984197935948,-34.41631532281604],[-59.415657885555731,-34.416313764369399],[-59.415659766578081,-34.416043337464622],[-59.415333455273185,-34.416041778163255],[-59.415337219343193,-34.415500924348905],[-59.415010910163858,-34.4154993642085],[-59.41501279321146,-34.41522893729892],[-59.414686485107488,-34.415227376303818],[-59.414682716886702,-34.415768230079493],[-59.414356406707363,-34.415766668182556],[-59.414346980464636,-34.417118802331949],[-59.414673295895383,-34.417120364307451],[-59.414671411621789,-34.417390791116837],[-59.414018778684763,-34.417387666263899],[-59.414016892285375,-34.417658093029765],[-59.413690574804235,-34.417656529281878],[-59.413692462253955,-34.417386102531736],[-59.4133661458483,-34.417384537929095],[-59.413368034323192,-34.417114111182656],[-59.412715403688026,-34.417110979397506],[-59.412721075263441,-34.416299699180257],[-59.412394763134522,-34.416298132029311],[-59.412406111906513,-34.414675571363603],[-59.412732417734034,-34.414677138419911],[-59.41273808862924,-34.413865857876814],[-59.412411785952209,-34.413864290867814],[-59.412415568523308,-34.413323437143617],[-59.412089267971744,-34.413321869295821],[-59.412091160269604,-34.413051442431396],[-59.412743759297726,-34.413054577225104],[-59.412739978877262,-34.413595431004971],[-59.413066280529328,-34.413596997127875],[-59.413064391331453,-34.413867424015464],[-59.413390694058876,-34.413868989283763],[-59.413388805885965,-34.41413941617504],[-59.413715109688681,-34.414140980588748],[-59.413711335367751,-34.414681834366597],[-59.41403764129597,-34.41468339794141],[-59.414043299589146,-34.413872117209323],[-59.413716996811438,-34.413870553681726],[-59.413718883909034,-34.413600126762617],[-59.413392582206598,-34.413598562380422],[-59.413394470329173,-34.413328135464987],[-59.413068169702029,-34.413326570228193],[-59.413073837069099,-34.412515289456799],[-59.413400134545924,-34.412516854646327],[-59.413402022567851,-34.412246427682661],[-59.414380911999089,-34.412251117982208],[-59.414382796845693,-34.411980690959247],[-59.415035387825355,-34.411983813442717],[-59.415037270546748,-34.411713386376256],[-59.41536356502418,-34.411714946296875],[-59.415367328291659,-34.41117409209636],[-59.415693620694114,-34.411175651115293],[-59.415695501240236,-34.410905223981253],[-59.416021792617762,-34.410906782114232],[-59.416023672088826,-34.410636354952437],[-59.416349962441416,-34.410637912199498],[-59.416351840837457,-34.410367485009978],[-59.416678130165103,-34.410369041371112],[-59.416680007486157,-34.410098614153846],[-59.417332584116558,-34.410101724234146],[-59.417334459312691,-34.409831296973508],[-59.417660746615446,-34.409832850692666],[-59.417662620736664,-34.409562423404331],[-59.417988907014454,-34.409563976237649],[-59.417990780060762,-34.40929354892161],[-59.418317065313609,-34.40929510086908],[-59.418320809231545,-34.408754246169586],[-59.418647092409529,-34.408755797215647],[-59.418648963281214,-34.408485369832185],[-59.418975245434247,-34.408486919992448],[-59.418977115231122,-34.408216492581317],[-59.419303396359211,-34.408218041855818],[-59.419307133778517,-34.407677186966175],[-59.419633412831828,-34.407678735339331],[-59.419637148051876,-34.40713788037025],[-59.419963425030431,-34.407139427842111],[-59.419967158051371,-34.406598572793627],[-59.420293432955226,-34.406600119364214],[-59.420299029150797,-34.405788836654303],[-59.42062530093024,-34.405790382308105],[-59.420632757977465,-34.404708671797074],[-59.420306490396833,-34.404707126205508],[-59.420308355646192,-34.404436698563138],[-59.419982089140092,-34.404435152117081],[-59.419983955414267,-34.404164724478221],[-59.419657689982699,-34.404163177177686],[-59.419659557281634,-34.403892749542329],[-59.419333292924598,-34.403891201387346],[-59.419335161248256,-34.403620773755506],[-59.418682634708148,-34.403617674866638],[-59.41868450510615,-34.403347247253933],[-59.418358242923084,-34.40334569652007],[-59.418360114345759,-34.403075268910904],[-59.418033853237226,-34.403073717322648],[-59.418035725684561,-34.402803289717042],[-59.417709465650574,-34.402801737274402],[-59.417711339122512,-34.402531309672355],[-59.417385080163065,-34.402529756375372],[-59.417386954659584,-34.402259328776886],[-59.417060696774669,-34.402257774625568],[-59.417062572295755,-34.401987347030662],[-59.416736315485387,-34.401985792025002],[-59.416738192031012,-34.401715364433684],[-59.416085680584359,-34.401712251843811],[-59.416087559203994,-34.401441824271764],[-59.415435049956521,-34.401438708233414],[-59.41543693065011,-34.401168280680672],[-59.415110677113475,-34.401166721372292],[-59.415112558831488,-34.400896293823166],[-59.414460053932395,-34.400893172627953],[-59.414461937724269,-34.400622745098183],[-59.413156932425345,-34.400616492331565],[-59.413155044435591,-34.400886919798403],[-59.412828792124273,-34.400885354416189],[-59.412826903059873,-34.401155781855202],[-59.412500649724223,-34.40115421558729],[-59.412498759585169,-34.40142464299845],[-59.412172505225243,-34.401423075844853],[-59.412168722772506,-34.401963930599443],[-59.411842466338726,-34.401962362544289],[-59.411838681686092,-34.402503217219071],[-59.411512423178465,-34.402501648262401],[-59.411510529764747,-34.402772075565878],[-59.411184270232766,-34.40277050572341],[-59.411182375744254,-34.403040932999033],[-59.410856115187954,-34.403039362270782],[-59.410850428422087,-34.403850643977826],[-59.411176692127199,-34.403852214753513],[-59.411172902922907,-34.404393069196146],[-59.411825434607422,-34.404396208200659],[-59.411821649500808,-34.404937062658199],[-59.41214791748024,-34.40493863088696],[-59.412144134372134,-34.405479485327817],[-59.412470404476181,-34.405481052718081],[-59.41246851393403,-34.405751479936178],[-59.412794785112986,-34.405753046472114],[-59.412791006052593,-34.406293900903648],[-59.4131172793562,-34.406295466601023],[-59.413115390837994,-34.406565893814452],[-59.413441665216538,-34.406567458657449],[-59.413439777722935,-34.40683788587458],[-59.414418604158776,-34.406842575230129],[-59.414420488503048,-34.406572147965811],[-59.414746762982141,-34.40657370932837],[-59.414742996368041,-34.407114563876348],[-59.415069272971792,-34.407116124400204],[-59.415063626011865,-34.407927406178807],[-59.415389905790157,-34.407928965879627],[-59.415386143124472,-34.408469820369753],[-59.415712425027543,-34.408471379231777],[-59.415706783990657,-34.409282660923544],[-59.415380498937907,-34.409281102014425],[-59.4153767360215,-34.40982195638388],[-59.415050448893972,-34.409820396573188],[-59.415048566348212,-34.410090823724126],[-59.414722278195839,-34.410089263027466],[-59.414720394575028,-34.410359690150635],[-59.414394105397783,-34.410358128568049],[-59.414397874714219,-34.409817274341094],[-59.414724161791547,-34.40981883589226],[-59.414726045362158,-34.409548408744953],[-59.415052331414643,-34.409549969410179],[-59.415054213910217,-34.409279542235133],[-59.414727928907659,-34.40927798158561],[-59.414731695923351,-34.408737127230694],[-59.414405413045657,-34.408735565742425],[-59.414403528500479,-34.409005992910188],[-59.41342467686848,-34.409001303177043],[-59.413426564563331,-34.408730876056467],[-59.411795150929464,-34.408723042509564],[-59.411793257985167,-34.408993469551277],[-59.411466974284124,-34.408991900215568],[-59.411465080264705,-34.409262327229428],[-59.411138795539017,-34.409260757007694],[-59.411136900444454,-34.4095311839937],[-59.410810614694093,-34.409529612885969],[-59.410808718524343,-34.409800039844079],[-59.410482431749323,-34.409798467850322],[-59.410480534504359,-34.410068894780551],[-59.410154246704707,-34.410067321900748],[-59.410150450038984,-34.410608175693319],[-59.408519000920812,-34.410600298082343],[-59.408528518643827,-34.409248163906781],[-59.408202234145946,-34.409246585853282],[-59.408207947625002,-34.408435305250748],[-59.407881666302131,-34.408433726374732],[-59.407887382702285,-34.407622445711254],[-59.407561104554333,-34.40762086601277],[-59.407563011020073,-34.407350439116691],[-59.406584179878166,-34.407345694848075],[-59.406580360622364,-34.407886548532616],[-59.40625408152632,-34.407884965337615],[-59.406250260069022,-34.408425818942014],[-59.405923978898748,-34.408424234844965],[-59.405920155239855,-34.408965088369207],[-59.406246438509875,-34.408966672498146],[-59.406240705980167,-34.409777952741806],[-59.406893278896071,-34.409781118484716],[-59.406891370101761,-34.410051545240343],[-59.407543945219302,-34.410054707534208],[-59.40753631818751,-34.411136414563273],[-59.407862609984285,-34.411137994468483],[-59.407841645101172,-34.41411268797755],[-59.407515341753545,-34.414111107897433],[-59.407507713196928,-34.4151928142023],[-59.407834020745298,-34.415194394346024],[-59.407830208414943,-34.415735247457846],[-59.408156518089157,-34.415736826762959],[-59.40815461293613,-34.416007253316636],[-59.408480923685964,-34.41600883176725],[-59.408479019557817,-34.416279258324757],[-59.409131643234147,-34.416282412646453],[-59.409129741181154,-34.416552839223634],[-59.409456054107643,-34.416554415094701],[-59.409454153079587,-34.416824841675684],[-59.409780467081681,-34.41682641669216],[-59.409778567078604,-34.417096843276916],[-59.410104882156332,-34.41709841743878],[-59.410102983178241,-34.417368844027315],[-59.410429299331604,-34.417370417334567],[-59.410423605396538,-34.418181697075212],[-59.410749924726211,-34.418183269559492],[-59.410746130743803,-34.418724122691223],[-59.411072452199541,-34.418725694336651],[-59.411070556220814,-34.418996120900218],[-59.411396878752214,-34.41899769169094],[-59.411393088819793,-34.419538544813506],[-59.411719413477293,-34.41954011476529],[-59.4117099434567,-34.420892247439461],[-59.412036273391806,-34.420893816599687],[-59.412030594228142,-34.42170509610672],[-59.412356927340078,-34.421706664443704],[-59.41235881936931,-34.421436237937655],[-59.412685151455925,-34.42143780538828],[-59.412683260477216,-34.421708231910102],[-59.413009593639558,-34.421709798505873],[-59.41301337347069,-34.4211689454186],[-59.413339704557139,-34.421170511112265],[-59.413337815704715,-34.421440937677694],[-59.413664147866889,-34.421442502516527],[-59.413662260039807,-34.421712929085608],[-59.413988593277679,-34.42171449306958],[-59.41398481964923,-34.422255346203045],[-59.413658484310218,-34.422253782187603],[-59.413656596407677,-34.422524208720489],[-59.413330260043239,-34.422522643818681],[-59.413322703979013,-34.423604349766556],[-59.413649044545927,-34.423605914731354],[-59.413645268464087,-34.424146767664361],[-59.413971611157507,-34.424148331789972],[-59.413969724129515,-34.424418758254106],[-59.414296067898761,-34.424420321524785],[-59.414294181896345,-34.424690747992578],[-59.415273216506911,-34.424695432627544],[-59.415271333631509,-34.42496585913041],[-59.415597679602634,-34.424967418949691],[-59.415593915877984,-34.425508271950619],[-59.415920263975678,-34.425509830930565],[-59.415916502252244,-34.426050683914589],[-59.415590152053056,-34.426049124903265],[-59.415584506127516,-34.426860404241715],[-59.415258152801009,-34.426858844312548],[-59.415254386623573,-34.427399697113103],[-59.414601675842505,-34.427396574579653],[-59.41459979061446,-34.427667000930406],[-59.414273434210742,-34.427665438341762],[-59.414271547906672,-34.427935864664732],[-59.413618833072952,-34.427932736843609],[-59.413616944641994,-34.428203163123023],[-59.413290586211993,-34.428201597890492],[-59.41328869670496,-34.428472024142096],[-59.412635977818709,-34.428468891033091],[-59.412632194525465,-34.429009743437007],[-59.412305833018323,-34.429008175544716],[-59.412302047522346,-34.429549027868816],[-59.411975683938529,-34.429547459074094],[-59.411971896239699,-34.43008831131835],[-59.411645530579186,-34.430086741621203],[-59.411641740677432,-34.430627593785566],[-59.410989005228167,-34.430624451715424],[-59.410990902293698,-34.430354025670908],[-59.411317268954676,-34.430355597125605],[-59.411324852760096,-34.429273892763504],[-59.41099849030298,-34.429272321372046],[-59.411007974745793,-34.427920190726859],[-59.410681617568507,-34.427918618543657],[-59.410683515432105,-34.427648192394209],[-59.41133622771023,-34.427651335858208],[-59.411341914844229,-34.4268400572426],[-59.411994620918385,-34.426843197128633],[-59.411998408011534,-34.426302344594681],[-59.412324758984845,-34.426303913199966],[-59.41232854387551,-34.425763060586171],[-59.412002195003723,-34.425761492012455],[-59.412005981895,-34.425220639381919],[-59.411679635149945,-34.42521906996906],[-59.411681529608444,-34.424948643651476],[-59.410702492677011,-34.42494393023599],[-59.410700595066338,-34.425214356506132],[-59.410047901803672,-34.425211209843937],[-59.410046002066217,-34.425481636070351],[-59.409719654422119,-34.425480061417339],[-59.409717753608611,-34.425750487615836],[-59.409391404939079,-34.425748912076244],[-59.409389503049461,-34.426019338246803],[-59.408736803684945,-34.426016184523689],[-59.408732995626529,-34.426557036765139],[-59.408406643880753,-34.426555458565709],[-59.408410454040748,-34.42601460635602],[-59.408084104421938,-34.426013027317616],[-59.408086010514602,-34.425742601210551],[-59.407759661971966,-34.425741021317286],[-59.407763476182616,-34.42520016909873],[-59.407437129766862,-34.425198588366555],[-59.407439037884778,-34.424928162255071],[-59.407112692545169,-34.4249265806681],[-59.407120328965313,-34.423844876165141],[-59.406793987853909,-34.423843293771142],[-59.40679971805379,-34.423032015314924],[-59.406473380119735,-34.423030432098066],[-59.406475291186077,-34.422760005937768],[-59.404517270420776,-34.422750488448919],[-59.404519187765189,-34.422480062372337],[-59.405824530637673,-34.422486410783563],[-59.405826443754222,-34.422215984631016],[-59.40615277848552,-34.422217569541324],[-59.406154690526009,-34.421947143360761],[-59.407133691721086,-34.421951892820175],[-59.407137509422341,-34.421411040327243],[-59.407463841103841,-34.42141262170734],[-59.407477194903571,-34.419519637490467],[-59.407150870575471,-34.419518056221754],[-59.407152779209888,-34.419247629872693],[-59.406826455957642,-34.419246047749382],[-59.406828365617031,-34.418975621404172],[-59.406502043440646,-34.418974038426271],[-59.406503954124993,-34.418703612084897],[-59.405851311949412,-34.418700443549454],[-59.40585322470907,-34.418430017227912],[-59.405526904709902,-34.418428431670392],[-59.405528818494432,-34.41815800535273],[-59.405202499571125,-34.418156418940683],[-59.405206329164365,-34.41761556630108],[-59.404880012367286,-34.417613979050486],[-59.404881928175946,-34.41734355272856],[-59.404555612454736,-34.417341964623489],[-59.40455944609608,-34.416801111975367],[-59.40423313250102,-34.416799523031806],[-59.404238885922268,-34.415988244017058],[-59.403912575503576,-34.415986654251057],[-59.403914494309802,-34.415716227904674],[-59.403588184966907,-34.41571463728426],[-59.40359202460305,-34.415173784587274],[-59.403265717386198,-34.415172193128498],[-59.403271479799095,-34.414360914040536],[-59.40294517575839,-34.414359321759449],[-59.402949019339303,-34.413818469005818],[-59.4032753212797,-34.413820061254853],[-59.403279162657924,-34.413279208420889],[-59.403605462523679,-34.413280799767549],[-59.403611221248781,-34.412469520378032],[-59.40393751798986,-34.412471110806358],[-59.403952865064461,-34.410307698441798],[-59.403626576723461,-34.410306108141526],[-59.403638092255186,-34.408683548457169],[-59.403964374296692,-34.408685138661404],[-59.403970128567678,-34.407873858608269],[-59.404296407485198,-34.407875447894341],[-59.404298324474581,-34.407605021169829],[-59.403972046606896,-34.407603431899744],[-59.403973964620533,-34.407333005179147],[-59.402342580914819,-34.407325045856737],[-59.402344504151877,-34.407054619204182],[-59.402670779792025,-34.407056212792888],[-59.402672701953669,-34.406785786112245],[-59.403651525878409,-34.406790561609547],[-59.403653444865149,-34.406520134868742],[-59.403979718508133,-34.406521724944952],[-59.403981636419537,-34.406251298176088],[-59.40430790903833,-34.406252887366193],[-59.404309825874442,-34.405982460569248],[-59.404636097469044,-34.405984048873286],[-59.404645676017928,-34.404631914627593],[-59.404971942389565,-34.404633501981642],[-59.404970027780536,-34.404903928870887],[-59.405948830197509,-34.404908685760617],[-59.405950741657541,-34.404638258823496],[-59.407255807704743,-34.404644589098609],[-59.407257714940677,-34.404374162085688],[-59.407583980466391,-34.404375742463465],[-59.40758588662726,-34.404105315422576],[-59.407912151128755,-34.404106894914399],[-59.407914056214601,-34.403836467845537],[-59.408240319691835,-34.40383804645144],[-59.408242223702672,-34.403567619354625],[-59.408568486155666,-34.403569197074624],[-59.408572292002013,-34.403028342813023],[-59.408898552381181,-34.40302991963128],[-59.408900454216742,-34.402759492466508],[-59.409226713571677,-34.402761068398881],[-59.409230515067669,-34.40222021400141],[-59.409556772348822,-34.402221789032104],[-59.409558672009275,-34.401951361799412],[-59.409884928266223,-34.40195293594428],[-59.409886826851846,-34.401682508683706],[-59.410213082084567,-34.401684081942754],[-59.410216877080899,-34.401143227353707],[-59.410543130239901,-34.401144799711162],[-59.410546923036144,-34.400603945042164],[-59.410873174121484,-34.400605516498054],[-59.410876964717751,-34.400064661749155],[-59.411203213729451,-34.400066232303523],[-59.411212684531094,-34.398714095141059],[-59.410886440766369,-34.398712524665754],[-59.410892126092449,-34.397901242270876],[-59.410565885500993,-34.397899670973167],[-59.410569677690724,-34.397358816014567],[-59.410243439223137,-34.397357243878666],[-59.410247233410338,-34.396816388903467],[-59.4099209970666,-34.396814815929417],[-59.409924793251164,-34.396273960937599],[-59.40959855903121,-34.396272387125435],[-59.409602357213032,-34.395731532117061],[-59.409276125116833,-34.395729957466834],[-59.40927422498936,-34.396000384961205],[-59.408621758774522,-34.395997233019735],[-59.408619856523266,-34.396267660470301],[-59.408293622404642,-34.39626608317905],[-59.408291719078804,-34.396536510601692],[-59.407965483936316,-34.396534932424771],[-59.40796357953586,-34.396805359819446],[-59.40763734336948,-34.396803780756841],[-59.407633532393888,-34.397344635478206],[-59.407307294154371,-34.397343055514007],[-59.407305387579171,-34.39761348284069],[-59.406979148315777,-34.39761190199075],[-59.406971517563626,-34.39869361111316],[-59.40664527412833,-34.398692029329716],[-59.406637638771841,-34.399773738195343],[-59.406311391164451,-34.399772155478317],[-59.406309481212304,-34.400042582648624],[-59.405983232580951,-34.400040999045764],[-59.405981321553917,-34.400311426188075],[-59.405655071898593,-34.400309841699375],[-59.405653159796643,-34.400580268813641],[-59.405326909117356,-34.400578683439079],[-59.405319256256831,-34.401660391711673],[-59.404666746578911,-34.401657218225033],[-59.404668661931296,-34.401386791206924],[-59.404342408180113,-34.401385203174662],[-59.404340491778221,-34.401655630176784],[-59.404014237003089,-34.401654041258567],[-59.404016154454474,-34.401383614272468],[-59.403689900754394,-34.401382024500315],[-59.403687982253508,-34.401652451470426],[-59.402709218158222,-34.401647676886284],[-59.402701531304587,-34.402729384453856],[-59.403027790175557,-34.402730976915961],[-59.40302586944771,-34.403001403793709],[-59.403352129393838,-34.403002995401842],[-59.403346370205455,-34.403814276010735],[-59.402693844041167,-34.403811091828288],[-59.402695765895444,-34.403540665002787],[-59.402369503901348,-34.403539071622575],[-59.402367580997449,-34.403809498432054],[-59.402041317979361,-34.403807904165809],[-59.402043241932859,-34.403537477372367],[-59.401716979989999,-34.403535882252157],[-59.401715054986902,-34.403806309029505],[-59.4013887920201,-34.403804713023206],[-59.401386865941717,-34.404075139772452],[-59.401060601950967,-34.404073542880063],[-59.401058674797277,-34.40434396960115],[-59.400732409782563,-34.404342371822644],[-59.4007266250184,-34.405153651865234],[-59.401052893182097,-34.40515524969198],[-59.401049038643571,-34.405696103025527],[-59.401375308932366,-34.40569770001435],[-59.401373382674279,-34.405968126679092],[-59.402025925428312,-34.405971318078635],[-59.402024001244037,-34.406241744763427],[-59.401697728804464,-34.406240149482628],[-59.40169580354479,-34.406510576139304],[-59.402022077034125,-34.406512171436134],[-59.402020152798571,-34.40678259809679],[-59.401367603746039,-34.406779406600876],[-59.401369530081126,-34.406508979972358],[-59.400716983230822,-34.406505785028145],[-59.400718911639736,-34.406235358419714],[-59.400066366991723,-34.40623216002728],[-59.400070227931366,-34.405691306838563],[-59.3997439577454,-34.405689706369429],[-59.399757477571406,-34.403796719941468],[-59.400083740409727,-34.403798320297859],[-59.400079879830237,-34.404339173655544],[-59.400406144793543,-34.404340773174127],[-59.400411932475308,-34.403529493071161],[-59.400738194315451,-34.403531091671425],[-59.400742050542235,-34.402990238176905],[-59.401068310308894,-34.402991835874992],[-59.401079872075336,-34.401369275005322],[-59.401406125570496,-34.401370871736965],[-59.40141382870334,-34.400289164184827],[-59.401087579406031,-34.400287567517459],[-59.4010895061745,-34.400017140615304],[-59.40076325795232,-34.400015543094113],[-59.400765185744525,-34.399745116195987],[-59.400438938597446,-34.399743517820987],[-59.400440867413373,-34.399473090926875],[-59.400114621341366,-34.39947149169808],[-59.400118480994855,-34.398930637905856],[-59.39979223704735,-34.398929037839387],[-59.399794167884863,-34.398658610941283],[-59.399141682165784,-34.398655408231022],[-59.399139749229555,-34.398925835096897],[-59.398813505359286,-34.398924232420882],[-59.39881543934488,-34.398653805571143],[-59.39848919654974,-34.398652202041397],[-59.398487261514788,-34.398922628874985],[-59.398161017696076,-34.398921024459234],[-59.398162953780378,-34.398650597641783],[-59.397836711036831,-34.398648992372351],[-59.397840585226682,-34.398108138733519],[-59.397514344607615,-34.398106532626564],[-59.397518220792811,-34.397565678971823],[-59.397844459313269,-34.397567285046463],[-59.397846396317838,-34.397296858184809],[-59.397520158846682,-34.397295252126341],[-59.397522096874717,-34.397024825268794],[-59.397848333296608,-34.397026431311076],[-59.397850270249563,-34.396756004425278],[-59.398176505648003,-34.396757609581627],[-59.398178441525893,-34.396487182667606],[-59.398504675900902,-34.396488786938001],[-59.398510480232133,-34.395677506075096],[-59.398184249004764,-34.395675901853139],[-59.398186184779462,-34.395405474890836],[-59.398512414957629,-34.395407079096643],[-59.398514349657368,-34.395136652106132],[-59.397861891425137,-34.39513344285708],[-59.397863828197401,-34.394863015886791],[-59.398190056251444,-34.394864620930036],[-59.398191991948742,-34.394594193931518],[-59.39786576494383,-34.394592588904452],[-59.39787157502829,-34.393781307884979],[-59.398197798885853,-34.393782912863564],[-59.398205541107522,-34.392701204604016],[-59.399510420010465,-34.392707615563353],[-59.399512351305269,-34.392437188403747],[-59.399838570046342,-34.392438788953342],[-59.399840500266379,-34.392168361765549],[-59.400166717984177,-34.392169961429381],[-59.400168647129469,-34.391899534213422],[-59.400494863823958,-34.391901132991514],[-59.400496791894568,-34.391630705747389],[-59.401149223262642,-34.391633900662519],[-59.401151149209568,-34.391363473374156],[-59.401477363883146,-34.39136506951121],[-59.401479288755439,-34.39109464219473],[-59.401805502405708,-34.391096237446114],[-59.401807426203398,-34.390825810101504],[-59.402133638830328,-34.390827404467238],[-59.402137484250957,-34.390286549709693],[-59.402463694805654,-34.390288143173741],[-59.402467538025981,-34.389747288335847],[-59.402141329569105,-34.389745694903887],[-59.402147097354103,-34.388934412604648],[-59.401820892069473,-34.388932818351265],[-59.401822815662065,-34.388662390910106],[-59.401496611451883,-34.38866079580324],[-59.401500460657822,-34.388119940916837],[-59.401174258570933,-34.388118344972575],[-59.40117618418423,-34.387847917527324],[-59.400849983171796,-34.387846320729672],[-59.400851909808203,-34.387575893288428],[-59.400525709870251,-34.387574295637343],[-59.400529565163559,-34.387033440750827],[-59.400203367348823,-34.387031842262424],[-59.400205296005694,-34.386761414817173],[-59.399879099265377,-34.386759815475401],[-59.399881028945281,-34.386489388034164],[-59.398902442024905,-34.386484584840424],[-59.398900509198839,-34.38675501223328],[-59.398248115949905,-34.386751805724565],[-59.398246181000601,-34.387022233073075],[-59.397593785757337,-34.387019023054165],[-59.397591848684748,-34.38728945035831],[-59.397265650053072,-34.387287844028471],[-59.397263711905879,-34.387558271304371],[-59.396937512251291,-34.387556664088869],[-59.396935573029495,-34.387827091336518],[-59.396609372351946,-34.387825483235339],[-59.396607432055518,-34.388095910454716],[-59.396281230355044,-34.388094301467859],[-59.396279288983941,-34.388364728658964],[-59.395626883563018,-34.388361508044284],[-59.395624940068402,-34.388631935190901],[-59.395298736347954,-34.388630323563085],[-59.395296791778598,-34.388900750681401],[-59.394644382317821,-34.388897524784682],[-59.394636595390274,-34.389979233007388],[-59.394962804303169,-34.389980846455494],[-59.394960858555329,-34.390251273497213],[-59.395287068543063,-34.390252886091993],[-59.395285123818198,-34.390523313137905],[-59.394958912781554,-34.390521700526911],[-59.394956966981852,-34.390792127544486],[-59.39463075492219,-34.390790514047687],[-59.394624914220593,-34.391601794979316],[-59.394298699040007,-34.391600180564147],[-59.394294803011206,-34.392141034425727],[-59.393968585758593,-34.39213941910841],[-59.393962738373595,-34.392950699761464],[-59.393636517999873,-34.3929490835257],[-59.393634567770533,-34.39321951036964],[-59.393308346373736,-34.39321789324795],[-59.393306395069345,-34.393488320063533],[-59.392980172649487,-34.393486702055867],[-59.392976267864491,-34.394027555618266],[-59.392650043372477,-34.394025936708324],[-59.392642229293692,-34.395107643623057],[-59.39231600063119,-34.39510602377819],[-59.392312091337224,-34.395646877130531],[-59.391985860602432,-34.395645256383297],[-59.391974125799962,-34.397267816052626],[-59.391321651817819,-34.397264571753027],[-59.391325567719917,-34.396723718643514],[-59.3909993328665,-34.396722095221691],[-59.391013045046307,-34.394829109072532],[-59.390686817563335,-34.394827484895373],[-59.390690737192308,-34.394286631633939],[-59.390364511833724,-34.394285006619782],[-59.390362550983177,-34.394555433240164],[-59.389710098246155,-34.39455218057001],[-59.389708135271199,-34.394822607145571],[-59.388403225914672,-34.394816091303106],[-59.388401258716961,-34.395086517801005],[-59.387096345583323,-34.395079987977297],[-59.387098316977635,-34.394809561545131],[-59.386772089809007,-34.394807926931335],[-59.386774062226188,-34.394537500503525],[-59.386447836132987,-34.394535865036481],[-59.386449809572994,-34.394265438613076],[-59.386123584555207,-34.394263802292791],[-59.386125559018012,-34.393993375873791],[-59.38579933507566,-34.393991738700279],[-59.385801310561234,-34.393721312285678],[-59.38547508769431,-34.393719674258975],[-59.385477064202639,-34.393449247848771],[-59.385150842411122,-34.393447608968906],[-59.385152819942164,-34.393177182563136],[-59.385479040684622,-34.393178821426531],[-59.385481017140265,-34.392908394992205],[-59.386133456606103,-34.392911670077019],[-59.386131482248551,-34.393182096544315],[-59.38678392391774,-34.393185368183445],[-59.386781951631988,-34.393455794671603],[-59.387434395504428,-34.39345906286497],[-59.387432425290569,-34.39372948937396],[-59.388411094443363,-34.39373438519074],[-59.388413061510001,-34.393463958632466],[-59.389065505644815,-34.393467218129082],[-59.389067470587094,-34.393196791525895],[-59.389719912728516,-34.39320004751103],[-59.389723838338348,-34.392659194202935],[-59.390050057350223,-34.392660820858254],[-59.390052019066879,-34.392390394169723],[-59.390378237055863,-34.392392019939017],[-59.390380197697361,-34.392121593222051],[-59.391032631655698,-34.39212484211901],[-59.391034590173064,-34.391854415357244],[-59.391360806142387,-34.391856038484953],[-59.391362763584695,-34.391585611694794],[-59.391688978531107,-34.391587233936512],[-59.391690934898335,-34.391316807117946],[-59.392017148821871,-34.391318428473745],[-59.392021059380212,-34.39077757476776],[-59.392347271231905,-34.390779195221327],[-59.392349225423054,-34.390508768333916],[-59.392675436251878,-34.390510387901578],[-59.392679342458237,-34.389969534057947],[-59.393005551215246,-34.389971152723419],[-59.393011407182946,-34.389159871818542],[-59.393337612819366,-34.389161489565609],[-59.393345416216789,-34.388079781458295],[-59.393671617683893,-34.388081398270714],[-59.393673567419469,-34.387810971197432],[-59.393999767863768,-34.387812587124081],[-59.394003665159424,-34.387271732908772],[-59.394656061930839,-34.38727496208854],[-59.394658008442214,-34.387004534930277],[-59.394984205818105,-34.387006148199696],[-59.394986151254777,-34.386735721013117],[-59.395312347607856,-34.386737333396823],[-59.395314291969896,-34.386466906181958],[-59.395640487300156,-34.386468517679994],[-59.395642430587579,-34.386198090436814],[-59.395968624895019,-34.386199701049193],[-59.395970567107852,-34.385929273777734],[-59.396296760392488,-34.38593088350445],[-59.39629870153076,-34.385660456204711],[-59.396624893792584,-34.3856620650458],[-59.396626833856303,-34.385391637717802],[-59.396953025095321,-34.385393245673264],[-59.396956903047901,-34.384852390948673],[-59.397283092215467,-34.384853998002363],[-59.397285030104364,-34.384583570605791],[-59.397611218249132,-34.384585176773903],[-59.397613155063588,-34.38431474934908],[-59.397939342185559,-34.384316354631643],[-59.397941277925618,-34.384045927178597],[-59.398267464024762,-34.384047531575618],[-59.398271333330314,-34.38350667660103],[-59.397945149328315,-34.383505072236311],[-59.397952891824161,-34.382423362206879],[-59.397626712042097,-34.382421757037456],[-59.397628648650077,-34.382151329516084],[-59.397302469942339,-34.382149723493491],[-59.397300532285868,-34.382420150998691],[-59.396648172850838,-34.38241693631322],[-59.396646233071507,-34.382687363773968],[-59.395667690967372,-34.382682535177238],[-59.395669633892254,-34.382412107765084],[-59.396321993172094,-34.382415327666493],[-59.396325874750197,-34.381874472741174],[-59.396978229939542,-34.381877689100513],[-59.396980168592833,-34.381607261587376],[-59.397306345177803,-34.381608868446904],[-59.397308282756804,-34.381338440905523],[-59.397634458319139,-34.381340046879593],[-59.397638331302801,-34.380799191728251],[-59.397312157837341,-34.38079758578651],[-59.397317970264488,-34.37998630301751],[-59.396991799970067,-34.379984696255043],[-59.396995676889119,-34.379443841047717],[-59.395364836288493,-34.379435794358749],[-59.395362892600076,-34.379706221887432],[-59.39307970950906,-34.379694919901617],[-59.393077758456151,-34.37996534730442],[-59.392425418567221,-34.379962110309926],[-59.392423465391516,-34.380232537668071],[-59.392097294437704,-34.38023091785066],[-59.392095340187581,-34.380501345180427],[-59.391769168211411,-34.380499724477453],[-59.391765257536193,-34.381040579068149],[-59.391439083489267,-34.381038957463261],[-59.391435170612915,-34.381579811973012],[-59.391108994495148,-34.381578189466175],[-59.391107036969387,-34.381848616686604],[-59.390780859829256,-34.381846993294118],[-59.3907769426025,-34.382387847666102],[-59.390450763391499,-34.382386223371626],[-59.390448803690468,-34.382656650523138],[-59.390122623457053,-34.382655025342963],[-59.390124584206603,-34.382384598207807],[-59.389798405047848,-34.382382972174675],[-59.389804290285149,-34.381571690745865],[-59.390130466298466,-34.381573316729877],[-59.390132426943481,-34.381302889546426],[-59.390458601934476,-34.381304514644796],[-59.390468399525609,-34.379952378464687],[-59.39014222977665,-34.379950753448128],[-59.390144190264898,-34.379680326192265],[-59.389165684319991,-34.379675445976318],[-59.389167647927167,-34.379405018757524],[-59.387862977893803,-34.37939849969937],[-59.387864945668163,-34.379128072534122],[-59.386560280247735,-34.379121539634227],[-59.38655830828003,-34.379391966733671],[-59.385905973630784,-34.379388695035516],[-59.385903999540083,-34.379659122089961],[-59.385577831206582,-34.379657484920564],[-59.385579806345618,-34.379387057882596],[-59.385253639086784,-34.379385419860483],[-59.385251662899385,-34.379655846881953],[-59.384925494618535,-34.379654207974099],[-59.384923517356441,-34.37992463496699],[-59.384597348053575,-34.379922995173416],[-59.384599326364032,-34.379652568197024],[-59.382642317391188,-34.37964271128083],[-59.382640332790572,-34.379913138157967],[-59.381987994581017,-34.379909845532289],[-59.381986007857201,-34.380180272364186],[-59.381659837743754,-34.38017862473091],[-59.381651886390067,-34.381260331871466],[-59.381978060697136,-34.381261979571121],[-59.381970113113411,-34.382343686584882],[-59.381643934612484,-34.382342038818869],[-59.381635982410984,-34.383423745573104],[-59.381962165105996,-34.383425393405467],[-59.381960178037943,-34.383695820080426],[-59.381307810577312,-34.383692523513169],[-59.381305821385631,-34.383962950142873],[-59.380979636646487,-34.383961300538587],[-59.380981626886751,-34.383690873925509],[-59.379676892389902,-34.383684266881303],[-59.379678886797834,-34.383413840322646],[-59.379026521805947,-34.383410531617734],[-59.379028518284379,-34.383140105080329],[-59.378702336876877,-34.383138449440516],[-59.378700339349912,-34.383408875961273],[-59.378374156920479,-34.383407219435441],[-59.378376155496007,-34.383136792931388],[-59.378049974141753,-34.383135135552905],[-59.378051973739154,-34.38286470905345],[-59.376747252782884,-34.382858070913016],[-59.376745248991419,-34.383128497345623],[-59.376419067770556,-34.38312683562048],[-59.376417062903826,-34.383397262024282],[-59.37609088066116,-34.383395599413042],[-59.376078844608159,-34.385018157481888],[-59.376405033142341,-34.385019820193556],[-59.376401023008071,-34.385560672820034],[-59.376727213666257,-34.385562334695763],[-59.376725209607699,-34.385832761007627],[-59.377051401341248,-34.385834422030676],[-59.377047395241384,-34.38637527465162],[-59.37737358909898,-34.386376934838658],[-59.377371587057709,-34.386647361147752],[-59.379654952148215,-34.386658958229518],[-59.37964896788769,-34.387470237434549],[-59.37997516615328,-34.387471890732641],[-59.379971178610866,-34.388012743508931],[-59.379644978247761,-34.388011090177535],[-59.379640988501457,-34.388551942872226],[-59.379967190962191,-34.388553596236903],[-59.379963203207204,-34.389094448916588],[-59.380289407792141,-34.389096101445013],[-59.380287414923636,-34.389366527783395],[-59.380613620583979,-34.38936817945892],[-59.380611628737768,-34.389638605801835],[-59.381264042235813,-34.389641906577523],[-59.381262052460805,-34.389912332941599],[-59.383545507880669,-34.389923858381763],[-59.38353956042355,-34.390735137749608],[-59.38419198278924,-34.390738423005715],[-59.384190002348568,-34.391008849470595],[-59.384516214619943,-34.391010490810793],[-59.38451423520182,-34.391280917280106],[-59.384840448548523,-34.391282557767241],[-59.384838470152978,-34.391552984241002],[-59.384186041388034,-34.391549702364124],[-59.384184060868186,-34.39182012879278],[-59.383857845476321,-34.39181848653341],[-59.383855863881067,-34.392088912933453],[-59.382550998381895,-34.392082335133502],[-59.382549012564205,-34.39235276145525],[-59.382222795206545,-34.392351114814616],[-59.382218821393771,-34.392891967388756],[-59.381892601964537,-34.392890319845314],[-59.381890613969375,-34.393160746097692],[-59.381564393517586,-34.393159097667997],[-59.381560415349661,-34.393699950103326],[-59.381234192826241,-34.393698300770765],[-59.381230212454106,-34.394239153124609],[-59.381556437075723,-34.394240802490373],[-59.381554447898964,-34.394511228665785],[-59.381880673596179,-34.394512877178421],[-59.381882661723807,-34.394242450986425],[-59.382208886398416,-34.394244098612795],[-59.382210873450447,-34.393973672392143],[-59.382863320780878,-34.393976965002651],[-59.382861335827045,-34.394247391256464],[-59.38318756058105,-34.394249036273727],[-59.383185576649879,-34.394519462532038],[-59.38351180247944,-34.394521106696168],[-59.383509819570953,-34.394791532958926],[-59.38383604647607,-34.394793176269893],[-59.383832082678133,-34.395334028792284],[-59.384158311707957,-34.395335671266608],[-59.38415434990273,-34.395876523773744],[-59.383828118774538,-34.395874881266387],[-59.383824154765286,-34.39641573369218],[-59.383497921565102,-34.396414090281951],[-59.383499904632131,-34.396143664091639],[-59.382521208337835,-34.396138728692023],[-59.382523194526058,-34.395868302539334],[-59.381544501617576,-34.39586335936167],[-59.381534554673401,-34.397215489755659],[-59.381208318510801,-34.397213840207243],[-59.381204337448978,-34.397754692247112],[-59.380878099214343,-34.397753041795681],[-59.380876107594347,-34.398023467780881],[-59.377939955235085,-34.398008574426633],[-59.37794195629872,-34.397738148591344],[-59.378268194293973,-34.397739806871073],[-59.378270194281654,-34.397469381007006],[-59.378596431254273,-34.397471038400226],[-59.378598430166051,-34.397200612507412],[-59.378924666116049,-34.397202269014166],[-59.37892666395193,-34.396931843092602],[-59.379579133833289,-34.39693515346341],[-59.379583125228251,-34.396394301517404],[-59.379256892372723,-34.396392646800209],[-59.379262882413286,-34.395581368840588],[-59.378936652731966,-34.395579713303619],[-59.378942645680489,-34.394768435285314],[-59.378616419173248,-34.394766778928627],[-59.378624413594991,-34.393685074801851],[-59.37829819131079,-34.39368341764218],[-59.378304189994587,-34.392872139470349],[-59.37797797088421,-34.392870481491087],[-59.377979971441199,-34.39260005542635],[-59.377327535398479,-34.392596736892258],[-59.377329538026835,-34.392326310848858],[-59.376350887310004,-34.392321326575583],[-59.376346875732501,-34.392862178549962],[-59.376020656782288,-34.392860515352794],[-59.376016642999758,-34.393401367245389],[-59.375690421978213,-34.393399703145064],[-59.375688413997743,-34.393670129056495],[-59.375362191953904,-34.393668464069748],[-59.375360182897616,-34.393938889952338],[-59.375033959831455,-34.393937224079131],[-59.37502993954034,-34.394478075774558],[-59.374703714402777,-34.394476408998116],[-59.374717792296323,-34.392583427970266],[-59.375044010090427,-34.392585094629254],[-59.375048030006504,-34.392044242764776],[-59.374721814310391,-34.392042576139332],[-59.374723825277229,-34.391772150205739],[-59.373418966956855,-34.391765475074983],[-59.373420982092767,-34.391495049196521],[-59.373094768628739,-34.391493378256612],[-59.37310081702212,-34.390682100599221],[-59.372774606731767,-34.39068042884022],[-59.372780658030031,-34.389869151124628],[-59.371802036760393,-34.389864130781739],[-59.371800016541229,-34.390134556648484],[-59.371473808456294,-34.390132881444906],[-59.371471787161305,-34.390403307282682],[-59.371145578054431,-34.390401631192638],[-59.371143555683588,-34.390672057001488],[-59.370817345554741,-34.390670380025021],[-59.370815322108044,-34.390940805804902],[-59.370489110957259,-34.390939127941955],[-59.370483037308468,-34.391750405158476],[-59.370156823037824,-34.391748726375234],[-59.370142642903147,-34.393641706006036],[-59.370468864516923,-34.393643384907548],[-59.370462790058653,-34.394454661761699],[-59.370789014846665,-34.394456339844247],[-59.370784967171126,-34.394997191053726],[-59.371111194084371,-34.394998868300341],[-59.371109171255306,-34.395269293903844],[-59.371761627260945,-34.395272645821642],[-59.371757585718569,-34.395813497059919],[-59.372083815860115,-34.395815171747941],[-59.372081796097731,-34.396085597365811],[-59.37240802731538,-34.396087271200948],[-59.372401971014327,-34.396898548032659],[-59.373054439825637,-34.396901893194688],[-59.373056456521113,-34.396631467562521],[-59.373708923341475,-34.396634809211804],[-59.373710937911632,-34.396364383533928],[-59.374037170312867,-34.396366053037106],[-59.37403515679194,-34.396636478731786],[-59.374361390269236,-34.396638147381999],[-59.374357365245345,-34.397178998768723],[-59.375009836477339,-34.397182333526978],[-59.375005815543219,-34.397723184932545],[-59.375658291079468,-34.397726516278688],[-59.375656282670796,-34.397996941996894],[-59.375982521528364,-34.397998606382025],[-59.375980514142242,-34.398269032104892],[-59.372718116279714,-34.398252348944027],[-59.372720134158861,-34.397981923389096],[-59.371741418471785,-34.397976901529844],[-59.371743439471892,-34.397706476013383],[-59.371417202012665,-34.39770480033755],[-59.371419224035115,-34.39743437482587],[-59.370440514966973,-34.397429342630176],[-59.370438489796719,-34.397699768091201],[-59.370112252445381,-34.397698088936139],[-59.370110226198832,-34.397968514368166],[-59.369783987825201,-34.397966834326404],[-59.369779933152522,-34.398507685120435],[-59.369127452289106,-34.39850432235977],[-59.369125422813561,-34.398774747704806],[-59.368799181373099,-34.398773065002786],[-59.368801211897953,-34.398502639674689],[-59.368474971533878,-34.39850095611979],[-59.368481066093942,-34.397689680113828],[-59.368154828904814,-34.397687995739972],[-59.368160926368965,-34.396876719676158],[-59.367508458367539,-34.396873348420826],[-59.36751252740509,-34.396332497719101],[-59.367186295543469,-34.396330810820729],[-59.367196472908688,-34.394978683939918],[-59.366870246320026,-34.394976996256752],[-59.36689264567611,-34.392002316242788],[-59.367218860725146,-34.392004003739089],[-59.367222930884637,-34.391463152636433],[-59.36754914386286,-34.391464839229172],[-59.367553211815988,-34.39092398804425],[-59.367879422723448,-34.390925673733435],[-59.367885521303094,-34.390114396814567],[-59.368211729090937,-34.390116081583294],[-59.368215792577523,-34.389575230209743],[-59.368541998294695,-34.389576914074986],[-59.368546059575301,-34.389036062619191],[-59.368872263221853,-34.389037745581035],[-59.368878351793342,-34.388226468255951],[-59.369204552320539,-34.388228150297458],[-59.36921063750232,-34.38741687281285],[-59.369536834910257,-34.387418553934104],[-59.369538862201367,-34.387148128064823],[-59.369212665842184,-34.387146446960507],[-59.369214694154998,-34.386876021096064],[-59.368888498871584,-34.386874339139219],[-59.368890528206073,-34.386603913279636],[-59.3685643339984,-34.386602230470288],[-59.368566364354564,-34.386331804615565],[-59.368240171222638,-34.386330120953708],[-59.368242202600406,-34.386059695103874],[-59.367916010544249,-34.386058010589558],[-59.367918042943614,-34.385787584744605],[-59.367591851963198,-34.385785899377815],[-59.367593885384132,-34.385515473537751],[-59.36726769547947,-34.385513787318544],[-59.36727176433731,-34.384972935636114],[-59.366945576557001,-34.384971248581465],[-59.367029007227927,-34.373883779141579],[-59.367355152026704,-34.373885465499939],[-59.367359218553432,-34.373344612778858],[-59.367685361283243,-34.373346298234232],[-59.367689425605562,-34.37280544543092],[-59.36801556626645,-34.372807129983357],[-59.368017597339026,-34.372536703546615],[-59.368343736978993,-34.372538387213119],[-59.368349826890409,-34.371727107779584],[-59.368675963413573,-34.371728790526248],[-59.368680021123403,-34.371187937476293],[-59.369006155577786,-34.37118961932012],[-59.369018321771129,-34.369567059778838],[-59.368692193603955,-34.369565378036604],[-59.368698279479212,-34.368754098153758],[-59.368372154482451,-34.368752415593477],[-59.368378243257659,-34.367941135652771],[-59.368052121431226,-34.367939452274484],[-59.368060243610323,-34.366857745585627],[-59.368386361245925,-34.366859428896113],[-59.368390420077766,-34.366318575445327],[-59.368716535645071,-34.366320257853118],[-59.368720592273441,-34.365779404320172],[-59.369046705772519,-34.365781085825297],[-59.369050760197524,-34.365240232210176],[-59.369376871628376,-34.365241912812706],[-59.369391053932063,-34.363348924660954],[-59.369717158057078,-34.363350604276313],[-59.36973740572153,-34.360646334292646],[-59.370063499399201,-34.36064801287025],[-59.370079687209454,-34.358484595878778],[-59.371710114109803,-34.358492975062624],[-59.371693968191849,-34.36065639272924],[-59.37202006203114,-34.360658066095233],[-59.372016027377406,-34.361198920424862],[-59.371689931443349,-34.361197247025174],[-59.371681857623571,-34.362278955472163],[-59.37135575752675,-34.362277281136386],[-59.371349698737035,-34.36308856229428],[-59.37102359552474,-34.363086887039231],[-59.371015512571539,-34.364168595013219],[-59.370689405196103,-34.364166918821986],[-59.370679295660722,-34.36551905343341],[-59.370353183074322,-34.365517376289006],[-59.370349136976287,-34.366058230015277],[-59.370023022321604,-34.366056551968327],[-59.370018974020397,-34.366597405612488],[-59.369692857297373,-34.366595726662943],[-59.369686781500171,-34.367407006987932],[-59.370012901366266,-34.36740868598821],[-59.370006828469329,-34.368219966255253],[-59.370332951505588,-34.368221644437419],[-59.370328904868245,-34.368762497922184],[-59.37065503002701,-34.368764175269284],[-59.370653007715688,-34.369034602010451],[-59.370979133949199,-34.369036278505561],[-59.370977112658721,-34.369306705251546],[-59.372607749469076,-34.369315074778228],[-59.372597668808744,-34.370667208748415],[-59.3729238014907,-34.370668880131248],[-59.37292581662863,-34.370398453344542],[-59.374230343433439,-34.37040513011933],[-59.37423436524589,-34.369864276375196],[-59.37456049491842,-34.369865943363017],[-59.37456853403048,-34.36878423566273],[-59.373916283094729,-34.368780900952487],[-59.373922318434118,-34.367969620151236],[-59.374248440745298,-34.367971287890406],[-59.374258493869497,-34.366619152896206],[-59.374584610968938,-34.366620819682595],[-59.374586620465713,-34.366350392630764],[-59.374912736544267,-34.366352058531575],[-59.374908719619263,-34.366892912656752],[-59.374582601445383,-34.366891246722375],[-59.374578582317881,-34.36743210076569],[-59.375883063555655,-34.367438759424417],[-59.37588506894194,-34.367168332341734],[-59.376211188270517,-34.36716999481763],[-59.376213192582391,-34.366899567706128],[-59.376539310889996,-34.366901229296452],[-59.376541314127465,-34.366630802156152],[-59.376867431414091,-34.366632462860935],[-59.376871435713603,-34.366091608510679],[-59.377197550931577,-34.366093268313222],[-59.377199551993677,-34.365822841103281],[-59.377525666190685,-34.365824500020359],[-59.377527666178473,-34.365554072781627],[-59.37785377935451,-34.365555730813227],[-59.377855778268028,-34.365285303545711],[-59.378181890423079,-34.365286960691861],[-59.37818388826237,-34.365016533395604],[-59.378509999396442,-34.365018189656297],[-59.378511996161521,-34.364747762331291],[-59.378838106274628,-34.36474941770657],[-59.378840101965523,-34.364478990352808],[-59.379166211057644,-34.364480644842686],[-59.379168205674389,-34.364210217460204],[-59.379494313745539,-34.364211871064697],[-59.379498300804151,-34.363671016230214],[-59.379824406806812,-34.363672668932701],[-59.37982839166412,-34.363131814016626],[-59.380154495598312,-34.363133465817143],[-59.380166443248264,-34.361510900679441],[-59.379840345598815,-34.361509248978741],[-59.379846322207719,-34.360697966296854],[-59.380172416714963,-34.360699617947638],[-59.380174407817464,-34.360429190346238],[-59.379848314357581,-34.360427538712081],[-59.379850306480897,-34.360157111115221],[-59.380176398893418,-34.360158762732752],[-59.380178389942834,-34.359888335107222],[-59.380504481334562,-34.359889985839523],[-59.380506471310142,-34.359619558185273],[-59.380832561681061,-34.359621208032372],[-59.380834550582776,-34.359350780349438],[-59.381160639932908,-34.359352429311365],[-59.381164615562284,-34.358811573876082],[-59.381816790152833,-34.358814869127855],[-59.381818775833231,-34.358544441358909],[-59.385079639898983,-34.358560865339193],[-59.385077664691281,-34.358831293273539],[-59.384751577118749,-34.358829654767447],[-59.384747624529808,-34.359370510566926],[-59.38409544527461,-34.359367230883045],[-59.384093466845997,-34.359637658731664],[-59.383767376210621,-34.359636017570324],[-59.383765396708306,-34.359906445390337],[-59.383439305051994,-34.359904803343902],[-59.38343534387355,-34.360445658914628],[-59.38310925014892,-34.360444015966515],[-59.383107268472735,-34.360714443717235],[-59.382781173727139,-34.360712799883942],[-59.382779190977161,-34.360983227606049],[-59.382453095210614,-34.360981582887582],[-59.382451111386821,-34.361252010581048],[-59.382125014599318,-34.361250364977401],[-59.382115089846508,-34.362602503180796],[-59.382441191871187,-34.36260414886732],[-59.382439207888737,-34.362874576488366],[-59.38341751726383,-34.362879508385554],[-59.383419498103848,-34.36260908071484],[-59.384397804574107,-34.362614004744295],[-59.38439978224531,-34.36234357701192],[-59.38472588340732,-34.36234521660122],[-59.384727860004716,-34.36207478884026],[-59.385053960145633,-34.362076427544373],[-59.385055935669236,-34.36180599975485],[-59.385382034789025,-34.361807637573811],[-59.385384009238891,-34.361537209755724],[-59.38571010733758,-34.361538846689562],[-59.385716027387048,-34.360727563113429],[-59.386042122369837,-34.36072919912916],[-59.386046066843257,-34.360188343318463],[-59.386372159757599,-34.360189978432672],[-59.386376102031207,-34.359649122540738],[-59.386702192877138,-34.359650756753425],[-59.386710072919918,-34.35856904475893],[-59.389318767117963,-34.358582086666132],[-59.389312882260242,-34.359393371074162],[-59.389638972294662,-34.359394997453244],[-59.389621325735995,-34.361828850173183],[-59.389295226275202,-34.361827223646664],[-59.389293264368341,-34.362097651649954],[-59.388967163886242,-34.362096024238419],[-59.388969126840536,-34.361825596251528],[-59.388643027432025,-34.361823967987711],[-59.38864499140761,-34.361553540005168],[-59.387014499995175,-34.361545385738467],[-59.387010561543526,-34.362086241527273],[-59.387662762219598,-34.362089505905615],[-59.387660795049285,-34.362359933814773],[-59.387334693650693,-34.362358302043503],[-59.387330757136496,-34.362899157792782],[-59.387004653669166,-34.362897525119955],[-59.387002684325203,-34.363167952960033],[-59.387328788840044,-34.363169585649317],[-59.387324852168454,-34.363710441326177],[-59.387650958804571,-34.363712073179634],[-59.387648991476965,-34.36398250101638],[-59.387975099186832,-34.363984132017563],[-59.387961334492601,-34.365877126651966],[-59.388287449561865,-34.365878756899328],[-59.388283518651541,-34.366419612433383],[-59.388935753059251,-34.366422870387389],[-59.388922008716065,-34.368315864606082],[-59.388269759640188,-34.368312606422421],[-59.388277622089554,-34.367230895643949],[-59.387625381500456,-34.367227634116226],[-59.387629316758755,-34.366686778720258],[-59.386977080465336,-34.366683513782995],[-59.386973141016227,-34.367224369113181],[-59.38664702081347,-34.367222735308431],[-59.386645050001832,-34.36749316293897],[-59.385992807579704,-34.367489892690045],[-59.385990834646314,-34.367760320275579],[-59.385664712426944,-34.36775868383139],[-59.385662738419512,-34.368029111388388],[-59.385336615178716,-34.368027474058863],[-59.385334640097206,-34.36829790158729],[-59.385008515834969,-34.368296263372415],[-59.385004563497397,-34.368837118360076],[-59.384678437165938,-34.368835479243323],[-59.38467448262741,-34.369376334149699],[-59.384348354226667,-34.369374694131068],[-59.384344397487048,-34.369915548956115],[-59.384018267017012,-34.369913908035521],[-59.384014308076175,-34.370454762779246],[-59.383688175536797,-34.370453120956675],[-59.383674311077364,-34.372346112063774],[-59.383348171228867,-34.372344469256483],[-59.383350152993088,-34.372074042008229],[-59.383024014218982,-34.3720723983485],[-59.383022031406796,-34.372342825580198],[-59.382695891611128,-34.372341181034919],[-59.382693907724537,-34.372611608237996],[-59.382367766907336,-34.372609962807161],[-59.382359826904448,-34.373691671432489],[-59.381707536965301,-34.373688377831186],[-59.381703562612884,-34.374229232005085],[-59.380725121614475,-34.374224284985758],[-59.380737063218469,-34.372601722618072],[-59.380410922560216,-34.37260007197326],[-59.38041689614802,-34.37178879067632],[-59.37943848376424,-34.371783833677675],[-59.37944047805091,-34.371513406604478],[-59.37911434169073,-34.371511752550298],[-59.379112346356116,-34.371782179606846],[-59.378133934291363,-34.371777212180568],[-59.37813593276978,-34.371506785174041],[-59.377809796516054,-34.371505127644049],[-59.377811796015784,-34.37123470064212],[-59.377485660836605,-34.371233042259846],[-59.377489661851897,-34.370692188253201],[-59.377163528795201,-34.3706905290354],[-59.377165530310734,-34.370420102030671],[-59.376839398328585,-34.370418441960659],[-59.376841400865302,-34.370148014960598],[-59.376189139076828,-34.370144692247258],[-59.376187134444393,-34.370415119213874],[-59.375861002542351,-34.370413456537094],[-59.375852979553791,-34.371495164215872],[-59.375526843486895,-34.371493500603158],[-59.375524836624983,-34.371763927475918],[-59.375198699536909,-34.371762262977477],[-59.375196691600301,-34.372032689821395],[-59.374544415408543,-34.372029358184086],[-59.37454240534926,-34.372299784982403],[-59.372259432186958,-34.372288096761437],[-59.372263466950074,-34.37174724338815],[-59.371937330130208,-34.371745570200048],[-59.371939348519369,-34.37147514351215],[-59.371613212774363,-34.371473469471944],[-59.371615232184531,-34.371203042788842],[-59.371289097514335,-34.371201367896539],[-59.371287077056252,-34.371471794562822],[-59.370960941365077,-34.371470118784721],[-59.370954876685438,-34.372281398660405],[-59.371281015520431,-34.37228307448914],[-59.371276974361898,-34.372823927712986],[-59.3716031153198,-34.372825602706463],[-59.371601095748133,-34.373096029317146],[-59.371927237780945,-34.373097703458463],[-59.371925219230377,-34.373368130073921],[-59.372251362338091,-34.373369803363111],[-59.372249344808665,-34.373640229983344],[-59.372575488991302,-34.373641902420353],[-59.372573472483033,-34.373912329045339],[-59.372899617740572,-34.373914000630165],[-59.372897602253474,-34.374184427259905],[-59.37322374858595,-34.374186097992499],[-59.373221734120058,-34.374456524627007],[-59.37354788152745,-34.374458194507376],[-59.373545868082793,-34.374728621146616],[-59.373872016565109,-34.374730290174739],[-59.373867991691498,-34.375271143450611],[-59.374194142296822,-34.375272811643278],[-59.374192130867939,-34.375543238279917],[-59.374518282548202,-34.375544905620259],[-59.374516272140639,-34.375815332261581],[-59.374842424895839,-34.375816998749649],[-59.374840415509638,-34.37608742539571],[-59.37516656933979,-34.376089091031439],[-59.375164560974973,-34.376359517682175],[-59.377447645871896,-34.376371152914459],[-59.3774496468995,-34.376100726146575],[-59.378428109111134,-34.376105699587882],[-59.378426111228052,-34.376376126405852],[-59.378099956082686,-34.376374469444499],[-59.378097957124766,-34.376644896233721],[-59.377771800957873,-34.376643238386578],[-59.377769800925108,-34.376913665147022],[-59.377443643736662,-34.376912006414045],[-59.377441642629044,-34.37718243314572],[-59.377115484419051,-34.377180773526902],[-59.377113482236517,-34.377451200229785],[-59.376787323004969,-34.377449539725099],[-59.376785319747526,-34.377719966399205],[-59.376132999268073,-34.377716642748908],[-59.376130993887422,-34.377987069377461],[-59.375478671418357,-34.37798374221704],[-59.375476663914426,-34.378254168800026],[-59.37482433945587,-34.378250838129389],[-59.374822329828618,-34.378521264666766],[-59.374170003380605,-34.37851793048587],[-59.374172015104421,-34.37824750398206],[-59.373845852968898,-34.378245835604616],[-59.373847865714168,-34.377975409105538],[-59.373521704653733,-34.377973739875728],[-59.373525732160282,-34.377432886874971],[-59.373199573223189,-34.377431216809633],[-59.373203602718817,-34.376890363794196],[-59.372877445905011,-34.37688869289336],[-59.372879461660737,-34.376618266384355],[-59.371900994525163,-34.376613248517593],[-59.371903013398573,-34.376342822047029],[-59.370924549649693,-34.37633779640877],[-59.370926571640702,-34.376067369976759],[-59.370600418159789,-34.376065693042669],[-59.370602441171989,-34.375795266615448],[-59.370276288766192,-34.37579358882914],[-59.370278312799577,-34.375523162406743],[-59.369626010165184,-34.375519804260676],[-59.369628036267855,-34.375249377860023],[-59.369301886039274,-34.375247697500285],[-59.369299858888496,-34.375518123884021],[-59.368973707638808,-34.375516442638286],[-59.36897167941288,-34.375786868993039],[-59.368645527142085,-34.375785186861258],[-59.368643497840978,-34.376055613186992],[-59.368317344549077,-34.376053930169199],[-59.368315314172762,-34.376324356465894],[-59.367989159859761,-34.376322672562026],[-59.367987128408203,-34.376593098829709],[-59.368313283769375,-34.376594782750516],[-59.368309222881429,-34.37713563528353],[-59.368635380366051,-34.37713731836913],[-59.368633350929706,-34.377407744634468],[-59.369611826690473,-34.377412788727206],[-59.369609800371791,-34.377683215031254],[-59.370588279520319,-34.377688251352403],[-59.370584233091442,-34.378229104025699],[-59.370258071251776,-34.378227426087342],[-59.370254022618482,-34.378768278678564],[-59.369601694826962,-34.378764920126734],[-59.369599668373212,-34.379035346370394],[-59.369273503469664,-34.379033665773754],[-59.369271475940607,-34.379304091988445],[-59.368945310015761,-34.37930241050568],[-59.368943281411347,-34.379572836691359],[-59.368617114465195,-34.379571154322463],[-59.368602906138619,-34.381464137165402],[-59.368929080423477,-34.381465819652888],[-59.368927051602775,-34.381736245741934],[-59.369253226963117,-34.381737927377067],[-59.369249171337529,-34.382278779552813],[-59.369575348821833,-34.382280460352497],[-59.369569268326245,-34.383091738576297],[-59.369895448983051,-34.383093418557422],[-59.369891397281329,-34.383634270680083],[-59.370217580062224,-34.383635949825667],[-59.37021555521941,-34.383906375885779],[-59.370541739075861,-34.383908054178946],[-59.37053971525463,-34.384178480243875],[-59.370865900186594,-34.384180157684575],[-59.370863877386988,-34.384450583754315],[-59.371190063394515,-34.384452260342513],[-59.371188041616541,-34.384722686417064],[-59.371514228699596,-34.384724362152767],[-59.371512207943312,-34.384994788232127],[-59.371838396101914,-34.3849964631153],[-59.371836376367305,-34.385266889199414],[-59.372162565601442,-34.385268563230071],[-59.37216054688858,-34.385538989318967],[-59.372486737198265,-34.385540662497043],[-59.372484719507163,-34.385811088590721],[-59.373463293743498,-34.385816102958998],[-59.373465308288651,-34.385545676814864],[-59.37379149870582,-34.385547346515303],[-59.373793512175489,-34.385276920342264],[-59.374119701570848,-34.385278589156499],[-59.374121713965032,-34.385008162954577],[-59.374447902338588,-34.38500983088263],[-59.374449913657365,-34.384739404651832],[-59.374776101009097,-34.384741071693696],[-59.374780121469001,-34.38420021916231],[-59.374453936214444,-34.384198552154039],[-59.374455947452795,-34.38392812588701],[-59.374129763273622,-34.383926458026167],[-59.374139824305949,-34.382574326593911],[-59.374466003242446,-34.382575994370804],[-59.374470025370698,-34.382035141679808],[-59.374796202237036,-34.382036808553835],[-59.374798212212497,-34.381766382173424],[-59.375450563928588,-34.381769713280065],[-59.37545257178035,-34.381499286854037],[-59.376104921506581,-34.381502614449992],[-59.376106927234723,-34.381232187978405],[-59.376433101089503,-34.381233850455729],[-59.376435105742495,-34.380963423955315],[-59.376761278575565,-34.380965085546642],[-59.376763282153412,-34.380694659017408],[-59.37741562580284,-34.380697979558832],[-59.377417627257202,-34.380427552984109],[-59.378069968916542,-34.380430870015076],[-59.378071968247461,-34.380160443394892],[-59.378398138068718,-34.380162100589814],[-59.378400136324622,-34.37989167394089],[-59.378726305124133,-34.379893330249885],[-59.378728302305063,-34.379622903572191],[-59.379054470082835,-34.37962455899531],[-59.3790564661888,-34.379354132288874],[-59.379382632944839,-34.379355786826103],[-59.37938462797586,-34.37908536009094],[-59.379710793710174,-34.379087013742293],[-59.379712787666293,-34.378816586978417],[-59.380038952378847,-34.378818239743914],[-59.380040945260099,-34.378547812951318],[-59.380367108950928,-34.378549464831018],[-59.380371092537167,-34.378008611176291],[-59.38265422443947,-34.378020149764488],[-59.382656208854954,-34.377749722802854],[-59.383308530397336,-34.377753011686679],[-59.383306548078373,-34.378023438681424],[-59.383632709937459,-34.378025081836135],[-59.383630728640355,-34.378295508835372],[-59.384283054534286,-34.378298792570341],[-59.384285033734827,-34.378028365538036],[-59.384611195673088,-34.378030006085218],[-59.384613173798982,-34.377759579024335],[-59.384939334715334,-34.377761218685833],[-59.384937357637703,-34.378031645763237],[-59.385263519628673,-34.378033284572069],[-59.385265495658061,-34.377762857478174],[-59.385591656627085,-34.377764495401344],[-59.385589681645982,-34.378034922511723],[-59.388851303264431,-34.378051254103724],[-59.388849338739824,-34.378321681366486],[-59.390153992314218,-34.378328189731874],[-59.39015203195661,-34.378598617048084],[-59.392109019391512,-34.378608353618588],[-59.392110973459339,-34.378337926204345],[-59.393415628077108,-34.378344399802231],[-59.393417577925725,-34.378073972310709],[-59.394722228766142,-34.378080431936532],[-59.394724174395691,-34.377810004367902],[-59.395050336122381,-34.377811617085165],[-59.395054225207168,-34.377270761879274],[-59.395380384863259,-34.377272373694908],[-59.39538232831854,-34.377001946057611],[-59.395708486952316,-34.377003556987873],[-59.395710429333491,-34.376733129322282],[-59.396036586944909,-34.376734739367194],[-59.396040469533183,-34.376193883967403],[-59.396366625074094,-34.376195493110771],[-59.396368565281243,-34.375925065376563],[-59.396042410788503,-34.375923456249424],[-59.396057939899748,-34.373760034071076],[-59.395731793817824,-34.373758424204503],[-59.395733735888363,-34.373487996394104],[-59.394755300942066,-34.373483161628812],[-59.394753355727381,-34.373753589390518],[-59.393122626095334,-34.373745513986407],[-59.393124576550285,-34.373475086306009],[-59.392146142227034,-34.373470230683942],[-59.392144188627938,-34.373740658315455],[-59.390839605702652,-34.373734171920972],[-59.390841563493936,-34.373463744354773],[-59.389210840664752,-34.373455616890169],[-59.389212803670112,-34.373185189393745],[-59.388886660230739,-34.373183561310142],[-59.388888624257966,-34.372913133818052],[-59.391497764120551,-34.372926134023508],[-59.39149971973756,-34.372655706388471],[-59.391825861289803,-34.372657327487268],[-59.391823906720816,-34.372927755138647],[-59.393454620112571,-34.372935847679102],[-59.393456569441518,-34.37266541994623],[-59.39410885288418,-34.372668650846776],[-59.394110800091163,-34.372398223069304],[-59.394763081541626,-34.372401450461332],[-59.394765026626693,-34.372131022639294],[-59.395417306084894,-34.372134246522869],[-59.395421191985434,-34.371593390777662],[-59.395747329657453,-34.371595001383547],[-59.395755096956123,-34.370513289683423],[-59.396081230462336,-34.370514899355484],[-59.39609287434687,-34.368892331346089],[-59.396419001591873,-34.368893940052018],[-59.396422880584218,-34.368353083919956],[-59.396096755434819,-34.368351475246435],[-59.396100636419305,-34.367810619098506],[-59.396426759473172,-34.367812227739634],[-59.396428698878886,-34.367541799631361],[-59.396102576872764,-34.367540191006441],[-59.396135560624828,-34.362942911595304],[-59.395809456454103,-34.362941302377074],[-59.395811397489588,-34.362670874084031],[-59.395485294392223,-34.362669264013313],[-59.39548723644932,-34.362398835724406],[-59.395161134425337,-34.362397224801242],[-59.395163077504016,-34.362126796516513],[-59.394836976553371,-34.362125184740911],[-59.394838920653612,-34.361854756460339],[-59.394512820776335,-34.361853143832306],[-59.394514765898094,-34.361582715555912],[-59.39418866709417,-34.361581102075476],[-59.394186720924978,-34.36185153033562],[-59.393860621099577,-34.361849915970275],[-59.393862568316202,-34.361579487726388],[-59.392558173463975,-34.361573021643565],[-59.392560124844344,-34.361302593452741],[-59.393212320123652,-34.361305828198873],[-59.393214269383193,-34.361035399963399],[-59.394518656063838,-34.361041858966942],[-59.394522546125884,-34.360501002329713],[-59.395174735432235,-34.360504226554767],[-59.395176678329648,-34.360233798185568],[-59.395828865644873,-34.360237018903725],[-59.395830806421671,-34.359966590490046],[-59.396156899070711,-34.359968199530009],[-59.396166597330193,-34.358616057199541],[-59.399427472874599,-34.358632099018578],[-59.39942554374727,-34.358902527670367],[-59.399751632490641,-34.358904127091336],[-59.399747776253477,-34.35944498439094],[-59.400073867117158,-34.359446582975544],[-59.400071940007344,-34.359717011623367],[-59.400724123906429,-34.359720206218995],[-59.400722198865644,-34.359990634886898],[-59.401374384962033,-34.359993826040331],[-59.401372461990299,-34.360264254728314],[-59.402024650283927,-34.360267442439437],[-59.402022729381329,-34.360537871147478],[-59.402674919872098,-34.360541055416228],[-59.402673001038643,-34.360811484144278],[-59.402999097369815,-34.360813074991754],[-59.402997179558191,-34.361083503723755],[-59.403323276962311,-34.361085093718629],[-59.403321360172562,-34.361355522454566],[-59.403973557152248,-34.361358699870379],[-59.403971642431813,-34.361629128626262],[-59.40429774200738,-34.361630716047195],[-59.404295828308875,-34.361901144807007],[-59.40462192895739,-34.361902731375253],[-59.404620016280823,-34.362173160138987],[-59.404946118002293,-34.362174745854553],[-59.404942294667684,-34.362715603377758],[-59.405594502376971,-34.362718772266696],[-59.405592592766446,-34.362989201042133],[-59.405918697706781,-34.362990784199496],[-59.405916789118329,-34.363261212978799],[-59.406569001170318,-34.3632643767193],[-59.406559468322101,-34.364616520594225],[-59.40688557962401,-34.364618101241],[-59.406879862752994,-34.365429387468971],[-59.407205977223157,-34.365430967294728],[-59.407202167944135,-34.36597182475154],[-59.407854401151219,-34.365974981860312],[-59.407852498568971,-34.366245410602431],[-59.408178616258233,-34.366246987869502],[-59.408176714698314,-34.36651741661543],[-59.407524477249787,-34.366514261180697],[-59.407522573569125,-34.366784689882785],[-59.407848693328411,-34.366786268050454],[-59.407842985277377,-34.36759755413204],[-59.408169108205222,-34.367599131478521],[-59.408165304806587,-34.368139988837711],[-59.408491429855303,-34.368141565347109],[-59.408487628450878,-34.368682422689801],[-59.408813755620528,-34.368683998362044],[-59.408809956210412,-34.369224855688202],[-59.408483826945137,-34.369223279984205],[-59.408481926154259,-34.369493708613327],[-59.408808056467379,-34.36949528433319],[-59.408806156699029,-34.369765712966128],[-59.409132288085317,-34.369767287832943],[-59.40912849056842,-34.370308145094313],[-59.408802357086358,-34.370306570195794],[-59.408800457242059,-34.370576998792515],[-59.40847432273744,-34.370575423009178],[-59.408472421819887,-34.370845851577982],[-59.408798557372421,-34.3708474273772],[-59.408790957640683,-34.37192914159526],[-59.409117097410331,-34.371930716588956],[-59.409113299488517,-34.372471573657343],[-59.40943944137944,-34.372473147813736],[-59.40943754342856,-34.372743576345677],[-59.409763686392807,-34.372745149648935],[-59.409759892511246,-34.373286006708319],[-59.410086037596841,-34.373287579174203],[-59.410084141666189,-34.373558007701639],[-59.410410287825094,-34.373559579314325],[-59.41040839291724,-34.373830007845527],[-59.410734540149463,-34.373831578604985],[-59.410732646264435,-34.374102007139939],[-59.411058794570003,-34.374103577046171],[-59.41105690170783,-34.374374005584841],[-59.411709200490776,-34.374377142821686],[-59.411707309699615,-34.374647571379903],[-59.411381159247419,-34.374646003180239],[-59.41137737549321,-34.375186860228908],[-59.412029680615319,-34.375189995822332],[-59.412016451356024,-34.377082995333744],[-59.412342611292232,-34.377084561937224],[-59.41234072234554,-34.377354990406396],[-59.412666883355186,-34.377356556156464],[-59.412663107482828,-34.377897413090118],[-59.412989270614169,-34.377898978002548],[-59.412987383688538,-34.378169406467038],[-59.413313547893317,-34.378170970526043],[-59.413311661990839,-34.378441398994212],[-59.413637827269064,-34.378442962199756],[-59.413635942389796,-34.378713390671614],[-59.413962108741458,-34.378714953023689],[-59.4139602248854,-34.378985381499206],[-59.414612559760712,-34.378988503627141],[-59.414610677976228,-34.379258932122042],[-59.416567689493739,-34.379268277738646],[-59.416569564988102,-34.37899784914967],[-59.418852738890507,-34.37900871270962],[-59.418849002553827,-34.379549570094326],[-59.41950134237225,-34.379552666207942],[-59.419503208456291,-34.379282237490443],[-59.419829377354446,-34.37928378422783],[-59.419825647258236,-34.379824641681886],[-59.420151818278001,-34.379826187581152],[-59.42014809017919,-34.380367045018097],[-59.4204742633206,-34.380368590079229],[-59.420468674131378,-34.381179876190878],[-59.420794850442931,-34.381181420429385],[-59.420791126289579,-34.381722277807938],[-59.421117304722912,-34.38172382120824],[-59.421113582567294,-34.382264678569641],[-59.421439763122443,-34.382266221131651],[-59.421437903055946,-34.382536649809801],[-59.421764084684412,-34.382538191518023],[-59.421762225641679,-34.382808620199619],[-59.422414591069995,-34.382811701039081],[-59.422412734099588,-34.383082129739634],[-59.422738917899437,-34.383083668870832],[-59.422737061952844,-34.383354097574838],[-59.423389431723869,-34.383357173260137],[-59.42339128557331,-34.383086744525173],[-59.424043653346033,-34.383089816702089],[-59.424045505073671,-34.382819387924123],[-59.424697870847972,-34.382822456592685],[-59.424699720453852,-34.38255202777178],[-59.425025902329445,-34.382553560786604],[-59.42502405377212,-34.382823989622942],[-59.425350236720888,-34.382825521783836],[-59.425348389187491,-34.383095950623563],[-59.426326941327176,-34.3831005419364],[-59.426325096914852,-34.383370970810283],[-59.4273036524215,-34.383375554345022],[-59.427301811130356,-34.38364598325299],[-59.427627997396911,-34.383647509374526],[-59.427631677857484,-34.383106651515817],[-59.427957862051429,-34.383108176737274],[-59.427961540316801,-34.38256731879958],[-59.427635358219973,-34.382565793608848],[-59.42763719836443,-34.382295364637294],[-59.427311017340664,-34.382293838592574],[-59.427312858509111,-34.382023409624317],[-59.426986678558386,-34.382021882725638],[-59.426988520750797,-34.381751453760693],[-59.426662341873154,-34.381749926008084],[-59.426664185089486,-34.381479497046449],[-59.426338007284883,-34.381477968439903],[-59.426339851525142,-34.381207539481622],[-59.426013674793595,-34.381206010021153],[-59.426015520057724,-34.380935581066204],[-59.425689344399231,-34.380934050751868],[-59.425693036950598,-34.380393192836607],[-59.425366863413593,-34.380391661683788],[-59.425368710700795,-34.380121232723511],[-59.425042538236802,-34.380119700716854],[-59.425044386547789,-34.379849271759909],[-59.424392043790554,-34.379846205169699],[-59.424393894173662,-34.37957577623159],[-59.42406772388042,-34.379574241648044],[-59.42406957528727,-34.379303812713331],[-59.423743406067075,-34.379302277276011],[-59.42374711090342,-34.378761419401286],[-59.423094776730537,-34.378758345980835],[-59.423096631208352,-34.37848791705634],[-59.422770465207286,-34.378486379057783],[-59.422772320708702,-34.378215950136699],[-59.422119990877434,-34.378212871562909],[-59.422118133279369,-34.378483300452992],[-59.421791967352576,-34.378481759846814],[-59.421793825998925,-34.378211330972242],[-59.420489166732764,-34.378205159917513],[-59.420487303893132,-34.378475588729948],[-59.41983497231233,-34.37847249795626],[-59.419831242365277,-34.379013355482691],[-59.419178906690547,-34.379010261169888],[-59.419180773773178,-34.378739832443841],[-59.418202273592776,-34.378735184502247],[-59.418204143795528,-34.378464755810946],[-59.418530309449089,-34.378466305978421],[-59.418535916762877,-34.377655019785351],[-59.4182097542542,-34.3776534696647],[-59.418211624357241,-34.377383040925181],[-59.417885462921774,-34.377381489950963],[-59.417889205149585,-34.376840632466944],[-59.417236886546455,-34.376837527973528],[-59.417238759719417,-34.376567099244674],[-59.416912601503519,-34.376565545709902],[-59.416914475699727,-34.376295116984622],[-59.416262161439306,-34.376292007338918],[-59.416264037706945,-34.376021578632894],[-59.415611725642947,-34.376018465542003],[-59.415613603981924,-34.375748036855271],[-59.414635139218284,-34.375743360747549],[-59.414637020676757,-34.375472932095853],[-59.415289328397783,-34.375476050338705],[-59.41529120773486,-34.375205621643552],[-59.415617360584804,-34.375207179445638],[-59.415624873490167,-34.374125464481644],[-59.415298724832716,-34.374123906742305],[-59.415300604044567,-34.373853477986849],[-59.41497445646025,-34.37385191939412],[-59.414976336695098,-34.373581490642295],[-59.413671750800816,-34.373575247643764],[-59.413669866373667,-34.373845676332749],[-59.412691424072399,-34.373840984911638],[-59.412689536475867,-34.374111413541307],[-59.412037239637947,-34.374108281550427],[-59.412044798257611,-34.373026567085539],[-59.412370942471746,-34.373028133452401],[-59.412374719534434,-34.37248727611604],[-59.412700861677692,-34.372488841582374],[-59.412715960538065,-34.370325411628322],[-59.412389826778437,-34.370323846288116],[-59.412395491579659,-34.369512559903619],[-59.412069360988802,-34.369510993741777],[-59.412071250253398,-34.369240564938586],[-59.412397379796417,-34.369242131084661],[-59.412401156154402,-34.368701273410565],[-59.412727283626943,-34.368702838656205],[-59.412725396508343,-34.368973267515045],[-59.413377653624487,-34.368976395431162],[-59.413375768576387,-34.369246824309435],[-59.413701898219983,-34.369248386979883],[-59.413698130144162,-34.369789244731727],[-59.414024261908565,-34.36979080656473],[-59.414020495828055,-34.37033166429979],[-59.414346629713314,-34.370333225295298],[-59.41434474768333,-34.370603654160455],[-59.414670882641595,-34.370605214302742],[-59.414667120602196,-34.371146072028274],[-59.414993257681381,-34.371147631333017],[-59.41499137767201,-34.371418060193392],[-59.415317515824206,-34.371419618644879],[-59.415315636837747,-34.371690047508885],[-59.415641776062934,-34.371691605107074],[-59.415639898099421,-34.371962033974704],[-59.415966038397613,-34.371963590719552],[-59.41596416145704,-34.37223401959082],[-59.416290302828237,-34.372235575482343],[-59.416288426910661,-34.372506004357227],[-59.416614569354863,-34.372507559395423],[-59.416612694460291,-34.372777988273882],[-59.417264981519672,-34.372781095774499],[-59.417263108696204,-34.373051524672199],[-59.417589253311377,-34.373053077134635],[-59.417587381510977,-34.373323506035881],[-59.417913527199147,-34.373325057644884],[-59.417911656421857,-34.373595486549711],[-59.418237803183011,-34.373597037305316],[-59.418235933428868,-34.373867466213703],[-59.418562081263026,-34.373869016115847],[-59.418558343776169,-34.374409873927647],[-59.419210643711558,-34.374412971187148],[-59.419208777027016,-34.374683400106136],[-59.419861079158167,-34.374686493920478],[-59.419857349906984,-34.375227351784588],[-59.420183503106109,-34.375228897419262],[-59.420185366695982,-34.374958468477672],[-59.420511518871798,-34.374960013227692],[-59.420513381388709,-34.374689584258483],[-59.42083953254123,-34.374691128123864],[-59.420841393985178,-34.374420699127043],[-59.421167544114375,-34.374422242107805],[-59.421174985449774,-34.373340525937799],[-59.420848839512907,-34.373338983019195],[-59.420852562127934,-34.37279812489291],[-59.420526418311958,-34.372796581136349],[-59.420528280630286,-34.372526152070677],[-59.420202137887152,-34.372524607460647],[-59.420205864545338,-34.371983749324201],[-59.419879723923032,-34.371982203876286],[-59.419885316867976,-34.371170916627861],[-59.419559179414421,-34.371169370357649],[-59.41956850573191,-34.369817224780292],[-59.419242373542751,-34.369815677719025],[-59.419249838340669,-34.368733961102372],[-59.418923710367785,-34.368732413234511],[-59.418927444713106,-34.368191554885016],[-59.418601318860702,-34.368190006179461],[-59.41860505520205,-34.367649147812926],[-59.418278931470098,-34.367647598269713],[-59.418280800651168,-34.367377169083952],[-59.417954677991887,-34.367375618687483],[-59.417958418374766,-34.366834760311015],[-59.417632297835873,-34.366833209076944],[-59.41763416903764,-34.366562779886252],[-59.417308049571396,-34.366561227798989],[-59.417311793995488,-34.366020369412681],[-59.416985676649581,-34.366018816487859],[-59.416989423069197,-34.365477958084583],[-59.416663307843564,-34.365476404322273],[-59.416665182063575,-34.365205975118187],[-59.416339067910563,-34.365204420502742],[-59.416342818370865,-34.364663562089724],[-59.416016706338098,-34.364662006636834],[-59.416020458793611,-34.364121148206898],[-59.415694348881011,-34.364119591916591],[-59.415698103331636,-34.36357873346978],[-59.415371995539196,-34.363577176342098],[-59.415375751984804,-34.363036317878397],[-59.415049646312475,-34.363034759913376],[-59.415051525545231,-34.36276433067912],[-59.414725420945459,-34.362762771861121],[-59.414731061635941,-34.361951484133087],[-59.414078858796493,-34.361948363985228],[-59.414080741071452,-34.361677934749856],[-59.414406841431187,-34.361679495242406],[-59.41440872263361,-34.361409065979267],[-59.414734821970988,-34.36141062558746],[-59.414738582205779,-34.360869766993581],[-59.414086387745819,-34.360866646971409],[-59.41408826992042,-34.360596217687807],[-59.413436077655604,-34.360593094222558],[-59.413437961899909,-34.360322664958339],[-59.412459676833194,-34.360317973293043],[-59.412455902035113,-34.3608588317149],[-59.412129804968409,-34.360857266057685],[-59.412124139440344,-34.361668553552704],[-59.41179803925651,-34.361666986979536],[-59.411799928838462,-34.361396557842362],[-59.411473829727242,-34.361394990416329],[-59.411475720331453,-34.361124561282885],[-59.411149622292875,-34.361122993003988],[-59.411164754598332,-34.35895955962863],[-59.411490844258019,-34.358961127781171],[-59.411492734635452,-34.358690698539192],[-59.415405799945241,-34.358709448432229],[-59.415403922135432,-34.358979877863071],[-59.415730012121571,-34.358981434724164],[-59.415728135334049,-34.359251864158608],[-59.416380317475962,-34.359254975306406],[-59.416376568015252,-34.359795834201805],[-59.41670266121838,-34.359797388504141],[-59.416700787497895,-34.3600678179494],[-59.417352976073794,-34.360070923979556],[-59.417351104423084,-34.360341353444021],[-59.418655486063606,-34.36034755514347],[-59.418653618577515,-34.360617984658361],[-59.420936294737857,-34.360628804299466],[-59.420934434558724,-34.360899233911262],[-59.421586630065548,-34.360902317450673],[-59.421584771956468,-34.361172747081469],[-59.422236969657199,-34.361175827177348],[-59.422235113618228,-34.361446256827108],[-59.422887313512767,-34.361449333479378],[-59.42288545954397,-34.361719763148066],[-59.423211560575758,-34.36172130018668],[-59.423209707629717,-34.361991729858808],[-59.423535809733664,-34.36199326604423],[-59.423533957810399,-34.362263695719761],[-59.424186164187297,-34.362266765515514],[-59.424184314334347,-34.36253719520991],[-59.424836522904847,-34.362540261561797],[-59.42483467512227,-34.362810691275016],[-59.425486885886301,-34.362813754182973],[-59.425485040174124,-34.363084183914978],[-59.426463359647229,-34.363088771807853],[-59.426461517053063,-34.363359201574006],[-59.428418162947153,-34.363368353996691],[-59.428416326613757,-34.363638783842958],[-59.42874243539606,-34.363640306221541],[-59.428729587710215,-34.365533314915183],[-59.428403471594635,-34.365531792429273],[-59.428397961933577,-34.366343081642569],[-59.428071842699424,-34.366341558241842],[-59.428068167374235,-34.366882417626407],[-59.427742046069149,-34.366880893326169],[-59.427740207322081,-34.367151322985031],[-59.426761840410705,-34.367146744825163],[-59.426759998495882,-34.367417174425853],[-59.426433875193432,-34.367415646619484],[-59.426430189194605,-34.367956505753931],[-59.426756314592609,-34.367958033591066],[-59.426754472604138,-34.36822846315556],[-59.426428346158346,-34.368226935303063],[-59.426426503097538,-34.368497364840131],[-59.426752630591125,-34.368498892708033],[-59.426750788553541,-34.36876932224844],[-59.427076917119514,-34.36877084926283],[-59.427075076105218,-34.369041278806556],[-59.42740120574355,-34.369042804967428],[-59.427397525737071,-34.369583664049436],[-59.427723657495633,-34.369585189372103],[-59.427719979486817,-34.370126048436624],[-59.42804611336566,-34.370127572921085],[-59.428040599312368,-34.370938861473491],[-59.428366736359457,-34.370940385135029],[-59.428364899340636,-34.371210814643717],[-59.428691037460148,-34.371212337451624],[-59.428689201464806,-34.371482766963609],[-59.429015340656747,-34.371484288917856],[-59.429013505684935,-34.37175471843311],[-59.429339645949284,-34.37175623953371],[-59.429337812000995,-34.372026669052211],[-59.430316236084657,-34.372031227185921],[-59.430318066888987,-34.371760797621526],[-59.431296488048297,-34.371765347888392],[-59.431294660387927,-34.372035777498603],[-59.430642377494706,-34.372032744825816],[-59.430640547713963,-34.372303174393437],[-59.430966690196392,-34.372304691179608],[-59.430961203851979,-34.373115979855982],[-59.43030891262331,-34.373112945322973],[-59.430307081696974,-34.373383374827085],[-59.429654788469797,-34.373380336787321],[-59.429652955422902,-34.37365076624878],[-59.42900066019731,-34.373647724702202],[-59.428996989837884,-34.374188583527733],[-59.42834469051774,-34.374185538443591],[-59.428346527805893,-34.373915109067525],[-59.42736808215367,-34.373910534969347],[-59.427369922561574,-34.373640105627288],[-59.426391480274376,-34.37363552375367],[-59.426393323801975,-34.373365094445695],[-59.426067177470095,-34.373363565431774],[-59.426065332894431,-34.373633994724372],[-59.425739185539058,-34.373632464825995],[-59.425744722336454,-34.372821176958283],[-59.425418578149845,-34.372819646237112],[-59.425427810893588,-34.37146749962681],[-59.425101671971589,-34.371465968113725],[-59.425105366992703,-34.370925109416035],[-59.424779230191227,-34.370923577064829],[-59.424784775681964,-34.370112288974177],[-59.424458642048869,-34.370110755800319],[-59.424462341015285,-34.369569897043803],[-59.424136209502592,-34.369568363031895],[-59.424138059996679,-34.369297933650998],[-59.423159668750202,-34.369293326448151],[-59.423161522363152,-34.369022897101608],[-59.422835393044892,-34.369021359645004],[-59.422839102292322,-34.36848050094666],[-59.422512975094421,-34.368478962652119],[-59.422514830728872,-34.368208533300354],[-59.42121032637592,-34.368202371495407],[-59.421201026999839,-34.369554517823346],[-59.421527158290061,-34.369556059655544],[-59.421523440461861,-34.370096918133356],[-59.42184957387262,-34.370098459127661],[-59.421845858041124,-34.370639317588285],[-59.42249812912852,-34.370642397032093],[-59.42249627327147,-34.37091282627533],[-59.422170136667468,-34.370911286972408],[-59.422164565804088,-34.371722574583252],[-59.422490705551944,-34.371724113932693],[-59.422486993615244,-34.372264972310639],[-59.422813135483814,-34.372266510822058],[-59.422807570537323,-34.373077798345015],[-59.422481425524673,-34.373076259787105],[-59.422479569445024,-34.373346688921821],[-59.422805715505717,-34.373348227495207],[-59.42280386044937,-34.37361865663334],[-59.423130007582856,-34.373620194353187],[-59.423128153549861,-34.373890623494766],[-59.423454301756145,-34.373892160361031],[-59.423452448746538,-34.374162589506014],[-59.424430896657768,-34.374167194936796],[-59.424432746523074,-34.373896765745442],[-59.424758894828031,-34.373898299135469],[-59.424753348302474,-34.374709586719661],[-59.424427196853173,-34.374708053283335],[-59.424423496949963,-34.375248911581629],[-59.424749650495549,-34.375250445048842],[-59.424747801555142,-34.375520874195352],[-59.425073956173527,-34.375522406808898],[-59.425070260315131,-34.376063265096604],[-59.425396417054529,-34.37606479687188],[-59.425394570136604,-34.376335226013069],[-59.426046885785631,-34.376338286987071],[-59.426045040939528,-34.376608716147011],[-59.42669735878335,-34.376611773675215],[-59.426699201533019,-34.376341344484487],[-59.4280038333224,-34.376347449049632],[-59.428005671854649,-34.376077019785356],[-59.428657985799987,-34.376080066822389],[-59.428656149364151,-34.376350496117361],[-59.429308465503816,-34.376353539708496],[-59.429302962338873,-34.37716482761293],[-59.429629123590097,-34.377166348150702],[-59.429621789887733,-34.378248065249039],[-59.429947955356553,-34.378249584978867],[-59.429944290455417,-34.378790443486302],[-59.429618122889934,-34.378788923725871],[-59.429612622209952,-34.379600211350656],[-59.429938792920531,-34.379601731157017],[-59.42993696036006,-34.379872160356456],[-59.429610788601096,-34.379870640534811],[-59.429608954967769,-34.380141069706916],[-59.429935127775146,-34.380142589543865],[-59.429933295165853,-34.380413018719175],[-59.430259469046078,-34.380414537702137],[-59.430257637460755,-34.380684966880743],[-59.430583812413822,-34.380686485009711],[-59.430581981852562,-34.380956914191522],[-59.43025580585104,-34.380955396047248],[-59.430253974216917,-34.38122582520171],[-59.430580151266895,-34.381227343361253],[-59.430578320656835,-34.381497772518941],[-59.430252142558359,-34.381496254344107],[-59.430239320265031,-34.383389258003298],[-59.430565505703235,-34.383390776285118],[-59.430561844068322,-34.383931634395509],[-59.430888031628129,-34.383933151838526],[-59.43088620182268,-34.384203580890919],[-59.430560013214269,-34.384202063432618],[-59.430556351432948,-34.384742921470632],[-59.430230160751655,-34.384741403112372],[-59.430226496775411,-34.385282261071623],[-59.430552689554041,-34.385283779460458],[-59.430547196552638,-34.386095066354727],[-59.43087339250178,-34.386096583919958],[-59.430869732476317,-34.38663744181973],[-59.431195930547297,-34.386638958546058],[-59.431194101546744,-34.386909387493134],[-59.432172699052224,-34.386913932501017],[-59.432170873173618,-34.387184361481786],[-59.432497073439549,-34.387185874760668],[-59.432500723074931,-34.386645016756617],[-59.432826921267662,-34.386646529135561],[-59.432830568708276,-34.38610567105281],[-59.432504372613018,-34.386104158704313],[-59.432508022053824,-34.385563300603792],[-59.432181828080317,-34.385561787416322],[-59.432185479521209,-34.385020929298015],[-59.43185928766939,-34.385019415271572],[-59.431862941110282,-34.384478557135537],[-59.432189130864799,-34.384480071131478],[-59.432190956500079,-34.384209642030143],[-59.432517145230292,-34.38421115514145],[-59.432518969792632,-34.38394072601281],[-59.43349753298326,-34.383945260084694],[-59.433495711566778,-34.384215689258973],[-59.433821900394165,-34.384217198892685],[-59.43382008000205,-34.384487628070119],[-59.435451029745842,-34.384495163273542],[-59.435452844894783,-34.384224734020236],[-59.435779033867533,-34.384226238437549],[-59.435780847943661,-34.383955809157058],[-59.436433223864434,-34.383958815353203],[-59.436436847749761,-34.383417956695475],[-59.436763033649164,-34.383419458459223],[-59.436773898434261,-34.381796882106023],[-59.436447718826138,-34.381795380433019],[-59.436451342325078,-34.381254521582413],[-59.436125164838074,-34.381253019070307],[-59.436130603050771,-34.380441730749361],[-59.435804428733306,-34.380440227413381],[-59.435811683538965,-34.379358509543891],[-59.436137853662835,-34.379360012819319],[-59.43614329136819,-34.378548724245192],[-59.436469458371121,-34.378550226606023],[-59.436474892714152,-34.377738937878],[-59.436801056596281,-34.377740439324242],[-59.436819159021589,-34.375036142629455],[-59.43714531244558,-34.3750376430554],[-59.437148930544843,-34.374496783541574],[-59.437475081896672,-34.37449828306822],[-59.437480505720423,-34.373686993661764],[-59.437806653952009,-34.373688492274056],[-59.437813881187452,-34.37260677283632],[-59.438140025250888,-34.37260827051923],[-59.438143636628098,-34.372067410697866],[-59.438469778619563,-34.372068907481598],[-59.438475192360933,-34.371257617613942],[-59.438801331232504,-34.371259113483468],[-59.43880674161359,-34.370447823462136],[-59.439132877365367,-34.370449318417535],[-59.439141888947049,-34.369097168065629],[-59.439468019483414,-34.369098662076837],[-59.439478826301922,-34.367476081166529],[-59.43980495057545,-34.36747757421859],[-59.439824749307078,-34.364502841257348],[-59.440150862079996,-34.364504333275271],[-59.440161653879365,-34.362881750955232],[-59.440813866926206,-34.362884732204641],[-59.440822848958184,-34.361532579789703],[-59.441148950280038,-34.361534069036338],[-59.441156131284934,-34.360452346827472],[-59.440503937044625,-34.360449367585538],[-59.440505734330834,-34.360178937033204],[-59.440179638293991,-34.360177446124304],[-59.440181436603631,-34.359907015574933],[-59.439855341638143,-34.359905523812429],[-59.439857140971192,-34.359635093266043],[-59.439531047077054,-34.359633600649964],[-59.439534647765882,-34.359092739551052],[-59.43920855599044,-34.359091246096455],[-59.439210357346191,-34.358820815543979],[-59.443449538679189,-34.358840162508912]],[[-59.381806861353859,-34.360167007791468],[-59.381480768808778,-34.360165360516902],[-59.381478781922233,-34.360435788196831],[-59.381152688356288,-34.360434140037093],[-59.381148712409015,-34.360974995327524],[-59.381474808069697,-34.360976643520466],[-59.381476795009199,-34.360706215864688],[-59.381802889649002,-34.360707863172429],[-59.381806861353859,-34.360167007791468]],[[-59.418314441650978,-34.362509441678192],[-59.41766223407167,-34.362506340578619],[-59.417660363243954,-34.362776769950216],[-59.417986468068641,-34.362778320949971],[-59.417984598263516,-34.36304875032512],[-59.418310704160646,-34.36305030047177],[-59.418303228881086,-34.364132017914216],[-59.418629338993334,-34.364133567254584],[-59.41862560329929,-34.364674425934673],[-59.418951715531605,-34.364675974437482],[-59.418947981833242,-34.365216833100526],[-59.419274096185681,-34.365218380765747],[-59.41927036448309,-34.365759239411716],[-59.419596480955704,-34.365760786239321],[-59.419592751248999,-34.366301644868216],[-59.419918869841823,-34.366303190858162],[-59.419915142131103,-34.366844049469954],[-59.420241262844172,-34.366845594622205],[-59.420239399999289,-34.36711602392559],[-59.42056552178493,-34.36711756822455],[-59.420561798116154,-34.367658426826225],[-59.420887922022104,-34.367659970287427],[-59.42088606119826,-34.367930399585724],[-59.422190561260997,-34.367936564804118],[-59.422192417893754,-34.367666135443734],[-59.421866293888691,-34.367664595457953],[-59.421868151544459,-34.367394166101022],[-59.422520397483822,-34.367397245172732],[-59.422529674914131,-34.366045098052176],[-59.423181910475243,-34.366048173493624],[-59.423183763791769,-34.365777744002365],[-59.422531530325998,-34.365774668591904],[-59.422535241075565,-34.365233809635157],[-59.422209126475074,-34.365232270657735],[-59.422212839220968,-34.364691411683751],[-59.421886726740468,-34.364689871868563],[-59.42188858412392,-34.364419442378995],[-59.421562472715763,-34.364417901710553],[-59.421564331122056,-34.364147472224424],[-59.421238220786258,-34.364145930702769],[-59.421240080215341,-34.363875501220136],[-59.420913970951936,-34.36387395884524],[-59.420915831403782,-34.363603529366081],[-59.420263615046458,-34.363600442041196],[-59.42026547756862,-34.363330012581066],[-59.419939370474729,-34.363328467631085],[-59.419941234019603,-34.363058038174472],[-59.419289022001408,-34.363054945699517],[-59.419290887616476,-34.362784516261968],[-59.418312572918261,-34.362779871081017],[-59.418314441650978,-34.362509441678192]],[[-59.400378769907434,-34.362422895330951],[-59.400052667496645,-34.362421297437919],[-59.400046885242546,-34.363232582947063],[-59.399720779714961,-34.363230984137026],[-59.399711136873222,-34.36458312633043],[-59.400037247638586,-34.364584725220951],[-59.400004474980761,-34.369182006696207],[-59.40033060358283,-34.369183604991591],[-59.400324822545336,-34.369994889644154],[-59.400650954316639,-34.369996487118883],[-59.400649028300656,-34.370266915328351],[-59.400975161145496,-34.370268511950258],[-59.400973236151721,-34.370538940163748],[-59.401951637983814,-34.370543724864028],[-59.401949716108099,-34.370814153113635],[-59.402275851151288,-34.370815746291896],[-59.402273930297881,-34.371086174545482],[-59.402600066414585,-34.371087766870808],[-59.402598146583507,-34.371358195128373],[-59.403250420989522,-34.371361377204217],[-59.403246585442439,-34.371902233747214],[-59.403572724779707,-34.371903823513712],[-59.403566974411348,-34.372715108285746],[-59.403893116918127,-34.372716697231247],[-59.403887369463924,-34.373527981942708],[-59.403235078187741,-34.373524803086653],[-59.403240831930098,-34.372713518471237],[-59.402914689474429,-34.372711927787705],[-59.402916608385439,-34.372441499574443],[-59.402590467003343,-34.37243990803794],[-59.402592386936767,-34.372169479828642],[-59.400309405315255,-34.372158314853429],[-59.400301696083773,-34.373240027168492],[-59.399975551762715,-34.373238428631666],[-59.399969766425222,-34.374049712693008],[-59.400295913890446,-34.374051311278123],[-59.400292058966457,-34.374592167290849],[-59.400944358166292,-34.374595361918246],[-59.400948208897915,-34.374054505841151],[-59.400622061381348,-34.374052908994166],[-59.400625914106449,-34.373512052900985],[-59.401278204973003,-34.373515245661636],[-59.401274356440162,-34.374056101819107],[-59.401600504008044,-34.374057696927999],[-59.401598580751219,-34.374328125004709],[-59.402250878060052,-34.374331312647428],[-59.40225279922069,-34.374060884538615],[-59.402905094535761,-34.374064068673007],[-59.402907013574648,-34.373793640520084],[-59.40323316022247,-34.373795231267685],[-59.40322740617335,-34.374606515738343],[-59.403879705834228,-34.374609694722416],[-59.403877789862953,-34.374880122887177],[-59.403225488105861,-34.37487694387108],[-59.403219733749985,-34.37568822819695],[-59.404198195857226,-34.375692995561479],[-59.404196280831997,-34.375963423693975],[-59.403870125722534,-34.375961835425578],[-59.403868209623575,-34.376232263530035],[-59.403542053491464,-34.376230674376522],[-59.403540136318775,-34.376501102452906],[-59.403866293499107,-34.376502691622399],[-59.40386437734908,-34.376773119702712],[-59.404190535603142,-34.376774708019084],[-59.404186705322957,-34.377315564175497],[-59.403860544972424,-34.377313975827136],[-59.403862461173503,-34.377043547770946],[-59.403536301896757,-34.377041958569443],[-59.403538219120541,-34.376771530517203],[-59.402885902740145,-34.37676834953875],[-59.402887822034813,-34.376497921506463],[-59.403213979164015,-34.376499512414249],[-59.403217815580227,-34.375958656281455],[-59.402891660547404,-34.375957065405707],[-59.402893579765347,-34.375686637337232],[-59.402241271872796,-34.37568345301046],[-59.402245114424517,-34.375142596901441],[-59.40191896261296,-34.375141003466467],[-59.40192088489853,-34.374870575409908],[-59.401268583448527,-34.374867385964841],[-59.401266659066692,-34.375137813989276],[-59.400614355623027,-34.375134621035741],[-59.400612429119249,-34.375405049015974],[-59.400286276387774,-34.375403451219455],[-59.400284348810182,-34.375673879171551],[-59.400610502589799,-34.375675476984135],[-59.400604722847426,-34.376486760816228],[-59.400930879797272,-34.376488357807951],[-59.400925102968472,-34.37729964157969],[-59.401251263088653,-34.377301237750487],[-59.401243564484055,-34.378382949341521],[-59.401569728822999,-34.378384544707409],[-59.401558186436596,-34.38000711182832],[-59.401884357091241,-34.38000870642135],[-59.401878588697137,-34.380819989867085],[-59.402204762522622,-34.380821583639019],[-59.402198997043229,-34.38163286702428],[-59.402525174039688,-34.381634459975054],[-59.402523253210482,-34.381904887762033],[-59.402849431281012,-34.381906479859531],[-59.402845591642794,-34.382447335429376],[-59.403171771835915,-34.382448926689605],[-59.403167934192389,-34.382989782243229],[-59.403494116508149,-34.382991372666169],[-59.403490280859458,-34.383532228203563],[-59.403816465297879,-34.38353381778915],[-59.403812631644108,-34.384074673310295],[-59.404138818205247,-34.384076262058507],[-59.404134986546502,-34.384617117563359],[-59.404461175230423,-34.384618705474168],[-59.404459260411379,-34.384889133224483],[-59.404785450169449,-34.384890720281874],[-59.404783536373536,-34.385161148036097],[-59.405109727205733,-34.385162734240069],[-59.405107814432995,-34.385433161998186],[-59.40576019827121,-34.385436331829766],[-59.405758287570315,-34.385706759607736],[-59.406084480576283,-34.385708343235336],[-59.406082570898619,-34.385978771017193],[-59.406734959084311,-34.385981935695945],[-59.406733051478625,-34.38625236349759],[-59.407059246658321,-34.386253944548713],[-59.407057340075909,-34.386524372354216],[-59.407383536329739,-34.386525952551793],[-59.407385441863418,-34.386255524730394],[-59.407711637093918,-34.386257104042606],[-59.407713541553491,-34.385986676193234],[-59.408039735760667,-34.385988254620102],[-59.408041639146163,-34.385717826742784],[-59.408367832330001,-34.385719404284323],[-59.408371636927569,-34.385178548461688],[-59.408697828039415,-34.385180125102053],[-59.408701630438287,-34.384639269199404],[-59.409027819478183,-34.384640844938637],[-59.409031619678437,-34.384099988956002],[-59.409357806646447,-34.384101563794111],[-59.409363503611175,-34.383290279682114],[-59.409689687458716,-34.383291853603289],[-59.409691585347801,-34.383021425525989],[-59.410017768172082,-34.383022998561962],[-59.410013974465755,-34.383563854736202],[-59.411644899451751,-34.383571707033994],[-59.411641116130227,-34.384112563318091],[-59.410988741865737,-34.384109424943873],[-59.410986848069918,-34.384379853036236],[-59.410660659926926,-34.384378282529219],[-59.410658765057249,-34.384648710593709],[-59.41033257589087,-34.384647139201491],[-59.410328783978478,-34.385187995262612],[-59.410002592740071,-34.385186422969333],[-59.410000695697313,-34.385456850965966],[-59.409674503435511,-34.385455277787429],[-59.409670707176751,-34.385996133712815],[-59.409344512842885,-34.385994559633168],[-59.409342613626855,-34.386264987561908],[-59.40901641826958,-34.386263412596961],[-59.409012617664118,-34.386804268386562],[-59.408360222830666,-34.386801115784806],[-59.408356417928864,-34.387341971462668],[-59.408030218452637,-34.387340393825816],[-59.408028314914922,-34.387610821630759],[-59.408354515439918,-34.387612399283469],[-59.40835261292564,-34.387882827092255],[-59.408678814524784,-34.387884403891348],[-59.408675011517765,-34.388425259504416],[-59.409001215239869,-34.388426835465751],[-59.408997414229169,-34.388967691062305],[-59.409323620074289,-34.388969266185811],[-59.409319821060002,-34.389510121765809],[-59.409646029028181,-34.389511696051507],[-59.409644130531959,-34.389782123839247],[-59.409970339574329,-34.389783697271206],[-59.409966544603797,-34.390324552842195],[-59.410292755769284,-34.390326125436253],[-59.41029085929501,-34.390596553219474],[-59.410617071534709,-34.390598124959773],[-59.410613280608267,-34.391138980521653],[-59.410939494971117,-34.39114055142398],[-59.410935706041592,-34.391681406969248],[-59.411261922527679,-34.391682977033582],[-59.41126002907405,-34.391953404803907],[-59.411586246634364,-34.391954974014403],[-59.411582461749433,-34.392495829550498],[-59.411908681433033,-34.392497397922902],[-59.411906790001794,-34.392767825688637],[-59.412233010759635,-34.392769393207203],[-59.412231120352224,-34.393039820976647],[-59.412557342184343,-34.393041387641304],[-59.412555452800831,-34.393311815414457],[-59.412881675707176,-34.393313381225212],[-59.412883564041621,-34.393042953436293],[-59.413536007831667,-34.393046082417214],[-59.41353978022881,-34.392505226740212],[-59.413866000063436,-34.392506789894703],[-59.413869770261975,-34.391965934137943],[-59.414195988023664,-34.391967496391331],[-59.414214827019599,-34.389263216726434],[-59.413888619747347,-34.389261654630317],[-59.413890504557727,-34.388991226613193],[-59.414216710781112,-34.388992788693578],[-59.414218594517507,-34.388722360648678],[-59.414544799717127,-34.388723921843791],[-59.414542917029586,-34.388994349904422],[-59.41486912330317,-34.388995910245711],[-59.414867241639399,-34.38926633830998],[-59.415193448986912,-34.389267897797431],[-59.415187806991831,-34.390079181964936],[-59.415514017511107,-34.390080740629905],[-59.415510258153589,-34.390621596712663],[-59.415836470795774,-34.390623154539412],[-59.415834592128391,-34.390893582578357],[-59.416487019585787,-34.390896695654405],[-59.416485142991299,-34.391167123712634],[-59.417463787511814,-34.391171786851579],[-59.41746753438202,-34.390630930629179],[-59.417793747174237,-34.390632483238321],[-59.41779561952292,-34.390362055093398],[-59.418121831291153,-34.390363606817331],[-59.418123702565978,-34.390093178644712],[-59.418449913310212,-34.390094729483444],[-59.418451783511188,-34.389824301283149],[-59.418777993231409,-34.389825851236687],[-59.418781731460818,-34.389284994768694],[-59.41910793910818,-34.38928654382147],[-59.419109807136635,-34.38901611555378],[-59.419762220408302,-34.389019211019509],[-59.419764086314139,-34.38874878270861],[-59.42172132043234,-34.388758048143337],[-59.421717601182202,-34.389298904939643],[-59.422043809053122,-34.389300446166409],[-59.422040091801627,-34.389841302945513],[-59.422366301795122,-34.389842843333746],[-59.422364444181127,-34.390113271720701],[-59.423016866340205,-34.390116349919388],[-59.423015010799325,-34.390386778325293],[-59.42399364737016,-34.390391389147865],[-59.423995499764246,-34.390120960695548],[-59.424974133410473,-34.39012556364542],[-59.424975982633114,-34.389855135134709],[-59.425628403089348,-34.389858199389188],[-59.425630250189521,-34.389587770835554],[-59.426608877911747,-34.38959236064921],[-59.426610721840611,-34.389321932037312],[-59.427589346637319,-34.389326513978709],[-59.427591187394995,-34.389056085308617],[-59.42824360195106,-34.389059135557694],[-59.428245440586451,-34.388788706844849],[-59.428571646852383,-34.388790230649725],[-59.428573484414429,-34.388519801909474],[-59.428899689655985,-34.388521324829469],[-59.428905199048693,-34.387710038490361],[-59.429231401168252,-34.387711560494857],[-59.42923690719433,-34.386900274001263],[-59.428910708221117,-34.38689875204274],[-59.428916217173295,-34.386087465486575],[-59.428590021370788,-34.386085942704568],[-59.428593695980616,-34.385545084970836],[-59.428267502299995,-34.385543561350062],[-59.428269340616865,-34.385273132480442],[-59.427943148009454,-34.38527160800556],[-59.4279449873505,-34.38500117913923],[-59.426966412821386,-34.38499660054412],[-59.426968255283889,-34.384726171711833],[-59.424032542461944,-34.384712389116508],[-59.424030690561558,-34.384982817810027],[-59.420768779284685,-34.384967421066165],[-59.420770641671609,-34.384696992527637],[-59.420444451728855,-34.384695448087008],[-59.420442588293277,-34.384965876609975],[-59.42011639732673,-34.384964331284372],[-59.420118261810934,-34.384693902776952],[-59.418813502387906,-34.384687712842684],[-59.418811633709083,-34.384958141287768],[-59.416854489030051,-34.384948830210369],[-59.416852614034376,-34.385219258549675],[-59.41620023057714,-34.385216147870565],[-59.416202107670145,-34.384945719562594],[-59.415549726410298,-34.384942605437153],[-59.415551605575573,-34.384672177148474],[-59.415225416031852,-34.384670618797315],[-59.415229176384535,-34.384129762215167],[-59.414902988963114,-34.384128203026009],[-59.414901107750687,-34.38439863130742],[-59.413596354121424,-34.384392385794008],[-59.413598239528305,-34.384121957575488],[-59.412619677716009,-34.38411726435902],[-59.41262156624358,-34.383846836175678],[-59.412295380071711,-34.383845270047182],[-59.412301048649127,-34.383033985472082],[-59.412627231675252,-34.38303555155327],[-59.412642338385709,-34.380872125362728],[-59.412316163747555,-34.380870559407668],[-59.412321831493983,-34.380059274434473],[-59.41199566002625,-34.380057707657464],[-59.411997550273099,-34.379787279324717],[-59.411671379878939,-34.379785711694247],[-59.41167327114897,-34.379515283365222],[-59.411347101828397,-34.379513714881298],[-59.411350886389549,-34.378972858218638],[-59.411024719190912,-34.378971288897077],[-59.411028505747822,-34.378430432217755],[-59.410702340671079,-34.378428862058605],[-59.410706129223684,-34.377888005362642],[-59.410379966268763,-34.377886434365912],[-59.410383756816913,-34.377345577653365],[-59.410057595983801,-34.377344005819111],[-59.410063284761286,-34.376532720707274],[-59.40973712709814,-34.376531148051349],[-59.409740921586504,-34.375990291281468],[-59.409414766045046,-34.375988717788111],[-59.409416664299478,-34.375718289400929],[-59.409090509831501,-34.375716715054288],[-59.409092409108801,-34.375446286670886],[-59.408766255714305,-34.375444711471012],[-59.408768156014432,-34.375174283091404],[-59.408442003693402,-34.375172707038296],[-59.408445806313956,-34.374631850274653],[-59.408119656114536,-34.374630273384192],[-59.408121558434893,-34.37435984500015],[-59.407795409308932,-34.374358267256511],[-59.407799215969781,-34.373817410484001],[-59.407473068965345,-34.373815831903094],[-59.407474973305803,-34.373545403514633],[-59.407148827374805,-34.373543824080564],[-59.407152638075637,-34.373002967299286],[-59.406826494266134,-34.373001387028005],[-59.406830306961417,-34.372460530230292],[-59.406504165273354,-34.372458949121828],[-59.406507979962967,-34.371918092307709],[-59.406181840396293,-34.371916510362098],[-59.406185657080179,-34.371375653531572],[-59.405859519634859,-34.37137407074885],[-59.405870975363463,-34.369751500063394],[-59.405544844230995,-34.369749916507374],[-59.405552485065833,-34.368668202539595],[-59.405226358150152,-34.368666618178487],[-59.405230180510394,-34.368125761154126],[-59.404904055715768,-34.368124175956076],[-59.404917440508385,-34.366231176102517],[-59.404591323073333,-34.366229590147412],[-59.404597062173742,-34.365418304362876],[-59.404270947907143,-34.365416717586882],[-59.404276689920941,-34.364605431741694],[-59.403950578822688,-34.364603844144902],[-59.403954408799514,-34.364062986886445],[-59.403628299821932,-34.364061398452911],[-59.403630215819625,-34.363790969821572],[-59.403304107915154,-34.363789380535295],[-59.403306024934835,-34.36351895190792],[-59.402979918103462,-34.36351736176892],[-59.402981836145131,-34.36324693314549],[-59.402655730386847,-34.363245342153817],[-59.402657649450454,-34.362974913534366],[-59.401679335471684,-34.362970135395223],[-59.401681257652228,-34.362699706811803],[-59.400376843562569,-34.362693323862146],[-59.400378769907434,-34.362422895330951]],[[-59.444395685455589,-34.36371235876117],[-59.444069575514909,-34.36371087808196],[-59.444067789440673,-34.363981308642217],[-59.443415567535581,-34.363978344647705],[-59.443413779342343,-34.364248775166089],[-59.443087667377952,-34.364247291850745],[-59.443084088824733,-34.364788152821475],[-59.442757974788961,-34.364786668607493],[-59.442756184428937,-34.36505709905984],[-59.442103954333689,-34.365054127995627],[-59.442093199100263,-34.366676710277005],[-59.441767077802353,-34.366675223351905],[-59.441761696719865,-34.367486514284977],[-59.442087821161039,-34.367488001255012],[-59.442086028466839,-34.367758431556901],[-59.441759902977886,-34.367756944571894],[-59.441750933909404,-34.369109095825692],[-59.442077064637431,-34.369110582885583],[-59.442075271799879,-34.369381013115145],[-59.442401403599661,-34.369382499321091],[-59.44239961178608,-34.369652929553602],[-59.442073478938418,-34.369651443332685],[-59.442069893143831,-34.370192303731571],[-59.441743758224263,-34.370190816611782],[-59.441745552181409,-34.36992038643335],[-59.44141941833368,-34.369918898459574],[-59.441410443069174,-34.371271049156356],[-59.44173658215658,-34.371272537205044],[-59.441734788079877,-34.371542967323222],[-59.442060928239151,-34.371544454517881],[-59.442059135186533,-34.371814884639001],[-59.442385276417689,-34.371816370979658],[-59.44238706842232,-34.371545940843575],[-59.44303934886031,-34.371548910887938],[-59.44303576901914,-34.372089771207854],[-59.443361911369905,-34.37209125495643],[-59.443360122461527,-34.372361685113241],[-59.443686265884168,-34.372363168007745],[-59.443684478,-34.37263359816744],[-59.444010622494481,-34.372635080207829],[-59.444007048750748,-34.373175940520916],[-59.444985488665367,-34.373180381517351],[-59.444983704901986,-34.37345081170055],[-59.44530985263583,-34.373452290309487],[-59.445308069896775,-34.373722720495508],[-59.445634218702452,-34.373724198250272],[-59.445632436987744,-34.373994628439128],[-59.446284736766543,-34.373997581371185],[-59.446281177458353,-34.374538441772195],[-59.446607329479598,-34.374539916964316],[-59.446605550838065,-34.374810347161592],[-59.447257857047923,-34.374813294968263],[-59.447252527270159,-34.37562458557683],[-59.446926371008864,-34.375623112063529],[-59.446929926314084,-34.375082251699553],[-59.446277618055298,-34.375079302124995],[-59.446279397768706,-34.374808871954613],[-59.445953244723043,-34.374807395878548],[-59.44595502546084,-34.374536965710973],[-59.445628873487074,-34.374535488780666],[-59.445630655249275,-34.374265058615926],[-59.444652202614861,-34.374260622655093],[-59.444653987497666,-34.37399019252296],[-59.444327837715207,-34.373988712146094],[-59.444326051784287,-34.374259142263298],[-59.443999900977509,-34.374257661002446],[-59.444001687956536,-34.373987230900148],[-59.443349388510683,-34.373984265801028],[-59.443351177562107,-34.373713835716529],[-59.442698880307802,-34.37371086717102],[-59.442700671431552,-34.373440437104371],[-59.442048376368923,-34.373437465112517],[-59.44205196273704,-34.372896605002879],[-59.441725817337712,-34.372895117733336],[-59.441727611533963,-34.372624687675412],[-59.441401467206575,-34.372623199551811],[-59.441403262426952,-34.372352769496835],[-59.440750975940006,-34.37234979067253],[-59.44074917862357,-34.37262022069752],[-59.440423034368003,-34.372618729966838],[-59.440421235979578,-34.372889159964757],[-59.440095090699927,-34.372887668350018],[-59.440091491755055,-34.373428528279653],[-59.439765344403277,-34.373427035765822],[-59.439761743266295,-34.373967895617199],[-59.439435593842319,-34.373966402204246],[-59.439433792189725,-34.374236832096798],[-59.439107641741664,-34.374235337799732],[-59.439102233495362,-34.37504662735995],[-59.438776079926932,-34.375045132148621],[-59.438768864402746,-34.376126851333289],[-59.438442706665619,-34.376125355192592],[-59.438426460895222,-34.378559222517318],[-59.438100293747645,-34.378557725371806],[-59.438094874912743,-34.379369014217829],[-59.438421045205395,-34.379370511408553],[-59.438417434625208,-34.379911370609094],[-59.438743607038717,-34.379912866960716],[-59.438739998459134,-34.380453726143166],[-59.439066172993527,-34.38045522165563],[-59.439064369716107,-34.380725651243857],[-59.438738194133258,-34.380724155716322],[-59.438727367673074,-34.382346732902057],[-59.439053549546877,-34.382348228519938],[-59.439040924922502,-34.384241234793507],[-59.439367114160433,-34.384242729647383],[-59.439365311595154,-34.38451315908187],[-59.439691501905742,-34.384514653081396],[-59.439689700365108,-34.384785082518846],[-59.440015891748388,-34.384786575663981],[-59.440014091232385,-34.385057005104422],[-59.440340283688315,-34.385058497395171],[-59.440336684681746,-34.385599356269942],[-59.440010490128422,-34.385597863949165],[-59.440008689540448,-34.385868293353418],[-59.439356298408406,-34.385865306073434],[-59.439354495698986,-34.386135735435573],[-59.438375906035013,-34.386131247949464],[-59.438374100155336,-34.386401677254376],[-59.437721705068839,-34.386398681219511],[-59.437719897067602,-34.386669110482188],[-59.435762706094387,-34.386660101419494],[-59.435760891776489,-34.38693053057942],[-59.435434692316733,-34.386929026010648],[-59.435432876925866,-34.387199455143367],[-59.435106676441521,-34.387197949689956],[-59.435104859977685,-34.387468378795482],[-59.434778658468765,-34.387466872457381],[-59.434775023370811,-34.388007730601906],[-59.433470209187028,-34.388001696433008],[-59.433472030943392,-34.387731267427526],[-59.432819626094769,-34.38772824515636],[-59.432821449924447,-34.387457816169267],[-59.432169047270648,-34.387454790450505],[-59.432170873173618,-34.387184361481786],[-59.431844672931994,-34.387182847333413],[-59.431841019004153,-34.387723705228282],[-59.431188614398813,-34.387720674261992],[-59.431183127031467,-34.388531960922336],[-59.430856921618876,-34.388530444089106],[-59.430855091398826,-34.388800872936493],[-59.430528884961753,-34.388799355218453],[-59.430527053668428,-34.389069784038497],[-59.430200846206908,-34.389068265435618],[-59.430199013840287,-34.389338694228329],[-59.429546596892742,-34.389335654383288],[-59.429544762403928,-34.389606083133344],[-59.429218552917924,-34.389604561891147],[-59.42921671735575,-34.389874990613826],[-59.428564296359319,-34.389871945490114],[-59.428562458674818,-34.390142374170068],[-59.427583824217137,-34.390137799916594],[-59.42758198336135,-34.390408228538419],[-59.427255770875561,-34.39040670203272],[-59.427253928946278,-34.390677130627125],[-59.426927715436086,-34.390675603236453],[-59.426925872433308,-34.390946031803423],[-59.42659965789872,-34.390944503527749],[-59.42659781382239,-34.391214932067278],[-59.425945382728997,-34.391211872876298],[-59.425943536530106,-34.391482301372953],[-59.425291103437161,-34.391479238672666],[-59.425289255115651,-34.391749667126433],[-59.424636820023217,-34.391746600916747],[-59.424629418098547,-34.392828314487772],[-59.424303196393168,-34.392826780016676],[-59.424301344801265,-34.39309720836382],[-59.423975122071496,-34.393095673007601],[-59.423969564000423,-34.393906957930319],[-59.423643338148032,-34.393905421658019],[-59.423641484359166,-34.394175849926015],[-59.423315257482351,-34.394174312768527],[-59.423311547732212,-34.394715169237365],[-59.422659089856154,-34.394712092251289],[-59.422657232845665,-34.394982520436642],[-59.422004772970283,-34.39497943994062],[-59.422001054678269,-34.395520296213121],[-59.421348590705243,-34.395517212176031],[-59.421346729423654,-34.395787640263151],[-59.420694263451416,-34.395784552715938],[-59.42069053661691,-34.39632540879181],[-59.419711831549463,-34.396320770854366],[-59.419713698126849,-34.396050342869174],[-59.420039932075234,-34.39605188970252],[-59.420041797578527,-34.39578146168968],[-59.419715564679365,-34.395779914871895],[-59.419719297709754,-34.395239058841163],[-59.420045528510514,-34.395240605627798],[-59.420047393939207,-34.394970177578756],[-59.420373623715648,-34.39497172348009],[-59.420375488070327,-34.394701295403436],[-59.42070171682245,-34.39470284041947],[-59.420703580103108,-34.39443241231519],[-59.42135603558355,-34.394435499706987],[-59.4213578967411,-34.39416507155957],[-59.421684123469383,-34.394166613935361],[-59.421687843611863,-34.393625757573268],[-59.422014068266691,-34.393627299048298],[-59.422017786211825,-34.393086442606929],[-59.422344008793239,-34.393087983181246],[-59.422347724541154,-34.392547126660617],[-59.422673945049198,-34.392548666334264],[-59.422675801836981,-34.39227823804034],[-59.422349582377954,-34.392276698382219],[-59.422355155739837,-34.391465413474599],[-59.422028939452638,-34.391463872993342],[-59.422030798239398,-34.391193444682195],[-59.421704583025956,-34.391191903346808],[-59.421706442836907,-34.390921475039114],[-59.42007537238662,-34.390913755395658],[-59.420073507330812,-34.391184183625626],[-59.419421077226637,-34.391181089649834],[-59.419419210047991,-34.3914515178366],[-59.418440561931455,-34.39144687030398],[-59.418438691580931,-34.391717298431885],[-59.417786257529862,-34.391714195697432],[-59.417784385056379,-34.391984623782072],[-59.417458167019262,-34.391983071094742],[-59.417456293471801,-34.392253499151671],[-59.417130074410622,-34.392251945579098],[-59.417128199789161,-34.392522373608315],[-59.416801979703934,-34.392520819150413],[-59.416800104008438,-34.392791247151948],[-59.416147661814868,-34.392788135595836],[-59.416143906152584,-34.393328991500027],[-59.41581768299519,-34.393327434386123],[-59.415812046166742,-34.394138718104898],[-59.415485819887067,-34.394137160074266],[-59.415476419426327,-34.395489299285813],[-59.415150187925896,-34.395487740307004],[-59.415148306709384,-34.395758168097423],[-59.415474539259002,-34.395759727091935],[-59.41547265906663,-34.396030154885992],[-59.415798892690539,-34.396031713026417],[-59.415797013522337,-34.396302140824083],[-59.416123248220508,-34.396303698110415],[-59.416121370076532,-34.396574125911712],[-59.41644760584898,-34.396575682343929],[-59.416445728729215,-34.396846110148822],[-59.41742443934443,-34.396850774273673],[-59.417426313316426,-34.396580346421814],[-59.419057492928083,-34.39658810248914],[-59.419061230304713,-34.39604724659312],[-59.419387464203339,-34.396048795166045],[-59.419381861248787,-34.396860079038738],[-59.419055624202429,-34.396858530419067],[-59.419050017875982,-34.397669814136414],[-59.418723777706646,-34.397668264600156],[-59.418721907832044,-34.397938692466226],[-59.418395666638304,-34.397937142044512],[-59.418391924715642,-34.398477997709222],[-59.418718168008056,-34.398479548162143],[-59.418716298058676,-34.398749975992011],[-59.419042542425402,-34.39875152559069],[-59.419040673500483,-34.399021953424096],[-59.419693164407335,-34.399025050042994],[-59.419691297556305,-34.399295477895507],[-59.42034379066147,-34.399298571066062],[-59.420341925884344,-34.399568998937632],[-59.420668173523623,-34.39957054423364],[-59.420666309771086,-34.399840972108713],[-59.420992558484599,-34.399842516550379],[-59.420990695756643,-34.400112944428933],[-59.421643195357035,-34.400116030733621],[-59.42164133470316,-34.400386458631189],[-59.421967585590011,-34.400388000494196],[-59.421965725960781,-34.400658428395211],[-59.422618229907748,-34.400661509542481],[-59.422620087438041,-34.400391081610451],[-59.423272589385078,-34.400394159247028],[-59.42327444479173,-34.400123731271968],[-59.423926944738781,-34.400126805397939],[-59.423928798021805,-34.399856377379862],[-59.4245812959688,-34.399859447995283],[-59.424583147128295,-34.399589019934233],[-59.424909395089372,-34.399590553921641],[-59.424911245174798,-34.399320125833079],[-59.425237492111123,-34.399321658935186],[-59.425241190109197,-34.398780802691022],[-59.425567434971391,-34.398782334892388],[-59.425569282884098,-34.398511906736786],[-59.425895526721554,-34.398513438052852],[-59.425899220374397,-34.397972581674651],[-59.426225462137779,-34.397974112090054],[-59.426229153593532,-34.397433255632791],[-59.425902913928795,-34.397431725248197],[-59.425908454075802,-34.396620440518063],[-59.425582217583532,-34.396618909309865],[-59.425587760656761,-34.395807624517424],[-59.425913994001306,-34.395809155679373],[-59.425915840593923,-34.395538727375666],[-59.426242072913837,-34.395540257652435],[-59.426238381802449,-34.396081114278552],[-59.426564616245429,-34.396082643716355],[-59.426559082541644,-34.39689392861127],[-59.427211557796873,-34.396896984969807],[-59.427213400290839,-34.396626556652791],[-59.427865873545741,-34.396629609501367],[-59.427867713916633,-34.396359181141541],[-59.428520185171124,-34.396362230480236],[-59.428522023419021,-34.396091802077677],[-59.428848258033774,-34.39609332542701],[-59.428850095207935,-34.395822896997039],[-59.429502562412416,-34.395825941055719],[-59.429504397463653,-34.395555512583044],[-59.430156862667516,-34.395558553132012],[-59.430158695595892,-34.39528812461667],[-59.430484927185276,-34.395289643571211],[-59.430486759040029,-34.395019215028526],[-59.43113922019365,-34.395022250297764],[-59.431141049925628,-34.394751821712482],[-59.432119738691355,-34.394756368047474],[-59.432121565251457,-34.394485939404362],[-59.432447793839593,-34.394487453094634],[-59.432449619326199,-34.394217024424215],[-59.433102074477098,-34.394220049165128],[-59.433103897841107,-34.39394962045219],[-59.433756350990933,-34.393952641683782],[-59.433758172232409,-34.393682212928397],[-59.434084397794614,-34.393683722224438],[-59.43408621796268,-34.393413293441796],[-59.434412442500033,-34.39341480185292],[-59.43441426159476,-34.393144373043029],[-59.435066708643994,-34.393147387225881],[-59.435068525616295,-34.392876958373584],[-59.435394748128161,-34.392878464145312],[-59.43539656402718,-34.392608035265795],[-59.43572278551418,-34.392609540152705],[-59.435728229918922,-34.39179825339636],[-59.436054448282974,-34.391799757368169],[-59.43606170295471,-34.390718041463678],[-59.436387917146966,-34.390719544505309],[-59.436395167236221,-34.389637828347382],[-59.436721377256866,-34.389639330458905],[-59.436725000058772,-34.389098472277354],[-59.437051208005784,-34.389099973489081],[-59.437054828613384,-34.38855911522905],[-59.437381034486769,-34.388560615541024],[-59.437382843705521,-34.388290186377823],[-59.438035253426939,-34.388293184362922],[-59.438031639160727,-34.388834042737628],[-59.43835784615527,-34.388835540456022],[-59.438356040034904,-34.389105969640369],[-59.439334664309577,-34.38911045762346],[-59.439331058290044,-34.38965131604634],[-59.43900484807665,-34.389649820891421],[-59.439003043981913,-34.389920250069743],[-59.439329255244218,-34.389921745239704],[-59.439325649080509,-34.390462603590251],[-59.438999435720319,-34.390461108390184],[-59.439001239863131,-34.390190679235999],[-59.438675027575925,-34.390189183181384],[-59.438671417168337,-34.390730041447583],[-59.438345202807284,-34.390728544493243],[-59.438341590205482,-34.391269402681083],[-59.438015373770533,-34.391267904826954],[-59.438013566384534,-34.391538333887695],[-59.43866600137649,-34.391541328756446],[-59.438667806664505,-34.391270899665557],[-59.439320239654705,-34.391273891025627],[-59.43932204282067,-34.391003461892545],[-59.439974473809016,-34.391006449744033],[-59.439978075872979,-34.390465591381563],[-59.440630502761465,-34.390468575694449],[-59.440632301659555,-34.390198146465075],[-59.441937151528293,-34.390204104595604],[-59.441938946206655,-34.389933675294195],[-59.442917580712596,-34.389938134716417],[-59.442919372220281,-34.38966770535805],[-59.444224214366727,-34.389673639020344],[-59.44422242705474,-34.389944068438446],[-59.445527273778005,-34.389949988247032],[-59.445529056894266,-34.389679558769338],[-59.446181478300709,-34.389682513426322],[-59.446183259295381,-34.389412083906855],[-59.446509468985283,-34.389413559916107],[-59.446513028805668,-34.388872700811255],[-59.446839236421503,-34.388874175921238],[-59.446842794049289,-34.388333316738468],[-59.447168999591113,-34.388334790949216],[-59.447181443199945,-34.386441783325907],[-59.446855244999732,-34.38644030921904],[-59.44686058076578,-34.385629020101334],[-59.446534385735461,-34.385627545169562],[-59.446537944891702,-34.38508668572716],[-59.446211751982496,-34.385085209955648],[-59.446215313141195,-34.384544350494785],[-59.446541503953064,-34.38454582623659],[-59.446543283448179,-34.384275396473207],[-59.44621709368495,-34.38427392074626],[-59.446220654701285,-34.383733061213064],[-59.446546842367248,-34.383734536910296],[-59.446550401191466,-34.383193677299175],[-59.446224215622671,-34.383192201631665],[-59.44622777644917,-34.382651342002028],[-59.445901593001274,-34.382649865494876],[-59.445903374427466,-34.382379435676853],[-59.446555739249909,-34.382382387792084],[-59.446557518555295,-34.382111957932274],[-59.447209881375528,-34.382114906540451],[-59.44721165856015,-34.381844476638911],[-59.447864019378081,-34.381847421740055],[-59.447865794442009,-34.381576991796813],[-59.448191973837957,-34.381578463028575],[-59.448190199822534,-34.381848892986639],[-59.448842560782353,-34.381851832871817],[-59.448844332700766,-34.381581402884144],[-59.449496691658034,-34.381584339262446],[-59.449498461455818,-34.38131390923315],[-59.450150818410457,-34.38131684210461],[-59.45015258608769,-34.381046412033747],[-59.450478763551871,-34.381047877150756],[-59.450480530157087,-34.380777447053092],[-59.450806706596325,-34.38077891128605],[-59.450808472129545,-34.380508481161584],[-59.451134647543867,-34.380509944510521],[-59.451138176442839,-34.379969084195977],[-59.451464349783805,-34.379970546646163],[-59.451467876491904,-34.379429686253957],[-59.451794047759549,-34.379431147805441],[-59.451799334500315,-34.378619857082619],[-59.452125502646361,-34.378621317720715],[-59.452127263797948,-34.378350887440959],[-59.4524534309191,-34.378352347195154],[-59.452463991046052,-34.376729765175362],[-59.452790151900878,-34.376731223972179],[-59.452791910791689,-34.376460793578694],[-59.453118070621713,-34.376462251491674],[-59.453119828440855,-34.37619182107143],[-59.45344598724607,-34.376193278100587],[-59.453449500717639,-34.375652417194637],[-59.453775657449846,-34.375653873325319],[-59.453777413102316,-34.375383442839606],[-59.454103568809707,-34.375384898086502],[-59.454105323390593,-34.375114467574086],[-59.454431478073211,-34.375115921937194],[-59.454434985068524,-34.374575060846922],[-59.454108832482241,-34.374573606513103],[-59.454112341480332,-34.374032745403916],[-59.45378619101367,-34.374031290230292],[-59.453789702014447,-34.373490429102219],[-59.45346355366739,-34.373488973088833],[-59.453467066670733,-34.372948111941867],[-59.453140920443225,-34.372946655088782],[-59.453142677957835,-34.372676224511899],[-59.452816532801805,-34.372674766804423],[-59.452818291341039,-34.372404336230169],[-59.452492147256486,-34.372402877668343],[-59.452493906820287,-34.372132447096746],[-59.452167763807225,-34.372130987680599],[-59.4521712849605,-34.371590126530599],[-59.451845144066901,-34.371588666274846],[-59.451846905656303,-34.371318235696478],[-59.451520765834182,-34.371316774586433],[-59.451522528448074,-34.371046344010736],[-59.451196389697401,-34.371044882046434],[-59.451198153335774,-34.370774451473409],[-59.45087201565655,-34.370772988654828],[-59.450875544958635,-34.370232127502078],[-59.450549409398796,-34.370230663844012],[-59.450551175062479,-34.369960233264315],[-59.450225040574082,-34.369958768752028],[-59.450228573926616,-34.369417907585955],[-59.449902441557541,-34.369416442234268],[-59.449904209246355,-34.369146011647913],[-59.449578077948715,-34.36914454544204],[-59.449579846661841,-34.3688741148584],[-59.449253716435621,-34.368872647798376],[-59.44926079524361,-34.367790925402417],[-59.449586921278538,-34.367792392403338],[-59.449588689873792,-34.367521961759451],[-59.449914814884515,-34.367523427876733],[-59.44991658240842,-34.367252997206016],[-59.449264334506083,-34.367250064132136],[-59.449262564886624,-34.367520494773302],[-59.44893643992306,-34.367519026918288],[-59.448934669232251,-34.367789457532631],[-59.44860854324449,-34.36778798879395],[-59.448610314983085,-34.367517558194407],[-59.448284190066744,-34.367516088601668],[-59.448285962829488,-34.367245658004862],[-59.447633715163214,-34.367242716242409],[-59.447635489997836,-34.366972285663181],[-59.447961612771408,-34.366973756964015],[-59.447965160274258,-34.366432895739784],[-59.448291280975994,-34.366434366142173],[-59.44829305364425,-34.366163935497156],[-59.448619173321887,-34.36616540501592],[-59.448620944918822,-34.36589497434408],[-59.44764258909985,-34.365890563225776],[-59.44764436381621,-34.365620132586308],[-59.446992128817179,-34.365617187526361],[-59.446993905605233,-34.365346756904493],[-59.446667789188901,-34.36534528308615],[-59.446669567000917,-34.365074852467089],[-59.445691221037116,-34.365070425843875],[-59.445694782875904,-34.364529564658731],[-59.445042556542546,-34.364526609292191],[-59.445044339521552,-34.364256178711308],[-59.44471822743813,-34.364254699739782],[-59.444720011440978,-34.363984269161747],[-59.444393900428942,-34.363982789336362],[-59.444395685455589,-34.36371235876117]],[[-59.384047955709768,-34.365857495918632],[-59.383395726281236,-34.365854211966791],[-59.383393745124415,-34.366124639492689],[-59.383067629402099,-34.36612299619707],[-59.383069611606587,-34.365852568687714],[-59.382743496958341,-34.36585092453987],[-59.3827415137062,-34.366121352032636],[-59.381763166777176,-34.366116414326669],[-59.381761180355632,-34.366386841757638],[-59.381435063717895,-34.366385194101468],[-59.381433076222194,-34.366655621503789],[-59.380128605745561,-34.36664902212474],[-59.380126614032633,-34.366919449448538],[-59.379800495432121,-34.366917797415134],[-59.379798502644924,-34.367188224710205],[-59.379146263428183,-34.367184918003652],[-59.379144268519013,-34.367455345253362],[-59.378818147902791,-34.367453690580199],[-59.378816151919303,-34.367724117801174],[-59.378490030281974,-34.367722462242483],[-59.378484039028628,-34.368533743782955],[-59.378157914274666,-34.368532087305404],[-59.378155916089192,-34.368802514444731],[-59.378482041890955,-34.368804170938958],[-59.378478047535751,-34.36934502521477],[-59.378804175459749,-34.369346680873456],[-59.37880018309373,-34.369887535134325],[-59.379126313139984,-34.369889189957462],[-59.37912431796493,-34.370159617086458],[-59.379450449085631,-34.370161271057334],[-59.379448454931847,-34.370431698190899],[-59.380752983871787,-34.370438305451813],[-59.380754973834101,-34.370167878251721],[-59.38108110508756,-34.370169527878019],[-59.381083093975484,-34.369899100649242],[-59.381409224207587,-34.369900749390013],[-59.381413199808271,-34.369359894863017],[-59.381739327971189,-34.369361542701711],[-59.381745288030139,-34.368550260770903],[-59.382071413076133,-34.368551907690936],[-59.382075384220833,-34.368011052976883],[-59.382727630201153,-34.368014344144086],[-59.382731597049052,-34.367473489315444],[-59.383057717983398,-34.36747513356265],[-59.383059700319968,-34.367204706113675],[-59.384038060138309,-34.367209633592672],[-59.384047955709768,-34.365857495918632]],[[-59.426435718156007,-34.367145217034192],[-59.426109595925851,-34.36714368837437],[-59.426107751915552,-34.367414117944271],[-59.426433875193432,-34.367415646619484],[-59.426435718156007,-34.367145217034192]],[[-59.40227008851425,-34.371627031016459],[-59.401291674030169,-34.371622248730375],[-59.401289749956085,-34.371892676899598],[-59.402268167584054,-34.371897459233836],[-59.40227008851425,-34.371627031016459]],[[-59.456698844908232,-34.377559953373975],[-59.456046516371416,-34.37755705568366],[-59.456044767869891,-34.37782748617537],[-59.455718602588128,-34.377826036011804],[-59.45571685301497,-34.378096466476883],[-59.455390686708199,-34.378095015429501],[-59.4553889360634,-34.378365445867892],[-59.455062768731636,-34.378363993936695],[-59.455061017015133,-34.378634424348412],[-59.454734848658369,-34.378632971533378],[-59.454731343058633,-34.379173832291407],[-59.454405172628462,-34.379172378577849],[-59.454403418745173,-34.379442808924168],[-59.454077247290002,-34.379441354326715],[-59.454061451852212,-34.381875226769381],[-59.454387632743504,-34.381876681498646],[-59.454384124485991,-34.382417541938196],[-59.453731758532648,-34.382414631551718],[-59.453733514770185,-34.382144201367282],[-59.453407332877163,-34.382142744884682],[-59.453409090139822,-34.381872314702861],[-59.453735270984303,-34.381873771170774],[-59.453744051703872,-34.380521620007528],[-59.453417876101803,-34.380520163612914],[-59.453416118956241,-34.380790593855011],[-59.45308994232915,-34.380789136576432],[-59.453088184111699,-34.381059566791784],[-59.452762006459551,-34.381058108629247],[-59.452758487857373,-34.381598968994439],[-59.452432308131684,-34.381597509933208],[-59.452427026906967,-34.38240880034656],[-59.45307939267294,-34.382411717687845],[-59.453077634314901,-34.382682147830899],[-59.452425266451812,-34.382679230460248],[-59.452418224396524,-34.383760950794461],[-59.452092036305821,-34.383759490746286],[-59.452088513040138,-34.384300350811685],[-59.452414703228101,-34.384301810889248],[-59.452412942608703,-34.384572240918573],[-59.452086751372072,-34.384570780826309],[-59.452084989680529,-34.384841210828874],[-59.452411181965829,-34.384842670935846],[-59.452409421299492,-34.385113100941048],[-59.452083227965502,-34.385111640819389],[-59.452081466227007,-34.38538207079786],[-59.451755271867817,-34.385380609792044],[-59.45176056015891,-34.384569319864625],[-59.451434368969267,-34.384567858033513],[-59.451427313672738,-34.385649577853769],[-59.451101118311833,-34.385648115094327],[-59.451099353380208,-34.385918545004536],[-59.45077315699411,-34.385917081360901],[-59.450771390990234,-34.386187511244309],[-59.4501189961912,-34.386184581319178],[-59.450120764292542,-34.385914151465265],[-59.449794567977108,-34.385912685213249],[-59.449798106206536,-34.385371825498773],[-59.450124300424548,-34.38537329172128],[-59.450126068455226,-34.385102861831186],[-59.449799875285883,-34.385101395623465],[-59.449803413373871,-34.38456053583667],[-59.449477222325449,-34.384559068789059],[-59.449475452244599,-34.384829498673703],[-59.448823068121243,-34.384826561940613],[-59.44881952369402,-34.385367421614632],[-59.448493329570397,-34.385365951914352],[-59.448473821995208,-34.388340679096778],[-59.448800027655359,-34.388342148959843],[-59.448780528758327,-34.391316874846559],[-59.449106745980316,-34.391318344002748],[-59.449103202517222,-34.391859203127751],[-59.44942942186087,-34.391860671443872],[-59.449427651142955,-34.392131101003073],[-59.449753871559238,-34.392132568464305],[-59.449752101866771,-34.392402998026235],[-59.450404544868199,-34.392405930369243],[-59.450402777250282,-34.392676359948624],[-59.451707667731981,-34.392682214257462],[-59.451709431153617,-34.392411784619128],[-59.452035652783756,-34.392413246007422],[-59.452040939760522,-34.391601956975983],[-59.452367158267023,-34.39160341745049],[-59.452372441885373,-34.39079212826649],[-59.453024872674767,-34.39079504651842],[-59.453023113590113,-34.391065476287842],[-59.45334933006896,-34.391066934124062],[-59.453345813927314,-34.391607793656121],[-59.453672032527606,-34.391609250652031],[-59.453668518390316,-34.392150110165232],[-59.453994739112105,-34.392151566320827],[-59.453989470877751,-34.392962855544191],[-59.455294366587736,-34.392968671645484],[-59.455296118492917,-34.392698241857865],[-59.456274787373353,-34.392702594758241],[-59.456276536107957,-34.392432164914744],[-59.456602758065657,-34.392433614127576],[-59.456604505727888,-34.392163184257434],[-59.457256947615029,-34.392166080044909],[-59.457258693155865,-34.39189565013357],[-59.45791113303796,-34.391898542413252],[-59.457912876457485,-34.391628112460744],[-59.458239095384336,-34.391629557281547],[-59.458242580055632,-34.391088697311282],[-59.458568796907684,-34.391090141233363],[-59.458570538159506,-34.390819711215634],[-59.45889675398579,-34.390821154253537],[-59.45889849416541,-34.390550724209227],[-59.459550923789578,-34.390553607647149],[-59.459552661848072,-34.390283177561756],[-59.460205089466953,-34.390286057492219],[-59.460206825404384,-34.39001562736577],[-59.460533038199593,-34.390017066012099],[-59.46053477306495,-34.389746635859119],[-59.460860984834326,-34.389748073621377],[-59.46086445239785,-34.389207213250316],[-59.461190662092484,-34.38920865011405],[-59.4611923947907,-34.388938219895977],[-59.461518603459538,-34.388939655875689],[-59.461520335085758,-34.388669225631112],[-59.461846542728793,-34.388670660726781],[-59.46184827328306,-34.388400230455709],[-59.462174479900284,-34.388401664667406],[-59.46217620938264,-34.388131234369844],[-59.462828620588525,-34.388134100155717],[-59.462832075288738,-34.387593239466739],[-59.463484482391344,-34.387596101716817],[-59.463486207609279,-34.387325671325442],[-59.463812410146254,-34.387327101131795],[-59.463819306592981,-34.386245379388185],[-59.463493108251129,-34.3862439496394],[-59.463496558434095,-34.385703088724114],[-59.463170362212715,-34.38570165813465],[-59.463173814401145,-34.385160797199958],[-59.462847620300195,-34.385159365769866],[-59.462849347408586,-34.384888935298854],[-59.462523154379333,-34.384887503013736],[-59.462526610624415,-34.384346642064415],[-59.462200419715536,-34.384345208938711],[-59.462202148852192,-34.384074778460409],[-59.461875959014996,-34.384073344479731],[-59.461877689177243,-34.383802914003802],[-59.461551500411751,-34.38380147916817],[-59.461553231599531,-34.383531048694643],[-59.461227043905737,-34.383529613004065],[-59.461228776119057,-34.383259182532953],[-59.460902589496953,-34.383257745987429],[-59.460906055951511,-34.382716885037958],[-59.460579871449674,-34.382715447652018],[-59.460581605690862,-34.382445017173687],[-59.460255422260701,-34.382443578932858],[-59.460258892770838,-34.381902717968998],[-59.459932711460873,-34.381901278887788],[-59.459934447729772,-34.381630848402288],[-59.459608267491475,-34.381629408466239],[-59.459610004785731,-34.381358977983176],[-59.459283825619103,-34.381357537192301],[-59.459285563938707,-34.381087106711711],[-59.45895938584372,-34.381085665066024],[-59.458962864510369,-34.38054480409771],[-59.458636688535513,-34.380543361611743],[-59.458638428882516,-34.380272931124054],[-59.458312253979294,-34.38027148778334],[-59.458315736700555,-34.379730626800836],[-59.457989563917415,-34.379729182619926],[-59.457993048642649,-34.379188321618322],[-59.45766687797952,-34.379186876597245],[-59.457670364708612,-34.378646015576521],[-59.457344196165465,-34.378644569715327],[-59.457347684898288,-34.378103708675503],[-59.457021518475088,-34.378102261974213],[-59.457023263854936,-34.377831831450798],[-59.456697098503305,-34.377830383894853],[-59.456698844908232,-34.377559953373975]],[[-59.460609350406806,-34.378118127881734],[-59.460283183751741,-34.37811668987257],[-59.460281448831971,-34.378387120529212],[-59.460607616535384,-34.378388558552849],[-59.460609350406806,-34.378118127881734]],[[-59.419184507863818,-34.378198974955602],[-59.418858343208754,-34.378197426542137],[-59.418856475127569,-34.378467855276696],[-59.419182640830947,-34.378469403705758],[-59.419184507863818,-34.378198974955602]],[[-59.466801379300442,-34.378956577701942],[-59.466475209063645,-34.378955156164999],[-59.466473493993796,-34.379225587059096],[-59.466799665278991,-34.379227008610378],[-59.466801379300442,-34.378956577701942]],[[-59.384605261137203,-34.378841287195449],[-59.384279096054073,-34.378839646598706],[-59.384277116774392,-34.379110073594795],[-59.38460328290585,-34.379111714208051],[-59.384605261137203,-34.378841287195449]],[[-59.449161657582117,-34.382935021399668],[-59.448509288186685,-34.382932083134826],[-59.448507515101639,-34.383202513047443],[-59.447855143703563,-34.383199571275505],[-59.447848042738102,-34.384281290686914],[-59.449152802406566,-34.384287170990085],[-59.449158115582712,-34.383475881272005],[-59.449484302413005,-34.383477349129933],[-59.449486072375912,-34.383206919185021],[-59.449159886594209,-34.383205451341865],[-59.449161657582117,-34.382935021399668]],[[-59.452095559477591,-34.383218630632697],[-59.45176937350756,-34.383217169744562],[-59.45176584823858,-34.383758029828748],[-59.452092036305821,-34.383759490746286],[-59.452095559477591,-34.383218630632697]],[[-59.451443187561019,-34.383215707987027],[-59.4507908157385,-34.383212781863861],[-59.450785518362288,-34.384024071839541],[-59.450459329340482,-34.38402260742965],[-59.450457562452719,-34.384293037382683],[-59.450783752523151,-34.384294501807304],[-59.450781986660495,-34.384564931763038],[-59.451108177803114,-34.384566395332996],[-59.451109942617123,-34.384295965362519],[-59.451762322875638,-34.384298889864716],[-59.451764085568847,-34.384028459852743],[-59.451437896476484,-34.38402699805107],[-59.451443187561019,-34.383215707987027]],[[-59.448170684092361,-34.384823621729844],[-59.447844492113397,-34.384822150320296],[-59.44784271676555,-34.385092580118915],[-59.448168909793203,-34.385094051543277],[-59.448170684092361,-34.384823621729844]],[[-59.405105901634748,-34.385703589744253],[-59.404779708705199,-34.385702003508364],[-59.404777794832782,-34.385972431226392],[-59.405103988811014,-34.385974017478262],[-59.405105901634748,-34.385703589744253]],[[-59.405710511771261,-34.392467450135641],[-59.404079416016316,-34.392459516959775],[-59.404077499408032,-34.392729944344168],[-59.403751279284577,-34.392728355084039],[-59.403749361601697,-34.392998782440337],[-59.403096919333372,-34.39299560127909],[-59.403094999526814,-34.393266028591306],[-59.402442555262695,-34.393262843919302],[-59.40244063333239,-34.393533271187408],[-59.402114410189668,-34.393531677530852],[-59.402112487184645,-34.393802104770842],[-59.401786263018444,-34.393800510228559],[-59.401782414833299,-34.394341364640219],[-59.401456188594516,-34.394339769196115],[-59.401454263414358,-34.394610196367772],[-59.400801808915531,-34.394607002838271],[-59.400799881611398,-34.394877429965732],[-59.400473653351341,-34.39487583188032],[-59.400471724972377,-34.395146258979615],[-59.399819266431088,-34.395143060167392],[-59.39981733592807,-34.39541348722242],[-59.399491105646838,-34.39541188649558],[-59.399483379180616,-34.39649359453054],[-59.399809613658689,-34.396495195321819],[-59.399803821686483,-34.397306476269627],[-59.400130059338068,-34.39730807623944],[-59.400126199993196,-34.397848930176515],[-59.399799960243037,-34.397847330174493],[-59.39979802948271,-34.398117757108828],[-59.400124270282191,-34.398119357126966],[-59.400122340545472,-34.398389784065316],[-59.400448582420005,-34.398391383229722],[-59.400444724968096,-34.398932237102443],[-59.400770968967024,-34.398933835429176],[-59.400778679570678,-34.397852127571113],[-59.402083639033776,-34.397858511922394],[-59.402085562423252,-34.397588084863429],[-59.402411801303856,-34.397589678760653],[-59.40241564590734,-34.397048824574448],[-59.402741882714992,-34.397050417569773],[-59.402743803929035,-34.396779990442525],[-59.403396275522624,-34.396783173791732],[-59.403398194612578,-34.396512746620381],[-59.40372442939848,-34.396514336974292],[-59.403728265403217,-34.395973482563349],[-59.404380730854783,-34.395976660597839],[-59.404382646720393,-34.395706233342267],[-59.404708878435287,-34.39570782103889],[-59.404712707991536,-34.395166966459598],[-59.40503893763357,-34.395168553254507],[-59.405042764989425,-34.394627698595002],[-59.40536899255865,-34.394629284488239],[-59.405372817714237,-34.394088429748528],[-59.405699043210682,-34.394090014740129],[-59.4057047776056,-34.393278732492199],[-59.406030999980231,-34.393280316566241],[-59.406034820684667,-34.392739461642066],[-59.405708600408175,-34.392737877599906],[-59.405710511771261,-34.392467450135641]],[[-59.442897872552301,-34.392912856862623],[-59.44191920342913,-34.392908396946552],[-59.441917408487647,-34.393178826115346],[-59.441591184445329,-34.3931773377223],[-59.441589388430828,-34.393447766864035],[-59.441263163363324,-34.3934462775863],[-59.441259569164252,-34.393987135803641],[-59.440933342022468,-34.393985645626209],[-59.440935140183115,-34.393715216538553],[-59.440608914114421,-34.393713725506423],[-59.440607114904637,-34.393984154579051],[-59.439954660740923,-34.393981169875573],[-59.439952859408898,-34.394251598906102],[-59.439626631313914,-34.394250105234754],[-59.439628433695106,-34.393979676219253],[-59.439302206673261,-34.393978181693221],[-59.439300403242932,-34.394248610693666],[-59.436364351687445,-34.394235120686218],[-59.436362538790689,-34.394505549538813],[-59.435710081056563,-34.394502542162115],[-59.435708266037295,-34.394772970972369],[-59.43538203615735,-34.394771465964268],[-59.435380220064708,-34.395041894747322],[-59.435053989159783,-34.395040388854326],[-59.435052171993746,-34.395310817610138],[-59.434399708158182,-34.395307803184537],[-59.434397888869505,-34.395578231897964],[-59.43374542303247,-34.39557521396295],[-59.43374360162111,-34.395845642633951],[-59.433417367689799,-34.395844132346575],[-59.433415545204902,-34.396114560990277],[-59.432763075316657,-34.396111537775795],[-59.432761250709,-34.396381966377021],[-59.432435014752102,-34.396380453449872],[-59.432433189070856,-34.39665088202382],[-59.431454478198397,-34.396646337977835],[-59.431452649345005,-34.396916766493995],[-59.430800173453335,-34.396913732750484],[-59.430798342476955,-34.397184161224018],[-59.430472103518447,-34.397182643032252],[-59.430470271468373,-34.397453071478452],[-59.429817791525977,-34.397450032454898],[-59.429814123155282,-34.397990889249925],[-59.429487881122107,-34.39798936840279],[-59.429486045850759,-34.398259796766894],[-59.429159802792675,-34.3982582750346],[-59.429157966447512,-34.398528703371355],[-59.428831722364556,-34.398527180753867],[-59.428829884945529,-34.398797609063216],[-59.428177394754364,-34.398794561187991],[-59.428175555212093,-34.399064989454594],[-59.42784930910387,-34.399063464196836],[-59.427847468487691,-34.399333892436033],[-59.427521221354631,-34.399332366293017],[-59.42751937966451,-34.399602794504787],[-59.427193131506549,-34.399601267476513],[-59.4271894459538,-34.400142123833128],[-59.426863195721545,-34.400140595904197],[-59.426861351858882,-34.400411024049028],[-59.426208849369203,-34.400407965550691],[-59.426207003383027,-34.400678393652662],[-59.425880751125618,-34.400676863083198],[-59.425878904065371,-34.400947291157706],[-59.425552650783089,-34.4009457597029],[-59.425550802648729,-34.401216187749924],[-59.425224548341582,-34.401214655409774],[-59.425222699133087,-34.401485083429293],[-59.424896443801089,-34.401483550203764],[-59.424894593518403,-34.401753978195806],[-59.42456833716156,-34.401752444084849],[-59.424564634423142,-34.402293300001894],[-59.424238375991862,-34.402291764990068],[-59.424234671055622,-34.402832620827944],[-59.424560931586029,-34.402834155870657],[-59.424559080130457,-34.403104583786956],[-59.424885341735127,-34.403106117975121],[-59.424881640849208,-34.40364697380241],[-59.425207904577753,-34.403648507151424],[-59.425206055147441,-34.403918935062393],[-59.425532319950271,-34.403920467556816],[-59.425530471544953,-34.404190895471153],[-59.42585673742208,-34.404192427110956],[-59.425854890041791,-34.404462855028669],[-59.426181156993188,-34.40446438581381],[-59.426179310637956,-34.404734813734862],[-59.426505578663644,-34.404736343665377],[-59.426503733333476,-34.405006771589754],[-59.426830002433455,-34.405008300665592],[-59.426828158128409,-34.405278728593288],[-59.427154428302678,-34.405280256814436],[-59.42715258502276,-34.405550684745471],[-59.427478856271321,-34.405552212111921],[-59.427477014016567,-34.405822640046267],[-59.42780328633939,-34.405824166557977],[-59.427801445109871,-34.406094594495613],[-59.428127718506978,-34.406096120152597],[-59.428125878302652,-34.40636654809353],[-59.428452152774071,-34.406368072895752],[-59.428450313595,-34.406638500839975],[-59.428776589140682,-34.406640024787414],[-59.428774750986904,-34.406910452734913],[-59.429427304251334,-34.406913498050088],[-59.42942546817266,-34.407183926016145],[-59.430078023634586,-34.407186967881408],[-59.430079857613642,-34.406916539884719],[-59.431058687840398,-34.406921096110686],[-59.43106051864563,-34.406650668056074],[-59.431386794386917,-34.406652185042539],[-59.431397772407522,-34.405029616369944],[-59.431724041874716,-34.405031132394718],[-59.431725870409771,-34.40476070422514],[-59.432052138851631,-34.404762219364585],[-59.432055793749292,-34.404221362958786],[-59.432382060116169,-34.404222877197661],[-59.432383886478817,-34.403952448961419],[-59.43271015182038,-34.403953962315043],[-59.432713802373399,-34.40341310577589],[-59.433366328930909,-34.40341612981215],[-59.433369975188199,-34.402875273163879],[-59.43304371399649,-34.402873761611197],[-59.433047362255742,-34.402332904945105],[-59.43239484414358,-34.402329879290654],[-59.432400322647389,-34.401518594292462],[-59.432726578542692,-34.401520107508986],[-59.432722928330215,-34.402060964216972],[-59.433049186348903,-34.402062476593997],[-59.433052834462309,-34.401521619855558],[-59.433379090406234,-34.401523131332169],[-59.433377267411203,-34.401793559722634],[-59.434029781470983,-34.401796580096381],[-59.434027960550758,-34.402067008505185],[-59.434354218666606,-34.402068517402299],[-59.434352398771672,-34.402338945814222],[-59.434678657961335,-34.402340453856532],[-59.434673201279786,-34.403151739065514],[-59.434999463642434,-34.403153246283338],[-59.434997645749718,-34.403423674677391],[-59.434671382337442,-34.403422167444383],[-59.43466046817435,-34.405044737464358],[-59.434334198488344,-34.405043229270248],[-59.43432691769582,-34.406124942314968],[-59.434000643835148,-34.406123433190025],[-59.433997001193774,-34.406664289609637],[-59.433670725257812,-34.406662779584188],[-59.433661612980508,-34.408014920346162],[-59.433335331819727,-34.408013409374554],[-59.433333508241525,-34.408283837475558],[-59.433007226055189,-34.408282325618565],[-59.433005401402809,-34.408552753692277],[-59.43333168463905,-34.408554265564497],[-59.433329861012247,-34.408824693641378],[-59.433656145322672,-34.408826204658617],[-59.433657967899585,-34.40855577656653],[-59.433984251184405,-34.408557286698361],[-59.433982429657405,-34.408827714805639],[-59.43594013617502,-34.408836757413717],[-59.435938320923192,-34.409107185599964],[-59.439201177552185,-34.40912218714849],[-59.439199372775413,-34.409392615473664],[-59.440830807242392,-34.409400083690251],[-59.440832606769519,-34.409129655289924],[-59.44507432553614,-34.409148970642995],[-59.445076111390378,-34.408878542036213],[-59.446707537508331,-34.408885931784233],[-59.446709318089241,-34.408615503090999],[-59.447035602334168,-34.408616978415147],[-59.447037381841461,-34.408346549695011],[-59.447363665060202,-34.408348024134114],[-59.447369000290188,-34.407536737856866],[-59.447695280383059,-34.407538211381265],[-59.447714829520656,-34.404563493939847],[-59.44804109808976,-34.404564966431082],[-59.448042874092302,-34.404294537485612],[-59.447716606572875,-34.404293065009213],[-59.447718383601419,-34.4040226360665],[-59.448044650071175,-34.404024108528084],[-59.448062408558151,-34.401319818289686],[-59.447736152584334,-34.401318345976314],[-59.447759248722072,-34.397802767056675],[-59.447433006414535,-34.397801294066099],[-59.447440116310695,-34.396719577124856],[-59.447113878224094,-34.396718103323792],[-59.447117435128582,-34.396177244810502],[-59.446791199164224,-34.396175770169314],[-59.446792978630164,-34.395905340909444],[-59.446466743738753,-34.395903865413295],[-59.446470304697954,-34.395363006887095],[-59.446144071928742,-34.395361530550893],[-59.446145853421946,-34.395091101284557],[-59.445819621725683,-34.395089624093472],[-59.445823186739247,-34.394548765554369],[-59.44517072761473,-34.394545808622453],[-59.445172512184207,-34.394275379364593],[-59.443541370035199,-34.39426797188888],[-59.443546739337933,-34.393456684266653],[-59.443220514127034,-34.393455200207157],[-59.443222304896025,-34.393184770990572],[-59.442896080758096,-34.393183286076315],[-59.442897872552301,-34.392912856862623]],[[-59.450720166638014,-34.39402997262021],[-59.449089027720319,-34.394022639145625],[-59.449087255764439,-34.394293068593626],[-59.448434798264259,-34.394290129086109],[-59.448433024186428,-34.394560558492444],[-59.448106794422635,-34.394559087419289],[-59.448099693678067,-34.395640804864875],[-59.448425927638667,-34.395642275997268],[-59.448420604979582,-34.396453563999295],[-59.448746842111575,-34.396455034306314],[-59.448745068893871,-34.396725463631036],[-59.44907130709877,-34.396726933083059],[-59.449069534906727,-34.396997362410488],[-59.449722013485967,-34.397000298734625],[-59.449723783579444,-34.39672986937763],[-59.450376260154449,-34.396732802192986],[-59.450378028125769,-34.39646237279441],[-59.450704265399352,-34.396463837882592],[-59.450706032297845,-34.396193408457215],[-59.451032268545681,-34.396194872660864],[-59.451034034371375,-34.395924443208699],[-59.451360269593522,-34.395925906527829],[-59.451363799075843,-34.395385047557859],[-59.451690032223034,-34.395386509977747],[-59.451693559512854,-34.394845650930137],[-59.451367328464066,-34.394844188539679],[-59.451370857758221,-34.394303329473274],[-59.450718399927901,-34.394300402142051],[-59.450720166638014,-34.39402997262021]],[[-59.381230212454106,-34.394239153124609],[-59.380903987859043,-34.394237502889133],[-59.380901996584086,-34.39450792903132],[-59.381228222228245,-34.394509579283394],[-59.381230212454106,-34.394239153124609]],[[-59.391341230284645,-34.394560305722599],[-59.391015003824705,-34.394558682431494],[-59.391013045046307,-34.394829109072532],[-59.391339272555363,-34.394830732379965],[-59.391341230284645,-34.394560305722599]],[[-59.413841491323261,-34.396022351137255],[-59.413515257849909,-34.396020787778205],[-59.413511484799123,-34.396561643141524],[-59.413837720370957,-34.396563206532065],[-59.413841491323261,-34.396022351137255]],[[-59.415468898606719,-34.396571010437903],[-59.41481642723712,-34.396567891484956],[-59.414814544871057,-34.396838319211405],[-59.414162071503313,-34.396835196747837],[-59.414158302498777,-34.397376052101713],[-59.414810780063647,-34.397379174628135],[-59.414812662479896,-34.397108746925809],[-59.415138900250675,-34.397110306868584],[-59.41513513749171,-34.397651162292576],[-59.414808897622322,-34.397649602318388],[-59.414807015155894,-34.397920029996605],[-59.415785737987186,-34.397924707356779],[-59.415787617305668,-34.397654279631496],[-59.416113857250217,-34.397655836996208],[-59.416115735494337,-34.397385409243178],[-59.416441974414624,-34.397386965722404],[-59.416443851584432,-34.397116537941642],[-59.416117613713439,-34.39711498147809],[-59.416119491907494,-34.39684455370093],[-59.415467018339164,-34.396841438195764],[-59.415468898606719,-34.396571010437903]],[[-59.417422565347479,-34.397121202113439],[-59.417096327401467,-34.397119648259327],[-59.417094452330232,-34.397390076071403],[-59.417420691325539,-34.397391629941147],[-59.417422565347479,-34.397121202113439]],[[-59.450973983093775,-34.405119037819844],[-59.449995170521355,-34.405114641139257],[-59.449993400746152,-34.405385070137314],[-59.450972216467783,-34.40538946686214],[-59.450973983093775,-34.405119037819844]],[[-59.4095339744485,-34.405466914883078],[-59.408881434720527,-34.405463763571127],[-59.408879532631474,-34.405734190615213],[-59.408553261755792,-34.405732613638257],[-59.408549455402195,-34.406273467658472],[-59.40822318245241,-34.406271889779674],[-59.408219373897829,-34.406812743719854],[-59.407893098873885,-34.406811164939178],[-59.407887382702285,-34.407622445711254],[-59.408539939074338,-34.407625602497831],[-59.408536132365647,-34.408166456349093],[-59.409514973412939,-34.408171185098048],[-59.40951307317011,-34.408441612053167],[-59.408860510346848,-34.408438460392311],[-59.408858607978949,-34.408708887303639],[-59.409837455401437,-34.408713613537245],[-59.409841253812715,-34.408172759607375],[-59.4101675342378,-34.408174333246535],[-59.410169432355623,-34.407903906247661],[-59.410495711756148,-34.407905479000831],[-59.410499505816276,-34.407364624935212],[-59.410825783142442,-34.407366196786604],[-59.410829575001848,-34.406825342641064],[-59.410503299775264,-34.406823770821326],[-59.410505196716841,-34.406553343746282],[-59.410178922565315,-34.406551771072259],[-59.410180820531373,-34.406281344000988],[-59.409854547454884,-34.406279770472679],[-59.409858345410584,-34.405738916325596],[-59.409532074458895,-34.405737341958876],[-59.4095339744485,-34.405466914883078]],[[-59.383432465523939,-34.405338147788214],[-59.38277992993909,-34.405334857265636],[-59.382777943873897,-34.405605283012264],[-59.382451675071479,-34.405603636429319],[-59.382447700762263,-34.406144487853197],[-59.382121429886908,-34.406142840367011],[-59.382117453372274,-34.406683691709425],[-59.381791180423967,-34.406682043319989],[-59.381787201703823,-34.407222894580912],[-59.381460926682472,-34.40722124528817],[-59.381454955254021,-34.408032522039179],[-59.381781233424753,-34.408034171381715],[-59.381777254439491,-34.408575022521859],[-59.382103534736423,-34.408576671027447],[-59.382091603443591,-34.410199224257596],[-59.382417890066357,-34.410200871992508],[-59.382413914856627,-34.410741723005778],[-59.382740203605778,-34.410743369903614],[-59.382738217011159,-34.411013795408714],[-59.383390796688815,-34.411017086626835],[-59.383392781183503,-34.410746661088623],[-59.383719070012042,-34.410748305375769],[-59.383721053430328,-34.410477879808951],[-59.384047341235345,-34.410479523209318],[-59.38405130589274,-34.409938672006326],[-59.384377591624315,-34.409940314503416],[-59.384385516422562,-34.408858611886401],[-59.384711797980955,-34.408860253447202],[-59.384723678087305,-34.407237699060246],[-59.384397402827851,-34.407236057598567],[-59.384399383803,-34.406965631841658],[-59.38407310961972,-34.406963989526396],[-59.384075091618222,-34.406693563773963],[-59.383748818511108,-34.406691920605127],[-59.383752784528347,-34.406151069097071],[-59.38342651354715,-34.406149425091229],[-59.383432465523939,-34.405338147788214]],[[-59.451275533789101,-34.408906507341257],[-59.449970391522236,-34.408900646014814],[-59.449965081135183,-34.409711932466422],[-59.450291369816362,-34.409713399147613],[-59.450293138919015,-34.409442970327717],[-59.450945714252207,-34.409445901049935],[-59.450947481231402,-34.409175472188473],[-59.451273767883379,-34.409176936229521],[-59.451275533789101,-34.408906507341257]],[[-59.387650303827257,-34.408604562487362],[-59.386671461669536,-34.408599658738481],[-59.386669487884994,-34.408870084538378],[-59.386343206168476,-34.408868448198618],[-59.386341231307753,-34.409138873969979],[-59.386014948567684,-34.409137236743568],[-59.386010996667515,-34.409678088217106],[-59.385684711853969,-34.409676450087559],[-59.385682734814473,-34.409946875789728],[-59.386009020677896,-34.409948513935795],[-59.386005068619731,-34.410489365336886],[-59.387636508831037,-34.410497543178643],[-59.387638479623583,-34.410227117401831],[-59.38829105379218,-34.410230382414099],[-59.388293022458583,-34.409959956592338],[-59.388619308532306,-34.409961587776735],[-59.388621276122549,-34.409691161926489],[-59.388947561172579,-34.409692792224256],[-59.388949527686705,-34.409422366345517],[-59.388623243686574,-34.40942073606417],[-59.388625211224394,-34.409150310189773],[-59.388298928300387,-34.409148679054645],[-59.388300896861843,-34.408878253184596],[-59.38764833319231,-34.408874988336628],[-59.387650303827257,-34.408604562487362]],[[-59.377861892948474,-34.408555172582396],[-59.376230493459815,-34.408546864792527],[-59.376228486079924,-34.408817290061094],[-59.37557592437193,-34.408813960820524],[-59.375573914865562,-34.409084386043496],[-59.374921351164943,-34.409081053288737],[-59.374919339532056,-34.409351478466078],[-59.374593056672083,-34.409349810766656],[-59.37458701846279,-34.410161086175883],[-59.374913304472472,-34.410162753925661],[-59.374907269171601,-34.41097402927651],[-59.375233558357913,-34.410975696206435],[-59.375229536789924,-34.411516546413495],[-59.37555582810301,-34.411518212506678],[-59.375551808527824,-34.412059062698958],[-59.375878101967729,-34.412060727955428],[-59.375866048899752,-34.41368327834288],[-59.375539749159458,-34.413681612985862],[-59.375533719113662,-34.414492887966233],[-59.375207416249765,-34.414491221688579],[-59.375199371612965,-34.415572921426197],[-59.374873064575162,-34.415571254211081],[-59.374871052298758,-34.415841679098506],[-59.374544744237568,-34.41584001099622],[-59.374552797383117,-34.414758311441169],[-59.374226493549507,-34.414756642535679],[-59.37422850781897,-34.41448621763351],[-59.373902205062379,-34.414484547874459],[-59.373906235621035,-34.413943698067484],[-59.373579934991582,-34.413942027471712],[-59.373581951280734,-34.413671602566914],[-59.37325565172825,-34.413669931117639],[-59.37325766904064,-34.41339950621758],[-59.373583967543034,-34.413401177650044],[-59.373590016168677,-34.412589902826937],[-59.373916311547717,-34.412591573338652],[-59.373920341730411,-34.412050723362555],[-59.374246635036243,-34.412052392970388],[-59.374248649037284,-34.411781967947398],[-59.373922356781463,-34.411780298356383],[-59.373924371805678,-34.41150987333814],[-59.373598080626721,-34.411508202893664],[-59.373600096674046,-34.411237777880146],[-59.373273806571952,-34.411236106582244],[-59.373275823642388,-34.410965681573472],[-59.37229695664734,-34.410960662508835],[-59.372294936426982,-34.411231087467108],[-59.371642356464932,-34.41122773703912],[-59.371640334117672,-34.411498161951585],[-59.371314043127086,-34.41149648541537],[-59.37131201970287,-34.411766910298887],[-59.370985727689259,-34.411765232875531],[-59.370987752163444,-34.411494808008889],[-59.370661461226803,-34.411493129732172],[-59.370651333335871,-34.412845253860048],[-59.370977629522635,-34.412846932221221],[-59.370969530924341,-34.413928631373622],[-59.370643230537205,-34.41392695294487],[-59.370645256277371,-34.413656528191787],[-59.370318956967346,-34.413654848909616],[-59.370320983730601,-34.413384424161357],[-59.369994685497694,-34.41338274402576],[-59.369992657684335,-34.413653168757129],[-59.369666358428347,-34.413651487734313],[-59.369668387291789,-34.413381063019877],[-59.369342089112926,-34.413379381143677],[-59.369338029258785,-34.413920230526621],[-59.369011729006786,-34.413918547746235],[-59.369007666944192,-34.414459397046976],[-59.369333969296463,-34.41446107986124],[-59.369329909225897,-34.415001929147515],[-59.36998251821219,-34.415005292232685],[-59.369980490236699,-34.415275716891564],[-59.371285712734213,-34.415282432685103],[-59.37127964124803,-34.416093706791976],[-59.37160595009049,-34.416095383615044],[-59.371603927258072,-34.416365808310054],[-59.372582857097854,-34.416370833607459],[-59.372580837389215,-34.416641258340945],[-59.374212392911616,-34.416649616512593],[-59.37420836391631,-34.417190466111542],[-59.374534677201936,-34.417192135168207],[-59.374528636658553,-34.418003409526399],[-59.37485495312194,-34.418005077762999],[-59.374852940604157,-34.418275502541697],[-59.375179258144698,-34.4182771699246],[-59.375177246650438,-34.418547594707988],[-59.37550356526814,-34.418549261237203],[-59.375501554797438,-34.418819686025287],[-59.376154194213932,-34.418823016505769],[-59.376152185817226,-34.41909344131529],[-59.376478506616017,-34.419095105266528],[-59.376476499242898,-34.419365530080732],[-59.377129143021506,-34.419368855405189],[-59.377127137722482,-34.419639280240752],[-59.377779783708803,-34.419642602116618],[-59.377781786907015,-34.419372177247602],[-59.378434430899297,-34.419375495608008],[-59.378436431970009,-34.419105070693533],[-59.379089073968167,-34.419108385538529],[-59.379091072911443,-34.418837960578635],[-59.379743712915385,-34.418841271908313],[-59.379745709731303,-34.418570846902995],[-59.380072028722829,-34.41857250124545],[-59.380076020174108,-34.418031651165279],[-59.380402337091532,-34.418033304603973],[-59.380404331726943,-34.417762879529143],[-59.380730647620609,-34.417764532080739],[-59.380732641179129,-34.417494106977202],[-59.381058956049046,-34.417495758641707],[-59.381062940985785,-34.416954908365156],[-59.381389253781677,-34.416956559125978],[-59.381397219135522,-34.415874858361462],[-59.380091984915381,-34.415868250361527],[-59.380093980388367,-34.415597825206703],[-59.37976767295001,-34.415596171047369],[-59.379769669446596,-34.415325745897107],[-59.379443363085031,-34.415324090884063],[-59.37944536060521,-34.41505366573837],[-59.379119055320466,-34.415052009871587],[-59.379121053864189,-34.414781584730498],[-59.378794749656265,-34.414779928010027],[-59.378798748764126,-34.414239077724943],[-59.378472446683141,-34.414237420167474],[-59.378474447247235,-34.413966995023493],[-59.378800748278088,-34.413968652564272],[-59.378808746067484,-34.412886951800822],[-59.379135042924588,-34.412888608404586],[-59.379143036087491,-34.411806907381191],[-59.379469328771073,-34.411808563047998],[-59.379479314375601,-34.410456436413675],[-59.379153026941935,-34.410454780830179],[-59.379159021135045,-34.409643504754619],[-59.378832736877762,-34.409641848350901],[-59.378834735938767,-34.409371422984911],[-59.378508452758012,-34.409369765727696],[-59.378510452842271,-34.409099340366289],[-59.378184170738059,-34.409097682255577],[-59.378186171845506,-34.408827256898782],[-59.377859890817824,-34.408825597934573],[-59.377861892948474,-34.408555172582396]],[[-59.454533124812116,-34.40973238681196],[-59.453880546862358,-34.409729475205424],[-59.45387878928576,-34.409999904175073],[-59.452247339571635,-34.409992609856182],[-59.452249102398078,-34.409722180959953],[-59.451270236001307,-34.40971779396984],[-59.451268470024971,-34.40998822282193],[-59.450942180223144,-34.409986758736686],[-59.450940413173285,-34.410257187561996],[-59.449961540759205,-34.410252790040545],[-59.449959770535827,-34.410523218809523],[-59.450286062366942,-34.410524685535016],[-59.450284293169979,-34.410795114306694],[-59.450610586074681,-34.410796580176672],[-59.450608817904154,-34.411067008951044],[-59.450935111882444,-34.411068473965514],[-59.450933344738395,-34.411338902742571],[-59.451259639790273,-34.411340366901484],[-59.451254341367012,-34.412151653204546],[-59.454191026243137,-34.412164791868562],[-59.454192782957044,-34.411894362980696],[-59.455171675187444,-34.41189872682579],[-59.455176935738208,-34.411087439958116],[-59.455503230044933,-34.411088892788662],[-59.455506734861899,-34.410548034787368],[-59.454854150471903,-34.410545128314496],[-59.454855904945354,-34.410274699325022],[-59.454529613835412,-34.410273244797828],[-59.454533124812116,-34.40973238681196]],[[-59.449965081135183,-34.409711932466422],[-59.449638792477614,-34.409710464914973],[-59.449637021251441,-34.409980893693302],[-59.449963310958999,-34.409982361259516],[-59.449965081135183,-34.409711932466422]],[[-59.428100112866979,-34.410152537999942],[-59.427121245505589,-34.41014795772724],[-59.427119401783443,-34.410418385441112],[-59.426793111662136,-34.410416856927704],[-59.426791266865436,-34.410687284614134],[-59.42646497571873,-34.410685755215077],[-59.426461283951568,-34.411226610520984],[-59.426134990729437,-34.411225080220852],[-59.42613129676382,-34.411765935447704],[-59.42580500146623,-34.411764404246476],[-59.425797609039314,-34.41284611449376],[-59.42547130956607,-34.412844582360577],[-59.425462063227535,-34.414196719821113],[-59.425135758528242,-34.414195186740493],[-59.425128356812998,-34.415276896430044],[-59.424802047937575,-34.415275362417297],[-59.424796493241438,-34.416086644511445],[-59.424470181239947,-34.41608510958195],[-59.424466475885261,-34.416625964220181],[-59.42414016180787,-34.416624428389341],[-59.424134600439686,-34.41743571020983],[-59.423808283236063,-34.417434173462141],[-59.423802718494443,-34.418245455127632],[-59.423476398164468,-34.418243917463073],[-59.42347454215075,-34.418514344645288],[-59.423148220795106,-34.418512806094746],[-59.423142649454356,-34.419324087522561],[-59.422816324972231,-34.419322548055042],[-59.422805175319596,-34.420945110491957],[-59.422478844559357,-34.420943570060892],[-59.42244723117409,-34.42554082767623],[-59.422773579795184,-34.425542368370834],[-59.422758708836085,-34.427705782636522],[-59.423085065888465,-34.42770732258434],[-59.42308320795798,-34.427977749328761],[-59.423735924238748,-34.427980826642973],[-59.423734068385286,-34.428251253406273],[-59.424060427613682,-34.428252790772632],[-59.424058572786379,-34.428523217539322],[-59.424384933090408,-34.428524754050308],[-59.424383079289306,-34.428795180820408],[-59.424709440668941,-34.428796716476022],[-59.42470758789409,-34.429067143249505],[-59.425360312829284,-34.429070211979102],[-59.425362163502292,-34.428799785174732],[-59.425688524955959,-34.428801318217843],[-59.425694073674229,-34.427990037686115],[-59.426346790350053,-34.427993101067322],[-59.426357874510977,-34.426370539493078],[-59.426684226580754,-34.426372069785081],[-59.42668607280396,-34.426101642798407],[-59.427012423847536,-34.426103172204243],[-59.427014268995343,-34.425832745190114],[-59.427666969054698,-34.425835801358801],[-59.427665126008456,-34.426106228403668],[-59.427991477125772,-34.426107755197243],[-59.42798779306122,-34.426648609281528],[-59.428314146304693,-34.426650135235057],[-59.428312305286418,-34.426920562274454],[-59.428638659605234,-34.426922087372567],[-59.428634979596794,-34.42746294144586],[-59.428961336041844,-34.427464465703849],[-59.4289594970517,-34.427734892737739],[-59.429285854572107,-34.427736416140263],[-59.429282178620092,-34.428277270202479],[-59.429608538266805,-34.42827879276485],[-59.429606701304955,-34.42854921979319],[-59.429933062027047,-34.428550741500025],[-59.429931226091654,-34.428821168531591],[-59.430257587889137,-34.428822689382926],[-59.430250248106717,-34.429904397449789],[-59.430576614132505,-34.429905917491439],[-59.430574780176769,-34.430176344493283],[-59.430901147277972,-34.430177863679347],[-59.430899314348807,-34.430448290684424],[-59.431878418952003,-34.43045284306308],[-59.431880248728142,-34.430182416012201],[-59.432206615926987,-34.430183931714701],[-59.43220844462774,-34.429913504636524],[-59.43253481079995,-34.429915019452913],[-59.432536638425347,-34.429644592347422],[-59.433189368740869,-34.429647619337075],[-59.433193019714743,-34.429106765028983],[-59.433845745923705,-34.429109788474314],[-59.433842099153686,-34.429650642843256],[-59.433515733935131,-34.429649131525615],[-59.433512084965912,-34.430189985815858],[-59.433185717669673,-34.430188473596893],[-59.433182066501168,-34.430729327808493],[-59.432855697127216,-34.430727814688204],[-59.432850217038826,-34.431539095869383],[-59.43252384453605,-34.431537581832494],[-59.432520188919895,-34.432078435862493],[-59.4321938143393,-34.432076920924189],[-59.432191985443566,-34.432347347905839],[-59.431865609836251,-34.432345832081324],[-59.431863779865019,-34.432616259035669],[-59.431537403230941,-34.432614742324937],[-59.431530078897524,-34.433696449960621],[-59.431856459736231,-34.433697966732403],[-59.431850969383568,-34.434509247378237],[-59.432177353400284,-34.434510763324752],[-59.432173695145707,-34.435051617058846],[-59.431847309026502,-34.435050101081799],[-59.431849139217228,-34.434779674236047],[-59.431522754173663,-34.434778157403237],[-59.431520922931703,-34.435048584233726],[-59.431194536861277,-34.435047066514585],[-59.431192704543648,-34.435317493317747],[-59.430866317446402,-34.435315974712289],[-59.430857150235369,-34.436668108470677],[-59.431509934967345,-34.436671144963249],[-59.431508103554535,-34.436941571709283],[-59.431834497008495,-34.436943088664194],[-59.431832666622633,-34.437213515413411],[-59.43215906115234,-34.437215031512487],[-59.432160890486834,-34.436944604748],[-59.432813677516641,-34.4369476343023],[-59.432817331907124,-34.43640678067618],[-59.433143723355869,-34.436408294116212],[-59.433141897224154,-34.436678720950532],[-59.433794682297318,-34.436681745247739],[-59.433792858243955,-34.436952172100419],[-59.434772039190037,-34.436956702058566],[-59.434773860089351,-34.436686275160319],[-59.435100252735253,-34.43668778338899],[-59.43509843288728,-34.436958210302407],[-59.435751220354526,-34.43696122417672],[-59.435756673517645,-34.436149943309296],[-59.436083064133598,-34.436151448894378],[-59.436086697351946,-34.435610594892132],[-59.436739474451244,-34.435613603388475],[-59.436743103367661,-34.435072749277431],[-59.436416716908468,-34.435071245495067],[-59.436418532381666,-34.434800818436578],[-59.437071303221721,-34.43480382510004],[-59.437073116568243,-34.434533397999225],[-59.437399500973278,-34.43453490000929],[-59.437401313244401,-34.43426447288131],[-59.438054080024493,-34.434267474258114],[-59.438052269855802,-34.434537901416284],[-59.438378654333277,-34.434539400813236],[-59.438380463450706,-34.434268973639981],[-59.439033230375472,-34.434271969790679],[-59.439036844333209,-34.433731115347669],[-59.439363225729316,-34.433732612086345],[-59.439366837488357,-34.433191757564991],[-59.440019596148005,-34.433194748369161],[-59.440021399889126,-34.43292432106027],[-59.440347778203858,-34.432925815140841],[-59.440345975513914,-34.433196242464746],[-59.440672354903839,-34.433197735689347],[-59.440675958157378,-34.432656880999424],[-59.441328712804619,-34.43265986477563],[-59.441330512293121,-34.432389437382554],[-59.441983264934017,-34.432392417644884],[-59.441992251505901,-34.431040280348633],[-59.441665880428928,-34.431038790727875],[-59.441671275237745,-34.430227508250354],[-59.441344907337843,-34.430226017803662],[-59.441350305083958,-34.429414735262554],[-59.441023940361006,-34.429413243990005],[-59.441027540840444,-34.428872388932291],[-59.440701178243415,-34.428870896818907],[-59.440706581935402,-34.428059614186935],[-59.440053863118891,-34.428056627437762],[-59.440055666403332,-34.427786199899671],[-59.439729308082015,-34.427784705233897],[-59.439731112393297,-34.427514277698805],[-59.439078397924547,-34.427511285784902],[-59.439083817019267,-34.42670000319756],[-59.438431108951917,-34.426697007890866],[-59.438432917370328,-34.42642658036776],[-59.438759270341137,-34.426428078441425],[-59.438761077684632,-34.426157650891192],[-59.438434725764623,-34.426156152832597],[-59.438436534134837,-34.425885725285369],[-59.438762885004031,-34.425887223328886],[-59.438771921239805,-34.424535085336444],[-59.438445575624357,-34.424533587368288],[-59.438449192051486,-34.423992732117028],[-59.438122848561541,-34.423991233308328],[-59.438128276173515,-34.423179950386206],[-59.437801935859675,-34.423178450752083],[-59.437805556248371,-34.422637595440541],[-59.437479218059934,-34.422636094965966],[-59.437482840453342,-34.42209523963637],[-59.437156504390245,-34.422093738321351],[-59.43716012878825,-34.421552882973728],[-59.436833794850465,-34.421551380818329],[-59.43683742125296,-34.421010525452651],[-59.43651108944043,-34.4210090224569],[-59.436518346157492,-34.419927311641331],[-59.436192018571155,-34.419925807835504],[-59.436195648885558,-34.41938495238562],[-59.435869323424342,-34.419383447739527],[-59.435871139595676,-34.419113020011629],[-59.435218490846765,-34.419110008138126],[-59.435222127318539,-34.418569152706759],[-59.434895805081261,-34.418567645494541],[-59.434899443556887,-34.418026790045253],[-59.434573123444636,-34.418025281992875],[-59.434574943696461,-34.41775485426534],[-59.434248624658835,-34.417753345357653],[-59.434252267190409,-34.41721248989672],[-59.433925950277747,-34.417210980148937],[-59.433927772557453,-34.416940552415568],[-59.433601456719416,-34.416939041812519],[-59.433605103306576,-34.416398186339997],[-59.433278789593452,-34.416396674896902],[-59.43328061390087,-34.416126247157749],[-59.432954301262335,-34.41612473485943],[-59.432959777189488,-34.415313451615305],[-59.43263346772607,-34.415311938492245],[-59.432640772822552,-34.414230227392061],[-59.432314467584291,-34.414228713459551],[-59.432319949301579,-34.413417430053478],[-59.43199364723813,-34.413415915296333],[-59.431995475478672,-34.413145487485423],[-59.43166917448972,-34.413143971873168],[-59.431672832997897,-34.412603116245684],[-59.431346534133546,-34.412601599793611],[-59.431348364401153,-34.412331171977044],[-59.431022066611284,-34.412329654669939],[-59.431023897904574,-34.412059226856563],[-59.430697601189188,-34.412057708694419],[-59.430699433508124,-34.411787280884269],[-59.4303731378672,-34.411785761867108],[-59.430374971211783,-34.411515334060184],[-59.430048676645342,-34.411513814188034],[-59.430050511015509,-34.411243386384342],[-59.429724217523535,-34.411241865657225],[-59.429726052919271,-34.410971437856759],[-59.42907346810879,-34.410968393822337],[-59.429075305580056,-34.410697966040445],[-59.428749014261541,-34.410696442733176],[-59.428750852758313,-34.41042601495456],[-59.428098272294761,-34.410422965759928],[-59.428100112866979,-34.410152537999942]],[[-59.472142571455898,-34.411432262866313],[-59.470511089032428,-34.411425211862635],[-59.470509384868379,-34.411695641496287],[-59.470183087401693,-34.411694228670434],[-59.47018138216486,-34.411964658277824],[-59.469855083670815,-34.411963244567424],[-59.46985337736114,-34.412233674148531],[-59.469527077839743,-34.412232259553583],[-59.469525370457212,-34.412502689108415],[-59.46919906990847,-34.412501273628905],[-59.469197361453062,-34.412771703157411],[-59.468871059876975,-34.412770286793318],[-59.468867640797576,-34.413311145785691],[-59.468541337143968,-34.413309728522712],[-59.468537915873092,-34.413850587438368],[-59.46821161014195,-34.413849169276489],[-59.468209898422131,-34.414119598701937],[-59.467883591663593,-34.414118179655425],[-59.467880166055075,-34.414659038441634],[-59.467553857218945,-34.414657618496143],[-59.467552143330217,-34.414928047856897],[-59.467225833466692,-34.414926627026695],[-59.46722411850488,-34.415197056361073],[-59.466571496745921,-34.41519421206084],[-59.466568062552653,-34.41573507063621],[-59.466894375521235,-34.415736493250172],[-59.466896091579038,-34.415466063954192],[-59.468527651513313,-34.415473163896024],[-59.468529362296934,-34.415202734516555],[-59.470160917549883,-34.415209812626415],[-59.470159212017592,-34.415480242077123],[-59.470811836378473,-34.415483067256559],[-59.470810132923994,-34.415753496723639],[-59.471462759476275,-34.415756318449752],[-59.471467863470039,-34.414945029927132],[-59.471794173629419,-34.41494643944197],[-59.471797574078096,-34.414405580338254],[-59.472123882159664,-34.414406988954312],[-59.472125581299807,-34.414136559370206],[-59.471799274268456,-34.414135150768331],[-59.471802674581198,-34.413594291592297],[-59.472128979512163,-34.413595700165843],[-59.472135775665173,-34.412513981612499],[-59.47180947493478,-34.412512573095654],[-59.47181117496654,-34.412242143441347],[-59.472137474646814,-34.412243551944016],[-59.472142571455898,-34.411432262866313]],[[-59.43951303285975,-34.411287108901234],[-59.436250091991624,-34.411272114847563],[-59.436248277572098,-34.411542542940381],[-59.435921982568004,-34.411541038733347],[-59.435920167074237,-34.411811466798966],[-59.435593871044297,-34.411809961706517],[-59.435592054476281,-34.412080389744922],[-59.435265757420481,-34.412078883767009],[-59.435258486705877,-34.413160595739434],[-59.435584787962064,-34.413162101777985],[-59.435579337822197,-34.413973385676137],[-59.43590564225304,-34.41397489088979],[-59.435902010805769,-34.414515746791871],[-59.43622831736117,-34.414517251165449],[-59.436224687917523,-34.41505810704956],[-59.436550996597539,-34.415059610583022],[-59.436549182889678,-34.415330038522114],[-59.436875492644077,-34.415331541200288],[-59.43687186725635,-34.415872397072548],[-59.437198179135422,-34.415873898910519],[-59.437196367455591,-34.416144326843678],[-59.437522680409096,-34.416145827826348],[-59.43752086975541,-34.416416255762542],[-59.437847183783319,-34.416417755889867],[-59.437845374155806,-34.416688183829095],[-59.438171689258141,-34.416689683101069],[-59.438168072031409,-34.417230538973527],[-59.438494389258508,-34.417232037405213],[-59.438492581659339,-34.417502465338409],[-59.438818899960857,-34.417503962914687],[-59.438817093387954,-34.417774390850916],[-59.439143412763912,-34.417775887571771],[-59.439141607217309,-34.418046315510985],[-59.440120568640658,-34.418050800495742],[-59.440111556302931,-34.41940294023663],[-59.440437882077518,-34.419404433565695],[-59.44043427907522,-34.419945289407664],[-59.440107951199707,-34.419943796048557],[-59.440106148612045,-34.420214223936419],[-59.439779819710054,-34.420212729691706],[-59.439772604917117,-34.421294441062422],[-59.440098938021208,-34.42129593536729],[-59.440097135313422,-34.421566363194842],[-59.440749803694771,-34.421569349222807],[-59.440751604301433,-34.421298921365192],[-59.441077937477537,-34.421300413058248],[-59.441079737009652,-34.421029985173561],[-59.441406069159207,-34.421031475980989],[-59.441407867616789,-34.420761048069252],[-59.443039523471121,-34.420768488972634],[-59.443041316652177,-34.420498060973962],[-59.443367646844266,-34.420499546527928],[-59.443369438950903,-34.420229118502228],[-59.444022097305719,-34.420232086968554],[-59.444023887287493,-34.419961658900917],[-59.445002871847123,-34.419966105026354],[-59.445004658653623,-34.419695676901959],[-59.445657313044826,-34.419698636602973],[-59.445655528339302,-34.419969064757183],[-59.446634513255908,-34.419973497824166],[-59.446632731678065,-34.420243926010926],[-59.447285390508867,-34.420246877065793],[-59.447283611008295,-34.420517305270195],[-59.447936272034966,-34.420520252872429],[-59.447934494611737,-34.420790681094445],[-59.448260826211133,-34.420792153604502],[-59.448262602583846,-34.420521725367685],[-59.448915263752603,-34.420524667746427],[-59.448917038000616,-34.420254239467937],[-59.449243367569949,-34.420255709336629],[-59.449246913894065,-34.419714852713902],[-59.449573241386084,-34.419716321682465],[-59.449580329548958,-34.418634608233141],[-59.449254006258762,-34.418633139323724],[-59.449259325284167,-34.417821854154482],[-59.44893300516879,-34.417820384418889],[-59.448938327132609,-34.417009099185506],[-59.448612010191944,-34.417007628623821],[-59.448615560150259,-34.416466771770843],[-59.448289245333889,-34.416465300368309],[-59.448292797298159,-34.415924443496721],[-59.447966484606042,-34.41592297125338],[-59.447968261602945,-34.415652542814314],[-59.447641949984792,-34.415651069715352],[-59.447645506008065,-34.41511021283069],[-59.446992887043834,-34.415107264080845],[-59.446996447173198,-34.414566407207332],[-59.446343832504738,-34.414563455035264],[-59.446345614634247,-34.414293026610125],[-59.446019308385829,-34.414291549233383],[-59.44602109154178,-34.414021120811043],[-59.445368481216619,-34.414018163476179],[-59.44537205165787,-34.413477306654869],[-59.444719445628536,-34.413474345898116],[-59.444721232913771,-34.413203917499168],[-59.444394930984956,-34.413202435830179],[-59.444398507584189,-34.412661579025915],[-59.444072207779463,-34.412660096516419],[-59.444073997093426,-34.412389668111125],[-59.44374769836265,-34.412388184746234],[-59.443745907998597,-34.412658613136578],[-59.44341960824157,-34.412657128886444],[-59.443424982412445,-34.411845843723988],[-59.443098685829547,-34.411844358648345],[-59.443100478222142,-34.411573930251691],[-59.439511228940596,-34.411557537144951],[-59.43951303285975,-34.411287108901234]],[[-59.447665062441928,-34.412135499102973],[-59.446686168686369,-34.412131075162371],[-59.44668438779695,-34.412401503698838],[-59.447010686741834,-34.412402979230869],[-59.447005347081507,-34.413214264812467],[-59.447331649200471,-34.413215739518698],[-59.447333428060837,-34.412945310988725],[-59.447659729153365,-34.412946784809769],[-59.447657951343139,-34.413217213354599],[-59.447984253509489,-34.41321868632015],[-59.44798958371878,-34.412407400605041],[-59.447663284702763,-34.412405927683984],[-59.447665062441928,-34.412135499102973]],[[-59.472786680289836,-34.412787225719889],[-59.472460378464049,-34.412785818929564],[-59.472455284465788,-34.413597107869016],[-59.472781589442029,-34.413598514701825],[-59.472786680289836,-34.412787225719889]],[[-59.387622712547852,-34.412390523278219],[-59.386317530926178,-34.412383982284474],[-59.386315555723272,-34.412654407898849],[-59.385662962970208,-34.412651132147282],[-59.385660985640854,-34.412921557716615],[-59.385334688253771,-34.412919918518888],[-59.385330731415813,-34.413460769588333],[-59.385004431954918,-34.413459129487279],[-59.384998493349897,-34.414270405951349],[-59.385324795961182,-34.414272046101914],[-59.385322817423543,-34.414542471582273],[-59.385649121111342,-34.414544110878992],[-59.385647143597524,-34.414814536363792],[-59.386299753152478,-34.414817812379106],[-59.386301728565968,-34.414547386861351],[-59.386954336125903,-34.414550659362241],[-59.38695630941276,-34.414280233799481],[-59.387282612182034,-34.414281868727954],[-59.387286556576576,-34.413741017533269],[-59.387612857271854,-34.413742651558486],[-59.387622712547852,-34.412390523278219]],[[-59.453205091382074,-34.413242135401589],[-59.450268369336243,-34.413228972709227],[-59.450266599903479,-34.413499401360333],[-59.449940296521504,-34.41349793447246],[-59.449938526015004,-34.413768363096757],[-59.451243743884959,-34.41377422548512],[-59.451241977555554,-34.414044654156349],[-59.45058936647311,-34.41404172467341],[-59.450587598019787,-34.414312153303094],[-59.450261291463711,-34.414310687241326],[-59.450259521936616,-34.414581115844207],[-59.450585829542895,-34.41458258192074],[-59.450580523970835,-34.41539386770129],[-59.450906834751358,-34.415395332951675],[-59.450903299686011,-34.415936190107935],[-59.451229612590652,-34.415937654517371],[-59.451226079531644,-34.416478511654844],[-59.451552394560409,-34.416479975223318],[-59.451550629045904,-34.416750403788697],[-59.45187694514852,-34.416751866501414],[-59.451873416149617,-34.417292723625472],[-59.452199734376421,-34.417294185497148],[-59.452197970892051,-34.417564614055799],[-59.453176928864487,-34.417568994492065],[-59.453178689197763,-34.417298565889347],[-59.453505007518494,-34.417300024279101],[-59.453508526014005,-34.416759167008124],[-59.453834842257493,-34.416760624498068],[-59.453836600419763,-34.416490195829837],[-59.454489230876383,-34.416493108169036],[-59.454490986914614,-34.41622267945943],[-59.454817301127733,-34.416224134308692],[-59.454819056092262,-34.415953705572377],[-59.455145369278483,-34.415955159536587],[-59.455147123169347,-34.415684730773599],[-59.454820811033422,-34.415683276824026],[-59.454827830564128,-34.414601561710008],[-59.455154138499104,-34.41460301560106],[-59.455152384701734,-34.414873444412272],[-59.455478693710283,-34.414874897447554],[-59.455483951881675,-34.41406361093383],[-59.455157646023736,-34.414062157942446],[-59.455155892273112,-34.414332586777775],[-59.454503278526985,-34.414329678154573],[-59.454499766754736,-34.414870535730543],[-59.454173457816346,-34.41486908008406],[-59.454175214764383,-34.414598651316759],[-59.453848906899623,-34.414597194814554],[-59.453852422825861,-34.414056337273109],[-59.453526117084934,-34.414054879929814],[-59.453524358083342,-34.4143253086919],[-59.453198051315646,-34.414323850463568],[-59.453201571395773,-34.413782992956691],[-59.453854180753837,-34.413785908484293],[-59.453855938658393,-34.413515479683412],[-59.453203331400651,-34.413512564185176],[-59.453205091382074,-34.413242135401589]],[[-59.472448492151308,-34.414678826286242],[-59.472122182996863,-34.414677418526388],[-59.472120483811437,-34.414947848086399],[-59.472446794016093,-34.4149492558604],[-59.472448492151308,-34.414678826286242]],[[-59.414035755147964,-34.414953824827968],[-59.413709448169548,-34.414952261237417],[-59.413707560946193,-34.415222688096172],[-59.41403386897484,-34.415224251702455],[-59.414035755147964,-34.414953824827968]],[[-59.470808429446791,-34.416023926178696],[-59.470482115154411,-34.41602251399577],[-59.470480410604218,-34.416292943424537],[-59.470806725946908,-34.41629435562168],[-59.470808429446791,-34.416023926178696]],[[-59.469826073313456,-34.416560545807172],[-59.46949975698864,-34.416559130984425],[-59.469498049242013,-34.416829560346422],[-59.469824366617154,-34.416830975183409],[-59.469826073313456,-34.416560545807172]],[[-59.469498049242013,-34.416829560346422],[-59.46917173188961,-34.416828144638963],[-59.469170023069879,-34.417098573974656],[-59.468517386332735,-34.417095739919802],[-59.468515675389497,-34.417366169214908],[-59.467536717303759,-34.417361911561173],[-59.4675332890466,-34.417902770029535],[-59.46785961048645,-34.41790419014653],[-59.467842478334603,-34.420608481908083],[-59.468168810301925,-34.420609901297389],[-59.468165385698661,-34.421150759533617],[-59.468818053903966,-34.421153595757531],[-59.468816343669239,-34.421424024886115],[-59.469469014066846,-34.421426857656087],[-59.469467305910499,-34.421697286801113],[-59.470119978500335,-34.421700116117066],[-59.470125096597648,-34.420888828560379],[-59.470451429774961,-34.420890241869749],[-59.470454839625077,-34.420349383409921],[-59.470781170724045,-34.420350795820248],[-59.470782874564506,-34.420080366558025],[-59.471435534729501,-34.420083188738531],[-59.471437236446263,-34.419812759435857],[-59.471110907402917,-34.419811348795108],[-59.471112610147472,-34.419540919494587],[-59.470786282177315,-34.419539507997477],[-59.470796504470805,-34.417916932026529],[-59.47047018282597,-34.417915519744092],[-59.470471887512467,-34.417645090387651],[-59.470145566940758,-34.417643677248954],[-59.470147272654934,-34.417373247894652],[-59.469494633680469,-34.417370419034235],[-59.469498049242013,-34.416829560346422]],[[-59.468519097253157,-34.416825310612623],[-59.468192779969137,-34.416823892293756],[-59.468191067998347,-34.417094321586646],[-59.468517386332735,-34.417095739919802],[-59.468519097253157,-34.416825310612623]],[[-59.456096293963341,-34.420286375476302],[-59.4557699639007,-34.42028492388971],[-59.455768211713455,-34.420555352476981],[-59.456094542826619,-34.420556804078181],[-59.456096293963341,-34.420286375476302]],[[-59.439125356215015,-34.420480166421243],[-59.438799026334678,-34.420478669549766],[-59.438797219496919,-34.420749097353301],[-59.439123550427773,-34.420750594239848],[-59.439125356215015,-34.420480166421243]],[[-59.439121744616465,-34.421021022046396],[-59.438795412635088,-34.421019525144793],[-59.438793605749176,-34.421289952924219],[-59.43911993878109,-34.421291449840894],[-59.439121744616465,-34.421021022046396]],[[-59.445644819606621,-34.421591633429202],[-59.444665815994576,-34.421587192258997],[-59.444664027970816,-34.421857620284094],[-59.444337692430537,-34.421856138137883],[-59.444335903332359,-34.422126566136001],[-59.444009566765317,-34.422125083104241],[-59.444011356914096,-34.421854655121031],[-59.443358685952788,-34.421851686475492],[-59.443356893702841,-34.422122114428817],[-59.443030557207429,-34.422120628785159],[-59.443026970534667,-34.422661484625735],[-59.442374293413103,-34.42265851066665],[-59.442372497939608,-34.422928938538924],[-59.442046158364072,-34.422927450238447],[-59.442042565244016,-34.423468305916842],[-59.442368906920834,-34.423469794247296],[-59.442365315806349,-34.424010649907416],[-59.44269165960845,-34.424012137397099],[-59.442689865066015,-34.424282565224054],[-59.442363520213213,-34.424281077719378],[-59.442359928955149,-34.424821933307122],[-59.442686275909395,-34.424823420841726],[-59.442682686657115,-34.425364276411166],[-59.443009035736772,-34.425365763104949],[-59.44300186114836,-34.426447474158941],[-59.443328214455107,-34.426448960041817],[-59.443326421799057,-34.426719387790108],[-59.443652776180521,-34.426720872817128],[-59.443650984551439,-34.426991300568311],[-59.443324629119132,-34.426989815526333],[-59.443312079690692,-34.428882809342213],[-59.443638442479262,-34.428884294488803],[-59.443636650659158,-34.42915472214348],[-59.443963014522566,-34.429156206434143],[-59.443961223729538,-34.429426634091691],[-59.444287588667784,-34.429428117526427],[-59.44428579890188,-34.429698545186852],[-59.444612164914936,-34.429700027765634],[-59.444610376176186,-34.429970455428894],[-59.444936743264094,-34.42997193715172],[-59.444934955552512,-34.430242364817829],[-59.445261323715243,-34.430243845684657],[-59.445259537030864,-34.430514273353623],[-59.445585906268434,-34.430515753364432],[-59.445582334930322,-34.431056608695954],[-59.445908706293785,-34.431058087865637],[-59.445906921640102,-34.431328515528172],[-59.446233294078432,-34.4313299938418],[-59.44623151045203,-34.43160042150717],[-59.44688425750212,-34.431603375551347],[-59.446882475954162,-34.43187380323436],[-59.447208850565914,-34.431875278964888],[-59.447205289501007,-34.432416134324448],[-59.447531666238717,-34.432417609213708],[-59.447529886721803,-34.432688036890241],[-59.44785626453438,-34.432689510923353],[-59.447854486044903,-34.43295993860265],[-59.448180864932326,-34.432961411779623],[-59.448179087470322,-34.433231839461669],[-59.448505467432604,-34.433233311782459],[-59.448491255293561,-34.43539673292323],[-59.448817643689367,-34.43539820449147],[-59.448815868116753,-34.435668632094597],[-59.449142257587511,-34.43567010280654],[-59.449138708473903,-34.436210958006214],[-59.449791491691634,-34.436213896876055],[-59.44979326415762,-34.435943469252692],[-59.450119654750594,-34.435944937366209],[-59.450116111897657,-34.436485792630421],[-59.450768897359765,-34.436488726303232],[-59.450763589211512,-34.437300009197649],[-59.451089985132029,-34.437301474771623],[-59.451088216753497,-34.437571902393714],[-59.451414613748987,-34.437573367111312],[-59.451412846398313,-34.437843794736075],[-59.451739244468769,-34.437845258597264],[-59.451737478145958,-34.438115686224698],[-59.452716675652731,-34.438120072625509],[-59.45271314924517,-34.438660927932453],[-59.452386747949838,-34.438659466640601],[-59.45238498365935,-34.438929894261264],[-59.452711386006136,-34.438931355567838],[-59.452707859457597,-34.439472210802421],[-59.453034263930867,-34.439473671267173],[-59.453032501672858,-34.439744098881057],[-59.453358907221109,-34.439745558489292],[-59.453357145991134,-34.44001598610582],[-59.453683552614379,-34.440017444857531],[-59.453680032187101,-34.440558300083723],[-59.454332849710156,-34.440561215032133],[-59.454331091564462,-34.44083164265647],[-59.454657501412683,-34.440833098838475],[-59.454655744295152,-34.44110352646539],[-59.45530856616503,-34.441106436244944],[-59.455306811127251,-34.441376863889083],[-59.455959635193857,-34.441379770212841],[-59.455957882235928,-34.441650197874161],[-59.457916361305635,-34.441658896022666],[-59.457919854578918,-34.441118040512968],[-59.458246265735546,-34.441119487125825],[-59.45824452016214,-34.441389914901251],[-59.458570932393634,-34.441391360657391],[-59.458572676915438,-34.441120932867427],[-59.458899088118578,-34.44112237773777],[-59.458900831565572,-34.440851949921203],[-59.459553651938357,-34.440854837019081],[-59.459555393258974,-34.440584409161424],[-59.460208211621435,-34.440587292745292],[-59.460209950815731,-34.440316864846551],[-59.461189175378571,-34.44032118364462],[-59.461190911395057,-34.440050755690372],[-59.461517318577421,-34.440052193532807],[-59.461519053519226,-34.439781765552034],[-59.461845459673171,-34.439783202508785],[-59.461847193540343,-34.439512774501509],[-59.462173598665892,-34.43951421057259],[-59.462187460359885,-34.437350785964618],[-59.461861063645976,-34.437349350009093],[-59.461862797305216,-34.437078921893274],[-59.462189192967735,-34.43708035783434],[-59.46219092555247,-34.436809929692032],[-59.461864530941327,-34.436808493765398],[-59.461867998144285,-34.436267637473499],[-59.462194390652712,-34.436269073371228],[-59.462196123168198,-34.435998645192733],[-59.462522514648391,-34.436000080204934],[-59.462529440274238,-34.434918367312648],[-59.462855827572305,-34.434919801396028],[-59.462857557869818,-34.434649373128373],[-59.463183944139686,-34.434650806326296],[-59.463185673362879,-34.434380378032166],[-59.463512058604543,-34.434381810344618],[-59.463517242982206,-34.433570525346703],[-59.463843625093226,-34.433571956744892],[-59.46383671674851,-34.434653670108965],[-59.463510330432577,-34.434652238653157],[-59.463501689227336,-34.436004380014957],[-59.463828080799743,-34.436005811542778],[-59.463821171626392,-34.437087524472787],[-59.464473963251095,-34.437090385030295],[-59.464472238002983,-34.437360813261456],[-59.464145841127753,-34.437359383403852],[-59.464144114805251,-34.437629811608559],[-59.463817716901602,-34.437628380865469],[-59.463815989504681,-34.437898809043716],[-59.463489590572642,-34.437897377415069],[-59.463487862101253,-34.438167805566856],[-59.463814262084739,-34.438169237209912],[-59.46380907968679,-34.438980521636118],[-59.464788289238442,-34.438984811467762],[-59.464790013573015,-34.438714383294595],[-59.465116415751424,-34.438715811481728],[-59.465118139011551,-34.438445383282122],[-59.465444540161457,-34.438446810583713],[-59.465446262347157,-34.438176382357696],[-59.465772662468567,-34.438177808773766],[-59.465774383579905,-34.437907380521352],[-59.466100782672797,-34.437908806051915],[-59.466102502709752,-34.437638377773084],[-59.466428900774169,-34.437639802418168],[-59.466430619736812,-34.437369374112969],[-59.467083413831496,-34.437372220761048],[-59.467088564273695,-34.436560935687133],[-59.467414958201225,-34.436562357661543],[-59.467413242461411,-34.436832786045862],[-59.467739637463147,-34.436834207163471],[-59.467741352151599,-34.43656377876485],[-59.468067746124852,-34.436565198997037],[-59.468071173330507,-34.436024342135035],[-59.468397565223889,-34.436025761467569],[-59.468400990235558,-34.435484904528778],[-59.468727380049131,-34.435486322961651],[-59.468741070773028,-34.43332289461015],[-59.468414689369453,-34.433321476291425],[-59.468421538388718,-34.43223976188343],[-59.468095161212638,-34.432238342750814],[-59.468102014071235,-34.431156628207049],[-59.467775641122415,-34.431155208260613],[-59.467780783679835,-34.430343922269053],[-59.467128044157086,-34.430341079849171],[-59.467129760399267,-34.430070651189823],[-59.466803391723232,-34.430069228687827],[-59.466805108993555,-34.429798800030724],[-59.466478741391427,-34.429797376672155],[-59.46647702307007,-34.430067805314934],[-59.466150654439822,-34.430066381071143],[-59.466152373812172,-34.429795952442703],[-59.465499638722441,-34.429793101371111],[-59.465497917248065,-34.430063529970873],[-59.465171548686605,-34.430062103114381],[-59.465169826138236,-34.430332531687718],[-59.464843456548692,-34.430331103945981],[-59.464841732926331,-34.430601532492908],[-59.46451536230871,-34.430600103865878],[-59.464513637612335,-34.430870532386365],[-59.463860894343952,-34.430867672490749],[-59.463859167522429,-34.431138100970429],[-59.463532794871696,-34.431136669701829],[-59.463531066976081,-34.431407098155049],[-59.463204693297271,-34.431405666001098],[-59.46320815116762,-34.430864809111448],[-59.462881779613994,-34.430863376115397],[-59.462883509565664,-34.430592947666895],[-59.462557139086165,-34.430591513814356],[-59.462562331955922,-34.429780228439796],[-59.462888699282338,-34.42978166224907],[-59.462892158978185,-34.429240805243566],[-59.46223942855238,-34.42923793681188],[-59.462241160467656,-34.428967508319893],[-59.46158843223612,-34.428964636433619],[-59.461590166230231,-34.4286942079585],[-59.460937440193049,-34.428691332617689],[-59.460933967977851,-34.429232189498023],[-59.461260333086805,-34.429233627632811],[-59.461256862881044,-34.429774484493869],[-59.460930495670112,-34.429773046330148],[-59.460927023269818,-34.430313903114033],[-59.460600653979974,-34.430312464050481],[-59.460602391242723,-34.430042035679044],[-59.460276023027049,-34.430040595759074],[-59.460281237829342,-34.429229310615881],[-59.459954872789829,-34.429227869868512],[-59.459956612061902,-34.428957441477806],[-59.459630248096538,-34.428955999874084],[-59.4596354689265,-34.428144714673202],[-59.45898274737101,-34.428141828940241],[-59.458986232011974,-34.427600972137448],[-59.458659873370856,-34.427599527993777],[-59.458661616707403,-34.42732909958881],[-59.458335259140398,-34.427327654588865],[-59.458337003504568,-34.427057226186385],[-59.45801064701169,-34.427055780330178],[-59.458012392403468,-34.426785351930214],[-59.457686036984697,-34.426783905217739],[-59.457687783404054,-34.426513476820269],[-59.457361429059411,-34.426512029251583],[-59.457366671330284,-34.425700744030514],[-59.456713969015723,-34.425697846368273],[-59.456715718494344,-34.425427417966297],[-59.456063018374607,-34.425424516850235],[-59.456064769931452,-34.425154088465391],[-59.454433025294684,-34.425146820510328],[-59.454434782081961,-34.424876392186562],[-59.453455738732998,-34.424872021008689],[-59.453457498649065,-34.424601592716833],[-59.452478458663421,-34.424597213746488],[-59.452480221708214,-34.424326785486635],[-59.452153876144017,-34.42432532410313],[-59.452155640216027,-34.424054895845927],[-59.45182929572605,-34.424053433606403],[-59.451831060825235,-34.423783005351879],[-59.450852030648612,-34.423778613453358],[-59.450853798876309,-34.423508185230958],[-59.450527456581895,-34.423506719538139],[-59.450523918001537,-34.424047575941408],[-59.450850262397331,-34.424049041663693],[-59.450846725824093,-34.424589898048225],[-59.451173072344872,-34.424591362929306],[-59.451171305073629,-34.424861791118211],[-59.451824000287331,-34.424864718297684],[-59.451822235094056,-34.42513514650399],[-59.452148583786943,-34.425136608802347],[-59.452146819620893,-34.425407037011325],[-59.452473169388057,-34.425408498453656],[-59.452471406249288,-34.425678926665256],[-59.453450458844053,-34.425683305811873],[-59.453448698834158,-34.42595373405549],[-59.453122346894979,-34.425952275196025],[-59.453120585810836,-34.426222703412897],[-59.450836115538777,-34.426212466912354],[-59.450834347075393,-34.426482895014161],[-59.450507993222722,-34.426481429159111],[-59.450504454123617,-34.427022285297063],[-59.450178098192843,-34.427020818541727],[-59.450174556897636,-34.427561674601918],[-59.449848198888738,-34.427560206946239],[-59.449844655397357,-34.428101062928675],[-59.449191935246809,-34.42809812494577],[-59.449195482941775,-34.427557269022458],[-59.448869125003732,-34.427555798754355],[-59.448870899866641,-34.42728537078942],[-59.448218186163302,-34.427282427670377],[-59.44821640919865,-34.427552855605711],[-59.446910977872768,-34.427546958858692],[-59.446912759040899,-34.427276530982702],[-59.447891829347135,-34.427280954804658],[-59.447893607338955,-34.42701052687211],[-59.448546318893229,-34.427013471703091],[-59.448548094759666,-34.426743043728834],[-59.449200804306919,-34.426745985047084],[-59.449206125459312,-34.425934700963133],[-59.448879773826334,-34.425933230783798],[-59.448885097918321,-34.425121946635699],[-59.448558749461299,-34.42512047563001],[-59.448556973736864,-34.425390903676622],[-59.447904274792315,-34.425387959023396],[-59.447907830420533,-34.424847102977367],[-59.447581483085308,-34.424845629374303],[-59.447585040720234,-34.424304773309686],[-59.447911385954015,-34.424306246883077],[-59.447913163685207,-34.424035818817849],[-59.447586819502128,-34.424034345259265],[-59.447592155705607,-34.423223061035706],[-59.447265814698255,-34.423221586650932],[-59.447267594436013,-34.422951158567137],[-59.446614914593781,-34.422948207215278],[-59.446618478200598,-34.422407351070902],[-59.445965802655863,-34.422404396295875],[-59.445969370370094,-34.421863540162704],[-59.445643034734587,-34.421862061498985],[-59.445644819606621,-34.421591633429202]],[[-59.441728806446719,-34.421573821735144],[-59.440749803694771,-34.421569349222807],[-59.440748003064122,-34.42183977706835],[-59.441074338341366,-34.421841268791425],[-59.441072538737295,-34.422111696639938],[-59.441725211464899,-34.422114677504183],[-59.441728806446719,-34.421573821735144]],[[-59.456085786792926,-34.421908946906726],[-59.455433114084357,-34.421906042687617],[-59.455431360706406,-34.422176471187939],[-59.454126011367372,-34.422170652243587],[-59.454124253763595,-34.422441080673302],[-59.454450592113886,-34.422442536729989],[-59.454447078937328,-34.422983393582527],[-59.454773419412277,-34.422984848797846],[-59.454771663839537,-34.423255277220669],[-59.455098005388528,-34.423256731579976],[-59.45509625084307,-34.423527160005378],[-59.455422593466118,-34.423528613508623],[-59.455420839947962,-34.423799041936597],[-59.456073527365533,-34.423801946360285],[-59.456075278782329,-34.423531517903079],[-59.456401621475429,-34.423532968794291],[-59.456410372956071,-34.422180826254461],[-59.456084035516191,-34.422179375436258],[-59.456085786792926,-34.421908946906726]],[[-59.40941232405217,-34.422774223403273],[-59.408759649904169,-34.422771070060961],[-59.408753938691888,-34.423582348839595],[-59.409080278905087,-34.423583925993682],[-59.40907266780286,-34.42466563092637],[-59.410378045719874,-34.424671931089684],[-59.410383741476387,-34.423860652218103],[-59.410710082866885,-34.423862225034718],[-59.410713877810089,-34.423321372361649],[-59.410061199257001,-34.423318225921086],[-59.410063098791909,-34.42304779959813],[-59.409410422441326,-34.42304464970664],[-59.40941232405217,-34.422774223403273]],[[-59.382953274093566,-34.426159251388782],[-59.382300576827731,-34.426155956573943],[-59.382298587672715,-34.426426381373965],[-59.381645888411377,-34.426423083042998],[-59.381643897128278,-34.426693507797744],[-59.38099119587153,-34.426690205950599],[-59.380989202460306,-34.426960630660055],[-59.379031093023357,-34.426950704120813],[-59.379033092739313,-34.426680279511231],[-59.378054041532799,-34.426675304536467],[-59.378052038664457,-34.426945729095969],[-59.377725687264864,-34.426944069012855],[-59.377727691183985,-34.42667364447005],[-59.377401340861873,-34.426671983532898],[-59.377399335891958,-34.426942408058984],[-59.377072984545777,-34.426940746234358],[-59.377074990566484,-34.426670321724991],[-59.376095939840781,-34.426665331076805],[-59.376097948987073,-34.426394906605559],[-59.375771599849472,-34.426393241331439],[-59.375773610019749,-34.426122816864883],[-59.374468217940418,-34.426116147128127],[-59.374466203567096,-34.426386571527587],[-59.374139854563595,-34.426384901899787],[-59.374137839112656,-34.426655326270343],[-59.373811489085234,-34.426653655755004],[-59.373809472556673,-34.426924080096668],[-59.37348312150533,-34.426922408693763],[-59.373479086265952,-34.427463257307245],[-59.373152733139904,-34.427461584999939],[-59.373150714429066,-34.427732009271708],[-59.372824360279068,-34.427730336076806],[-59.372820320674975,-34.428271184550447],[-59.372167608252383,-34.428267835480888],[-59.372165586308242,-34.428538259665885],[-59.372491943556938,-34.428539934652918],[-59.37248588071548,-34.42935120718596],[-59.372812241143784,-34.429352881352713],[-59.372810221193696,-34.429623305523087],[-59.372483859714443,-34.429621631339486],[-59.372479817631628,-34.430162479610267],[-59.372806181212752,-34.430164153827569],[-59.372802141124133,-34.430705002083691],[-59.373454872571031,-34.430708347973038],[-59.373450836578726,-34.431249196248167],[-59.374103572337191,-34.431252538721296],[-59.374099540441435,-34.43179338701534],[-59.374425910463039,-34.431795056979162],[-59.374423895525915,-34.432065481124873],[-59.374750266625412,-34.432067150234573],[-59.374748252712507,-34.432337574384995],[-59.37572736932519,-34.432342576538929],[-59.375723347725376,-34.432883424904169],[-59.376049722085384,-34.43288509058047],[-59.376043692638071,-34.433696363087975],[-59.376370070178218,-34.433698027943592],[-59.376366052515067,-34.434238876255016],[-59.376692432184321,-34.434240540273116],[-59.376690424363765,-34.434510964427453],[-59.377016805110962,-34.434512627591324],[-59.377012791491985,-34.435053475897185],[-59.377339174368331,-34.435055138223511],[-59.377335162744828,-34.435595986514485],[-59.37766154775035,-34.435597648003231],[-59.377657538122456,-34.436138496279305],[-59.377983925257219,-34.436140156930421],[-59.377979917625019,-34.436681005191588],[-59.378959085497193,-34.436685982018737],[-59.378957084794955,-34.436956406181274],[-59.380262646536302,-34.436963029822465],[-59.380260650012687,-34.43723345403955],[-59.381239824752072,-34.437238412673992],[-59.38123783135589,-34.43750883692887],[-59.382217009488379,-34.437513787773312],[-59.382215019219672,-34.437784212065928],[-59.382541413034929,-34.437785860621787],[-59.382539423791073,-34.438056284918915],[-59.38351860854992,-34.438061225409569],[-59.383516622433703,-34.438331649744306],[-59.384169414508072,-34.438334939082253],[-59.384167430468189,-34.438605363437993],[-59.387431402938141,-34.438621758024972],[-59.387429429385946,-34.438892182533579],[-59.387755827829238,-34.438893817217462],[-59.387753855302172,-34.439164241730438],[-59.387427455807469,-34.439162607030106],[-59.38742350857158,-34.439703455986908],[-59.387749910169205,-34.439705090720153],[-59.387747937563276,-34.439975515196878],[-59.388400742940327,-34.439978782082669],[-59.388398772411087,-34.440249206580184],[-59.388725176190484,-34.440250838732737],[-59.388723206686485,-34.440521263234579],[-59.389376016427015,-34.440524524958917],[-59.389374048999819,-34.4407949494815],[-59.390679673001458,-34.440801462541259],[-59.390681636222602,-34.440531037953157],[-59.391008041236944,-34.440532664023728],[-59.391010003380416,-34.440262239407168],[-59.391336407369401,-34.440263864590165],[-59.391340329474957,-34.439723015288124],[-59.391666731387105,-34.43972463956726],[-59.391670651285217,-34.439183790184224],[-59.391344251475978,-34.439182165937787],[-59.391350134281517,-34.438370891821656],[-59.390697341049965,-34.438367640813404],[-59.390699304035657,-34.438097216116553],[-59.389393722092144,-34.438090703712007],[-59.389391754900878,-34.438361128343317],[-59.388412565564288,-34.438356234843887],[-59.388414535909718,-34.438085810261803],[-59.38808814056808,-34.438084177369483],[-59.388090111938617,-34.437813752791754],[-59.388416506228879,-34.437815385667641],[-59.388420446788452,-34.437274536443084],[-59.388746839002273,-34.437276168415018],[-59.388748808191345,-34.437005743768204],[-59.389075199380066,-34.43700737485262],[-59.38908110363591,-34.436196100790454],[-59.38940749169695,-34.436197730954582],[-59.389409458678486,-34.435927306226638],[-59.389083071668729,-34.435925676078924],[-59.389085039675322,-34.435655251355286],[-59.388758653743047,-34.435653620352916],[-59.388760622774669,-34.435383195633619],[-59.387781468289084,-34.435378297449503],[-59.387779496103725,-34.435648722119517],[-59.38680033870093,-34.435643816046749],[-59.386816140676707,-34.433480418743251],[-59.386489763337998,-34.433478781775335],[-59.386491739517638,-34.433208357074513],[-59.385838987021508,-34.433205080558757],[-59.385840965277048,-34.43293465587881],[-59.385514590119627,-34.432933016330985],[-59.38551854865387,-34.432392166967851],[-59.385844921709086,-34.432393806482686],[-59.385846899885564,-34.432123381766502],[-59.386173271916064,-34.432125020393919],[-59.386175249015118,-34.431854595649156],[-59.386501620020894,-34.43185623338919],[-59.386503596042559,-34.431585808615871],[-59.386829966023626,-34.431587445468494],[-59.386831940967916,-34.431317020666654],[-59.387158309924267,-34.431318656631895],[-59.387160283791196,-34.431048231801512],[-59.387486651722845,-34.431049866879398],[-59.387488624512457,-34.430779442020487],[-59.387814991419383,-34.430781076211048],[-59.387818934817773,-34.430240226424075],[-59.38814529964899,-34.430241859710883],[-59.388147270257811,-34.42997143478285],[-59.388473634064326,-34.429973067182367],[-59.388477573101291,-34.429432217257208],[-59.389130296589244,-34.429435479378029],[-59.389128329185773,-34.429705904379489],[-59.389454692020024,-34.42970753415004],[-59.389456658372559,-34.429437109132195],[-59.389783020182072,-34.429438738015506],[-59.389779089552704,-34.429979588071888],[-59.390105453490307,-34.429981216117113],[-59.390109382017776,-34.429440366027976],[-59.390435743879664,-34.42944199316959],[-59.390441633321828,-34.428630717896191],[-59.390115274612683,-34.428629090803689],[-59.390119202878402,-34.428088240593759],[-59.388813776710762,-34.42808172364672],[-59.388811808387487,-34.428352148692127],[-59.388485450860266,-34.428350517261968],[-59.388483481459879,-34.42862094227889],[-59.386851688963219,-34.428612771983737],[-59.386853663618005,-34.428342347049018],[-59.386527306248453,-34.428340710394025],[-59.386529281927785,-34.428070285463683],[-59.38620292563543,-34.428068647954348],[-59.386206879016811,-34.427527798090381],[-59.385554170714528,-34.427524520525303],[-59.385556149467348,-34.427254095608177],[-59.384903443372188,-34.427250814592988],[-59.384905424200277,-34.426980389696801],[-59.384579072243092,-34.426978747899582],[-59.384581054095577,-34.426708323007837],[-59.383928352362055,-34.426705036834178],[-59.38393033628968,-34.426434611963415],[-59.382951287040072,-34.426429676221971],[-59.382953274093566,-34.426159251388782]],[[-59.370225696653527,-34.426094374268615],[-59.369899349051032,-34.426092693338191],[-59.369897319967158,-34.426363117501644],[-59.370223668620419,-34.426364798448965],[-59.370225696653527,-34.426094374268615]],[[-59.463885067428897,-34.427081672509487],[-59.46290599683946,-34.427077376739327],[-59.462899078093244,-34.428159091087899],[-59.463225439136927,-34.428160523939766],[-59.463223710443664,-34.428430952511192],[-59.463550072561333,-34.428432384506635],[-59.463546617207591,-34.428973241642105],[-59.463872981450194,-34.428974672795498],[-59.463871254789751,-34.429245101359555],[-59.465503081602407,-34.429252244135419],[-59.465506524390591,-34.428711386851496],[-59.465832887720076,-34.428712812765347],[-59.465834608028807,-34.428442384090964],[-59.465181883494687,-34.428439531421112],[-59.465187050588852,-34.42762824541169],[-59.464534332452054,-34.427625389344676],[-59.464536056872646,-34.427354960679502],[-59.463883340929534,-34.427352101157958],[-59.463885067428897,-34.427081672509487]],[[-59.423405852252536,-34.428520141904855],[-59.422753131817657,-34.428517062787037],[-59.422751272761957,-34.428787489479731],[-59.422424911530776,-34.428785948599085],[-59.422421191243188,-34.429326801917284],[-59.422094827934899,-34.429325260134775],[-59.422083660171197,-34.430947819706645],[-59.422410029785453,-34.430949361582236],[-59.422404448721913,-34.431760641251792],[-59.422730821514143,-34.431762182302982],[-59.422725243380768,-34.432573461910444],[-59.423051619351078,-34.432575002137192],[-59.42304790257387,-34.433115855179494],[-59.423374280671219,-34.43311739456626],[-59.42337242329662,-34.433387821084793],[-59.4236988024699,-34.433389359616058],[-59.423696946121702,-34.433659786137987],[-59.424023326370872,-34.433661323813737],[-59.424021471049159,-34.433931750339084],[-59.424347852374218,-34.433933287159306],[-59.424345998078962,-34.434203713688042],[-59.424672380479969,-34.434205249652706],[-59.424670527211227,-34.434475676184817],[-59.425976061266894,-34.434481811395081],[-59.425977910330793,-34.43421138480123],[-59.427936205845967,-34.434220561393552],[-59.427938048578007,-34.433950134695309],[-59.428264430198695,-34.433951661063453],[-59.428268113486709,-34.433410807600062],[-59.428594493029564,-34.433412333066485],[-59.428603695564462,-34.432060199120066],[-59.428277321277257,-34.432058673730374],[-59.428279162761747,-34.431788246920242],[-59.42795278955019,-34.431786720674971],[-59.427954632061223,-34.431516293868121],[-59.427628259925285,-34.431514766767258],[-59.427630103462832,-34.431244339963726],[-59.427303732402528,-34.431242812007305],[-59.427305576966546,-34.430972385207056],[-59.426326467086348,-34.430967796158477],[-59.426328314778878,-34.430697369392334],[-59.426001945919083,-34.430695837983052],[-59.426003794638028,-34.43042541122027],[-59.425677426853881,-34.430423878955509],[-59.425679276599183,-34.430153452196059],[-59.425352909890691,-34.430151919075833],[-59.425354760662344,-34.429881492319765],[-59.424702029421347,-34.429878423497534],[-59.424703882270272,-34.429607996760268],[-59.424377517737803,-34.42960646105827],[-59.424379371613014,-34.429336034324386],[-59.423726644724091,-34.429332960338783],[-59.423730356604153,-34.428792106896658],[-59.423403995298678,-34.428790568628521],[-59.423405852252536,-34.428520141904855]],[[-59.395012606373037,-34.428382980412017],[-59.394359890352547,-34.428379749771558],[-59.394355989357742,-34.428920600381623],[-59.39500870958183,-34.428923831087083],[-59.395012606373037,-34.428382980412017]],[[-59.398598672667859,-34.428941537702897],[-59.398272312257973,-34.428939932364699],[-59.398270374332618,-34.429210357846117],[-59.397944012897639,-34.429208751620912],[-59.397942073895543,-34.429479177074128],[-59.397615711435471,-34.429477569961925],[-59.397611831251808,-34.430018420799748],[-59.397285466715672,-34.430016812784352],[-59.397283525534093,-34.430287238168965],[-59.39695715997285,-34.430285629266507],[-59.396943563620134,-34.432178606507371],[-59.397269936538613,-34.43218021552314],[-59.397266053735663,-34.43272106608709],[-59.397592428782197,-34.432722674264298],[-59.397590488393021,-34.432993099544341],[-59.397916864516539,-34.432994706866751],[-59.397920743166807,-34.432453856262264],[-59.398899865385715,-34.432458672906847],[-59.398901801518811,-34.432188247538015],[-59.399228174592309,-34.432189851328182],[-59.399230109648535,-34.431919425931142],[-59.399556481696742,-34.431921028834253],[-59.399558415676118,-34.431650603409011],[-59.39988478669904,-34.431652205425074],[-59.399892518154658,-34.43057050353891],[-59.399566151335861,-34.430568901587328],[-59.399570019011094,-34.430028050604015],[-59.399243654320038,-34.430026447813788],[-59.399247523994127,-34.429485596814445],[-59.398921161430771,-34.429483993185634],[-59.398923097280061,-34.429213567684002],[-59.398596735793426,-34.42921196320048],[-59.398598672667859,-34.428941537702897]],[[-59.463215066631811,-34.429783095187439],[-59.462888699282338,-34.42978166224907],[-59.462885239494277,-34.430322519206342],[-59.463211608945798,-34.430323952173552],[-59.463215066631811,-34.429783095187439]],[[-59.420123575320012,-34.431208976623843],[-59.419470834362187,-34.431205879777906],[-59.419468964548145,-34.431476306194483],[-59.419142593055547,-34.431474756449532],[-59.419138851250587,-34.432015609215284],[-59.418812477680753,-34.432014058568221],[-59.418804989567143,-34.433095763892517],[-59.418478611817804,-34.433094212312056],[-59.418469245858539,-34.434446343617786],[-59.418142862878248,-34.434444791088261],[-59.418140988560289,-34.43471521729758],[-59.41781460455374,-34.434713663881404],[-59.417812729159571,-34.434984090063011],[-59.417486344126793,-34.434982535760184],[-59.417484467656372,-34.435252961914088],[-59.418137239849415,-34.435256069679987],[-59.418133491038638,-34.435796922014127],[-59.41845987927519,-34.435798474621762],[-59.418461752641782,-34.4355280484451],[-59.419767301632355,-34.435534250102563],[-59.419765432470868,-34.435804676341618],[-59.420418209218226,-34.435807771975171],[-59.42042194331119,-34.435266919422723],[-59.420748329619649,-34.435268465901771],[-59.420752061510598,-34.434727613269928],[-59.421078445741422,-34.434729158846842],[-59.421087769777657,-34.433377026978249],[-59.420761390802816,-34.433375481479082],[-59.420766988079762,-34.432564202259748],[-59.420440612283201,-34.432562655936273],[-59.420446212489665,-34.431751376654994],[-59.420119839871298,-34.431749829507254],[-59.420123575320012,-34.431208976623843]],[[-59.443290563660931,-34.432127940222955],[-59.442964188283895,-34.43212645402609],[-59.442962394074975,-34.432396881506136],[-59.443288770503131,-34.432398367717951],[-59.443290563660931,-34.432127940222955]],[[-59.399880920816663,-34.432193056295702],[-59.399554547691608,-34.432191454247416],[-59.399550679603998,-34.432732305037511],[-59.399877054831251,-34.432733907118049],[-59.399880920816663,-34.432193056295702]],[[-59.392374345485827,-34.432155988838474],[-59.391721600454467,-34.432152743808025],[-59.391719641197454,-34.432423168819625],[-59.391066894168382,-34.43241992027275],[-59.391062971371589,-34.432960770194356],[-59.39041022024265,-34.432957518098284],[-59.390408256702791,-34.433227943008248],[-59.390081880126445,-34.433226315637398],[-59.390077950865937,-34.433767165388346],[-59.390404329544573,-34.433768792791938],[-59.390402365926235,-34.434039217665664],[-59.390728745682203,-34.434040844214636],[-59.390716969729816,-34.435663393301539],[-59.391043355819235,-34.435665019077668],[-59.391039432395068,-34.436205868709379],[-59.391365820613181,-34.436207493647139],[-59.391363859913177,-34.436477918461229],[-59.391690249208708,-34.436479542544284],[-59.391688289533896,-34.436749967362637],[-59.392014679906836,-34.436751590590944],[-59.392010762581513,-34.43729244022407],[-59.392337155083212,-34.437294062613951],[-59.392335197432743,-34.437564487428709],[-59.392661591011901,-34.437566108963793],[-59.39265963438671,-34.437836533782814],[-59.392986029043307,-34.437838154463087],[-59.392984073443408,-34.438108579286315],[-59.393310469177443,-34.438110199111783],[-59.393308514602879,-34.438380623939238],[-59.39363491141436,-34.43838224290986],[-59.393632957865151,-34.438652667741515],[-59.394938549576892,-34.438659134977769],[-59.394942448238048,-34.438118285172258],[-59.395268844128154,-34.43811989977096],[-59.395270792368379,-34.437849474833854],[-59.395597187233072,-34.437851088545209],[-59.395603028643933,-34.437039813612685],[-59.395276636933303,-34.437038199950031],[-59.395282481264552,-34.436226924957516],[-59.394956092733814,-34.436225310472487],[-59.394958041843616,-34.435954885467083],[-59.394631654390132,-34.435953270127257],[-59.394635554634284,-34.435412420112691],[-59.394309169309331,-34.435410803934325],[-59.394311120443682,-34.435140378925183],[-59.393984736195954,-34.435138761892063],[-59.393986688355525,-34.434868336887121],[-59.393660305185037,-34.434866718999245],[-59.393666164661234,-34.434055443960759],[-59.393339784670374,-34.4340538252507],[-59.393345647065772,-34.433242550152393],[-59.393019270254428,-34.433240930620251],[-59.393023180490069,-34.432700080526885],[-59.392696805807006,-34.432698460156374],[-59.392698761936849,-34.43242803510789],[-59.392372388330969,-34.43242641388273],[-59.392374345485827,-34.432155988838474]],[[-59.374419865571099,-34.432606329380036],[-59.374093492396312,-34.432604659365801],[-59.374091476327543,-34.432875083458448],[-59.374417850553421,-34.432876753489488],[-59.374419865571099,-34.432606329380036]],[[-59.442957011304749,-34.433208163873871],[-59.441651493217577,-34.433202210137239],[-59.441649694708317,-34.433472637509119],[-59.442302455806384,-34.433475616149387],[-59.442300659375498,-34.433746043539188],[-59.443279804355683,-34.433750505011979],[-59.443281597632968,-34.433480077577308],[-59.442955217000183,-34.433478591305672],[-59.442957011304749,-34.433208163873871]],[[-59.442951628319307,-34.434019446133057],[-59.442298862920715,-34.434016470916909],[-59.442297066441967,-34.434286898282565],[-59.442949833943011,-34.434289873528648],[-59.442951628319307,-34.434019446133057]],[[-59.4406651481086,-34.434279444924428],[-59.440012380943202,-34.434276457483989],[-59.440010577081921,-34.434546884732555],[-59.439684192484044,-34.434545389690747],[-59.439682387547478,-34.434815816912206],[-59.440661544566915,-34.434820299469585],[-59.4406651481086,-34.434279444924428]],[[-59.407047766535889,-34.434121061144573],[-59.406721385489355,-34.434119478145426],[-59.406713740996203,-34.435201180749637],[-59.407040126247608,-34.435202763812484],[-59.407038216111893,-34.435473189449269],[-59.407690988793554,-34.435476352993653],[-59.407689080734926,-34.435746778650206],[-59.408015468165161,-34.435748359131722],[-59.408013561132414,-34.436018784792097],[-59.408666338171699,-34.436021943173756],[-59.408664433216096,-34.436292368853827],[-59.408990822825118,-34.436293946753942],[-59.408992726729423,-34.436023521057983],[-59.40931911531252,-34.436025098071134],[-59.409321018140162,-34.435754672347251],[-59.408994630608348,-34.435753095349966],[-59.408996534461906,-34.435482669629863],[-59.408670148006721,-34.435481091777383],[-59.40867205288616,-34.435210666061089],[-59.40801928215447,-34.435207507774763],[-59.408021189111018,-34.43493708207815],[-59.407694804834527,-34.43493550164434],[-59.407696712816865,-34.434665075951578],[-59.407370329617038,-34.434663494662622],[-59.407372238625172,-34.434393068973705],[-59.407045856501995,-34.434391486829654],[-59.407047766535889,-34.434121061144573]],[[-59.439029616321434,-34.434812824185414],[-59.438376845191719,-34.434809827974455],[-59.438375036026059,-34.43508025512358],[-59.438048649446095,-34.435078755696459],[-59.438045028939889,-34.435619609928338],[-59.438371417622406,-34.435621109385643],[-59.438373226836276,-34.435350682260641],[-59.43902600217104,-34.435353678531904],[-59.439029616321434,-34.434812824185414]],[[-59.426949674189125,-34.435297683504771],[-59.425970513927368,-34.435293091104228],[-59.425968664764916,-34.435563517649797],[-59.425642277008983,-34.435561985092107],[-59.425640426770599,-34.435832411610185],[-59.425314037988052,-34.435830878166001],[-59.42530107826952,-34.437723863346712],[-59.425627474411478,-34.437725396898898],[-59.425623773515504,-34.438266249729914],[-59.425950171784919,-34.438267782441812],[-59.425948322351367,-34.438538208854624],[-59.426274721696842,-34.438539740710794],[-59.4262710248587,-34.439080593531067],[-59.426923827829356,-34.439083654691487],[-59.426921981476269,-34.439354081114345],[-59.427248384049982,-34.43935561040319],[-59.427246538723772,-34.439626036829324],[-59.427572942373551,-34.43962756526237],[-59.427571098074253,-34.439897991691822],[-59.427897502800121,-34.439899519269055],[-59.427895659527749,-34.440169945701804],[-59.428222065329685,-34.440171472423181],[-59.428220223084274,-34.44044189885922],[-59.428546629962298,-34.440443424724734],[-59.428544788743885,-34.440713851164055],[-59.430829644937013,-34.440724507935762],[-59.430831478794616,-34.440454081389227],[-59.431157885868551,-34.440455600284984],[-59.431159718650193,-34.4401851737111],[-59.43148612469701,-34.440186691720371],[-59.431487956402712,-34.439916265119159],[-59.431814361422425,-34.439917782241942],[-59.431818022657616,-34.439376928972784],[-59.431491619740896,-34.439375411880512],[-59.431498946124371,-34.438293705258424],[-59.431172547437868,-34.438292187356048],[-59.431176212585996,-34.437751334003124],[-59.429870626495649,-34.437745253804486],[-59.429872463238638,-34.437474827171116],[-59.429546067828603,-34.437473304958935],[-59.429549743343834,-34.436932451686594],[-59.429223350061037,-34.436930928633927],[-59.429225188833279,-34.436660501994986],[-59.428898796626306,-34.436658978086555],[-59.428902476199923,-34.436118124803123],[-59.428576086120117,-34.436116600054284],[-59.428577926921456,-34.435846173409807],[-59.42792514893808,-34.435843121329597],[-59.427926991817451,-34.435572694703758],[-59.426947828180481,-34.435568110096547],[-59.426949674189125,-34.435297683504771]],[[-59.422050151521795,-34.435815495815426],[-59.421070986065118,-34.435810864124463],[-59.421067256077833,-34.436351716690865],[-59.421393646641157,-34.436353261489991],[-59.421391782661566,-34.43662368777062],[-59.422044565965393,-34.436626774786703],[-59.422050151521795,-34.435815495815426]],[[-59.410620872577461,-34.436572248951464],[-59.410294481790395,-34.436570675390911],[-59.410292582040661,-34.43684110112612],[-59.409966190227586,-34.436839526678646],[-59.409962388549467,-34.437380378081187],[-59.409635994659027,-34.437378802730898],[-59.409632190776833,-34.437919654053445],[-59.409305794808979,-34.43791807780034],[-59.409303891778485,-34.438188503427654],[-59.409630288797707,-34.438190079696604],[-59.409626484763429,-34.438730930946711],[-59.409952883910861,-34.43873250637624],[-59.409947180823693,-34.439543783208386],[-59.410273583150797,-34.439545357814289],[-59.410271683122545,-34.439815783416691],[-59.411250893410191,-34.439820502054758],[-59.411248996511119,-34.440090927692566],[-59.411575401042398,-34.44009249884536],[-59.41157729688998,-34.439822073191728],[-59.411903700395023,-34.43982364345753],[-59.411918857854722,-34.437660237667593],[-59.411592462761128,-34.43765866752819],[-59.411594358381336,-34.437388241765902],[-59.411267964364384,-34.437386670771197],[-59.411269861010695,-34.437116245012639],[-59.410943468070371,-34.437114673162618],[-59.410945365742734,-34.436844247407819],[-59.41061897387906,-34.436842674702518],[-59.410620872577461,-34.436572248951464]],[[-59.43411560579144,-34.43749453665712],[-59.43378921006429,-34.437493025769569],[-59.43378738593799,-34.437763452586033],[-59.434113782716537,-34.437764963488796],[-59.43411560579144,-34.43749453665712]],[[-59.39821222456164,-34.437323116673745],[-59.397559438649161,-34.437319902382491],[-59.397551675178676,-34.438401602608955],[-59.397878072327522,-34.438403210254819],[-59.397876132446633,-34.43867363529742],[-59.398202530672719,-34.438675242088323],[-59.398200591817428,-34.438945667135009],[-59.398526991120768,-34.438947273070923],[-59.398525053291088,-34.439217698121695],[-59.399177854078125,-34.439220907412363],[-59.39917978980494,-34.438950482329297],[-59.399506189185715,-34.438952085651742],[-59.399511993057125,-34.438140810281752],[-59.399185596830584,-34.438139207007687],[-59.399187532454214,-34.437868781876325],[-59.398861137304856,-34.437867177747272],[-59.398863073954054,-34.437596752619982],[-59.398210285835525,-34.437593541780821],[-59.39821222456164,-34.437323116673745]],[[-59.433134592453847,-34.437760428167124],[-59.43248179906707,-34.437757400263656],[-59.432479970710837,-34.438027827007183],[-59.43215357300258,-34.438026311733509],[-59.432151743570572,-34.438296738449701],[-59.431825344835275,-34.438295222289639],[-59.431819853238622,-34.439106502320094],[-59.432146255128259,-34.439108018525928],[-59.432144425598722,-34.43937844519386],[-59.432470828564199,-34.439379960543761],[-59.432465342983825,-34.440191240520903],[-59.43311815529691,-34.440194268698555],[-59.433119981745058,-34.439923842021102],[-59.43344638688658,-34.439925354787874],[-59.433448212258888,-34.439654928083137],[-59.433774616373249,-34.4396564399635],[-59.433776440669703,-34.439386013231498],[-59.434429246868383,-34.439389034348245],[-59.434438357471571,-34.438036900355229],[-59.43313276620043,-34.43803085494109],[-59.433134592453847,-34.437760428167124]],[[-59.463487862101253,-34.438167805566856],[-59.46316146214081,-34.438166373052638],[-59.463156273434066,-34.438977657392421],[-59.463482676548907,-34.438979089949861],[-59.463487862101253,-34.438167805566856]],[[-59.39459849811734,-34.440550493300485],[-59.394272092816131,-34.440548876813146],[-59.394270141161705,-34.440819301580717],[-59.393290922259652,-34.44081444684268],[-59.393288967424603,-34.441084871549343],[-59.392636152850393,-34.441081630668656],[-59.392634195886203,-34.44135205533064],[-59.392307787586667,-34.441350433567145],[-59.392305829544831,-34.441620858200736],[-59.39197942021984,-34.441619235549673],[-59.391977461100332,-34.441889660154857],[-59.391324640425502,-34.441886412206387],[-59.391320717901799,-34.44242726131516],[-59.391647130329325,-34.442428885757693],[-59.391645170079883,-34.442699310310303],[-59.391971583585146,-34.442700933897918],[-59.391969624361224,-34.442971358454763],[-59.392948868188526,-34.442976224038922],[-59.392946912093421,-34.443246648632645],[-59.39327332780632,-34.443248268767761],[-59.393271372736798,-34.443518693365704],[-59.393924206344089,-34.443521931054633],[-59.393922253351846,-34.443792355673089],[-59.39457508916658,-34.443795589909342],[-59.394577040055459,-34.443525165258357],[-59.395556290817481,-34.4435300100292],[-59.395560186207312,-34.442989160593541],[-59.395886601076604,-34.442990773742103],[-59.395882707790079,-34.443531623210205],[-59.396535541813108,-34.443534846958329],[-59.396537486366014,-34.443264422197871],[-59.396863902364728,-34.443266032748774],[-59.396861958863497,-34.443536457525425],[-59.397188375939777,-34.443538067221226],[-59.397192260813064,-34.442997217623471],[-59.396865845840075,-34.442995607960057],[-59.39686778928953,-34.442725183159261],[-59.396541375394094,-34.442723572640766],[-59.396543319869252,-34.442453147844077],[-59.396869732713078,-34.442454758346358],[-59.396875562828328,-34.441643483835257],[-59.396222743476173,-34.44164026205663],[-59.396224688899252,-34.441369837227846],[-59.395898280313617,-34.441368225047896],[-59.395900226762322,-34.441097800223247],[-59.395573819254167,-34.441096187188272],[-59.395575766728484,-34.440825762367787],[-59.394596547514425,-34.440820918084306],[-59.39459849811734,-34.440550493300485]],[[-59.43180520790748,-34.441269915203698],[-59.430825977148451,-34.441265360992631],[-59.430824143217521,-34.441535787502978],[-59.430497731961786,-34.441534267674839],[-59.43049589695481,-34.441804694157803],[-59.430169484671943,-34.441803173443098],[-59.430160304012034,-34.443155305600477],[-59.430486721553123,-34.443156826391657],[-59.43048488639942,-34.443427252802245],[-59.43081130501664,-34.443428772737398],[-59.430807636739267,-34.443969625552931],[-59.431460478253825,-34.443972662870429],[-59.431458646181945,-34.444243089290637],[-59.432111489897615,-34.44424612315332],[-59.432109659904782,-34.444516549591974],[-59.432436082850963,-34.444518065231556],[-59.43243791179205,-34.444247638777647],[-59.43276433371085,-34.444249153530613],[-59.432769817232753,-34.443437874050773],[-59.432116979729798,-34.443434843764919],[-59.432115149810116,-34.443705270239782],[-59.431788730043529,-34.443703753774621],[-59.431790561014893,-34.443433327315013],[-59.43146414232438,-34.443431809993797],[-59.431465974323054,-34.443161383537387],[-59.431139556708636,-34.443159865360109],[-59.431141389734535,-34.442889438906917],[-59.430814973196242,-34.442887919873627],[-59.430816807249371,-34.442617493423626],[-59.431143222736033,-34.442619012441632],[-59.431145055713081,-34.442348585964289],[-59.431471470172525,-34.442350104095738],[-59.431475133950116,-34.441809251074311],[-59.431801546330725,-34.441810768303945],[-59.43180520790748,-34.441269915203698]],[[-59.463128596827787,-34.443304505371742],[-59.462475757016257,-34.443301637181648],[-59.462472292818624,-34.443842492904288],[-59.463125136837022,-34.443845361152093],[-59.463123406807078,-34.444115789024202],[-59.463449829902608,-34.444117221855493],[-59.463453287835982,-34.44357636607041],[-59.463126866843929,-34.443574933267953],[-59.463128596827787,-34.443304505371742]],[[-59.464432550950363,-34.443580659249797],[-59.463779708851099,-34.443577798001556],[-59.463776253021187,-34.444118653815444],[-59.464429099327397,-34.44412151512126],[-59.464432550950363,-34.443580659249797]],[[-59.393593881413558,-34.444061161838064],[-59.393267462519596,-34.444059542525359],[-59.393263552198171,-34.444600391636698],[-59.39358997319556,-34.444602010981967],[-59.393593881413558,-34.444061161838064]],[[-59.392939087452277,-34.444328346886756],[-59.392286247691231,-34.444325103872153],[-59.392282331007372,-34.444865952861491],[-59.392608752978298,-34.444867574837076],[-59.392610710281545,-34.444597150332136],[-59.39293713122683,-34.44459877142009],[-59.392939087452277,-34.444328346886756]]]}}
]
}
