{
"type": "FeatureCollection",
"name": "rog_v_P100_24h",
"crs": { "type": "name", "properties": { "name": "urn:ogc:def:crs:OGC:1.3:CRS84" } },
"features": [
{"type":"Feature","properties":{"Name":"100 mm en 24 h · h>5 cm"},"geometry":{"type":"Polygon","coordinates":[[[-59.42535762660831,-34.381743806304421],[-59.42535577917338,-34.382014235192358],[-59.425029599370191,-34.382012703077748],[-59.425031447853627,-34.38174227420523],[-59.42535762660831,-34.381743806304421]]]}},
{"type":"Feature","properties":{"Name":"100 mm en 24 h · h>5 cm"},"geometry":{"type":"Polygon","coordinates":[[[-59.424052911737434,-34.381737672691713],[-59.424051060108511,-34.382008101517918],[-59.423724880403931,-34.382006565925991],[-59.423726733081359,-34.381736137115247],[-59.424052911737434,-34.381737672691713]]]}},
{"type":"Feature","properties":{"Name":"100 mm en 24 h · h>5 cm"},"geometry":{"type":"Polygon","coordinates":[[[-59.428940086754274,-34.382571889155749],[-59.428936414780217,-34.383112747185443],[-59.429262599072104,-34.383114268929461],[-59.429253423951771,-34.384466413869283],[-59.428927234416882,-34.384464892048669],[-59.428929070538466,-34.384194463100144],[-59.428602882076675,-34.384192940425457],[-59.428604719222434,-34.383922511480201],[-59.428278531833733,-34.383920987951448],[-59.428285884366247,-34.382839272111198],[-59.428612067560621,-34.382840795578581],[-59.428613904583969,-34.382570366573034],[-59.428940086754274,-34.382571889155749]]]}},
{"type":"Feature","properties":{"Name":"100 mm en 24 h · h>5 cm"},"geometry":{"type":"Polygon","coordinates":[[[-59.409680197633932,-34.384643993808872],[-59.409678299593089,-34.384914421813789],[-59.40935210945392,-34.384912847797516],[-59.409354008543403,-34.384642419808443],[-59.409680197633932,-34.384643993808872]]]}},
{"type":"Feature","properties":{"Name":"100 mm en 24 h · h>5 cm"},"geometry":{"type":"Polygon","coordinates":[[[-59.438069584151542,-34.383155027397997],[-59.438065970800416,-34.383695886230825],[-59.438392157868954,-34.383697383662764],[-59.438388546518759,-34.384238242477537],[-59.438062357352976,-34.384236745015443],[-59.438056937001235,-34.38504803310196],[-59.437730744713583,-34.385046534725205],[-59.437728936832833,-34.385316964048179],[-59.43707655023244,-34.385313964656198],[-59.437074740230187,-34.385584393936909],[-59.436748545917489,-34.385582892921661],[-59.436746734842416,-34.385853322175194],[-59.435441953638275,-34.385847309359178],[-59.43544013834417,-34.386117738540129],[-59.435113942054869,-34.386116233147341],[-59.435112125687837,-34.386386662301057],[-59.433807336577878,-34.386380631974539],[-59.433810977677531,-34.385839773776425],[-59.433484782558104,-34.385838264051515],[-59.433492068660982,-34.384756547571385],[-59.433818259585678,-34.384758057235508],[-59.433816439145019,-34.385028486388819],[-59.434142631142628,-34.3850299951987],[-59.434140811726408,-34.385300424355172],[-59.435445584153861,-34.385306450961082],[-59.435447399375384,-34.385036021743964],[-59.436099783636983,-34.385039029800026],[-59.436101596736975,-34.384768600540561],[-59.437080170164556,-34.384773106058596],[-59.437081980094426,-34.384502676741711],[-59.43740817023658,-34.384504176827114],[-59.437409979093673,-34.384233747483044],[-59.437736168211288,-34.384235246683943],[-59.437743399204251,-34.38315352912683],[-59.438069584151542,-34.383155027397997]]]}},
{"type":"Feature","properties":{"Name":"100 mm en 24 h · h>5 cm"},"geometry":{"type":"Polygon","coordinates":[[[-59.404457345566833,-34.385159560962741],[-59.404455430696764,-34.385429988688934],[-59.404781622552122,-34.38543157577827],[-59.404775880934864,-34.386242858932356],[-59.404449685933415,-34.386241271795058],[-59.40445351580118,-34.385700416403033],[-59.404127322922648,-34.385698828428268],[-59.404129238866908,-34.385428400730149],[-59.40380304706261,-34.385426811901958],[-59.403804964030002,-34.38515638420774],[-59.404457345566833,-34.385159560962741]]]}},
{"type":"Feature","properties":{"Name":"100 mm en 24 h · h>5 cm"},"geometry":{"type":"Polygon","coordinates":[[[-59.439021083847301,-34.387215957744154],[-59.439019279968946,-34.387486387030982],[-59.438693078170438,-34.387484891126967],[-59.43869488309759,-34.387214461855208],[-59.439021083847301,-34.387215957744154]]]}},
{"type":"Feature","properties":{"Name":"100 mm en 24 h · h>5 cm"},"geometry":{"type":"Polygon","coordinates":[[[-59.439345481791477,-34.387487882065464],[-59.439343678937909,-34.38775831135527],[-59.439017476066553,-34.387756816305718],[-59.439019279968946,-34.387486387030982],[-59.439345481791477,-34.387487882065464]]]}},
{"type":"Feature","properties":{"Name":"100 mm en 24 h · h>5 cm"},"geometry":{"type":"Polygon","coordinates":[[[-59.429892971580855,-34.386362457525891],[-59.429889305214118,-34.386903315309823],[-59.430215504260666,-34.386904834659873],[-59.430206343160215,-34.388256978985154],[-59.42988013886967,-34.388255459558629],[-59.429878305527474,-34.388525888372207],[-59.429552100212526,-34.388524368060821],[-59.429566774656251,-34.386360937336974],[-59.429892971580855,-34.386362457525891]]]}},
{"type":"Feature","properties":{"Name":"100 mm en 24 h · h>5 cm"},"geometry":{"type":"Polygon","coordinates":[[[-59.430186186590234,-34.391231695439551],[-59.430184354028249,-34.391502124135791],[-59.429858137150703,-34.391500604525675],[-59.429859970761683,-34.391230175844761],[-59.430186186590234,-34.391231695439551]]]}},
{"type":"Feature","properties":{"Name":"100 mm en 24 h · h>5 cm"},"geometry":{"type":"Polygon","coordinates":[[[-59.415187806991831,-34.390079181964936],[-59.415172760568716,-34.392242605880853],[-59.414520322821815,-34.392239485690908],[-59.414529737514187,-34.390887345990983],[-59.414855951130129,-34.390888906442235],[-59.414861596497616,-34.390077622430404],[-59.415187806991831,-34.390079181964936]]]}},
{"type":"Feature","properties":{"Name":"100 mm en 24 h · h>5 cm"},"geometry":{"type":"Polygon","coordinates":[[[-59.444217064975881,-34.390755356620382],[-59.444215277568617,-34.391025785990259],[-59.444867709274355,-34.391028747752991],[-59.444864138584379,-34.391569606516192],[-59.445190356570933,-34.391571086122916],[-59.445188572239289,-34.391841515501326],[-59.445841010381784,-34.391844472135602],[-59.445839228124434,-34.392114901531734],[-59.447144108890498,-34.392120804423868],[-59.447142330805598,-34.392391233867357],[-59.446816109529443,-34.392389759433975],[-59.446812551190398,-34.392930618255122],[-59.446160104512934,-34.392927666719906],[-59.446158323209659,-34.393198096082678],[-59.444527201686256,-34.393190701950694],[-59.444528988235,-34.392920272662359],[-59.444202765050782,-34.392918791241783],[-59.444204552624811,-34.392648361956311],[-59.443878330513478,-34.392646879680981],[-59.443880119112741,-34.392376450398352],[-59.443553898074342,-34.392374967268275],[-59.443555687698797,-34.392104537988523],[-59.442903247791641,-34.392101569149247],[-59.442905039490341,-34.391831139887323],[-59.442252601776779,-34.391828167599321],[-59.442254395549618,-34.391557738355282],[-59.441928177777712,-34.391556250921774],[-59.441931767349715,-34.39101539242747],[-59.442257983023623,-34.391016879831035],[-59.442259776724754,-34.390746450550829],[-59.444217064975881,-34.390755356620382]]]}},
{"type":"Feature","properties":{"Name":"100 mm en 24 h · h>5 cm"},"geometry":{"type":"Polygon","coordinates":[[[-59.401139593142894,-34.392986036923254],[-59.401137667041944,-34.393256464139199],[-59.400811445050891,-34.393254867019976],[-59.400813372200901,-34.392984439820111],[-59.401139593142894,-34.392986036923254]]]}},
{"type":"Feature","properties":{"Name":"100 mm en 24 h · h>5 cm"},"geometry":{"type":"Polygon","coordinates":[[[-59.428540404550468,-34.393387517388753],[-59.428538566547552,-34.393657945911912],[-59.42821234139987,-34.393656421830897],[-59.428214180451882,-34.393385993323086],[-59.428540404550468,-34.393387517388753]]]}},
{"type":"Feature","properties":{"Name":"100 mm en 24 h · h>5 cm"},"geometry":{"type":"Polygon","coordinates":[[[-59.408636975871801,-34.393833812980681],[-59.40863507382339,-34.394104240527795],[-59.408308848098159,-34.39410266336354],[-59.408310751195714,-34.393832235832299],[-59.408636975871801,-34.393833812980681]]]}},
{"type":"Feature","properties":{"Name":"100 mm en 24 h · h>5 cm"},"geometry":{"type":"Polygon","coordinates":[[[-59.43994565384066,-34.395333314907646],[-59.439943852388573,-34.395603743877871],[-59.43961761904766,-34.395602250131326],[-59.439619421548947,-34.395331821176121],[-59.43994565384066,-34.395333314907646]]]}},
{"type":"Feature","properties":{"Name":"100 mm en 24 h · h>5 cm"},"geometry":{"type":"Polygon","coordinates":[[[-59.403407789678745,-34.395160610582593],[-59.403405870716647,-34.395431037814276],[-59.403079640153173,-34.395429446654653],[-59.403081560164431,-34.395159019438992],[-59.403407789678745,-34.395160610582593]]]}},
{"type":"Feature","properties":{"Name":"100 mm en 24 h · h>5 cm"},"geometry":{"type":"Polygon","coordinates":[[[-59.43961761904766,-34.395602250131326],[-59.439615816522334,-34.395872679074472],[-59.439289582156213,-34.395871184443131],[-59.439291385730762,-34.395600755515019],[-59.43961761904766,-34.395602250131326]]]}},
{"type":"Feature","properties":{"Name":"100 mm en 24 h · h>5 cm"},"geometry":{"type":"Polygon","coordinates":[[[-59.439289582156213,-34.395871184443131],[-59.43928777855762,-34.396141613359148],[-59.438961543166293,-34.39614011784299],[-59.438963347814123,-34.395869688941993],[-59.439289582156213,-34.395871184443131]]]}},
{"type":"Feature","properties":{"Name":"100 mm en 24 h · h>5 cm"},"geometry":{"type":"Polygon","coordinates":[[[-59.440592720363185,-34.396147586726023],[-59.440590920937595,-34.396418015690131],[-59.440264684400944,-34.396416523638081],[-59.440266484875792,-34.396146094688994],[-59.440592720363185,-34.396147586726023]]]}},
{"type":"Feature","properties":{"Name":"100 mm en 24 h · h>5 cm"},"geometry":{"type":"Polygon","coordinates":[[[-59.438961543166293,-34.39614011784299],[-59.438959738494411,-34.3964105467319],[-59.438633502077892,-34.39640905033086],[-59.438635307799011,-34.396138621456998],[-59.438961543166293,-34.39614011784299]]]}},
{"type":"Feature","properties":{"Name":"100 mm en 24 h · h>5 cm"},"geometry":{"type":"Polygon","coordinates":[[[-59.440264684400944,-34.396416523638081],[-59.440262883902086,-34.396686952575124],[-59.439936646340151,-34.396685459638249],[-59.439934844768032,-34.396955888548199],[-59.439608606180826,-34.396954394726485],[-59.43961221139962,-34.396413536924591],[-59.440264684400944,-34.396416523638081]]]}},
{"type":"Feature","properties":{"Name":"100 mm en 24 h · h>5 cm"},"geometry":{"type":"Polygon","coordinates":[[[-59.439608606180826,-34.396954394726485],[-59.439606803535398,-34.397224823609335],[-59.439280563922928,-34.397223328902747],[-59.43928236761765,-34.396952900034933],[-59.439608606180826,-34.396954394726485]]]}},
{"type":"Feature","properties":{"Name":"100 mm en 24 h · h>5 cm"},"geometry":{"type":"Polygon","coordinates":[[[-59.415138900250675,-34.397110306868584],[-59.415137018883733,-34.397380734586619],[-59.414810780063647,-34.397379174628135],[-59.414812662479896,-34.397108746925809],[-59.415138900250675,-34.397110306868584]]]}},
{"type":"Feature","properties":{"Name":"100 mm en 24 h · h>5 cm"},"geometry":{"type":"Polygon","coordinates":[[[-59.407322545841133,-34.395179636466118],[-59.407318733071889,-34.395720491300487],[-59.40699250115324,-34.395718910561946],[-59.406986778661143,-34.396530192675272],[-59.406660543620248,-34.3965286110192],[-59.406658635022779,-34.396799038350238],[-59.406332398958064,-34.396797455808468],[-59.406328579588283,-34.397338310402503],[-59.406002341450495,-34.397336726959054],[-59.405996609057027,-34.398148008711772],[-59.405670367796759,-34.398146424350671],[-59.405668455898663,-34.398416851561485],[-59.40534221361456,-34.398415266314579],[-59.405346039483916,-34.397874411912788],[-59.405019799323945,-34.397872825827953],[-59.405025541084655,-34.397061544182641],[-59.405351778096744,-34.397063130219564],[-59.405355603711143,-34.396522275697073],[-59.405681838650239,-34.396523860832289],[-59.40568375036996,-34.39625343353697],[-59.406009984285276,-34.396255017786444],[-59.406011894930316,-34.395984590463144],[-59.406338127821854,-34.395986173826913],[-59.406340037392226,-34.395715746475581],[-59.406666269260015,-34.395717328953644],[-59.406670086226001,-34.395176474182932],[-59.407322545841133,-34.395179636466118]]]}},
{"type":"Feature","properties":{"Name":"100 mm en 24 h · h>5 cm"},"geometry":{"type":"Polygon","coordinates":[[[-59.436338968933875,-34.398021123525098],[-59.436335342439605,-34.398561980880586],[-59.436009097821447,-34.398560477400089],[-59.436010912130037,-34.398290048743519],[-59.435684668585431,-34.39828854440831],[-59.435686483919191,-34.398018115754844],[-59.436338968933875,-34.398021123525098]]]}},
{"type":"Feature","properties":{"Name":"100 mm en 24 h · h>5 cm"},"geometry":{"type":"Polygon","coordinates":[[[-59.437968373904916,-34.398299056487744],[-59.437966565892523,-34.398569485235001],[-59.437640321153694,-34.398567986103842],[-59.437642130215451,-34.398297557371691],[-59.437968373904916,-34.398299056487744]]]}},
{"type":"Feature","properties":{"Name":"100 mm en 24 h · h>5 cm"},"geometry":{"type":"Polygon","coordinates":[[[-59.43731407643898,-34.398566486102837],[-59.437312266303707,-34.398836914807838],[-59.436986020563729,-34.398835413921837],[-59.436987831748368,-34.398564985231936],[-59.43731407643898,-34.398566486102837]]]}},
{"type":"Feature","properties":{"Name":"100 mm en 24 h · h>5 cm"},"geometry":{"type":"Polygon","coordinates":[[[-59.409253321915791,-34.398975086602974],[-59.40925142148442,-34.399245513952536],[-59.408925175772708,-34.399243938226356],[-59.408927077253445,-34.398973510892652],[-59.409253321915791,-34.398975086602974]]]}},
{"type":"Feature","properties":{"Name":"100 mm en 24 h · h>5 cm"},"geometry":{"type":"Polygon","coordinates":[[[-59.440255681666727,-34.397768668202701],[-59.440253881047909,-34.398039097079455],[-59.440906366736876,-34.398042080493944],[-59.440904568192742,-34.398312509388667],[-59.440578324286925,-34.398311018101332],[-59.440576524669467,-34.39858144696899],[-59.440250279738258,-34.398579954796773],[-59.44024847904744,-34.398850383637367],[-59.439922233090847,-34.398848890580247],[-59.439918629538397,-34.399389748195155],[-59.439266133499636,-34.399386759411151],[-59.439264329588561,-34.399657188170437],[-59.438611831547135,-34.399654195876721],[-59.438613637557062,-34.399383767147562],[-59.43828738962187,-34.399382269710927],[-59.438289196657138,-34.399111840984773],[-59.437310456144345,-34.399107343500781],[-59.437312266303707,-34.398836914807838],[-59.438617249504738,-34.398842909653055],[-59.438619055442466,-34.398572480887701],[-59.438945300253543,-34.398573977409256],[-59.43894710511784,-34.398303548616781],[-59.439273348903598,-34.398305044253412],[-59.439275152694499,-34.398034615433843],[-59.439601395454943,-34.398036110185544],[-59.439603198172463,-34.397765681338868],[-59.440255681666727,-34.397768668202701]]]}},
{"type":"Feature","properties":{"Name":"100 mm en 24 h · h>5 cm"},"geometry":{"type":"Polygon","coordinates":[[[-59.43730864596084,-34.399377772181644],[-59.437306835753226,-34.399648200850471],[-59.436980586865019,-34.399646699919153],[-59.436982398122069,-34.399376271265446],[-59.43730864596084,-34.399377772181644]]]}},
{"type":"Feature","properties":{"Name":"100 mm en 24 h · h>5 cm"},"geometry":{"type":"Polygon","coordinates":[[[-59.437633084665535,-34.399649700911894],[-59.437631275483227,-34.399920129583748],[-59.437305025521468,-34.399918629507241],[-59.437306835753226,-34.399648200850471],[-59.437633084665535,-34.399649700911894]]]}},
{"type":"Feature","properties":{"Name":"100 mm en 24 h · h>5 cm"},"geometry":{"type":"Polygon","coordinates":[[[-59.437957525469102,-34.399921628790366],[-59.437955717312136,-34.400192057465254],[-59.437629466276803,-34.400190558243551],[-59.437631275483227,-34.399920129583748],[-59.437957525469102,-34.399921628790366]]]}},
{"type":"Feature","properties":{"Name":"100 mm en 24 h · h>5 cm"},"geometry":{"type":"Polygon","coordinates":[[[-59.394894687696997,-34.399445785734379],[-59.394888847652211,-34.400257065555934],[-59.394562598871126,-34.400255451490544],[-59.394568442064141,-34.399444171717718],[-59.394894687696997,-34.399445785734379]]]}},
{"type":"Feature","properties":{"Name":"100 mm en 24 h · h>5 cm"},"geometry":{"type":"Polygon","coordinates":[[[-59.40206055636051,-34.401103635688443],[-59.402056708889404,-34.401644489480468],[-59.402382963511002,-34.401646083618353],[-59.402379118036365,-34.402186937394191],[-59.40270537478262,-34.402188530694218],[-59.402699609527168,-34.40299981131556],[-59.402047089762924,-34.402996623749317],[-59.402050937490422,-34.402455770077985],[-59.401724679745875,-34.402454175021973],[-59.40173430386352,-34.401102040712708],[-59.40206055636051,-34.401103635688443]]]}},
{"type":"Feature","properties":{"Name":"100 mm en 24 h · h>5 cm"},"geometry":{"type":"Polygon","coordinates":[[[-59.433699880465142,-34.402335927119651],[-59.433698058446822,-34.402606355489141],[-59.434024318637526,-34.402607865286612],[-59.434017034519805,-34.403689578704757],[-59.433690770130674,-34.403688068846499],[-59.433692592246146,-34.403417640525248],[-59.433366328930909,-34.40341612981215],[-59.433373621348302,-34.402334416467376],[-59.433699880465142,-34.402335927119651]]]}},
{"type":"Feature","properties":{"Name":"100 mm en 24 h · h>5 cm"},"geometry":{"type":"Polygon","coordinates":[[[-59.400079879830237,-34.404339173655544],[-59.400077949501927,-34.404609600316299],[-59.399751683514687,-34.40460799991159],[-59.399753614892674,-34.404337573266965],[-59.400079879830237,-34.404339173655544]]]}},
{"type":"Feature","properties":{"Name":"100 mm en 24 h · h>5 cm"},"geometry":{"type":"Polygon","coordinates":[[[-59.400730481553538,-34.404612798515579],[-59.4007266250184,-34.405153651865234],[-59.400400356880382,-34.405152053168436],[-59.400402286210486,-34.404881626515731],[-59.400076019147868,-34.404880026964975],[-59.400077949501927,-34.404609600316299],[-59.400730481553538,-34.404612798515579]]]}},
{"type":"Feature","properties":{"Name":"100 mm en 24 h · h>5 cm"},"geometry":{"type":"Polygon","coordinates":[[[-59.402684234385617,-34.405163225774771],[-59.402682312377671,-34.405433652527869],[-59.402356043035979,-34.405432059035398],[-59.402357966093639,-34.405161632298338],[-59.402684234385617,-34.405163225774771]]]}},
{"type":"Feature","properties":{"Name":"100 mm en 24 h · h>5 cm"},"geometry":{"type":"Polygon","coordinates":[[[-59.417356959717182,-34.406586168904717],[-59.417355084820905,-34.406856596310135],[-59.417028809091647,-34.406855041892847],[-59.417030685037695,-34.406584614503075],[-59.417356959717182,-34.406586168904717]]]}},
{"type":"Feature","properties":{"Name":"100 mm en 24 h · h>5 cm"},"geometry":{"type":"Polygon","coordinates":[[[-59.417681360575166,-34.406858149857293],[-59.417679486703697,-34.407128577266292],[-59.417353209899645,-34.407127023703509],[-59.417355084820905,-34.406856596310135],[-59.417681360575166,-34.406858149857293]]]}},
{"type":"Feature","properties":{"Name":"100 mm en 24 h · h>5 cm"},"geometry":{"type":"Polygon","coordinates":[[[-59.421919227174783,-34.407419121999787],[-59.421917366901091,-34.40768954958714],[-59.421591087673846,-34.407688007305062],[-59.421592948997386,-34.407417579733234],[-59.421919227174783,-34.407419121999787]]]}},
{"type":"Feature","properties":{"Name":"100 mm en 24 h · h>5 cm"},"geometry":{"type":"Polygon","coordinates":[[[-59.410173228515376,-34.407363052213697],[-59.410171330448151,-34.407633479236722],[-59.409845052122733,-34.407631905629238],[-59.409846951239778,-34.407361478622043],[-59.410173228515376,-34.407363052213697]]]}},
{"type":"Feature","properties":{"Name":"100 mm en 24 h · h>5 cm"},"geometry":{"type":"Polygon","coordinates":[[[-59.407553478437293,-34.408702573476319],[-59.407549665226313,-34.409243427135678],[-59.407223380804624,-34.409241846471566],[-59.407227196115379,-34.408700992844039],[-59.407553478437293,-34.408702573476319]]]}},
{"type":"Feature","properties":{"Name":"100 mm en 24 h · h>5 cm"},"geometry":{"type":"Polygon","coordinates":[[[-59.415378617492252,-34.409551529205189],[-59.4153767360215,-34.40982195638388],[-59.415050448893972,-34.409820396573188],[-59.415052331414643,-34.409549969410179],[-59.415378617492252,-34.409551529205189]]]}},
{"type":"Feature","properties":{"Name":"100 mm en 24 h · h>5 cm"},"geometry":{"type":"Polygon","coordinates":[[[-59.415050448893972,-34.409820396573188],[-59.415048566348212,-34.410090823724126],[-59.414722278195839,-34.410089263027466],[-59.414724161791547,-34.40981883589226],[-59.415050448893972,-34.409820396573188]]]}},
{"type":"Feature","properties":{"Name":"100 mm en 24 h · h>5 cm"},"geometry":{"type":"Polygon","coordinates":[[[-59.41537485452568,-34.41009238355052],[-59.415372973004779,-34.410362810705074],[-59.415046683777362,-34.410361250862977],[-59.415048566348212,-34.410090823724126],[-59.41537485452568,-34.41009238355052]]]}},
{"type":"Feature","properties":{"Name":"100 mm en 24 h · h>5 cm"},"geometry":{"type":"Polygon","coordinates":[[[-59.413739640322852,-34.410625429856104],[-59.413733979784482,-34.411436710975416],[-59.413081393206021,-34.411433581592625],[-59.413085171123441,-34.410892727588134],[-59.413411462300068,-34.410894292683167],[-59.413413350171034,-34.410623865647054],[-59.413739640322852,-34.410625429856104]]]}},
{"type":"Feature","properties":{"Name":"100 mm en 24 h · h>5 cm"},"geometry":{"type":"Polygon","coordinates":[[[-59.421591087673846,-34.407688007305062],[-59.421589226325516,-34.407958434864817],[-59.421262946073234,-34.407956891697062],[-59.421259221202433,-34.408497746749312],[-59.420932938875254,-34.408496202680283],[-59.420931075352748,-34.408766630172785],[-59.420604792000532,-34.40876508521805],[-59.420601062781188,-34.409305940135731],[-59.42027477735401,-34.409304394279694],[-59.420272911657143,-34.409574821704872],[-59.419946625204915,-34.409573274963051],[-59.419944758433253,-34.409843702360611],[-59.419618470955946,-34.409842154733006],[-59.419614735238071,-34.410383009460766],[-59.419288445685758,-34.410381460931767],[-59.419284707768334,-34.410922315580081],[-59.418632124538505,-34.410919215848971],[-59.418630253442409,-34.411189643123848],[-59.418303960814882,-34.411188091937291],[-59.418302088643848,-34.411458519184478],[-59.417975794991271,-34.411456967112038],[-59.417973921745251,-34.411727394331535],[-59.417647627067588,-34.411725841373197],[-59.417645752746552,-34.411996268564998],[-59.417319457043831,-34.411994714720727],[-59.417317581647765,-34.412265141884831],[-59.41699128491998,-34.412263587154634],[-59.416989408448828,-34.412534014291012],[-59.416663110695978,-34.412532458674853],[-59.416659355578481,-34.413073312880115],[-59.416333055750464,-34.413071756362321],[-59.416331177104048,-34.413342183431183],[-59.415678575422916,-34.413339067753249],[-59.41568045616954,-34.413068640715728],[-59.415354156416669,-34.413067081586973],[-59.415361683352828,-34.411985373379039],[-59.415687978905396,-34.411986932445032],[-59.415689859526708,-34.411716505347187],[-59.416016154054276,-34.411718063527211],[-59.416018033600487,-34.411447636401618],[-59.416344327103083,-34.411449193695717],[-59.416346205574222,-34.411178766542378],[-59.416672498051824,-34.411180322950528],[-59.41667437544794,-34.410909895769457],[-59.417000666900563,-34.410911451291675],[-59.417002543221663,-34.410641024082885],[-59.417328833649307,-34.410642578719212],[-59.417330708895435,-34.410372151482711],[-59.417656998298078,-34.410373705233148],[-59.417658872469261,-34.410103277968958],[-59.417985160846939,-34.410104830833518],[-59.417987033943184,-34.409834403541602],[-59.418639608673494,-34.409837506628826],[-59.418643350591381,-34.409296651946363],[-59.419295921221725,-34.409299751490309],[-59.419299658840281,-34.408758896697186],[-59.41962594209302,-34.4087604451327],[-59.419627809815054,-34.408490017702448],[-59.419954092042815,-34.408491565252184],[-59.419955958690089,-34.408221137794307],[-59.420282239892842,-34.408222684458295],[-59.420284105465399,-34.407952256972763],[-59.420936665845794,-34.407955347659126],[-59.420938529293799,-34.407684920130421],[-59.421591087673846,-34.407688007305062]]]}},
{"type":"Feature","properties":{"Name":"100 mm en 24 h · h>5 cm"},"geometry":{"type":"Polygon","coordinates":[[[-59.406200571854221,-34.41545691140584],[-59.406198660425183,-34.415727337876106],[-59.406524969972239,-34.41572892153328],[-59.40652114913825,-34.416269774469491],[-59.406847460811285,-34.416271357288096],[-59.406837913532243,-34.417623489497025],[-59.406185279708666,-34.417620322830025],[-59.406187191316022,-34.417349896444279],[-59.405860875492749,-34.417348311821037],[-59.405864700731641,-34.41680745904516],[-59.405538387034497,-34.416805873583364],[-59.405547954936985,-34.415453741512209],[-59.406200571854221,-34.41545691140584]]]}},
{"type":"Feature","properties":{"Name":"100 mm en 24 h · h>5 cm"},"geometry":{"type":"Polygon","coordinates":[[[-59.408792009127808,-34.41817382159654],[-59.408790105846982,-34.418444248073371],[-59.409116426100425,-34.418445824925954],[-59.409110719257022,-34.419257104331621],[-59.409437042687017,-34.419258680361267],[-59.409433240098856,-34.419799533269739],[-59.409106914567971,-34.419797957208367],[-59.409097402401692,-34.421150089189005],[-59.40877107164377,-34.421148512177751],[-59.408776782171081,-34.420337233073155],[-59.408450454589996,-34.420335655238965],[-59.408456168040381,-34.419524376073397],[-59.408129843636047,-34.419522797416278],[-59.408133654576922,-34.418981944610657],[-59.40780733229883,-34.418980365114798],[-59.407809238781553,-34.418709938709767],[-59.408135560009256,-34.418711518189724],[-59.40813746541621,-34.418441091756726],[-59.407811145238902,-34.418439512292672],[-59.407813051670828,-34.418169085863518],[-59.408792009127808,-34.41817382159654]]]}},
{"type":"Feature","properties":{"Name":"100 mm en 24 h · h>5 cm"},"geometry":{"type":"Polygon","coordinates":[[[-59.410727159314789,-34.421428387625703],[-59.410725262032834,-34.421698814052768],[-59.410398929047176,-34.421697241362764],[-59.410400827379696,-34.421426814951538],[-59.410727159314789,-34.421428387625703]]]}},
{"type":"Feature","properties":{"Name":"100 mm en 24 h · h>5 cm"},"geometry":{"type":"Polygon","coordinates":[[[-59.408769168083914,-34.421418938521782],[-59.408767264498699,-34.421689364853769],[-59.408440931665048,-34.421687786940154],[-59.4084428363008,-34.421417360624055],[-59.408769168083914,-34.421418938521782]]]}},
{"type":"Feature","properties":{"Name":"100 mm en 24 h · h>5 cm"},"geometry":{"type":"Polygon","coordinates":[[[-59.408440931665048,-34.421687786940154],[-59.408437122317416,-34.422228639536137],[-59.408110787408013,-34.422227060720161],[-59.408105070044371,-34.42303833947593],[-59.407778732008602,-34.423036759741649],[-59.407776825119292,-34.42330718595354],[-59.407450486058309,-34.423305605332693],[-59.407460025503674,-34.421953474232083],[-59.407786359311672,-34.421955054773399],[-59.407788266073936,-34.421684628501154],[-59.408440931665048,-34.421687786940154]]]}},
{"type":"Feature","properties":{"Name":"100 mm en 24 h · h>5 cm"},"geometry":{"type":"Polygon","coordinates":[[[-59.408753938691888,-34.423582348839595],[-59.408750131090173,-34.424123201298343],[-59.409076473404689,-34.424124778484178],[-59.40907266780286,-34.42466563092637],[-59.409399012244101,-34.424667207273259],[-59.409395208642295,-34.425208059698868],[-59.408742515582283,-34.425204906070952],[-59.408740611641875,-34.425475332233937],[-59.408414264099186,-34.425473754098043],[-59.408416169090323,-34.425203327950932],[-59.408089822623758,-34.425201748960184],[-59.408091728640244,-34.424931322816917],[-59.407765383249789,-34.424929742971351],[-59.407773011264446,-34.423848038341092],[-59.408099352452147,-34.423849618123072],[-59.408101258341617,-34.423579191919444],[-59.408753938691888,-34.423582348839595]]]}},
{"type":"Feature","properties":{"Name":"100 mm en 24 h · h>5 cm"},"geometry":{"type":"Polygon","coordinates":[[[-59.417550129244319,-34.425788039345711],[-59.417546377978567,-34.426328892462202],[-59.417220026603388,-34.426327337788969],[-59.417223779970698,-34.425786484703764],[-59.417550129244319,-34.425788039345711]]]}},
{"type":"Feature","properties":{"Name":"100 mm en 24 h · h>5 cm"},"geometry":{"type":"Polygon","coordinates":[[[-59.412668131740404,-34.423871643650216],[-59.412666240534882,-34.424142070063425],[-59.413318925795842,-34.424145202668065],[-59.413317036666484,-34.424415629100722],[-59.413643380385416,-34.424417194112777],[-59.413641492281613,-34.424687620549101],[-59.413967837076399,-34.424689184706182],[-59.413965949998122,-34.424959611146193],[-59.414618641764584,-34.424962736879721],[-59.414616756762605,-34.425233163339101],[-59.414943103734259,-34.425234724915512],[-59.414935567678242,-34.426316430695209],[-59.414609216503536,-34.426314869055936],[-59.414607331375969,-34.426585295454963],[-59.414280979175587,-34.426583732929224],[-59.414279092972087,-34.426854159300468],[-59.413952739746037,-34.426852595888242],[-59.413950852466556,-34.427123022231676],[-59.413298143988271,-34.4271198927634],[-59.413296254581979,-34.427390319063271],[-59.412969899329752,-34.427388753007222],[-59.412968008847415,-34.42765917927926],[-59.412641652569519,-34.427657612336652],[-59.412649218551039,-34.426575907239076],[-59.412975570625598,-34.426577474118631],[-59.412981241694702,-34.425766195121419],[-59.412654892772508,-34.425764628289159],[-59.412658675460783,-34.425223775595533],[-59.412332328665293,-34.425222207924087],[-59.412336113354172,-34.424681355213721],[-59.412009768685337,-34.424679786703123],[-59.412015448681593,-34.423868507594406],[-59.412668131740404,-34.423871643650216]]]}},
{"type":"Feature","properties":{"Name":"100 mm en 24 h · h>5 cm"},"geometry":{"type":"Polygon","coordinates":[[[-59.398449209940672,-34.358627295592683],[-59.398445345376551,-34.359168152787454],[-59.39877143509004,-34.359169754830226],[-59.398767572517542,-34.359710612008989],[-59.399093664351419,-34.359712213215467],[-59.399091734073892,-34.35998264180288],[-59.400070012871886,-34.359987440259097],[-59.4000680857107,-34.360257868882769],[-59.400394179742115,-34.360259466647072],[-59.400392253602625,-34.36052989527478],[-59.401044443837186,-34.360533088229708],[-59.401042519766811,-34.360803516877517],[-59.401694712198726,-34.3608067063901],[-59.401692790197494,-34.361077135057954],[-59.402344984826669,-34.361080321128135],[-59.402343064894659,-34.361350749816012],[-59.402995261721031,-34.361353932443699],[-59.402993343858299,-34.36162436115157],[-59.403319443357248,-34.361625951178453],[-59.403317526516418,-34.361896379890268],[-59.403643627088364,-34.361897969064515],[-59.403641711269429,-34.362168397780287],[-59.404293914584855,-34.362171573554754],[-59.404292000835333,-34.36244200229045],[-59.404618103578791,-34.362443588890656],[-59.40461619085125,-34.362714017630275],[-59.404942294667684,-34.362715603377758],[-59.404940382962167,-34.362986032121285],[-59.40526648785157,-34.362987617016039],[-59.405264577168076,-34.363258045763459],[-59.405590683130477,-34.363259629805484],[-59.405586863782176,-34.363800487296011],[-59.406239079973467,-34.36380365283771],[-59.406231449352099,-34.36488536780157],[-59.406557561676216,-34.364886949333027],[-59.406551841586115,-34.365698235477041],[-59.406877957078521,-34.365699816187501],[-59.40687414565339,-34.366240673588365],[-59.407200263266539,-34.366242253461856],[-59.407185024931891,-34.368405682710112],[-59.407511150952317,-34.368407261842023],[-59.4075016314072,-34.369759404809656],[-59.407827762692129,-34.369760983152155],[-59.407822053804203,-34.370572268835652],[-59.408148188258153,-34.370573846356898],[-59.408140580244229,-34.371655560496222],[-59.40846671891525,-34.371657137212026],[-59.408461015782578,-34.372468422737491],[-59.408787157622875,-34.372469998631914],[-59.408783357503793,-34.373010855620336],[-59.409109501465444,-34.373012430677463],[-59.40910570334114,-34.373553287649329],[-59.409431849424209,-34.373554861869138],[-59.409429951372147,-34.373825290352841],[-59.409756098528568,-34.373826863719465],[-59.409754201499311,-34.374097292206933],[-59.410080349729093,-34.374098864720324],[-59.410078453722633,-34.374369293211565],[-59.410404603025789,-34.374370864871743],[-59.410400813033306,-34.374911721849671],[-59.410726964457929,-34.374913292672417],[-59.410725070471941,-34.375183721159104],[-59.411051222969967,-34.375185291128552],[-59.411047437018567,-34.375726148097392],[-59.411373591638132,-34.375727717229331],[-59.411367915666418,-34.376539002639511],[-59.411694073455777,-34.376540570949729],[-59.411690291444998,-34.3770814278611],[-59.412016451356024,-34.377082995333744],[-59.41201267134096,-34.377623852228446],[-59.412338833373688,-34.377625418863474],[-59.412336944376655,-34.377895847308494],[-59.412663107482828,-34.377897413090118],[-59.412659331509822,-34.37843826997554],[-59.412985496737761,-34.378439834919476],[-59.412983609761831,-34.378710263359835],[-59.413309776063244,-34.378711827450338],[-59.413307890110509,-34.378982255894378],[-59.413634057485382,-34.378983819131399],[-59.413632172555857,-34.379254247579141],[-59.414284509477689,-34.379257371476974],[-59.414282626619773,-34.379527799944086],[-59.414608796166682,-34.37952936060487],[-59.414606914332055,-34.379799789075641],[-59.415585426268365,-34.37980446588967],[-59.41558354755383,-34.380074894395463],[-59.416235891066719,-34.380078007956577],[-59.416234014423971,-34.380348436481654],[-59.413624632586561,-34.380335961249408],[-59.413622747531406,-34.380606389636824],[-59.412970400226172,-34.380603262104628],[-59.412972287378146,-34.380332833748682],[-59.41264611481165,-34.380331268694448],[-59.412649891136958,-34.379790411977929],[-59.412323720692441,-34.379788846085951],[-59.412325609865704,-34.379518417725357],[-59.411999440494746,-34.379516850979911],[-59.412003220862474,-34.378975994254091],[-59.411677053613396,-34.378974426670965],[-59.411678944807811,-34.378703998305745],[-59.411352778632299,-34.378702429869207],[-59.411356563042119,-34.37816157313415],[-59.411030398988444,-34.378160003859996],[-59.411034185393973,-34.377619147108305],[-59.410708023462092,-34.377617576996563],[-59.410713706025916,-34.376806291825986],[-59.410387547264037,-34.376804720892537],[-59.410391337610093,-34.376263864083477],[-59.410065180969895,-34.376262292312525],[-59.410068973311319,-34.375721435486831],[-59.409742818792751,-34.375719862878455],[-59.409744715973737,-34.375449434463341],[-59.409418562528622,-34.375447861001675],[-59.409422358910973,-34.374907004166985],[-59.40909620758746,-34.374905429867908],[-59.409098106788818,-34.374635001448318],[-59.408771956538736,-34.374633426296029],[-59.408773856762885,-34.37436299788024],[-59.408447707586227,-34.374361421874724],[-59.408449608833159,-34.374090993462751],[-59.408123460729925,-34.37408941660405],[-59.408127265243877,-34.373548559775642],[-59.40780111926216,-34.373546982079652],[-59.407804925770819,-34.373006125234774],[-59.407478781910534,-34.37300454670153],[-59.407482590413757,-34.372463689840188],[-59.40715644867489,-34.372462110469733],[-59.407162164383323,-34.371650825134957],[-59.406836025813803,-34.371649244943242],[-59.406843650594617,-34.370567531058285],[-59.406517516242204,-34.370565950061277],[-59.406523237704718,-34.369754664568646],[-59.406197106521375,-34.369753082750478],[-59.406204738973557,-34.368671368655143],[-59.405878612006966,-34.368669786031809],[-59.40588052110423,-34.368399357493757],[-59.405554395210885,-34.368397774017481],[-59.405556305330492,-34.368127345483316],[-59.405230180510394,-34.368125761154126],[-59.405232091652309,-34.367855332623847],[-59.405884339222432,-34.367858500381473],[-59.405888157238856,-34.367317643220922],[-59.405562035536555,-34.367316059808431],[-59.405567765513531,-34.366504774024968],[-59.405241646979839,-34.366503189791501],[-59.405249290783395,-34.365421475308487],[-59.404923176465836,-34.365419890270054],[-59.404927000310039,-34.364879032988107],[-59.404600888113194,-34.364877447112846],[-59.404606626831175,-34.364066161147349],[-59.404280517802583,-34.36406457445127],[-59.404284345582191,-34.363523717112578],[-59.403958238674214,-34.363522129579742],[-59.403960153573287,-34.363251700908286],[-59.403634047738358,-34.363250112522742],[-59.403635963659433,-34.362979683855222],[-59.402983754161227,-34.362976504509994],[-59.402985672151765,-34.362706075862441],[-59.402659568488488,-34.362704484902814],[-59.402661487500964,-34.362434056259204],[-59.40200928234615,-34.362430871765952],[-59.402011203427989,-34.362160443142365],[-59.400706797615612,-34.362154063795963],[-59.400708722861665,-34.361883635224551],[-59.399730421914121,-34.361878841642003],[-59.399732350276842,-34.361608413106815],[-59.398754052702941,-34.361603611754688],[-59.39871928167306,-34.366471322671913],[-59.399045399694721,-34.366472924281574],[-59.399043468773925,-34.366743352567383],[-59.398717349704569,-34.3667417509416],[-59.39867677241805,-34.372420741817642],[-59.399002913492176,-34.372422343782183],[-59.398985529182141,-34.374856195531052],[-59.399311679714501,-34.374857796771686],[-59.399307818347573,-34.375398652615409],[-59.39963397100194,-34.375400253019187],[-59.399626252152004,-34.376481964626286],[-59.39995240902477,-34.376483564225389],[-59.399948551541925,-34.377024419988757],[-59.400274710536841,-34.377026018750939],[-59.400272782805089,-34.377296446630609],[-59.400598942873955,-34.377298044539742],[-59.40058930907125,-34.378650183837571],[-59.400915474407185,-34.378651780957938],[-59.400911622802994,-34.379192636624772],[-59.400585455370411,-34.379191039472254],[-59.400570039539822,-34.38135446152824],[-59.400896215359609,-34.38135605880943],[-59.400892363242079,-34.381896914234936],[-59.40121854118447,-34.38189851067898],[-59.401216616135699,-34.382168938389682],[-59.401542795152245,-34.382170533980478],[-59.401540871126308,-34.382440961695217],[-59.401867051217003,-34.382442556432736],[-59.401865128213949,-34.382712984151446],[-59.402191309378779,-34.382714578035703],[-59.402179777113652,-34.384337144190859],[-59.40250596459552,-34.384338737302009],[-59.402504043510291,-34.384609164968339],[-59.402830232066385,-34.38461075722612],[-59.402826391916406,-34.385151612554665],[-59.403152582595368,-34.385153203975108],[-59.403148744440358,-34.385694059287388],[-59.40347493724223,-34.385695649870463],[-59.403473019175046,-34.385966077524522],[-59.40379921305118,-34.385967667254143],[-59.40379729600712,-34.386238094912152],[-59.404449685933415,-34.386241271795058],[-59.404445855963587,-34.386782127138829],[-59.404772053062473,-34.386783714308081],[-59.404770139088022,-34.387054141977842],[-59.405096337261149,-34.387055728293589],[-59.405102075961786,-34.386244445200191],[-59.40542827101423,-34.386246030598585],[-59.405430182814762,-34.385975602860675],[-59.405756376843954,-34.385977187373662],[-59.405754466092148,-34.386247615127509],[-59.406080661195539,-34.386249198786992],[-59.406078751466964,-34.386519626544718],[-59.406731143847502,-34.386522791287177],[-59.406729236190955,-34.386793219064714],[-59.407381630770665,-34.38679638036114],[-59.407377819576311,-34.387337235943662],[-59.407704019001777,-34.387338815319474],[-59.407700209803444,-34.387879670885511],[-59.408026411351848,-34.387881249423636],[-59.408022604149579,-34.388422104973174],[-59.408348807820992,-34.388423682673569],[-59.408345002614929,-34.388964538206629],[-59.408671208409373,-34.388966115069252],[-59.408667405199616,-34.389506970585778],[-59.408993613117133,-34.389508546610578],[-59.408989811903801,-34.390049402110606],[-59.409316021944456,-34.390050977297562],[-59.409314122348704,-34.390321405045327],[-59.409640333463599,-34.390322979378553],[-59.40963653629403,-34.390863834869585],[-59.40996274953212,-34.390865408364903],[-59.409958954359269,-34.391406263839357],[-59.410285169720567,-34.391407836496739],[-59.410281376544553,-34.39194869195461],[-59.410607594029138,-34.391950263774021],[-59.410605698452223,-34.392220691500668],[-59.410931917011077,-34.392222262466262],[-59.410928127879558,-34.392763117914988],[-59.411254348561734,-34.39276468804254],[-59.411252455007158,-34.393035115764626],[-59.411578676763639,-34.393036685038311],[-59.411576784232899,-34.393307112764134],[-59.411903007063678,-34.39330868118391],[-59.411901115556809,-34.393579108913443],[-59.412227339461872,-34.393580676479338],[-59.412225448978909,-34.393851104212587],[-59.412551673958269,-34.393852670924566],[-59.412549784499213,-34.394123098661538],[-59.412876010552878,-34.394124664519566],[-59.412874122117778,-34.394395092260211],[-59.413200349245741,-34.394396657264295],[-59.413198461834625,-34.394667085008628],[-59.413524690036894,-34.394668649158746],[-59.413522803649784,-34.394939076906759],[-59.413849032926343,-34.394940640202883],[-59.41384714756326,-34.39521106795457],[-59.414173377914125,-34.395212630396678],[-59.414171493575104,-34.395483058152024],[-59.414497725000281,-34.39548461974011],[-59.414493958345325,-34.396025475246077],[-59.414820191894002,-34.396027035995822],[-59.414818309578109,-34.3962974637464],[-59.415144544201127,-34.396299023642079],[-59.415142662909382,-34.396569451396324],[-59.414163955967901,-34.396564769052816],[-59.414156417958857,-34.397646479760546],[-59.414482657778024,-34.39764804147439],[-59.414480774262294,-34.397918469136876],[-59.416438219999975,-34.39792782124772],[-59.416436342755119,-34.398198248992287],[-59.417088826966626,-34.398201359435205],[-59.417086951795454,-34.398471787199028],[-59.417413194988043,-34.39847334113135],[-59.417411320841239,-34.398743768898733],[-59.417737565108162,-34.398745321976854],[-59.417735691985747,-34.399015749747811],[-59.418061937327018,-34.399017301971696],[-59.418060065229021,-34.399287729746199],[-59.418386311644639,-34.39928928111582],[-59.418384440571089,-34.399559708893889],[-59.419036935575917,-34.399562809054693],[-59.419035066576271,-34.399833236851919],[-59.419687563779569,-34.399836333564323],[-59.419685696853875,-34.400106761380641],[-59.420011946542282,-34.400108308447585],[-59.420010080641177,-34.400378736267406],[-59.420336331403888,-34.40038028248],[-59.420334466527351,-34.40065071030331],[-59.420986970226259,-34.400653800149854],[-59.420985107423839,-34.40092422799222],[-59.421311360360015,-34.400925771626135],[-59.421309498582239,-34.401196199471975],[-59.421962006628,-34.401199284161045],[-59.42196014692442,-34.401469712025879],[-59.422612657168322,-34.401472793266194],[-59.422614514772874,-34.401202365370359],[-59.423267023016791,-34.401205443099883],[-59.423268878497623,-34.400935015160989],[-59.423595131607193,-34.400936552705367],[-59.423596986013798,-34.40066612473894],[-59.42392323809861,-34.400667661397897],[-59.423925091431038,-34.400397233403943],[-59.42425134249109,-34.400398769177521],[-59.424253194749376,-34.400128341156062],[-59.424905694844583,-34.400131410062563],[-59.424907544979312,-34.399860981998124],[-59.425233794014467,-34.399862515131069],[-59.425235643075112,-34.399592087039153],[-59.425561891085508,-34.399593619286783],[-59.425563739072096,-34.399323191167383],[-59.425889986057712,-34.399324722529698],[-59.42589367985822,-34.398783866223859],[-59.426219924769661,-34.398785396685504],[-59.426221770583631,-34.398514968499079],[-59.426548014470285,-34.398516498075416],[-59.426551703925739,-34.397975641635632],[-59.426877945738305,-34.397977170311343],[-59.426879789379825,-34.397706742057956],[-59.427206030167625,-34.397708269848458],[-59.427207872735252,-34.397437841567637],[-59.427860352285876,-34.397440894508399],[-59.427862192730366,-34.397170466184797],[-59.428188431493162,-34.397171991335078],[-59.428190270863837,-34.396901562984048],[-59.428516508601867,-34.396903087249186],[-59.428518346898748,-34.39663265887075],[-59.428844583612019,-34.396634182250736],[-59.428846420835143,-34.396363753844902],[-59.429498892236573,-34.396366797964824],[-59.429500727336723,-34.396096369516307],[-59.429826962024897,-34.396097890256279],[-59.42982879605136,-34.395827461780378],[-59.430481263402548,-34.395830500620384],[-59.430483095306116,-34.39556007210183],[-59.431135560656529,-34.395563107432181],[-59.431137390437286,-34.395292678871002],[-59.431789853786803,-34.395295710691776],[-59.431791681444786,-34.395025282088021],[-59.432444142793379,-34.395028310399297],[-59.432445968328643,-34.394757881752987],[-59.432772197990268,-34.394759394588768],[-59.43277402245203,-34.39448896591518],[-59.433426479749869,-34.394491988947074],[-59.433428302089006,-34.394221560230989],[-59.433754529725213,-34.394223070427138],[-59.433756350990933,-34.393952641683782],[-59.434408804237876,-34.393955659436543],[-59.434410623381069,-34.393685230650767],[-59.434736848991804,-34.393686738207379],[-59.434738667061652,-34.393416309394375],[-59.435391116257506,-34.393419321868166],[-59.435392932204934,-34.393148893012786],[-59.435719155790096,-34.393150397929965],[-59.435720970664221,-34.392879969047357],[-59.436047193224468,-34.392881473079733],[-59.436054448282974,-34.391799757368169],[-59.436380666671198,-34.391801260470316],[-59.436384291957395,-34.391260402511932],[-59.436710508271773,-34.391261904714199],[-59.436717754358398,-34.390180188592232],[-59.437043966501044,-34.390181689864427],[-59.437049397665788,-34.389370402600996],[-59.437375606685812,-34.389371902958267],[-59.437377415976911,-34.389101473831239],[-59.437703623972155,-34.389102973303849],[-59.437692774157405,-34.39072554797572],[-59.437366559868607,-34.390724048412537],[-59.437361131488906,-34.391535335540411],[-59.437034914077266,-34.391533835062297],[-59.43703129293884,-34.392074693057047],[-59.436705073453275,-34.392073191679067],[-59.436696014939592,-34.393425336379352],[-59.437674689204719,-34.393429838130913],[-59.437672880576876,-34.393700267080099],[-59.436694203164407,-34.393695765283248],[-59.436692391365071,-34.393966194175071],[-59.436039937779213,-34.39396318859837],[-59.436038123857465,-34.394233617447881],[-59.435711896051657,-34.394232113339804],[-59.435710081056563,-34.394502542162115],[-59.435057623419212,-34.394499531306487],[-59.435055806301612,-34.394769960086421],[-59.434403346662776,-34.394766945721521],[-59.434401527422594,-34.395037374459058],[-59.434075296590365,-34.395035865956807],[-59.434073476276744,-34.395306294667101],[-59.43342101258667,-34.395303275022954],[-59.433419190150381,-34.395573703690786],[-59.433092957292565,-34.395572192548862],[-59.43309113378276,-34.395842621189423],[-59.432438666041598,-34.395839596265823],[-59.432436840409011,-34.396110024863873],[-59.431784370666712,-34.396106996430674],[-59.431782542911314,-34.396377424986184],[-59.431130071167949,-34.396374393043338],[-59.431128241289649,-34.396644821556272],[-59.430475767545325,-34.396641786103686],[-59.430473935544086,-34.396912214574016],[-59.43014769765928,-34.396910695527723],[-59.430145864584318,-34.397181123970697],[-59.429493386789403,-34.397178083238082],[-59.429489716368998,-34.397718940026628],[-59.429163475409595,-34.397717418324966],[-59.429161639113374,-34.397987846685815],[-59.428509155169351,-34.39798480064232],[-59.428507316749972,-34.398255228960437],[-59.428181073765359,-34.398253704618604],[-59.428179234272122,-34.398524132909323],[-59.427852990262672,-34.398522607682274],[-59.42784930910387,-34.399063464196836],[-59.427523063020203,-34.399061938069181],[-59.427521221354631,-34.399332366293017],[-59.427194974246092,-34.39933083928014],[-59.427193131506549,-34.399601267476513],[-59.426866883373165,-34.399599739578356],[-59.426865039559637,-34.399870167747324],[-59.426538790401402,-34.399868638963881],[-59.426536945513881,-34.400139067105364],[-59.426210695330774,-34.400137537436628],[-59.426208849369203,-34.400407965550691],[-59.42588259816128,-34.400406434996626],[-59.425880751125618,-34.400676863083198],[-59.425228246684675,-34.40067379933447],[-59.425224548341582,-34.401214655409774],[-59.424572039801262,-34.40121158811958],[-59.424570188493753,-34.401482016108254],[-59.424243933211066,-34.401480481142791],[-59.424242080829366,-34.401750909103946],[-59.423915824521856,-34.401749373253061],[-59.423912117585289,-34.402290229108289],[-59.423585859203406,-34.402288692356521],[-59.423582150068874,-34.402829548132537],[-59.423908410549892,-34.402831084915242],[-59.423906556995142,-34.40310151280061],[-59.424232818550465,-34.403103048728788],[-59.424229113466069,-34.403643904494302],[-59.424555377145303,-34.403645439583357],[-59.424553525615714,-34.403915867463468],[-59.424879790369239,-34.403917401697946],[-59.424877939864622,-34.404187829581439],[-59.425204205692459,-34.404189362961311],[-59.425202356212843,-34.404459790848172],[-59.425528623115007,-34.40446132337344],[-59.425526774660412,-34.404731751263668],[-59.425853042636859,-34.404733282934295],[-59.425851195207329,-34.405003710827849],[-59.426177464258117,-34.405005241643835],[-59.426175617853644,-34.40527566954075],[-59.426501887978731,-34.405277199502052],[-59.426500042599393,-34.405547627402321],[-59.426826313798792,-34.405549156508947],[-59.42682262506581,-34.406090012304027],[-59.427148898389262,-34.406091540571332],[-59.427147055035668,-34.406361968466179],[-59.427473329433447,-34.406363495878743],[-59.427471487105045,-34.406633923776887],[-59.427797762577164,-34.406635450334697],[-59.427795921274011,-34.406905878236152],[-59.42812219782045,-34.406907403939194],[-59.428120357542554,-34.407177831843939],[-59.428772912808618,-34.407180880670317],[-59.428771074605848,-34.407451308593686],[-59.429097353325439,-34.407452831717016],[-59.429095516147989,-34.407723259643653],[-59.429421795941906,-34.407724781912123],[-59.429419959789826,-34.407995209842021],[-59.429746240658062,-34.407996731255658],[-59.429744405531366,-34.408267159188796],[-59.43039696944092,-34.408270199436167],[-59.430395136389528,-34.408540627387858],[-59.431047702496556,-34.408543664185082],[-59.43104587152051,-34.408814092155254],[-59.431698439824913,-34.408817125502274],[-59.431696610924298,-34.409087553490927],[-59.432349181426005,-34.409090583387659],[-59.432347354600829,-34.409361011394736],[-59.433326213685731,-34.409365549758945],[-59.433324389986034,-34.409635977799653],[-59.434303252439477,-34.409640508377549],[-59.434305072989375,-34.409370080291261],[-59.438546799156903,-34.409389622095482],[-59.43854499225619,-34.40966005037847],[-59.441481583745926,-34.409673493303636],[-59.441483381197138,-34.409403064885367],[-59.443441103635905,-34.409411987585415],[-59.443439312484351,-34.409682416093503],[-59.443765600691037,-34.409683900179331],[-59.443767390792658,-34.4094134716563],[-59.447030263670008,-34.409428264503163],[-59.447032043248441,-34.409157835819215],[-59.447358329616911,-34.409159310302833],[-59.447361886602813,-34.408618452869085],[-59.447688170895155,-34.408619926452815],[-59.447691725686475,-34.408079068941163],[-59.448018007902739,-34.408080541625083],[-59.448030441577465,-34.406187539850727],[-59.448356716468638,-34.40618901156077],[-59.448365591706029,-34.404836867000462],[-59.448691861372147,-34.404838337766357],[-59.448706052124741,-34.402674905724503],[-59.448379790855796,-34.402673435077048],[-59.448381565643068,-34.402403006032372],[-59.448707825862428,-34.402404476665026],[-59.448713146933656,-34.401593189414264],[-59.448386889862988,-34.401591718825991],[-59.448408184614067,-34.398346568915464],[-59.448734429091324,-34.398348039326109],[-59.448730882301398,-34.39888889779467],[-59.449057128901039,-34.398890367365034],[-59.449046494260678,-34.400512942570202],[-59.449372747180561,-34.400514411359389],[-59.449363889578223,-34.401866557106075],[-59.449690147769324,-34.401868025099205],[-59.449683065460789,-34.402949741538663],[-59.449356803071382,-34.402948273486437],[-59.449335541284029,-34.406193421470142],[-59.44900926632193,-34.40619195237047],[-59.448993308301297,-34.408625812085837],[-59.448667023914282,-34.408624341982886],[-59.448656377870769,-34.410246914495119],[-59.448982668557456,-34.410248384686852],[-59.448980895184093,-34.410518813411485],[-59.449307186944388,-34.410520282747747],[-59.44930541459739,-34.410790711475116],[-59.450284293169979,-34.410795114306694],[-59.45028252394944,-34.411065543066314],[-59.450608817904154,-34.411067008951044],[-59.450607049710072,-34.411337437713364],[-59.451259639790273,-34.411340366901484],[-59.451256107531627,-34.411881224448926],[-59.450929810379648,-34.41187976026054],[-59.450928043164943,-34.412150189001437],[-59.451254341367012,-34.412151653204546],[-59.451252575178842,-34.412422081948129],[-59.451905173753772,-34.412425007772882],[-59.451906937841734,-34.412154578999868],[-59.453864727829739,-34.412163335498263],[-59.453862970042316,-34.412433764359413],[-59.45745226542617,-34.412449736726074],[-59.457454011662534,-34.412179307704179],[-59.459411804032115,-34.412187975430335],[-59.459410064096346,-34.412458404539485],[-59.460715263673741,-34.41246416567521],[-59.46071352791526,-34.412734594830255],[-59.461692430991597,-34.412738906587002],[-59.46169069836035,-34.413009335773381],[-59.462343302626984,-34.413012205955077],[-59.462341572072958,-34.413282635158303],[-59.462667875291018,-34.41328406895807],[-59.462666145764068,-34.41355449816367],[-59.462992450055346,-34.413555931107503],[-59.462990721555514,-34.413826360315468],[-59.463643332307491,-34.413829223620837],[-59.463641605885002,-34.414099652845564],[-59.463967912345701,-34.4141010832071],[-59.463966186950408,-34.414371512434158],[-59.464292494484312,-34.414372941939682],[-59.464290770116236,-34.414643371169106],[-59.464617078723322,-34.414644799818618],[-59.464615355382506,-34.414915229050351],[-59.464941665062788,-34.414916656843829],[-59.464939942749261,-34.415187086077879],[-59.46526625350274,-34.415188513015295],[-59.465264532216509,-34.415458942251647],[-59.465590844043192,-34.415460368333008],[-59.465587403502468,-34.416001226798265],[-59.465913717452629,-34.416002652037896],[-59.465911998198173,-34.41627308126678],[-59.46623831322156,-34.416274505650293],[-59.466236594994527,-34.416544934881472],[-59.466562911091103,-34.416546358408844],[-59.466561193891494,-34.416816787642311],[-59.466887511061309,-34.416818210313529],[-59.466885794889151,-34.417088639549242],[-59.467212113132177,-34.417090061364306],[-59.4672103979875,-34.417360490602277],[-59.466884078694122,-34.41735906877291],[-59.46688236247622,-34.417629497984493],[-59.467208682819987,-34.417630919828191],[-59.467205252416356,-34.418171778243845],[-59.467531574883758,-34.418173199245629],[-59.467511003147649,-34.421418348898733],[-59.467837338243811,-34.421419769201513],[-59.467830484469744,-34.422501485423993],[-59.467504145171169,-34.42250006506405],[-59.46750243061993,-34.422770494075237],[-59.467176090293549,-34.42276907283032],[-59.467179521474449,-34.422228214824493],[-59.466853183272228,-34.42222679273754],[-59.466854899878996,-34.42195636373085],[-59.466528562750234,-34.421954940787579],[-59.466533715585015,-34.42114365373812],[-59.466207381630916,-34.421142229967202],[-59.466209100247276,-34.420871800940922],[-59.466535433150838,-34.420873224697552],[-59.466549172853362,-34.418709791938902],[-59.466222848353738,-34.418708368296926],[-59.466226285151336,-34.41816751001538],[-59.46589996277546,-34.418166085531531],[-59.465903401582224,-34.417625227230445],[-59.465577081330032,-34.417623801904746],[-59.465578801749423,-34.417353372750483],[-59.465252482570534,-34.417351946568658],[-59.465254204017342,-34.417081517416662],[-59.464927885911749,-34.417080090378711],[-59.464929608385994,-34.416809661229038],[-59.46460329135369,-34.416808233334976],[-59.464606738333913,-34.416267375028212],[-59.46428042342523,-34.416265946292427],[-59.464282147931186,-34.415995517135343],[-59.463955834095792,-34.415994087543496],[-59.463957559629058,-34.41572365838875],[-59.463631246866939,-34.41572222794084],[-59.463632973427465,-34.415451798788432],[-59.463306661738635,-34.415450367484517],[-59.463308389326421,-34.415179938334461],[-59.462982078710851,-34.415178506174513],[-59.462983807325877,-34.414908077026823],[-59.462331188264372,-34.414905210124552],[-59.462334649626136,-34.414364351850686],[-59.461682034857802,-34.414361481524558],[-59.461683767604498,-34.414091052398426],[-59.461357461305155,-34.414089615944235],[-59.461359195078948,-34.413819186820518],[-59.460380279470165,-34.413814872279076],[-59.460382016371369,-34.413544443186716],[-59.459729408181552,-34.413541562502893],[-59.459731147159921,-34.413271133427479],[-59.454510301790656,-34.413247962858016],[-59.454512057548087,-34.412977534003737],[-59.454185755960943,-34.412976078459799],[-59.454183999153372,-34.413246507299434],[-59.453857696539515,-34.413245050870501],[-59.453855938658393,-34.413515479683412],[-59.453203331400651,-34.413512564185176],[-59.453205091382074,-34.413242135401589],[-59.450268369336243,-34.413228972709227],[-59.450266599903479,-34.413499401360333],[-59.449287689828374,-34.413494998085646],[-59.449294780019457,-34.412413283586119],[-59.448642181821818,-34.412410343836228],[-59.448643956410699,-34.412139915210794],[-59.448317658397443,-34.412138444045155],[-59.448319434012767,-34.411868015422471],[-59.447993137073247,-34.411866543401345],[-59.44799491371495,-34.411596114781425],[-59.447668617849168,-34.411594641904813],[-59.447670395517257,-34.411324213287649],[-59.447017805956875,-34.411321264953244],[-59.447019585701334,-34.411050836353695],[-59.446366998335883,-34.411047884567857],[-59.446368780156661,-34.410777455985951],[-59.43821147238959,-34.410740265319966],[-59.438213280436607,-34.410469837100322],[-59.435929244301128,-34.410459326350235],[-59.435927428904144,-34.410729754464093],[-59.435274845268701,-34.410726743530084],[-59.435273027747492,-34.410997171601593],[-59.434620442108937,-34.410994157156203],[-59.434618622463468,-34.411264585185293],[-59.434292328630526,-34.411263076642037],[-59.434288687166763,-34.411803932633703],[-59.433962391258007,-34.411802423189762],[-59.433955103838962,-34.412884134967577],[-59.434281403948049,-34.412885644472283],[-59.43427412034108,-34.413967356117887],[-59.43460042467499,-34.413968864812979],[-59.434594964865539,-34.414780148466093],[-59.434921272374254,-34.414781656336352],[-59.434919453439484,-34.41505208421178],[-59.435245762022667,-34.41505359122683],[-59.435243944113878,-34.415324019105341],[-59.435570253771516,-34.415325525265146],[-59.435568436888737,-34.415595953146777],[-59.435894747620829,-34.415597458451316],[-59.435892931764116,-34.415867886336024],[-59.436219243570683,-34.415869390785275],[-59.436217428740015,-34.416139818673059],[-59.436543741621044,-34.416141322267038],[-59.436541927816492,-34.416411750157899],[-59.436868241771975,-34.416413252896547],[-59.436866428993554,-34.416683680790456],[-59.437192744023498,-34.416685182673788],[-59.437190932271228,-34.416955610570767],[-59.437517248375642,-34.416957111598748],[-59.437515437649566,-34.417227539498761],[-59.437841754828426,-34.417229039671376],[-59.437838135404576,-34.417769895465419],[-59.438164454708279,-34.417771394797732],[-59.438162646010539,-34.418041822691734],[-59.438488966388711,-34.418043321168653],[-59.438485351021747,-34.418584176950652],[-59.438811673524782,-34.418585674587213],[-59.438809866855578,-34.418856102475189],[-59.439136190433125,-34.418857599256292],[-59.439134384790265,-34.419128027147281],[-59.439460709442308,-34.419129523072911],[-59.43945890482582,-34.419399950966884],[-59.43978523055236,-34.419401446037035],[-59.4397834269623,-34.419671873933986],[-59.439130773432368,-34.419668882893042],[-59.439128967717302,-34.41993931074785],[-59.438802639937961,-34.419937813906486],[-59.438804446703479,-34.419667386066749],[-59.438478119998685,-34.419665888369913],[-59.438470888590132,-34.42074759959619],[-59.438797219496919,-34.420749097353301],[-59.438789991905082,-34.421830808446877],[-59.439116327038136,-34.421832305393679],[-59.439118132921642,-34.421561877623326],[-59.439444467028189,-34.421563373684428],[-59.439446271837085,-34.421292945886961],[-59.439772604917117,-34.421294441062422],[-59.439770801158787,-34.42156486887496],[-59.440097135313422,-34.421566363194842],[-59.440095332581649,-34.42183679101035],[-59.440421667810867,-34.42183828447466],[-59.440418064376388,-34.422379140099537],[-59.440744401730818,-34.422380632723268],[-59.440740800301541,-34.422921488329933],[-59.441067139781218,-34.422922980113043],[-59.441065340081224,-34.42319340791331],[-59.441391680635519,-34.423194898840755],[-59.441386284543647,-34.42400618221415],[-59.441712628273919,-34.424007672315938],[-59.44170543735202,-34.425089383371585],[-59.442031785309148,-34.425090872662601],[-59.442026395018466,-34.425902155872642],[-59.442352746151847,-34.425903644337886],[-59.442341971228963,-34.427526210522153],[-59.442668328691248,-34.427527698206454],[-59.442657559212279,-34.429150264046307],[-59.442983923004,-34.429151750949565],[-59.44298212905808,-34.429422178562291],[-59.443308493924675,-34.429423664609622],[-59.443306701005831,-34.42969409222524],[-59.443959432912649,-34.42969706173718],[-59.443957642071894,-34.429967489370618],[-59.444284009112124,-34.429968972835198],[-59.444282219298522,-34.430239400471486],[-59.444608587413597,-34.430240883080117],[-59.444606798627156,-34.430511310719261],[-59.444933167817105,-34.430512792471895],[-59.444929592274789,-34.43105364774383],[-59.445255963590647,-34.431055128655352],[-59.445252390055209,-34.431595983908842],[-59.445578763497011,-34.431597463979223],[-59.445576977744665,-34.431867891602764],[-59.445903352261368,-34.431869370817097],[-59.445901567536339,-34.432139798443458],[-59.44655431874331,-34.432142754288996],[-59.446552536096746,-34.432413181933036],[-59.446878912786993,-34.432414658564234],[-59.446877131167788,-34.432685086211087],[-59.447203508932937,-34.432686561986159],[-59.447201728341149,-34.43295698963577],[-59.447528107181157,-34.432958464554716],[-59.447526327616821,-34.433228892207111],[-59.447852707531716,-34.433230366269889],[-59.447850928994846,-34.433500793925063],[-59.448177309984615,-34.433502267131665],[-59.448168422200787,-34.434854405300726],[-59.448494808470379,-34.434855877710397],[-59.448491255293561,-34.43539673292323],[-59.448817643689367,-34.43539820449147],[-59.448812316900508,-34.436209487264662],[-59.449138708473903,-34.436210958006214],[-59.449136933881611,-34.436481385587946],[-59.449789719202023,-34.436484324487367],[-59.449787946688794,-34.4367547520866],[-59.45011434043581,-34.436756220244433],[-59.450110797441234,-34.437297075436277],[-59.450437193314571,-34.437298542752536],[-59.450435422833266,-34.437568970345119],[-59.45076181978159,-34.437570436804982],[-59.4507600503281,-34.437840864400272],[-59.451086448351418,-34.43784233000374],[-59.451084679925778,-34.438112757601715],[-59.451411079024084,-34.438114222348787],[-59.451409311626314,-34.438384649949434],[-59.451735711799607,-34.438386113840082],[-59.451732179036291,-34.43892696903464],[-59.452058581336068,-34.43892843208355],[-59.452055050581571,-34.439469287259307],[-59.452381455007817,-34.439470749466466],[-59.452377926262251,-34.440011604623386],[-59.452704332815046,-34.440013065988737],[-59.45270256945853,-34.440283493563825],[-59.453028977086376,-34.440284954072652],[-59.453027214757896,-34.440555381650377],[-59.453353623460771,-34.440556841302651],[-59.453351862160382,-34.440827268882991],[-59.454004681739654,-34.440830185603225],[-59.454002922518946,-34.441100613200838],[-59.454329333395329,-34.441102070268741],[-59.454327575202768,-34.441372497868947],[-59.454653987154181,-34.441373954080262],[-59.454652229989819,-34.441644381683055],[-59.455305056066081,-34.44164729152115],[-59.455303300981541,-34.441917719141173],[-59.455629715106383,-34.441919172767932],[-59.455627961050084,-34.442189600390499],[-59.457260037282879,-34.44219685552811],[-59.457261786080998,-34.441926427832549],[-59.458241028945537,-34.441930770415951],[-59.458242774565477,-34.441660342664619],[-59.458569187848568,-34.441661788435319],[-59.458570932393634,-34.441391360657391],[-59.459223756926342,-34.441394249555898],[-59.459225499344953,-34.441123821736866],[-59.459878321867357,-34.441126707121271],[-59.459880062159563,-34.440856279261148],[-59.460532882671565,-34.440859161131549],[-59.460534620837457,-34.440588733230364],[-59.461187439338964,-34.440591611586818],[-59.461189175378571,-34.44032118364462],[-59.461515583612488,-34.440322621501529],[-59.461517318577421,-34.440052193532807],[-59.461843725782899,-34.440053630504018],[-59.461845459673171,-34.439783202508785],[-59.462171865850237,-34.439784638594325],[-59.462173598665892,-34.43951421057259],[-59.462500003814533,-34.439515645772481],[-59.462506930640323,-34.438433933507199],[-59.462833331606106,-34.438435367778162],[-59.462826408986238,-34.439517080101169],[-59.463152814181008,-34.439518513558646],[-59.463154543819059,-34.439248085481552],[-59.464460160622508,-34.439253810541814],[-59.46446188603155,-34.43898338239508],[-59.465114692468326,-34.438986239669262],[-59.465116415751424,-34.438715811481728],[-59.46544281795277,-34.438717238797665],[-59.465444540161457,-34.438446810583713],[-59.465770941334284,-34.438448237014128],[-59.465772662468567,-34.438177808773766],[-59.466099062612891,-34.438179234318689],[-59.466100782672797,-34.437908806051915],[-59.46642718178861,-34.437910230711338],[-59.466428900774169,-34.437639802418168],[-59.466755298861464,-34.437641226192106],[-59.466757016772711,-34.437370797872561],[-59.467083413831496,-34.437372220761048],[-59.467085130668437,-34.437101792415127],[-59.467411526698719,-34.437103214418151],[-59.467408095104737,-34.437644071126527],[-59.467734493260686,-34.437645492287018],[-59.467739637463147,-34.436834207163471],[-59.468066032487762,-34.436835627409948],[-59.468067746124852,-34.436565198997037],[-59.468394140120942,-34.436566618358107],[-59.468395852683827,-34.43629618991887],[-59.468722245651364,-34.436297608394561],[-59.468723957140099,-34.436027179928985],[-59.469050349079104,-34.436028597519304],[-59.469057190600736,-34.434946883479391],[-59.469383578357338,-34.434948300141613],[-59.469386996878853,-34.434407443020802],[-59.469713382555696,-34.434408858783463],[-59.469715090731043,-34.43413843019075],[-59.470041475379382,-34.434139845068131],[-59.470043182480758,-34.43386941644912],[-59.470695949743238,-34.433872243562362],[-59.470697654719409,-34.433601814902829],[-59.471024037333535,-34.433603227138704],[-59.471025741235785,-34.433332798452923],[-59.472984031089609,-34.433341253491669],[-59.47298063587693,-34.433882111021319],[-59.472654252075564,-34.433880703997396],[-59.472652553384037,-34.43415113272998],[-59.47134701420017,-34.434145495867348],[-59.471345311281041,-34.434415924531152],[-59.471018925490519,-34.434414513123691],[-59.471017221497434,-34.434684941761262],[-59.470038061108419,-34.434680702270001],[-59.470036353938809,-34.434951130852859],[-59.470362741763694,-34.434952544901883],[-59.470361035622609,-34.435222973486916],[-59.470034646746456,-34.435221559423653],[-59.470031232293479,-34.43576241652908],[-59.469704841337453,-34.435761001566263],[-59.469701424690797,-34.436301858594994],[-59.469375031654863,-34.43630044273263],[-59.469371612814427,-34.436841299684644],[-59.469045217698557,-34.436839882922648],[-59.469041796664207,-34.437380739797945],[-59.468715399468344,-34.437379322136309],[-59.46871197623998,-34.437920178934846],[-59.46838557696411,-34.43791876037352],[-59.468383864264268,-34.438189188740438],[-59.467404663419302,-34.438184927786679],[-59.467402947542283,-34.438455356098672],[-59.467076546254894,-34.43845393402411],[-59.467073112329324,-34.438994790583287],[-59.466420305617305,-34.438991943763369],[-59.466418586517207,-34.439262371996257],[-59.466092182144081,-34.439260947265183],[-59.466090461969564,-34.439531375471667],[-59.465111245833221,-34.439527096008192],[-59.465109522481235,-34.439797524159552],[-59.464456709735437,-34.439794666799116],[-59.464454984257401,-34.440065094909677],[-59.463475762156612,-34.440060802291733],[-59.463474033500958,-34.440331230347063],[-59.462821216779155,-34.440328364216811],[-59.46281948599735,-34.440598792231235],[-59.462493076619488,-34.44059735784483],[-59.462489612883481,-34.441138213808657],[-59.462163201425525,-34.441136778522143],[-59.462161468471301,-34.441407206471517],[-59.461835055984857,-34.441405770299298],[-59.461833321955922,-34.441676198222183],[-59.461506908440974,-34.441674761164236],[-59.461505173337308,-34.441945189060597],[-59.461831587903895,-34.441946626133003],[-59.461829853828753,-34.442217054031758],[-59.462156269470086,-34.442218490247342],[-59.462154536423483,-34.442488918148491],[-59.462480953139583,-34.442490353507225],[-59.462479221121548,-34.442760781410755],[-59.463458474563261,-34.442765082302358],[-59.463456745677206,-34.443035510237102],[-59.464436002481342,-34.443039803330123],[-59.46443427672736,-34.443310231295982],[-59.464760696759782,-34.443311660598738],[-59.46475897203451,-34.44358208856692],[-59.465411814271732,-34.443584944587137],[-59.465413536893578,-34.443314516590213],[-59.465739956994909,-34.443315943278968],[-59.465738235424794,-34.44358637129023],[-59.46639107779972,-34.443589222082423],[-59.46638935831011,-34.443859650110326],[-59.467042202880151,-34.443862497445799],[-59.467040485471117,-34.444132925490294],[-59.467366908842223,-34.444134347865315],[-59.467365192462076,-34.444404775912048],[-59.468344465867837,-34.444409037851855],[-59.468342752620138,-34.444679465929411],[-59.468995603775049,-34.444682302894314],[-59.468993892608097,-34.444952730988348],[-59.46932031927156,-34.444954148177992],[-59.469318609133573,-34.445224576274214],[-59.469645036871633,-34.44522599260673],[-59.469643327762704,-34.445496420705148],[-59.469969756575345,-34.445497836180508],[-59.469968048495474,-34.445768264281106],[-59.470294478382705,-34.445769678899289],[-59.470292771331927,-34.446040107002077],[-59.470619202293754,-34.446041520763067],[-59.470617496272062,-34.446311948868015],[-59.4709439283085,-34.446313361771793],[-59.470942223315966,-34.4465837898789],[-59.471268656426972,-34.446585201925458],[-59.471266952463623,-34.446855630034705],[-59.472246255088557,-34.446859860988319],[-59.472244554258189,-34.447130289128054],[-59.470938813262705,-34.447124646056935],[-59.470940518300687,-34.446854217973943],[-59.470287650043034,-34.44685139123807],[-59.470291064258369,-34.446310535092799],[-59.469311768353833,-34.446306288538587],[-59.469315188789281,-34.445765432430512],[-59.468662329174272,-34.445762597094273],[-59.468664041461466,-34.445492169050688],[-59.468011184041401,-34.445489330257345],[-59.468012898409413,-34.445218902230245],[-59.467686470785452,-34.445217481540766],[-59.467688186182443,-34.444947053515904],[-59.467035333106715,-34.444944209551394],[-59.467037050584402,-34.444673781543081],[-59.464752072903586,-34.444663800319113],[-59.464753797720775,-34.444393372399155],[-59.463121676754078,-34.444386216884233],[-59.463123406807078,-34.444115789024202],[-59.464429099327397,-34.44412151512126],[-59.464432550950363,-34.443580659249797],[-59.463453287835982,-34.44357636607041],[-59.46345501676813,-34.443305938159789],[-59.463128596827787,-34.443304505371742],[-59.463130326788558,-34.443034077463459],[-59.461824651464632,-34.443028337655704],[-59.461826385609122,-34.442757909793116],[-59.461173550189137,-34.442755034690251],[-59.461175286413841,-34.442484606844523],[-59.459869620058313,-34.442478846241023],[-59.459867879626934,-34.442749274028792],[-59.459215044484949,-34.442746388470205],[-59.459213301927001,-34.443016816216875],[-59.458560464774528,-34.443013927144008],[-59.458558720089982,-34.443284354849574],[-59.457253041857378,-34.443278566189775],[-59.457251292942722,-34.443548993825033],[-59.456598451862789,-34.443546094238016],[-59.4565967008214,-34.443816521832041],[-59.4562702792647,-34.443815070716937],[-59.456266775008416,-34.444355925839645],[-59.455940351371581,-34.444354473823985],[-59.455931585063297,-34.445706611346594],[-59.455605156190877,-34.445705158386495],[-59.455596384039126,-34.447057295534535],[-59.455269949930795,-34.447055841629897],[-59.455268194378398,-34.447326269008705],[-59.454941759241542,-34.447324814217993],[-59.454945272426727,-34.446783959477607],[-59.454618839417066,-34.44678250384473],[-59.454627627229613,-34.445430366855902],[-59.454301199502609,-34.44542891042483],[-59.454306475064435,-34.444617628130764],[-59.454632899636074,-34.444619084517875],[-59.454639929183479,-34.443537374564983],[-59.454313508818814,-34.443535918236471],[-59.454317025555405,-34.442995063216962],[-59.453990607317571,-34.442993606046436],[-59.453988847909272,-34.443264033547571],[-59.453662428643206,-34.443262575491083],[-59.453664189103172,-34.44299214800462],[-59.453337770912242,-34.442990689091467],[-59.453339532400406,-34.442720261607633],[-59.453013115284634,-34.442718801837849],[-59.453014877800996,-34.44244837435663],[-59.452688461760381,-34.442446913730244],[-59.452690225304899,-34.442176486251654],[-59.452363810339413,-34.442175024768687],[-59.452367339461198,-34.441634169804722],[-59.452040926622502,-34.44163270747989],[-59.452042692199726,-34.441362279994529],[-59.451716280436159,-34.441360816813145],[-59.451718047041453,-34.441090389330441],[-59.451391636353009,-34.441088925292519],[-59.451393403986351,-34.440818497812486],[-59.451066994373036,-34.440817032918041],[-59.451068763034371,-34.440546605440709],[-59.450742354496199,-34.440545139689767],[-59.450744124185505,-34.440274712215086],[-59.450417716722477,-34.440273245607671],[-59.450419487439731,-34.440002818135703],[-59.450093081051818,-34.440001350671835],[-59.450096624518579,-34.439460495721228],[-59.449770220257314,-34.43945902741568],[-59.44977199300677,-34.439188599937054],[-59.449445589820591,-34.439187130775096],[-59.449449137351579,-34.438646275811209],[-59.449122736292004,-34.438644805807648],[-59.449126285831305,-34.438103950825081],[-59.448799886898271,-34.438102479979953],[-59.448801662683856,-34.437832052485376],[-59.448475264825888,-34.437830580783881],[-59.448482371937189,-34.436748870744204],[-59.448155978308456,-34.436747398230821],[-59.448154200514786,-34.437017825744029],[-59.447827805858374,-34.43701635234472],[-59.44783136352472,-34.436475497335906],[-59.447504970994729,-34.436474023095144],[-59.447506750843672,-34.436203595587486],[-59.447180359388746,-34.436202120490478],[-59.447183921118125,-34.435661265468646],[-59.446857531789554,-34.435659789530234],[-59.446864659168618,-34.43457807940122],[-59.446538274068857,-34.434576602651163],[-59.446540056905505,-34.434306175103607],[-59.447192825026278,-34.434309127702974],[-59.447196386423407,-34.433768272512282],[-59.446543622507498,-34.433765319972331],[-59.44654718801447,-34.433224464792801],[-59.44589442839834,-34.433221508828311],[-59.445892643554373,-34.433491936394354],[-59.445566262730793,-34.43349045709072],[-59.445568048625944,-34.433220029539562],[-59.444915289152561,-34.433217068349087],[-59.444917077126235,-34.432946640815651],[-59.444590698476446,-34.432945158928831],[-59.444592487477443,-34.432674731398237],[-59.444266109902642,-34.432673248655362],[-59.444267899930942,-34.432402821127631],[-59.443941523431128,-34.432401337528702],[-59.443943314486681,-34.432130910003828],[-59.443616939061862,-34.432129425548872],[-59.44361873114466,-34.431858998026875],[-59.443292356794835,-34.431857512715908],[-59.443294149904851,-34.431587085196789],[-59.442967776629999,-34.431585599029837],[-59.442973158969856,-34.43077431644496],[-59.442320418798296,-34.43077134158802],[-59.442324011109434,-34.430230486531002],[-59.441997643161613,-34.43022899782612],[-59.442003034601761,-34.429417715195065],[-59.44167666983089,-34.429416225664234],[-59.441682064208337,-34.428604942969592],[-59.441355702614281,-34.428603452612883],[-59.441362898985695,-34.427521742244451],[-59.441036541619219,-34.427520251076928],[-59.441038341702992,-34.427249823469666],[-59.440711985411355,-34.427248331446364],[-59.440719189709931,-34.426166620956749],[-59.440392837645632,-34.426165128122712],[-59.440394639711052,-34.425894700485195],[-59.440068288721577,-34.425893206795422],[-59.440071894881939,-34.425352351514221],[-59.440398243769877,-34.425353845173916],[-59.44039644175249,-34.425624272835577],[-59.44072279171521,-34.425625765639545],[-59.440726393624466,-34.425084910274123],[-59.440400045763269,-34.42508341750019],[-59.440401847732637,-34.424812989814399],[-59.440075500946186,-34.424811496184773],[-59.440077303942282,-34.424541068501945],[-59.439750958230576,-34.424539574016634],[-59.439752762253342,-34.424269146336805],[-59.43942641761641,-34.424267650995816],[-59.439428222665832,-34.423997223318956],[-59.439101879103646,-34.423995727122339],[-59.439103685179688,-34.423725299448478],[-59.438777342692255,-34.423723802396225],[-59.438782763927961,-34.422912519347456],[-59.438456424616561,-34.422911021469744],[-59.438460040754528,-34.422370166073719],[-59.438133703568482,-34.422368667355506],[-59.438135512651911,-34.42209823965451],[-59.437809176540561,-34.422096740080747],[-59.437814606797929,-34.421285456950578],[-59.437488273862407,-34.421283956551498],[-59.437491896014436,-34.420743101101273],[-59.437165565204126,-34.420741599861806],[-59.437176437383862,-34.419119033312278],[-59.436850112900558,-34.419117531292926],[-59.436853738868109,-34.418576675710121],[-59.436527416509833,-34.418575172850481],[-59.43652923050778,-34.418304745056112],[-59.43620290922405,-34.4183032413411],[-59.436204724248213,-34.4180328135498],[-59.435878404039059,-34.418031308979408],[-59.435880220089395,-34.417760881191221],[-59.435553900954822,-34.417759375765463],[-59.43555571803131,-34.41748894798036],[-59.435229399971313,-34.417487441699294],[-59.435231218073945,-34.417217013917266],[-59.434904901088515,-34.417215506780884],[-59.434906720217221,-34.416945079001962],[-59.434580404306374,-34.416943571010293],[-59.434582224461167,-34.416673143234505],[-59.434255909624888,-34.416671634387519],[-59.434257730805726,-34.416401206614843],[-59.433931417044001,-34.416399696912649],[-59.433933239250862,-34.416129269143092],[-59.433606926563719,-34.416127758585645],[-59.433610573005097,-34.41558690304074],[-59.433284262442783,-34.415585391643297],[-59.433297031573645,-34.413692396962659],[-59.432970728387055,-34.413690884801326],[-59.432976203657446,-34.412879601231502],[-59.432649903645569,-34.412878088245463],[-59.432657207865915,-34.411796376711081],[-59.431678320577326,-34.41179183271398],[-59.431680149721721,-34.411521404845956],[-59.431353855057623,-34.41151988845494],[-59.431355685227665,-34.41124946059012],[-59.431029391637999,-34.411247943344087],[-59.431031222833681,-34.410977515482458],[-59.430704930318441,-34.410975997381442],[-59.4307067625397,-34.410705569523031],[-59.430380471098879,-34.410704050567027],[-59.430382304345713,-34.410433622711857],[-59.429729723637358,-34.410430582219689],[-59.429731558959723,-34.410160154383036],[-59.429405269692204,-34.41015863284688],[-59.429407106040067,-34.409888205013509],[-59.429080817846959,-34.409886682622442],[-59.429082655220299,-34.409616254792304],[-59.428430081007477,-34.409613207430162],[-59.428431920456184,-34.409342779618662],[-59.428105634436484,-34.409341254647615],[-59.428107474910583,-34.409070826839354],[-59.427454905044598,-34.409067774317357],[-59.427456747593958,-34.408797346527777],[-59.427130463747687,-34.408795818976849],[-59.42712862014843,-34.409066246751046],[-59.426802335276818,-34.409064718314539],[-59.426798645904697,-34.409605573795986],[-59.426472358957831,-34.409604044458504],[-59.42647051318496,-34.409874472165733],[-59.426144225212752,-34.409872941942638],[-59.426140531493267,-34.410413797290119],[-59.425814241445757,-34.410412266165949],[-59.425810545527824,-34.410953121434368],[-59.425484253404967,-34.410951589409102],[-59.425478706193289,-34.411762872174982],[-59.425152410944989,-34.411761339233195],[-59.425139459237919,-34.413654331823317],[-59.424813156663603,-34.413652797903183],[-59.424805750944941,-34.414734507627507],[-59.42447944419461,-34.414732972775255],[-59.424473886495889,-34.415544254895472],[-59.424147576619582,-34.415542719126449],[-59.424143869263141,-34.416083573782018],[-59.423817557311011,-34.416082037111686],[-59.423811992940202,-34.416893318958152],[-59.423485677861947,-34.41689178137095],[-59.423480110117659,-34.417703063062412],[-59.423153791913137,-34.417701524558318],[-59.423150077859212,-34.418242378927992],[-59.422823757578712,-34.418240839522433],[-59.422820041324997,-34.418781693812861],[-59.422493718968461,-34.418780153505793],[-59.422482563310304,-34.420402715994506],[-59.422156234675874,-34.420401174723878],[-59.422139490061014,-34.422835017502862],[-59.421813151996368,-34.422833475221985],[-59.421794534006274,-34.425537743674809],[-59.422120882577786,-34.425539286110897],[-59.42209668914203,-34.429054833497233],[-59.421770326909488,-34.429053290859379],[-59.421762877728248,-34.430134997275083],[-59.421436511316671,-34.430133453704272],[-59.421434647908313,-34.430403880262503],[-59.421761015370905,-34.430405423848839],[-59.421751703211847,-34.431757556536596],[-59.422078075954474,-34.431759099329639],[-59.422066906851256,-34.433381658249814],[-59.422393285925416,-34.433383200265048],[-59.422391425372545,-34.433653626725018],[-59.421738665146684,-34.433650541792552],[-59.42174052780188,-34.433380115363626],[-59.421414148777352,-34.433378571606433],[-59.421419739747449,-34.432567292293818],[-59.421093363901178,-34.432565747712275],[-59.421102686943399,-34.431213615360896],[-59.420776316377392,-34.431212069986138],[-59.420783778568016,-34.430130363950013],[-59.420457412230959,-34.430128817766537],[-59.420481675265144,-34.426613272017782],[-59.420808027940446,-34.42661481799901],[-59.420815488440653,-34.425533111142201],[-59.421141836937686,-34.425534656190472],[-59.421153020638073,-34.423912095449985],[-59.42082667844533,-34.423910550495009],[-59.4208285433591,-34.423640123678233],[-59.421154884501192,-34.423641668617677],[-59.421177248921317,-34.42039654568859],[-59.420850920386137,-34.420395000935692],[-59.420852784976866,-34.420124573962049],[-59.421179112461573,-34.4201261186994],[-59.421184702933274,-34.419314837659414],[-59.421511027291466,-34.419316381479604],[-59.42151661438843,-34.418505100284413],[-59.421842935620184,-34.418506643187484],[-59.421848519342667,-34.417695361837133],[-59.422174837448118,-34.417696903823128],[-59.422180417796376,-34.416885622317615],[-59.422506732775616,-34.416887163386633],[-59.422510450783264,-34.416346308958261],[-59.422836763686682,-34.41634784912582],[-59.422840479494688,-34.415806994618208],[-59.423166790322334,-34.415808533884352],[-59.42317050393082,-34.415267679297479],[-59.423496812682735,-34.415269217662235],[-59.423506091019959,-34.413917080906522],[-59.423832394545649,-34.413918618323521],[-59.423845375828364,-34.412025626250447],[-59.42417167202801,-34.412027162688851],[-59.424180938381291,-34.410675025054545],[-59.424507229355513,-34.410676560545383],[-59.424512785721198,-34.409865277773655],[-59.424839073570205,-34.4098668123479],[-59.424844626563953,-34.409055529421281],[-59.42517091128785,-34.40905706307899],[-59.42517831073468,-34.4079753522795],[-59.425504591283705,-34.407976885005318],[-59.425506440033921,-34.407706457259856],[-59.425832719557739,-34.407707989100089],[-59.42583641488465,-34.407167133542139],[-59.425510137460485,-34.40716560173275],[-59.425513834788482,-34.406624746157405],[-59.425187559488521,-34.40662321350873],[-59.425189409165334,-34.40635278571839],[-59.424863134939798,-34.406351252215025],[-59.424864985641733,-34.406080824428045],[-59.424212439364211,-34.406077754841888],[-59.424214292140974,-34.405807327073738],[-59.423888020088967,-34.405805790990982],[-59.423889873890758,-34.405535363226228],[-59.423563602913205,-34.405533826288831],[-59.423565457740018,-34.405263398527481],[-59.423239187836892,-34.405261860735486],[-59.423242899515735,-34.404721005207556],[-59.422916631736726,-34.404719466576452],[-59.422918488588721,-34.404449038809879],[-59.422592221884145,-34.404447499324206],[-59.422594079761041,-34.404177071561072],[-59.422267814130898,-34.404175531220844],[-59.422269673032666,-34.403905103461156],[-59.421617143945987,-34.403902020201627],[-59.42161900492227,-34.403631592460918],[-59.421292741465756,-34.40363004954164],[-59.421294603466841,-34.403359621804384],[-59.420642078727496,-34.403356533386841],[-59.420643942802975,-34.403086105668599],[-59.42031768152016,-34.403084560170363],[-59.420319546620377,-34.402814132455617],[-59.41966702622851,-34.40281103888028],[-59.419668893403028,-34.402540611184612],[-59.41934263429399,-34.402539063107533],[-59.419344502493168,-34.402268635415375],[-59.419018244458584,-34.402267086483903],[-59.4190201136824,-34.401996658795269],[-59.418367599787068,-34.40199355835361],[-59.418369471085036,-34.401723130684104],[-59.418043215224309,-34.401721579173945],[-59.418045087546865,-34.40145115150802],[-59.417718832760592,-34.401449599143533],[-59.417720706107694,-34.401179171481147],[-59.417394452395882,-34.401177618262331],[-59.417396326767509,-34.400907190603519],[-59.416743821517812,-34.400904081587363],[-59.416747574383969,-34.400363226296143],[-59.417073824897386,-34.400364781207891],[-59.417075700243529,-34.40009435352853],[-59.416096951926647,-34.400089686230537],[-59.416098830396074,-34.399819258586085],[-59.415446333742146,-34.399816142735929],[-59.415448214285355,-34.399545715110783],[-59.414795719830522,-34.399542595812449],[-59.414797602447479,-34.399272168206622],[-59.413492618036578,-34.399265919234217],[-59.413490731222026,-34.399536346777133],[-59.413164484132736,-34.399534782343579],[-59.413160708329386,-34.400075637361702],[-59.41283445916639,-34.400074072026761],[-59.412832570177528,-34.400344499501976],[-59.412506319990293,-34.400342933281365],[-59.412502539838115,-34.400883788164045],[-59.412176287577154,-34.400882221041975],[-59.412174396413789,-34.401152648449447],[-59.411848143128559,-34.401151080441657],[-59.411844358627214,-34.401691935188836],[-59.4115181032682,-34.40169036627951],[-59.411514316566944,-34.402231220946838],[-59.411188059134091,-34.402229651135976],[-59.411186164696041,-34.402500078435729],[-59.410859906238912,-34.402498507739089],[-59.410856115187954,-34.403039362270782],[-59.410529854656922,-34.403037790672521],[-59.410527958043978,-34.403308217904467],[-59.410201696488613,-34.403306645420379],[-59.410199798800789,-34.403577072624394],[-59.409873536221127,-34.403575499254472],[-59.409869738670324,-34.404116353594659],[-59.409543474016708,-34.404114779323031],[-59.409541574153714,-34.404385206459168],[-59.409215308475787,-34.404383631301656],[-59.409213407537806,-34.404654058409875],[-59.408887140835553,-34.404652482366451],[-59.408883336784207,-34.405193336514962],[-59.40855706800793,-34.405191759569746],[-59.408555164894551,-34.405462186610045],[-59.408228895093949,-34.405460608778874],[-59.408226990905476,-34.405731035791213],[-59.407574449280965,-34.405727877486875],[-59.407570636628961,-34.406268731411757],[-59.406918090907141,-34.406265569563438],[-59.40691618244351,-34.406535996475945],[-59.406589908570993,-34.406534414230727],[-59.406587999032169,-34.406804841115246],[-59.406261724135327,-34.406803257983967],[-59.406257902881755,-34.407344111684935],[-59.405931625910796,-34.407342527651643],[-59.405927802455722,-34.407883381272441],[-59.40560152341061,-34.407881796337136],[-59.405595784887353,-34.408693076629945],[-59.405269502718184,-34.408691490776597],[-59.405261846797352,-34.409773197600877],[-59.404935560454085,-34.409771610813458],[-59.404933645360174,-34.410042037473374],[-59.404607357992475,-34.41004044979978],[-59.404611190254641,-34.409499596499813],[-59.404284905012346,-34.40949800798797],[-59.404286822155036,-34.409227581335863],[-59.404613106347419,-34.40922916983174],[-59.404615022414653,-34.408958743151572],[-59.404288739272154,-34.408957154671704],[-59.404290656363756,-34.408686727995473],[-59.404616938456364,-34.408688316459354],[-59.404622686428269,-34.407877036310268],[-59.404948965396862,-34.407878623856035],[-59.404958539590382,-34.406526489952938],[-59.405284813335527,-34.406528076548703],[-59.405288640734824,-34.405987222871026],[-59.40561491240598,-34.405988808564786],[-59.405618737603817,-34.405447954806895],[-59.405945007201005,-34.405449539598663],[-59.40594691871199,-34.405179112685666],[-59.406273187284981,-34.405180696591401],[-59.406269366336936,-34.4057215504372],[-59.406595637034805,-34.405723133504736],[-59.406597546471808,-34.405452706571964],[-59.406923816145408,-34.405454288753482],[-59.406925724507303,-34.405183861792693],[-59.407251993156621,-34.405185443088243],[-59.407253900443401,-34.404915016099459],[-59.407580168068442,-34.40491659650904],[-59.407583980466391,-34.404375742463465],[-59.408236511594041,-34.404378900608855],[-59.408240319691835,-34.40383804645144],[-59.408566583194457,-34.403839624187313],[-59.408568486155666,-34.403569197074624],[-59.408894748634019,-34.403570773924613],[-59.408896650520276,-34.403300346783972],[-59.409222911974382,-34.403301922748071],[-59.409226713571677,-34.402761068398881],[-59.409552972951957,-34.402762643461287],[-59.409556772348822,-34.402221789032104],[-59.409883029655305,-34.40222336319281],[-59.409884928266223,-34.40195293594428],[-59.410211184548466,-34.401954509219195],[-59.410213082084567,-34.401684081942754],[-59.41053933734257,-34.401685654331878],[-59.410541233803883,-34.40141522702757],[-59.410867488037653,-34.40141679853091],[-59.410871278785464,-34.400875943854423],[-59.411197530945536,-34.400877514456198],[-59.411201319493394,-34.400336659699818],[-59.411527569579789,-34.400338229400063],[-59.411529462766403,-34.40006780198798],[-59.411855711828593,-34.400069370802527],[-59.411861388088852,-34.399258088446466],[-59.412187634028029,-34.39925965634378],[-59.4121914159767,-34.398718801347847],[-59.411865172136281,-34.398717233482095],[-59.411878415508021,-34.396824240726744],[-59.411552179038004,-34.396822672101678],[-59.411555964730077,-34.396281816951699],[-59.411229730383795,-34.396280247488427],[-59.411235411880348,-34.395468964720365],[-59.410909180706945,-34.39546739443476],[-59.410912970343482,-34.394926539227335],[-59.410586741293685,-34.394924968103588],[-59.410590532927507,-34.394384112879536],[-59.410264306001274,-34.394382540917711],[-59.410266202829419,-34.394112113303414],[-59.409939976977604,-34.394110540487709],[-59.409941874829585,-34.393840112877157],[-59.409615650052174,-34.393838539207586],[-59.409617548927955,-34.393568111600835],[-59.409291325224935,-34.393566537077398],[-59.409295124998771,-34.393025681859378],[-59.408968903419243,-34.39302410649799],[-59.408972705189861,-34.392483251263442],[-59.408646485733797,-34.392481675064083],[-59.408650289501132,-34.391940819812994],[-59.408324072168433,-34.391939242775756],[-59.408329780776334,-34.391127959856242],[-59.408003566615953,-34.391126381997012],[-59.408005470483481,-34.390855954348936],[-59.407679257397447,-34.390854375636003],[-59.407681162288561,-34.390583947991743],[-59.40735495027684,-34.390582368425115],[-59.407356856191498,-34.39031194078467],[-59.407030645254117,-34.390310360364367],[-59.407032552192284,-34.390039932727795],[-59.40638013249162,-34.390036769310242],[-59.406382041502169,-34.389766341693445],[-59.4060558327389,-34.389764758696259],[-59.406057742772887,-34.389494331083327],[-59.405079119782513,-34.389489576922202],[-59.40508103293768,-34.389219149345074],[-59.404428619835961,-34.389215975588492],[-59.404430535063355,-34.388945548031238],[-59.404104329599626,-34.38894395986464],[-59.404106245850336,-34.388673532311309],[-59.403453837097203,-34.388670353401459],[-59.403455755420048,-34.388399925868072],[-59.403129552130657,-34.388398335124876],[-59.403131471476719,-34.388127907595432],[-59.402805269261719,-34.388126315998733],[-59.402807189631019,-34.387855888473247],[-59.402480988490431,-34.387854296023065],[-59.402482909882906,-34.387583868501537],[-59.402156709816701,-34.387582275197893],[-59.402160554622391,-34.38704142015073],[-59.401834356679316,-34.387039826009712],[-59.401836280092482,-34.386769398484063],[-59.401510083223791,-34.386767803489619],[-59.401512007660038,-34.386497375967984],[-59.401185811865751,-34.386495780120129],[-59.401187737325074,-34.386225352602473],[-59.400861542605128,-34.386223755901248],[-59.400863469087504,-34.385953328387608],[-59.400537275441934,-34.385951730833014],[-59.4005392029473,-34.385681303323388],[-59.399886817830648,-34.3856781056381],[-59.39988874740768,-34.385407678148596],[-59.399562555936576,-34.385406078017922],[-59.39956062531089,-34.385676505491297],[-59.399234432816861,-34.385674904475067],[-59.399232501116728,-34.385945331920269],[-59.398580114108562,-34.385942127247262],[-59.398578180285313,-34.386212554648118],[-59.398251985771168,-34.386210950991313],[-59.398250050873436,-34.386481378363975],[-59.397597659825109,-34.386478168409703],[-59.397595722804134,-34.386748595737977],[-59.397269526269966,-34.386746989440496],[-59.397267588174429,-34.387017416740498],[-59.396941390617364,-34.387015809557369],[-59.396939451447231,-34.387286236829169],[-59.396613252867247,-34.387284628760369],[-59.396611312622539,-34.38755505600389],[-59.396285113019651,-34.387553447049427],[-59.39628317170029,-34.387823874264669],[-59.395630770474554,-34.38782065371484],[-59.395628827031743,-34.388091080885609],[-59.395302625408938,-34.388089469290215],[-59.395300680891417,-34.388359896432682],[-59.394648275625933,-34.388356670600913],[-59.394644382317821,-34.388897524784682],[-59.394318177626367,-34.388895910532028],[-59.394310386503335,-34.389977618689734],[-59.394636595390274,-34.389979233007388],[-59.394632701770846,-34.390520087046319],[-59.394306490786065,-34.390518472696151],[-59.394304542888484,-34.390788899681262],[-59.393978330880735,-34.390787284445246],[-59.393972483885378,-34.391598565279352],[-59.393646268756726,-34.391596949124938],[-59.39364431865733,-34.391867376029232],[-59.392991886380059,-34.391864141078997],[-59.392989934156667,-34.392134567938676],[-59.392663717008055,-34.392132949142805],[-59.392673483109633,-34.390780814805289],[-59.392999695013408,-34.390782433519668],[-59.393005551215246,-34.389971152723419],[-59.393331759998276,-34.38997277051935],[-59.393337612819366,-34.389161489565609],[-59.39366381848177,-34.389163106443128],[-59.39366576832127,-34.388892679418134],[-59.393991972960833,-34.388894295409848],[-59.393997819176995,-34.388083014213628],[-59.394324020696054,-34.388084629287036],[-59.394325968334059,-34.387814202181218],[-59.39465216883027,-34.387815816368864],[-59.394656061930839,-34.38727496208854],[-59.395308458806021,-34.3872781877904],[-59.395310403219895,-34.387007760599651],[-59.395636600647599,-34.387009372130144],[-59.395638543986827,-34.386738944911109],[-59.395964740391712,-34.386740555555903],[-59.395966682656301,-34.386470128308588],[-59.396292878038352,-34.386471738067705],[-59.396294819228352,-34.386201310792117],[-59.396947207972623,-34.386204527669626],[-59.396949147039365,-34.385934100349573],[-59.397275340401585,-34.385935707467979],[-59.397277278393787,-34.385665280119682],[-59.39792966309831,-34.385668491715855],[-59.397931598967354,-34.385398064323155],[-59.39858398167776,-34.385401272409325],[-59.398585915423681,-34.385130844972252],[-59.398912105768893,-34.385132447695064],[-59.398914038440417,-34.384862020229775],[-59.399240227762718,-34.384863622067058],[-59.399247953996813,-34.383781912020751],[-59.398921768868931,-34.383780310247992],[-59.398927566419871,-34.382969027634942],[-59.398601384463412,-34.382967425041208],[-59.398605251465661,-34.38242656993777],[-59.398279071632018,-34.382424966506981],[-59.398288743929051,-34.381072828617931],[-59.398614918520309,-34.381074431967981],[-59.398634250697171,-34.37837015512337],[-59.398308086589594,-34.378368551934734],[-59.398311954812371,-34.377827696453288],[-59.39798579282715,-34.37782609242776],[-59.39798385768038,-34.378096520158351],[-59.397657694672652,-34.378094915247509],[-59.397655758451798,-34.378365342949891],[-59.397329594421606,-34.37836373715367],[-59.397327657126638,-34.378634164827815],[-59.396675327047092,-34.378630950595458],[-59.396673387629662,-34.378901378225159],[-59.396021055556886,-34.378898160483608],[-59.396019114016951,-34.379168588068836],[-59.395040612956883,-34.379163754888772],[-59.395038668246031,-34.379434182413284],[-59.389493815500963,-34.379406646349011],[-59.389495778033641,-34.379136219101731],[-59.38753877927369,-34.379126440612964],[-59.387540748070137,-34.378856013452094],[-59.385257591382548,-34.378844565781321],[-59.385259567490927,-34.37857413872365],[-59.385585731604806,-34.378575776696316],[-59.385587706638553,-34.378305349610066],[-59.387870848833884,-34.378316790965997],[-59.38786888113821,-34.378587218167446],[-59.39015203195661,-34.378598617048084],[-59.390150071572876,-34.378869044352228],[-59.391780899611668,-34.378877160415691],[-59.391782854753835,-34.378606733029827],[-59.393739842970241,-34.378616443524436],[-59.393741791796558,-34.378346016028722],[-59.394720283110686,-34.378350859493089],[-59.394722228766142,-34.378080431936532],[-59.395048391541096,-34.378082044670037],[-59.395050336122381,-34.377811617085165],[-59.395376497874992,-34.37781322893327],[-59.395378441382086,-34.377542801320125],[-59.396030762868463,-34.377546022376357],[-59.396032704253145,-34.377275594718697],[-59.396358863986912,-34.377277203926866],[-59.396362744582227,-34.376736348542948],[-59.397015059934382,-34.37673956428705],[-59.397016998096838,-34.376469136544614],[-59.397343154763476,-34.376470743096782],[-59.397345091851903,-34.376200315326102],[-59.39767124749617,-34.376201920992976],[-59.397677055462047,-34.37539063756001],[-59.397350902962287,-34.375389031941637],[-59.397356713840331,-34.374577748448601],[-59.397030564510757,-34.374576142009673],[-59.397040254031545,-34.373224002694116],[-59.39671410996813,-34.373222395467039],[-59.396716048842833,-34.372951967583923],[-59.395737619951795,-34.372947140737139],[-59.395735677933018,-34.373217568571647],[-59.394757246130851,-34.373212733855048],[-59.394755300942066,-34.373483161628812],[-59.390189274283891,-34.373460495976012],[-59.390191234145156,-34.373190068430489],[-59.392148095800088,-34.373199803040414],[-59.392150049347116,-34.372929375384764],[-59.394759191293709,-34.372942306069206],[-59.394761136430624,-34.372671878271312],[-59.39541342008075,-34.372675102219802],[-59.395415363095772,-34.372404674377371],[-59.396393785621186,-34.372409503733934],[-59.396395725466348,-34.372139075830816],[-59.397048005183287,-34.372142291024488],[-59.397049942906662,-34.371871863076905],[-59.396723804083244,-34.371870255930745],[-59.396725742828757,-34.371599827987296],[-59.397051880604195,-34.371601435117263],[-59.397059631136159,-34.370519723158026],[-59.39673349755239,-34.370518116092789],[-59.396739313323806,-34.369706832045217],[-59.397065443763971,-34.36970843906191],[-59.397088691951296,-34.366463301591473],[-59.397414809844065,-34.366464907545172],[-59.397416745977495,-34.366194479328037],[-59.397090629132407,-34.366192873390503],[-59.397092566287697,-34.365922445177482],[-59.397418682085146,-34.365924051098851],[-59.397428362236262,-34.364571909771847],[-59.39710225167692,-34.364570303931352],[-59.397119683751143,-34.362136448928226],[-59.397445784882777,-34.362138054623166],[-59.397457398819462,-34.360515483981125],[-59.397131303972365,-34.360513878383195],[-59.397144859722722,-34.358620878865068],[-59.398449209940672,-34.358627295592683]],[[-59.406542307594357,-34.367050378809147],[-59.405890066208912,-34.367047214622545],[-59.405888157238856,-34.367317643220922],[-59.406540400719756,-34.367320807439377],[-59.406542307594357,-34.367050378809147]],[[-59.399595372637002,-34.380808809123963],[-59.398943025422547,-34.380805606802483],[-59.398939160826401,-34.381346462083002],[-59.398612985160923,-34.381344859586072],[-59.398609118364817,-34.381885714786065],[-59.398935296127242,-34.381887317315247],[-59.398933363739033,-34.382157744913265],[-59.399259542575685,-34.382159346589276],[-59.399267267780132,-34.381077636060283],[-59.399593442448655,-34.381079236802499],[-59.399595372637002,-34.380808809123963]],[[-59.400890437144803,-34.382167341929581],[-59.400564258179578,-34.382165744600158],[-59.400560403811006,-34.382706599921086],[-59.401212765961169,-34.382709793774929],[-59.401214691061249,-34.382439366088335],[-59.400888511021869,-34.38243776961216],[-59.400890437144803,-34.382167341929581]],[[-59.399585721438086,-34.382160947395967],[-59.399259542575685,-34.382159346589276],[-59.399257611210231,-34.382429774191351],[-59.399583791121124,-34.382431375014178],[-59.399585721438086,-34.382160947395967]],[[-59.401210840835411,-34.382980221449465],[-59.400558476588195,-34.382977027563449],[-59.400556549339697,-34.383247455193732],[-59.400230366206067,-34.383245856930643],[-59.400228437883314,-34.383516284532789],[-59.401206990506942,-34.383521076762307],[-59.401210840835411,-34.382980221449465]],[[-59.413194686936919,-34.395207940461127],[-59.41254222641119,-34.395204809488689],[-59.412538447216093,-34.395745664829882],[-59.412864679564748,-34.395747230782497],[-59.412862790978657,-34.396017658450752],[-59.413189024401696,-34.396019223549374],[-59.413183361640073,-34.396830506529014],[-59.413835834857089,-34.396833634211355],[-59.413837720370957,-34.396563206532065],[-59.414163955967901,-34.396564769052816],[-59.414167724821731,-34.39602391362655],[-59.413515257849909,-34.396020787778205],[-59.41351714433759,-34.395750360078431],[-59.413190911938585,-34.395748795865345],[-59.413194686936919,-34.395207940461127]],[[-59.454187512745094,-34.412705649608121],[-59.453861212231473,-34.412704193208491],[-59.453859454397218,-34.412974622045532],[-59.454185755960943,-34.412976078459799],[-59.454187512745094,-34.412705649608121]]]}}
]
}
